source_file,muscle,channel,pulse,pulse_t_ms,win_start_ms,win_stop_ms,p2p,p2p_norm_pct,norm_mode,freq_hz,amp_ma,electrode,mode
Modulated_autosave_20260715_170032_049ms,Deltoid med. (L),L_DELmed,1,0.7942811762902124,8.794281176290212,32.359809372573324,,,none,30.0,30,2,monophasic
Modulated_autosave_20260715_170032_049ms,Deltoid med. (L),L_DELmed,2,33.359809372573324,41.359809372573324,65.71961874514665,,,none,30.0,30,2,monophasic
Modulated_autosave_20260715_170032_049ms,Deltoid med. (L),L_DELmed,3,66.71961874514665,74.71961874514665,99.07942811771997,,,none,30.0,30,2,monophasic
Modulated_autosave_20260715_170032_049ms,Deltoid med. (L),L_DELmed,4,100.07942811771997,108.07942811771997,132.43923749029685,,,none,30.0,30,2,monophasic
Modulated_autosave_20260715_170032_049ms,Deltoid med. (L),L_DELmed,5,133.43923749029685,141.43923749029685,165.79904686287017,,,none,30.0,30,2,monophasic
Modulated_autosave_20260715_170032_049ms,Deltoid med. (L),L_DELmed,6,166.79904686287017,174.79904686287017,199.1588562354435,,,none,30.0,30,2,monophasic
Modulated_autosave_20260715_170032_049ms,Deltoid med. (L),L_DELmed,7,200.1588562354435,208.1588562354435,232.51866560801682,,,none,30.0,30,2,monophasic
Modulated_autosave_20260715_170032_049ms,Deltoid med. (L),L_DELmed,8,233.51866560801682,241.51866560801682,265.8784749805937,,,none,30.0,30,2,monophasic
Modulated_autosave_20260715_170032_049ms,Deltoid med. (L),L_DELmed,9,266.8784749805937,274.8784749805937,299.23828435316705,,,none,30.0,30,2,monophasic
Modulated_autosave_20260715_170032_049ms,Deltoid med. (L),L_DELmed,10,300.23828435316705,308.23828435316705,332.59809372574034,,,none,30.0,30,2,monophasic
Modulated_autosave_20260715_170032_049ms,Deltoid med. (L),L_DELmed,1,0.7942811762902124,8.794281176290212,32.359809372573324,,,none,30.0,35,2,monophasic
Modulated_autosave_20260715_170032_049ms,Deltoid med. (L),L_DELmed,2,33.359809372573324,41.359809372573324,65.71961874514665,,,none,30.0,35,2,monophasic
Modulated_autosave_20260715_170032_049ms,Deltoid med. (L),L_DELmed,3,66.71961874514665,74.71961874514665,99.07942811771997,,,none,30.0,35,2,monophasic
Modulated_autosave_20260715_170032_049ms,Deltoid med. (L),L_DELmed,4,100.07942811771997,108.07942811771997,132.43923749029685,,,none,30.0,35,2,monophasic
Modulated_autosave_20260715_170032_049ms,Deltoid med. (L),L_DELmed,5,133.43923749029685,141.43923749029685,165.79904686287017,,,none,30.0,35,2,monophasic
Modulated_autosave_20260715_170032_049ms,Deltoid med. (L),L_DELmed,6,166.79904686287017,174.79904686287017,199.1588562354435,,,none,30.0,35,2,monophasic
Modulated_autosave_20260715_170032_049ms,Deltoid med. (L),L_DELmed,7,200.1588562354435,208.1588562354435,232.51866560801682,,,none,30.0,35,2,monophasic
Modulated_autosave_20260715_170032_049ms,Deltoid med. (L),L_DELmed,8,233.51866560801682,241.51866560801682,265.8784749805937,,,none,30.0,35,2,monophasic
Modulated_autosave_20260715_170032_049ms,Deltoid med. (L),L_DELmed,9,266.8784749805937,274.8784749805937,299.23828435316705,,,none,30.0,35,2,monophasic
Modulated_autosave_20260715_170032_049ms,Deltoid med. (L),L_DELmed,10,300.23828435316705,308.23828435316705,332.59809372574034,,,none,30.0,35,2,monophasic
Modulated_autosave_20260715_170032_049ms,Deltoid med. (L),L_DELmed,1,0.7942811762902124,8.794281176290212,32.359809372573324,,,none,30.0,40,2,monophasic
Modulated_autosave_20260715_170032_049ms,Deltoid med. (L),L_DELmed,2,33.359809372573324,41.359809372573324,65.71961874514665,,,none,30.0,40,2,monophasic
Modulated_autosave_20260715_170032_049ms,Deltoid med. (L),L_DELmed,3,66.71961874514665,74.71961874514665,99.07942811771997,,,none,30.0,40,2,monophasic
Modulated_autosave_20260715_170032_049ms,Deltoid med. (L),L_DELmed,4,100.07942811771997,108.07942811771997,132.43923749029685,,,none,30.0,40,2,monophasic
Modulated_autosave_20260715_170032_049ms,Deltoid med. (L),L_DELmed,5,133.43923749029685,141.43923749029685,165.79904686287017,,,none,30.0,40,2,monophasic
Modulated_autosave_20260715_170032_049ms,Deltoid med. (L),L_DELmed,6,166.79904686287017,174.79904686287017,199.1588562354435,,,none,30.0,40,2,monophasic
Modulated_autosave_20260715_170032_049ms,Deltoid med. (L),L_DELmed,7,200.1588562354435,208.1588562354435,232.51866560801682,,,none,30.0,40,2,monophasic
Modulated_autosave_20260715_170032_049ms,Deltoid med. (L),L_DELmed,8,233.51866560801682,241.51866560801682,265.8784749805937,,,none,30.0,40,2,monophasic
Modulated_autosave_20260715_170032_049ms,Deltoid med. (L),L_DELmed,9,266.8784749805937,274.8784749805937,299.23828435316705,,,none,30.0,40,2,monophasic
Modulated_autosave_20260715_170032_049ms,Deltoid med. (L),L_DELmed,10,300.23828435316705,308.23828435316705,332.59809372574034,,,none,30.0,40,2,monophasic
Modulated_autosave_20260715_170032_049ms,Deltoid med. (L),L_DELmed,1,0.7942811762902124,8.794281176290212,32.359809372573324,,,none,30.0,45,2,monophasic
Modulated_autosave_20260715_170032_049ms,Deltoid med. (L),L_DELmed,2,33.359809372573324,41.359809372573324,65.71961874514665,,,none,30.0,45,2,monophasic
Modulated_autosave_20260715_170032_049ms,Deltoid med. (L),L_DELmed,3,66.71961874514665,74.71961874514665,99.07942811771997,,,none,30.0,45,2,monophasic
Modulated_autosave_20260715_170032_049ms,Deltoid med. (L),L_DELmed,4,100.07942811771997,108.07942811771997,132.43923749029685,,,none,30.0,45,2,monophasic
Modulated_autosave_20260715_170032_049ms,Deltoid med. (L),L_DELmed,5,133.43923749029685,141.43923749029685,165.79904686287017,,,none,30.0,45,2,monophasic
Modulated_autosave_20260715_170032_049ms,Deltoid med. (L),L_DELmed,6,166.79904686287017,174.79904686287017,199.1588562354435,,,none,30.0,45,2,monophasic
Modulated_autosave_20260715_170032_049ms,Deltoid med. (L),L_DELmed,7,200.1588562354435,208.1588562354435,232.51866560801682,,,none,30.0,45,2,monophasic
Modulated_autosave_20260715_170032_049ms,Deltoid med. (L),L_DELmed,8,233.51866560801682,241.51866560801682,265.8784749805937,,,none,30.0,45,2,monophasic
Modulated_autosave_20260715_170032_049ms,Deltoid med. (L),L_DELmed,9,266.8784749805937,274.8784749805937,299.23828435316705,,,none,30.0,45,2,monophasic
Modulated_autosave_20260715_170032_049ms,Deltoid med. (L),L_DELmed,10,300.23828435316705,308.23828435316705,332.59809372574034,,,none,30.0,45,2,monophasic
Modulated_autosave_20260715_170032_049ms,Deltoid med. (L),L_DELmed,1,0.7942811762902124,8.794281176290212,32.359809372573324,,,none,30.0,50,2,monophasic
Modulated_autosave_20260715_170032_049ms,Deltoid med. (L),L_DELmed,2,33.359809372573324,41.359809372573324,65.71961874514665,,,none,30.0,50,2,monophasic
Modulated_autosave_20260715_170032_049ms,Deltoid med. (L),L_DELmed,3,66.71961874514665,74.71961874514665,99.07942811771997,,,none,30.0,50,2,monophasic
Modulated_autosave_20260715_170032_049ms,Deltoid med. (L),L_DELmed,4,100.07942811771997,108.07942811771997,132.43923749029685,,,none,30.0,50,2,monophasic
Modulated_autosave_20260715_170032_049ms,Deltoid med. (L),L_DELmed,5,133.43923749029685,141.43923749029685,165.79904686287017,,,none,30.0,50,2,monophasic
Modulated_autosave_20260715_170032_049ms,Deltoid med. (L),L_DELmed,6,166.79904686287017,174.79904686287017,199.1588562354435,,,none,30.0,50,2,monophasic
Modulated_autosave_20260715_170032_049ms,Deltoid med. (L),L_DELmed,7,200.1588562354435,208.1588562354435,232.51866560801682,,,none,30.0,50,2,monophasic
Modulated_autosave_20260715_170032_049ms,Deltoid med. (L),L_DELmed,8,233.51866560801682,241.51866560801682,265.8784749805937,,,none,30.0,50,2,monophasic
Modulated_autosave_20260715_170032_049ms,Deltoid med. (L),L_DELmed,9,266.8784749805937,274.8784749805937,299.23828435316705,,,none,30.0,50,2,monophasic
Modulated_autosave_20260715_170032_049ms,Deltoid med. (L),L_DELmed,10,300.23828435316705,308.23828435316705,332.59809372574034,,,none,30.0,50,2,monophasic
Modulated_autosave_20260715_170032_049ms,Deltoid med. (L),L_DELmed,1,0.7942811762902124,8.794281176290212,32.359809372573324,,,none,30.0,55,2,monophasic
Modulated_autosave_20260715_170032_049ms,Deltoid med. (L),L_DELmed,2,33.359809372573324,41.359809372573324,65.71961874514665,,,none,30.0,55,2,monophasic
Modulated_autosave_20260715_170032_049ms,Deltoid med. (L),L_DELmed,3,66.71961874514665,74.71961874514665,99.07942811771997,,,none,30.0,55,2,monophasic
Modulated_autosave_20260715_170032_049ms,Deltoid med. (L),L_DELmed,4,100.07942811771997,108.07942811771997,132.43923749029685,,,none,30.0,55,2,monophasic
Modulated_autosave_20260715_170032_049ms,Deltoid med. (L),L_DELmed,5,133.43923749029685,141.43923749029685,165.79904686287017,,,none,30.0,55,2,monophasic
Modulated_autosave_20260715_170032_049ms,Deltoid med. (L),L_DELmed,6,166.79904686287017,174.79904686287017,199.1588562354435,,,none,30.0,55,2,monophasic
Modulated_autosave_20260715_170032_049ms,Deltoid med. (L),L_DELmed,7,200.1588562354435,208.1588562354435,232.51866560801682,,,none,30.0,55,2,monophasic
Modulated_autosave_20260715_170032_049ms,Deltoid med. (L),L_DELmed,8,233.51866560801682,241.51866560801682,265.8784749805937,,,none,30.0,55,2,monophasic
Modulated_autosave_20260715_170032_049ms,Deltoid med. (L),L_DELmed,9,266.8784749805937,274.8784749805937,299.23828435316705,,,none,30.0,55,2,monophasic
Modulated_autosave_20260715_170032_049ms,Deltoid med. (L),L_DELmed,10,300.23828435316705,308.23828435316705,332.59809372574034,,,none,30.0,55,2,monophasic
Modulated_autosave_20260715_170032_049ms,Deltoid med. (L),L_DELmed,1,0.7942811762902124,8.794281176290212,32.359809372573324,,,none,30.0,60,2,monophasic
Modulated_autosave_20260715_170032_049ms,Deltoid med. (L),L_DELmed,2,33.359809372573324,41.359809372573324,65.71961874514665,,,none,30.0,60,2,monophasic
Modulated_autosave_20260715_170032_049ms,Deltoid med. (L),L_DELmed,3,66.71961874514665,74.71961874514665,99.07942811771997,,,none,30.0,60,2,monophasic
Modulated_autosave_20260715_170032_049ms,Deltoid med. (L),L_DELmed,4,100.07942811771997,108.07942811771997,132.43923749029685,,,none,30.0,60,2,monophasic
Modulated_autosave_20260715_170032_049ms,Deltoid med. (L),L_DELmed,5,133.43923749029685,141.43923749029685,165.79904686287017,,,none,30.0,60,2,monophasic
Modulated_autosave_20260715_170032_049ms,Deltoid med. (L),L_DELmed,6,166.79904686287017,174.79904686287017,199.1588562354435,,,none,30.0,60,2,monophasic
Modulated_autosave_20260715_170032_049ms,Deltoid med. (L),L_DELmed,7,200.1588562354435,208.1588562354435,232.51866560801682,,,none,30.0,60,2,monophasic
Modulated_autosave_20260715_170032_049ms,Deltoid med. (L),L_DELmed,8,233.51866560801682,241.51866560801682,265.8784749805937,,,none,30.0,60,2,monophasic
Modulated_autosave_20260715_170032_049ms,Deltoid med. (L),L_DELmed,9,266.8784749805937,274.8784749805937,299.23828435316705,,,none,30.0,60,2,monophasic
Modulated_autosave_20260715_170032_049ms,Deltoid med. (L),L_DELmed,10,300.23828435316705,308.23828435316705,332.59809372574034,,,none,30.0,60,2,monophasic
Modulated_autosave_20260715_170032_049ms,Deltoid med. (L),L_DELmed,1,0.7942811762902124,8.794281176290212,32.359809372573324,,,none,30.0,65,2,monophasic
Modulated_autosave_20260715_170032_049ms,Deltoid med. (L),L_DELmed,2,33.359809372573324,41.359809372573324,65.71961874514665,,,none,30.0,65,2,monophasic
Modulated_autosave_20260715_170032_049ms,Deltoid med. (L),L_DELmed,3,66.71961874514665,74.71961874514665,99.07942811771997,,,none,30.0,65,2,monophasic
Modulated_autosave_20260715_170032_049ms,Deltoid med. (L),L_DELmed,4,100.07942811771997,108.07942811771997,132.43923749029685,,,none,30.0,65,2,monophasic
Modulated_autosave_20260715_170032_049ms,Deltoid med. (L),L_DELmed,5,133.43923749029685,141.43923749029685,165.79904686287017,,,none,30.0,65,2,monophasic
Modulated_autosave_20260715_170032_049ms,Deltoid med. (L),L_DELmed,6,166.79904686287017,174.79904686287017,199.1588562354435,,,none,30.0,65,2,monophasic
Modulated_autosave_20260715_170032_049ms,Deltoid med. (L),L_DELmed,7,200.1588562354435,208.1588562354435,232.51866560801682,,,none,30.0,65,2,monophasic
Modulated_autosave_20260715_170032_049ms,Deltoid med. (L),L_DELmed,8,233.51866560801682,241.51866560801682,265.8784749805937,,,none,30.0,65,2,monophasic
Modulated_autosave_20260715_170032_049ms,Deltoid med. (L),L_DELmed,9,266.8784749805937,274.8784749805937,299.23828435316705,,,none,30.0,65,2,monophasic
Modulated_autosave_20260715_170032_049ms,Deltoid med. (L),L_DELmed,10,300.23828435316705,308.23828435316705,332.59809372574034,,,none,30.0,65,2,monophasic
Modulated_autosave_20260715_170032_049ms,Deltoid med. (L),L_DELmed,1,0.7942811762902124,8.794281176290212,32.359809372573324,,,none,30.0,70,2,monophasic
Modulated_autosave_20260715_170032_049ms,Deltoid med. (L),L_DELmed,2,33.359809372573324,41.359809372573324,65.71961874514665,,,none,30.0,70,2,monophasic
Modulated_autosave_20260715_170032_049ms,Deltoid med. (L),L_DELmed,3,66.71961874514665,74.71961874514665,99.07942811771997,,,none,30.0,70,2,monophasic
Modulated_autosave_20260715_170032_049ms,Deltoid med. (L),L_DELmed,4,100.07942811771997,108.07942811771997,132.43923749029685,,,none,30.0,70,2,monophasic
Modulated_autosave_20260715_170032_049ms,Deltoid med. (L),L_DELmed,5,133.43923749029685,141.43923749029685,165.79904686287017,,,none,30.0,70,2,monophasic
Modulated_autosave_20260715_170032_049ms,Deltoid med. (L),L_DELmed,6,166.79904686287017,174.79904686287017,199.1588562354435,,,none,30.0,70,2,monophasic
Modulated_autosave_20260715_170032_049ms,Deltoid med. (L),L_DELmed,7,200.1588562354435,208.1588562354435,232.51866560801682,,,none,30.0,70,2,monophasic
Modulated_autosave_20260715_170032_049ms,Deltoid med. (L),L_DELmed,8,233.51866560801682,241.51866560801682,265.8784749805937,,,none,30.0,70,2,monophasic
Modulated_autosave_20260715_170032_049ms,Deltoid med. (L),L_DELmed,9,266.8784749805937,274.8784749805937,299.23828435316705,,,none,30.0,70,2,monophasic
Modulated_autosave_20260715_170032_049ms,Deltoid med. (L),L_DELmed,10,300.23828435316705,308.23828435316705,332.59809372574034,,,none,30.0,70,2,monophasic
Modulated_autosave_20260715_170032_049ms,Deltoid med. (L),L_DELmed,1,0.7942811762902124,8.794281176290212,32.359809372573324,,,none,30.0,75,2,monophasic
Modulated_autosave_20260715_170032_049ms,Deltoid med. (L),L_DELmed,2,33.359809372573324,41.359809372573324,65.71961874514665,,,none,30.0,75,2,monophasic
Modulated_autosave_20260715_170032_049ms,Deltoid med. (L),L_DELmed,3,66.71961874514665,74.71961874514665,99.07942811771997,,,none,30.0,75,2,monophasic
Modulated_autosave_20260715_170032_049ms,Deltoid med. (L),L_DELmed,4,100.07942811771997,108.07942811771997,132.43923749029685,,,none,30.0,75,2,monophasic
Modulated_autosave_20260715_170032_049ms,Deltoid med. (L),L_DELmed,5,133.43923749029685,141.43923749029685,165.79904686287017,,,none,30.0,75,2,monophasic
Modulated_autosave_20260715_170032_049ms,Deltoid med. (L),L_DELmed,6,166.79904686287017,174.79904686287017,199.1588562354435,,,none,30.0,75,2,monophasic
Modulated_autosave_20260715_170032_049ms,Deltoid med. (L),L_DELmed,7,200.1588562354435,208.1588562354435,232.51866560801682,,,none,30.0,75,2,monophasic
Modulated_autosave_20260715_170032_049ms,Deltoid med. (L),L_DELmed,8,233.51866560801682,241.51866560801682,265.8784749805937,,,none,30.0,75,2,monophasic
Modulated_autosave_20260715_170032_049ms,Deltoid med. (L),L_DELmed,9,266.8784749805937,274.8784749805937,299.23828435316705,,,none,30.0,75,2,monophasic
Modulated_autosave_20260715_170032_049ms,Deltoid med. (L),L_DELmed,10,300.23828435316705,308.23828435316705,332.59809372574034,,,none,30.0,75,2,monophasic
Modulated_autosave_20260715_170032_049ms,Deltoid med. (L),L_DELmed,1,0.7942811762902124,8.794281176290212,32.359809372573324,,,none,30.0,80,2,monophasic
Modulated_autosave_20260715_170032_049ms,Deltoid med. (L),L_DELmed,2,33.359809372573324,41.359809372573324,65.71961874514665,,,none,30.0,80,2,monophasic
Modulated_autosave_20260715_170032_049ms,Deltoid med. (L),L_DELmed,3,66.71961874514665,74.71961874514665,99.07942811771997,,,none,30.0,80,2,monophasic
Modulated_autosave_20260715_170032_049ms,Deltoid med. (L),L_DELmed,4,100.07942811771997,108.07942811771997,132.43923749029685,,,none,30.0,80,2,monophasic
Modulated_autosave_20260715_170032_049ms,Deltoid med. (L),L_DELmed,5,133.43923749029685,141.43923749029685,165.79904686287017,,,none,30.0,80,2,monophasic
Modulated_autosave_20260715_170032_049ms,Deltoid med. (L),L_DELmed,6,166.79904686287017,174.79904686287017,199.1588562354435,,,none,30.0,80,2,monophasic
Modulated_autosave_20260715_170032_049ms,Deltoid med. (L),L_DELmed,7,200.1588562354435,208.1588562354435,232.51866560801682,,,none,30.0,80,2,monophasic
Modulated_autosave_20260715_170032_049ms,Deltoid med. (L),L_DELmed,8,233.51866560801682,241.51866560801682,265.8784749805937,,,none,30.0,80,2,monophasic
Modulated_autosave_20260715_170032_049ms,Deltoid med. (L),L_DELmed,9,266.8784749805937,274.8784749805937,299.23828435316705,,,none,30.0,80,2,monophasic
Modulated_autosave_20260715_170032_049ms,Deltoid med. (L),L_DELmed,10,300.23828435316705,308.23828435316705,332.59809372574034,,,none,30.0,80,2,monophasic
Modulated_autosave_20260715_170032_049ms,Deltoid med. (L),L_DELmed,1,0.7942811762902124,8.794281176290212,32.359809372573324,,,none,30.0,85,2,monophasic
Modulated_autosave_20260715_170032_049ms,Deltoid med. (L),L_DELmed,2,33.359809372573324,41.359809372573324,65.71961874514665,,,none,30.0,85,2,monophasic
Modulated_autosave_20260715_170032_049ms,Deltoid med. (L),L_DELmed,3,66.71961874514665,74.71961874514665,99.07942811771997,,,none,30.0,85,2,monophasic
Modulated_autosave_20260715_170032_049ms,Deltoid med. (L),L_DELmed,4,100.07942811771997,108.07942811771997,132.43923749029685,,,none,30.0,85,2,monophasic
Modulated_autosave_20260715_170032_049ms,Deltoid med. (L),L_DELmed,5,133.43923749029685,141.43923749029685,165.79904686287017,,,none,30.0,85,2,monophasic
Modulated_autosave_20260715_170032_049ms,Deltoid med. (L),L_DELmed,6,166.79904686287017,174.79904686287017,199.1588562354435,,,none,30.0,85,2,monophasic
Modulated_autosave_20260715_170032_049ms,Deltoid med. (L),L_DELmed,7,200.1588562354435,208.1588562354435,232.51866560801682,,,none,30.0,85,2,monophasic
Modulated_autosave_20260715_170032_049ms,Deltoid med. (L),L_DELmed,8,233.51866560801682,241.51866560801682,265.8784749805937,,,none,30.0,85,2,monophasic
Modulated_autosave_20260715_170032_049ms,Deltoid med. (L),L_DELmed,9,266.8784749805937,274.8784749805937,299.23828435316705,,,none,30.0,85,2,monophasic
Modulated_autosave_20260715_170032_049ms,Deltoid med. (L),L_DELmed,10,300.23828435316705,308.23828435316705,332.59809372574034,,,none,30.0,85,2,monophasic
Modulated_autosave_20260715_170032_049ms,Deltoid med. (L),L_DELmed,1,0.7942811762902124,8.794281176290212,32.359809372573324,,,none,30.0,90,2,monophasic
Modulated_autosave_20260715_170032_049ms,Deltoid med. (L),L_DELmed,2,33.359809372573324,41.359809372573324,65.71961874514665,,,none,30.0,90,2,monophasic
Modulated_autosave_20260715_170032_049ms,Deltoid med. (L),L_DELmed,3,66.71961874514665,74.71961874514665,99.07942811771997,,,none,30.0,90,2,monophasic
Modulated_autosave_20260715_170032_049ms,Deltoid med. (L),L_DELmed,4,100.07942811771997,108.07942811771997,132.43923749029685,,,none,30.0,90,2,monophasic
Modulated_autosave_20260715_170032_049ms,Deltoid med. (L),L_DELmed,5,133.43923749029685,141.43923749029685,165.79904686287017,,,none,30.0,90,2,monophasic
Modulated_autosave_20260715_170032_049ms,Deltoid med. (L),L_DELmed,6,166.79904686287017,174.79904686287017,199.1588562354435,,,none,30.0,90,2,monophasic
Modulated_autosave_20260715_170032_049ms,Deltoid med. (L),L_DELmed,7,200.1588562354435,208.1588562354435,232.51866560801682,,,none,30.0,90,2,monophasic
Modulated_autosave_20260715_170032_049ms,Deltoid med. (L),L_DELmed,8,233.51866560801682,241.51866560801682,265.8784749805937,,,none,30.0,90,2,monophasic
Modulated_autosave_20260715_170032_049ms,Deltoid med. (L),L_DELmed,9,266.8784749805937,274.8784749805937,299.23828435316705,,,none,30.0,90,2,monophasic
Modulated_autosave_20260715_170032_049ms,Deltoid med. (L),L_DELmed,10,300.23828435316705,308.23828435316705,332.59809372574034,,,none,30.0,90,2,monophasic
Modulated_autosave_20260715_170032_049ms,Deltoid med. (L),L_DELmed,1,0.7942811762902124,8.794281176290212,32.359809372573324,,,none,30.0,95,2,monophasic
Modulated_autosave_20260715_170032_049ms,Deltoid med. (L),L_DELmed,2,33.359809372573324,41.359809372573324,65.71961874514665,,,none,30.0,95,2,monophasic
Modulated_autosave_20260715_170032_049ms,Deltoid med. (L),L_DELmed,3,66.71961874514665,74.71961874514665,99.07942811771997,,,none,30.0,95,2,monophasic
Modulated_autosave_20260715_170032_049ms,Deltoid med. (L),L_DELmed,4,100.07942811771997,108.07942811771997,132.43923749029685,,,none,30.0,95,2,monophasic
Modulated_autosave_20260715_170032_049ms,Deltoid med. (L),L_DELmed,5,133.43923749029685,141.43923749029685,165.79904686287017,,,none,30.0,95,2,monophasic
Modulated_autosave_20260715_170032_049ms,Deltoid med. (L),L_DELmed,6,166.79904686287017,174.79904686287017,199.1588562354435,,,none,30.0,95,2,monophasic
Modulated_autosave_20260715_170032_049ms,Deltoid med. (L),L_DELmed,7,200.1588562354435,208.1588562354435,232.51866560801682,,,none,30.0,95,2,monophasic
Modulated_autosave_20260715_170032_049ms,Deltoid med. (L),L_DELmed,8,233.51866560801682,241.51866560801682,265.8784749805937,,,none,30.0,95,2,monophasic
Modulated_autosave_20260715_170032_049ms,Deltoid med. (L),L_DELmed,9,266.8784749805937,274.8784749805937,299.23828435316705,,,none,30.0,95,2,monophasic
Modulated_autosave_20260715_170032_049ms,Deltoid med. (L),L_DELmed,10,300.23828435316705,308.23828435316705,332.59809372574034,,,none,30.0,95,2,monophasic
Modulated_autosave_20260715_170032_049ms,Deltoid med. (L),L_DELmed,1,0.7942811762902124,8.794281176290212,32.359809372573324,,,none,30.0,100,2,monophasic
Modulated_autosave_20260715_170032_049ms,Deltoid med. (L),L_DELmed,2,33.359809372573324,41.359809372573324,65.71961874514665,,,none,30.0,100,2,monophasic
Modulated_autosave_20260715_170032_049ms,Deltoid med. (L),L_DELmed,3,66.71961874514665,74.71961874514665,99.07942811771997,,,none,30.0,100,2,monophasic
Modulated_autosave_20260715_170032_049ms,Deltoid med. (L),L_DELmed,4,100.07942811771997,108.07942811771997,132.43923749029685,,,none,30.0,100,2,monophasic
Modulated_autosave_20260715_170032_049ms,Deltoid med. (L),L_DELmed,5,133.43923749029685,141.43923749029685,165.79904686287017,,,none,30.0,100,2,monophasic
Modulated_autosave_20260715_170032_049ms,Deltoid med. (L),L_DELmed,6,166.79904686287017,174.79904686287017,199.1588562354435,,,none,30.0,100,2,monophasic
Modulated_autosave_20260715_170032_049ms,Deltoid med. (L),L_DELmed,7,200.1588562354435,208.1588562354435,232.51866560801682,,,none,30.0,100,2,monophasic
Modulated_autosave_20260715_170032_049ms,Deltoid med. (L),L_DELmed,8,233.51866560801682,241.51866560801682,265.8784749805937,,,none,30.0,100,2,monophasic
Modulated_autosave_20260715_170032_049ms,Deltoid med. (L),L_DELmed,9,266.8784749805937,274.8784749805937,299.23828435316705,,,none,30.0,100,2,monophasic
Modulated_autosave_20260715_170032_049ms,Deltoid med. (L),L_DELmed,10,300.23828435316705,308.23828435316705,332.59809372574034,,,none,30.0,100,2,monophasic
Modulated_autosave_20260715_170032_049ms,Deltoid med. (L),L_DELmed,1,0.7942811762902124,8.794281176290212,32.359809372573324,,,none,30.0,105,2,monophasic
Modulated_autosave_20260715_170032_049ms,Deltoid med. (L),L_DELmed,2,33.359809372573324,41.359809372573324,65.71961874514665,,,none,30.0,105,2,monophasic
Modulated_autosave_20260715_170032_049ms,Deltoid med. (L),L_DELmed,3,66.71961874514665,74.71961874514665,99.07942811771997,,,none,30.0,105,2,monophasic
Modulated_autosave_20260715_170032_049ms,Deltoid med. (L),L_DELmed,4,100.07942811771997,108.07942811771997,132.43923749029685,,,none,30.0,105,2,monophasic
Modulated_autosave_20260715_170032_049ms,Deltoid med. (L),L_DELmed,5,133.43923749029685,141.43923749029685,165.79904686287017,,,none,30.0,105,2,monophasic
Modulated_autosave_20260715_170032_049ms,Deltoid med. (L),L_DELmed,6,166.79904686287017,174.79904686287017,199.1588562354435,,,none,30.0,105,2,monophasic
Modulated_autosave_20260715_170032_049ms,Deltoid med. (L),L_DELmed,7,200.1588562354435,208.1588562354435,232.51866560801682,,,none,30.0,105,2,monophasic
Modulated_autosave_20260715_170032_049ms,Deltoid med. (L),L_DELmed,8,233.51866560801682,241.51866560801682,265.8784749805937,,,none,30.0,105,2,monophasic
Modulated_autosave_20260715_170032_049ms,Deltoid med. (L),L_DELmed,9,266.8784749805937,274.8784749805937,299.23828435316705,,,none,30.0,105,2,monophasic
Modulated_autosave_20260715_170032_049ms,Deltoid med. (L),L_DELmed,10,300.23828435316705,308.23828435316705,332.59809372574034,,,none,30.0,105,2,monophasic
Modulated_autosave_20260715_170032_049ms,Deltoid med. (L),L_DELmed,1,0.7942811762902124,8.794281176290212,32.359809372573324,,,none,30.0,110,2,monophasic
Modulated_autosave_20260715_170032_049ms,Deltoid med. (L),L_DELmed,2,33.359809372573324,41.359809372573324,65.71961874514665,,,none,30.0,110,2,monophasic
Modulated_autosave_20260715_170032_049ms,Deltoid med. (L),L_DELmed,3,66.71961874514665,74.71961874514665,99.07942811771997,,,none,30.0,110,2,monophasic
Modulated_autosave_20260715_170032_049ms,Deltoid med. (L),L_DELmed,4,100.07942811771997,108.07942811771997,132.43923749029685,,,none,30.0,110,2,monophasic
Modulated_autosave_20260715_170032_049ms,Deltoid med. (L),L_DELmed,5,133.43923749029685,141.43923749029685,165.79904686287017,,,none,30.0,110,2,monophasic
Modulated_autosave_20260715_170032_049ms,Deltoid med. (L),L_DELmed,6,166.79904686287017,174.79904686287017,199.1588562354435,,,none,30.0,110,2,monophasic
Modulated_autosave_20260715_170032_049ms,Deltoid med. (L),L_DELmed,7,200.1588562354435,208.1588562354435,232.51866560801682,,,none,30.0,110,2,monophasic
Modulated_autosave_20260715_170032_049ms,Deltoid med. (L),L_DELmed,8,233.51866560801682,241.51866560801682,265.8784749805937,,,none,30.0,110,2,monophasic
Modulated_autosave_20260715_170032_049ms,Deltoid med. (L),L_DELmed,9,266.8784749805937,274.8784749805937,299.23828435316705,,,none,30.0,110,2,monophasic
Modulated_autosave_20260715_170032_049ms,Deltoid med. (L),L_DELmed,10,300.23828435316705,308.23828435316705,332.59809372574034,,,none,30.0,110,2,monophasic
Modulated_autosave_20260715_170032_049ms,Deltoid med. (L),L_DELmed,1,0.7942811762902124,8.794281176290212,32.359809372573324,,,none,30.0,115,2,monophasic
Modulated_autosave_20260715_170032_049ms,Deltoid med. (L),L_DELmed,2,33.359809372573324,41.359809372573324,65.71961874514665,,,none,30.0,115,2,monophasic
Modulated_autosave_20260715_170032_049ms,Deltoid med. (L),L_DELmed,3,66.71961874514665,74.71961874514665,99.07942811771997,,,none,30.0,115,2,monophasic
Modulated_autosave_20260715_170032_049ms,Deltoid med. (L),L_DELmed,4,100.07942811771997,108.07942811771997,132.43923749029685,,,none,30.0,115,2,monophasic
Modulated_autosave_20260715_170032_049ms,Deltoid med. (L),L_DELmed,5,133.43923749029685,141.43923749029685,165.79904686287017,,,none,30.0,115,2,monophasic
Modulated_autosave_20260715_170032_049ms,Deltoid med. (L),L_DELmed,6,166.79904686287017,174.79904686287017,199.1588562354435,,,none,30.0,115,2,monophasic
Modulated_autosave_20260715_170032_049ms,Deltoid med. (L),L_DELmed,7,200.1588562354435,208.1588562354435,232.51866560801682,,,none,30.0,115,2,monophasic
Modulated_autosave_20260715_170032_049ms,Deltoid med. (L),L_DELmed,8,233.51866560801682,241.51866560801682,265.8784749805937,,,none,30.0,115,2,monophasic
Modulated_autosave_20260715_170032_049ms,Deltoid med. (L),L_DELmed,9,266.8784749805937,274.8784749805937,299.23828435316705,,,none,30.0,115,2,monophasic
Modulated_autosave_20260715_170032_049ms,Deltoid med. (L),L_DELmed,10,300.23828435316705,308.23828435316705,332.59809372574034,,,none,30.0,115,2,monophasic
Modulated_autosave_20260715_170032_049ms,Deltoid med. (L),L_DELmed,1,0.7942811762902124,8.794281176290212,32.359809372573324,,,none,30.0,120,2,monophasic
Modulated_autosave_20260715_170032_049ms,Deltoid med. (L),L_DELmed,2,33.359809372573324,41.359809372573324,65.71961874514665,,,none,30.0,120,2,monophasic
Modulated_autosave_20260715_170032_049ms,Deltoid med. (L),L_DELmed,3,66.71961874514665,74.71961874514665,99.07942811771997,,,none,30.0,120,2,monophasic
Modulated_autosave_20260715_170032_049ms,Deltoid med. (L),L_DELmed,4,100.07942811771997,108.07942811771997,132.43923749029685,,,none,30.0,120,2,monophasic
Modulated_autosave_20260715_170032_049ms,Deltoid med. (L),L_DELmed,5,133.43923749029685,141.43923749029685,165.79904686287017,,,none,30.0,120,2,monophasic
Modulated_autosave_20260715_170032_049ms,Deltoid med. (L),L_DELmed,6,166.79904686287017,174.79904686287017,199.1588562354435,,,none,30.0,120,2,monophasic
Modulated_autosave_20260715_170032_049ms,Deltoid med. (L),L_DELmed,7,200.1588562354435,208.1588562354435,232.51866560801682,,,none,30.0,120,2,monophasic
Modulated_autosave_20260715_170032_049ms,Deltoid med. (L),L_DELmed,8,233.51866560801682,241.51866560801682,265.8784749805937,,,none,30.0,120,2,monophasic
Modulated_autosave_20260715_170032_049ms,Deltoid med. (L),L_DELmed,9,266.8784749805937,274.8784749805937,299.23828435316705,,,none,30.0,120,2,monophasic
Modulated_autosave_20260715_170032_049ms,Deltoid med. (L),L_DELmed,10,300.23828435316705,308.23828435316705,332.59809372574034,,,none,30.0,120,2,monophasic
Modulated_autosave_20260715_170032_049ms,Deltoid med. (L),L_DELmed,1,0.7942811762902124,8.794281176290212,32.359809372573324,,,none,30.0,125,2,monophasic
Modulated_autosave_20260715_170032_049ms,Deltoid med. (L),L_DELmed,2,33.359809372573324,41.359809372573324,65.71961874514665,,,none,30.0,125,2,monophasic
Modulated_autosave_20260715_170032_049ms,Deltoid med. (L),L_DELmed,3,66.71961874514665,74.71961874514665,99.07942811771997,,,none,30.0,125,2,monophasic
Modulated_autosave_20260715_170032_049ms,Deltoid med. (L),L_DELmed,4,100.07942811771997,108.07942811771997,132.43923749029685,,,none,30.0,125,2,monophasic
Modulated_autosave_20260715_170032_049ms,Deltoid med. (L),L_DELmed,5,133.43923749029685,141.43923749029685,165.79904686287017,,,none,30.0,125,2,monophasic
Modulated_autosave_20260715_170032_049ms,Deltoid med. (L),L_DELmed,6,166.79904686287017,174.79904686287017,199.1588562354435,,,none,30.0,125,2,monophasic
Modulated_autosave_20260715_170032_049ms,Deltoid med. (L),L_DELmed,7,200.1588562354435,208.1588562354435,232.51866560801682,,,none,30.0,125,2,monophasic
Modulated_autosave_20260715_170032_049ms,Deltoid med. (L),L_DELmed,8,233.51866560801682,241.51866560801682,265.8784749805937,,,none,30.0,125,2,monophasic
Modulated_autosave_20260715_170032_049ms,Deltoid med. (L),L_DELmed,9,266.8784749805937,274.8784749805937,299.23828435316705,,,none,30.0,125,2,monophasic
Modulated_autosave_20260715_170032_049ms,Deltoid med. (L),L_DELmed,10,300.23828435316705,308.23828435316705,332.59809372574034,,,none,30.0,125,2,monophasic
Modulated_autosave_20260715_170032_049ms,Biceps (L),L_BB,1,0.7942811762902124,8.794281176290212,32.359809372573324,,,none,30.0,30,2,monophasic
Modulated_autosave_20260715_170032_049ms,Biceps (L),L_BB,2,33.359809372573324,41.359809372573324,65.71961874514665,,,none,30.0,30,2,monophasic
Modulated_autosave_20260715_170032_049ms,Biceps (L),L_BB,3,66.71961874514665,74.71961874514665,99.07942811771997,,,none,30.0,30,2,monophasic
Modulated_autosave_20260715_170032_049ms,Biceps (L),L_BB,4,100.07942811771997,108.07942811771997,132.43923749029685,,,none,30.0,30,2,monophasic
Modulated_autosave_20260715_170032_049ms,Biceps (L),L_BB,5,133.43923749029685,141.43923749029685,165.79904686287017,,,none,30.0,30,2,monophasic
Modulated_autosave_20260715_170032_049ms,Biceps (L),L_BB,6,166.79904686287017,174.79904686287017,199.1588562354435,,,none,30.0,30,2,monophasic
Modulated_autosave_20260715_170032_049ms,Biceps (L),L_BB,7,200.1588562354435,208.1588562354435,232.51866560801682,,,none,30.0,30,2,monophasic
Modulated_autosave_20260715_170032_049ms,Biceps (L),L_BB,8,233.51866560801682,241.51866560801682,265.8784749805937,,,none,30.0,30,2,monophasic
Modulated_autosave_20260715_170032_049ms,Biceps (L),L_BB,9,266.8784749805937,274.8784749805937,299.23828435316705,,,none,30.0,30,2,monophasic
Modulated_autosave_20260715_170032_049ms,Biceps (L),L_BB,10,300.23828435316705,308.23828435316705,332.59809372574034,,,none,30.0,30,2,monophasic
Modulated_autosave_20260715_170032_049ms,Biceps (L),L_BB,1,0.7942811762902124,8.794281176290212,32.359809372573324,,,none,30.0,35,2,monophasic
Modulated_autosave_20260715_170032_049ms,Biceps (L),L_BB,2,33.359809372573324,41.359809372573324,65.71961874514665,,,none,30.0,35,2,monophasic
Modulated_autosave_20260715_170032_049ms,Biceps (L),L_BB,3,66.71961874514665,74.71961874514665,99.07942811771997,,,none,30.0,35,2,monophasic
Modulated_autosave_20260715_170032_049ms,Biceps (L),L_BB,4,100.07942811771997,108.07942811771997,132.43923749029685,,,none,30.0,35,2,monophasic
Modulated_autosave_20260715_170032_049ms,Biceps (L),L_BB,5,133.43923749029685,141.43923749029685,165.79904686287017,,,none,30.0,35,2,monophasic
Modulated_autosave_20260715_170032_049ms,Biceps (L),L_BB,6,166.79904686287017,174.79904686287017,199.1588562354435,,,none,30.0,35,2,monophasic
Modulated_autosave_20260715_170032_049ms,Biceps (L),L_BB,7,200.1588562354435,208.1588562354435,232.51866560801682,,,none,30.0,35,2,monophasic
Modulated_autosave_20260715_170032_049ms,Biceps (L),L_BB,8,233.51866560801682,241.51866560801682,265.8784749805937,,,none,30.0,35,2,monophasic
Modulated_autosave_20260715_170032_049ms,Biceps (L),L_BB,9,266.8784749805937,274.8784749805937,299.23828435316705,,,none,30.0,35,2,monophasic
Modulated_autosave_20260715_170032_049ms,Biceps (L),L_BB,10,300.23828435316705,308.23828435316705,332.59809372574034,,,none,30.0,35,2,monophasic
Modulated_autosave_20260715_170032_049ms,Biceps (L),L_BB,1,0.7942811762902124,8.794281176290212,32.359809372573324,,,none,30.0,40,2,monophasic
Modulated_autosave_20260715_170032_049ms,Biceps (L),L_BB,2,33.359809372573324,41.359809372573324,65.71961874514665,,,none,30.0,40,2,monophasic
Modulated_autosave_20260715_170032_049ms,Biceps (L),L_BB,3,66.71961874514665,74.71961874514665,99.07942811771997,,,none,30.0,40,2,monophasic
Modulated_autosave_20260715_170032_049ms,Biceps (L),L_BB,4,100.07942811771997,108.07942811771997,132.43923749029685,,,none,30.0,40,2,monophasic
Modulated_autosave_20260715_170032_049ms,Biceps (L),L_BB,5,133.43923749029685,141.43923749029685,165.79904686287017,,,none,30.0,40,2,monophasic
Modulated_autosave_20260715_170032_049ms,Biceps (L),L_BB,6,166.79904686287017,174.79904686287017,199.1588562354435,,,none,30.0,40,2,monophasic
Modulated_autosave_20260715_170032_049ms,Biceps (L),L_BB,7,200.1588562354435,208.1588562354435,232.51866560801682,,,none,30.0,40,2,monophasic
Modulated_autosave_20260715_170032_049ms,Biceps (L),L_BB,8,233.51866560801682,241.51866560801682,265.8784749805937,,,none,30.0,40,2,monophasic
Modulated_autosave_20260715_170032_049ms,Biceps (L),L_BB,9,266.8784749805937,274.8784749805937,299.23828435316705,,,none,30.0,40,2,monophasic
Modulated_autosave_20260715_170032_049ms,Biceps (L),L_BB,10,300.23828435316705,308.23828435316705,332.59809372574034,,,none,30.0,40,2,monophasic
Modulated_autosave_20260715_170032_049ms,Biceps (L),L_BB,1,0.7942811762902124,8.794281176290212,32.359809372573324,,,none,30.0,45,2,monophasic
Modulated_autosave_20260715_170032_049ms,Biceps (L),L_BB,2,33.359809372573324,41.359809372573324,65.71961874514665,,,none,30.0,45,2,monophasic
Modulated_autosave_20260715_170032_049ms,Biceps (L),L_BB,3,66.71961874514665,74.71961874514665,99.07942811771997,,,none,30.0,45,2,monophasic
Modulated_autosave_20260715_170032_049ms,Biceps (L),L_BB,4,100.07942811771997,108.07942811771997,132.43923749029685,,,none,30.0,45,2,monophasic
Modulated_autosave_20260715_170032_049ms,Biceps (L),L_BB,5,133.43923749029685,141.43923749029685,165.79904686287017,,,none,30.0,45,2,monophasic
Modulated_autosave_20260715_170032_049ms,Biceps (L),L_BB,6,166.79904686287017,174.79904686287017,199.1588562354435,,,none,30.0,45,2,monophasic
Modulated_autosave_20260715_170032_049ms,Biceps (L),L_BB,7,200.1588562354435,208.1588562354435,232.51866560801682,,,none,30.0,45,2,monophasic
Modulated_autosave_20260715_170032_049ms,Biceps (L),L_BB,8,233.51866560801682,241.51866560801682,265.8784749805937,,,none,30.0,45,2,monophasic
Modulated_autosave_20260715_170032_049ms,Biceps (L),L_BB,9,266.8784749805937,274.8784749805937,299.23828435316705,,,none,30.0,45,2,monophasic
Modulated_autosave_20260715_170032_049ms,Biceps (L),L_BB,10,300.23828435316705,308.23828435316705,332.59809372574034,,,none,30.0,45,2,monophasic
Modulated_autosave_20260715_170032_049ms,Biceps (L),L_BB,1,0.7942811762902124,8.794281176290212,32.359809372573324,,,none,30.0,50,2,monophasic
Modulated_autosave_20260715_170032_049ms,Biceps (L),L_BB,2,33.359809372573324,41.359809372573324,65.71961874514665,,,none,30.0,50,2,monophasic
Modulated_autosave_20260715_170032_049ms,Biceps (L),L_BB,3,66.71961874514665,74.71961874514665,99.07942811771997,,,none,30.0,50,2,monophasic
Modulated_autosave_20260715_170032_049ms,Biceps (L),L_BB,4,100.07942811771997,108.07942811771997,132.43923749029685,,,none,30.0,50,2,monophasic
Modulated_autosave_20260715_170032_049ms,Biceps (L),L_BB,5,133.43923749029685,141.43923749029685,165.79904686287017,,,none,30.0,50,2,monophasic
Modulated_autosave_20260715_170032_049ms,Biceps (L),L_BB,6,166.79904686287017,174.79904686287017,199.1588562354435,,,none,30.0,50,2,monophasic
Modulated_autosave_20260715_170032_049ms,Biceps (L),L_BB,7,200.1588562354435,208.1588562354435,232.51866560801682,,,none,30.0,50,2,monophasic
Modulated_autosave_20260715_170032_049ms,Biceps (L),L_BB,8,233.51866560801682,241.51866560801682,265.8784749805937,,,none,30.0,50,2,monophasic
Modulated_autosave_20260715_170032_049ms,Biceps (L),L_BB,9,266.8784749805937,274.8784749805937,299.23828435316705,,,none,30.0,50,2,monophasic
Modulated_autosave_20260715_170032_049ms,Biceps (L),L_BB,10,300.23828435316705,308.23828435316705,332.59809372574034,,,none,30.0,50,2,monophasic
Modulated_autosave_20260715_170032_049ms,Biceps (L),L_BB,1,0.7942811762902124,8.794281176290212,32.359809372573324,,,none,30.0,55,2,monophasic
Modulated_autosave_20260715_170032_049ms,Biceps (L),L_BB,2,33.359809372573324,41.359809372573324,65.71961874514665,,,none,30.0,55,2,monophasic
Modulated_autosave_20260715_170032_049ms,Biceps (L),L_BB,3,66.71961874514665,74.71961874514665,99.07942811771997,,,none,30.0,55,2,monophasic
Modulated_autosave_20260715_170032_049ms,Biceps (L),L_BB,4,100.07942811771997,108.07942811771997,132.43923749029685,,,none,30.0,55,2,monophasic
Modulated_autosave_20260715_170032_049ms,Biceps (L),L_BB,5,133.43923749029685,141.43923749029685,165.79904686287017,,,none,30.0,55,2,monophasic
Modulated_autosave_20260715_170032_049ms,Biceps (L),L_BB,6,166.79904686287017,174.79904686287017,199.1588562354435,,,none,30.0,55,2,monophasic
Modulated_autosave_20260715_170032_049ms,Biceps (L),L_BB,7,200.1588562354435,208.1588562354435,232.51866560801682,,,none,30.0,55,2,monophasic
Modulated_autosave_20260715_170032_049ms,Biceps (L),L_BB,8,233.51866560801682,241.51866560801682,265.8784749805937,,,none,30.0,55,2,monophasic
Modulated_autosave_20260715_170032_049ms,Biceps (L),L_BB,9,266.8784749805937,274.8784749805937,299.23828435316705,,,none,30.0,55,2,monophasic
Modulated_autosave_20260715_170032_049ms,Biceps (L),L_BB,10,300.23828435316705,308.23828435316705,332.59809372574034,,,none,30.0,55,2,monophasic
Modulated_autosave_20260715_170032_049ms,Biceps (L),L_BB,1,0.7942811762902124,8.794281176290212,32.359809372573324,,,none,30.0,60,2,monophasic
Modulated_autosave_20260715_170032_049ms,Biceps (L),L_BB,2,33.359809372573324,41.359809372573324,65.71961874514665,,,none,30.0,60,2,monophasic
Modulated_autosave_20260715_170032_049ms,Biceps (L),L_BB,3,66.71961874514665,74.71961874514665,99.07942811771997,,,none,30.0,60,2,monophasic
Modulated_autosave_20260715_170032_049ms,Biceps (L),L_BB,4,100.07942811771997,108.07942811771997,132.43923749029685,,,none,30.0,60,2,monophasic
Modulated_autosave_20260715_170032_049ms,Biceps (L),L_BB,5,133.43923749029685,141.43923749029685,165.79904686287017,,,none,30.0,60,2,monophasic
Modulated_autosave_20260715_170032_049ms,Biceps (L),L_BB,6,166.79904686287017,174.79904686287017,199.1588562354435,,,none,30.0,60,2,monophasic
Modulated_autosave_20260715_170032_049ms,Biceps (L),L_BB,7,200.1588562354435,208.1588562354435,232.51866560801682,,,none,30.0,60,2,monophasic
Modulated_autosave_20260715_170032_049ms,Biceps (L),L_BB,8,233.51866560801682,241.51866560801682,265.8784749805937,,,none,30.0,60,2,monophasic
Modulated_autosave_20260715_170032_049ms,Biceps (L),L_BB,9,266.8784749805937,274.8784749805937,299.23828435316705,,,none,30.0,60,2,monophasic
Modulated_autosave_20260715_170032_049ms,Biceps (L),L_BB,10,300.23828435316705,308.23828435316705,332.59809372574034,,,none,30.0,60,2,monophasic
Modulated_autosave_20260715_170032_049ms,Biceps (L),L_BB,1,0.7942811762902124,8.794281176290212,32.359809372573324,,,none,30.0,65,2,monophasic
Modulated_autosave_20260715_170032_049ms,Biceps (L),L_BB,2,33.359809372573324,41.359809372573324,65.71961874514665,,,none,30.0,65,2,monophasic
Modulated_autosave_20260715_170032_049ms,Biceps (L),L_BB,3,66.71961874514665,74.71961874514665,99.07942811771997,,,none,30.0,65,2,monophasic
Modulated_autosave_20260715_170032_049ms,Biceps (L),L_BB,4,100.07942811771997,108.07942811771997,132.43923749029685,,,none,30.0,65,2,monophasic
Modulated_autosave_20260715_170032_049ms,Biceps (L),L_BB,5,133.43923749029685,141.43923749029685,165.79904686287017,,,none,30.0,65,2,monophasic
Modulated_autosave_20260715_170032_049ms,Biceps (L),L_BB,6,166.79904686287017,174.79904686287017,199.1588562354435,,,none,30.0,65,2,monophasic
Modulated_autosave_20260715_170032_049ms,Biceps (L),L_BB,7,200.1588562354435,208.1588562354435,232.51866560801682,,,none,30.0,65,2,monophasic
Modulated_autosave_20260715_170032_049ms,Biceps (L),L_BB,8,233.51866560801682,241.51866560801682,265.8784749805937,,,none,30.0,65,2,monophasic
Modulated_autosave_20260715_170032_049ms,Biceps (L),L_BB,9,266.8784749805937,274.8784749805937,299.23828435316705,,,none,30.0,65,2,monophasic
Modulated_autosave_20260715_170032_049ms,Biceps (L),L_BB,10,300.23828435316705,308.23828435316705,332.59809372574034,,,none,30.0,65,2,monophasic
Modulated_autosave_20260715_170032_049ms,Biceps (L),L_BB,1,0.7942811762902124,8.794281176290212,32.359809372573324,,,none,30.0,70,2,monophasic
Modulated_autosave_20260715_170032_049ms,Biceps (L),L_BB,2,33.359809372573324,41.359809372573324,65.71961874514665,,,none,30.0,70,2,monophasic
Modulated_autosave_20260715_170032_049ms,Biceps (L),L_BB,3,66.71961874514665,74.71961874514665,99.07942811771997,,,none,30.0,70,2,monophasic
Modulated_autosave_20260715_170032_049ms,Biceps (L),L_BB,4,100.07942811771997,108.07942811771997,132.43923749029685,,,none,30.0,70,2,monophasic
Modulated_autosave_20260715_170032_049ms,Biceps (L),L_BB,5,133.43923749029685,141.43923749029685,165.79904686287017,,,none,30.0,70,2,monophasic
Modulated_autosave_20260715_170032_049ms,Biceps (L),L_BB,6,166.79904686287017,174.79904686287017,199.1588562354435,,,none,30.0,70,2,monophasic
Modulated_autosave_20260715_170032_049ms,Biceps (L),L_BB,7,200.1588562354435,208.1588562354435,232.51866560801682,,,none,30.0,70,2,monophasic
Modulated_autosave_20260715_170032_049ms,Biceps (L),L_BB,8,233.51866560801682,241.51866560801682,265.8784749805937,,,none,30.0,70,2,monophasic
Modulated_autosave_20260715_170032_049ms,Biceps (L),L_BB,9,266.8784749805937,274.8784749805937,299.23828435316705,,,none,30.0,70,2,monophasic
Modulated_autosave_20260715_170032_049ms,Biceps (L),L_BB,10,300.23828435316705,308.23828435316705,332.59809372574034,,,none,30.0,70,2,monophasic
Modulated_autosave_20260715_170032_049ms,Biceps (L),L_BB,1,0.7942811762902124,8.794281176290212,32.359809372573324,,,none,30.0,75,2,monophasic
Modulated_autosave_20260715_170032_049ms,Biceps (L),L_BB,2,33.359809372573324,41.359809372573324,65.71961874514665,,,none,30.0,75,2,monophasic
Modulated_autosave_20260715_170032_049ms,Biceps (L),L_BB,3,66.71961874514665,74.71961874514665,99.07942811771997,,,none,30.0,75,2,monophasic
Modulated_autosave_20260715_170032_049ms,Biceps (L),L_BB,4,100.07942811771997,108.07942811771997,132.43923749029685,,,none,30.0,75,2,monophasic
Modulated_autosave_20260715_170032_049ms,Biceps (L),L_BB,5,133.43923749029685,141.43923749029685,165.79904686287017,,,none,30.0,75,2,monophasic
Modulated_autosave_20260715_170032_049ms,Biceps (L),L_BB,6,166.79904686287017,174.79904686287017,199.1588562354435,,,none,30.0,75,2,monophasic
Modulated_autosave_20260715_170032_049ms,Biceps (L),L_BB,7,200.1588562354435,208.1588562354435,232.51866560801682,,,none,30.0,75,2,monophasic
Modulated_autosave_20260715_170032_049ms,Biceps (L),L_BB,8,233.51866560801682,241.51866560801682,265.8784749805937,,,none,30.0,75,2,monophasic
Modulated_autosave_20260715_170032_049ms,Biceps (L),L_BB,9,266.8784749805937,274.8784749805937,299.23828435316705,,,none,30.0,75,2,monophasic
Modulated_autosave_20260715_170032_049ms,Biceps (L),L_BB,10,300.23828435316705,308.23828435316705,332.59809372574034,,,none,30.0,75,2,monophasic
Modulated_autosave_20260715_170032_049ms,Biceps (L),L_BB,1,0.7942811762902124,8.794281176290212,32.359809372573324,,,none,30.0,80,2,monophasic
Modulated_autosave_20260715_170032_049ms,Biceps (L),L_BB,2,33.359809372573324,41.359809372573324,65.71961874514665,,,none,30.0,80,2,monophasic
Modulated_autosave_20260715_170032_049ms,Biceps (L),L_BB,3,66.71961874514665,74.71961874514665,99.07942811771997,,,none,30.0,80,2,monophasic
Modulated_autosave_20260715_170032_049ms,Biceps (L),L_BB,4,100.07942811771997,108.07942811771997,132.43923749029685,,,none,30.0,80,2,monophasic
Modulated_autosave_20260715_170032_049ms,Biceps (L),L_BB,5,133.43923749029685,141.43923749029685,165.79904686287017,,,none,30.0,80,2,monophasic
Modulated_autosave_20260715_170032_049ms,Biceps (L),L_BB,6,166.79904686287017,174.79904686287017,199.1588562354435,,,none,30.0,80,2,monophasic
Modulated_autosave_20260715_170032_049ms,Biceps (L),L_BB,7,200.1588562354435,208.1588562354435,232.51866560801682,,,none,30.0,80,2,monophasic
Modulated_autosave_20260715_170032_049ms,Biceps (L),L_BB,8,233.51866560801682,241.51866560801682,265.8784749805937,,,none,30.0,80,2,monophasic
Modulated_autosave_20260715_170032_049ms,Biceps (L),L_BB,9,266.8784749805937,274.8784749805937,299.23828435316705,,,none,30.0,80,2,monophasic
Modulated_autosave_20260715_170032_049ms,Biceps (L),L_BB,10,300.23828435316705,308.23828435316705,332.59809372574034,,,none,30.0,80,2,monophasic
Modulated_autosave_20260715_170032_049ms,Biceps (L),L_BB,1,0.7942811762902124,8.794281176290212,32.359809372573324,,,none,30.0,85,2,monophasic
Modulated_autosave_20260715_170032_049ms,Biceps (L),L_BB,2,33.359809372573324,41.359809372573324,65.71961874514665,,,none,30.0,85,2,monophasic
Modulated_autosave_20260715_170032_049ms,Biceps (L),L_BB,3,66.71961874514665,74.71961874514665,99.07942811771997,,,none,30.0,85,2,monophasic
Modulated_autosave_20260715_170032_049ms,Biceps (L),L_BB,4,100.07942811771997,108.07942811771997,132.43923749029685,,,none,30.0,85,2,monophasic
Modulated_autosave_20260715_170032_049ms,Biceps (L),L_BB,5,133.43923749029685,141.43923749029685,165.79904686287017,,,none,30.0,85,2,monophasic
Modulated_autosave_20260715_170032_049ms,Biceps (L),L_BB,6,166.79904686287017,174.79904686287017,199.1588562354435,,,none,30.0,85,2,monophasic
Modulated_autosave_20260715_170032_049ms,Biceps (L),L_BB,7,200.1588562354435,208.1588562354435,232.51866560801682,,,none,30.0,85,2,monophasic
Modulated_autosave_20260715_170032_049ms,Biceps (L),L_BB,8,233.51866560801682,241.51866560801682,265.8784749805937,,,none,30.0,85,2,monophasic
Modulated_autosave_20260715_170032_049ms,Biceps (L),L_BB,9,266.8784749805937,274.8784749805937,299.23828435316705,,,none,30.0,85,2,monophasic
Modulated_autosave_20260715_170032_049ms,Biceps (L),L_BB,10,300.23828435316705,308.23828435316705,332.59809372574034,,,none,30.0,85,2,monophasic
Modulated_autosave_20260715_170032_049ms,Biceps (L),L_BB,1,0.7942811762902124,8.794281176290212,32.359809372573324,,,none,30.0,90,2,monophasic
Modulated_autosave_20260715_170032_049ms,Biceps (L),L_BB,2,33.359809372573324,41.359809372573324,65.71961874514665,,,none,30.0,90,2,monophasic
Modulated_autosave_20260715_170032_049ms,Biceps (L),L_BB,3,66.71961874514665,74.71961874514665,99.07942811771997,,,none,30.0,90,2,monophasic
Modulated_autosave_20260715_170032_049ms,Biceps (L),L_BB,4,100.07942811771997,108.07942811771997,132.43923749029685,,,none,30.0,90,2,monophasic
Modulated_autosave_20260715_170032_049ms,Biceps (L),L_BB,5,133.43923749029685,141.43923749029685,165.79904686287017,,,none,30.0,90,2,monophasic
Modulated_autosave_20260715_170032_049ms,Biceps (L),L_BB,6,166.79904686287017,174.79904686287017,199.1588562354435,,,none,30.0,90,2,monophasic
Modulated_autosave_20260715_170032_049ms,Biceps (L),L_BB,7,200.1588562354435,208.1588562354435,232.51866560801682,,,none,30.0,90,2,monophasic
Modulated_autosave_20260715_170032_049ms,Biceps (L),L_BB,8,233.51866560801682,241.51866560801682,265.8784749805937,,,none,30.0,90,2,monophasic
Modulated_autosave_20260715_170032_049ms,Biceps (L),L_BB,9,266.8784749805937,274.8784749805937,299.23828435316705,,,none,30.0,90,2,monophasic
Modulated_autosave_20260715_170032_049ms,Biceps (L),L_BB,10,300.23828435316705,308.23828435316705,332.59809372574034,,,none,30.0,90,2,monophasic
Modulated_autosave_20260715_170032_049ms,Biceps (L),L_BB,1,0.7942811762902124,8.794281176290212,32.359809372573324,,,none,30.0,95,2,monophasic
Modulated_autosave_20260715_170032_049ms,Biceps (L),L_BB,2,33.359809372573324,41.359809372573324,65.71961874514665,,,none,30.0,95,2,monophasic
Modulated_autosave_20260715_170032_049ms,Biceps (L),L_BB,3,66.71961874514665,74.71961874514665,99.07942811771997,,,none,30.0,95,2,monophasic
Modulated_autosave_20260715_170032_049ms,Biceps (L),L_BB,4,100.07942811771997,108.07942811771997,132.43923749029685,,,none,30.0,95,2,monophasic
Modulated_autosave_20260715_170032_049ms,Biceps (L),L_BB,5,133.43923749029685,141.43923749029685,165.79904686287017,,,none,30.0,95,2,monophasic
Modulated_autosave_20260715_170032_049ms,Biceps (L),L_BB,6,166.79904686287017,174.79904686287017,199.1588562354435,,,none,30.0,95,2,monophasic
Modulated_autosave_20260715_170032_049ms,Biceps (L),L_BB,7,200.1588562354435,208.1588562354435,232.51866560801682,,,none,30.0,95,2,monophasic
Modulated_autosave_20260715_170032_049ms,Biceps (L),L_BB,8,233.51866560801682,241.51866560801682,265.8784749805937,,,none,30.0,95,2,monophasic
Modulated_autosave_20260715_170032_049ms,Biceps (L),L_BB,9,266.8784749805937,274.8784749805937,299.23828435316705,,,none,30.0,95,2,monophasic
Modulated_autosave_20260715_170032_049ms,Biceps (L),L_BB,10,300.23828435316705,308.23828435316705,332.59809372574034,,,none,30.0,95,2,monophasic
Modulated_autosave_20260715_170032_049ms,Biceps (L),L_BB,1,0.7942811762902124,8.794281176290212,32.359809372573324,,,none,30.0,100,2,monophasic
Modulated_autosave_20260715_170032_049ms,Biceps (L),L_BB,2,33.359809372573324,41.359809372573324,65.71961874514665,,,none,30.0,100,2,monophasic
Modulated_autosave_20260715_170032_049ms,Biceps (L),L_BB,3,66.71961874514665,74.71961874514665,99.07942811771997,,,none,30.0,100,2,monophasic
Modulated_autosave_20260715_170032_049ms,Biceps (L),L_BB,4,100.07942811771997,108.07942811771997,132.43923749029685,,,none,30.0,100,2,monophasic
Modulated_autosave_20260715_170032_049ms,Biceps (L),L_BB,5,133.43923749029685,141.43923749029685,165.79904686287017,,,none,30.0,100,2,monophasic
Modulated_autosave_20260715_170032_049ms,Biceps (L),L_BB,6,166.79904686287017,174.79904686287017,199.1588562354435,,,none,30.0,100,2,monophasic
Modulated_autosave_20260715_170032_049ms,Biceps (L),L_BB,7,200.1588562354435,208.1588562354435,232.51866560801682,,,none,30.0,100,2,monophasic
Modulated_autosave_20260715_170032_049ms,Biceps (L),L_BB,8,233.51866560801682,241.51866560801682,265.8784749805937,,,none,30.0,100,2,monophasic
Modulated_autosave_20260715_170032_049ms,Biceps (L),L_BB,9,266.8784749805937,274.8784749805937,299.23828435316705,,,none,30.0,100,2,monophasic
Modulated_autosave_20260715_170032_049ms,Biceps (L),L_BB,10,300.23828435316705,308.23828435316705,332.59809372574034,,,none,30.0,100,2,monophasic
Modulated_autosave_20260715_170032_049ms,Biceps (L),L_BB,1,0.7942811762902124,8.794281176290212,32.359809372573324,0.010910201119259,0.010910201119259,none,30.0,105,2,monophasic
Modulated_autosave_20260715_170032_049ms,Biceps (L),L_BB,2,33.359809372573324,41.359809372573324,65.71961874514665,0.01040665339324464,0.01040665339324464,none,30.0,105,2,monophasic
Modulated_autosave_20260715_170032_049ms,Biceps (L),L_BB,3,66.71961874514665,74.71961874514665,99.07942811771997,0.010742351177582076,0.010742351177582076,none,30.0,105,2,monophasic
Modulated_autosave_20260715_170032_049ms,Biceps (L),L_BB,4,100.07942811771997,108.07942811771997,132.43923749029685,0.01141374814324081,0.01141374814324081,none,30.0,105,2,monophasic
Modulated_autosave_20260715_170032_049ms,Biceps (L),L_BB,5,133.43923749029685,141.43923749029685,165.79904686287017,0.006210422139012688,0.006210422139012688,none,30.0,105,2,monophasic
Modulated_autosave_20260715_170032_049ms,Biceps (L),L_BB,6,166.79904686287017,174.79904686287017,199.1588562354435,0.011749446619589553,0.011749446619589553,none,30.0,105,2,monophasic
Modulated_autosave_20260715_170032_049ms,Biceps (L),L_BB,7,200.1588562354435,208.1588562354435,232.51866560801682,0.006546120621441144,0.006546120621441144,none,30.0,105,2,monophasic
Modulated_autosave_20260715_170032_049ms,Biceps (L),L_BB,8,233.51866560801682,241.51866560801682,265.8784749805937,0.00755321606757634,0.00755321606757634,none,30.0,105,2,monophasic
Modulated_autosave_20260715_170032_049ms,Biceps (L),L_BB,9,266.8784749805937,274.8784749805937,299.23828435316705,0.010742351878399739,0.010742351878399739,none,30.0,105,2,monophasic
Modulated_autosave_20260715_170032_049ms,Biceps (L),L_BB,10,300.23828435316705,308.23828435316705,332.59809372574034,0.01409933622925856,0.01409933622925856,none,30.0,105,2,monophasic
Modulated_autosave_20260715_170032_049ms,Biceps (L),L_BB,1,0.7942811762902124,8.794281176290212,32.359809372573324,,,none,30.0,110,2,monophasic
Modulated_autosave_20260715_170032_049ms,Biceps (L),L_BB,2,33.359809372573324,41.359809372573324,65.71961874514665,,,none,30.0,110,2,monophasic
Modulated_autosave_20260715_170032_049ms,Biceps (L),L_BB,3,66.71961874514665,74.71961874514665,99.07942811771997,,,none,30.0,110,2,monophasic
Modulated_autosave_20260715_170032_049ms,Biceps (L),L_BB,4,100.07942811771997,108.07942811771997,132.43923749029685,,,none,30.0,110,2,monophasic
Modulated_autosave_20260715_170032_049ms,Biceps (L),L_BB,5,133.43923749029685,141.43923749029685,165.79904686287017,,,none,30.0,110,2,monophasic
Modulated_autosave_20260715_170032_049ms,Biceps (L),L_BB,6,166.79904686287017,174.79904686287017,199.1588562354435,,,none,30.0,110,2,monophasic
Modulated_autosave_20260715_170032_049ms,Biceps (L),L_BB,7,200.1588562354435,208.1588562354435,232.51866560801682,,,none,30.0,110,2,monophasic
Modulated_autosave_20260715_170032_049ms,Biceps (L),L_BB,8,233.51866560801682,241.51866560801682,265.8784749805937,,,none,30.0,110,2,monophasic
Modulated_autosave_20260715_170032_049ms,Biceps (L),L_BB,9,266.8784749805937,274.8784749805937,299.23828435316705,,,none,30.0,110,2,monophasic
Modulated_autosave_20260715_170032_049ms,Biceps (L),L_BB,10,300.23828435316705,308.23828435316705,332.59809372574034,,,none,30.0,110,2,monophasic
Modulated_autosave_20260715_170032_049ms,Biceps (L),L_BB,1,0.7942811762902124,8.794281176290212,32.359809372573324,0.08325322344899178,0.08325322344899178,none,30.0,115,2,monophasic
Modulated_autosave_20260715_170032_049ms,Biceps (L),L_BB,2,33.359809372573324,41.359809372573324,65.71961874514665,0.09164568406373177,0.09164568406373177,none,30.0,115,2,monophasic
Modulated_autosave_20260715_170032_049ms,Biceps (L),L_BB,3,66.71961874514665,74.71961874514665,99.07942811771997,0.08560311418880141,0.08560311418880141,none,30.0,115,2,monophasic
Modulated_autosave_20260715_170032_049ms,Biceps (L),L_BB,4,100.07942811771997,108.07942811771997,132.43923749029685,0.08896009995154686,0.08896009995154686,none,30.0,115,2,monophasic
Modulated_autosave_20260715_170032_049ms,Biceps (L),L_BB,5,133.43923749029685,141.43923749029685,165.79904686287017,0.09936675428301661,0.09936675428301661,none,30.0,115,2,monophasic
Modulated_autosave_20260715_170032_049ms,Biceps (L),L_BB,6,166.79904686287017,174.79904686287017,199.1588562354435,0.08996719493104777,0.08996719493104777,none,30.0,115,2,monophasic
Modulated_autosave_20260715_170032_049ms,Biceps (L),L_BB,7,200.1588562354435,208.1588562354435,232.51866560801682,0.09399557485507706,0.09399557485507706,none,30.0,115,2,monophasic
Modulated_autosave_20260715_170032_049ms,Biceps (L),L_BB,8,233.51866560801682,241.51866560801682,265.8784749805937,0.08459601551294327,0.08459601551294327,none,30.0,115,2,monophasic
Modulated_autosave_20260715_170032_049ms,Biceps (L),L_BB,9,266.8784749805937,274.8784749805937,299.23828435316705,0.0033569848117646775,0.0033569848117646775,none,30.0,115,2,monophasic
Modulated_autosave_20260715_170032_049ms,Biceps (L),L_BB,10,300.23828435316705,308.23828435316705,332.59809372574034,0.09130998700856222,0.09130998700856222,none,30.0,115,2,monophasic
Modulated_autosave_20260715_170032_049ms,Biceps (L),L_BB,1,0.7942811762902124,8.794281176290212,32.359809372573324,0.08661020547151566,0.08661020547151566,none,30.0,120,2,monophasic
Modulated_autosave_20260715_170032_049ms,Biceps (L),L_BB,2,33.359809372573324,41.359809372573324,65.71961874514665,0.09349202734753419,0.09349202734753419,none,30.0,120,2,monophasic
Modulated_autosave_20260715_170032_049ms,Biceps (L),L_BB,3,66.71961874514665,74.71961874514665,99.07942811771997,0.08728160334646645,0.08728160334646645,none,30.0,120,2,monophasic
Modulated_autosave_20260715_170032_049ms,Biceps (L),L_BB,4,100.07942811771997,108.07942811771997,132.43923749029685,0.08862439913983897,0.08862439913983897,none,30.0,120,2,monophasic
Modulated_autosave_20260715_170032_049ms,Biceps (L),L_BB,5,133.43923749029685,141.43923749029685,165.79904686287017,0.08963149412207566,0.08963149412207566,none,30.0,120,2,monophasic
Modulated_autosave_20260715_170032_049ms,Biceps (L),L_BB,6,166.79904686287017,174.79904686287017,199.1588562354435,0.08358892424950573,0.08358892424950573,none,30.0,120,2,monophasic
Modulated_autosave_20260715_170032_049ms,Biceps (L),L_BB,7,200.1588562354435,208.1588562354435,232.51866560801682,0.09097428991013726,0.09097428991013726,none,30.0,120,2,monophasic
Modulated_autosave_20260715_170032_049ms,Biceps (L),L_BB,8,233.51866560801682,241.51866560801682,265.8784749805937,0.08761730417609215,0.08761730417609215,none,30.0,120,2,monophasic
Modulated_autosave_20260715_170032_049ms,Biceps (L),L_BB,9,266.8784749805937,274.8784749805937,299.23828435316705,0.0916456878184239,0.0916456878184239,none,30.0,120,2,monophasic
Modulated_autosave_20260715_170032_049ms,Biceps (L),L_BB,10,300.23828435316705,308.23828435316705,332.59809372574034,0.087953001260725,0.087953001260725,none,30.0,120,2,monophasic
Modulated_autosave_20260715_170032_049ms,Biceps (L),L_BB,1,0.7942811762902124,8.794281176290212,32.359809372573324,0.08862439915537834,0.08862439915537834,none,30.0,125,2,monophasic
Modulated_autosave_20260715_170032_049ms,Biceps (L),L_BB,2,33.359809372573324,41.359809372573324,65.71961874514665,0.08728160334981036,0.08728160334981036,none,30.0,125,2,monophasic
Modulated_autosave_20260715_170032_049ms,Biceps (L),L_BB,3,66.71961874514665,74.71961874514665,99.07942811771997,0.08258182554197872,0.08258182554197872,none,30.0,125,2,monophasic
Modulated_autosave_20260715_170032_049ms,Biceps (L),L_BB,4,100.07942811771997,108.07942811771997,132.43923749029685,0.08728160335354769,0.08728160335354769,none,30.0,125,2,monophasic
Modulated_autosave_20260715_170032_049ms,Biceps (L),L_BB,5,133.43923749029685,141.43923749029685,165.79904686287017,0.08728160521970267,0.08728160521970267,none,30.0,125,2,monophasic
Modulated_autosave_20260715_170032_049ms,Biceps (L),L_BB,6,166.79904686287017,174.79904686287017,199.1588562354435,0.0812390316199062,0.0812390316199062,none,30.0,125,2,monophasic
Modulated_autosave_20260715_170032_049ms,Biceps (L),L_BB,7,200.1588562354435,208.1588562354435,232.51866560801682,0.0892957970437048,0.0892957970437048,none,30.0,125,2,monophasic
Modulated_autosave_20260715_170032_049ms,Biceps (L),L_BB,8,233.51866560801682,241.51866560801682,265.8784749805937,0.08929579704999924,0.08929579704999924,none,30.0,125,2,monophasic
Modulated_autosave_20260715_170032_049ms,Biceps (L),L_BB,9,266.8784749805937,274.8784749805937,299.23828435316705,0.0812390334902876,0.0812390334902876,none,30.0,125,2,monophasic
Modulated_autosave_20260715_170032_049ms,Biceps (L),L_BB,10,300.23828435316705,308.23828435316705,332.59809372574034,0.08862439915535049,0.08862439915535049,none,30.0,125,2,monophasic
Modulated_autosave_20260715_170032_049ms,Triceps long (L),L_TBlg,1,0.7942811762902124,8.794281176290212,32.359809372573324,,,none,30.0,30,2,monophasic
Modulated_autosave_20260715_170032_049ms,Triceps long (L),L_TBlg,2,33.359809372573324,41.359809372573324,65.71961874514665,,,none,30.0,30,2,monophasic
Modulated_autosave_20260715_170032_049ms,Triceps long (L),L_TBlg,3,66.71961874514665,74.71961874514665,99.07942811771997,,,none,30.0,30,2,monophasic
Modulated_autosave_20260715_170032_049ms,Triceps long (L),L_TBlg,4,100.07942811771997,108.07942811771997,132.43923749029685,,,none,30.0,30,2,monophasic
Modulated_autosave_20260715_170032_049ms,Triceps long (L),L_TBlg,5,133.43923749029685,141.43923749029685,165.79904686287017,,,none,30.0,30,2,monophasic
Modulated_autosave_20260715_170032_049ms,Triceps long (L),L_TBlg,6,166.79904686287017,174.79904686287017,199.1588562354435,,,none,30.0,30,2,monophasic
Modulated_autosave_20260715_170032_049ms,Triceps long (L),L_TBlg,7,200.1588562354435,208.1588562354435,232.51866560801682,,,none,30.0,30,2,monophasic
Modulated_autosave_20260715_170032_049ms,Triceps long (L),L_TBlg,8,233.51866560801682,241.51866560801682,265.8784749805937,,,none,30.0,30,2,monophasic
Modulated_autosave_20260715_170032_049ms,Triceps long (L),L_TBlg,9,266.8784749805937,274.8784749805937,299.23828435316705,,,none,30.0,30,2,monophasic
Modulated_autosave_20260715_170032_049ms,Triceps long (L),L_TBlg,10,300.23828435316705,308.23828435316705,332.59809372574034,,,none,30.0,30,2,monophasic
Modulated_autosave_20260715_170032_049ms,Triceps long (L),L_TBlg,1,0.7942811762902124,8.794281176290212,32.359809372573324,,,none,30.0,35,2,monophasic
Modulated_autosave_20260715_170032_049ms,Triceps long (L),L_TBlg,2,33.359809372573324,41.359809372573324,65.71961874514665,,,none,30.0,35,2,monophasic
Modulated_autosave_20260715_170032_049ms,Triceps long (L),L_TBlg,3,66.71961874514665,74.71961874514665,99.07942811771997,,,none,30.0,35,2,monophasic
Modulated_autosave_20260715_170032_049ms,Triceps long (L),L_TBlg,4,100.07942811771997,108.07942811771997,132.43923749029685,,,none,30.0,35,2,monophasic
Modulated_autosave_20260715_170032_049ms,Triceps long (L),L_TBlg,5,133.43923749029685,141.43923749029685,165.79904686287017,,,none,30.0,35,2,monophasic
Modulated_autosave_20260715_170032_049ms,Triceps long (L),L_TBlg,6,166.79904686287017,174.79904686287017,199.1588562354435,,,none,30.0,35,2,monophasic
Modulated_autosave_20260715_170032_049ms,Triceps long (L),L_TBlg,7,200.1588562354435,208.1588562354435,232.51866560801682,,,none,30.0,35,2,monophasic
Modulated_autosave_20260715_170032_049ms,Triceps long (L),L_TBlg,8,233.51866560801682,241.51866560801682,265.8784749805937,,,none,30.0,35,2,monophasic
Modulated_autosave_20260715_170032_049ms,Triceps long (L),L_TBlg,9,266.8784749805937,274.8784749805937,299.23828435316705,,,none,30.0,35,2,monophasic
Modulated_autosave_20260715_170032_049ms,Triceps long (L),L_TBlg,10,300.23828435316705,308.23828435316705,332.59809372574034,,,none,30.0,35,2,monophasic
Modulated_autosave_20260715_170032_049ms,Triceps long (L),L_TBlg,1,0.7942811762902124,8.794281176290212,32.359809372573324,,,none,30.0,40,2,monophasic
Modulated_autosave_20260715_170032_049ms,Triceps long (L),L_TBlg,2,33.359809372573324,41.359809372573324,65.71961874514665,,,none,30.0,40,2,monophasic
Modulated_autosave_20260715_170032_049ms,Triceps long (L),L_TBlg,3,66.71961874514665,74.71961874514665,99.07942811771997,,,none,30.0,40,2,monophasic
Modulated_autosave_20260715_170032_049ms,Triceps long (L),L_TBlg,4,100.07942811771997,108.07942811771997,132.43923749029685,,,none,30.0,40,2,monophasic
Modulated_autosave_20260715_170032_049ms,Triceps long (L),L_TBlg,5,133.43923749029685,141.43923749029685,165.79904686287017,,,none,30.0,40,2,monophasic
Modulated_autosave_20260715_170032_049ms,Triceps long (L),L_TBlg,6,166.79904686287017,174.79904686287017,199.1588562354435,,,none,30.0,40,2,monophasic
Modulated_autosave_20260715_170032_049ms,Triceps long (L),L_TBlg,7,200.1588562354435,208.1588562354435,232.51866560801682,,,none,30.0,40,2,monophasic
Modulated_autosave_20260715_170032_049ms,Triceps long (L),L_TBlg,8,233.51866560801682,241.51866560801682,265.8784749805937,,,none,30.0,40,2,monophasic
Modulated_autosave_20260715_170032_049ms,Triceps long (L),L_TBlg,9,266.8784749805937,274.8784749805937,299.23828435316705,,,none,30.0,40,2,monophasic
Modulated_autosave_20260715_170032_049ms,Triceps long (L),L_TBlg,10,300.23828435316705,308.23828435316705,332.59809372574034,,,none,30.0,40,2,monophasic
Modulated_autosave_20260715_170032_049ms,Triceps long (L),L_TBlg,1,0.7942811762902124,8.794281176290212,32.359809372573324,,,none,30.0,45,2,monophasic
Modulated_autosave_20260715_170032_049ms,Triceps long (L),L_TBlg,2,33.359809372573324,41.359809372573324,65.71961874514665,,,none,30.0,45,2,monophasic
Modulated_autosave_20260715_170032_049ms,Triceps long (L),L_TBlg,3,66.71961874514665,74.71961874514665,99.07942811771997,,,none,30.0,45,2,monophasic
Modulated_autosave_20260715_170032_049ms,Triceps long (L),L_TBlg,4,100.07942811771997,108.07942811771997,132.43923749029685,,,none,30.0,45,2,monophasic
Modulated_autosave_20260715_170032_049ms,Triceps long (L),L_TBlg,5,133.43923749029685,141.43923749029685,165.79904686287017,,,none,30.0,45,2,monophasic
Modulated_autosave_20260715_170032_049ms,Triceps long (L),L_TBlg,6,166.79904686287017,174.79904686287017,199.1588562354435,,,none,30.0,45,2,monophasic
Modulated_autosave_20260715_170032_049ms,Triceps long (L),L_TBlg,7,200.1588562354435,208.1588562354435,232.51866560801682,,,none,30.0,45,2,monophasic
Modulated_autosave_20260715_170032_049ms,Triceps long (L),L_TBlg,8,233.51866560801682,241.51866560801682,265.8784749805937,,,none,30.0,45,2,monophasic
Modulated_autosave_20260715_170032_049ms,Triceps long (L),L_TBlg,9,266.8784749805937,274.8784749805937,299.23828435316705,,,none,30.0,45,2,monophasic
Modulated_autosave_20260715_170032_049ms,Triceps long (L),L_TBlg,10,300.23828435316705,308.23828435316705,332.59809372574034,,,none,30.0,45,2,monophasic
Modulated_autosave_20260715_170032_049ms,Triceps long (L),L_TBlg,1,0.7942811762902124,8.794281176290212,32.359809372573324,,,none,30.0,50,2,monophasic
Modulated_autosave_20260715_170032_049ms,Triceps long (L),L_TBlg,2,33.359809372573324,41.359809372573324,65.71961874514665,,,none,30.0,50,2,monophasic
Modulated_autosave_20260715_170032_049ms,Triceps long (L),L_TBlg,3,66.71961874514665,74.71961874514665,99.07942811771997,,,none,30.0,50,2,monophasic
Modulated_autosave_20260715_170032_049ms,Triceps long (L),L_TBlg,4,100.07942811771997,108.07942811771997,132.43923749029685,,,none,30.0,50,2,monophasic
Modulated_autosave_20260715_170032_049ms,Triceps long (L),L_TBlg,5,133.43923749029685,141.43923749029685,165.79904686287017,,,none,30.0,50,2,monophasic
Modulated_autosave_20260715_170032_049ms,Triceps long (L),L_TBlg,6,166.79904686287017,174.79904686287017,199.1588562354435,,,none,30.0,50,2,monophasic
Modulated_autosave_20260715_170032_049ms,Triceps long (L),L_TBlg,7,200.1588562354435,208.1588562354435,232.51866560801682,,,none,30.0,50,2,monophasic
Modulated_autosave_20260715_170032_049ms,Triceps long (L),L_TBlg,8,233.51866560801682,241.51866560801682,265.8784749805937,,,none,30.0,50,2,monophasic
Modulated_autosave_20260715_170032_049ms,Triceps long (L),L_TBlg,9,266.8784749805937,274.8784749805937,299.23828435316705,,,none,30.0,50,2,monophasic
Modulated_autosave_20260715_170032_049ms,Triceps long (L),L_TBlg,10,300.23828435316705,308.23828435316705,332.59809372574034,,,none,30.0,50,2,monophasic
Modulated_autosave_20260715_170032_049ms,Triceps long (L),L_TBlg,1,0.7942811762902124,8.794281176290212,32.359809372573324,,,none,30.0,55,2,monophasic
Modulated_autosave_20260715_170032_049ms,Triceps long (L),L_TBlg,2,33.359809372573324,41.359809372573324,65.71961874514665,,,none,30.0,55,2,monophasic
Modulated_autosave_20260715_170032_049ms,Triceps long (L),L_TBlg,3,66.71961874514665,74.71961874514665,99.07942811771997,,,none,30.0,55,2,monophasic
Modulated_autosave_20260715_170032_049ms,Triceps long (L),L_TBlg,4,100.07942811771997,108.07942811771997,132.43923749029685,,,none,30.0,55,2,monophasic
Modulated_autosave_20260715_170032_049ms,Triceps long (L),L_TBlg,5,133.43923749029685,141.43923749029685,165.79904686287017,,,none,30.0,55,2,monophasic
Modulated_autosave_20260715_170032_049ms,Triceps long (L),L_TBlg,6,166.79904686287017,174.79904686287017,199.1588562354435,,,none,30.0,55,2,monophasic
Modulated_autosave_20260715_170032_049ms,Triceps long (L),L_TBlg,7,200.1588562354435,208.1588562354435,232.51866560801682,,,none,30.0,55,2,monophasic
Modulated_autosave_20260715_170032_049ms,Triceps long (L),L_TBlg,8,233.51866560801682,241.51866560801682,265.8784749805937,,,none,30.0,55,2,monophasic
Modulated_autosave_20260715_170032_049ms,Triceps long (L),L_TBlg,9,266.8784749805937,274.8784749805937,299.23828435316705,,,none,30.0,55,2,monophasic
Modulated_autosave_20260715_170032_049ms,Triceps long (L),L_TBlg,10,300.23828435316705,308.23828435316705,332.59809372574034,,,none,30.0,55,2,monophasic
Modulated_autosave_20260715_170032_049ms,Triceps long (L),L_TBlg,1,0.7942811762902124,8.794281176290212,32.359809372573324,,,none,30.0,60,2,monophasic
Modulated_autosave_20260715_170032_049ms,Triceps long (L),L_TBlg,2,33.359809372573324,41.359809372573324,65.71961874514665,,,none,30.0,60,2,monophasic
Modulated_autosave_20260715_170032_049ms,Triceps long (L),L_TBlg,3,66.71961874514665,74.71961874514665,99.07942811771997,,,none,30.0,60,2,monophasic
Modulated_autosave_20260715_170032_049ms,Triceps long (L),L_TBlg,4,100.07942811771997,108.07942811771997,132.43923749029685,,,none,30.0,60,2,monophasic
Modulated_autosave_20260715_170032_049ms,Triceps long (L),L_TBlg,5,133.43923749029685,141.43923749029685,165.79904686287017,,,none,30.0,60,2,monophasic
Modulated_autosave_20260715_170032_049ms,Triceps long (L),L_TBlg,6,166.79904686287017,174.79904686287017,199.1588562354435,,,none,30.0,60,2,monophasic
Modulated_autosave_20260715_170032_049ms,Triceps long (L),L_TBlg,7,200.1588562354435,208.1588562354435,232.51866560801682,,,none,30.0,60,2,monophasic
Modulated_autosave_20260715_170032_049ms,Triceps long (L),L_TBlg,8,233.51866560801682,241.51866560801682,265.8784749805937,,,none,30.0,60,2,monophasic
Modulated_autosave_20260715_170032_049ms,Triceps long (L),L_TBlg,9,266.8784749805937,274.8784749805937,299.23828435316705,,,none,30.0,60,2,monophasic
Modulated_autosave_20260715_170032_049ms,Triceps long (L),L_TBlg,10,300.23828435316705,308.23828435316705,332.59809372574034,,,none,30.0,60,2,monophasic
Modulated_autosave_20260715_170032_049ms,Triceps long (L),L_TBlg,1,0.7942811762902124,8.794281176290212,32.359809372573324,,,none,30.0,65,2,monophasic
Modulated_autosave_20260715_170032_049ms,Triceps long (L),L_TBlg,2,33.359809372573324,41.359809372573324,65.71961874514665,,,none,30.0,65,2,monophasic
Modulated_autosave_20260715_170032_049ms,Triceps long (L),L_TBlg,3,66.71961874514665,74.71961874514665,99.07942811771997,,,none,30.0,65,2,monophasic
Modulated_autosave_20260715_170032_049ms,Triceps long (L),L_TBlg,4,100.07942811771997,108.07942811771997,132.43923749029685,,,none,30.0,65,2,monophasic
Modulated_autosave_20260715_170032_049ms,Triceps long (L),L_TBlg,5,133.43923749029685,141.43923749029685,165.79904686287017,,,none,30.0,65,2,monophasic
Modulated_autosave_20260715_170032_049ms,Triceps long (L),L_TBlg,6,166.79904686287017,174.79904686287017,199.1588562354435,,,none,30.0,65,2,monophasic
Modulated_autosave_20260715_170032_049ms,Triceps long (L),L_TBlg,7,200.1588562354435,208.1588562354435,232.51866560801682,,,none,30.0,65,2,monophasic
Modulated_autosave_20260715_170032_049ms,Triceps long (L),L_TBlg,8,233.51866560801682,241.51866560801682,265.8784749805937,,,none,30.0,65,2,monophasic
Modulated_autosave_20260715_170032_049ms,Triceps long (L),L_TBlg,9,266.8784749805937,274.8784749805937,299.23828435316705,,,none,30.0,65,2,monophasic
Modulated_autosave_20260715_170032_049ms,Triceps long (L),L_TBlg,10,300.23828435316705,308.23828435316705,332.59809372574034,,,none,30.0,65,2,monophasic
Modulated_autosave_20260715_170032_049ms,Triceps long (L),L_TBlg,1,0.7942811762902124,8.794281176290212,32.359809372573324,,,none,30.0,70,2,monophasic
Modulated_autosave_20260715_170032_049ms,Triceps long (L),L_TBlg,2,33.359809372573324,41.359809372573324,65.71961874514665,,,none,30.0,70,2,monophasic
Modulated_autosave_20260715_170032_049ms,Triceps long (L),L_TBlg,3,66.71961874514665,74.71961874514665,99.07942811771997,,,none,30.0,70,2,monophasic
Modulated_autosave_20260715_170032_049ms,Triceps long (L),L_TBlg,4,100.07942811771997,108.07942811771997,132.43923749029685,,,none,30.0,70,2,monophasic
Modulated_autosave_20260715_170032_049ms,Triceps long (L),L_TBlg,5,133.43923749029685,141.43923749029685,165.79904686287017,,,none,30.0,70,2,monophasic
Modulated_autosave_20260715_170032_049ms,Triceps long (L),L_TBlg,6,166.79904686287017,174.79904686287017,199.1588562354435,,,none,30.0,70,2,monophasic
Modulated_autosave_20260715_170032_049ms,Triceps long (L),L_TBlg,7,200.1588562354435,208.1588562354435,232.51866560801682,,,none,30.0,70,2,monophasic
Modulated_autosave_20260715_170032_049ms,Triceps long (L),L_TBlg,8,233.51866560801682,241.51866560801682,265.8784749805937,,,none,30.0,70,2,monophasic
Modulated_autosave_20260715_170032_049ms,Triceps long (L),L_TBlg,9,266.8784749805937,274.8784749805937,299.23828435316705,,,none,30.0,70,2,monophasic
Modulated_autosave_20260715_170032_049ms,Triceps long (L),L_TBlg,10,300.23828435316705,308.23828435316705,332.59809372574034,,,none,30.0,70,2,monophasic
Modulated_autosave_20260715_170032_049ms,Triceps long (L),L_TBlg,1,0.7942811762902124,8.794281176290212,32.359809372573324,,,none,30.0,75,2,monophasic
Modulated_autosave_20260715_170032_049ms,Triceps long (L),L_TBlg,2,33.359809372573324,41.359809372573324,65.71961874514665,,,none,30.0,75,2,monophasic
Modulated_autosave_20260715_170032_049ms,Triceps long (L),L_TBlg,3,66.71961874514665,74.71961874514665,99.07942811771997,,,none,30.0,75,2,monophasic
Modulated_autosave_20260715_170032_049ms,Triceps long (L),L_TBlg,4,100.07942811771997,108.07942811771997,132.43923749029685,,,none,30.0,75,2,monophasic
Modulated_autosave_20260715_170032_049ms,Triceps long (L),L_TBlg,5,133.43923749029685,141.43923749029685,165.79904686287017,,,none,30.0,75,2,monophasic
Modulated_autosave_20260715_170032_049ms,Triceps long (L),L_TBlg,6,166.79904686287017,174.79904686287017,199.1588562354435,,,none,30.0,75,2,monophasic
Modulated_autosave_20260715_170032_049ms,Triceps long (L),L_TBlg,7,200.1588562354435,208.1588562354435,232.51866560801682,,,none,30.0,75,2,monophasic
Modulated_autosave_20260715_170032_049ms,Triceps long (L),L_TBlg,8,233.51866560801682,241.51866560801682,265.8784749805937,,,none,30.0,75,2,monophasic
Modulated_autosave_20260715_170032_049ms,Triceps long (L),L_TBlg,9,266.8784749805937,274.8784749805937,299.23828435316705,,,none,30.0,75,2,monophasic
Modulated_autosave_20260715_170032_049ms,Triceps long (L),L_TBlg,10,300.23828435316705,308.23828435316705,332.59809372574034,,,none,30.0,75,2,monophasic
Modulated_autosave_20260715_170032_049ms,Triceps long (L),L_TBlg,1,0.7942811762902124,8.794281176290212,32.359809372573324,,,none,30.0,80,2,monophasic
Modulated_autosave_20260715_170032_049ms,Triceps long (L),L_TBlg,2,33.359809372573324,41.359809372573324,65.71961874514665,,,none,30.0,80,2,monophasic
Modulated_autosave_20260715_170032_049ms,Triceps long (L),L_TBlg,3,66.71961874514665,74.71961874514665,99.07942811771997,,,none,30.0,80,2,monophasic
Modulated_autosave_20260715_170032_049ms,Triceps long (L),L_TBlg,4,100.07942811771997,108.07942811771997,132.43923749029685,,,none,30.0,80,2,monophasic
Modulated_autosave_20260715_170032_049ms,Triceps long (L),L_TBlg,5,133.43923749029685,141.43923749029685,165.79904686287017,,,none,30.0,80,2,monophasic
Modulated_autosave_20260715_170032_049ms,Triceps long (L),L_TBlg,6,166.79904686287017,174.79904686287017,199.1588562354435,,,none,30.0,80,2,monophasic
Modulated_autosave_20260715_170032_049ms,Triceps long (L),L_TBlg,7,200.1588562354435,208.1588562354435,232.51866560801682,,,none,30.0,80,2,monophasic
Modulated_autosave_20260715_170032_049ms,Triceps long (L),L_TBlg,8,233.51866560801682,241.51866560801682,265.8784749805937,,,none,30.0,80,2,monophasic
Modulated_autosave_20260715_170032_049ms,Triceps long (L),L_TBlg,9,266.8784749805937,274.8784749805937,299.23828435316705,,,none,30.0,80,2,monophasic
Modulated_autosave_20260715_170032_049ms,Triceps long (L),L_TBlg,10,300.23828435316705,308.23828435316705,332.59809372574034,,,none,30.0,80,2,monophasic
Modulated_autosave_20260715_170032_049ms,Triceps long (L),L_TBlg,1,0.7942811762902124,8.794281176290212,32.359809372573324,,,none,30.0,85,2,monophasic
Modulated_autosave_20260715_170032_049ms,Triceps long (L),L_TBlg,2,33.359809372573324,41.359809372573324,65.71961874514665,,,none,30.0,85,2,monophasic
Modulated_autosave_20260715_170032_049ms,Triceps long (L),L_TBlg,3,66.71961874514665,74.71961874514665,99.07942811771997,,,none,30.0,85,2,monophasic
Modulated_autosave_20260715_170032_049ms,Triceps long (L),L_TBlg,4,100.07942811771997,108.07942811771997,132.43923749029685,,,none,30.0,85,2,monophasic
Modulated_autosave_20260715_170032_049ms,Triceps long (L),L_TBlg,5,133.43923749029685,141.43923749029685,165.79904686287017,,,none,30.0,85,2,monophasic
Modulated_autosave_20260715_170032_049ms,Triceps long (L),L_TBlg,6,166.79904686287017,174.79904686287017,199.1588562354435,,,none,30.0,85,2,monophasic
Modulated_autosave_20260715_170032_049ms,Triceps long (L),L_TBlg,7,200.1588562354435,208.1588562354435,232.51866560801682,,,none,30.0,85,2,monophasic
Modulated_autosave_20260715_170032_049ms,Triceps long (L),L_TBlg,8,233.51866560801682,241.51866560801682,265.8784749805937,,,none,30.0,85,2,monophasic
Modulated_autosave_20260715_170032_049ms,Triceps long (L),L_TBlg,9,266.8784749805937,274.8784749805937,299.23828435316705,,,none,30.0,85,2,monophasic
Modulated_autosave_20260715_170032_049ms,Triceps long (L),L_TBlg,10,300.23828435316705,308.23828435316705,332.59809372574034,,,none,30.0,85,2,monophasic
Modulated_autosave_20260715_170032_049ms,Triceps long (L),L_TBlg,1,0.7942811762902124,8.794281176290212,32.359809372573324,,,none,30.0,90,2,monophasic
Modulated_autosave_20260715_170032_049ms,Triceps long (L),L_TBlg,2,33.359809372573324,41.359809372573324,65.71961874514665,,,none,30.0,90,2,monophasic
Modulated_autosave_20260715_170032_049ms,Triceps long (L),L_TBlg,3,66.71961874514665,74.71961874514665,99.07942811771997,,,none,30.0,90,2,monophasic
Modulated_autosave_20260715_170032_049ms,Triceps long (L),L_TBlg,4,100.07942811771997,108.07942811771997,132.43923749029685,,,none,30.0,90,2,monophasic
Modulated_autosave_20260715_170032_049ms,Triceps long (L),L_TBlg,5,133.43923749029685,141.43923749029685,165.79904686287017,,,none,30.0,90,2,monophasic
Modulated_autosave_20260715_170032_049ms,Triceps long (L),L_TBlg,6,166.79904686287017,174.79904686287017,199.1588562354435,,,none,30.0,90,2,monophasic
Modulated_autosave_20260715_170032_049ms,Triceps long (L),L_TBlg,7,200.1588562354435,208.1588562354435,232.51866560801682,,,none,30.0,90,2,monophasic
Modulated_autosave_20260715_170032_049ms,Triceps long (L),L_TBlg,8,233.51866560801682,241.51866560801682,265.8784749805937,,,none,30.0,90,2,monophasic
Modulated_autosave_20260715_170032_049ms,Triceps long (L),L_TBlg,9,266.8784749805937,274.8784749805937,299.23828435316705,,,none,30.0,90,2,monophasic
Modulated_autosave_20260715_170032_049ms,Triceps long (L),L_TBlg,10,300.23828435316705,308.23828435316705,332.59809372574034,,,none,30.0,90,2,monophasic
Modulated_autosave_20260715_170032_049ms,Triceps long (L),L_TBlg,1,0.7942811762902124,8.794281176290212,32.359809372573324,,,none,30.0,95,2,monophasic
Modulated_autosave_20260715_170032_049ms,Triceps long (L),L_TBlg,2,33.359809372573324,41.359809372573324,65.71961874514665,,,none,30.0,95,2,monophasic
Modulated_autosave_20260715_170032_049ms,Triceps long (L),L_TBlg,3,66.71961874514665,74.71961874514665,99.07942811771997,,,none,30.0,95,2,monophasic
Modulated_autosave_20260715_170032_049ms,Triceps long (L),L_TBlg,4,100.07942811771997,108.07942811771997,132.43923749029685,,,none,30.0,95,2,monophasic
Modulated_autosave_20260715_170032_049ms,Triceps long (L),L_TBlg,5,133.43923749029685,141.43923749029685,165.79904686287017,,,none,30.0,95,2,monophasic
Modulated_autosave_20260715_170032_049ms,Triceps long (L),L_TBlg,6,166.79904686287017,174.79904686287017,199.1588562354435,,,none,30.0,95,2,monophasic
Modulated_autosave_20260715_170032_049ms,Triceps long (L),L_TBlg,7,200.1588562354435,208.1588562354435,232.51866560801682,,,none,30.0,95,2,monophasic
Modulated_autosave_20260715_170032_049ms,Triceps long (L),L_TBlg,8,233.51866560801682,241.51866560801682,265.8784749805937,,,none,30.0,95,2,monophasic
Modulated_autosave_20260715_170032_049ms,Triceps long (L),L_TBlg,9,266.8784749805937,274.8784749805937,299.23828435316705,,,none,30.0,95,2,monophasic
Modulated_autosave_20260715_170032_049ms,Triceps long (L),L_TBlg,10,300.23828435316705,308.23828435316705,332.59809372574034,,,none,30.0,95,2,monophasic
Modulated_autosave_20260715_170032_049ms,Triceps long (L),L_TBlg,1,0.7942811762902124,8.794281176290212,32.359809372573324,,,none,30.0,100,2,monophasic
Modulated_autosave_20260715_170032_049ms,Triceps long (L),L_TBlg,2,33.359809372573324,41.359809372573324,65.71961874514665,,,none,30.0,100,2,monophasic
Modulated_autosave_20260715_170032_049ms,Triceps long (L),L_TBlg,3,66.71961874514665,74.71961874514665,99.07942811771997,,,none,30.0,100,2,monophasic
Modulated_autosave_20260715_170032_049ms,Triceps long (L),L_TBlg,4,100.07942811771997,108.07942811771997,132.43923749029685,,,none,30.0,100,2,monophasic
Modulated_autosave_20260715_170032_049ms,Triceps long (L),L_TBlg,5,133.43923749029685,141.43923749029685,165.79904686287017,,,none,30.0,100,2,monophasic
Modulated_autosave_20260715_170032_049ms,Triceps long (L),L_TBlg,6,166.79904686287017,174.79904686287017,199.1588562354435,,,none,30.0,100,2,monophasic
Modulated_autosave_20260715_170032_049ms,Triceps long (L),L_TBlg,7,200.1588562354435,208.1588562354435,232.51866560801682,,,none,30.0,100,2,monophasic
Modulated_autosave_20260715_170032_049ms,Triceps long (L),L_TBlg,8,233.51866560801682,241.51866560801682,265.8784749805937,,,none,30.0,100,2,monophasic
Modulated_autosave_20260715_170032_049ms,Triceps long (L),L_TBlg,9,266.8784749805937,274.8784749805937,299.23828435316705,,,none,30.0,100,2,monophasic
Modulated_autosave_20260715_170032_049ms,Triceps long (L),L_TBlg,10,300.23828435316705,308.23828435316705,332.59809372574034,,,none,30.0,100,2,monophasic
Modulated_autosave_20260715_170032_049ms,Triceps long (L),L_TBlg,1,0.7942811762902124,8.794281176290212,32.359809372573324,,,none,30.0,105,2,monophasic
Modulated_autosave_20260715_170032_049ms,Triceps long (L),L_TBlg,2,33.359809372573324,41.359809372573324,65.71961874514665,,,none,30.0,105,2,monophasic
Modulated_autosave_20260715_170032_049ms,Triceps long (L),L_TBlg,3,66.71961874514665,74.71961874514665,99.07942811771997,,,none,30.0,105,2,monophasic
Modulated_autosave_20260715_170032_049ms,Triceps long (L),L_TBlg,4,100.07942811771997,108.07942811771997,132.43923749029685,,,none,30.0,105,2,monophasic
Modulated_autosave_20260715_170032_049ms,Triceps long (L),L_TBlg,5,133.43923749029685,141.43923749029685,165.79904686287017,,,none,30.0,105,2,monophasic
Modulated_autosave_20260715_170032_049ms,Triceps long (L),L_TBlg,6,166.79904686287017,174.79904686287017,199.1588562354435,,,none,30.0,105,2,monophasic
Modulated_autosave_20260715_170032_049ms,Triceps long (L),L_TBlg,7,200.1588562354435,208.1588562354435,232.51866560801682,,,none,30.0,105,2,monophasic
Modulated_autosave_20260715_170032_049ms,Triceps long (L),L_TBlg,8,233.51866560801682,241.51866560801682,265.8784749805937,,,none,30.0,105,2,monophasic
Modulated_autosave_20260715_170032_049ms,Triceps long (L),L_TBlg,9,266.8784749805937,274.8784749805937,299.23828435316705,,,none,30.0,105,2,monophasic
Modulated_autosave_20260715_170032_049ms,Triceps long (L),L_TBlg,10,300.23828435316705,308.23828435316705,332.59809372574034,,,none,30.0,105,2,monophasic
Modulated_autosave_20260715_170032_049ms,Triceps long (L),L_TBlg,1,0.7942811762902124,8.794281176290212,32.359809372573324,,,none,30.0,110,2,monophasic
Modulated_autosave_20260715_170032_049ms,Triceps long (L),L_TBlg,2,33.359809372573324,41.359809372573324,65.71961874514665,,,none,30.0,110,2,monophasic
Modulated_autosave_20260715_170032_049ms,Triceps long (L),L_TBlg,3,66.71961874514665,74.71961874514665,99.07942811771997,,,none,30.0,110,2,monophasic
Modulated_autosave_20260715_170032_049ms,Triceps long (L),L_TBlg,4,100.07942811771997,108.07942811771997,132.43923749029685,,,none,30.0,110,2,monophasic
Modulated_autosave_20260715_170032_049ms,Triceps long (L),L_TBlg,5,133.43923749029685,141.43923749029685,165.79904686287017,,,none,30.0,110,2,monophasic
Modulated_autosave_20260715_170032_049ms,Triceps long (L),L_TBlg,6,166.79904686287017,174.79904686287017,199.1588562354435,,,none,30.0,110,2,monophasic
Modulated_autosave_20260715_170032_049ms,Triceps long (L),L_TBlg,7,200.1588562354435,208.1588562354435,232.51866560801682,,,none,30.0,110,2,monophasic
Modulated_autosave_20260715_170032_049ms,Triceps long (L),L_TBlg,8,233.51866560801682,241.51866560801682,265.8784749805937,,,none,30.0,110,2,monophasic
Modulated_autosave_20260715_170032_049ms,Triceps long (L),L_TBlg,9,266.8784749805937,274.8784749805937,299.23828435316705,,,none,30.0,110,2,monophasic
Modulated_autosave_20260715_170032_049ms,Triceps long (L),L_TBlg,10,300.23828435316705,308.23828435316705,332.59809372574034,,,none,30.0,110,2,monophasic
Modulated_autosave_20260715_170032_049ms,Triceps long (L),L_TBlg,1,0.7942811762902124,8.794281176290212,32.359809372573324,,,none,30.0,115,2,monophasic
Modulated_autosave_20260715_170032_049ms,Triceps long (L),L_TBlg,2,33.359809372573324,41.359809372573324,65.71961874514665,,,none,30.0,115,2,monophasic
Modulated_autosave_20260715_170032_049ms,Triceps long (L),L_TBlg,3,66.71961874514665,74.71961874514665,99.07942811771997,,,none,30.0,115,2,monophasic
Modulated_autosave_20260715_170032_049ms,Triceps long (L),L_TBlg,4,100.07942811771997,108.07942811771997,132.43923749029685,,,none,30.0,115,2,monophasic
Modulated_autosave_20260715_170032_049ms,Triceps long (L),L_TBlg,5,133.43923749029685,141.43923749029685,165.79904686287017,,,none,30.0,115,2,monophasic
Modulated_autosave_20260715_170032_049ms,Triceps long (L),L_TBlg,6,166.79904686287017,174.79904686287017,199.1588562354435,,,none,30.0,115,2,monophasic
Modulated_autosave_20260715_170032_049ms,Triceps long (L),L_TBlg,7,200.1588562354435,208.1588562354435,232.51866560801682,,,none,30.0,115,2,monophasic
Modulated_autosave_20260715_170032_049ms,Triceps long (L),L_TBlg,8,233.51866560801682,241.51866560801682,265.8784749805937,,,none,30.0,115,2,monophasic
Modulated_autosave_20260715_170032_049ms,Triceps long (L),L_TBlg,9,266.8784749805937,274.8784749805937,299.23828435316705,,,none,30.0,115,2,monophasic
Modulated_autosave_20260715_170032_049ms,Triceps long (L),L_TBlg,10,300.23828435316705,308.23828435316705,332.59809372574034,,,none,30.0,115,2,monophasic
Modulated_autosave_20260715_170032_049ms,Triceps long (L),L_TBlg,1,0.7942811762902124,8.794281176290212,32.359809372573324,,,none,30.0,120,2,monophasic
Modulated_autosave_20260715_170032_049ms,Triceps long (L),L_TBlg,2,33.359809372573324,41.359809372573324,65.71961874514665,,,none,30.0,120,2,monophasic
Modulated_autosave_20260715_170032_049ms,Triceps long (L),L_TBlg,3,66.71961874514665,74.71961874514665,99.07942811771997,,,none,30.0,120,2,monophasic
Modulated_autosave_20260715_170032_049ms,Triceps long (L),L_TBlg,4,100.07942811771997,108.07942811771997,132.43923749029685,,,none,30.0,120,2,monophasic
Modulated_autosave_20260715_170032_049ms,Triceps long (L),L_TBlg,5,133.43923749029685,141.43923749029685,165.79904686287017,,,none,30.0,120,2,monophasic
Modulated_autosave_20260715_170032_049ms,Triceps long (L),L_TBlg,6,166.79904686287017,174.79904686287017,199.1588562354435,,,none,30.0,120,2,monophasic
Modulated_autosave_20260715_170032_049ms,Triceps long (L),L_TBlg,7,200.1588562354435,208.1588562354435,232.51866560801682,,,none,30.0,120,2,monophasic
Modulated_autosave_20260715_170032_049ms,Triceps long (L),L_TBlg,8,233.51866560801682,241.51866560801682,265.8784749805937,,,none,30.0,120,2,monophasic
Modulated_autosave_20260715_170032_049ms,Triceps long (L),L_TBlg,9,266.8784749805937,274.8784749805937,299.23828435316705,,,none,30.0,120,2,monophasic
Modulated_autosave_20260715_170032_049ms,Triceps long (L),L_TBlg,10,300.23828435316705,308.23828435316705,332.59809372574034,,,none,30.0,120,2,monophasic
Modulated_autosave_20260715_170032_049ms,Triceps long (L),L_TBlg,1,0.7942811762902124,8.794281176290212,32.359809372573324,,,none,30.0,125,2,monophasic
Modulated_autosave_20260715_170032_049ms,Triceps long (L),L_TBlg,2,33.359809372573324,41.359809372573324,65.71961874514665,,,none,30.0,125,2,monophasic
Modulated_autosave_20260715_170032_049ms,Triceps long (L),L_TBlg,3,66.71961874514665,74.71961874514665,99.07942811771997,,,none,30.0,125,2,monophasic
Modulated_autosave_20260715_170032_049ms,Triceps long (L),L_TBlg,4,100.07942811771997,108.07942811771997,132.43923749029685,,,none,30.0,125,2,monophasic
Modulated_autosave_20260715_170032_049ms,Triceps long (L),L_TBlg,5,133.43923749029685,141.43923749029685,165.79904686287017,,,none,30.0,125,2,monophasic
Modulated_autosave_20260715_170032_049ms,Triceps long (L),L_TBlg,6,166.79904686287017,174.79904686287017,199.1588562354435,,,none,30.0,125,2,monophasic
Modulated_autosave_20260715_170032_049ms,Triceps long (L),L_TBlg,7,200.1588562354435,208.1588562354435,232.51866560801682,,,none,30.0,125,2,monophasic
Modulated_autosave_20260715_170032_049ms,Triceps long (L),L_TBlg,8,233.51866560801682,241.51866560801682,265.8784749805937,,,none,30.0,125,2,monophasic
Modulated_autosave_20260715_170032_049ms,Triceps long (L),L_TBlg,9,266.8784749805937,274.8784749805937,299.23828435316705,,,none,30.0,125,2,monophasic
Modulated_autosave_20260715_170032_049ms,Triceps long (L),L_TBlg,10,300.23828435316705,308.23828435316705,332.59809372574034,,,none,30.0,125,2,monophasic
Modulated_autosave_20260715_170032_049ms,Thenar (L),L_The_ED_FD_FCR A,1,0.7942811762902124,8.794281176290212,32.359809372573324,,,none,30.0,30,2,monophasic
Modulated_autosave_20260715_170032_049ms,Thenar (L),L_The_ED_FD_FCR A,2,33.359809372573324,41.359809372573324,65.71961874514665,,,none,30.0,30,2,monophasic
Modulated_autosave_20260715_170032_049ms,Thenar (L),L_The_ED_FD_FCR A,3,66.71961874514665,74.71961874514665,99.07942811771997,,,none,30.0,30,2,monophasic
Modulated_autosave_20260715_170032_049ms,Thenar (L),L_The_ED_FD_FCR A,4,100.07942811771997,108.07942811771997,132.43923749029685,,,none,30.0,30,2,monophasic
Modulated_autosave_20260715_170032_049ms,Thenar (L),L_The_ED_FD_FCR A,5,133.43923749029685,141.43923749029685,165.79904686287017,,,none,30.0,30,2,monophasic
Modulated_autosave_20260715_170032_049ms,Thenar (L),L_The_ED_FD_FCR A,6,166.79904686287017,174.79904686287017,199.1588562354435,,,none,30.0,30,2,monophasic
Modulated_autosave_20260715_170032_049ms,Thenar (L),L_The_ED_FD_FCR A,7,200.1588562354435,208.1588562354435,232.51866560801682,,,none,30.0,30,2,monophasic
Modulated_autosave_20260715_170032_049ms,Thenar (L),L_The_ED_FD_FCR A,8,233.51866560801682,241.51866560801682,265.8784749805937,,,none,30.0,30,2,monophasic
Modulated_autosave_20260715_170032_049ms,Thenar (L),L_The_ED_FD_FCR A,9,266.8784749805937,274.8784749805937,299.23828435316705,,,none,30.0,30,2,monophasic
Modulated_autosave_20260715_170032_049ms,Thenar (L),L_The_ED_FD_FCR A,10,300.23828435316705,308.23828435316705,332.59809372574034,,,none,30.0,30,2,monophasic
Modulated_autosave_20260715_170032_049ms,Thenar (L),L_The_ED_FD_FCR A,1,0.7942811762902124,8.794281176290212,32.359809372573324,,,none,30.0,35,2,monophasic
Modulated_autosave_20260715_170032_049ms,Thenar (L),L_The_ED_FD_FCR A,2,33.359809372573324,41.359809372573324,65.71961874514665,,,none,30.0,35,2,monophasic
Modulated_autosave_20260715_170032_049ms,Thenar (L),L_The_ED_FD_FCR A,3,66.71961874514665,74.71961874514665,99.07942811771997,,,none,30.0,35,2,monophasic
Modulated_autosave_20260715_170032_049ms,Thenar (L),L_The_ED_FD_FCR A,4,100.07942811771997,108.07942811771997,132.43923749029685,,,none,30.0,35,2,monophasic
Modulated_autosave_20260715_170032_049ms,Thenar (L),L_The_ED_FD_FCR A,5,133.43923749029685,141.43923749029685,165.79904686287017,,,none,30.0,35,2,monophasic
Modulated_autosave_20260715_170032_049ms,Thenar (L),L_The_ED_FD_FCR A,6,166.79904686287017,174.79904686287017,199.1588562354435,,,none,30.0,35,2,monophasic
Modulated_autosave_20260715_170032_049ms,Thenar (L),L_The_ED_FD_FCR A,7,200.1588562354435,208.1588562354435,232.51866560801682,,,none,30.0,35,2,monophasic
Modulated_autosave_20260715_170032_049ms,Thenar (L),L_The_ED_FD_FCR A,8,233.51866560801682,241.51866560801682,265.8784749805937,,,none,30.0,35,2,monophasic
Modulated_autosave_20260715_170032_049ms,Thenar (L),L_The_ED_FD_FCR A,9,266.8784749805937,274.8784749805937,299.23828435316705,,,none,30.0,35,2,monophasic
Modulated_autosave_20260715_170032_049ms,Thenar (L),L_The_ED_FD_FCR A,10,300.23828435316705,308.23828435316705,332.59809372574034,,,none,30.0,35,2,monophasic
Modulated_autosave_20260715_170032_049ms,Thenar (L),L_The_ED_FD_FCR A,1,0.7942811762902124,8.794281176290212,32.359809372573324,,,none,30.0,40,2,monophasic
Modulated_autosave_20260715_170032_049ms,Thenar (L),L_The_ED_FD_FCR A,2,33.359809372573324,41.359809372573324,65.71961874514665,,,none,30.0,40,2,monophasic
Modulated_autosave_20260715_170032_049ms,Thenar (L),L_The_ED_FD_FCR A,3,66.71961874514665,74.71961874514665,99.07942811771997,,,none,30.0,40,2,monophasic
Modulated_autosave_20260715_170032_049ms,Thenar (L),L_The_ED_FD_FCR A,4,100.07942811771997,108.07942811771997,132.43923749029685,,,none,30.0,40,2,monophasic
Modulated_autosave_20260715_170032_049ms,Thenar (L),L_The_ED_FD_FCR A,5,133.43923749029685,141.43923749029685,165.79904686287017,,,none,30.0,40,2,monophasic
Modulated_autosave_20260715_170032_049ms,Thenar (L),L_The_ED_FD_FCR A,6,166.79904686287017,174.79904686287017,199.1588562354435,,,none,30.0,40,2,monophasic
Modulated_autosave_20260715_170032_049ms,Thenar (L),L_The_ED_FD_FCR A,7,200.1588562354435,208.1588562354435,232.51866560801682,,,none,30.0,40,2,monophasic
Modulated_autosave_20260715_170032_049ms,Thenar (L),L_The_ED_FD_FCR A,8,233.51866560801682,241.51866560801682,265.8784749805937,,,none,30.0,40,2,monophasic
Modulated_autosave_20260715_170032_049ms,Thenar (L),L_The_ED_FD_FCR A,9,266.8784749805937,274.8784749805937,299.23828435316705,,,none,30.0,40,2,monophasic
Modulated_autosave_20260715_170032_049ms,Thenar (L),L_The_ED_FD_FCR A,10,300.23828435316705,308.23828435316705,332.59809372574034,,,none,30.0,40,2,monophasic
Modulated_autosave_20260715_170032_049ms,Thenar (L),L_The_ED_FD_FCR A,1,0.7942811762902124,8.794281176290212,32.359809372573324,,,none,30.0,45,2,monophasic
Modulated_autosave_20260715_170032_049ms,Thenar (L),L_The_ED_FD_FCR A,2,33.359809372573324,41.359809372573324,65.71961874514665,,,none,30.0,45,2,monophasic
Modulated_autosave_20260715_170032_049ms,Thenar (L),L_The_ED_FD_FCR A,3,66.71961874514665,74.71961874514665,99.07942811771997,,,none,30.0,45,2,monophasic
Modulated_autosave_20260715_170032_049ms,Thenar (L),L_The_ED_FD_FCR A,4,100.07942811771997,108.07942811771997,132.43923749029685,,,none,30.0,45,2,monophasic
Modulated_autosave_20260715_170032_049ms,Thenar (L),L_The_ED_FD_FCR A,5,133.43923749029685,141.43923749029685,165.79904686287017,,,none,30.0,45,2,monophasic
Modulated_autosave_20260715_170032_049ms,Thenar (L),L_The_ED_FD_FCR A,6,166.79904686287017,174.79904686287017,199.1588562354435,,,none,30.0,45,2,monophasic
Modulated_autosave_20260715_170032_049ms,Thenar (L),L_The_ED_FD_FCR A,7,200.1588562354435,208.1588562354435,232.51866560801682,,,none,30.0,45,2,monophasic
Modulated_autosave_20260715_170032_049ms,Thenar (L),L_The_ED_FD_FCR A,8,233.51866560801682,241.51866560801682,265.8784749805937,,,none,30.0,45,2,monophasic
Modulated_autosave_20260715_170032_049ms,Thenar (L),L_The_ED_FD_FCR A,9,266.8784749805937,274.8784749805937,299.23828435316705,,,none,30.0,45,2,monophasic
Modulated_autosave_20260715_170032_049ms,Thenar (L),L_The_ED_FD_FCR A,10,300.23828435316705,308.23828435316705,332.59809372574034,,,none,30.0,45,2,monophasic
Modulated_autosave_20260715_170032_049ms,Thenar (L),L_The_ED_FD_FCR A,1,0.7942811762902124,8.794281176290212,32.359809372573324,,,none,30.0,50,2,monophasic
Modulated_autosave_20260715_170032_049ms,Thenar (L),L_The_ED_FD_FCR A,2,33.359809372573324,41.359809372573324,65.71961874514665,,,none,30.0,50,2,monophasic
Modulated_autosave_20260715_170032_049ms,Thenar (L),L_The_ED_FD_FCR A,3,66.71961874514665,74.71961874514665,99.07942811771997,,,none,30.0,50,2,monophasic
Modulated_autosave_20260715_170032_049ms,Thenar (L),L_The_ED_FD_FCR A,4,100.07942811771997,108.07942811771997,132.43923749029685,,,none,30.0,50,2,monophasic
Modulated_autosave_20260715_170032_049ms,Thenar (L),L_The_ED_FD_FCR A,5,133.43923749029685,141.43923749029685,165.79904686287017,,,none,30.0,50,2,monophasic
Modulated_autosave_20260715_170032_049ms,Thenar (L),L_The_ED_FD_FCR A,6,166.79904686287017,174.79904686287017,199.1588562354435,,,none,30.0,50,2,monophasic
Modulated_autosave_20260715_170032_049ms,Thenar (L),L_The_ED_FD_FCR A,7,200.1588562354435,208.1588562354435,232.51866560801682,,,none,30.0,50,2,monophasic
Modulated_autosave_20260715_170032_049ms,Thenar (L),L_The_ED_FD_FCR A,8,233.51866560801682,241.51866560801682,265.8784749805937,,,none,30.0,50,2,monophasic
Modulated_autosave_20260715_170032_049ms,Thenar (L),L_The_ED_FD_FCR A,9,266.8784749805937,274.8784749805937,299.23828435316705,,,none,30.0,50,2,monophasic
Modulated_autosave_20260715_170032_049ms,Thenar (L),L_The_ED_FD_FCR A,10,300.23828435316705,308.23828435316705,332.59809372574034,,,none,30.0,50,2,monophasic
Modulated_autosave_20260715_170032_049ms,Thenar (L),L_The_ED_FD_FCR A,1,0.7942811762902124,8.794281176290212,32.359809372573324,,,none,30.0,55,2,monophasic
Modulated_autosave_20260715_170032_049ms,Thenar (L),L_The_ED_FD_FCR A,2,33.359809372573324,41.359809372573324,65.71961874514665,,,none,30.0,55,2,monophasic
Modulated_autosave_20260715_170032_049ms,Thenar (L),L_The_ED_FD_FCR A,3,66.71961874514665,74.71961874514665,99.07942811771997,,,none,30.0,55,2,monophasic
Modulated_autosave_20260715_170032_049ms,Thenar (L),L_The_ED_FD_FCR A,4,100.07942811771997,108.07942811771997,132.43923749029685,,,none,30.0,55,2,monophasic
Modulated_autosave_20260715_170032_049ms,Thenar (L),L_The_ED_FD_FCR A,5,133.43923749029685,141.43923749029685,165.79904686287017,,,none,30.0,55,2,monophasic
Modulated_autosave_20260715_170032_049ms,Thenar (L),L_The_ED_FD_FCR A,6,166.79904686287017,174.79904686287017,199.1588562354435,,,none,30.0,55,2,monophasic
Modulated_autosave_20260715_170032_049ms,Thenar (L),L_The_ED_FD_FCR A,7,200.1588562354435,208.1588562354435,232.51866560801682,,,none,30.0,55,2,monophasic
Modulated_autosave_20260715_170032_049ms,Thenar (L),L_The_ED_FD_FCR A,8,233.51866560801682,241.51866560801682,265.8784749805937,,,none,30.0,55,2,monophasic
Modulated_autosave_20260715_170032_049ms,Thenar (L),L_The_ED_FD_FCR A,9,266.8784749805937,274.8784749805937,299.23828435316705,,,none,30.0,55,2,monophasic
Modulated_autosave_20260715_170032_049ms,Thenar (L),L_The_ED_FD_FCR A,10,300.23828435316705,308.23828435316705,332.59809372574034,,,none,30.0,55,2,monophasic
Modulated_autosave_20260715_170032_049ms,Thenar (L),L_The_ED_FD_FCR A,1,0.7942811762902124,8.794281176290212,32.359809372573324,,,none,30.0,60,2,monophasic
Modulated_autosave_20260715_170032_049ms,Thenar (L),L_The_ED_FD_FCR A,2,33.359809372573324,41.359809372573324,65.71961874514665,,,none,30.0,60,2,monophasic
Modulated_autosave_20260715_170032_049ms,Thenar (L),L_The_ED_FD_FCR A,3,66.71961874514665,74.71961874514665,99.07942811771997,,,none,30.0,60,2,monophasic
Modulated_autosave_20260715_170032_049ms,Thenar (L),L_The_ED_FD_FCR A,4,100.07942811771997,108.07942811771997,132.43923749029685,,,none,30.0,60,2,monophasic
Modulated_autosave_20260715_170032_049ms,Thenar (L),L_The_ED_FD_FCR A,5,133.43923749029685,141.43923749029685,165.79904686287017,,,none,30.0,60,2,monophasic
Modulated_autosave_20260715_170032_049ms,Thenar (L),L_The_ED_FD_FCR A,6,166.79904686287017,174.79904686287017,199.1588562354435,,,none,30.0,60,2,monophasic
Modulated_autosave_20260715_170032_049ms,Thenar (L),L_The_ED_FD_FCR A,7,200.1588562354435,208.1588562354435,232.51866560801682,,,none,30.0,60,2,monophasic
Modulated_autosave_20260715_170032_049ms,Thenar (L),L_The_ED_FD_FCR A,8,233.51866560801682,241.51866560801682,265.8784749805937,,,none,30.0,60,2,monophasic
Modulated_autosave_20260715_170032_049ms,Thenar (L),L_The_ED_FD_FCR A,9,266.8784749805937,274.8784749805937,299.23828435316705,,,none,30.0,60,2,monophasic
Modulated_autosave_20260715_170032_049ms,Thenar (L),L_The_ED_FD_FCR A,10,300.23828435316705,308.23828435316705,332.59809372574034,,,none,30.0,60,2,monophasic
Modulated_autosave_20260715_170032_049ms,Thenar (L),L_The_ED_FD_FCR A,1,0.7942811762902124,8.794281176290212,32.359809372573324,,,none,30.0,65,2,monophasic
Modulated_autosave_20260715_170032_049ms,Thenar (L),L_The_ED_FD_FCR A,2,33.359809372573324,41.359809372573324,65.71961874514665,,,none,30.0,65,2,monophasic
Modulated_autosave_20260715_170032_049ms,Thenar (L),L_The_ED_FD_FCR A,3,66.71961874514665,74.71961874514665,99.07942811771997,,,none,30.0,65,2,monophasic
Modulated_autosave_20260715_170032_049ms,Thenar (L),L_The_ED_FD_FCR A,4,100.07942811771997,108.07942811771997,132.43923749029685,,,none,30.0,65,2,monophasic
Modulated_autosave_20260715_170032_049ms,Thenar (L),L_The_ED_FD_FCR A,5,133.43923749029685,141.43923749029685,165.79904686287017,,,none,30.0,65,2,monophasic
Modulated_autosave_20260715_170032_049ms,Thenar (L),L_The_ED_FD_FCR A,6,166.79904686287017,174.79904686287017,199.1588562354435,,,none,30.0,65,2,monophasic
Modulated_autosave_20260715_170032_049ms,Thenar (L),L_The_ED_FD_FCR A,7,200.1588562354435,208.1588562354435,232.51866560801682,,,none,30.0,65,2,monophasic
Modulated_autosave_20260715_170032_049ms,Thenar (L),L_The_ED_FD_FCR A,8,233.51866560801682,241.51866560801682,265.8784749805937,,,none,30.0,65,2,monophasic
Modulated_autosave_20260715_170032_049ms,Thenar (L),L_The_ED_FD_FCR A,9,266.8784749805937,274.8784749805937,299.23828435316705,,,none,30.0,65,2,monophasic
Modulated_autosave_20260715_170032_049ms,Thenar (L),L_The_ED_FD_FCR A,10,300.23828435316705,308.23828435316705,332.59809372574034,,,none,30.0,65,2,monophasic
Modulated_autosave_20260715_170032_049ms,Thenar (L),L_The_ED_FD_FCR A,1,0.7942811762902124,8.794281176290212,32.359809372573324,,,none,30.0,70,2,monophasic
Modulated_autosave_20260715_170032_049ms,Thenar (L),L_The_ED_FD_FCR A,2,33.359809372573324,41.359809372573324,65.71961874514665,,,none,30.0,70,2,monophasic
Modulated_autosave_20260715_170032_049ms,Thenar (L),L_The_ED_FD_FCR A,3,66.71961874514665,74.71961874514665,99.07942811771997,,,none,30.0,70,2,monophasic
Modulated_autosave_20260715_170032_049ms,Thenar (L),L_The_ED_FD_FCR A,4,100.07942811771997,108.07942811771997,132.43923749029685,,,none,30.0,70,2,monophasic
Modulated_autosave_20260715_170032_049ms,Thenar (L),L_The_ED_FD_FCR A,5,133.43923749029685,141.43923749029685,165.79904686287017,,,none,30.0,70,2,monophasic
Modulated_autosave_20260715_170032_049ms,Thenar (L),L_The_ED_FD_FCR A,6,166.79904686287017,174.79904686287017,199.1588562354435,,,none,30.0,70,2,monophasic
Modulated_autosave_20260715_170032_049ms,Thenar (L),L_The_ED_FD_FCR A,7,200.1588562354435,208.1588562354435,232.51866560801682,,,none,30.0,70,2,monophasic
Modulated_autosave_20260715_170032_049ms,Thenar (L),L_The_ED_FD_FCR A,8,233.51866560801682,241.51866560801682,265.8784749805937,,,none,30.0,70,2,monophasic
Modulated_autosave_20260715_170032_049ms,Thenar (L),L_The_ED_FD_FCR A,9,266.8784749805937,274.8784749805937,299.23828435316705,,,none,30.0,70,2,monophasic
Modulated_autosave_20260715_170032_049ms,Thenar (L),L_The_ED_FD_FCR A,10,300.23828435316705,308.23828435316705,332.59809372574034,,,none,30.0,70,2,monophasic
Modulated_autosave_20260715_170032_049ms,Thenar (L),L_The_ED_FD_FCR A,1,0.7942811762902124,8.794281176290212,32.359809372573324,,,none,30.0,75,2,monophasic
Modulated_autosave_20260715_170032_049ms,Thenar (L),L_The_ED_FD_FCR A,2,33.359809372573324,41.359809372573324,65.71961874514665,,,none,30.0,75,2,monophasic
Modulated_autosave_20260715_170032_049ms,Thenar (L),L_The_ED_FD_FCR A,3,66.71961874514665,74.71961874514665,99.07942811771997,,,none,30.0,75,2,monophasic
Modulated_autosave_20260715_170032_049ms,Thenar (L),L_The_ED_FD_FCR A,4,100.07942811771997,108.07942811771997,132.43923749029685,,,none,30.0,75,2,monophasic
Modulated_autosave_20260715_170032_049ms,Thenar (L),L_The_ED_FD_FCR A,5,133.43923749029685,141.43923749029685,165.79904686287017,,,none,30.0,75,2,monophasic
Modulated_autosave_20260715_170032_049ms,Thenar (L),L_The_ED_FD_FCR A,6,166.79904686287017,174.79904686287017,199.1588562354435,,,none,30.0,75,2,monophasic
Modulated_autosave_20260715_170032_049ms,Thenar (L),L_The_ED_FD_FCR A,7,200.1588562354435,208.1588562354435,232.51866560801682,,,none,30.0,75,2,monophasic
Modulated_autosave_20260715_170032_049ms,Thenar (L),L_The_ED_FD_FCR A,8,233.51866560801682,241.51866560801682,265.8784749805937,,,none,30.0,75,2,monophasic
Modulated_autosave_20260715_170032_049ms,Thenar (L),L_The_ED_FD_FCR A,9,266.8784749805937,274.8784749805937,299.23828435316705,,,none,30.0,75,2,monophasic
Modulated_autosave_20260715_170032_049ms,Thenar (L),L_The_ED_FD_FCR A,10,300.23828435316705,308.23828435316705,332.59809372574034,,,none,30.0,75,2,monophasic
Modulated_autosave_20260715_170032_049ms,Thenar (L),L_The_ED_FD_FCR A,1,0.7942811762902124,8.794281176290212,32.359809372573324,,,none,30.0,80,2,monophasic
Modulated_autosave_20260715_170032_049ms,Thenar (L),L_The_ED_FD_FCR A,2,33.359809372573324,41.359809372573324,65.71961874514665,,,none,30.0,80,2,monophasic
Modulated_autosave_20260715_170032_049ms,Thenar (L),L_The_ED_FD_FCR A,3,66.71961874514665,74.71961874514665,99.07942811771997,,,none,30.0,80,2,monophasic
Modulated_autosave_20260715_170032_049ms,Thenar (L),L_The_ED_FD_FCR A,4,100.07942811771997,108.07942811771997,132.43923749029685,,,none,30.0,80,2,monophasic
Modulated_autosave_20260715_170032_049ms,Thenar (L),L_The_ED_FD_FCR A,5,133.43923749029685,141.43923749029685,165.79904686287017,,,none,30.0,80,2,monophasic
Modulated_autosave_20260715_170032_049ms,Thenar (L),L_The_ED_FD_FCR A,6,166.79904686287017,174.79904686287017,199.1588562354435,,,none,30.0,80,2,monophasic
Modulated_autosave_20260715_170032_049ms,Thenar (L),L_The_ED_FD_FCR A,7,200.1588562354435,208.1588562354435,232.51866560801682,,,none,30.0,80,2,monophasic
Modulated_autosave_20260715_170032_049ms,Thenar (L),L_The_ED_FD_FCR A,8,233.51866560801682,241.51866560801682,265.8784749805937,,,none,30.0,80,2,monophasic
Modulated_autosave_20260715_170032_049ms,Thenar (L),L_The_ED_FD_FCR A,9,266.8784749805937,274.8784749805937,299.23828435316705,,,none,30.0,80,2,monophasic
Modulated_autosave_20260715_170032_049ms,Thenar (L),L_The_ED_FD_FCR A,10,300.23828435316705,308.23828435316705,332.59809372574034,,,none,30.0,80,2,monophasic
Modulated_autosave_20260715_170032_049ms,Thenar (L),L_The_ED_FD_FCR A,1,0.7942811762902124,8.794281176290212,32.359809372573324,,,none,30.0,85,2,monophasic
Modulated_autosave_20260715_170032_049ms,Thenar (L),L_The_ED_FD_FCR A,2,33.359809372573324,41.359809372573324,65.71961874514665,,,none,30.0,85,2,monophasic
Modulated_autosave_20260715_170032_049ms,Thenar (L),L_The_ED_FD_FCR A,3,66.71961874514665,74.71961874514665,99.07942811771997,,,none,30.0,85,2,monophasic
Modulated_autosave_20260715_170032_049ms,Thenar (L),L_The_ED_FD_FCR A,4,100.07942811771997,108.07942811771997,132.43923749029685,,,none,30.0,85,2,monophasic
Modulated_autosave_20260715_170032_049ms,Thenar (L),L_The_ED_FD_FCR A,5,133.43923749029685,141.43923749029685,165.79904686287017,,,none,30.0,85,2,monophasic
Modulated_autosave_20260715_170032_049ms,Thenar (L),L_The_ED_FD_FCR A,6,166.79904686287017,174.79904686287017,199.1588562354435,,,none,30.0,85,2,monophasic
Modulated_autosave_20260715_170032_049ms,Thenar (L),L_The_ED_FD_FCR A,7,200.1588562354435,208.1588562354435,232.51866560801682,,,none,30.0,85,2,monophasic
Modulated_autosave_20260715_170032_049ms,Thenar (L),L_The_ED_FD_FCR A,8,233.51866560801682,241.51866560801682,265.8784749805937,,,none,30.0,85,2,monophasic
Modulated_autosave_20260715_170032_049ms,Thenar (L),L_The_ED_FD_FCR A,9,266.8784749805937,274.8784749805937,299.23828435316705,,,none,30.0,85,2,monophasic
Modulated_autosave_20260715_170032_049ms,Thenar (L),L_The_ED_FD_FCR A,10,300.23828435316705,308.23828435316705,332.59809372574034,,,none,30.0,85,2,monophasic
Modulated_autosave_20260715_170032_049ms,Thenar (L),L_The_ED_FD_FCR A,1,0.7942811762902124,8.794281176290212,32.359809372573324,,,none,30.0,90,2,monophasic
Modulated_autosave_20260715_170032_049ms,Thenar (L),L_The_ED_FD_FCR A,2,33.359809372573324,41.359809372573324,65.71961874514665,,,none,30.0,90,2,monophasic
Modulated_autosave_20260715_170032_049ms,Thenar (L),L_The_ED_FD_FCR A,3,66.71961874514665,74.71961874514665,99.07942811771997,,,none,30.0,90,2,monophasic
Modulated_autosave_20260715_170032_049ms,Thenar (L),L_The_ED_FD_FCR A,4,100.07942811771997,108.07942811771997,132.43923749029685,,,none,30.0,90,2,monophasic
Modulated_autosave_20260715_170032_049ms,Thenar (L),L_The_ED_FD_FCR A,5,133.43923749029685,141.43923749029685,165.79904686287017,,,none,30.0,90,2,monophasic
Modulated_autosave_20260715_170032_049ms,Thenar (L),L_The_ED_FD_FCR A,6,166.79904686287017,174.79904686287017,199.1588562354435,,,none,30.0,90,2,monophasic
Modulated_autosave_20260715_170032_049ms,Thenar (L),L_The_ED_FD_FCR A,7,200.1588562354435,208.1588562354435,232.51866560801682,,,none,30.0,90,2,monophasic
Modulated_autosave_20260715_170032_049ms,Thenar (L),L_The_ED_FD_FCR A,8,233.51866560801682,241.51866560801682,265.8784749805937,,,none,30.0,90,2,monophasic
Modulated_autosave_20260715_170032_049ms,Thenar (L),L_The_ED_FD_FCR A,9,266.8784749805937,274.8784749805937,299.23828435316705,,,none,30.0,90,2,monophasic
Modulated_autosave_20260715_170032_049ms,Thenar (L),L_The_ED_FD_FCR A,10,300.23828435316705,308.23828435316705,332.59809372574034,,,none,30.0,90,2,monophasic
Modulated_autosave_20260715_170032_049ms,Thenar (L),L_The_ED_FD_FCR A,1,0.7942811762902124,8.794281176290212,32.359809372573324,,,none,30.0,95,2,monophasic
Modulated_autosave_20260715_170032_049ms,Thenar (L),L_The_ED_FD_FCR A,2,33.359809372573324,41.359809372573324,65.71961874514665,,,none,30.0,95,2,monophasic
Modulated_autosave_20260715_170032_049ms,Thenar (L),L_The_ED_FD_FCR A,3,66.71961874514665,74.71961874514665,99.07942811771997,,,none,30.0,95,2,monophasic
Modulated_autosave_20260715_170032_049ms,Thenar (L),L_The_ED_FD_FCR A,4,100.07942811771997,108.07942811771997,132.43923749029685,,,none,30.0,95,2,monophasic
Modulated_autosave_20260715_170032_049ms,Thenar (L),L_The_ED_FD_FCR A,5,133.43923749029685,141.43923749029685,165.79904686287017,,,none,30.0,95,2,monophasic
Modulated_autosave_20260715_170032_049ms,Thenar (L),L_The_ED_FD_FCR A,6,166.79904686287017,174.79904686287017,199.1588562354435,,,none,30.0,95,2,monophasic
Modulated_autosave_20260715_170032_049ms,Thenar (L),L_The_ED_FD_FCR A,7,200.1588562354435,208.1588562354435,232.51866560801682,,,none,30.0,95,2,monophasic
Modulated_autosave_20260715_170032_049ms,Thenar (L),L_The_ED_FD_FCR A,8,233.51866560801682,241.51866560801682,265.8784749805937,,,none,30.0,95,2,monophasic
Modulated_autosave_20260715_170032_049ms,Thenar (L),L_The_ED_FD_FCR A,9,266.8784749805937,274.8784749805937,299.23828435316705,,,none,30.0,95,2,monophasic
Modulated_autosave_20260715_170032_049ms,Thenar (L),L_The_ED_FD_FCR A,10,300.23828435316705,308.23828435316705,332.59809372574034,,,none,30.0,95,2,monophasic
Modulated_autosave_20260715_170032_049ms,Thenar (L),L_The_ED_FD_FCR A,1,0.7942811762902124,8.794281176290212,32.359809372573324,,,none,30.0,100,2,monophasic
Modulated_autosave_20260715_170032_049ms,Thenar (L),L_The_ED_FD_FCR A,2,33.359809372573324,41.359809372573324,65.71961874514665,,,none,30.0,100,2,monophasic
Modulated_autosave_20260715_170032_049ms,Thenar (L),L_The_ED_FD_FCR A,3,66.71961874514665,74.71961874514665,99.07942811771997,,,none,30.0,100,2,monophasic
Modulated_autosave_20260715_170032_049ms,Thenar (L),L_The_ED_FD_FCR A,4,100.07942811771997,108.07942811771997,132.43923749029685,,,none,30.0,100,2,monophasic
Modulated_autosave_20260715_170032_049ms,Thenar (L),L_The_ED_FD_FCR A,5,133.43923749029685,141.43923749029685,165.79904686287017,,,none,30.0,100,2,monophasic
Modulated_autosave_20260715_170032_049ms,Thenar (L),L_The_ED_FD_FCR A,6,166.79904686287017,174.79904686287017,199.1588562354435,,,none,30.0,100,2,monophasic
Modulated_autosave_20260715_170032_049ms,Thenar (L),L_The_ED_FD_FCR A,7,200.1588562354435,208.1588562354435,232.51866560801682,,,none,30.0,100,2,monophasic
Modulated_autosave_20260715_170032_049ms,Thenar (L),L_The_ED_FD_FCR A,8,233.51866560801682,241.51866560801682,265.8784749805937,,,none,30.0,100,2,monophasic
Modulated_autosave_20260715_170032_049ms,Thenar (L),L_The_ED_FD_FCR A,9,266.8784749805937,274.8784749805937,299.23828435316705,,,none,30.0,100,2,monophasic
Modulated_autosave_20260715_170032_049ms,Thenar (L),L_The_ED_FD_FCR A,10,300.23828435316705,308.23828435316705,332.59809372574034,,,none,30.0,100,2,monophasic
Modulated_autosave_20260715_170032_049ms,Thenar (L),L_The_ED_FD_FCR A,1,0.7942811762902124,8.794281176290212,32.359809372573324,,,none,30.0,105,2,monophasic
Modulated_autosave_20260715_170032_049ms,Thenar (L),L_The_ED_FD_FCR A,2,33.359809372573324,41.359809372573324,65.71961874514665,,,none,30.0,105,2,monophasic
Modulated_autosave_20260715_170032_049ms,Thenar (L),L_The_ED_FD_FCR A,3,66.71961874514665,74.71961874514665,99.07942811771997,,,none,30.0,105,2,monophasic
Modulated_autosave_20260715_170032_049ms,Thenar (L),L_The_ED_FD_FCR A,4,100.07942811771997,108.07942811771997,132.43923749029685,,,none,30.0,105,2,monophasic
Modulated_autosave_20260715_170032_049ms,Thenar (L),L_The_ED_FD_FCR A,5,133.43923749029685,141.43923749029685,165.79904686287017,,,none,30.0,105,2,monophasic
Modulated_autosave_20260715_170032_049ms,Thenar (L),L_The_ED_FD_FCR A,6,166.79904686287017,174.79904686287017,199.1588562354435,,,none,30.0,105,2,monophasic
Modulated_autosave_20260715_170032_049ms,Thenar (L),L_The_ED_FD_FCR A,7,200.1588562354435,208.1588562354435,232.51866560801682,,,none,30.0,105,2,monophasic
Modulated_autosave_20260715_170032_049ms,Thenar (L),L_The_ED_FD_FCR A,8,233.51866560801682,241.51866560801682,265.8784749805937,,,none,30.0,105,2,monophasic
Modulated_autosave_20260715_170032_049ms,Thenar (L),L_The_ED_FD_FCR A,9,266.8784749805937,274.8784749805937,299.23828435316705,,,none,30.0,105,2,monophasic
Modulated_autosave_20260715_170032_049ms,Thenar (L),L_The_ED_FD_FCR A,10,300.23828435316705,308.23828435316705,332.59809372574034,,,none,30.0,105,2,monophasic
Modulated_autosave_20260715_170032_049ms,Thenar (L),L_The_ED_FD_FCR A,1,0.7942811762902124,8.794281176290212,32.359809372573324,,,none,30.0,110,2,monophasic
Modulated_autosave_20260715_170032_049ms,Thenar (L),L_The_ED_FD_FCR A,2,33.359809372573324,41.359809372573324,65.71961874514665,,,none,30.0,110,2,monophasic
Modulated_autosave_20260715_170032_049ms,Thenar (L),L_The_ED_FD_FCR A,3,66.71961874514665,74.71961874514665,99.07942811771997,,,none,30.0,110,2,monophasic
Modulated_autosave_20260715_170032_049ms,Thenar (L),L_The_ED_FD_FCR A,4,100.07942811771997,108.07942811771997,132.43923749029685,,,none,30.0,110,2,monophasic
Modulated_autosave_20260715_170032_049ms,Thenar (L),L_The_ED_FD_FCR A,5,133.43923749029685,141.43923749029685,165.79904686287017,,,none,30.0,110,2,monophasic
Modulated_autosave_20260715_170032_049ms,Thenar (L),L_The_ED_FD_FCR A,6,166.79904686287017,174.79904686287017,199.1588562354435,,,none,30.0,110,2,monophasic
Modulated_autosave_20260715_170032_049ms,Thenar (L),L_The_ED_FD_FCR A,7,200.1588562354435,208.1588562354435,232.51866560801682,,,none,30.0,110,2,monophasic
Modulated_autosave_20260715_170032_049ms,Thenar (L),L_The_ED_FD_FCR A,8,233.51866560801682,241.51866560801682,265.8784749805937,,,none,30.0,110,2,monophasic
Modulated_autosave_20260715_170032_049ms,Thenar (L),L_The_ED_FD_FCR A,9,266.8784749805937,274.8784749805937,299.23828435316705,,,none,30.0,110,2,monophasic
Modulated_autosave_20260715_170032_049ms,Thenar (L),L_The_ED_FD_FCR A,10,300.23828435316705,308.23828435316705,332.59809372574034,,,none,30.0,110,2,monophasic
Modulated_autosave_20260715_170032_049ms,Thenar (L),L_The_ED_FD_FCR A,1,0.7942811762902124,8.794281176290212,32.359809372573324,,,none,30.0,115,2,monophasic
Modulated_autosave_20260715_170032_049ms,Thenar (L),L_The_ED_FD_FCR A,2,33.359809372573324,41.359809372573324,65.71961874514665,,,none,30.0,115,2,monophasic
Modulated_autosave_20260715_170032_049ms,Thenar (L),L_The_ED_FD_FCR A,3,66.71961874514665,74.71961874514665,99.07942811771997,,,none,30.0,115,2,monophasic
Modulated_autosave_20260715_170032_049ms,Thenar (L),L_The_ED_FD_FCR A,4,100.07942811771997,108.07942811771997,132.43923749029685,,,none,30.0,115,2,monophasic
Modulated_autosave_20260715_170032_049ms,Thenar (L),L_The_ED_FD_FCR A,5,133.43923749029685,141.43923749029685,165.79904686287017,,,none,30.0,115,2,monophasic
Modulated_autosave_20260715_170032_049ms,Thenar (L),L_The_ED_FD_FCR A,6,166.79904686287017,174.79904686287017,199.1588562354435,,,none,30.0,115,2,monophasic
Modulated_autosave_20260715_170032_049ms,Thenar (L),L_The_ED_FD_FCR A,7,200.1588562354435,208.1588562354435,232.51866560801682,,,none,30.0,115,2,monophasic
Modulated_autosave_20260715_170032_049ms,Thenar (L),L_The_ED_FD_FCR A,8,233.51866560801682,241.51866560801682,265.8784749805937,,,none,30.0,115,2,monophasic
Modulated_autosave_20260715_170032_049ms,Thenar (L),L_The_ED_FD_FCR A,9,266.8784749805937,274.8784749805937,299.23828435316705,,,none,30.0,115,2,monophasic
Modulated_autosave_20260715_170032_049ms,Thenar (L),L_The_ED_FD_FCR A,10,300.23828435316705,308.23828435316705,332.59809372574034,,,none,30.0,115,2,monophasic
Modulated_autosave_20260715_170032_049ms,Thenar (L),L_The_ED_FD_FCR A,1,0.7942811762902124,8.794281176290212,32.359809372573324,,,none,30.0,120,2,monophasic
Modulated_autosave_20260715_170032_049ms,Thenar (L),L_The_ED_FD_FCR A,2,33.359809372573324,41.359809372573324,65.71961874514665,,,none,30.0,120,2,monophasic
Modulated_autosave_20260715_170032_049ms,Thenar (L),L_The_ED_FD_FCR A,3,66.71961874514665,74.71961874514665,99.07942811771997,,,none,30.0,120,2,monophasic
Modulated_autosave_20260715_170032_049ms,Thenar (L),L_The_ED_FD_FCR A,4,100.07942811771997,108.07942811771997,132.43923749029685,,,none,30.0,120,2,monophasic
Modulated_autosave_20260715_170032_049ms,Thenar (L),L_The_ED_FD_FCR A,5,133.43923749029685,141.43923749029685,165.79904686287017,,,none,30.0,120,2,monophasic
Modulated_autosave_20260715_170032_049ms,Thenar (L),L_The_ED_FD_FCR A,6,166.79904686287017,174.79904686287017,199.1588562354435,,,none,30.0,120,2,monophasic
Modulated_autosave_20260715_170032_049ms,Thenar (L),L_The_ED_FD_FCR A,7,200.1588562354435,208.1588562354435,232.51866560801682,,,none,30.0,120,2,monophasic
Modulated_autosave_20260715_170032_049ms,Thenar (L),L_The_ED_FD_FCR A,8,233.51866560801682,241.51866560801682,265.8784749805937,,,none,30.0,120,2,monophasic
Modulated_autosave_20260715_170032_049ms,Thenar (L),L_The_ED_FD_FCR A,9,266.8784749805937,274.8784749805937,299.23828435316705,,,none,30.0,120,2,monophasic
Modulated_autosave_20260715_170032_049ms,Thenar (L),L_The_ED_FD_FCR A,10,300.23828435316705,308.23828435316705,332.59809372574034,,,none,30.0,120,2,monophasic
Modulated_autosave_20260715_170032_049ms,Thenar (L),L_The_ED_FD_FCR A,1,0.7942811762902124,8.794281176290212,32.359809372573324,,,none,30.0,125,2,monophasic
Modulated_autosave_20260715_170032_049ms,Thenar (L),L_The_ED_FD_FCR A,2,33.359809372573324,41.359809372573324,65.71961874514665,,,none,30.0,125,2,monophasic
Modulated_autosave_20260715_170032_049ms,Thenar (L),L_The_ED_FD_FCR A,3,66.71961874514665,74.71961874514665,99.07942811771997,,,none,30.0,125,2,monophasic
Modulated_autosave_20260715_170032_049ms,Thenar (L),L_The_ED_FD_FCR A,4,100.07942811771997,108.07942811771997,132.43923749029685,,,none,30.0,125,2,monophasic
Modulated_autosave_20260715_170032_049ms,Thenar (L),L_The_ED_FD_FCR A,5,133.43923749029685,141.43923749029685,165.79904686287017,,,none,30.0,125,2,monophasic
Modulated_autosave_20260715_170032_049ms,Thenar (L),L_The_ED_FD_FCR A,6,166.79904686287017,174.79904686287017,199.1588562354435,,,none,30.0,125,2,monophasic
Modulated_autosave_20260715_170032_049ms,Thenar (L),L_The_ED_FD_FCR A,7,200.1588562354435,208.1588562354435,232.51866560801682,,,none,30.0,125,2,monophasic
Modulated_autosave_20260715_170032_049ms,Thenar (L),L_The_ED_FD_FCR A,8,233.51866560801682,241.51866560801682,265.8784749805937,,,none,30.0,125,2,monophasic
Modulated_autosave_20260715_170032_049ms,Thenar (L),L_The_ED_FD_FCR A,9,266.8784749805937,274.8784749805937,299.23828435316705,,,none,30.0,125,2,monophasic
Modulated_autosave_20260715_170032_049ms,Thenar (L),L_The_ED_FD_FCR A,10,300.23828435316705,308.23828435316705,332.59809372574034,,,none,30.0,125,2,monophasic
Modulated_autosave_20260715_170032_049ms,Ext. digitorum (L),L_The_ED_FD_FCR B,1,0.7942811762902124,8.794281176290212,32.359809372573324,,,none,30.0,30,2,monophasic
Modulated_autosave_20260715_170032_049ms,Ext. digitorum (L),L_The_ED_FD_FCR B,2,33.359809372573324,41.359809372573324,65.71961874514665,,,none,30.0,30,2,monophasic
Modulated_autosave_20260715_170032_049ms,Ext. digitorum (L),L_The_ED_FD_FCR B,3,66.71961874514665,74.71961874514665,99.07942811771997,,,none,30.0,30,2,monophasic
Modulated_autosave_20260715_170032_049ms,Ext. digitorum (L),L_The_ED_FD_FCR B,4,100.07942811771997,108.07942811771997,132.43923749029685,,,none,30.0,30,2,monophasic
Modulated_autosave_20260715_170032_049ms,Ext. digitorum (L),L_The_ED_FD_FCR B,5,133.43923749029685,141.43923749029685,165.79904686287017,,,none,30.0,30,2,monophasic
Modulated_autosave_20260715_170032_049ms,Ext. digitorum (L),L_The_ED_FD_FCR B,6,166.79904686287017,174.79904686287017,199.1588562354435,,,none,30.0,30,2,monophasic
Modulated_autosave_20260715_170032_049ms,Ext. digitorum (L),L_The_ED_FD_FCR B,7,200.1588562354435,208.1588562354435,232.51866560801682,,,none,30.0,30,2,monophasic
Modulated_autosave_20260715_170032_049ms,Ext. digitorum (L),L_The_ED_FD_FCR B,8,233.51866560801682,241.51866560801682,265.8784749805937,,,none,30.0,30,2,monophasic
Modulated_autosave_20260715_170032_049ms,Ext. digitorum (L),L_The_ED_FD_FCR B,9,266.8784749805937,274.8784749805937,299.23828435316705,,,none,30.0,30,2,monophasic
Modulated_autosave_20260715_170032_049ms,Ext. digitorum (L),L_The_ED_FD_FCR B,10,300.23828435316705,308.23828435316705,332.59809372574034,,,none,30.0,30,2,monophasic
Modulated_autosave_20260715_170032_049ms,Ext. digitorum (L),L_The_ED_FD_FCR B,1,0.7942811762902124,8.794281176290212,32.359809372573324,,,none,30.0,35,2,monophasic
Modulated_autosave_20260715_170032_049ms,Ext. digitorum (L),L_The_ED_FD_FCR B,2,33.359809372573324,41.359809372573324,65.71961874514665,,,none,30.0,35,2,monophasic
Modulated_autosave_20260715_170032_049ms,Ext. digitorum (L),L_The_ED_FD_FCR B,3,66.71961874514665,74.71961874514665,99.07942811771997,,,none,30.0,35,2,monophasic
Modulated_autosave_20260715_170032_049ms,Ext. digitorum (L),L_The_ED_FD_FCR B,4,100.07942811771997,108.07942811771997,132.43923749029685,,,none,30.0,35,2,monophasic
Modulated_autosave_20260715_170032_049ms,Ext. digitorum (L),L_The_ED_FD_FCR B,5,133.43923749029685,141.43923749029685,165.79904686287017,,,none,30.0,35,2,monophasic
Modulated_autosave_20260715_170032_049ms,Ext. digitorum (L),L_The_ED_FD_FCR B,6,166.79904686287017,174.79904686287017,199.1588562354435,,,none,30.0,35,2,monophasic
Modulated_autosave_20260715_170032_049ms,Ext. digitorum (L),L_The_ED_FD_FCR B,7,200.1588562354435,208.1588562354435,232.51866560801682,,,none,30.0,35,2,monophasic
Modulated_autosave_20260715_170032_049ms,Ext. digitorum (L),L_The_ED_FD_FCR B,8,233.51866560801682,241.51866560801682,265.8784749805937,,,none,30.0,35,2,monophasic
Modulated_autosave_20260715_170032_049ms,Ext. digitorum (L),L_The_ED_FD_FCR B,9,266.8784749805937,274.8784749805937,299.23828435316705,,,none,30.0,35,2,monophasic
Modulated_autosave_20260715_170032_049ms,Ext. digitorum (L),L_The_ED_FD_FCR B,10,300.23828435316705,308.23828435316705,332.59809372574034,,,none,30.0,35,2,monophasic
Modulated_autosave_20260715_170032_049ms,Ext. digitorum (L),L_The_ED_FD_FCR B,1,0.7942811762902124,8.794281176290212,32.359809372573324,,,none,30.0,40,2,monophasic
Modulated_autosave_20260715_170032_049ms,Ext. digitorum (L),L_The_ED_FD_FCR B,2,33.359809372573324,41.359809372573324,65.71961874514665,,,none,30.0,40,2,monophasic
Modulated_autosave_20260715_170032_049ms,Ext. digitorum (L),L_The_ED_FD_FCR B,3,66.71961874514665,74.71961874514665,99.07942811771997,,,none,30.0,40,2,monophasic
Modulated_autosave_20260715_170032_049ms,Ext. digitorum (L),L_The_ED_FD_FCR B,4,100.07942811771997,108.07942811771997,132.43923749029685,,,none,30.0,40,2,monophasic
Modulated_autosave_20260715_170032_049ms,Ext. digitorum (L),L_The_ED_FD_FCR B,5,133.43923749029685,141.43923749029685,165.79904686287017,,,none,30.0,40,2,monophasic
Modulated_autosave_20260715_170032_049ms,Ext. digitorum (L),L_The_ED_FD_FCR B,6,166.79904686287017,174.79904686287017,199.1588562354435,,,none,30.0,40,2,monophasic
Modulated_autosave_20260715_170032_049ms,Ext. digitorum (L),L_The_ED_FD_FCR B,7,200.1588562354435,208.1588562354435,232.51866560801682,,,none,30.0,40,2,monophasic
Modulated_autosave_20260715_170032_049ms,Ext. digitorum (L),L_The_ED_FD_FCR B,8,233.51866560801682,241.51866560801682,265.8784749805937,,,none,30.0,40,2,monophasic
Modulated_autosave_20260715_170032_049ms,Ext. digitorum (L),L_The_ED_FD_FCR B,9,266.8784749805937,274.8784749805937,299.23828435316705,,,none,30.0,40,2,monophasic
Modulated_autosave_20260715_170032_049ms,Ext. digitorum (L),L_The_ED_FD_FCR B,10,300.23828435316705,308.23828435316705,332.59809372574034,,,none,30.0,40,2,monophasic
Modulated_autosave_20260715_170032_049ms,Ext. digitorum (L),L_The_ED_FD_FCR B,1,0.7942811762902124,8.794281176290212,32.359809372573324,,,none,30.0,45,2,monophasic
Modulated_autosave_20260715_170032_049ms,Ext. digitorum (L),L_The_ED_FD_FCR B,2,33.359809372573324,41.359809372573324,65.71961874514665,,,none,30.0,45,2,monophasic
Modulated_autosave_20260715_170032_049ms,Ext. digitorum (L),L_The_ED_FD_FCR B,3,66.71961874514665,74.71961874514665,99.07942811771997,,,none,30.0,45,2,monophasic
Modulated_autosave_20260715_170032_049ms,Ext. digitorum (L),L_The_ED_FD_FCR B,4,100.07942811771997,108.07942811771997,132.43923749029685,,,none,30.0,45,2,monophasic
Modulated_autosave_20260715_170032_049ms,Ext. digitorum (L),L_The_ED_FD_FCR B,5,133.43923749029685,141.43923749029685,165.79904686287017,,,none,30.0,45,2,monophasic
Modulated_autosave_20260715_170032_049ms,Ext. digitorum (L),L_The_ED_FD_FCR B,6,166.79904686287017,174.79904686287017,199.1588562354435,,,none,30.0,45,2,monophasic
Modulated_autosave_20260715_170032_049ms,Ext. digitorum (L),L_The_ED_FD_FCR B,7,200.1588562354435,208.1588562354435,232.51866560801682,,,none,30.0,45,2,monophasic
Modulated_autosave_20260715_170032_049ms,Ext. digitorum (L),L_The_ED_FD_FCR B,8,233.51866560801682,241.51866560801682,265.8784749805937,,,none,30.0,45,2,monophasic
Modulated_autosave_20260715_170032_049ms,Ext. digitorum (L),L_The_ED_FD_FCR B,9,266.8784749805937,274.8784749805937,299.23828435316705,,,none,30.0,45,2,monophasic
Modulated_autosave_20260715_170032_049ms,Ext. digitorum (L),L_The_ED_FD_FCR B,10,300.23828435316705,308.23828435316705,332.59809372574034,,,none,30.0,45,2,monophasic
Modulated_autosave_20260715_170032_049ms,Ext. digitorum (L),L_The_ED_FD_FCR B,1,0.7942811762902124,8.794281176290212,32.359809372573324,,,none,30.0,50,2,monophasic
Modulated_autosave_20260715_170032_049ms,Ext. digitorum (L),L_The_ED_FD_FCR B,2,33.359809372573324,41.359809372573324,65.71961874514665,,,none,30.0,50,2,monophasic
Modulated_autosave_20260715_170032_049ms,Ext. digitorum (L),L_The_ED_FD_FCR B,3,66.71961874514665,74.71961874514665,99.07942811771997,,,none,30.0,50,2,monophasic
Modulated_autosave_20260715_170032_049ms,Ext. digitorum (L),L_The_ED_FD_FCR B,4,100.07942811771997,108.07942811771997,132.43923749029685,,,none,30.0,50,2,monophasic
Modulated_autosave_20260715_170032_049ms,Ext. digitorum (L),L_The_ED_FD_FCR B,5,133.43923749029685,141.43923749029685,165.79904686287017,,,none,30.0,50,2,monophasic
Modulated_autosave_20260715_170032_049ms,Ext. digitorum (L),L_The_ED_FD_FCR B,6,166.79904686287017,174.79904686287017,199.1588562354435,,,none,30.0,50,2,monophasic
Modulated_autosave_20260715_170032_049ms,Ext. digitorum (L),L_The_ED_FD_FCR B,7,200.1588562354435,208.1588562354435,232.51866560801682,,,none,30.0,50,2,monophasic
Modulated_autosave_20260715_170032_049ms,Ext. digitorum (L),L_The_ED_FD_FCR B,8,233.51866560801682,241.51866560801682,265.8784749805937,,,none,30.0,50,2,monophasic
Modulated_autosave_20260715_170032_049ms,Ext. digitorum (L),L_The_ED_FD_FCR B,9,266.8784749805937,274.8784749805937,299.23828435316705,,,none,30.0,50,2,monophasic
Modulated_autosave_20260715_170032_049ms,Ext. digitorum (L),L_The_ED_FD_FCR B,10,300.23828435316705,308.23828435316705,332.59809372574034,,,none,30.0,50,2,monophasic
Modulated_autosave_20260715_170032_049ms,Ext. digitorum (L),L_The_ED_FD_FCR B,1,0.7942811762902124,8.794281176290212,32.359809372573324,,,none,30.0,55,2,monophasic
Modulated_autosave_20260715_170032_049ms,Ext. digitorum (L),L_The_ED_FD_FCR B,2,33.359809372573324,41.359809372573324,65.71961874514665,,,none,30.0,55,2,monophasic
Modulated_autosave_20260715_170032_049ms,Ext. digitorum (L),L_The_ED_FD_FCR B,3,66.71961874514665,74.71961874514665,99.07942811771997,,,none,30.0,55,2,monophasic
Modulated_autosave_20260715_170032_049ms,Ext. digitorum (L),L_The_ED_FD_FCR B,4,100.07942811771997,108.07942811771997,132.43923749029685,,,none,30.0,55,2,monophasic
Modulated_autosave_20260715_170032_049ms,Ext. digitorum (L),L_The_ED_FD_FCR B,5,133.43923749029685,141.43923749029685,165.79904686287017,,,none,30.0,55,2,monophasic
Modulated_autosave_20260715_170032_049ms,Ext. digitorum (L),L_The_ED_FD_FCR B,6,166.79904686287017,174.79904686287017,199.1588562354435,,,none,30.0,55,2,monophasic
Modulated_autosave_20260715_170032_049ms,Ext. digitorum (L),L_The_ED_FD_FCR B,7,200.1588562354435,208.1588562354435,232.51866560801682,,,none,30.0,55,2,monophasic
Modulated_autosave_20260715_170032_049ms,Ext. digitorum (L),L_The_ED_FD_FCR B,8,233.51866560801682,241.51866560801682,265.8784749805937,,,none,30.0,55,2,monophasic
Modulated_autosave_20260715_170032_049ms,Ext. digitorum (L),L_The_ED_FD_FCR B,9,266.8784749805937,274.8784749805937,299.23828435316705,,,none,30.0,55,2,monophasic
Modulated_autosave_20260715_170032_049ms,Ext. digitorum (L),L_The_ED_FD_FCR B,10,300.23828435316705,308.23828435316705,332.59809372574034,,,none,30.0,55,2,monophasic
Modulated_autosave_20260715_170032_049ms,Ext. digitorum (L),L_The_ED_FD_FCR B,1,0.7942811762902124,8.794281176290212,32.359809372573324,,,none,30.0,60,2,monophasic
Modulated_autosave_20260715_170032_049ms,Ext. digitorum (L),L_The_ED_FD_FCR B,2,33.359809372573324,41.359809372573324,65.71961874514665,,,none,30.0,60,2,monophasic
Modulated_autosave_20260715_170032_049ms,Ext. digitorum (L),L_The_ED_FD_FCR B,3,66.71961874514665,74.71961874514665,99.07942811771997,,,none,30.0,60,2,monophasic
Modulated_autosave_20260715_170032_049ms,Ext. digitorum (L),L_The_ED_FD_FCR B,4,100.07942811771997,108.07942811771997,132.43923749029685,,,none,30.0,60,2,monophasic
Modulated_autosave_20260715_170032_049ms,Ext. digitorum (L),L_The_ED_FD_FCR B,5,133.43923749029685,141.43923749029685,165.79904686287017,,,none,30.0,60,2,monophasic
Modulated_autosave_20260715_170032_049ms,Ext. digitorum (L),L_The_ED_FD_FCR B,6,166.79904686287017,174.79904686287017,199.1588562354435,,,none,30.0,60,2,monophasic
Modulated_autosave_20260715_170032_049ms,Ext. digitorum (L),L_The_ED_FD_FCR B,7,200.1588562354435,208.1588562354435,232.51866560801682,,,none,30.0,60,2,monophasic
Modulated_autosave_20260715_170032_049ms,Ext. digitorum (L),L_The_ED_FD_FCR B,8,233.51866560801682,241.51866560801682,265.8784749805937,,,none,30.0,60,2,monophasic
Modulated_autosave_20260715_170032_049ms,Ext. digitorum (L),L_The_ED_FD_FCR B,9,266.8784749805937,274.8784749805937,299.23828435316705,,,none,30.0,60,2,monophasic
Modulated_autosave_20260715_170032_049ms,Ext. digitorum (L),L_The_ED_FD_FCR B,10,300.23828435316705,308.23828435316705,332.59809372574034,,,none,30.0,60,2,monophasic
Modulated_autosave_20260715_170032_049ms,Ext. digitorum (L),L_The_ED_FD_FCR B,1,0.7942811762902124,8.794281176290212,32.359809372573324,,,none,30.0,65,2,monophasic
Modulated_autosave_20260715_170032_049ms,Ext. digitorum (L),L_The_ED_FD_FCR B,2,33.359809372573324,41.359809372573324,65.71961874514665,,,none,30.0,65,2,monophasic
Modulated_autosave_20260715_170032_049ms,Ext. digitorum (L),L_The_ED_FD_FCR B,3,66.71961874514665,74.71961874514665,99.07942811771997,,,none,30.0,65,2,monophasic
Modulated_autosave_20260715_170032_049ms,Ext. digitorum (L),L_The_ED_FD_FCR B,4,100.07942811771997,108.07942811771997,132.43923749029685,,,none,30.0,65,2,monophasic
Modulated_autosave_20260715_170032_049ms,Ext. digitorum (L),L_The_ED_FD_FCR B,5,133.43923749029685,141.43923749029685,165.79904686287017,,,none,30.0,65,2,monophasic
Modulated_autosave_20260715_170032_049ms,Ext. digitorum (L),L_The_ED_FD_FCR B,6,166.79904686287017,174.79904686287017,199.1588562354435,,,none,30.0,65,2,monophasic
Modulated_autosave_20260715_170032_049ms,Ext. digitorum (L),L_The_ED_FD_FCR B,7,200.1588562354435,208.1588562354435,232.51866560801682,,,none,30.0,65,2,monophasic
Modulated_autosave_20260715_170032_049ms,Ext. digitorum (L),L_The_ED_FD_FCR B,8,233.51866560801682,241.51866560801682,265.8784749805937,,,none,30.0,65,2,monophasic
Modulated_autosave_20260715_170032_049ms,Ext. digitorum (L),L_The_ED_FD_FCR B,9,266.8784749805937,274.8784749805937,299.23828435316705,,,none,30.0,65,2,monophasic
Modulated_autosave_20260715_170032_049ms,Ext. digitorum (L),L_The_ED_FD_FCR B,10,300.23828435316705,308.23828435316705,332.59809372574034,,,none,30.0,65,2,monophasic
Modulated_autosave_20260715_170032_049ms,Ext. digitorum (L),L_The_ED_FD_FCR B,1,0.7942811762902124,8.794281176290212,32.359809372573324,,,none,30.0,70,2,monophasic
Modulated_autosave_20260715_170032_049ms,Ext. digitorum (L),L_The_ED_FD_FCR B,2,33.359809372573324,41.359809372573324,65.71961874514665,,,none,30.0,70,2,monophasic
Modulated_autosave_20260715_170032_049ms,Ext. digitorum (L),L_The_ED_FD_FCR B,3,66.71961874514665,74.71961874514665,99.07942811771997,,,none,30.0,70,2,monophasic
Modulated_autosave_20260715_170032_049ms,Ext. digitorum (L),L_The_ED_FD_FCR B,4,100.07942811771997,108.07942811771997,132.43923749029685,,,none,30.0,70,2,monophasic
Modulated_autosave_20260715_170032_049ms,Ext. digitorum (L),L_The_ED_FD_FCR B,5,133.43923749029685,141.43923749029685,165.79904686287017,,,none,30.0,70,2,monophasic
Modulated_autosave_20260715_170032_049ms,Ext. digitorum (L),L_The_ED_FD_FCR B,6,166.79904686287017,174.79904686287017,199.1588562354435,,,none,30.0,70,2,monophasic
Modulated_autosave_20260715_170032_049ms,Ext. digitorum (L),L_The_ED_FD_FCR B,7,200.1588562354435,208.1588562354435,232.51866560801682,,,none,30.0,70,2,monophasic
Modulated_autosave_20260715_170032_049ms,Ext. digitorum (L),L_The_ED_FD_FCR B,8,233.51866560801682,241.51866560801682,265.8784749805937,,,none,30.0,70,2,monophasic
Modulated_autosave_20260715_170032_049ms,Ext. digitorum (L),L_The_ED_FD_FCR B,9,266.8784749805937,274.8784749805937,299.23828435316705,,,none,30.0,70,2,monophasic
Modulated_autosave_20260715_170032_049ms,Ext. digitorum (L),L_The_ED_FD_FCR B,10,300.23828435316705,308.23828435316705,332.59809372574034,,,none,30.0,70,2,monophasic
Modulated_autosave_20260715_170032_049ms,Ext. digitorum (L),L_The_ED_FD_FCR B,1,0.7942811762902124,8.794281176290212,32.359809372573324,0.11934081092476845,0.11934081092476845,none,30.0,75,2,monophasic
Modulated_autosave_20260715_170032_049ms,Ext. digitorum (L),L_The_ED_FD_FCR B,2,33.359809372573324,41.359809372573324,65.71961874514665,0.13075455647067918,0.13075455647067918,none,30.0,75,2,monophasic
Modulated_autosave_20260715_170032_049ms,Ext. digitorum (L),L_The_ED_FD_FCR B,3,66.71961874514665,74.71961874514665,99.07942811771997,0.006378271147400027,0.006378271147400027,none,30.0,75,2,monophasic
Modulated_autosave_20260715_170032_049ms,Ext. digitorum (L),L_The_ED_FD_FCR B,4,100.07942811771997,108.07942811771997,132.43923749029685,0.11245898897164011,0.11245898897164011,none,30.0,75,2,monophasic
Modulated_autosave_20260715_170032_049ms,Ext. digitorum (L),L_The_ED_FD_FCR B,5,133.43923749029685,141.43923749029685,165.79904686287017,0.12672618023525092,0.12672618023525092,none,30.0,75,2,monophasic
Modulated_autosave_20260715_170032_049ms,Ext. digitorum (L),L_The_ED_FD_FCR B,6,166.79904686287017,174.79904686287017,199.1588562354435,0.009063859236964572,0.009063859236964572,none,30.0,75,2,monophasic
Modulated_autosave_20260715_170032_049ms,Ext. digitorum (L),L_The_ED_FD_FCR B,7,200.1588562354435,208.1588562354435,232.51866560801682,0.12420843909767762,0.12420843909767762,none,30.0,75,2,monophasic
Modulated_autosave_20260715_170032_049ms,Ext. digitorum (L),L_The_ED_FD_FCR B,8,233.51866560801682,241.51866560801682,265.8784749805937,0.12672617651035178,0.12672617651035178,none,30.0,75,2,monophasic
Modulated_autosave_20260715_170032_049ms,Ext. digitorum (L),L_The_ED_FD_FCR B,9,266.8784749805937,274.8784749805937,299.23828435316705,0.07016098312599336,0.07016098312599336,none,30.0,75,2,monophasic
Modulated_autosave_20260715_170032_049ms,Ext. digitorum (L),L_The_ED_FD_FCR B,10,300.23828435316705,308.23828435316705,332.59809372574034,0.11883726715076678,0.11883726715076678,none,30.0,75,2,monophasic
Modulated_autosave_20260715_170032_049ms,Ext. digitorum (L),L_The_ED_FD_FCR B,1,0.7942811762902124,8.794281176290212,32.359809372573324,0.10205233655869961,0.10205233655869961,none,30.0,80,2,monophasic
Modulated_autosave_20260715_170032_049ms,Ext. digitorum (L),L_The_ED_FD_FCR B,2,33.359809372573324,41.359809372573324,65.71961874514665,0.10608072200476952,0.10608072200476952,none,30.0,80,2,monophasic
Modulated_autosave_20260715_170032_049ms,Ext. digitorum (L),L_The_ED_FD_FCR B,3,66.71961874514665,74.71961874514665,99.07942811771997,0.10020599505097513,0.10020599505097513,none,30.0,80,2,monophasic
Modulated_autosave_20260715_170032_049ms,Ext. digitorum (L),L_The_ED_FD_FCR B,4,100.07942811771997,108.07942811771997,132.43923749029685,0.0798962377011776,0.0798962377011776,none,30.0,80,2,monophasic
Modulated_autosave_20260715_170032_049ms,Ext. digitorum (L),L_The_ED_FD_FCR B,5,133.43923749029685,141.43923749029685,165.79904686287017,0.11313038877465417,0.11313038877465417,none,30.0,80,2,monophasic
Modulated_autosave_20260715_170032_049ms,Ext. digitorum (L),L_The_ED_FD_FCR B,6,166.79904686287017,174.79904686287017,199.1588562354435,0.08325322344525446,0.08325322344525446,none,30.0,80,2,monophasic
Modulated_autosave_20260715_170032_049ms,Ext. digitorum (L),L_The_ED_FD_FCR B,7,200.1588562354435,208.1588562354435,232.51866560801682,0.10188448614172305,0.10188448614172305,none,30.0,80,2,monophasic
Modulated_autosave_20260715_170032_049ms,Ext. digitorum (L),L_The_ED_FD_FCR B,8,233.51866560801682,241.51866560801682,265.8784749805937,0.10070954075879543,0.10070954075879543,none,30.0,80,2,monophasic
Modulated_autosave_20260715_170032_049ms,Ext. digitorum (L),L_The_ED_FD_FCR B,9,266.8784749805937,274.8784749805937,299.23828435316705,0.09399557299500393,0.09399557299500393,none,30.0,80,2,monophasic
Modulated_autosave_20260715_170032_049ms,Ext. digitorum (L),L_The_ED_FD_FCR B,10,300.23828435316705,308.23828435316705,332.59809372574034,0.10104524344048299,0.10104524344048299,none,30.0,80,2,monophasic
Modulated_autosave_20260715_170032_049ms,Ext. digitorum (L),L_The_ED_FD_FCR B,1,0.7942811762902124,8.794281176290212,32.359809372573324,0.12269779667258263,0.12269779667258263,none,30.0,85,2,monophasic
Modulated_autosave_20260715_170032_049ms,Ext. digitorum (L),L_The_ED_FD_FCR B,2,33.359809372573324,41.359809372573324,65.71961874514665,0.12521553017362907,0.12521553017362907,none,30.0,85,2,monophasic
Modulated_autosave_20260715_170032_049ms,Ext. digitorum (L),L_The_ED_FD_FCR B,3,66.71961874514665,74.71961874514665,99.07942811771997,0.10373083123897808,0.10373083123897808,none,30.0,85,2,monophasic
Modulated_autosave_20260715_170032_049ms,Ext. digitorum (L),L_The_ED_FD_FCR B,4,100.07942811771997,108.07942811771997,132.43923749029685,0.12034790585765347,0.12034790585765347,none,30.0,85,2,monophasic
Modulated_autosave_20260715_170032_049ms,Ext. digitorum (L),L_The_ED_FD_FCR B,5,133.43923749029685,141.43923749029685,165.79904686287017,0.10473792994370848,0.10473792994370848,none,30.0,85,2,monophasic
Modulated_autosave_20260715_170032_049ms,Ext. digitorum (L),L_The_ED_FD_FCR B,6,166.79904686287017,174.79904686287017,199.1588562354435,0.06579690052564101,0.06579690052564101,none,30.0,85,2,monophasic
Modulated_autosave_20260715_170032_049ms,Ext. digitorum (L),L_The_ED_FD_FCR B,7,200.1588562354435,208.1588562354435,232.51866560801682,0.11950865752459533,0.11950865752459533,none,30.0,85,2,monophasic
Modulated_autosave_20260715_170032_049ms,Ext. digitorum (L),L_The_ED_FD_FCR B,8,233.51866560801682,241.51866560801682,265.8784749805937,0.0939955711303536,0.0939955711303536,none,30.0,85,2,monophasic
Modulated_autosave_20260715_170032_049ms,Ext. digitorum (L),L_The_ED_FD_FCR B,9,266.8784749805937,274.8784749805937,299.23828435316705,0.08627451019151976,0.08627451019151976,none,30.0,85,2,monophasic
Modulated_autosave_20260715_170032_049ms,Ext. digitorum (L),L_The_ED_FD_FCR B,10,300.23828435316705,308.23828435316705,332.59809372574034,0.1267261765109674,0.1267261765109674,none,30.0,85,2,monophasic
Modulated_autosave_20260715_170032_049ms,Ext. digitorum (L),L_The_ED_FD_FCR B,1,0.7942811762902124,8.794281176290212,32.359809372573324,0.11615167185664177,0.11615167185664177,none,30.0,90,2,monophasic
Modulated_autosave_20260715_170032_049ms,Ext. digitorum (L),L_The_ED_FD_FCR B,2,33.359809372573324,41.359809372573324,65.71961874514665,0.08090333266748152,0.08090333266748152,none,30.0,90,2,monophasic
Modulated_autosave_20260715_170032_049ms,Ext. digitorum (L),L_The_ED_FD_FCR B,3,66.71961874514665,74.71961874514665,99.07942811771997,0.12152285128594922,0.12152285128594922,none,30.0,90,2,monophasic
Modulated_autosave_20260715_170032_049ms,Ext. digitorum (L),L_The_ED_FD_FCR B,4,100.07942811771997,108.07942811771997,132.43923749029685,0.10843060532505856,0.10843060532505856,none,30.0,90,2,monophasic
Modulated_autosave_20260715_170032_049ms,Ext. digitorum (L),L_The_ED_FD_FCR B,5,133.43923749029685,141.43923749029685,165.79904686287017,0.11950866128073015,0.11950866128073015,none,30.0,90,2,monophasic
Modulated_autosave_20260715_170032_049ms,Ext. digitorum (L),L_The_ED_FD_FCR B,6,166.79904686287017,174.79904686287017,199.1588562354435,0.11799801505546934,0.11799801505546934,none,30.0,90,2,monophasic
Modulated_autosave_20260715_170032_049ms,Ext. digitorum (L),L_The_ED_FD_FCR B,7,200.1588562354435,208.1588562354435,232.51866560801682,0.08123903160751403,0.08123903160751403,none,30.0,90,2,monophasic
Modulated_autosave_20260715_170032_049ms,Ext. digitorum (L),L_The_ED_FD_FCR B,8,233.51866560801682,241.51866560801682,265.8784749805937,0.11917296048819837,0.11917296048819837,none,30.0,90,2,monophasic
Modulated_autosave_20260715_170032_049ms,Ext. digitorum (L),L_The_ED_FD_FCR B,9,266.8784749805937,274.8784749805937,299.23828435316705,0.11514457667947436,0.11514457667947436,none,30.0,90,2,monophasic
Modulated_autosave_20260715_170032_049ms,Ext. digitorum (L),L_The_ED_FD_FCR B,10,300.23828435316705,308.23828435316705,332.59809372574034,0.07754635057532498,0.07754635057532498,none,30.0,90,2,monophasic
Modulated_autosave_20260715_170032_049ms,Ext. digitorum (L),L_The_ED_FD_FCR B,1,0.7942811762902124,8.794281176290212,32.359809372573324,0.1287403628230095,0.1287403628230095,none,30.0,95,2,monophasic
Modulated_autosave_20260715_170032_049ms,Ext. digitorum (L),L_The_ED_FD_FCR B,2,33.359809372573324,41.359809372573324,65.71961874514665,0.13092241046168296,0.13092241046168296,none,30.0,95,2,monophasic
Modulated_autosave_20260715_170032_049ms,Ext. digitorum (L),L_The_ED_FD_FCR B,3,66.71961874514665,74.71961874514665,99.07942811771997,0.12454413990526379,0.12454413990526379,none,30.0,95,2,monophasic
Modulated_autosave_20260715_170032_049ms,Ext. digitorum (L),L_The_ED_FD_FCR B,4,100.07942811771997,108.07942811771997,132.43923749029685,0.11631952593103101,0.11631952593103101,none,30.0,95,2,monophasic
Modulated_autosave_20260715_170032_049ms,Ext. digitorum (L),L_The_ED_FD_FCR B,5,133.43923749029685,141.43923749029685,165.79904686287017,0.07754635057563179,0.07754635057563179,none,30.0,95,2,monophasic
Modulated_autosave_20260715_170032_049ms,Ext. digitorum (L),L_The_ED_FD_FCR B,6,166.79904686287017,174.79904686287017,199.1588562354435,0.1319295055231902,0.1319295055231902,none,30.0,95,2,monophasic
Modulated_autosave_20260715_170032_049ms,Ext. digitorum (L),L_The_ED_FD_FCR B,7,200.1588562354435,208.1588562354435,232.51866560801682,0.08963149599533517,0.08963149599533517,none,30.0,95,2,monophasic
Modulated_autosave_20260715_170032_049ms,Ext. digitorum (L),L_The_ED_FD_FCR B,8,233.51866560801682,241.51866560801682,265.8784749805937,0.11514458054735938,0.11514458054735938,none,30.0,95,2,monophasic
Modulated_autosave_20260715_170032_049ms,Ext. digitorum (L),L_The_ED_FD_FCR B,9,266.8784749805937,274.8784749805937,299.23828435316705,0.12118715038171678,0.12118715038171678,none,30.0,95,2,monophasic
Modulated_autosave_20260715_170032_049ms,Ext. digitorum (L),L_The_ED_FD_FCR B,10,300.23828435316705,308.23828435316705,332.59809372574034,0.13394369921199742,0.13394369921199742,none,30.0,95,2,monophasic
Modulated_autosave_20260715_170032_049ms,Ext. digitorum (L),L_The_ED_FD_FCR B,1,0.7942811762902124,8.794281176290212,32.359809372573324,0.1413290575146675,0.1413290575146675,none,30.0,100,2,monophasic
Modulated_autosave_20260715_170032_049ms,Ext. digitorum (L),L_The_ED_FD_FCR B,2,33.359809372573324,41.359809372573324,65.71961874514665,0.12706187352549003,0.12706187352549003,none,30.0,100,2,monophasic
Modulated_autosave_20260715_170032_049ms,Ext. digitorum (L),L_The_ED_FD_FCR B,3,66.71961874514665,74.71961874514665,99.07942811771997,0.10406652837991714,0.10406652837991714,none,30.0,100,2,monophasic
Modulated_autosave_20260715_170032_049ms,Ext. digitorum (L),L_The_ED_FD_FCR B,4,100.07942811771997,108.07942811771997,132.43923749029685,0.14015411580277676,0.14015411580277676,none,30.0,100,2,monophasic
Modulated_autosave_20260715_170032_049ms,Ext. digitorum (L),L_The_ED_FD_FCR B,5,133.43923749029685,141.43923749029685,165.79904686287017,0.12806897228054812,0.12806897228054812,none,30.0,100,2,monophasic
Modulated_autosave_20260715_170032_049ms,Ext. digitorum (L),L_The_ED_FD_FCR B,6,166.79904686287017,174.79904686287017,199.1588562354435,0.09097428988240241,0.09097428988240241,none,30.0,100,2,monophasic
Modulated_autosave_20260715_170032_049ms,Ext. digitorum (L),L_The_ED_FD_FCR B,7,200.1588562354435,208.1588562354435,232.51866560801682,0.13864347334174554,0.13864347334174554,none,30.0,100,2,monophasic
Modulated_autosave_20260715_170032_049ms,Ext. digitorum (L),L_The_ED_FD_FCR B,8,233.51866560801682,241.51866560801682,265.8784749805937,0.1272297202991886,0.1272297202991886,none,30.0,100,2,monophasic
Modulated_autosave_20260715_170032_049ms,Ext. digitorum (L),L_The_ED_FD_FCR B,9,266.8784749805937,274.8784749805937,299.23828435316705,0.08274967593972962,0.08274967593972962,none,30.0,100,2,monophasic
Modulated_autosave_20260715_170032_049ms,Ext. digitorum (L),L_The_ED_FD_FCR B,10,300.23828435316705,308.23828435316705,332.59809372574034,0.11078049985490991,0.11078049985490991,none,30.0,100,2,monophasic
Modulated_autosave_20260715_170032_049ms,Ext. digitorum (L),L_The_ED_FD_FCR B,1,0.7942811762902124,8.794281176290212,32.359809372573324,0.12487983331084251,0.12487983331084251,none,30.0,105,2,monophasic
Modulated_autosave_20260715_170032_049ms,Ext. digitorum (L),L_The_ED_FD_FCR B,2,33.359809372573324,41.359809372573324,65.71961874514665,0.1282368227682109,0.1282368227682109,none,30.0,105,2,monophasic
Modulated_autosave_20260715_170032_049ms,Ext. digitorum (L),L_The_ED_FD_FCR B,3,66.71961874514665,74.71961874514665,99.07942811771997,0.10272373625026751,0.10272373625026751,none,30.0,105,2,monophasic
Modulated_autosave_20260715_170032_049ms,Ext. digitorum (L),L_The_ED_FD_FCR B,4,100.07942811771997,108.07942811771997,132.43923749029685,0.1396505682698917,0.1396505682698917,none,30.0,105,2,monophasic
Modulated_autosave_20260715_170032_049ms,Ext. digitorum (L),L_The_ED_FD_FCR B,5,133.43923749029685,141.43923749029685,165.79904686287017,0.1463645397795031,0.1463645397795031,none,30.0,105,2,monophasic
Modulated_autosave_20260715_170032_049ms,Ext. digitorum (L),L_The_ED_FD_FCR B,6,166.79904686287017,174.79904686287017,199.1588562354435,0.12185854831672745,0.12185854831672745,none,30.0,105,2,monophasic
Modulated_autosave_20260715_170032_049ms,Ext. digitorum (L),L_The_ED_FD_FCR B,7,200.1588562354435,208.1588562354435,232.51866560801682,0.1426718569328161,0.1426718569328161,none,30.0,105,2,monophasic
Modulated_autosave_20260715_170032_049ms,Ext. digitorum (L),L_The_ED_FD_FCR B,8,233.51866560801682,241.51866560801682,265.8784749805937,0.11447317893692587,0.11447317893692587,none,30.0,105,2,monophasic
Modulated_autosave_20260715_170032_049ms,Ext. digitorum (L),L_The_ED_FD_FCR B,9,266.8784749805937,274.8784749805937,299.23828435316705,0.0997024474856209,0.0997024474856209,none,30.0,105,2,monophasic
Modulated_autosave_20260715_170032_049ms,Ext. digitorum (L),L_The_ED_FD_FCR B,10,300.23828435316705,308.23828435316705,332.59809372574034,0.13394369169077414,0.13394369169077414,none,30.0,105,2,monophasic
Modulated_autosave_20260715_170032_049ms,Ext. digitorum (L),L_The_ED_FD_FCR B,1,0.7942811762902124,8.794281176290212,32.359809372573324,0.12286564335227013,0.12286564335227013,none,30.0,110,2,monophasic
Modulated_autosave_20260715_170032_049ms,Ext. digitorum (L),L_The_ED_FD_FCR B,2,33.359809372573324,41.359809372573324,65.71961874514665,0.0946669726603957,0.0946669726603957,none,30.0,110,2,monophasic
Modulated_autosave_20260715_170032_049ms,Ext. digitorum (L),L_The_ED_FD_FCR B,3,66.71961874514665,74.71961874514665,99.07942811771997,0.15173571546302128,0.15173571546302128,none,30.0,110,2,monophasic
Modulated_autosave_20260715_170032_049ms,Ext. digitorum (L),L_The_ED_FD_FCR B,4,100.07942811771997,108.07942811771997,132.43923749029685,0.11799801508102997,0.11799801508102997,none,30.0,110,2,monophasic
Modulated_autosave_20260715_170032_049ms,Ext. digitorum (L),L_The_ED_FD_FCR B,5,133.43923749029685,141.43923749029685,165.79904686287017,0.15106431391466724,0.15106431391466724,none,30.0,110,2,monophasic
Modulated_autosave_20260715_170032_049ms,Ext. digitorum (L),L_The_ED_FD_FCR B,6,166.79904686287017,174.79904686287017,199.1588562354435,0.12622262902927195,0.12622262902927195,none,30.0,110,2,monophasic
Modulated_autosave_20260715_170032_049ms,Ext. digitorum (L),L_The_ED_FD_FCR B,7,200.1588562354435,208.1588562354435,232.51866560801682,0.08560311420172362,0.08560311420172362,none,30.0,110,2,monophasic
Modulated_autosave_20260715_170032_049ms,Ext. digitorum (L),L_The_ED_FD_FCR B,8,233.51866560801682,241.51866560801682,265.8784749805937,0.1364614330074182,0.1364614330074182,none,30.0,110,2,monophasic
Modulated_autosave_20260715_170032_049ms,Ext. digitorum (L),L_The_ED_FD_FCR B,9,266.8784749805937,274.8784749805937,299.23828435316705,0.10859845947610788,0.10859845947610788,none,30.0,110,2,monophasic
Modulated_autosave_20260715_170032_049ms,Ext. digitorum (L),L_The_ED_FD_FCR B,10,300.23828435316705,308.23828435316705,332.59809372574034,0.10675211990128386,0.10675211990128386,none,30.0,110,2,monophasic
Modulated_autosave_20260715_170032_049ms,Ext. digitorum (L),L_The_ED_FD_FCR B,1,0.7942811762902124,8.794281176290212,32.359809372573324,0.13025101274251938,0.13025101274251938,none,30.0,115,2,monophasic
Modulated_autosave_20260715_170032_049ms,Ext. digitorum (L),L_The_ED_FD_FCR B,2,33.359809372573324,41.359809372573324,65.71961874514665,0.12303348995386733,0.12303348995386733,none,30.0,115,2,monophasic
Modulated_autosave_20260715_170032_049ms,Ext. digitorum (L),L_The_ED_FD_FCR B,3,66.71961874514665,74.71961874514665,99.07942811771997,0.1339436954397121,0.1339436954397121,none,30.0,115,2,monophasic
Modulated_autosave_20260715_170032_049ms,Ext. digitorum (L),L_The_ED_FD_FCR B,4,100.07942811771997,108.07942811771997,132.43923749029685,0.10423437502406332,0.10423437502406332,none,30.0,115,2,monophasic
Modulated_autosave_20260715_170032_049ms,Ext. digitorum (L),L_The_ED_FD_FCR B,5,133.43923749029685,141.43923749029685,165.79904686287017,0.13965057206561973,0.13965057206561973,none,30.0,115,2,monophasic
Modulated_autosave_20260715_170032_049ms,Ext. digitorum (L),L_The_ED_FD_FCR B,6,166.79904686287017,174.79904686287017,199.1588562354435,0.10389868166443006,0.10389868166443006,none,30.0,115,2,monophasic
Modulated_autosave_20260715_170032_049ms,Ext. digitorum (L),L_The_ED_FD_FCR B,7,200.1588562354435,208.1588562354435,232.51866560801682,0.10473792617953144,0.10473792617953144,none,30.0,115,2,monophasic
Modulated_autosave_20260715_170032_049ms,Ext. digitorum (L),L_The_ED_FD_FCR B,8,233.51866560801682,241.51866560801682,265.8784749805937,0.10742351775350592,0.10742351775350592,none,30.0,115,2,monophasic
Modulated_autosave_20260715_170032_049ms,Ext. digitorum (L),L_The_ED_FD_FCR B,9,266.8784749805937,274.8784749805937,299.23828435316705,0.09701685979645541,0.09701685979645541,none,30.0,115,2,monophasic
Modulated_autosave_20260715_170032_049ms,Ext. digitorum (L),L_The_ED_FD_FCR B,10,300.23828435316705,308.23828435316705,332.59809372574034,0.12320134037602912,0.12320134037602912,none,30.0,115,2,monophasic
Modulated_autosave_20260715_170032_049ms,Ext. digitorum (L),L_The_ED_FD_FCR B,1,0.7942811762902124,8.794281176290212,32.359809372573324,0.13260089978575706,0.13260089978575706,none,30.0,120,2,monophasic
Modulated_autosave_20260715_170032_049ms,Ext. digitorum (L),L_The_ED_FD_FCR B,2,33.359809372573324,41.359809372573324,65.71961874514665,0.10943770401863856,0.10943770401863856,none,30.0,120,2,monophasic
Modulated_autosave_20260715_170032_049ms,Ext. digitorum (L),L_The_ED_FD_FCR B,3,66.71961874514665,74.71961874514665,99.07942811771997,0.1420004553678746,0.1420004553678746,none,30.0,120,2,monophasic
Modulated_autosave_20260715_170032_049ms,Ext. digitorum (L),L_The_ED_FD_FCR B,4,100.07942811771997,108.07942811771997,132.43923749029685,0.10792705785358103,0.10792705785358103,none,30.0,120,2,monophasic
Modulated_autosave_20260715_170032_049ms,Ext. digitorum (L),L_The_ED_FD_FCR B,5,133.43923749029685,141.43923749029685,165.79904686287017,0.09919890006933978,0.09919890006933978,none,30.0,120,2,monophasic
Modulated_autosave_20260715_170032_049ms,Ext. digitorum (L),L_The_ED_FD_FCR B,6,166.79904686287017,174.79904686287017,199.1588562354435,0.12588693192844863,0.12588693192844863,none,30.0,120,2,monophasic
Modulated_autosave_20260715_170032_049ms,Ext. digitorum (L),L_The_ED_FD_FCR B,7,200.1588562354435,208.1588562354435,232.51866560801682,0.11161974439851494,0.11161974439851494,none,30.0,120,2,monophasic
Modulated_autosave_20260715_170032_049ms,Ext. digitorum (L),L_The_ED_FD_FCR B,8,233.51866560801682,241.51866560801682,265.8784749805937,0.11816586171885768,0.11816586171885768,none,30.0,120,2,monophasic
Modulated_autosave_20260715_170032_049ms,Ext. digitorum (L),L_The_ED_FD_FCR B,9,266.8784749805937,274.8784749805937,299.23828435316705,0.13545433796351997,0.13545433796351997,none,30.0,120,2,monophasic
Modulated_autosave_20260715_170032_049ms,Ext. digitorum (L),L_The_ED_FD_FCR B,10,300.23828435316705,308.23828435316705,332.59809372574034,0.11245898897139192,0.11245898897139192,none,30.0,120,2,monophasic
Modulated_autosave_20260715_170032_049ms,Ext. digitorum (L),L_The_ED_FD_FCR B,1,0.7942811762902124,8.794281176290212,32.359809372573324,0.1420004591345787,0.1420004591345787,none,30.0,125,2,monophasic
Modulated_autosave_20260715_170032_049ms,Ext. digitorum (L),L_The_ED_FD_FCR B,2,33.359809372573324,41.359809372573324,65.71961874514665,0.1181658654925094,0.1181658654925094,none,30.0,125,2,monophasic
Modulated_autosave_20260715_170032_049ms,Ext. digitorum (L),L_The_ED_FD_FCR B,3,66.71961874514665,74.71961874514665,99.07942811771997,0.1445182002431311,0.1445182002431311,none,30.0,125,2,monophasic
Modulated_autosave_20260715_170032_049ms,Ext. digitorum (L),L_The_ED_FD_FCR B,4,100.07942811771997,108.07942811771997,132.43923749029685,0.10473792622122605,0.10473792622122605,none,30.0,125,2,monophasic
Modulated_autosave_20260715_170032_049ms,Ext. digitorum (L),L_The_ED_FD_FCR B,5,133.43923749029685,141.43923749029685,165.79904686287017,0.13461508965056912,0.13461508965056912,none,30.0,125,2,monophasic
Modulated_autosave_20260715_170032_049ms,Ext. digitorum (L),L_The_ED_FD_FCR B,6,166.79904686287017,174.79904686287017,199.1588562354435,0.14770732811449755,0.14770732811449755,none,30.0,125,2,monophasic
Modulated_autosave_20260715_170032_049ms,Ext. digitorum (L),L_The_ED_FD_FCR B,7,200.1588562354435,208.1588562354435,232.51866560801682,0.11816586549467312,0.11816586549467312,none,30.0,125,2,monophasic
Modulated_autosave_20260715_170032_049ms,Ext. digitorum (L),L_The_ED_FD_FCR B,8,233.51866560801682,241.51866560801682,265.8784749805937,0.1342793925648873,0.1342793925648873,none,30.0,125,2,monophasic
Modulated_autosave_20260715_170032_049ms,Ext. digitorum (L),L_The_ED_FD_FCR B,9,266.8784749805937,274.8784749805937,299.23828435316705,0.1235370411897673,0.1235370411897673,none,30.0,125,2,monophasic
Modulated_autosave_20260715_170032_049ms,Ext. digitorum (L),L_The_ED_FD_FCR B,10,300.23828435316705,308.23828435316705,332.59809372574034,0.11850156257671396,0.11850156257671396,none,30.0,125,2,monophasic
Modulated_autosave_20260715_170032_049ms,Flex. digitorum (L),L_The_ED_FD_FCR C,1,0.7942811762902124,8.794281176290212,32.359809372573324,,,none,30.0,30,2,monophasic
Modulated_autosave_20260715_170032_049ms,Flex. digitorum (L),L_The_ED_FD_FCR C,2,33.359809372573324,41.359809372573324,65.71961874514665,,,none,30.0,30,2,monophasic
Modulated_autosave_20260715_170032_049ms,Flex. digitorum (L),L_The_ED_FD_FCR C,3,66.71961874514665,74.71961874514665,99.07942811771997,,,none,30.0,30,2,monophasic
Modulated_autosave_20260715_170032_049ms,Flex. digitorum (L),L_The_ED_FD_FCR C,4,100.07942811771997,108.07942811771997,132.43923749029685,,,none,30.0,30,2,monophasic
Modulated_autosave_20260715_170032_049ms,Flex. digitorum (L),L_The_ED_FD_FCR C,5,133.43923749029685,141.43923749029685,165.79904686287017,,,none,30.0,30,2,monophasic
Modulated_autosave_20260715_170032_049ms,Flex. digitorum (L),L_The_ED_FD_FCR C,6,166.79904686287017,174.79904686287017,199.1588562354435,,,none,30.0,30,2,monophasic
Modulated_autosave_20260715_170032_049ms,Flex. digitorum (L),L_The_ED_FD_FCR C,7,200.1588562354435,208.1588562354435,232.51866560801682,,,none,30.0,30,2,monophasic
Modulated_autosave_20260715_170032_049ms,Flex. digitorum (L),L_The_ED_FD_FCR C,8,233.51866560801682,241.51866560801682,265.8784749805937,,,none,30.0,30,2,monophasic
Modulated_autosave_20260715_170032_049ms,Flex. digitorum (L),L_The_ED_FD_FCR C,9,266.8784749805937,274.8784749805937,299.23828435316705,,,none,30.0,30,2,monophasic
Modulated_autosave_20260715_170032_049ms,Flex. digitorum (L),L_The_ED_FD_FCR C,10,300.23828435316705,308.23828435316705,332.59809372574034,,,none,30.0,30,2,monophasic
Modulated_autosave_20260715_170032_049ms,Flex. digitorum (L),L_The_ED_FD_FCR C,1,0.7942811762902124,8.794281176290212,32.359809372573324,,,none,30.0,35,2,monophasic
Modulated_autosave_20260715_170032_049ms,Flex. digitorum (L),L_The_ED_FD_FCR C,2,33.359809372573324,41.359809372573324,65.71961874514665,,,none,30.0,35,2,monophasic
Modulated_autosave_20260715_170032_049ms,Flex. digitorum (L),L_The_ED_FD_FCR C,3,66.71961874514665,74.71961874514665,99.07942811771997,,,none,30.0,35,2,monophasic
Modulated_autosave_20260715_170032_049ms,Flex. digitorum (L),L_The_ED_FD_FCR C,4,100.07942811771997,108.07942811771997,132.43923749029685,,,none,30.0,35,2,monophasic
Modulated_autosave_20260715_170032_049ms,Flex. digitorum (L),L_The_ED_FD_FCR C,5,133.43923749029685,141.43923749029685,165.79904686287017,,,none,30.0,35,2,monophasic
Modulated_autosave_20260715_170032_049ms,Flex. digitorum (L),L_The_ED_FD_FCR C,6,166.79904686287017,174.79904686287017,199.1588562354435,,,none,30.0,35,2,monophasic
Modulated_autosave_20260715_170032_049ms,Flex. digitorum (L),L_The_ED_FD_FCR C,7,200.1588562354435,208.1588562354435,232.51866560801682,,,none,30.0,35,2,monophasic
Modulated_autosave_20260715_170032_049ms,Flex. digitorum (L),L_The_ED_FD_FCR C,8,233.51866560801682,241.51866560801682,265.8784749805937,,,none,30.0,35,2,monophasic
Modulated_autosave_20260715_170032_049ms,Flex. digitorum (L),L_The_ED_FD_FCR C,9,266.8784749805937,274.8784749805937,299.23828435316705,,,none,30.0,35,2,monophasic
Modulated_autosave_20260715_170032_049ms,Flex. digitorum (L),L_The_ED_FD_FCR C,10,300.23828435316705,308.23828435316705,332.59809372574034,,,none,30.0,35,2,monophasic
Modulated_autosave_20260715_170032_049ms,Flex. digitorum (L),L_The_ED_FD_FCR C,1,0.7942811762902124,8.794281176290212,32.359809372573324,,,none,30.0,40,2,monophasic
Modulated_autosave_20260715_170032_049ms,Flex. digitorum (L),L_The_ED_FD_FCR C,2,33.359809372573324,41.359809372573324,65.71961874514665,,,none,30.0,40,2,monophasic
Modulated_autosave_20260715_170032_049ms,Flex. digitorum (L),L_The_ED_FD_FCR C,3,66.71961874514665,74.71961874514665,99.07942811771997,,,none,30.0,40,2,monophasic
Modulated_autosave_20260715_170032_049ms,Flex. digitorum (L),L_The_ED_FD_FCR C,4,100.07942811771997,108.07942811771997,132.43923749029685,,,none,30.0,40,2,monophasic
Modulated_autosave_20260715_170032_049ms,Flex. digitorum (L),L_The_ED_FD_FCR C,5,133.43923749029685,141.43923749029685,165.79904686287017,,,none,30.0,40,2,monophasic
Modulated_autosave_20260715_170032_049ms,Flex. digitorum (L),L_The_ED_FD_FCR C,6,166.79904686287017,174.79904686287017,199.1588562354435,,,none,30.0,40,2,monophasic
Modulated_autosave_20260715_170032_049ms,Flex. digitorum (L),L_The_ED_FD_FCR C,7,200.1588562354435,208.1588562354435,232.51866560801682,,,none,30.0,40,2,monophasic
Modulated_autosave_20260715_170032_049ms,Flex. digitorum (L),L_The_ED_FD_FCR C,8,233.51866560801682,241.51866560801682,265.8784749805937,,,none,30.0,40,2,monophasic
Modulated_autosave_20260715_170032_049ms,Flex. digitorum (L),L_The_ED_FD_FCR C,9,266.8784749805937,274.8784749805937,299.23828435316705,,,none,30.0,40,2,monophasic
Modulated_autosave_20260715_170032_049ms,Flex. digitorum (L),L_The_ED_FD_FCR C,10,300.23828435316705,308.23828435316705,332.59809372574034,,,none,30.0,40,2,monophasic
Modulated_autosave_20260715_170032_049ms,Flex. digitorum (L),L_The_ED_FD_FCR C,1,0.7942811762902124,8.794281176290212,32.359809372573324,,,none,30.0,45,2,monophasic
Modulated_autosave_20260715_170032_049ms,Flex. digitorum (L),L_The_ED_FD_FCR C,2,33.359809372573324,41.359809372573324,65.71961874514665,,,none,30.0,45,2,monophasic
Modulated_autosave_20260715_170032_049ms,Flex. digitorum (L),L_The_ED_FD_FCR C,3,66.71961874514665,74.71961874514665,99.07942811771997,,,none,30.0,45,2,monophasic
Modulated_autosave_20260715_170032_049ms,Flex. digitorum (L),L_The_ED_FD_FCR C,4,100.07942811771997,108.07942811771997,132.43923749029685,,,none,30.0,45,2,monophasic
Modulated_autosave_20260715_170032_049ms,Flex. digitorum (L),L_The_ED_FD_FCR C,5,133.43923749029685,141.43923749029685,165.79904686287017,,,none,30.0,45,2,monophasic
Modulated_autosave_20260715_170032_049ms,Flex. digitorum (L),L_The_ED_FD_FCR C,6,166.79904686287017,174.79904686287017,199.1588562354435,,,none,30.0,45,2,monophasic
Modulated_autosave_20260715_170032_049ms,Flex. digitorum (L),L_The_ED_FD_FCR C,7,200.1588562354435,208.1588562354435,232.51866560801682,,,none,30.0,45,2,monophasic
Modulated_autosave_20260715_170032_049ms,Flex. digitorum (L),L_The_ED_FD_FCR C,8,233.51866560801682,241.51866560801682,265.8784749805937,,,none,30.0,45,2,monophasic
Modulated_autosave_20260715_170032_049ms,Flex. digitorum (L),L_The_ED_FD_FCR C,9,266.8784749805937,274.8784749805937,299.23828435316705,,,none,30.0,45,2,monophasic
Modulated_autosave_20260715_170032_049ms,Flex. digitorum (L),L_The_ED_FD_FCR C,10,300.23828435316705,308.23828435316705,332.59809372574034,,,none,30.0,45,2,monophasic
Modulated_autosave_20260715_170032_049ms,Flex. digitorum (L),L_The_ED_FD_FCR C,1,0.7942811762902124,8.794281176290212,32.359809372573324,,,none,30.0,50,2,monophasic
Modulated_autosave_20260715_170032_049ms,Flex. digitorum (L),L_The_ED_FD_FCR C,2,33.359809372573324,41.359809372573324,65.71961874514665,,,none,30.0,50,2,monophasic
Modulated_autosave_20260715_170032_049ms,Flex. digitorum (L),L_The_ED_FD_FCR C,3,66.71961874514665,74.71961874514665,99.07942811771997,,,none,30.0,50,2,monophasic
Modulated_autosave_20260715_170032_049ms,Flex. digitorum (L),L_The_ED_FD_FCR C,4,100.07942811771997,108.07942811771997,132.43923749029685,,,none,30.0,50,2,monophasic
Modulated_autosave_20260715_170032_049ms,Flex. digitorum (L),L_The_ED_FD_FCR C,5,133.43923749029685,141.43923749029685,165.79904686287017,,,none,30.0,50,2,monophasic
Modulated_autosave_20260715_170032_049ms,Flex. digitorum (L),L_The_ED_FD_FCR C,6,166.79904686287017,174.79904686287017,199.1588562354435,,,none,30.0,50,2,monophasic
Modulated_autosave_20260715_170032_049ms,Flex. digitorum (L),L_The_ED_FD_FCR C,7,200.1588562354435,208.1588562354435,232.51866560801682,,,none,30.0,50,2,monophasic
Modulated_autosave_20260715_170032_049ms,Flex. digitorum (L),L_The_ED_FD_FCR C,8,233.51866560801682,241.51866560801682,265.8784749805937,,,none,30.0,50,2,monophasic
Modulated_autosave_20260715_170032_049ms,Flex. digitorum (L),L_The_ED_FD_FCR C,9,266.8784749805937,274.8784749805937,299.23828435316705,,,none,30.0,50,2,monophasic
Modulated_autosave_20260715_170032_049ms,Flex. digitorum (L),L_The_ED_FD_FCR C,10,300.23828435316705,308.23828435316705,332.59809372574034,,,none,30.0,50,2,monophasic
Modulated_autosave_20260715_170032_049ms,Flex. digitorum (L),L_The_ED_FD_FCR C,1,0.7942811762902124,8.794281176290212,32.359809372573324,,,none,30.0,55,2,monophasic
Modulated_autosave_20260715_170032_049ms,Flex. digitorum (L),L_The_ED_FD_FCR C,2,33.359809372573324,41.359809372573324,65.71961874514665,,,none,30.0,55,2,monophasic
Modulated_autosave_20260715_170032_049ms,Flex. digitorum (L),L_The_ED_FD_FCR C,3,66.71961874514665,74.71961874514665,99.07942811771997,,,none,30.0,55,2,monophasic
Modulated_autosave_20260715_170032_049ms,Flex. digitorum (L),L_The_ED_FD_FCR C,4,100.07942811771997,108.07942811771997,132.43923749029685,,,none,30.0,55,2,monophasic
Modulated_autosave_20260715_170032_049ms,Flex. digitorum (L),L_The_ED_FD_FCR C,5,133.43923749029685,141.43923749029685,165.79904686287017,,,none,30.0,55,2,monophasic
Modulated_autosave_20260715_170032_049ms,Flex. digitorum (L),L_The_ED_FD_FCR C,6,166.79904686287017,174.79904686287017,199.1588562354435,,,none,30.0,55,2,monophasic
Modulated_autosave_20260715_170032_049ms,Flex. digitorum (L),L_The_ED_FD_FCR C,7,200.1588562354435,208.1588562354435,232.51866560801682,,,none,30.0,55,2,monophasic
Modulated_autosave_20260715_170032_049ms,Flex. digitorum (L),L_The_ED_FD_FCR C,8,233.51866560801682,241.51866560801682,265.8784749805937,,,none,30.0,55,2,monophasic
Modulated_autosave_20260715_170032_049ms,Flex. digitorum (L),L_The_ED_FD_FCR C,9,266.8784749805937,274.8784749805937,299.23828435316705,,,none,30.0,55,2,monophasic
Modulated_autosave_20260715_170032_049ms,Flex. digitorum (L),L_The_ED_FD_FCR C,10,300.23828435316705,308.23828435316705,332.59809372574034,,,none,30.0,55,2,monophasic
Modulated_autosave_20260715_170032_049ms,Flex. digitorum (L),L_The_ED_FD_FCR C,1,0.7942811762902124,8.794281176290212,32.359809372573324,,,none,30.0,60,2,monophasic
Modulated_autosave_20260715_170032_049ms,Flex. digitorum (L),L_The_ED_FD_FCR C,2,33.359809372573324,41.359809372573324,65.71961874514665,,,none,30.0,60,2,monophasic
Modulated_autosave_20260715_170032_049ms,Flex. digitorum (L),L_The_ED_FD_FCR C,3,66.71961874514665,74.71961874514665,99.07942811771997,,,none,30.0,60,2,monophasic
Modulated_autosave_20260715_170032_049ms,Flex. digitorum (L),L_The_ED_FD_FCR C,4,100.07942811771997,108.07942811771997,132.43923749029685,,,none,30.0,60,2,monophasic
Modulated_autosave_20260715_170032_049ms,Flex. digitorum (L),L_The_ED_FD_FCR C,5,133.43923749029685,141.43923749029685,165.79904686287017,,,none,30.0,60,2,monophasic
Modulated_autosave_20260715_170032_049ms,Flex. digitorum (L),L_The_ED_FD_FCR C,6,166.79904686287017,174.79904686287017,199.1588562354435,,,none,30.0,60,2,monophasic
Modulated_autosave_20260715_170032_049ms,Flex. digitorum (L),L_The_ED_FD_FCR C,7,200.1588562354435,208.1588562354435,232.51866560801682,,,none,30.0,60,2,monophasic
Modulated_autosave_20260715_170032_049ms,Flex. digitorum (L),L_The_ED_FD_FCR C,8,233.51866560801682,241.51866560801682,265.8784749805937,,,none,30.0,60,2,monophasic
Modulated_autosave_20260715_170032_049ms,Flex. digitorum (L),L_The_ED_FD_FCR C,9,266.8784749805937,274.8784749805937,299.23828435316705,,,none,30.0,60,2,monophasic
Modulated_autosave_20260715_170032_049ms,Flex. digitorum (L),L_The_ED_FD_FCR C,10,300.23828435316705,308.23828435316705,332.59809372574034,,,none,30.0,60,2,monophasic
Modulated_autosave_20260715_170032_049ms,Flex. digitorum (L),L_The_ED_FD_FCR C,1,0.7942811762902124,8.794281176290212,32.359809372573324,,,none,30.0,65,2,monophasic
Modulated_autosave_20260715_170032_049ms,Flex. digitorum (L),L_The_ED_FD_FCR C,2,33.359809372573324,41.359809372573324,65.71961874514665,,,none,30.0,65,2,monophasic
Modulated_autosave_20260715_170032_049ms,Flex. digitorum (L),L_The_ED_FD_FCR C,3,66.71961874514665,74.71961874514665,99.07942811771997,,,none,30.0,65,2,monophasic
Modulated_autosave_20260715_170032_049ms,Flex. digitorum (L),L_The_ED_FD_FCR C,4,100.07942811771997,108.07942811771997,132.43923749029685,,,none,30.0,65,2,monophasic
Modulated_autosave_20260715_170032_049ms,Flex. digitorum (L),L_The_ED_FD_FCR C,5,133.43923749029685,141.43923749029685,165.79904686287017,,,none,30.0,65,2,monophasic
Modulated_autosave_20260715_170032_049ms,Flex. digitorum (L),L_The_ED_FD_FCR C,6,166.79904686287017,174.79904686287017,199.1588562354435,,,none,30.0,65,2,monophasic
Modulated_autosave_20260715_170032_049ms,Flex. digitorum (L),L_The_ED_FD_FCR C,7,200.1588562354435,208.1588562354435,232.51866560801682,,,none,30.0,65,2,monophasic
Modulated_autosave_20260715_170032_049ms,Flex. digitorum (L),L_The_ED_FD_FCR C,8,233.51866560801682,241.51866560801682,265.8784749805937,,,none,30.0,65,2,monophasic
Modulated_autosave_20260715_170032_049ms,Flex. digitorum (L),L_The_ED_FD_FCR C,9,266.8784749805937,274.8784749805937,299.23828435316705,,,none,30.0,65,2,monophasic
Modulated_autosave_20260715_170032_049ms,Flex. digitorum (L),L_The_ED_FD_FCR C,10,300.23828435316705,308.23828435316705,332.59809372574034,,,none,30.0,65,2,monophasic
Modulated_autosave_20260715_170032_049ms,Flex. digitorum (L),L_The_ED_FD_FCR C,1,0.7942811762902124,8.794281176290212,32.359809372573324,,,none,30.0,70,2,monophasic
Modulated_autosave_20260715_170032_049ms,Flex. digitorum (L),L_The_ED_FD_FCR C,2,33.359809372573324,41.359809372573324,65.71961874514665,,,none,30.0,70,2,monophasic
Modulated_autosave_20260715_170032_049ms,Flex. digitorum (L),L_The_ED_FD_FCR C,3,66.71961874514665,74.71961874514665,99.07942811771997,,,none,30.0,70,2,monophasic
Modulated_autosave_20260715_170032_049ms,Flex. digitorum (L),L_The_ED_FD_FCR C,4,100.07942811771997,108.07942811771997,132.43923749029685,,,none,30.0,70,2,monophasic
Modulated_autosave_20260715_170032_049ms,Flex. digitorum (L),L_The_ED_FD_FCR C,5,133.43923749029685,141.43923749029685,165.79904686287017,,,none,30.0,70,2,monophasic
Modulated_autosave_20260715_170032_049ms,Flex. digitorum (L),L_The_ED_FD_FCR C,6,166.79904686287017,174.79904686287017,199.1588562354435,,,none,30.0,70,2,monophasic
Modulated_autosave_20260715_170032_049ms,Flex. digitorum (L),L_The_ED_FD_FCR C,7,200.1588562354435,208.1588562354435,232.51866560801682,,,none,30.0,70,2,monophasic
Modulated_autosave_20260715_170032_049ms,Flex. digitorum (L),L_The_ED_FD_FCR C,8,233.51866560801682,241.51866560801682,265.8784749805937,,,none,30.0,70,2,monophasic
Modulated_autosave_20260715_170032_049ms,Flex. digitorum (L),L_The_ED_FD_FCR C,9,266.8784749805937,274.8784749805937,299.23828435316705,,,none,30.0,70,2,monophasic
Modulated_autosave_20260715_170032_049ms,Flex. digitorum (L),L_The_ED_FD_FCR C,10,300.23828435316705,308.23828435316705,332.59809372574034,,,none,30.0,70,2,monophasic
Modulated_autosave_20260715_170032_049ms,Flex. digitorum (L),L_The_ED_FD_FCR C,1,0.7942811762902124,8.794281176290212,32.359809372573324,,,none,30.0,75,2,monophasic
Modulated_autosave_20260715_170032_049ms,Flex. digitorum (L),L_The_ED_FD_FCR C,2,33.359809372573324,41.359809372573324,65.71961874514665,,,none,30.0,75,2,monophasic
Modulated_autosave_20260715_170032_049ms,Flex. digitorum (L),L_The_ED_FD_FCR C,3,66.71961874514665,74.71961874514665,99.07942811771997,,,none,30.0,75,2,monophasic
Modulated_autosave_20260715_170032_049ms,Flex. digitorum (L),L_The_ED_FD_FCR C,4,100.07942811771997,108.07942811771997,132.43923749029685,,,none,30.0,75,2,monophasic
Modulated_autosave_20260715_170032_049ms,Flex. digitorum (L),L_The_ED_FD_FCR C,5,133.43923749029685,141.43923749029685,165.79904686287017,,,none,30.0,75,2,monophasic
Modulated_autosave_20260715_170032_049ms,Flex. digitorum (L),L_The_ED_FD_FCR C,6,166.79904686287017,174.79904686287017,199.1588562354435,,,none,30.0,75,2,monophasic
Modulated_autosave_20260715_170032_049ms,Flex. digitorum (L),L_The_ED_FD_FCR C,7,200.1588562354435,208.1588562354435,232.51866560801682,,,none,30.0,75,2,monophasic
Modulated_autosave_20260715_170032_049ms,Flex. digitorum (L),L_The_ED_FD_FCR C,8,233.51866560801682,241.51866560801682,265.8784749805937,,,none,30.0,75,2,monophasic
Modulated_autosave_20260715_170032_049ms,Flex. digitorum (L),L_The_ED_FD_FCR C,9,266.8784749805937,274.8784749805937,299.23828435316705,,,none,30.0,75,2,monophasic
Modulated_autosave_20260715_170032_049ms,Flex. digitorum (L),L_The_ED_FD_FCR C,10,300.23828435316705,308.23828435316705,332.59809372574034,,,none,30.0,75,2,monophasic
Modulated_autosave_20260715_170032_049ms,Flex. digitorum (L),L_The_ED_FD_FCR C,1,0.7942811762902124,8.794281176290212,32.359809372573324,,,none,30.0,80,2,monophasic
Modulated_autosave_20260715_170032_049ms,Flex. digitorum (L),L_The_ED_FD_FCR C,2,33.359809372573324,41.359809372573324,65.71961874514665,,,none,30.0,80,2,monophasic
Modulated_autosave_20260715_170032_049ms,Flex. digitorum (L),L_The_ED_FD_FCR C,3,66.71961874514665,74.71961874514665,99.07942811771997,,,none,30.0,80,2,monophasic
Modulated_autosave_20260715_170032_049ms,Flex. digitorum (L),L_The_ED_FD_FCR C,4,100.07942811771997,108.07942811771997,132.43923749029685,,,none,30.0,80,2,monophasic
Modulated_autosave_20260715_170032_049ms,Flex. digitorum (L),L_The_ED_FD_FCR C,5,133.43923749029685,141.43923749029685,165.79904686287017,,,none,30.0,80,2,monophasic
Modulated_autosave_20260715_170032_049ms,Flex. digitorum (L),L_The_ED_FD_FCR C,6,166.79904686287017,174.79904686287017,199.1588562354435,,,none,30.0,80,2,monophasic
Modulated_autosave_20260715_170032_049ms,Flex. digitorum (L),L_The_ED_FD_FCR C,7,200.1588562354435,208.1588562354435,232.51866560801682,,,none,30.0,80,2,monophasic
Modulated_autosave_20260715_170032_049ms,Flex. digitorum (L),L_The_ED_FD_FCR C,8,233.51866560801682,241.51866560801682,265.8784749805937,,,none,30.0,80,2,monophasic
Modulated_autosave_20260715_170032_049ms,Flex. digitorum (L),L_The_ED_FD_FCR C,9,266.8784749805937,274.8784749805937,299.23828435316705,,,none,30.0,80,2,monophasic
Modulated_autosave_20260715_170032_049ms,Flex. digitorum (L),L_The_ED_FD_FCR C,10,300.23828435316705,308.23828435316705,332.59809372574034,,,none,30.0,80,2,monophasic
Modulated_autosave_20260715_170032_049ms,Flex. digitorum (L),L_The_ED_FD_FCR C,1,0.7942811762902124,8.794281176290212,32.359809372573324,,,none,30.0,85,2,monophasic
Modulated_autosave_20260715_170032_049ms,Flex. digitorum (L),L_The_ED_FD_FCR C,2,33.359809372573324,41.359809372573324,65.71961874514665,,,none,30.0,85,2,monophasic
Modulated_autosave_20260715_170032_049ms,Flex. digitorum (L),L_The_ED_FD_FCR C,3,66.71961874514665,74.71961874514665,99.07942811771997,,,none,30.0,85,2,monophasic
Modulated_autosave_20260715_170032_049ms,Flex. digitorum (L),L_The_ED_FD_FCR C,4,100.07942811771997,108.07942811771997,132.43923749029685,,,none,30.0,85,2,monophasic
Modulated_autosave_20260715_170032_049ms,Flex. digitorum (L),L_The_ED_FD_FCR C,5,133.43923749029685,141.43923749029685,165.79904686287017,,,none,30.0,85,2,monophasic
Modulated_autosave_20260715_170032_049ms,Flex. digitorum (L),L_The_ED_FD_FCR C,6,166.79904686287017,174.79904686287017,199.1588562354435,,,none,30.0,85,2,monophasic
Modulated_autosave_20260715_170032_049ms,Flex. digitorum (L),L_The_ED_FD_FCR C,7,200.1588562354435,208.1588562354435,232.51866560801682,,,none,30.0,85,2,monophasic
Modulated_autosave_20260715_170032_049ms,Flex. digitorum (L),L_The_ED_FD_FCR C,8,233.51866560801682,241.51866560801682,265.8784749805937,,,none,30.0,85,2,monophasic
Modulated_autosave_20260715_170032_049ms,Flex. digitorum (L),L_The_ED_FD_FCR C,9,266.8784749805937,274.8784749805937,299.23828435316705,,,none,30.0,85,2,monophasic
Modulated_autosave_20260715_170032_049ms,Flex. digitorum (L),L_The_ED_FD_FCR C,10,300.23828435316705,308.23828435316705,332.59809372574034,,,none,30.0,85,2,monophasic
Modulated_autosave_20260715_170032_049ms,Flex. digitorum (L),L_The_ED_FD_FCR C,1,0.7942811762902124,8.794281176290212,32.359809372573324,,,none,30.0,90,2,monophasic
Modulated_autosave_20260715_170032_049ms,Flex. digitorum (L),L_The_ED_FD_FCR C,2,33.359809372573324,41.359809372573324,65.71961874514665,,,none,30.0,90,2,monophasic
Modulated_autosave_20260715_170032_049ms,Flex. digitorum (L),L_The_ED_FD_FCR C,3,66.71961874514665,74.71961874514665,99.07942811771997,,,none,30.0,90,2,monophasic
Modulated_autosave_20260715_170032_049ms,Flex. digitorum (L),L_The_ED_FD_FCR C,4,100.07942811771997,108.07942811771997,132.43923749029685,,,none,30.0,90,2,monophasic
Modulated_autosave_20260715_170032_049ms,Flex. digitorum (L),L_The_ED_FD_FCR C,5,133.43923749029685,141.43923749029685,165.79904686287017,,,none,30.0,90,2,monophasic
Modulated_autosave_20260715_170032_049ms,Flex. digitorum (L),L_The_ED_FD_FCR C,6,166.79904686287017,174.79904686287017,199.1588562354435,,,none,30.0,90,2,monophasic
Modulated_autosave_20260715_170032_049ms,Flex. digitorum (L),L_The_ED_FD_FCR C,7,200.1588562354435,208.1588562354435,232.51866560801682,,,none,30.0,90,2,monophasic
Modulated_autosave_20260715_170032_049ms,Flex. digitorum (L),L_The_ED_FD_FCR C,8,233.51866560801682,241.51866560801682,265.8784749805937,,,none,30.0,90,2,monophasic
Modulated_autosave_20260715_170032_049ms,Flex. digitorum (L),L_The_ED_FD_FCR C,9,266.8784749805937,274.8784749805937,299.23828435316705,,,none,30.0,90,2,monophasic
Modulated_autosave_20260715_170032_049ms,Flex. digitorum (L),L_The_ED_FD_FCR C,10,300.23828435316705,308.23828435316705,332.59809372574034,,,none,30.0,90,2,monophasic
Modulated_autosave_20260715_170032_049ms,Flex. digitorum (L),L_The_ED_FD_FCR C,1,0.7942811762902124,8.794281176290212,32.359809372573324,,,none,30.0,95,2,monophasic
Modulated_autosave_20260715_170032_049ms,Flex. digitorum (L),L_The_ED_FD_FCR C,2,33.359809372573324,41.359809372573324,65.71961874514665,,,none,30.0,95,2,monophasic
Modulated_autosave_20260715_170032_049ms,Flex. digitorum (L),L_The_ED_FD_FCR C,3,66.71961874514665,74.71961874514665,99.07942811771997,,,none,30.0,95,2,monophasic
Modulated_autosave_20260715_170032_049ms,Flex. digitorum (L),L_The_ED_FD_FCR C,4,100.07942811771997,108.07942811771997,132.43923749029685,,,none,30.0,95,2,monophasic
Modulated_autosave_20260715_170032_049ms,Flex. digitorum (L),L_The_ED_FD_FCR C,5,133.43923749029685,141.43923749029685,165.79904686287017,,,none,30.0,95,2,monophasic
Modulated_autosave_20260715_170032_049ms,Flex. digitorum (L),L_The_ED_FD_FCR C,6,166.79904686287017,174.79904686287017,199.1588562354435,,,none,30.0,95,2,monophasic
Modulated_autosave_20260715_170032_049ms,Flex. digitorum (L),L_The_ED_FD_FCR C,7,200.1588562354435,208.1588562354435,232.51866560801682,,,none,30.0,95,2,monophasic
Modulated_autosave_20260715_170032_049ms,Flex. digitorum (L),L_The_ED_FD_FCR C,8,233.51866560801682,241.51866560801682,265.8784749805937,,,none,30.0,95,2,monophasic
Modulated_autosave_20260715_170032_049ms,Flex. digitorum (L),L_The_ED_FD_FCR C,9,266.8784749805937,274.8784749805937,299.23828435316705,,,none,30.0,95,2,monophasic
Modulated_autosave_20260715_170032_049ms,Flex. digitorum (L),L_The_ED_FD_FCR C,10,300.23828435316705,308.23828435316705,332.59809372574034,,,none,30.0,95,2,monophasic
Modulated_autosave_20260715_170032_049ms,Flex. digitorum (L),L_The_ED_FD_FCR C,1,0.7942811762902124,8.794281176290212,32.359809372573324,0.30682840943336487,0.30682840943336487,none,30.0,100,2,monophasic
Modulated_autosave_20260715_170032_049ms,Flex. digitorum (L),L_The_ED_FD_FCR C,2,33.359809372573324,41.359809372573324,65.71961874514665,0.26688028866151403,0.26688028866151403,none,30.0,100,2,monophasic
Modulated_autosave_20260715_170032_049ms,Flex. digitorum (L),L_The_ED_FD_FCR C,3,66.71961874514665,74.71961874514665,99.07942811771997,0.0040283820088779934,0.0040283820088779934,none,30.0,100,2,monophasic
Modulated_autosave_20260715_170032_049ms,Flex. digitorum (L),L_The_ED_FD_FCR C,4,100.07942811771997,108.07942811771997,132.43923749029685,0.282322429052413,0.282322429052413,none,30.0,100,2,monophasic
Modulated_autosave_20260715_170032_049ms,Flex. digitorum (L),L_The_ED_FD_FCR C,5,133.43923749029685,141.43923749029685,165.79904686287017,0.26385901119263583,0.26385901119263583,none,30.0,100,2,monophasic
Modulated_autosave_20260715_170032_049ms,Flex. digitorum (L),L_The_ED_FD_FCR C,6,166.79904686287017,174.79904686287017,199.1588562354435,0.003356985047748639,0.003356985047748639,none,30.0,100,2,monophasic
Modulated_autosave_20260715_170032_049ms,Flex. digitorum (L),L_The_ED_FD_FCR C,7,200.1588562354435,208.1588562354435,232.51866560801682,0.286686494924646,0.286686494924646,none,30.0,100,2,monophasic
Modulated_autosave_20260715_170032_049ms,Flex. digitorum (L),L_The_ED_FD_FCR C,8,233.51866560801682,241.51866560801682,265.8784749805937,0.002853436858817798,0.002853436858817798,none,30.0,100,2,monophasic
Modulated_autosave_20260715_170032_049ms,Flex. digitorum (L),L_The_ED_FD_FCR C,9,266.8784749805937,274.8784749805937,299.23828435316705,0.024505989625990356,0.024505989625990356,none,30.0,100,2,monophasic
Modulated_autosave_20260715_170032_049ms,Flex. digitorum (L),L_The_ED_FD_FCR C,10,300.23828435316705,308.23828435316705,332.59809372574034,0.2890363931432604,0.2890363931432604,none,30.0,100,2,monophasic
Modulated_autosave_20260715_170032_049ms,Flex. digitorum (L),L_The_ED_FD_FCR C,1,0.7942811762902124,8.794281176290212,32.359809372573324,0.31152819097042084,0.31152819097042084,none,30.0,105,2,monophasic
Modulated_autosave_20260715_170032_049ms,Flex. digitorum (L),L_The_ED_FD_FCR C,2,33.359809372573324,41.359809372573324,65.71961874514665,0.3125352784058902,0.3125352784058902,none,30.0,105,2,monophasic
Modulated_autosave_20260715_170032_049ms,Flex. digitorum (L),L_The_ED_FD_FCR C,3,66.71961874514665,74.71961874514665,99.07942811771997,0.2947432621573904,0.2947432621573904,none,30.0,105,2,monophasic
Modulated_autosave_20260715_170032_049ms,Flex. digitorum (L),L_The_ED_FD_FCR C,4,100.07942811771997,108.07942811771997,132.43923749029685,0.028534370469009716,0.028534370469009716,none,30.0,105,2,monophasic
Modulated_autosave_20260715_170032_049ms,Flex. digitorum (L),L_The_ED_FD_FCR C,5,133.43923749029685,141.43923749029685,165.79904686287017,0.2898756488876597,0.2898756488876597,none,30.0,105,2,monophasic
Modulated_autosave_20260715_170032_049ms,Flex. digitorum (L),L_The_ED_FD_FCR C,6,166.79904686287017,174.79904686287017,199.1588562354435,0.30280003694901275,0.30280003694901275,none,30.0,105,2,monophasic
Modulated_autosave_20260715_170032_049ms,Flex. digitorum (L),L_The_ED_FD_FCR C,7,200.1588562354435,208.1588562354435,232.51866560801682,0.2771191000700407,0.2771191000700407,none,30.0,105,2,monophasic
Modulated_autosave_20260715_170032_049ms,Flex. digitorum (L),L_The_ED_FD_FCR C,8,233.51866560801682,241.51866560801682,265.8784749805937,0.0057068739504842585,0.0057068739504842585,none,30.0,105,2,monophasic
Modulated_autosave_20260715_170032_049ms,Flex. digitorum (L),L_The_ED_FD_FCR C,9,266.8784749805937,274.8784749805937,299.23828435316705,0.29306476563186373,0.29306476563186373,none,30.0,105,2,monophasic
Modulated_autosave_20260715_170032_049ms,Flex. digitorum (L),L_The_ED_FD_FCR C,10,300.23828435316705,308.23828435316705,332.59809372574034,0.27241931854910606,0.27241931854910606,none,30.0,105,2,monophasic
Modulated_autosave_20260715_170032_049ms,Flex. digitorum (L),L_The_ED_FD_FCR C,1,0.7942811762902124,8.794281176290212,32.359809372573324,0.3056534603238106,0.3056534603238106,none,30.0,110,2,monophasic
Modulated_autosave_20260715_170032_049ms,Flex. digitorum (L),L_The_ED_FD_FCR C,2,33.359809372573324,41.359809372573324,65.71961874514665,0.30850689840652434,0.30850689840652434,none,30.0,110,2,monophasic
Modulated_autosave_20260715_170032_049ms,Flex. digitorum (L),L_The_ED_FD_FCR C,3,66.71961874514665,74.71961874514665,99.07942811771997,0.30347142339674704,0.30347142339674704,none,30.0,110,2,monophasic
Modulated_autosave_20260715_170032_049ms,Flex. digitorum (L),L_The_ED_FD_FCR C,4,100.07942811771997,108.07942811771997,132.43923749029685,0.29843594878477575,0.29843594878477575,none,30.0,110,2,monophasic
Modulated_autosave_20260715_170032_049ms,Flex. digitorum (L),L_The_ED_FD_FCR C,5,133.43923749029685,141.43923749029685,165.79904686287017,0.270069435205399,0.270069435205399,none,30.0,110,2,monophasic
Modulated_autosave_20260715_170032_049ms,Flex. digitorum (L),L_The_ED_FD_FCR C,6,166.79904686287017,174.79904686287017,199.1588562354435,0.28081177918470457,0.28081177918470457,none,30.0,110,2,monophasic
Modulated_autosave_20260715_170032_049ms,Flex. digitorum (L),L_The_ED_FD_FCR C,7,200.1588562354435,208.1588562354435,232.51866560801682,0.29575035716932896,0.29575035716932896,none,30.0,110,2,monophasic
Modulated_autosave_20260715_170032_049ms,Flex. digitorum (L),L_The_ED_FD_FCR C,8,233.51866560801682,241.51866560801682,265.8784749805937,0.28769359736055045,0.28769359736055045,none,30.0,110,2,monophasic
Modulated_autosave_20260715_170032_049ms,Flex. digitorum (L),L_The_ED_FD_FCR C,9,266.8784749805937,274.8784749805937,299.23828435316705,0.2816510274797295,0.2816510274797295,none,30.0,110,2,monophasic
Modulated_autosave_20260715_170032_049ms,Flex. digitorum (L),L_The_ED_FD_FCR C,10,300.23828435316705,308.23828435316705,332.59809372574034,0.2870221957381895,0.2870221957381895,none,30.0,110,2,monophasic
Modulated_autosave_20260715_170032_049ms,Flex. digitorum (L),L_The_ED_FD_FCR C,1,0.7942811762902124,8.794281176290212,32.359809372573324,0.3326771929860115,0.3326771929860115,none,30.0,115,2,monophasic
Modulated_autosave_20260715_170032_049ms,Flex. digitorum (L),L_The_ED_FD_FCR C,2,33.359809372573324,41.359809372573324,65.71961874514665,0.3236133380217628,0.3236133380217628,none,30.0,115,2,monophasic
Modulated_autosave_20260715_170032_049ms,Flex. digitorum (L),L_The_ED_FD_FCR C,3,66.71961874514665,74.71961874514665,99.07942811771997,0.3105210957523396,0.3105210957523396,none,30.0,115,2,monophasic
Modulated_autosave_20260715_170032_049ms,Flex. digitorum (L),L_The_ED_FD_FCR C,4,100.07942811771997,108.07942811771997,132.43923749029685,0.3346913903584384,0.3346913903584384,none,30.0,115,2,monophasic
Modulated_autosave_20260715_170032_049ms,Flex. digitorum (L),L_The_ED_FD_FCR C,5,133.43923749029685,141.43923749029685,165.79904686287017,0.3001144379025105,0.3001144379025105,none,30.0,115,2,monophasic
Modulated_autosave_20260715_170032_049ms,Flex. digitorum (L),L_The_ED_FD_FCR C,6,166.79904686287017,174.79904686287017,199.1588562354435,0.29776456205424023,0.29776456205424023,none,30.0,115,2,monophasic
Modulated_autosave_20260715_170032_049ms,Flex. digitorum (L),L_The_ED_FD_FCR C,7,200.1588562354435,208.1588562354435,232.51866560801682,0.3145494758945103,0.3145494758945103,none,30.0,115,2,monophasic
Modulated_autosave_20260715_170032_049ms,Flex. digitorum (L),L_The_ED_FD_FCR C,8,233.51866560801682,241.51866560801682,265.8784749805937,0.2552986889733364,0.2552986889733364,none,30.0,115,2,monophasic
Modulated_autosave_20260715_170032_049ms,Flex. digitorum (L),L_The_ED_FD_FCR C,9,266.8784749805937,274.8784749805937,299.23828435316705,0.292057685524781,0.292057685524781,none,30.0,115,2,monophasic
Modulated_autosave_20260715_170032_049ms,Flex. digitorum (L),L_The_ED_FD_FCR C,10,300.23828435316705,308.23828435316705,332.59809372574034,0.302800022051621,0.302800022051621,none,30.0,115,2,monophasic
Modulated_autosave_20260715_170032_049ms,Flex. digitorum (L),L_The_ED_FD_FCR C,1,0.7942811762902124,8.794281176290212,32.359809372573324,0.32730601727962494,0.32730601727962494,none,30.0,120,2,monophasic
Modulated_autosave_20260715_170032_049ms,Flex. digitorum (L),L_The_ED_FD_FCR C,2,33.359809372573324,41.359809372573324,65.71961874514665,0.2960860653881645,0.2960860653881645,none,30.0,120,2,monophasic
Modulated_autosave_20260715_170032_049ms,Flex. digitorum (L),L_The_ED_FD_FCR C,3,66.71961874514665,74.71961874514665,99.07942811771997,0.350469216626475,0.350469216626475,none,30.0,120,2,monophasic
Modulated_autosave_20260715_170032_049ms,Flex. digitorum (L),L_The_ED_FD_FCR C,4,100.07942811771997,108.07942811771997,132.43923749029685,0.27930112926335526,0.27930112926335526,none,30.0,120,2,monophasic
Modulated_autosave_20260715_170032_049ms,Flex. digitorum (L),L_The_ED_FD_FCR C,5,133.43923749029685,141.43923749029685,165.79904686287017,0.28534370658543373,0.28534370658543373,none,30.0,120,2,monophasic
Modulated_autosave_20260715_170032_049ms,Flex. digitorum (L),L_The_ED_FD_FCR C,6,166.79904686287017,174.79904686287017,199.1588562354435,0.30917830763949117,0.30917830763949117,none,30.0,120,2,monophasic
Modulated_autosave_20260715_170032_049ms,Flex. digitorum (L),L_The_ED_FD_FCR C,7,200.1588562354435,208.1588562354435,232.51866560801682,0.2833295240850742,0.2833295240850742,none,30.0,120,2,monophasic
Modulated_autosave_20260715_170032_049ms,Flex. digitorum (L),L_The_ED_FD_FCR C,8,233.51866560801682,241.51866560801682,265.8784749805937,0.2652018070173739,0.2652018070173739,none,30.0,120,2,monophasic
Modulated_autosave_20260715_170032_049ms,Flex. digitorum (L),L_The_ED_FD_FCR C,9,266.8784749805937,274.8784749805937,299.23828435316705,0.2917219772880463,0.2917219772880463,none,30.0,120,2,monophasic
Modulated_autosave_20260715_170032_049ms,Flex. digitorum (L),L_The_ED_FD_FCR C,10,300.23828435316705,308.23828435316705,332.59809372574034,0.3074998185037213,0.3074998185037213,none,30.0,120,2,monophasic
Modulated_autosave_20260715_170032_049ms,Flex. digitorum (L),L_The_ED_FD_FCR C,1,0.7942811762902124,8.794281176290212,32.359809372573324,0.3779964968562126,0.3779964968562126,none,30.0,125,2,monophasic
Modulated_autosave_20260715_170032_049ms,Flex. digitorum (L),L_The_ED_FD_FCR C,2,33.359809372573324,41.359809372573324,65.71961874514665,0.30632486936932135,0.30632486936932135,none,30.0,125,2,monophasic
Modulated_autosave_20260715_170032_049ms,Flex. digitorum (L),L_The_ED_FD_FCR C,3,66.71961874514665,74.71961874514665,99.07942811771997,0.3330128937812145,0.3330128937812145,none,30.0,125,2,monophasic
Modulated_autosave_20260715_170032_049ms,Flex. digitorum (L),L_The_ED_FD_FCR C,4,100.07942811771997,108.07942811771997,132.43923749029685,0.32327763734222,0.32327763734222,none,30.0,125,2,monophasic
Modulated_autosave_20260715_170032_049ms,Flex. digitorum (L),L_The_ED_FD_FCR C,5,133.43923749029685,141.43923749029685,165.79904686287017,0.2923933789044669,0.2923933789044669,none,30.0,125,2,monophasic
Modulated_autosave_20260715_170032_049ms,Flex. digitorum (L),L_The_ED_FD_FCR C,6,166.79904686287017,174.79904686287017,199.1588562354435,0.298771657014529,0.298771657014529,none,30.0,125,2,monophasic
Modulated_autosave_20260715_170032_049ms,Flex. digitorum (L),L_The_ED_FD_FCR C,7,200.1588562354435,208.1588562354435,232.51866560801682,0.27191577106320847,0.27191577106320847,none,30.0,125,2,monophasic
Modulated_autosave_20260715_170032_049ms,Flex. digitorum (L),L_The_ED_FD_FCR C,8,233.51866560801682,241.51866560801682,265.8784749805937,0.27124436944133024,0.27124436944133024,none,30.0,125,2,monophasic
Modulated_autosave_20260715_170032_049ms,Flex. digitorum (L),L_The_ED_FD_FCR C,9,266.8784749805937,274.8784749805937,299.23828435316705,0.2962539121506441,0.2962539121506441,none,30.0,125,2,monophasic
Modulated_autosave_20260715_170032_049ms,Flex. digitorum (L),L_The_ED_FD_FCR C,10,300.23828435316705,308.23828435316705,332.59809372574034,0.30682841688213275,0.30682841688213275,none,30.0,125,2,monophasic
Modulated_autosave_20260715_170032_049ms,Flex. carpi rad. (L),L_The_ED_FD_FCR D,1,0.7942811762902124,8.794281176290212,32.359809372573324,,,none,30.0,30,2,monophasic
Modulated_autosave_20260715_170032_049ms,Flex. carpi rad. (L),L_The_ED_FD_FCR D,2,33.359809372573324,41.359809372573324,65.71961874514665,,,none,30.0,30,2,monophasic
Modulated_autosave_20260715_170032_049ms,Flex. carpi rad. (L),L_The_ED_FD_FCR D,3,66.71961874514665,74.71961874514665,99.07942811771997,,,none,30.0,30,2,monophasic
Modulated_autosave_20260715_170032_049ms,Flex. carpi rad. (L),L_The_ED_FD_FCR D,4,100.07942811771997,108.07942811771997,132.43923749029685,,,none,30.0,30,2,monophasic
Modulated_autosave_20260715_170032_049ms,Flex. carpi rad. (L),L_The_ED_FD_FCR D,5,133.43923749029685,141.43923749029685,165.79904686287017,,,none,30.0,30,2,monophasic
Modulated_autosave_20260715_170032_049ms,Flex. carpi rad. (L),L_The_ED_FD_FCR D,6,166.79904686287017,174.79904686287017,199.1588562354435,,,none,30.0,30,2,monophasic
Modulated_autosave_20260715_170032_049ms,Flex. carpi rad. (L),L_The_ED_FD_FCR D,7,200.1588562354435,208.1588562354435,232.51866560801682,,,none,30.0,30,2,monophasic
Modulated_autosave_20260715_170032_049ms,Flex. carpi rad. (L),L_The_ED_FD_FCR D,8,233.51866560801682,241.51866560801682,265.8784749805937,,,none,30.0,30,2,monophasic
Modulated_autosave_20260715_170032_049ms,Flex. carpi rad. (L),L_The_ED_FD_FCR D,9,266.8784749805937,274.8784749805937,299.23828435316705,,,none,30.0,30,2,monophasic
Modulated_autosave_20260715_170032_049ms,Flex. carpi rad. (L),L_The_ED_FD_FCR D,10,300.23828435316705,308.23828435316705,332.59809372574034,,,none,30.0,30,2,monophasic
Modulated_autosave_20260715_170032_049ms,Flex. carpi rad. (L),L_The_ED_FD_FCR D,1,0.7942811762902124,8.794281176290212,32.359809372573324,,,none,30.0,35,2,monophasic
Modulated_autosave_20260715_170032_049ms,Flex. carpi rad. (L),L_The_ED_FD_FCR D,2,33.359809372573324,41.359809372573324,65.71961874514665,,,none,30.0,35,2,monophasic
Modulated_autosave_20260715_170032_049ms,Flex. carpi rad. (L),L_The_ED_FD_FCR D,3,66.71961874514665,74.71961874514665,99.07942811771997,,,none,30.0,35,2,monophasic
Modulated_autosave_20260715_170032_049ms,Flex. carpi rad. (L),L_The_ED_FD_FCR D,4,100.07942811771997,108.07942811771997,132.43923749029685,,,none,30.0,35,2,monophasic
Modulated_autosave_20260715_170032_049ms,Flex. carpi rad. (L),L_The_ED_FD_FCR D,5,133.43923749029685,141.43923749029685,165.79904686287017,,,none,30.0,35,2,monophasic
Modulated_autosave_20260715_170032_049ms,Flex. carpi rad. (L),L_The_ED_FD_FCR D,6,166.79904686287017,174.79904686287017,199.1588562354435,,,none,30.0,35,2,monophasic
Modulated_autosave_20260715_170032_049ms,Flex. carpi rad. (L),L_The_ED_FD_FCR D,7,200.1588562354435,208.1588562354435,232.51866560801682,,,none,30.0,35,2,monophasic
Modulated_autosave_20260715_170032_049ms,Flex. carpi rad. (L),L_The_ED_FD_FCR D,8,233.51866560801682,241.51866560801682,265.8784749805937,,,none,30.0,35,2,monophasic
Modulated_autosave_20260715_170032_049ms,Flex. carpi rad. (L),L_The_ED_FD_FCR D,9,266.8784749805937,274.8784749805937,299.23828435316705,,,none,30.0,35,2,monophasic
Modulated_autosave_20260715_170032_049ms,Flex. carpi rad. (L),L_The_ED_FD_FCR D,10,300.23828435316705,308.23828435316705,332.59809372574034,,,none,30.0,35,2,monophasic
Modulated_autosave_20260715_170032_049ms,Flex. carpi rad. (L),L_The_ED_FD_FCR D,1,0.7942811762902124,8.794281176290212,32.359809372573324,,,none,30.0,40,2,monophasic
Modulated_autosave_20260715_170032_049ms,Flex. carpi rad. (L),L_The_ED_FD_FCR D,2,33.359809372573324,41.359809372573324,65.71961874514665,,,none,30.0,40,2,monophasic
Modulated_autosave_20260715_170032_049ms,Flex. carpi rad. (L),L_The_ED_FD_FCR D,3,66.71961874514665,74.71961874514665,99.07942811771997,,,none,30.0,40,2,monophasic
Modulated_autosave_20260715_170032_049ms,Flex. carpi rad. (L),L_The_ED_FD_FCR D,4,100.07942811771997,108.07942811771997,132.43923749029685,,,none,30.0,40,2,monophasic
Modulated_autosave_20260715_170032_049ms,Flex. carpi rad. (L),L_The_ED_FD_FCR D,5,133.43923749029685,141.43923749029685,165.79904686287017,,,none,30.0,40,2,monophasic
Modulated_autosave_20260715_170032_049ms,Flex. carpi rad. (L),L_The_ED_FD_FCR D,6,166.79904686287017,174.79904686287017,199.1588562354435,,,none,30.0,40,2,monophasic
Modulated_autosave_20260715_170032_049ms,Flex. carpi rad. (L),L_The_ED_FD_FCR D,7,200.1588562354435,208.1588562354435,232.51866560801682,,,none,30.0,40,2,monophasic
Modulated_autosave_20260715_170032_049ms,Flex. carpi rad. (L),L_The_ED_FD_FCR D,8,233.51866560801682,241.51866560801682,265.8784749805937,,,none,30.0,40,2,monophasic
Modulated_autosave_20260715_170032_049ms,Flex. carpi rad. (L),L_The_ED_FD_FCR D,9,266.8784749805937,274.8784749805937,299.23828435316705,,,none,30.0,40,2,monophasic
Modulated_autosave_20260715_170032_049ms,Flex. carpi rad. (L),L_The_ED_FD_FCR D,10,300.23828435316705,308.23828435316705,332.59809372574034,,,none,30.0,40,2,monophasic
Modulated_autosave_20260715_170032_049ms,Flex. carpi rad. (L),L_The_ED_FD_FCR D,1,0.7942811762902124,8.794281176290212,32.359809372573324,,,none,30.0,45,2,monophasic
Modulated_autosave_20260715_170032_049ms,Flex. carpi rad. (L),L_The_ED_FD_FCR D,2,33.359809372573324,41.359809372573324,65.71961874514665,,,none,30.0,45,2,monophasic
Modulated_autosave_20260715_170032_049ms,Flex. carpi rad. (L),L_The_ED_FD_FCR D,3,66.71961874514665,74.71961874514665,99.07942811771997,,,none,30.0,45,2,monophasic
Modulated_autosave_20260715_170032_049ms,Flex. carpi rad. (L),L_The_ED_FD_FCR D,4,100.07942811771997,108.07942811771997,132.43923749029685,,,none,30.0,45,2,monophasic
Modulated_autosave_20260715_170032_049ms,Flex. carpi rad. (L),L_The_ED_FD_FCR D,5,133.43923749029685,141.43923749029685,165.79904686287017,,,none,30.0,45,2,monophasic
Modulated_autosave_20260715_170032_049ms,Flex. carpi rad. (L),L_The_ED_FD_FCR D,6,166.79904686287017,174.79904686287017,199.1588562354435,,,none,30.0,45,2,monophasic
Modulated_autosave_20260715_170032_049ms,Flex. carpi rad. (L),L_The_ED_FD_FCR D,7,200.1588562354435,208.1588562354435,232.51866560801682,,,none,30.0,45,2,monophasic
Modulated_autosave_20260715_170032_049ms,Flex. carpi rad. (L),L_The_ED_FD_FCR D,8,233.51866560801682,241.51866560801682,265.8784749805937,,,none,30.0,45,2,monophasic
Modulated_autosave_20260715_170032_049ms,Flex. carpi rad. (L),L_The_ED_FD_FCR D,9,266.8784749805937,274.8784749805937,299.23828435316705,,,none,30.0,45,2,monophasic
Modulated_autosave_20260715_170032_049ms,Flex. carpi rad. (L),L_The_ED_FD_FCR D,10,300.23828435316705,308.23828435316705,332.59809372574034,,,none,30.0,45,2,monophasic
Modulated_autosave_20260715_170032_049ms,Flex. carpi rad. (L),L_The_ED_FD_FCR D,1,0.7942811762902124,8.794281176290212,32.359809372573324,,,none,30.0,50,2,monophasic
Modulated_autosave_20260715_170032_049ms,Flex. carpi rad. (L),L_The_ED_FD_FCR D,2,33.359809372573324,41.359809372573324,65.71961874514665,,,none,30.0,50,2,monophasic
Modulated_autosave_20260715_170032_049ms,Flex. carpi rad. (L),L_The_ED_FD_FCR D,3,66.71961874514665,74.71961874514665,99.07942811771997,,,none,30.0,50,2,monophasic
Modulated_autosave_20260715_170032_049ms,Flex. carpi rad. (L),L_The_ED_FD_FCR D,4,100.07942811771997,108.07942811771997,132.43923749029685,,,none,30.0,50,2,monophasic
Modulated_autosave_20260715_170032_049ms,Flex. carpi rad. (L),L_The_ED_FD_FCR D,5,133.43923749029685,141.43923749029685,165.79904686287017,,,none,30.0,50,2,monophasic
Modulated_autosave_20260715_170032_049ms,Flex. carpi rad. (L),L_The_ED_FD_FCR D,6,166.79904686287017,174.79904686287017,199.1588562354435,,,none,30.0,50,2,monophasic
Modulated_autosave_20260715_170032_049ms,Flex. carpi rad. (L),L_The_ED_FD_FCR D,7,200.1588562354435,208.1588562354435,232.51866560801682,,,none,30.0,50,2,monophasic
Modulated_autosave_20260715_170032_049ms,Flex. carpi rad. (L),L_The_ED_FD_FCR D,8,233.51866560801682,241.51866560801682,265.8784749805937,,,none,30.0,50,2,monophasic
Modulated_autosave_20260715_170032_049ms,Flex. carpi rad. (L),L_The_ED_FD_FCR D,9,266.8784749805937,274.8784749805937,299.23828435316705,,,none,30.0,50,2,monophasic
Modulated_autosave_20260715_170032_049ms,Flex. carpi rad. (L),L_The_ED_FD_FCR D,10,300.23828435316705,308.23828435316705,332.59809372574034,,,none,30.0,50,2,monophasic
Modulated_autosave_20260715_170032_049ms,Flex. carpi rad. (L),L_The_ED_FD_FCR D,1,0.7942811762902124,8.794281176290212,32.359809372573324,,,none,30.0,55,2,monophasic
Modulated_autosave_20260715_170032_049ms,Flex. carpi rad. (L),L_The_ED_FD_FCR D,2,33.359809372573324,41.359809372573324,65.71961874514665,,,none,30.0,55,2,monophasic
Modulated_autosave_20260715_170032_049ms,Flex. carpi rad. (L),L_The_ED_FD_FCR D,3,66.71961874514665,74.71961874514665,99.07942811771997,,,none,30.0,55,2,monophasic
Modulated_autosave_20260715_170032_049ms,Flex. carpi rad. (L),L_The_ED_FD_FCR D,4,100.07942811771997,108.07942811771997,132.43923749029685,,,none,30.0,55,2,monophasic
Modulated_autosave_20260715_170032_049ms,Flex. carpi rad. (L),L_The_ED_FD_FCR D,5,133.43923749029685,141.43923749029685,165.79904686287017,,,none,30.0,55,2,monophasic
Modulated_autosave_20260715_170032_049ms,Flex. carpi rad. (L),L_The_ED_FD_FCR D,6,166.79904686287017,174.79904686287017,199.1588562354435,,,none,30.0,55,2,monophasic
Modulated_autosave_20260715_170032_049ms,Flex. carpi rad. (L),L_The_ED_FD_FCR D,7,200.1588562354435,208.1588562354435,232.51866560801682,,,none,30.0,55,2,monophasic
Modulated_autosave_20260715_170032_049ms,Flex. carpi rad. (L),L_The_ED_FD_FCR D,8,233.51866560801682,241.51866560801682,265.8784749805937,,,none,30.0,55,2,monophasic
Modulated_autosave_20260715_170032_049ms,Flex. carpi rad. (L),L_The_ED_FD_FCR D,9,266.8784749805937,274.8784749805937,299.23828435316705,,,none,30.0,55,2,monophasic
Modulated_autosave_20260715_170032_049ms,Flex. carpi rad. (L),L_The_ED_FD_FCR D,10,300.23828435316705,308.23828435316705,332.59809372574034,,,none,30.0,55,2,monophasic
Modulated_autosave_20260715_170032_049ms,Flex. carpi rad. (L),L_The_ED_FD_FCR D,1,0.7942811762902124,8.794281176290212,32.359809372573324,,,none,30.0,60,2,monophasic
Modulated_autosave_20260715_170032_049ms,Flex. carpi rad. (L),L_The_ED_FD_FCR D,2,33.359809372573324,41.359809372573324,65.71961874514665,,,none,30.0,60,2,monophasic
Modulated_autosave_20260715_170032_049ms,Flex. carpi rad. (L),L_The_ED_FD_FCR D,3,66.71961874514665,74.71961874514665,99.07942811771997,,,none,30.0,60,2,monophasic
Modulated_autosave_20260715_170032_049ms,Flex. carpi rad. (L),L_The_ED_FD_FCR D,4,100.07942811771997,108.07942811771997,132.43923749029685,,,none,30.0,60,2,monophasic
Modulated_autosave_20260715_170032_049ms,Flex. carpi rad. (L),L_The_ED_FD_FCR D,5,133.43923749029685,141.43923749029685,165.79904686287017,,,none,30.0,60,2,monophasic
Modulated_autosave_20260715_170032_049ms,Flex. carpi rad. (L),L_The_ED_FD_FCR D,6,166.79904686287017,174.79904686287017,199.1588562354435,,,none,30.0,60,2,monophasic
Modulated_autosave_20260715_170032_049ms,Flex. carpi rad. (L),L_The_ED_FD_FCR D,7,200.1588562354435,208.1588562354435,232.51866560801682,,,none,30.0,60,2,monophasic
Modulated_autosave_20260715_170032_049ms,Flex. carpi rad. (L),L_The_ED_FD_FCR D,8,233.51866560801682,241.51866560801682,265.8784749805937,,,none,30.0,60,2,monophasic
Modulated_autosave_20260715_170032_049ms,Flex. carpi rad. (L),L_The_ED_FD_FCR D,9,266.8784749805937,274.8784749805937,299.23828435316705,,,none,30.0,60,2,monophasic
Modulated_autosave_20260715_170032_049ms,Flex. carpi rad. (L),L_The_ED_FD_FCR D,10,300.23828435316705,308.23828435316705,332.59809372574034,,,none,30.0,60,2,monophasic
Modulated_autosave_20260715_170032_049ms,Flex. carpi rad. (L),L_The_ED_FD_FCR D,1,0.7942811762902124,8.794281176290212,32.359809372573324,,,none,30.0,65,2,monophasic
Modulated_autosave_20260715_170032_049ms,Flex. carpi rad. (L),L_The_ED_FD_FCR D,2,33.359809372573324,41.359809372573324,65.71961874514665,,,none,30.0,65,2,monophasic
Modulated_autosave_20260715_170032_049ms,Flex. carpi rad. (L),L_The_ED_FD_FCR D,3,66.71961874514665,74.71961874514665,99.07942811771997,,,none,30.0,65,2,monophasic
Modulated_autosave_20260715_170032_049ms,Flex. carpi rad. (L),L_The_ED_FD_FCR D,4,100.07942811771997,108.07942811771997,132.43923749029685,,,none,30.0,65,2,monophasic
Modulated_autosave_20260715_170032_049ms,Flex. carpi rad. (L),L_The_ED_FD_FCR D,5,133.43923749029685,141.43923749029685,165.79904686287017,,,none,30.0,65,2,monophasic
Modulated_autosave_20260715_170032_049ms,Flex. carpi rad. (L),L_The_ED_FD_FCR D,6,166.79904686287017,174.79904686287017,199.1588562354435,,,none,30.0,65,2,monophasic
Modulated_autosave_20260715_170032_049ms,Flex. carpi rad. (L),L_The_ED_FD_FCR D,7,200.1588562354435,208.1588562354435,232.51866560801682,,,none,30.0,65,2,monophasic
Modulated_autosave_20260715_170032_049ms,Flex. carpi rad. (L),L_The_ED_FD_FCR D,8,233.51866560801682,241.51866560801682,265.8784749805937,,,none,30.0,65,2,monophasic
Modulated_autosave_20260715_170032_049ms,Flex. carpi rad. (L),L_The_ED_FD_FCR D,9,266.8784749805937,274.8784749805937,299.23828435316705,,,none,30.0,65,2,monophasic
Modulated_autosave_20260715_170032_049ms,Flex. carpi rad. (L),L_The_ED_FD_FCR D,10,300.23828435316705,308.23828435316705,332.59809372574034,,,none,30.0,65,2,monophasic
Modulated_autosave_20260715_170032_049ms,Flex. carpi rad. (L),L_The_ED_FD_FCR D,1,0.7942811762902124,8.794281176290212,32.359809372573324,,,none,30.0,70,2,monophasic
Modulated_autosave_20260715_170032_049ms,Flex. carpi rad. (L),L_The_ED_FD_FCR D,2,33.359809372573324,41.359809372573324,65.71961874514665,,,none,30.0,70,2,monophasic
Modulated_autosave_20260715_170032_049ms,Flex. carpi rad. (L),L_The_ED_FD_FCR D,3,66.71961874514665,74.71961874514665,99.07942811771997,,,none,30.0,70,2,monophasic
Modulated_autosave_20260715_170032_049ms,Flex. carpi rad. (L),L_The_ED_FD_FCR D,4,100.07942811771997,108.07942811771997,132.43923749029685,,,none,30.0,70,2,monophasic
Modulated_autosave_20260715_170032_049ms,Flex. carpi rad. (L),L_The_ED_FD_FCR D,5,133.43923749029685,141.43923749029685,165.79904686287017,,,none,30.0,70,2,monophasic
Modulated_autosave_20260715_170032_049ms,Flex. carpi rad. (L),L_The_ED_FD_FCR D,6,166.79904686287017,174.79904686287017,199.1588562354435,,,none,30.0,70,2,monophasic
Modulated_autosave_20260715_170032_049ms,Flex. carpi rad. (L),L_The_ED_FD_FCR D,7,200.1588562354435,208.1588562354435,232.51866560801682,,,none,30.0,70,2,monophasic
Modulated_autosave_20260715_170032_049ms,Flex. carpi rad. (L),L_The_ED_FD_FCR D,8,233.51866560801682,241.51866560801682,265.8784749805937,,,none,30.0,70,2,monophasic
Modulated_autosave_20260715_170032_049ms,Flex. carpi rad. (L),L_The_ED_FD_FCR D,9,266.8784749805937,274.8784749805937,299.23828435316705,,,none,30.0,70,2,monophasic
Modulated_autosave_20260715_170032_049ms,Flex. carpi rad. (L),L_The_ED_FD_FCR D,10,300.23828435316705,308.23828435316705,332.59809372574034,,,none,30.0,70,2,monophasic
Modulated_autosave_20260715_170032_049ms,Flex. carpi rad. (L),L_The_ED_FD_FCR D,1,0.7942811762902124,8.794281176290212,32.359809372573324,,,none,30.0,75,2,monophasic
Modulated_autosave_20260715_170032_049ms,Flex. carpi rad. (L),L_The_ED_FD_FCR D,2,33.359809372573324,41.359809372573324,65.71961874514665,,,none,30.0,75,2,monophasic
Modulated_autosave_20260715_170032_049ms,Flex. carpi rad. (L),L_The_ED_FD_FCR D,3,66.71961874514665,74.71961874514665,99.07942811771997,,,none,30.0,75,2,monophasic
Modulated_autosave_20260715_170032_049ms,Flex. carpi rad. (L),L_The_ED_FD_FCR D,4,100.07942811771997,108.07942811771997,132.43923749029685,,,none,30.0,75,2,monophasic
Modulated_autosave_20260715_170032_049ms,Flex. carpi rad. (L),L_The_ED_FD_FCR D,5,133.43923749029685,141.43923749029685,165.79904686287017,,,none,30.0,75,2,monophasic
Modulated_autosave_20260715_170032_049ms,Flex. carpi rad. (L),L_The_ED_FD_FCR D,6,166.79904686287017,174.79904686287017,199.1588562354435,,,none,30.0,75,2,monophasic
Modulated_autosave_20260715_170032_049ms,Flex. carpi rad. (L),L_The_ED_FD_FCR D,7,200.1588562354435,208.1588562354435,232.51866560801682,,,none,30.0,75,2,monophasic
Modulated_autosave_20260715_170032_049ms,Flex. carpi rad. (L),L_The_ED_FD_FCR D,8,233.51866560801682,241.51866560801682,265.8784749805937,,,none,30.0,75,2,monophasic
Modulated_autosave_20260715_170032_049ms,Flex. carpi rad. (L),L_The_ED_FD_FCR D,9,266.8784749805937,274.8784749805937,299.23828435316705,,,none,30.0,75,2,monophasic
Modulated_autosave_20260715_170032_049ms,Flex. carpi rad. (L),L_The_ED_FD_FCR D,10,300.23828435316705,308.23828435316705,332.59809372574034,,,none,30.0,75,2,monophasic
Modulated_autosave_20260715_170032_049ms,Flex. carpi rad. (L),L_The_ED_FD_FCR D,1,0.7942811762902124,8.794281176290212,32.359809372573324,,,none,30.0,80,2,monophasic
Modulated_autosave_20260715_170032_049ms,Flex. carpi rad. (L),L_The_ED_FD_FCR D,2,33.359809372573324,41.359809372573324,65.71961874514665,,,none,30.0,80,2,monophasic
Modulated_autosave_20260715_170032_049ms,Flex. carpi rad. (L),L_The_ED_FD_FCR D,3,66.71961874514665,74.71961874514665,99.07942811771997,,,none,30.0,80,2,monophasic
Modulated_autosave_20260715_170032_049ms,Flex. carpi rad. (L),L_The_ED_FD_FCR D,4,100.07942811771997,108.07942811771997,132.43923749029685,,,none,30.0,80,2,monophasic
Modulated_autosave_20260715_170032_049ms,Flex. carpi rad. (L),L_The_ED_FD_FCR D,5,133.43923749029685,141.43923749029685,165.79904686287017,,,none,30.0,80,2,monophasic
Modulated_autosave_20260715_170032_049ms,Flex. carpi rad. (L),L_The_ED_FD_FCR D,6,166.79904686287017,174.79904686287017,199.1588562354435,,,none,30.0,80,2,monophasic
Modulated_autosave_20260715_170032_049ms,Flex. carpi rad. (L),L_The_ED_FD_FCR D,7,200.1588562354435,208.1588562354435,232.51866560801682,,,none,30.0,80,2,monophasic
Modulated_autosave_20260715_170032_049ms,Flex. carpi rad. (L),L_The_ED_FD_FCR D,8,233.51866560801682,241.51866560801682,265.8784749805937,,,none,30.0,80,2,monophasic
Modulated_autosave_20260715_170032_049ms,Flex. carpi rad. (L),L_The_ED_FD_FCR D,9,266.8784749805937,274.8784749805937,299.23828435316705,,,none,30.0,80,2,monophasic
Modulated_autosave_20260715_170032_049ms,Flex. carpi rad. (L),L_The_ED_FD_FCR D,10,300.23828435316705,308.23828435316705,332.59809372574034,,,none,30.0,80,2,monophasic
Modulated_autosave_20260715_170032_049ms,Flex. carpi rad. (L),L_The_ED_FD_FCR D,1,0.7942811762902124,8.794281176290212,32.359809372573324,,,none,30.0,85,2,monophasic
Modulated_autosave_20260715_170032_049ms,Flex. carpi rad. (L),L_The_ED_FD_FCR D,2,33.359809372573324,41.359809372573324,65.71961874514665,,,none,30.0,85,2,monophasic
Modulated_autosave_20260715_170032_049ms,Flex. carpi rad. (L),L_The_ED_FD_FCR D,3,66.71961874514665,74.71961874514665,99.07942811771997,,,none,30.0,85,2,monophasic
Modulated_autosave_20260715_170032_049ms,Flex. carpi rad. (L),L_The_ED_FD_FCR D,4,100.07942811771997,108.07942811771997,132.43923749029685,,,none,30.0,85,2,monophasic
Modulated_autosave_20260715_170032_049ms,Flex. carpi rad. (L),L_The_ED_FD_FCR D,5,133.43923749029685,141.43923749029685,165.79904686287017,,,none,30.0,85,2,monophasic
Modulated_autosave_20260715_170032_049ms,Flex. carpi rad. (L),L_The_ED_FD_FCR D,6,166.79904686287017,174.79904686287017,199.1588562354435,,,none,30.0,85,2,monophasic
Modulated_autosave_20260715_170032_049ms,Flex. carpi rad. (L),L_The_ED_FD_FCR D,7,200.1588562354435,208.1588562354435,232.51866560801682,,,none,30.0,85,2,monophasic
Modulated_autosave_20260715_170032_049ms,Flex. carpi rad. (L),L_The_ED_FD_FCR D,8,233.51866560801682,241.51866560801682,265.8784749805937,,,none,30.0,85,2,monophasic
Modulated_autosave_20260715_170032_049ms,Flex. carpi rad. (L),L_The_ED_FD_FCR D,9,266.8784749805937,274.8784749805937,299.23828435316705,,,none,30.0,85,2,monophasic
Modulated_autosave_20260715_170032_049ms,Flex. carpi rad. (L),L_The_ED_FD_FCR D,10,300.23828435316705,308.23828435316705,332.59809372574034,,,none,30.0,85,2,monophasic
Modulated_autosave_20260715_170032_049ms,Flex. carpi rad. (L),L_The_ED_FD_FCR D,1,0.7942811762902124,8.794281176290212,32.359809372573324,,,none,30.0,90,2,monophasic
Modulated_autosave_20260715_170032_049ms,Flex. carpi rad. (L),L_The_ED_FD_FCR D,2,33.359809372573324,41.359809372573324,65.71961874514665,,,none,30.0,90,2,monophasic
Modulated_autosave_20260715_170032_049ms,Flex. carpi rad. (L),L_The_ED_FD_FCR D,3,66.71961874514665,74.71961874514665,99.07942811771997,,,none,30.0,90,2,monophasic
Modulated_autosave_20260715_170032_049ms,Flex. carpi rad. (L),L_The_ED_FD_FCR D,4,100.07942811771997,108.07942811771997,132.43923749029685,,,none,30.0,90,2,monophasic
Modulated_autosave_20260715_170032_049ms,Flex. carpi rad. (L),L_The_ED_FD_FCR D,5,133.43923749029685,141.43923749029685,165.79904686287017,,,none,30.0,90,2,monophasic
Modulated_autosave_20260715_170032_049ms,Flex. carpi rad. (L),L_The_ED_FD_FCR D,6,166.79904686287017,174.79904686287017,199.1588562354435,,,none,30.0,90,2,monophasic
Modulated_autosave_20260715_170032_049ms,Flex. carpi rad. (L),L_The_ED_FD_FCR D,7,200.1588562354435,208.1588562354435,232.51866560801682,,,none,30.0,90,2,monophasic
Modulated_autosave_20260715_170032_049ms,Flex. carpi rad. (L),L_The_ED_FD_FCR D,8,233.51866560801682,241.51866560801682,265.8784749805937,,,none,30.0,90,2,monophasic
Modulated_autosave_20260715_170032_049ms,Flex. carpi rad. (L),L_The_ED_FD_FCR D,9,266.8784749805937,274.8784749805937,299.23828435316705,,,none,30.0,90,2,monophasic
Modulated_autosave_20260715_170032_049ms,Flex. carpi rad. (L),L_The_ED_FD_FCR D,10,300.23828435316705,308.23828435316705,332.59809372574034,,,none,30.0,90,2,monophasic
Modulated_autosave_20260715_170032_049ms,Flex. carpi rad. (L),L_The_ED_FD_FCR D,1,0.7942811762902124,8.794281176290212,32.359809372573324,0.012756542535498738,0.012756542535498738,none,30.0,95,2,monophasic
Modulated_autosave_20260715_170032_049ms,Flex. carpi rad. (L),L_The_ED_FD_FCR D,2,33.359809372573324,41.359809372573324,65.71961874514665,0.010742351644423569,0.010742351644423569,none,30.0,95,2,monophasic
Modulated_autosave_20260715_170032_049ms,Flex. carpi rad. (L),L_The_ED_FD_FCR D,3,66.71961874514665,74.71961874514665,99.07942811771997,0.011749447086223835,0.011749447086223835,none,30.0,95,2,monophasic
Modulated_autosave_20260715_170032_049ms,Flex. carpi rad. (L),L_The_ED_FD_FCR D,4,100.07942811771997,108.07942811771997,132.43923749029685,0.012924391776323318,0.012924391776323318,none,30.0,95,2,monophasic
Modulated_autosave_20260715_170032_049ms,Flex. carpi rad. (L),L_The_ED_FD_FCR D,5,133.43923749029685,141.43923749029685,165.79904686287017,0.011413748608293976,0.011413748608293976,none,30.0,95,2,monophasic
Modulated_autosave_20260715_170032_049ms,Flex. carpi rad. (L),L_The_ED_FD_FCR D,6,166.79904686287017,174.79904686287017,199.1588562354435,0.009399557718577695,0.009399557718577695,none,30.0,95,2,monophasic
Modulated_autosave_20260715_170032_049ms,Flex. carpi rad. (L),L_The_ED_FD_FCR D,7,200.1588562354435,208.1588562354435,232.51866560801682,0.011078049658444432,0.011078049658444432,none,30.0,95,2,monophasic
Modulated_autosave_20260715_170032_049ms,Flex. carpi rad. (L),L_The_ED_FD_FCR D,8,233.51866560801682,241.51866560801682,265.8784749805937,0.017959869460624278,0.017959869460624278,none,30.0,95,2,monophasic
Modulated_autosave_20260715_170032_049ms,Flex. carpi rad. (L),L_The_ED_FD_FCR D,9,266.8784749805937,274.8784749805937,299.23828435316705,0.011581598082550559,0.011581598082550559,none,30.0,95,2,monophasic
Modulated_autosave_20260715_170032_049ms,Flex. carpi rad. (L),L_The_ED_FD_FCR D,10,300.23828435316705,308.23828435316705,332.59809372574034,0.017792019061733617,0.017792019061733617,none,30.0,95,2,monophasic
Modulated_autosave_20260715_170032_049ms,Flex. carpi rad. (L),L_The_ED_FD_FCR D,1,0.7942811762902124,8.794281176290212,32.359809372573324,0.016113527584820986,0.016113527584820986,none,30.0,100,2,monophasic
Modulated_autosave_20260715_170032_049ms,Flex. carpi rad. (L),L_The_ED_FD_FCR D,2,33.359809372573324,41.359809372573324,65.71961874514665,0.014770733182728006,0.014770733182728006,none,30.0,100,2,monophasic
Modulated_autosave_20260715_170032_049ms,Flex. carpi rad. (L),L_The_ED_FD_FCR D,3,66.71961874514665,74.71961874514665,99.07942811771997,0.017792019053482773,0.017792019053482773,none,30.0,100,2,monophasic
Modulated_autosave_20260715_170032_049ms,Flex. carpi rad. (L),L_The_ED_FD_FCR D,4,100.07942811771997,108.07942811771997,132.43923749029685,0.015777829103171825,0.015777829103171825,none,30.0,100,2,monophasic
Modulated_autosave_20260715_170032_049ms,Flex. carpi rad. (L),L_The_ED_FD_FCR D,5,133.43923749029685,141.43923749029685,165.79904686287017,0.019302663392291603,0.019302663392291603,none,30.0,100,2,monophasic
Modulated_autosave_20260715_170032_049ms,Flex. carpi rad. (L),L_The_ED_FD_FCR D,6,166.79904686287017,174.79904686287017,199.1588562354435,0.011413748606541685,0.011413748606541685,none,30.0,100,2,monophasic
Modulated_autosave_20260715_170032_049ms,Flex. carpi rad. (L),L_The_ED_FD_FCR D,7,200.1588562354435,208.1588562354435,232.51866560801682,0.016617075073677278,0.016617075073677278,none,30.0,100,2,monophasic
Modulated_autosave_20260715_170032_049ms,Flex. carpi rad. (L),L_The_ED_FD_FCR D,8,233.51866560801682,241.51866560801682,265.8784749805937,0.014267186168581247,0.014267186168581247,none,30.0,100,2,monophasic
Modulated_autosave_20260715_170032_049ms,Flex. carpi rad. (L),L_The_ED_FD_FCR D,9,266.8784749805937,274.8784749805937,299.23828435316705,0.014770733658185617,0.014770733658185617,none,30.0,100,2,monophasic
Modulated_autosave_20260715_170032_049ms,Flex. carpi rad. (L),L_The_ED_FD_FCR D,10,300.23828435316705,308.23828435316705,332.59809372574034,0.009399557718201411,0.009399557718201411,none,30.0,100,2,monophasic
Modulated_autosave_20260715_170032_049ms,Flex. carpi rad. (L),L_The_ED_FD_FCR D,1,0.7942811762902124,8.794281176290212,32.359809372573324,0.019470511935651302,0.019470511935651302,none,30.0,105,2,monophasic
Modulated_autosave_20260715_170032_049ms,Flex. carpi rad. (L),L_The_ED_FD_FCR D,2,33.359809372573324,41.359809372573324,65.71961874514665,0.021316854280066397,0.021316854280066397,none,30.0,105,2,monophasic
Modulated_autosave_20260715_170032_049ms,Flex. carpi rad. (L),L_The_ED_FD_FCR D,3,66.71961874514665,74.71961874514665,99.07942811771997,0.014770733642881666,0.014770733642881666,none,30.0,105,2,monophasic
Modulated_autosave_20260715_170032_049ms,Flex. carpi rad. (L),L_The_ED_FD_FCR D,4,100.07942811771997,108.07942811771997,132.43923749029685,0.017624170972680687,0.017624170972680687,none,30.0,105,2,monophasic
Modulated_autosave_20260715_170032_049ms,Flex. carpi rad. (L),L_The_ED_FD_FCR D,5,133.43923749029685,141.43923749029685,165.79904686287017,0.01930266337559679,0.01930266337559679,none,30.0,105,2,monophasic
Modulated_autosave_20260715_170032_049ms,Flex. carpi rad. (L),L_The_ED_FD_FCR D,6,166.79904686287017,174.79904686287017,199.1588562354435,0.01745632104494551,0.01745632104494551,none,30.0,105,2,monophasic
Modulated_autosave_20260715_170032_049ms,Flex. carpi rad. (L),L_The_ED_FD_FCR D,7,200.1588562354435,208.1588562354435,232.51866560801682,0.018127718474715948,0.018127718474715948,none,30.0,105,2,monophasic
Modulated_autosave_20260715_170032_049ms,Flex. carpi rad. (L),L_The_ED_FD_FCR D,8,233.51866560801682,241.51866560801682,265.8784749805937,0.016784924548119307,0.016784924548119307,none,30.0,105,2,monophasic
Modulated_autosave_20260715_170032_049ms,Flex. carpi rad. (L),L_The_ED_FD_FCR D,9,266.8784749805937,274.8784749805937,299.23828435316705,0.015777828631799332,0.015777828631799332,none,30.0,105,2,monophasic
Modulated_autosave_20260715_170032_049ms,Flex. carpi rad. (L),L_The_ED_FD_FCR D,10,300.23828435316705,308.23828435316705,332.59809372574034,0.017624170053713147,0.017624170053713147,none,30.0,105,2,monophasic
Modulated_autosave_20260715_170032_049ms,Flex. carpi rad. (L),L_The_ED_FD_FCR D,1,0.7942811762902124,8.794281176290212,32.359809372573324,0.04565499350428581,0.04565499350428581,none,30.0,110,2,monophasic
Modulated_autosave_20260715_170032_049ms,Flex. carpi rad. (L),L_The_ED_FD_FCR D,2,33.359809372573324,41.359809372573324,65.71961874514665,0.04431219957021453,0.04431219957021453,none,30.0,110,2,monophasic
Modulated_autosave_20260715_170032_049ms,Flex. carpi rad. (L),L_The_ED_FD_FCR D,3,66.71961874514665,74.71961874514665,99.07942811771997,0.02333104422110687,0.02333104422110687,none,30.0,110,2,monophasic
Modulated_autosave_20260715_170032_049ms,Flex. carpi rad. (L),L_The_ED_FD_FCR D,4,100.07942811771997,108.07942811771997,132.43923749029685,0.01510643213928115,0.01510643213928115,none,30.0,110,2,monophasic
Modulated_autosave_20260715_170032_049ms,Flex. carpi rad. (L),L_The_ED_FD_FCR D,5,133.43923749029685,141.43923749029685,165.79904686287017,0.044983597466758896,0.044983597466758896,none,30.0,110,2,monophasic
Modulated_autosave_20260715_170032_049ms,Flex. carpi rad. (L),L_The_ED_FD_FCR D,6,166.79904686287017,174.79904686287017,199.1588562354435,0.021149003876657704,0.021149003876657704,none,30.0,110,2,monophasic
Modulated_autosave_20260715_170032_049ms,Flex. carpi rad. (L),L_The_ED_FD_FCR D,7,200.1588562354435,208.1588562354435,232.51866560801682,0.03927672188650368,0.03927672188650368,none,30.0,110,2,monophasic
Modulated_autosave_20260715_170032_049ms,Flex. carpi rad. (L),L_The_ED_FD_FCR D,8,233.51866560801682,241.51866560801682,265.8784749805937,0.019638361409306526,0.019638361409306526,none,30.0,110,2,monophasic
Modulated_autosave_20260715_170032_049ms,Flex. carpi rad. (L),L_The_ED_FD_FCR D,9,266.8784749805937,274.8784749805937,299.23828435316705,0.020141908898878007,0.020141908898878007,none,30.0,110,2,monophasic
Modulated_autosave_20260715_170032_049ms,Flex. carpi rad. (L),L_The_ED_FD_FCR D,10,300.23828435316705,308.23828435316705,332.59809372574034,0.014770733425327063,0.014770733425327063,none,30.0,110,2,monophasic
Modulated_autosave_20260715_170032_049ms,Flex. carpi rad. (L),L_The_ED_FD_FCR D,1,0.7942811762902124,8.794281176290212,32.359809372573324,0.048340581357479095,0.048340581357479095,none,30.0,115,2,monophasic
Modulated_autosave_20260715_170032_049ms,Flex. carpi rad. (L),L_The_ED_FD_FCR D,2,33.359809372573324,41.359809372573324,65.71961874514665,0.04968337527915821,0.04968337527915821,none,30.0,115,2,monophasic
Modulated_autosave_20260715_170032_049ms,Flex. carpi rad. (L),L_The_ED_FD_FCR D,3,66.71961874514665,74.71961874514665,99.07942811771997,0.04834058135039786,0.04834058135039786,none,30.0,115,2,monophasic
Modulated_autosave_20260715_170032_049ms,Flex. carpi rad. (L),L_The_ED_FD_FCR D,4,100.07942811771997,108.07942811771997,132.43923749029685,0.0439765006276144,0.0439765006276144,none,30.0,115,2,monophasic
Modulated_autosave_20260715_170032_049ms,Flex. carpi rad. (L),L_The_ED_FD_FCR D,5,133.43923749029685,141.43923749029685,165.79904686287017,0.042298008682977284,0.042298008682977284,none,30.0,115,2,monophasic
Modulated_autosave_20260715_170032_049ms,Flex. carpi rad. (L),L_The_ED_FD_FCR D,6,166.79904686287017,174.79904686287017,199.1588562354435,0.04061951674519318,0.04061951674519318,none,30.0,115,2,monophasic
Modulated_autosave_20260715_170032_049ms,Flex. carpi rad. (L),L_The_ED_FD_FCR D,7,200.1588562354435,208.1588562354435,232.51866560801682,0.034409094598722365,0.034409094598722365,none,30.0,115,2,monophasic
Modulated_autosave_20260715_170032_049ms,Flex. carpi rad. (L),L_The_ED_FD_FCR D,8,233.51866560801682,241.51866560801682,265.8784749805937,0.04095521476119757,0.04095521476119757,none,30.0,115,2,monophasic
Modulated_autosave_20260715_170032_049ms,Flex. carpi rad. (L),L_The_ED_FD_FCR D,9,266.8784749805937,274.8784749805937,299.23828435316705,0.041962310671782334,0.041962310671782334,none,30.0,115,2,monophasic
Modulated_autosave_20260715_170032_049ms,Flex. carpi rad. (L),L_The_ED_FD_FCR D,10,300.23828435316705,308.23828435316705,332.59809372574034,0.012756542766746693,0.012756542766746693,none,30.0,115,2,monophasic
Modulated_autosave_20260715_170032_049ms,Flex. carpi rad. (L),L_The_ED_FD_FCR D,1,0.7942811762902124,8.794281176290212,32.359809372573324,0.046997787430882454,0.046997787430882454,none,30.0,120,2,monophasic
Modulated_autosave_20260715_170032_049ms,Flex. carpi rad. (L),L_The_ED_FD_FCR D,2,33.359809372573324,41.359809372573324,65.71961874514665,0.050354773175549414,0.050354773175549414,none,30.0,120,2,monophasic
Modulated_autosave_20260715_170032_049ms,Flex. carpi rad. (L),L_The_ED_FD_FCR D,3,66.71961874514665,74.71961874514665,99.07942811771997,0.04515144508332014,0.04515144508332014,none,30.0,120,2,monophasic
Modulated_autosave_20260715_170032_049ms,Flex. carpi rad. (L),L_The_ED_FD_FCR D,4,100.07942811771997,108.07942811771997,132.43923749029685,0.04095521475803834,0.04095521475803834,none,30.0,120,2,monophasic
Modulated_autosave_20260715_170032_049ms,Flex. carpi rad. (L),L_The_ED_FD_FCR D,5,133.43923749029685,141.43923749029685,165.79904686287017,0.04162661172287723,0.04162661172287723,none,30.0,120,2,monophasic
Modulated_autosave_20260715_170032_049ms,Flex. carpi rad. (L),L_The_ED_FD_FCR D,6,166.79904686287017,174.79904686287017,199.1588562354435,0.04565499350426629,0.04565499350426629,none,30.0,120,2,monophasic
Modulated_autosave_20260715_170032_049ms,Flex. carpi rad. (L),L_The_ED_FD_FCR D,7,200.1588562354435,208.1588562354435,232.51866560801682,0.04968337528407574,0.04968337528407574,none,30.0,120,2,monophasic
Modulated_autosave_20260715_170032_049ms,Flex. carpi rad. (L),L_The_ED_FD_FCR D,8,233.51866560801682,241.51866560801682,265.8784749805937,0.03961241990327835,0.03961241990327835,none,30.0,120,2,monophasic
Modulated_autosave_20260715_170032_049ms,Flex. carpi rad. (L),L_The_ED_FD_FCR D,9,266.8784749805937,274.8784749805937,299.23828435316705,0.04834058135738667,0.04834058135738667,none,30.0,120,2,monophasic
Modulated_autosave_20260715_170032_049ms,Flex. carpi rad. (L),L_The_ED_FD_FCR D,10,300.23828435316705,308.23828435316705,332.59809372574034,0.036926832050050123,0.036926832050050123,none,30.0,120,2,monophasic
Modulated_autosave_20260715_170032_049ms,Flex. carpi rad. (L),L_The_ED_FD_FCR D,1,0.7942811762902124,8.794281176290212,32.359809372573324,0.02887006849050522,0.02887006849050522,none,30.0,125,2,monophasic
Modulated_autosave_20260715_170032_049ms,Flex. carpi rad. (L),L_The_ED_FD_FCR D,2,33.359809372573324,41.359809372573324,65.71961874514665,0.049851225684332715,0.049851225684332715,none,30.0,125,2,monophasic
Modulated_autosave_20260715_170032_049ms,Flex. carpi rad. (L),L_The_ED_FD_FCR D,3,66.71961874514665,74.71961874514665,99.07942811771997,0.043640801683068275,0.043640801683068275,none,30.0,125,2,monophasic
Modulated_autosave_20260715_170032_049ms,Flex. carpi rad. (L),L_The_ED_FD_FCR D,4,100.07942811771997,108.07942811771997,132.43923749029685,0.04498359653881552,0.04498359653881552,none,30.0,125,2,monophasic
Modulated_autosave_20260715_170032_049ms,Flex. carpi rad. (L),L_The_ED_FD_FCR D,5,133.43923749029685,141.43923749029685,165.79904686287017,0.043640801683001454,0.043640801683001454,none,30.0,125,2,monophasic
Modulated_autosave_20260715_170032_049ms,Flex. carpi rad. (L),L_The_ED_FD_FCR D,6,166.79904686287017,174.79904686287017,199.1588562354435,0.04028381779786621,0.04028381779786621,none,30.0,125,2,monophasic
Modulated_autosave_20260715_170032_049ms,Flex. carpi rad. (L),L_The_ED_FD_FCR D,7,200.1588562354435,208.1588562354435,232.51866560801682,0.03994811884429437,0.03994811884429437,none,30.0,125,2,monophasic
Modulated_autosave_20260715_170032_049ms,Flex. carpi rad. (L),L_The_ED_FD_FCR D,8,233.51866560801682,241.51866560801682,265.8784749805937,0.043640803545713425,0.043640803545713425,none,30.0,125,2,monophasic
Modulated_autosave_20260715_170032_049ms,Flex. carpi rad. (L),L_The_ED_FD_FCR D,9,266.8784749805937,274.8784749805937,299.23828435316705,0.039612419903250574,0.039612419903250574,none,30.0,125,2,monophasic
Modulated_autosave_20260715_170032_049ms,Flex. carpi rad. (L),L_The_ED_FD_FCR D,10,300.23828435316705,308.23828435316705,332.59809372574034,0.03625543601692914,0.03625543601692914,none,30.0,125,2,monophasic
Modulated_autosave_20260715_170032_049ms,Deltoid med. (R),R_DELmed,1,0.7942811762902124,8.794281176290212,32.359809372573324,,,none,30.0,30,2,monophasic
Modulated_autosave_20260715_170032_049ms,Deltoid med. (R),R_DELmed,2,33.359809372573324,41.359809372573324,65.71961874514665,,,none,30.0,30,2,monophasic
Modulated_autosave_20260715_170032_049ms,Deltoid med. (R),R_DELmed,3,66.71961874514665,74.71961874514665,99.07942811771997,,,none,30.0,30,2,monophasic
Modulated_autosave_20260715_170032_049ms,Deltoid med. (R),R_DELmed,4,100.07942811771997,108.07942811771997,132.43923749029685,,,none,30.0,30,2,monophasic
Modulated_autosave_20260715_170032_049ms,Deltoid med. (R),R_DELmed,5,133.43923749029685,141.43923749029685,165.79904686287017,,,none,30.0,30,2,monophasic
Modulated_autosave_20260715_170032_049ms,Deltoid med. (R),R_DELmed,6,166.79904686287017,174.79904686287017,199.1588562354435,,,none,30.0,30,2,monophasic
Modulated_autosave_20260715_170032_049ms,Deltoid med. (R),R_DELmed,7,200.1588562354435,208.1588562354435,232.51866560801682,,,none,30.0,30,2,monophasic
Modulated_autosave_20260715_170032_049ms,Deltoid med. (R),R_DELmed,8,233.51866560801682,241.51866560801682,265.8784749805937,,,none,30.0,30,2,monophasic
Modulated_autosave_20260715_170032_049ms,Deltoid med. (R),R_DELmed,9,266.8784749805937,274.8784749805937,299.23828435316705,,,none,30.0,30,2,monophasic
Modulated_autosave_20260715_170032_049ms,Deltoid med. (R),R_DELmed,10,300.23828435316705,308.23828435316705,332.59809372574034,,,none,30.0,30,2,monophasic
Modulated_autosave_20260715_170032_049ms,Deltoid med. (R),R_DELmed,1,0.7942811762902124,8.794281176290212,32.359809372573324,,,none,30.0,35,2,monophasic
Modulated_autosave_20260715_170032_049ms,Deltoid med. (R),R_DELmed,2,33.359809372573324,41.359809372573324,65.71961874514665,,,none,30.0,35,2,monophasic
Modulated_autosave_20260715_170032_049ms,Deltoid med. (R),R_DELmed,3,66.71961874514665,74.71961874514665,99.07942811771997,,,none,30.0,35,2,monophasic
Modulated_autosave_20260715_170032_049ms,Deltoid med. (R),R_DELmed,4,100.07942811771997,108.07942811771997,132.43923749029685,,,none,30.0,35,2,monophasic
Modulated_autosave_20260715_170032_049ms,Deltoid med. (R),R_DELmed,5,133.43923749029685,141.43923749029685,165.79904686287017,,,none,30.0,35,2,monophasic
Modulated_autosave_20260715_170032_049ms,Deltoid med. (R),R_DELmed,6,166.79904686287017,174.79904686287017,199.1588562354435,,,none,30.0,35,2,monophasic
Modulated_autosave_20260715_170032_049ms,Deltoid med. (R),R_DELmed,7,200.1588562354435,208.1588562354435,232.51866560801682,,,none,30.0,35,2,monophasic
Modulated_autosave_20260715_170032_049ms,Deltoid med. (R),R_DELmed,8,233.51866560801682,241.51866560801682,265.8784749805937,,,none,30.0,35,2,monophasic
Modulated_autosave_20260715_170032_049ms,Deltoid med. (R),R_DELmed,9,266.8784749805937,274.8784749805937,299.23828435316705,,,none,30.0,35,2,monophasic
Modulated_autosave_20260715_170032_049ms,Deltoid med. (R),R_DELmed,10,300.23828435316705,308.23828435316705,332.59809372574034,,,none,30.0,35,2,monophasic
Modulated_autosave_20260715_170032_049ms,Deltoid med. (R),R_DELmed,1,0.7942811762902124,8.794281176290212,32.359809372573324,,,none,30.0,40,2,monophasic
Modulated_autosave_20260715_170032_049ms,Deltoid med. (R),R_DELmed,2,33.359809372573324,41.359809372573324,65.71961874514665,,,none,30.0,40,2,monophasic
Modulated_autosave_20260715_170032_049ms,Deltoid med. (R),R_DELmed,3,66.71961874514665,74.71961874514665,99.07942811771997,,,none,30.0,40,2,monophasic
Modulated_autosave_20260715_170032_049ms,Deltoid med. (R),R_DELmed,4,100.07942811771997,108.07942811771997,132.43923749029685,,,none,30.0,40,2,monophasic
Modulated_autosave_20260715_170032_049ms,Deltoid med. (R),R_DELmed,5,133.43923749029685,141.43923749029685,165.79904686287017,,,none,30.0,40,2,monophasic
Modulated_autosave_20260715_170032_049ms,Deltoid med. (R),R_DELmed,6,166.79904686287017,174.79904686287017,199.1588562354435,,,none,30.0,40,2,monophasic
Modulated_autosave_20260715_170032_049ms,Deltoid med. (R),R_DELmed,7,200.1588562354435,208.1588562354435,232.51866560801682,,,none,30.0,40,2,monophasic
Modulated_autosave_20260715_170032_049ms,Deltoid med. (R),R_DELmed,8,233.51866560801682,241.51866560801682,265.8784749805937,,,none,30.0,40,2,monophasic
Modulated_autosave_20260715_170032_049ms,Deltoid med. (R),R_DELmed,9,266.8784749805937,274.8784749805937,299.23828435316705,,,none,30.0,40,2,monophasic
Modulated_autosave_20260715_170032_049ms,Deltoid med. (R),R_DELmed,10,300.23828435316705,308.23828435316705,332.59809372574034,,,none,30.0,40,2,monophasic
Modulated_autosave_20260715_170032_049ms,Deltoid med. (R),R_DELmed,1,0.7942811762902124,8.794281176290212,32.359809372573324,,,none,30.0,45,2,monophasic
Modulated_autosave_20260715_170032_049ms,Deltoid med. (R),R_DELmed,2,33.359809372573324,41.359809372573324,65.71961874514665,,,none,30.0,45,2,monophasic
Modulated_autosave_20260715_170032_049ms,Deltoid med. (R),R_DELmed,3,66.71961874514665,74.71961874514665,99.07942811771997,,,none,30.0,45,2,monophasic
Modulated_autosave_20260715_170032_049ms,Deltoid med. (R),R_DELmed,4,100.07942811771997,108.07942811771997,132.43923749029685,,,none,30.0,45,2,monophasic
Modulated_autosave_20260715_170032_049ms,Deltoid med. (R),R_DELmed,5,133.43923749029685,141.43923749029685,165.79904686287017,,,none,30.0,45,2,monophasic
Modulated_autosave_20260715_170032_049ms,Deltoid med. (R),R_DELmed,6,166.79904686287017,174.79904686287017,199.1588562354435,,,none,30.0,45,2,monophasic
Modulated_autosave_20260715_170032_049ms,Deltoid med. (R),R_DELmed,7,200.1588562354435,208.1588562354435,232.51866560801682,,,none,30.0,45,2,monophasic
Modulated_autosave_20260715_170032_049ms,Deltoid med. (R),R_DELmed,8,233.51866560801682,241.51866560801682,265.8784749805937,,,none,30.0,45,2,monophasic
Modulated_autosave_20260715_170032_049ms,Deltoid med. (R),R_DELmed,9,266.8784749805937,274.8784749805937,299.23828435316705,,,none,30.0,45,2,monophasic
Modulated_autosave_20260715_170032_049ms,Deltoid med. (R),R_DELmed,10,300.23828435316705,308.23828435316705,332.59809372574034,,,none,30.0,45,2,monophasic
Modulated_autosave_20260715_170032_049ms,Deltoid med. (R),R_DELmed,1,0.7942811762902124,8.794281176290212,32.359809372573324,,,none,30.0,50,2,monophasic
Modulated_autosave_20260715_170032_049ms,Deltoid med. (R),R_DELmed,2,33.359809372573324,41.359809372573324,65.71961874514665,,,none,30.0,50,2,monophasic
Modulated_autosave_20260715_170032_049ms,Deltoid med. (R),R_DELmed,3,66.71961874514665,74.71961874514665,99.07942811771997,,,none,30.0,50,2,monophasic
Modulated_autosave_20260715_170032_049ms,Deltoid med. (R),R_DELmed,4,100.07942811771997,108.07942811771997,132.43923749029685,,,none,30.0,50,2,monophasic
Modulated_autosave_20260715_170032_049ms,Deltoid med. (R),R_DELmed,5,133.43923749029685,141.43923749029685,165.79904686287017,,,none,30.0,50,2,monophasic
Modulated_autosave_20260715_170032_049ms,Deltoid med. (R),R_DELmed,6,166.79904686287017,174.79904686287017,199.1588562354435,,,none,30.0,50,2,monophasic
Modulated_autosave_20260715_170032_049ms,Deltoid med. (R),R_DELmed,7,200.1588562354435,208.1588562354435,232.51866560801682,,,none,30.0,50,2,monophasic
Modulated_autosave_20260715_170032_049ms,Deltoid med. (R),R_DELmed,8,233.51866560801682,241.51866560801682,265.8784749805937,,,none,30.0,50,2,monophasic
Modulated_autosave_20260715_170032_049ms,Deltoid med. (R),R_DELmed,9,266.8784749805937,274.8784749805937,299.23828435316705,,,none,30.0,50,2,monophasic
Modulated_autosave_20260715_170032_049ms,Deltoid med. (R),R_DELmed,10,300.23828435316705,308.23828435316705,332.59809372574034,,,none,30.0,50,2,monophasic
Modulated_autosave_20260715_170032_049ms,Deltoid med. (R),R_DELmed,1,0.7942811762902124,8.794281176290212,32.359809372573324,,,none,30.0,55,2,monophasic
Modulated_autosave_20260715_170032_049ms,Deltoid med. (R),R_DELmed,2,33.359809372573324,41.359809372573324,65.71961874514665,,,none,30.0,55,2,monophasic
Modulated_autosave_20260715_170032_049ms,Deltoid med. (R),R_DELmed,3,66.71961874514665,74.71961874514665,99.07942811771997,,,none,30.0,55,2,monophasic
Modulated_autosave_20260715_170032_049ms,Deltoid med. (R),R_DELmed,4,100.07942811771997,108.07942811771997,132.43923749029685,,,none,30.0,55,2,monophasic
Modulated_autosave_20260715_170032_049ms,Deltoid med. (R),R_DELmed,5,133.43923749029685,141.43923749029685,165.79904686287017,,,none,30.0,55,2,monophasic
Modulated_autosave_20260715_170032_049ms,Deltoid med. (R),R_DELmed,6,166.79904686287017,174.79904686287017,199.1588562354435,,,none,30.0,55,2,monophasic
Modulated_autosave_20260715_170032_049ms,Deltoid med. (R),R_DELmed,7,200.1588562354435,208.1588562354435,232.51866560801682,,,none,30.0,55,2,monophasic
Modulated_autosave_20260715_170032_049ms,Deltoid med. (R),R_DELmed,8,233.51866560801682,241.51866560801682,265.8784749805937,,,none,30.0,55,2,monophasic
Modulated_autosave_20260715_170032_049ms,Deltoid med. (R),R_DELmed,9,266.8784749805937,274.8784749805937,299.23828435316705,,,none,30.0,55,2,monophasic
Modulated_autosave_20260715_170032_049ms,Deltoid med. (R),R_DELmed,10,300.23828435316705,308.23828435316705,332.59809372574034,,,none,30.0,55,2,monophasic
Modulated_autosave_20260715_170032_049ms,Deltoid med. (R),R_DELmed,1,0.7942811762902124,8.794281176290212,32.359809372573324,,,none,30.0,60,2,monophasic
Modulated_autosave_20260715_170032_049ms,Deltoid med. (R),R_DELmed,2,33.359809372573324,41.359809372573324,65.71961874514665,,,none,30.0,60,2,monophasic
Modulated_autosave_20260715_170032_049ms,Deltoid med. (R),R_DELmed,3,66.71961874514665,74.71961874514665,99.07942811771997,,,none,30.0,60,2,monophasic
Modulated_autosave_20260715_170032_049ms,Deltoid med. (R),R_DELmed,4,100.07942811771997,108.07942811771997,132.43923749029685,,,none,30.0,60,2,monophasic
Modulated_autosave_20260715_170032_049ms,Deltoid med. (R),R_DELmed,5,133.43923749029685,141.43923749029685,165.79904686287017,,,none,30.0,60,2,monophasic
Modulated_autosave_20260715_170032_049ms,Deltoid med. (R),R_DELmed,6,166.79904686287017,174.79904686287017,199.1588562354435,,,none,30.0,60,2,monophasic
Modulated_autosave_20260715_170032_049ms,Deltoid med. (R),R_DELmed,7,200.1588562354435,208.1588562354435,232.51866560801682,,,none,30.0,60,2,monophasic
Modulated_autosave_20260715_170032_049ms,Deltoid med. (R),R_DELmed,8,233.51866560801682,241.51866560801682,265.8784749805937,,,none,30.0,60,2,monophasic
Modulated_autosave_20260715_170032_049ms,Deltoid med. (R),R_DELmed,9,266.8784749805937,274.8784749805937,299.23828435316705,,,none,30.0,60,2,monophasic
Modulated_autosave_20260715_170032_049ms,Deltoid med. (R),R_DELmed,10,300.23828435316705,308.23828435316705,332.59809372574034,,,none,30.0,60,2,monophasic
Modulated_autosave_20260715_170032_049ms,Deltoid med. (R),R_DELmed,1,0.7942811762902124,8.794281176290212,32.359809372573324,,,none,30.0,65,2,monophasic
Modulated_autosave_20260715_170032_049ms,Deltoid med. (R),R_DELmed,2,33.359809372573324,41.359809372573324,65.71961874514665,,,none,30.0,65,2,monophasic
Modulated_autosave_20260715_170032_049ms,Deltoid med. (R),R_DELmed,3,66.71961874514665,74.71961874514665,99.07942811771997,,,none,30.0,65,2,monophasic
Modulated_autosave_20260715_170032_049ms,Deltoid med. (R),R_DELmed,4,100.07942811771997,108.07942811771997,132.43923749029685,,,none,30.0,65,2,monophasic
Modulated_autosave_20260715_170032_049ms,Deltoid med. (R),R_DELmed,5,133.43923749029685,141.43923749029685,165.79904686287017,,,none,30.0,65,2,monophasic
Modulated_autosave_20260715_170032_049ms,Deltoid med. (R),R_DELmed,6,166.79904686287017,174.79904686287017,199.1588562354435,,,none,30.0,65,2,monophasic
Modulated_autosave_20260715_170032_049ms,Deltoid med. (R),R_DELmed,7,200.1588562354435,208.1588562354435,232.51866560801682,,,none,30.0,65,2,monophasic
Modulated_autosave_20260715_170032_049ms,Deltoid med. (R),R_DELmed,8,233.51866560801682,241.51866560801682,265.8784749805937,,,none,30.0,65,2,monophasic
Modulated_autosave_20260715_170032_049ms,Deltoid med. (R),R_DELmed,9,266.8784749805937,274.8784749805937,299.23828435316705,,,none,30.0,65,2,monophasic
Modulated_autosave_20260715_170032_049ms,Deltoid med. (R),R_DELmed,10,300.23828435316705,308.23828435316705,332.59809372574034,,,none,30.0,65,2,monophasic
Modulated_autosave_20260715_170032_049ms,Deltoid med. (R),R_DELmed,1,0.7942811762902124,8.794281176290212,32.359809372573324,,,none,30.0,70,2,monophasic
Modulated_autosave_20260715_170032_049ms,Deltoid med. (R),R_DELmed,2,33.359809372573324,41.359809372573324,65.71961874514665,,,none,30.0,70,2,monophasic
Modulated_autosave_20260715_170032_049ms,Deltoid med. (R),R_DELmed,3,66.71961874514665,74.71961874514665,99.07942811771997,,,none,30.0,70,2,monophasic
Modulated_autosave_20260715_170032_049ms,Deltoid med. (R),R_DELmed,4,100.07942811771997,108.07942811771997,132.43923749029685,,,none,30.0,70,2,monophasic
Modulated_autosave_20260715_170032_049ms,Deltoid med. (R),R_DELmed,5,133.43923749029685,141.43923749029685,165.79904686287017,,,none,30.0,70,2,monophasic
Modulated_autosave_20260715_170032_049ms,Deltoid med. (R),R_DELmed,6,166.79904686287017,174.79904686287017,199.1588562354435,,,none,30.0,70,2,monophasic
Modulated_autosave_20260715_170032_049ms,Deltoid med. (R),R_DELmed,7,200.1588562354435,208.1588562354435,232.51866560801682,,,none,30.0,70,2,monophasic
Modulated_autosave_20260715_170032_049ms,Deltoid med. (R),R_DELmed,8,233.51866560801682,241.51866560801682,265.8784749805937,,,none,30.0,70,2,monophasic
Modulated_autosave_20260715_170032_049ms,Deltoid med. (R),R_DELmed,9,266.8784749805937,274.8784749805937,299.23828435316705,,,none,30.0,70,2,monophasic
Modulated_autosave_20260715_170032_049ms,Deltoid med. (R),R_DELmed,10,300.23828435316705,308.23828435316705,332.59809372574034,,,none,30.0,70,2,monophasic
Modulated_autosave_20260715_170032_049ms,Deltoid med. (R),R_DELmed,1,0.7942811762902124,8.794281176290212,32.359809372573324,,,none,30.0,75,2,monophasic
Modulated_autosave_20260715_170032_049ms,Deltoid med. (R),R_DELmed,2,33.359809372573324,41.359809372573324,65.71961874514665,,,none,30.0,75,2,monophasic
Modulated_autosave_20260715_170032_049ms,Deltoid med. (R),R_DELmed,3,66.71961874514665,74.71961874514665,99.07942811771997,,,none,30.0,75,2,monophasic
Modulated_autosave_20260715_170032_049ms,Deltoid med. (R),R_DELmed,4,100.07942811771997,108.07942811771997,132.43923749029685,,,none,30.0,75,2,monophasic
Modulated_autosave_20260715_170032_049ms,Deltoid med. (R),R_DELmed,5,133.43923749029685,141.43923749029685,165.79904686287017,,,none,30.0,75,2,monophasic
Modulated_autosave_20260715_170032_049ms,Deltoid med. (R),R_DELmed,6,166.79904686287017,174.79904686287017,199.1588562354435,,,none,30.0,75,2,monophasic
Modulated_autosave_20260715_170032_049ms,Deltoid med. (R),R_DELmed,7,200.1588562354435,208.1588562354435,232.51866560801682,,,none,30.0,75,2,monophasic
Modulated_autosave_20260715_170032_049ms,Deltoid med. (R),R_DELmed,8,233.51866560801682,241.51866560801682,265.8784749805937,,,none,30.0,75,2,monophasic
Modulated_autosave_20260715_170032_049ms,Deltoid med. (R),R_DELmed,9,266.8784749805937,274.8784749805937,299.23828435316705,,,none,30.0,75,2,monophasic
Modulated_autosave_20260715_170032_049ms,Deltoid med. (R),R_DELmed,10,300.23828435316705,308.23828435316705,332.59809372574034,,,none,30.0,75,2,monophasic
Modulated_autosave_20260715_170032_049ms,Deltoid med. (R),R_DELmed,1,0.7942811762902124,8.794281176290212,32.359809372573324,,,none,30.0,80,2,monophasic
Modulated_autosave_20260715_170032_049ms,Deltoid med. (R),R_DELmed,2,33.359809372573324,41.359809372573324,65.71961874514665,,,none,30.0,80,2,monophasic
Modulated_autosave_20260715_170032_049ms,Deltoid med. (R),R_DELmed,3,66.71961874514665,74.71961874514665,99.07942811771997,,,none,30.0,80,2,monophasic
Modulated_autosave_20260715_170032_049ms,Deltoid med. (R),R_DELmed,4,100.07942811771997,108.07942811771997,132.43923749029685,,,none,30.0,80,2,monophasic
Modulated_autosave_20260715_170032_049ms,Deltoid med. (R),R_DELmed,5,133.43923749029685,141.43923749029685,165.79904686287017,,,none,30.0,80,2,monophasic
Modulated_autosave_20260715_170032_049ms,Deltoid med. (R),R_DELmed,6,166.79904686287017,174.79904686287017,199.1588562354435,,,none,30.0,80,2,monophasic
Modulated_autosave_20260715_170032_049ms,Deltoid med. (R),R_DELmed,7,200.1588562354435,208.1588562354435,232.51866560801682,,,none,30.0,80,2,monophasic
Modulated_autosave_20260715_170032_049ms,Deltoid med. (R),R_DELmed,8,233.51866560801682,241.51866560801682,265.8784749805937,,,none,30.0,80,2,monophasic
Modulated_autosave_20260715_170032_049ms,Deltoid med. (R),R_DELmed,9,266.8784749805937,274.8784749805937,299.23828435316705,,,none,30.0,80,2,monophasic
Modulated_autosave_20260715_170032_049ms,Deltoid med. (R),R_DELmed,10,300.23828435316705,308.23828435316705,332.59809372574034,,,none,30.0,80,2,monophasic
Modulated_autosave_20260715_170032_049ms,Deltoid med. (R),R_DELmed,1,0.7942811762902124,8.794281176290212,32.359809372573324,,,none,30.0,85,2,monophasic
Modulated_autosave_20260715_170032_049ms,Deltoid med. (R),R_DELmed,2,33.359809372573324,41.359809372573324,65.71961874514665,,,none,30.0,85,2,monophasic
Modulated_autosave_20260715_170032_049ms,Deltoid med. (R),R_DELmed,3,66.71961874514665,74.71961874514665,99.07942811771997,,,none,30.0,85,2,monophasic
Modulated_autosave_20260715_170032_049ms,Deltoid med. (R),R_DELmed,4,100.07942811771997,108.07942811771997,132.43923749029685,,,none,30.0,85,2,monophasic
Modulated_autosave_20260715_170032_049ms,Deltoid med. (R),R_DELmed,5,133.43923749029685,141.43923749029685,165.79904686287017,,,none,30.0,85,2,monophasic
Modulated_autosave_20260715_170032_049ms,Deltoid med. (R),R_DELmed,6,166.79904686287017,174.79904686287017,199.1588562354435,,,none,30.0,85,2,monophasic
Modulated_autosave_20260715_170032_049ms,Deltoid med. (R),R_DELmed,7,200.1588562354435,208.1588562354435,232.51866560801682,,,none,30.0,85,2,monophasic
Modulated_autosave_20260715_170032_049ms,Deltoid med. (R),R_DELmed,8,233.51866560801682,241.51866560801682,265.8784749805937,,,none,30.0,85,2,monophasic
Modulated_autosave_20260715_170032_049ms,Deltoid med. (R),R_DELmed,9,266.8784749805937,274.8784749805937,299.23828435316705,,,none,30.0,85,2,monophasic
Modulated_autosave_20260715_170032_049ms,Deltoid med. (R),R_DELmed,10,300.23828435316705,308.23828435316705,332.59809372574034,,,none,30.0,85,2,monophasic
Modulated_autosave_20260715_170032_049ms,Deltoid med. (R),R_DELmed,1,0.7942811762902124,8.794281176290212,32.359809372573324,,,none,30.0,90,2,monophasic
Modulated_autosave_20260715_170032_049ms,Deltoid med. (R),R_DELmed,2,33.359809372573324,41.359809372573324,65.71961874514665,,,none,30.0,90,2,monophasic
Modulated_autosave_20260715_170032_049ms,Deltoid med. (R),R_DELmed,3,66.71961874514665,74.71961874514665,99.07942811771997,,,none,30.0,90,2,monophasic
Modulated_autosave_20260715_170032_049ms,Deltoid med. (R),R_DELmed,4,100.07942811771997,108.07942811771997,132.43923749029685,,,none,30.0,90,2,monophasic
Modulated_autosave_20260715_170032_049ms,Deltoid med. (R),R_DELmed,5,133.43923749029685,141.43923749029685,165.79904686287017,,,none,30.0,90,2,monophasic
Modulated_autosave_20260715_170032_049ms,Deltoid med. (R),R_DELmed,6,166.79904686287017,174.79904686287017,199.1588562354435,,,none,30.0,90,2,monophasic
Modulated_autosave_20260715_170032_049ms,Deltoid med. (R),R_DELmed,7,200.1588562354435,208.1588562354435,232.51866560801682,,,none,30.0,90,2,monophasic
Modulated_autosave_20260715_170032_049ms,Deltoid med. (R),R_DELmed,8,233.51866560801682,241.51866560801682,265.8784749805937,,,none,30.0,90,2,monophasic
Modulated_autosave_20260715_170032_049ms,Deltoid med. (R),R_DELmed,9,266.8784749805937,274.8784749805937,299.23828435316705,,,none,30.0,90,2,monophasic
Modulated_autosave_20260715_170032_049ms,Deltoid med. (R),R_DELmed,10,300.23828435316705,308.23828435316705,332.59809372574034,,,none,30.0,90,2,monophasic
Modulated_autosave_20260715_170032_049ms,Deltoid med. (R),R_DELmed,1,0.7942811762902124,8.794281176290212,32.359809372573324,,,none,30.0,95,2,monophasic
Modulated_autosave_20260715_170032_049ms,Deltoid med. (R),R_DELmed,2,33.359809372573324,41.359809372573324,65.71961874514665,,,none,30.0,95,2,monophasic
Modulated_autosave_20260715_170032_049ms,Deltoid med. (R),R_DELmed,3,66.71961874514665,74.71961874514665,99.07942811771997,,,none,30.0,95,2,monophasic
Modulated_autosave_20260715_170032_049ms,Deltoid med. (R),R_DELmed,4,100.07942811771997,108.07942811771997,132.43923749029685,,,none,30.0,95,2,monophasic
Modulated_autosave_20260715_170032_049ms,Deltoid med. (R),R_DELmed,5,133.43923749029685,141.43923749029685,165.79904686287017,,,none,30.0,95,2,monophasic
Modulated_autosave_20260715_170032_049ms,Deltoid med. (R),R_DELmed,6,166.79904686287017,174.79904686287017,199.1588562354435,,,none,30.0,95,2,monophasic
Modulated_autosave_20260715_170032_049ms,Deltoid med. (R),R_DELmed,7,200.1588562354435,208.1588562354435,232.51866560801682,,,none,30.0,95,2,monophasic
Modulated_autosave_20260715_170032_049ms,Deltoid med. (R),R_DELmed,8,233.51866560801682,241.51866560801682,265.8784749805937,,,none,30.0,95,2,monophasic
Modulated_autosave_20260715_170032_049ms,Deltoid med. (R),R_DELmed,9,266.8784749805937,274.8784749805937,299.23828435316705,,,none,30.0,95,2,monophasic
Modulated_autosave_20260715_170032_049ms,Deltoid med. (R),R_DELmed,10,300.23828435316705,308.23828435316705,332.59809372574034,,,none,30.0,95,2,monophasic
Modulated_autosave_20260715_170032_049ms,Deltoid med. (R),R_DELmed,1,0.7942811762902124,8.794281176290212,32.359809372573324,,,none,30.0,100,2,monophasic
Modulated_autosave_20260715_170032_049ms,Deltoid med. (R),R_DELmed,2,33.359809372573324,41.359809372573324,65.71961874514665,,,none,30.0,100,2,monophasic
Modulated_autosave_20260715_170032_049ms,Deltoid med. (R),R_DELmed,3,66.71961874514665,74.71961874514665,99.07942811771997,,,none,30.0,100,2,monophasic
Modulated_autosave_20260715_170032_049ms,Deltoid med. (R),R_DELmed,4,100.07942811771997,108.07942811771997,132.43923749029685,,,none,30.0,100,2,monophasic
Modulated_autosave_20260715_170032_049ms,Deltoid med. (R),R_DELmed,5,133.43923749029685,141.43923749029685,165.79904686287017,,,none,30.0,100,2,monophasic
Modulated_autosave_20260715_170032_049ms,Deltoid med. (R),R_DELmed,6,166.79904686287017,174.79904686287017,199.1588562354435,,,none,30.0,100,2,monophasic
Modulated_autosave_20260715_170032_049ms,Deltoid med. (R),R_DELmed,7,200.1588562354435,208.1588562354435,232.51866560801682,,,none,30.0,100,2,monophasic
Modulated_autosave_20260715_170032_049ms,Deltoid med. (R),R_DELmed,8,233.51866560801682,241.51866560801682,265.8784749805937,,,none,30.0,100,2,monophasic
Modulated_autosave_20260715_170032_049ms,Deltoid med. (R),R_DELmed,9,266.8784749805937,274.8784749805937,299.23828435316705,,,none,30.0,100,2,monophasic
Modulated_autosave_20260715_170032_049ms,Deltoid med. (R),R_DELmed,10,300.23828435316705,308.23828435316705,332.59809372574034,,,none,30.0,100,2,monophasic
Modulated_autosave_20260715_170032_049ms,Deltoid med. (R),R_DELmed,1,0.7942811762902124,8.794281176290212,32.359809372573324,,,none,30.0,105,2,monophasic
Modulated_autosave_20260715_170032_049ms,Deltoid med. (R),R_DELmed,2,33.359809372573324,41.359809372573324,65.71961874514665,,,none,30.0,105,2,monophasic
Modulated_autosave_20260715_170032_049ms,Deltoid med. (R),R_DELmed,3,66.71961874514665,74.71961874514665,99.07942811771997,,,none,30.0,105,2,monophasic
Modulated_autosave_20260715_170032_049ms,Deltoid med. (R),R_DELmed,4,100.07942811771997,108.07942811771997,132.43923749029685,,,none,30.0,105,2,monophasic
Modulated_autosave_20260715_170032_049ms,Deltoid med. (R),R_DELmed,5,133.43923749029685,141.43923749029685,165.79904686287017,,,none,30.0,105,2,monophasic
Modulated_autosave_20260715_170032_049ms,Deltoid med. (R),R_DELmed,6,166.79904686287017,174.79904686287017,199.1588562354435,,,none,30.0,105,2,monophasic
Modulated_autosave_20260715_170032_049ms,Deltoid med. (R),R_DELmed,7,200.1588562354435,208.1588562354435,232.51866560801682,,,none,30.0,105,2,monophasic
Modulated_autosave_20260715_170032_049ms,Deltoid med. (R),R_DELmed,8,233.51866560801682,241.51866560801682,265.8784749805937,,,none,30.0,105,2,monophasic
Modulated_autosave_20260715_170032_049ms,Deltoid med. (R),R_DELmed,9,266.8784749805937,274.8784749805937,299.23828435316705,,,none,30.0,105,2,monophasic
Modulated_autosave_20260715_170032_049ms,Deltoid med. (R),R_DELmed,10,300.23828435316705,308.23828435316705,332.59809372574034,,,none,30.0,105,2,monophasic
Modulated_autosave_20260715_170032_049ms,Deltoid med. (R),R_DELmed,1,0.7942811762902124,8.794281176290212,32.359809372573324,,,none,30.0,110,2,monophasic
Modulated_autosave_20260715_170032_049ms,Deltoid med. (R),R_DELmed,2,33.359809372573324,41.359809372573324,65.71961874514665,,,none,30.0,110,2,monophasic
Modulated_autosave_20260715_170032_049ms,Deltoid med. (R),R_DELmed,3,66.71961874514665,74.71961874514665,99.07942811771997,,,none,30.0,110,2,monophasic
Modulated_autosave_20260715_170032_049ms,Deltoid med. (R),R_DELmed,4,100.07942811771997,108.07942811771997,132.43923749029685,,,none,30.0,110,2,monophasic
Modulated_autosave_20260715_170032_049ms,Deltoid med. (R),R_DELmed,5,133.43923749029685,141.43923749029685,165.79904686287017,,,none,30.0,110,2,monophasic
Modulated_autosave_20260715_170032_049ms,Deltoid med. (R),R_DELmed,6,166.79904686287017,174.79904686287017,199.1588562354435,,,none,30.0,110,2,monophasic
Modulated_autosave_20260715_170032_049ms,Deltoid med. (R),R_DELmed,7,200.1588562354435,208.1588562354435,232.51866560801682,,,none,30.0,110,2,monophasic
Modulated_autosave_20260715_170032_049ms,Deltoid med. (R),R_DELmed,8,233.51866560801682,241.51866560801682,265.8784749805937,,,none,30.0,110,2,monophasic
Modulated_autosave_20260715_170032_049ms,Deltoid med. (R),R_DELmed,9,266.8784749805937,274.8784749805937,299.23828435316705,,,none,30.0,110,2,monophasic
Modulated_autosave_20260715_170032_049ms,Deltoid med. (R),R_DELmed,10,300.23828435316705,308.23828435316705,332.59809372574034,,,none,30.0,110,2,monophasic
Modulated_autosave_20260715_170032_049ms,Deltoid med. (R),R_DELmed,1,0.7942811762902124,8.794281176290212,32.359809372573324,,,none,30.0,115,2,monophasic
Modulated_autosave_20260715_170032_049ms,Deltoid med. (R),R_DELmed,2,33.359809372573324,41.359809372573324,65.71961874514665,,,none,30.0,115,2,monophasic
Modulated_autosave_20260715_170032_049ms,Deltoid med. (R),R_DELmed,3,66.71961874514665,74.71961874514665,99.07942811771997,,,none,30.0,115,2,monophasic
Modulated_autosave_20260715_170032_049ms,Deltoid med. (R),R_DELmed,4,100.07942811771997,108.07942811771997,132.43923749029685,,,none,30.0,115,2,monophasic
Modulated_autosave_20260715_170032_049ms,Deltoid med. (R),R_DELmed,5,133.43923749029685,141.43923749029685,165.79904686287017,,,none,30.0,115,2,monophasic
Modulated_autosave_20260715_170032_049ms,Deltoid med. (R),R_DELmed,6,166.79904686287017,174.79904686287017,199.1588562354435,,,none,30.0,115,2,monophasic
Modulated_autosave_20260715_170032_049ms,Deltoid med. (R),R_DELmed,7,200.1588562354435,208.1588562354435,232.51866560801682,,,none,30.0,115,2,monophasic
Modulated_autosave_20260715_170032_049ms,Deltoid med. (R),R_DELmed,8,233.51866560801682,241.51866560801682,265.8784749805937,,,none,30.0,115,2,monophasic
Modulated_autosave_20260715_170032_049ms,Deltoid med. (R),R_DELmed,9,266.8784749805937,274.8784749805937,299.23828435316705,,,none,30.0,115,2,monophasic
Modulated_autosave_20260715_170032_049ms,Deltoid med. (R),R_DELmed,10,300.23828435316705,308.23828435316705,332.59809372574034,,,none,30.0,115,2,monophasic
Modulated_autosave_20260715_170032_049ms,Deltoid med. (R),R_DELmed,1,0.7942811762902124,8.794281176290212,32.359809372573324,,,none,30.0,120,2,monophasic
Modulated_autosave_20260715_170032_049ms,Deltoid med. (R),R_DELmed,2,33.359809372573324,41.359809372573324,65.71961874514665,,,none,30.0,120,2,monophasic
Modulated_autosave_20260715_170032_049ms,Deltoid med. (R),R_DELmed,3,66.71961874514665,74.71961874514665,99.07942811771997,,,none,30.0,120,2,monophasic
Modulated_autosave_20260715_170032_049ms,Deltoid med. (R),R_DELmed,4,100.07942811771997,108.07942811771997,132.43923749029685,,,none,30.0,120,2,monophasic
Modulated_autosave_20260715_170032_049ms,Deltoid med. (R),R_DELmed,5,133.43923749029685,141.43923749029685,165.79904686287017,,,none,30.0,120,2,monophasic
Modulated_autosave_20260715_170032_049ms,Deltoid med. (R),R_DELmed,6,166.79904686287017,174.79904686287017,199.1588562354435,,,none,30.0,120,2,monophasic
Modulated_autosave_20260715_170032_049ms,Deltoid med. (R),R_DELmed,7,200.1588562354435,208.1588562354435,232.51866560801682,,,none,30.0,120,2,monophasic
Modulated_autosave_20260715_170032_049ms,Deltoid med. (R),R_DELmed,8,233.51866560801682,241.51866560801682,265.8784749805937,,,none,30.0,120,2,monophasic
Modulated_autosave_20260715_170032_049ms,Deltoid med. (R),R_DELmed,9,266.8784749805937,274.8784749805937,299.23828435316705,,,none,30.0,120,2,monophasic
Modulated_autosave_20260715_170032_049ms,Deltoid med. (R),R_DELmed,10,300.23828435316705,308.23828435316705,332.59809372574034,,,none,30.0,120,2,monophasic
Modulated_autosave_20260715_170032_049ms,Deltoid med. (R),R_DELmed,1,0.7942811762902124,8.794281176290212,32.359809372573324,,,none,30.0,125,2,monophasic
Modulated_autosave_20260715_170032_049ms,Deltoid med. (R),R_DELmed,2,33.359809372573324,41.359809372573324,65.71961874514665,,,none,30.0,125,2,monophasic
Modulated_autosave_20260715_170032_049ms,Deltoid med. (R),R_DELmed,3,66.71961874514665,74.71961874514665,99.07942811771997,,,none,30.0,125,2,monophasic
Modulated_autosave_20260715_170032_049ms,Deltoid med. (R),R_DELmed,4,100.07942811771997,108.07942811771997,132.43923749029685,,,none,30.0,125,2,monophasic
Modulated_autosave_20260715_170032_049ms,Deltoid med. (R),R_DELmed,5,133.43923749029685,141.43923749029685,165.79904686287017,,,none,30.0,125,2,monophasic
Modulated_autosave_20260715_170032_049ms,Deltoid med. (R),R_DELmed,6,166.79904686287017,174.79904686287017,199.1588562354435,,,none,30.0,125,2,monophasic
Modulated_autosave_20260715_170032_049ms,Deltoid med. (R),R_DELmed,7,200.1588562354435,208.1588562354435,232.51866560801682,,,none,30.0,125,2,monophasic
Modulated_autosave_20260715_170032_049ms,Deltoid med. (R),R_DELmed,8,233.51866560801682,241.51866560801682,265.8784749805937,,,none,30.0,125,2,monophasic
Modulated_autosave_20260715_170032_049ms,Deltoid med. (R),R_DELmed,9,266.8784749805937,274.8784749805937,299.23828435316705,,,none,30.0,125,2,monophasic
Modulated_autosave_20260715_170032_049ms,Deltoid med. (R),R_DELmed,10,300.23828435316705,308.23828435316705,332.59809372574034,,,none,30.0,125,2,monophasic
Modulated_autosave_20260715_170032_049ms,Biceps (R),R_BB,1,0.7942811762902124,8.794281176290212,32.359809372573324,,,none,30.0,30,2,monophasic
Modulated_autosave_20260715_170032_049ms,Biceps (R),R_BB,2,33.359809372573324,41.359809372573324,65.71961874514665,,,none,30.0,30,2,monophasic
Modulated_autosave_20260715_170032_049ms,Biceps (R),R_BB,3,66.71961874514665,74.71961874514665,99.07942811771997,,,none,30.0,30,2,monophasic
Modulated_autosave_20260715_170032_049ms,Biceps (R),R_BB,4,100.07942811771997,108.07942811771997,132.43923749029685,,,none,30.0,30,2,monophasic
Modulated_autosave_20260715_170032_049ms,Biceps (R),R_BB,5,133.43923749029685,141.43923749029685,165.79904686287017,,,none,30.0,30,2,monophasic
Modulated_autosave_20260715_170032_049ms,Biceps (R),R_BB,6,166.79904686287017,174.79904686287017,199.1588562354435,,,none,30.0,30,2,monophasic
Modulated_autosave_20260715_170032_049ms,Biceps (R),R_BB,7,200.1588562354435,208.1588562354435,232.51866560801682,,,none,30.0,30,2,monophasic
Modulated_autosave_20260715_170032_049ms,Biceps (R),R_BB,8,233.51866560801682,241.51866560801682,265.8784749805937,,,none,30.0,30,2,monophasic
Modulated_autosave_20260715_170032_049ms,Biceps (R),R_BB,9,266.8784749805937,274.8784749805937,299.23828435316705,,,none,30.0,30,2,monophasic
Modulated_autosave_20260715_170032_049ms,Biceps (R),R_BB,10,300.23828435316705,308.23828435316705,332.59809372574034,,,none,30.0,30,2,monophasic
Modulated_autosave_20260715_170032_049ms,Biceps (R),R_BB,1,0.7942811762902124,8.794281176290212,32.359809372573324,,,none,30.0,35,2,monophasic
Modulated_autosave_20260715_170032_049ms,Biceps (R),R_BB,2,33.359809372573324,41.359809372573324,65.71961874514665,,,none,30.0,35,2,monophasic
Modulated_autosave_20260715_170032_049ms,Biceps (R),R_BB,3,66.71961874514665,74.71961874514665,99.07942811771997,,,none,30.0,35,2,monophasic
Modulated_autosave_20260715_170032_049ms,Biceps (R),R_BB,4,100.07942811771997,108.07942811771997,132.43923749029685,,,none,30.0,35,2,monophasic
Modulated_autosave_20260715_170032_049ms,Biceps (R),R_BB,5,133.43923749029685,141.43923749029685,165.79904686287017,,,none,30.0,35,2,monophasic
Modulated_autosave_20260715_170032_049ms,Biceps (R),R_BB,6,166.79904686287017,174.79904686287017,199.1588562354435,,,none,30.0,35,2,monophasic
Modulated_autosave_20260715_170032_049ms,Biceps (R),R_BB,7,200.1588562354435,208.1588562354435,232.51866560801682,,,none,30.0,35,2,monophasic
Modulated_autosave_20260715_170032_049ms,Biceps (R),R_BB,8,233.51866560801682,241.51866560801682,265.8784749805937,,,none,30.0,35,2,monophasic
Modulated_autosave_20260715_170032_049ms,Biceps (R),R_BB,9,266.8784749805937,274.8784749805937,299.23828435316705,,,none,30.0,35,2,monophasic
Modulated_autosave_20260715_170032_049ms,Biceps (R),R_BB,10,300.23828435316705,308.23828435316705,332.59809372574034,,,none,30.0,35,2,monophasic
Modulated_autosave_20260715_170032_049ms,Biceps (R),R_BB,1,0.7942811762902124,8.794281176290212,32.359809372573324,,,none,30.0,40,2,monophasic
Modulated_autosave_20260715_170032_049ms,Biceps (R),R_BB,2,33.359809372573324,41.359809372573324,65.71961874514665,,,none,30.0,40,2,monophasic
Modulated_autosave_20260715_170032_049ms,Biceps (R),R_BB,3,66.71961874514665,74.71961874514665,99.07942811771997,,,none,30.0,40,2,monophasic
Modulated_autosave_20260715_170032_049ms,Biceps (R),R_BB,4,100.07942811771997,108.07942811771997,132.43923749029685,,,none,30.0,40,2,monophasic
Modulated_autosave_20260715_170032_049ms,Biceps (R),R_BB,5,133.43923749029685,141.43923749029685,165.79904686287017,,,none,30.0,40,2,monophasic
Modulated_autosave_20260715_170032_049ms,Biceps (R),R_BB,6,166.79904686287017,174.79904686287017,199.1588562354435,,,none,30.0,40,2,monophasic
Modulated_autosave_20260715_170032_049ms,Biceps (R),R_BB,7,200.1588562354435,208.1588562354435,232.51866560801682,,,none,30.0,40,2,monophasic
Modulated_autosave_20260715_170032_049ms,Biceps (R),R_BB,8,233.51866560801682,241.51866560801682,265.8784749805937,,,none,30.0,40,2,monophasic
Modulated_autosave_20260715_170032_049ms,Biceps (R),R_BB,9,266.8784749805937,274.8784749805937,299.23828435316705,,,none,30.0,40,2,monophasic
Modulated_autosave_20260715_170032_049ms,Biceps (R),R_BB,10,300.23828435316705,308.23828435316705,332.59809372574034,,,none,30.0,40,2,monophasic
Modulated_autosave_20260715_170032_049ms,Biceps (R),R_BB,1,0.7942811762902124,8.794281176290212,32.359809372573324,,,none,30.0,45,2,monophasic
Modulated_autosave_20260715_170032_049ms,Biceps (R),R_BB,2,33.359809372573324,41.359809372573324,65.71961874514665,,,none,30.0,45,2,monophasic
Modulated_autosave_20260715_170032_049ms,Biceps (R),R_BB,3,66.71961874514665,74.71961874514665,99.07942811771997,,,none,30.0,45,2,monophasic
Modulated_autosave_20260715_170032_049ms,Biceps (R),R_BB,4,100.07942811771997,108.07942811771997,132.43923749029685,,,none,30.0,45,2,monophasic
Modulated_autosave_20260715_170032_049ms,Biceps (R),R_BB,5,133.43923749029685,141.43923749029685,165.79904686287017,,,none,30.0,45,2,monophasic
Modulated_autosave_20260715_170032_049ms,Biceps (R),R_BB,6,166.79904686287017,174.79904686287017,199.1588562354435,,,none,30.0,45,2,monophasic
Modulated_autosave_20260715_170032_049ms,Biceps (R),R_BB,7,200.1588562354435,208.1588562354435,232.51866560801682,,,none,30.0,45,2,monophasic
Modulated_autosave_20260715_170032_049ms,Biceps (R),R_BB,8,233.51866560801682,241.51866560801682,265.8784749805937,,,none,30.0,45,2,monophasic
Modulated_autosave_20260715_170032_049ms,Biceps (R),R_BB,9,266.8784749805937,274.8784749805937,299.23828435316705,,,none,30.0,45,2,monophasic
Modulated_autosave_20260715_170032_049ms,Biceps (R),R_BB,10,300.23828435316705,308.23828435316705,332.59809372574034,,,none,30.0,45,2,monophasic
Modulated_autosave_20260715_170032_049ms,Biceps (R),R_BB,1,0.7942811762902124,8.794281176290212,32.359809372573324,,,none,30.0,50,2,monophasic
Modulated_autosave_20260715_170032_049ms,Biceps (R),R_BB,2,33.359809372573324,41.359809372573324,65.71961874514665,,,none,30.0,50,2,monophasic
Modulated_autosave_20260715_170032_049ms,Biceps (R),R_BB,3,66.71961874514665,74.71961874514665,99.07942811771997,,,none,30.0,50,2,monophasic
Modulated_autosave_20260715_170032_049ms,Biceps (R),R_BB,4,100.07942811771997,108.07942811771997,132.43923749029685,,,none,30.0,50,2,monophasic
Modulated_autosave_20260715_170032_049ms,Biceps (R),R_BB,5,133.43923749029685,141.43923749029685,165.79904686287017,,,none,30.0,50,2,monophasic
Modulated_autosave_20260715_170032_049ms,Biceps (R),R_BB,6,166.79904686287017,174.79904686287017,199.1588562354435,,,none,30.0,50,2,monophasic
Modulated_autosave_20260715_170032_049ms,Biceps (R),R_BB,7,200.1588562354435,208.1588562354435,232.51866560801682,,,none,30.0,50,2,monophasic
Modulated_autosave_20260715_170032_049ms,Biceps (R),R_BB,8,233.51866560801682,241.51866560801682,265.8784749805937,,,none,30.0,50,2,monophasic
Modulated_autosave_20260715_170032_049ms,Biceps (R),R_BB,9,266.8784749805937,274.8784749805937,299.23828435316705,,,none,30.0,50,2,monophasic
Modulated_autosave_20260715_170032_049ms,Biceps (R),R_BB,10,300.23828435316705,308.23828435316705,332.59809372574034,,,none,30.0,50,2,monophasic
Modulated_autosave_20260715_170032_049ms,Biceps (R),R_BB,1,0.7942811762902124,8.794281176290212,32.359809372573324,,,none,30.0,55,2,monophasic
Modulated_autosave_20260715_170032_049ms,Biceps (R),R_BB,2,33.359809372573324,41.359809372573324,65.71961874514665,,,none,30.0,55,2,monophasic
Modulated_autosave_20260715_170032_049ms,Biceps (R),R_BB,3,66.71961874514665,74.71961874514665,99.07942811771997,,,none,30.0,55,2,monophasic
Modulated_autosave_20260715_170032_049ms,Biceps (R),R_BB,4,100.07942811771997,108.07942811771997,132.43923749029685,,,none,30.0,55,2,monophasic
Modulated_autosave_20260715_170032_049ms,Biceps (R),R_BB,5,133.43923749029685,141.43923749029685,165.79904686287017,,,none,30.0,55,2,monophasic
Modulated_autosave_20260715_170032_049ms,Biceps (R),R_BB,6,166.79904686287017,174.79904686287017,199.1588562354435,,,none,30.0,55,2,monophasic
Modulated_autosave_20260715_170032_049ms,Biceps (R),R_BB,7,200.1588562354435,208.1588562354435,232.51866560801682,,,none,30.0,55,2,monophasic
Modulated_autosave_20260715_170032_049ms,Biceps (R),R_BB,8,233.51866560801682,241.51866560801682,265.8784749805937,,,none,30.0,55,2,monophasic
Modulated_autosave_20260715_170032_049ms,Biceps (R),R_BB,9,266.8784749805937,274.8784749805937,299.23828435316705,,,none,30.0,55,2,monophasic
Modulated_autosave_20260715_170032_049ms,Biceps (R),R_BB,10,300.23828435316705,308.23828435316705,332.59809372574034,,,none,30.0,55,2,monophasic
Modulated_autosave_20260715_170032_049ms,Biceps (R),R_BB,1,0.7942811762902124,8.794281176290212,32.359809372573324,,,none,30.0,60,2,monophasic
Modulated_autosave_20260715_170032_049ms,Biceps (R),R_BB,2,33.359809372573324,41.359809372573324,65.71961874514665,,,none,30.0,60,2,monophasic
Modulated_autosave_20260715_170032_049ms,Biceps (R),R_BB,3,66.71961874514665,74.71961874514665,99.07942811771997,,,none,30.0,60,2,monophasic
Modulated_autosave_20260715_170032_049ms,Biceps (R),R_BB,4,100.07942811771997,108.07942811771997,132.43923749029685,,,none,30.0,60,2,monophasic
Modulated_autosave_20260715_170032_049ms,Biceps (R),R_BB,5,133.43923749029685,141.43923749029685,165.79904686287017,,,none,30.0,60,2,monophasic
Modulated_autosave_20260715_170032_049ms,Biceps (R),R_BB,6,166.79904686287017,174.79904686287017,199.1588562354435,,,none,30.0,60,2,monophasic
Modulated_autosave_20260715_170032_049ms,Biceps (R),R_BB,7,200.1588562354435,208.1588562354435,232.51866560801682,,,none,30.0,60,2,monophasic
Modulated_autosave_20260715_170032_049ms,Biceps (R),R_BB,8,233.51866560801682,241.51866560801682,265.8784749805937,,,none,30.0,60,2,monophasic
Modulated_autosave_20260715_170032_049ms,Biceps (R),R_BB,9,266.8784749805937,274.8784749805937,299.23828435316705,,,none,30.0,60,2,monophasic
Modulated_autosave_20260715_170032_049ms,Biceps (R),R_BB,10,300.23828435316705,308.23828435316705,332.59809372574034,,,none,30.0,60,2,monophasic
Modulated_autosave_20260715_170032_049ms,Biceps (R),R_BB,1,0.7942811762902124,8.794281176290212,32.359809372573324,,,none,30.0,65,2,monophasic
Modulated_autosave_20260715_170032_049ms,Biceps (R),R_BB,2,33.359809372573324,41.359809372573324,65.71961874514665,,,none,30.0,65,2,monophasic
Modulated_autosave_20260715_170032_049ms,Biceps (R),R_BB,3,66.71961874514665,74.71961874514665,99.07942811771997,,,none,30.0,65,2,monophasic
Modulated_autosave_20260715_170032_049ms,Biceps (R),R_BB,4,100.07942811771997,108.07942811771997,132.43923749029685,,,none,30.0,65,2,monophasic
Modulated_autosave_20260715_170032_049ms,Biceps (R),R_BB,5,133.43923749029685,141.43923749029685,165.79904686287017,,,none,30.0,65,2,monophasic
Modulated_autosave_20260715_170032_049ms,Biceps (R),R_BB,6,166.79904686287017,174.79904686287017,199.1588562354435,,,none,30.0,65,2,monophasic
Modulated_autosave_20260715_170032_049ms,Biceps (R),R_BB,7,200.1588562354435,208.1588562354435,232.51866560801682,,,none,30.0,65,2,monophasic
Modulated_autosave_20260715_170032_049ms,Biceps (R),R_BB,8,233.51866560801682,241.51866560801682,265.8784749805937,,,none,30.0,65,2,monophasic
Modulated_autosave_20260715_170032_049ms,Biceps (R),R_BB,9,266.8784749805937,274.8784749805937,299.23828435316705,,,none,30.0,65,2,monophasic
Modulated_autosave_20260715_170032_049ms,Biceps (R),R_BB,10,300.23828435316705,308.23828435316705,332.59809372574034,,,none,30.0,65,2,monophasic
Modulated_autosave_20260715_170032_049ms,Biceps (R),R_BB,1,0.7942811762902124,8.794281176290212,32.359809372573324,,,none,30.0,70,2,monophasic
Modulated_autosave_20260715_170032_049ms,Biceps (R),R_BB,2,33.359809372573324,41.359809372573324,65.71961874514665,,,none,30.0,70,2,monophasic
Modulated_autosave_20260715_170032_049ms,Biceps (R),R_BB,3,66.71961874514665,74.71961874514665,99.07942811771997,,,none,30.0,70,2,monophasic
Modulated_autosave_20260715_170032_049ms,Biceps (R),R_BB,4,100.07942811771997,108.07942811771997,132.43923749029685,,,none,30.0,70,2,monophasic
Modulated_autosave_20260715_170032_049ms,Biceps (R),R_BB,5,133.43923749029685,141.43923749029685,165.79904686287017,,,none,30.0,70,2,monophasic
Modulated_autosave_20260715_170032_049ms,Biceps (R),R_BB,6,166.79904686287017,174.79904686287017,199.1588562354435,,,none,30.0,70,2,monophasic
Modulated_autosave_20260715_170032_049ms,Biceps (R),R_BB,7,200.1588562354435,208.1588562354435,232.51866560801682,,,none,30.0,70,2,monophasic
Modulated_autosave_20260715_170032_049ms,Biceps (R),R_BB,8,233.51866560801682,241.51866560801682,265.8784749805937,,,none,30.0,70,2,monophasic
Modulated_autosave_20260715_170032_049ms,Biceps (R),R_BB,9,266.8784749805937,274.8784749805937,299.23828435316705,,,none,30.0,70,2,monophasic
Modulated_autosave_20260715_170032_049ms,Biceps (R),R_BB,10,300.23828435316705,308.23828435316705,332.59809372574034,,,none,30.0,70,2,monophasic
Modulated_autosave_20260715_170032_049ms,Biceps (R),R_BB,1,0.7942811762902124,8.794281176290212,32.359809372573324,,,none,30.0,75,2,monophasic
Modulated_autosave_20260715_170032_049ms,Biceps (R),R_BB,2,33.359809372573324,41.359809372573324,65.71961874514665,,,none,30.0,75,2,monophasic
Modulated_autosave_20260715_170032_049ms,Biceps (R),R_BB,3,66.71961874514665,74.71961874514665,99.07942811771997,,,none,30.0,75,2,monophasic
Modulated_autosave_20260715_170032_049ms,Biceps (R),R_BB,4,100.07942811771997,108.07942811771997,132.43923749029685,,,none,30.0,75,2,monophasic
Modulated_autosave_20260715_170032_049ms,Biceps (R),R_BB,5,133.43923749029685,141.43923749029685,165.79904686287017,,,none,30.0,75,2,monophasic
Modulated_autosave_20260715_170032_049ms,Biceps (R),R_BB,6,166.79904686287017,174.79904686287017,199.1588562354435,,,none,30.0,75,2,monophasic
Modulated_autosave_20260715_170032_049ms,Biceps (R),R_BB,7,200.1588562354435,208.1588562354435,232.51866560801682,,,none,30.0,75,2,monophasic
Modulated_autosave_20260715_170032_049ms,Biceps (R),R_BB,8,233.51866560801682,241.51866560801682,265.8784749805937,,,none,30.0,75,2,monophasic
Modulated_autosave_20260715_170032_049ms,Biceps (R),R_BB,9,266.8784749805937,274.8784749805937,299.23828435316705,,,none,30.0,75,2,monophasic
Modulated_autosave_20260715_170032_049ms,Biceps (R),R_BB,10,300.23828435316705,308.23828435316705,332.59809372574034,,,none,30.0,75,2,monophasic
Modulated_autosave_20260715_170032_049ms,Biceps (R),R_BB,1,0.7942811762902124,8.794281176290212,32.359809372573324,,,none,30.0,80,2,monophasic
Modulated_autosave_20260715_170032_049ms,Biceps (R),R_BB,2,33.359809372573324,41.359809372573324,65.71961874514665,,,none,30.0,80,2,monophasic
Modulated_autosave_20260715_170032_049ms,Biceps (R),R_BB,3,66.71961874514665,74.71961874514665,99.07942811771997,,,none,30.0,80,2,monophasic
Modulated_autosave_20260715_170032_049ms,Biceps (R),R_BB,4,100.07942811771997,108.07942811771997,132.43923749029685,,,none,30.0,80,2,monophasic
Modulated_autosave_20260715_170032_049ms,Biceps (R),R_BB,5,133.43923749029685,141.43923749029685,165.79904686287017,,,none,30.0,80,2,monophasic
Modulated_autosave_20260715_170032_049ms,Biceps (R),R_BB,6,166.79904686287017,174.79904686287017,199.1588562354435,,,none,30.0,80,2,monophasic
Modulated_autosave_20260715_170032_049ms,Biceps (R),R_BB,7,200.1588562354435,208.1588562354435,232.51866560801682,,,none,30.0,80,2,monophasic
Modulated_autosave_20260715_170032_049ms,Biceps (R),R_BB,8,233.51866560801682,241.51866560801682,265.8784749805937,,,none,30.0,80,2,monophasic
Modulated_autosave_20260715_170032_049ms,Biceps (R),R_BB,9,266.8784749805937,274.8784749805937,299.23828435316705,,,none,30.0,80,2,monophasic
Modulated_autosave_20260715_170032_049ms,Biceps (R),R_BB,10,300.23828435316705,308.23828435316705,332.59809372574034,,,none,30.0,80,2,monophasic
Modulated_autosave_20260715_170032_049ms,Biceps (R),R_BB,1,0.7942811762902124,8.794281176290212,32.359809372573324,,,none,30.0,85,2,monophasic
Modulated_autosave_20260715_170032_049ms,Biceps (R),R_BB,2,33.359809372573324,41.359809372573324,65.71961874514665,,,none,30.0,85,2,monophasic
Modulated_autosave_20260715_170032_049ms,Biceps (R),R_BB,3,66.71961874514665,74.71961874514665,99.07942811771997,,,none,30.0,85,2,monophasic
Modulated_autosave_20260715_170032_049ms,Biceps (R),R_BB,4,100.07942811771997,108.07942811771997,132.43923749029685,,,none,30.0,85,2,monophasic
Modulated_autosave_20260715_170032_049ms,Biceps (R),R_BB,5,133.43923749029685,141.43923749029685,165.79904686287017,,,none,30.0,85,2,monophasic
Modulated_autosave_20260715_170032_049ms,Biceps (R),R_BB,6,166.79904686287017,174.79904686287017,199.1588562354435,,,none,30.0,85,2,monophasic
Modulated_autosave_20260715_170032_049ms,Biceps (R),R_BB,7,200.1588562354435,208.1588562354435,232.51866560801682,,,none,30.0,85,2,monophasic
Modulated_autosave_20260715_170032_049ms,Biceps (R),R_BB,8,233.51866560801682,241.51866560801682,265.8784749805937,,,none,30.0,85,2,monophasic
Modulated_autosave_20260715_170032_049ms,Biceps (R),R_BB,9,266.8784749805937,274.8784749805937,299.23828435316705,,,none,30.0,85,2,monophasic
Modulated_autosave_20260715_170032_049ms,Biceps (R),R_BB,10,300.23828435316705,308.23828435316705,332.59809372574034,,,none,30.0,85,2,monophasic
Modulated_autosave_20260715_170032_049ms,Biceps (R),R_BB,1,0.7942811762902124,8.794281176290212,32.359809372573324,,,none,30.0,90,2,monophasic
Modulated_autosave_20260715_170032_049ms,Biceps (R),R_BB,2,33.359809372573324,41.359809372573324,65.71961874514665,,,none,30.0,90,2,monophasic
Modulated_autosave_20260715_170032_049ms,Biceps (R),R_BB,3,66.71961874514665,74.71961874514665,99.07942811771997,,,none,30.0,90,2,monophasic
Modulated_autosave_20260715_170032_049ms,Biceps (R),R_BB,4,100.07942811771997,108.07942811771997,132.43923749029685,,,none,30.0,90,2,monophasic
Modulated_autosave_20260715_170032_049ms,Biceps (R),R_BB,5,133.43923749029685,141.43923749029685,165.79904686287017,,,none,30.0,90,2,monophasic
Modulated_autosave_20260715_170032_049ms,Biceps (R),R_BB,6,166.79904686287017,174.79904686287017,199.1588562354435,,,none,30.0,90,2,monophasic
Modulated_autosave_20260715_170032_049ms,Biceps (R),R_BB,7,200.1588562354435,208.1588562354435,232.51866560801682,,,none,30.0,90,2,monophasic
Modulated_autosave_20260715_170032_049ms,Biceps (R),R_BB,8,233.51866560801682,241.51866560801682,265.8784749805937,,,none,30.0,90,2,monophasic
Modulated_autosave_20260715_170032_049ms,Biceps (R),R_BB,9,266.8784749805937,274.8784749805937,299.23828435316705,,,none,30.0,90,2,monophasic
Modulated_autosave_20260715_170032_049ms,Biceps (R),R_BB,10,300.23828435316705,308.23828435316705,332.59809372574034,,,none,30.0,90,2,monophasic
Modulated_autosave_20260715_170032_049ms,Biceps (R),R_BB,1,0.7942811762902124,8.794281176290212,32.359809372573324,,,none,30.0,95,2,monophasic
Modulated_autosave_20260715_170032_049ms,Biceps (R),R_BB,2,33.359809372573324,41.359809372573324,65.71961874514665,,,none,30.0,95,2,monophasic
Modulated_autosave_20260715_170032_049ms,Biceps (R),R_BB,3,66.71961874514665,74.71961874514665,99.07942811771997,,,none,30.0,95,2,monophasic
Modulated_autosave_20260715_170032_049ms,Biceps (R),R_BB,4,100.07942811771997,108.07942811771997,132.43923749029685,,,none,30.0,95,2,monophasic
Modulated_autosave_20260715_170032_049ms,Biceps (R),R_BB,5,133.43923749029685,141.43923749029685,165.79904686287017,,,none,30.0,95,2,monophasic
Modulated_autosave_20260715_170032_049ms,Biceps (R),R_BB,6,166.79904686287017,174.79904686287017,199.1588562354435,,,none,30.0,95,2,monophasic
Modulated_autosave_20260715_170032_049ms,Biceps (R),R_BB,7,200.1588562354435,208.1588562354435,232.51866560801682,,,none,30.0,95,2,monophasic
Modulated_autosave_20260715_170032_049ms,Biceps (R),R_BB,8,233.51866560801682,241.51866560801682,265.8784749805937,,,none,30.0,95,2,monophasic
Modulated_autosave_20260715_170032_049ms,Biceps (R),R_BB,9,266.8784749805937,274.8784749805937,299.23828435316705,,,none,30.0,95,2,monophasic
Modulated_autosave_20260715_170032_049ms,Biceps (R),R_BB,10,300.23828435316705,308.23828435316705,332.59809372574034,,,none,30.0,95,2,monophasic
Modulated_autosave_20260715_170032_049ms,Biceps (R),R_BB,1,0.7942811762902124,8.794281176290212,32.359809372573324,,,none,30.0,100,2,monophasic
Modulated_autosave_20260715_170032_049ms,Biceps (R),R_BB,2,33.359809372573324,41.359809372573324,65.71961874514665,,,none,30.0,100,2,monophasic
Modulated_autosave_20260715_170032_049ms,Biceps (R),R_BB,3,66.71961874514665,74.71961874514665,99.07942811771997,,,none,30.0,100,2,monophasic
Modulated_autosave_20260715_170032_049ms,Biceps (R),R_BB,4,100.07942811771997,108.07942811771997,132.43923749029685,,,none,30.0,100,2,monophasic
Modulated_autosave_20260715_170032_049ms,Biceps (R),R_BB,5,133.43923749029685,141.43923749029685,165.79904686287017,,,none,30.0,100,2,monophasic
Modulated_autosave_20260715_170032_049ms,Biceps (R),R_BB,6,166.79904686287017,174.79904686287017,199.1588562354435,,,none,30.0,100,2,monophasic
Modulated_autosave_20260715_170032_049ms,Biceps (R),R_BB,7,200.1588562354435,208.1588562354435,232.51866560801682,,,none,30.0,100,2,monophasic
Modulated_autosave_20260715_170032_049ms,Biceps (R),R_BB,8,233.51866560801682,241.51866560801682,265.8784749805937,,,none,30.0,100,2,monophasic
Modulated_autosave_20260715_170032_049ms,Biceps (R),R_BB,9,266.8784749805937,274.8784749805937,299.23828435316705,,,none,30.0,100,2,monophasic
Modulated_autosave_20260715_170032_049ms,Biceps (R),R_BB,10,300.23828435316705,308.23828435316705,332.59809372574034,,,none,30.0,100,2,monophasic
Modulated_autosave_20260715_170032_049ms,Biceps (R),R_BB,1,0.7942811762902124,8.794281176290212,32.359809372573324,,,none,30.0,105,2,monophasic
Modulated_autosave_20260715_170032_049ms,Biceps (R),R_BB,2,33.359809372573324,41.359809372573324,65.71961874514665,,,none,30.0,105,2,monophasic
Modulated_autosave_20260715_170032_049ms,Biceps (R),R_BB,3,66.71961874514665,74.71961874514665,99.07942811771997,,,none,30.0,105,2,monophasic
Modulated_autosave_20260715_170032_049ms,Biceps (R),R_BB,4,100.07942811771997,108.07942811771997,132.43923749029685,,,none,30.0,105,2,monophasic
Modulated_autosave_20260715_170032_049ms,Biceps (R),R_BB,5,133.43923749029685,141.43923749029685,165.79904686287017,,,none,30.0,105,2,monophasic
Modulated_autosave_20260715_170032_049ms,Biceps (R),R_BB,6,166.79904686287017,174.79904686287017,199.1588562354435,,,none,30.0,105,2,monophasic
Modulated_autosave_20260715_170032_049ms,Biceps (R),R_BB,7,200.1588562354435,208.1588562354435,232.51866560801682,,,none,30.0,105,2,monophasic
Modulated_autosave_20260715_170032_049ms,Biceps (R),R_BB,8,233.51866560801682,241.51866560801682,265.8784749805937,,,none,30.0,105,2,monophasic
Modulated_autosave_20260715_170032_049ms,Biceps (R),R_BB,9,266.8784749805937,274.8784749805937,299.23828435316705,,,none,30.0,105,2,monophasic
Modulated_autosave_20260715_170032_049ms,Biceps (R),R_BB,10,300.23828435316705,308.23828435316705,332.59809372574034,,,none,30.0,105,2,monophasic
Modulated_autosave_20260715_170032_049ms,Biceps (R),R_BB,1,0.7942811762902124,8.794281176290212,32.359809372573324,,,none,30.0,110,2,monophasic
Modulated_autosave_20260715_170032_049ms,Biceps (R),R_BB,2,33.359809372573324,41.359809372573324,65.71961874514665,,,none,30.0,110,2,monophasic
Modulated_autosave_20260715_170032_049ms,Biceps (R),R_BB,3,66.71961874514665,74.71961874514665,99.07942811771997,,,none,30.0,110,2,monophasic
Modulated_autosave_20260715_170032_049ms,Biceps (R),R_BB,4,100.07942811771997,108.07942811771997,132.43923749029685,,,none,30.0,110,2,monophasic
Modulated_autosave_20260715_170032_049ms,Biceps (R),R_BB,5,133.43923749029685,141.43923749029685,165.79904686287017,,,none,30.0,110,2,monophasic
Modulated_autosave_20260715_170032_049ms,Biceps (R),R_BB,6,166.79904686287017,174.79904686287017,199.1588562354435,,,none,30.0,110,2,monophasic
Modulated_autosave_20260715_170032_049ms,Biceps (R),R_BB,7,200.1588562354435,208.1588562354435,232.51866560801682,,,none,30.0,110,2,monophasic
Modulated_autosave_20260715_170032_049ms,Biceps (R),R_BB,8,233.51866560801682,241.51866560801682,265.8784749805937,,,none,30.0,110,2,monophasic
Modulated_autosave_20260715_170032_049ms,Biceps (R),R_BB,9,266.8784749805937,274.8784749805937,299.23828435316705,,,none,30.0,110,2,monophasic
Modulated_autosave_20260715_170032_049ms,Biceps (R),R_BB,10,300.23828435316705,308.23828435316705,332.59809372574034,,,none,30.0,110,2,monophasic
Modulated_autosave_20260715_170032_049ms,Biceps (R),R_BB,1,0.7942811762902124,8.794281176290212,32.359809372573324,,,none,30.0,115,2,monophasic
Modulated_autosave_20260715_170032_049ms,Biceps (R),R_BB,2,33.359809372573324,41.359809372573324,65.71961874514665,,,none,30.0,115,2,monophasic
Modulated_autosave_20260715_170032_049ms,Biceps (R),R_BB,3,66.71961874514665,74.71961874514665,99.07942811771997,,,none,30.0,115,2,monophasic
Modulated_autosave_20260715_170032_049ms,Biceps (R),R_BB,4,100.07942811771997,108.07942811771997,132.43923749029685,,,none,30.0,115,2,monophasic
Modulated_autosave_20260715_170032_049ms,Biceps (R),R_BB,5,133.43923749029685,141.43923749029685,165.79904686287017,,,none,30.0,115,2,monophasic
Modulated_autosave_20260715_170032_049ms,Biceps (R),R_BB,6,166.79904686287017,174.79904686287017,199.1588562354435,,,none,30.0,115,2,monophasic
Modulated_autosave_20260715_170032_049ms,Biceps (R),R_BB,7,200.1588562354435,208.1588562354435,232.51866560801682,,,none,30.0,115,2,monophasic
Modulated_autosave_20260715_170032_049ms,Biceps (R),R_BB,8,233.51866560801682,241.51866560801682,265.8784749805937,,,none,30.0,115,2,monophasic
Modulated_autosave_20260715_170032_049ms,Biceps (R),R_BB,9,266.8784749805937,274.8784749805937,299.23828435316705,,,none,30.0,115,2,monophasic
Modulated_autosave_20260715_170032_049ms,Biceps (R),R_BB,10,300.23828435316705,308.23828435316705,332.59809372574034,,,none,30.0,115,2,monophasic
Modulated_autosave_20260715_170032_049ms,Biceps (R),R_BB,1,0.7942811762902124,8.794281176290212,32.359809372573324,,,none,30.0,120,2,monophasic
Modulated_autosave_20260715_170032_049ms,Biceps (R),R_BB,2,33.359809372573324,41.359809372573324,65.71961874514665,,,none,30.0,120,2,monophasic
Modulated_autosave_20260715_170032_049ms,Biceps (R),R_BB,3,66.71961874514665,74.71961874514665,99.07942811771997,,,none,30.0,120,2,monophasic
Modulated_autosave_20260715_170032_049ms,Biceps (R),R_BB,4,100.07942811771997,108.07942811771997,132.43923749029685,,,none,30.0,120,2,monophasic
Modulated_autosave_20260715_170032_049ms,Biceps (R),R_BB,5,133.43923749029685,141.43923749029685,165.79904686287017,,,none,30.0,120,2,monophasic
Modulated_autosave_20260715_170032_049ms,Biceps (R),R_BB,6,166.79904686287017,174.79904686287017,199.1588562354435,,,none,30.0,120,2,monophasic
Modulated_autosave_20260715_170032_049ms,Biceps (R),R_BB,7,200.1588562354435,208.1588562354435,232.51866560801682,,,none,30.0,120,2,monophasic
Modulated_autosave_20260715_170032_049ms,Biceps (R),R_BB,8,233.51866560801682,241.51866560801682,265.8784749805937,,,none,30.0,120,2,monophasic
Modulated_autosave_20260715_170032_049ms,Biceps (R),R_BB,9,266.8784749805937,274.8784749805937,299.23828435316705,,,none,30.0,120,2,monophasic
Modulated_autosave_20260715_170032_049ms,Biceps (R),R_BB,10,300.23828435316705,308.23828435316705,332.59809372574034,,,none,30.0,120,2,monophasic
Modulated_autosave_20260715_170032_049ms,Biceps (R),R_BB,1,0.7942811762902124,8.794281176290212,32.359809372573324,,,none,30.0,125,2,monophasic
Modulated_autosave_20260715_170032_049ms,Biceps (R),R_BB,2,33.359809372573324,41.359809372573324,65.71961874514665,,,none,30.0,125,2,monophasic
Modulated_autosave_20260715_170032_049ms,Biceps (R),R_BB,3,66.71961874514665,74.71961874514665,99.07942811771997,,,none,30.0,125,2,monophasic
Modulated_autosave_20260715_170032_049ms,Biceps (R),R_BB,4,100.07942811771997,108.07942811771997,132.43923749029685,,,none,30.0,125,2,monophasic
Modulated_autosave_20260715_170032_049ms,Biceps (R),R_BB,5,133.43923749029685,141.43923749029685,165.79904686287017,,,none,30.0,125,2,monophasic
Modulated_autosave_20260715_170032_049ms,Biceps (R),R_BB,6,166.79904686287017,174.79904686287017,199.1588562354435,,,none,30.0,125,2,monophasic
Modulated_autosave_20260715_170032_049ms,Biceps (R),R_BB,7,200.1588562354435,208.1588562354435,232.51866560801682,,,none,30.0,125,2,monophasic
Modulated_autosave_20260715_170032_049ms,Biceps (R),R_BB,8,233.51866560801682,241.51866560801682,265.8784749805937,,,none,30.0,125,2,monophasic
Modulated_autosave_20260715_170032_049ms,Biceps (R),R_BB,9,266.8784749805937,274.8784749805937,299.23828435316705,,,none,30.0,125,2,monophasic
Modulated_autosave_20260715_170032_049ms,Biceps (R),R_BB,10,300.23828435316705,308.23828435316705,332.59809372574034,,,none,30.0,125,2,monophasic
Modulated_autosave_20260715_170032_049ms,Triceps long (R),R_TBlg,1,0.7942811762902124,8.794281176290212,32.359809372573324,,,none,30.0,30,2,monophasic
Modulated_autosave_20260715_170032_049ms,Triceps long (R),R_TBlg,2,33.359809372573324,41.359809372573324,65.71961874514665,,,none,30.0,30,2,monophasic
Modulated_autosave_20260715_170032_049ms,Triceps long (R),R_TBlg,3,66.71961874514665,74.71961874514665,99.07942811771997,,,none,30.0,30,2,monophasic
Modulated_autosave_20260715_170032_049ms,Triceps long (R),R_TBlg,4,100.07942811771997,108.07942811771997,132.43923749029685,,,none,30.0,30,2,monophasic
Modulated_autosave_20260715_170032_049ms,Triceps long (R),R_TBlg,5,133.43923749029685,141.43923749029685,165.79904686287017,,,none,30.0,30,2,monophasic
Modulated_autosave_20260715_170032_049ms,Triceps long (R),R_TBlg,6,166.79904686287017,174.79904686287017,199.1588562354435,,,none,30.0,30,2,monophasic
Modulated_autosave_20260715_170032_049ms,Triceps long (R),R_TBlg,7,200.1588562354435,208.1588562354435,232.51866560801682,,,none,30.0,30,2,monophasic
Modulated_autosave_20260715_170032_049ms,Triceps long (R),R_TBlg,8,233.51866560801682,241.51866560801682,265.8784749805937,,,none,30.0,30,2,monophasic
Modulated_autosave_20260715_170032_049ms,Triceps long (R),R_TBlg,9,266.8784749805937,274.8784749805937,299.23828435316705,,,none,30.0,30,2,monophasic
Modulated_autosave_20260715_170032_049ms,Triceps long (R),R_TBlg,10,300.23828435316705,308.23828435316705,332.59809372574034,,,none,30.0,30,2,monophasic
Modulated_autosave_20260715_170032_049ms,Triceps long (R),R_TBlg,1,0.7942811762902124,8.794281176290212,32.359809372573324,,,none,30.0,35,2,monophasic
Modulated_autosave_20260715_170032_049ms,Triceps long (R),R_TBlg,2,33.359809372573324,41.359809372573324,65.71961874514665,,,none,30.0,35,2,monophasic
Modulated_autosave_20260715_170032_049ms,Triceps long (R),R_TBlg,3,66.71961874514665,74.71961874514665,99.07942811771997,,,none,30.0,35,2,monophasic
Modulated_autosave_20260715_170032_049ms,Triceps long (R),R_TBlg,4,100.07942811771997,108.07942811771997,132.43923749029685,,,none,30.0,35,2,monophasic
Modulated_autosave_20260715_170032_049ms,Triceps long (R),R_TBlg,5,133.43923749029685,141.43923749029685,165.79904686287017,,,none,30.0,35,2,monophasic
Modulated_autosave_20260715_170032_049ms,Triceps long (R),R_TBlg,6,166.79904686287017,174.79904686287017,199.1588562354435,,,none,30.0,35,2,monophasic
Modulated_autosave_20260715_170032_049ms,Triceps long (R),R_TBlg,7,200.1588562354435,208.1588562354435,232.51866560801682,,,none,30.0,35,2,monophasic
Modulated_autosave_20260715_170032_049ms,Triceps long (R),R_TBlg,8,233.51866560801682,241.51866560801682,265.8784749805937,,,none,30.0,35,2,monophasic
Modulated_autosave_20260715_170032_049ms,Triceps long (R),R_TBlg,9,266.8784749805937,274.8784749805937,299.23828435316705,,,none,30.0,35,2,monophasic
Modulated_autosave_20260715_170032_049ms,Triceps long (R),R_TBlg,10,300.23828435316705,308.23828435316705,332.59809372574034,,,none,30.0,35,2,monophasic
Modulated_autosave_20260715_170032_049ms,Triceps long (R),R_TBlg,1,0.7942811762902124,8.794281176290212,32.359809372573324,,,none,30.0,40,2,monophasic
Modulated_autosave_20260715_170032_049ms,Triceps long (R),R_TBlg,2,33.359809372573324,41.359809372573324,65.71961874514665,,,none,30.0,40,2,monophasic
Modulated_autosave_20260715_170032_049ms,Triceps long (R),R_TBlg,3,66.71961874514665,74.71961874514665,99.07942811771997,,,none,30.0,40,2,monophasic
Modulated_autosave_20260715_170032_049ms,Triceps long (R),R_TBlg,4,100.07942811771997,108.07942811771997,132.43923749029685,,,none,30.0,40,2,monophasic
Modulated_autosave_20260715_170032_049ms,Triceps long (R),R_TBlg,5,133.43923749029685,141.43923749029685,165.79904686287017,,,none,30.0,40,2,monophasic
Modulated_autosave_20260715_170032_049ms,Triceps long (R),R_TBlg,6,166.79904686287017,174.79904686287017,199.1588562354435,,,none,30.0,40,2,monophasic
Modulated_autosave_20260715_170032_049ms,Triceps long (R),R_TBlg,7,200.1588562354435,208.1588562354435,232.51866560801682,,,none,30.0,40,2,monophasic
Modulated_autosave_20260715_170032_049ms,Triceps long (R),R_TBlg,8,233.51866560801682,241.51866560801682,265.8784749805937,,,none,30.0,40,2,monophasic
Modulated_autosave_20260715_170032_049ms,Triceps long (R),R_TBlg,9,266.8784749805937,274.8784749805937,299.23828435316705,,,none,30.0,40,2,monophasic
Modulated_autosave_20260715_170032_049ms,Triceps long (R),R_TBlg,10,300.23828435316705,308.23828435316705,332.59809372574034,,,none,30.0,40,2,monophasic
Modulated_autosave_20260715_170032_049ms,Triceps long (R),R_TBlg,1,0.7942811762902124,8.794281176290212,32.359809372573324,,,none,30.0,45,2,monophasic
Modulated_autosave_20260715_170032_049ms,Triceps long (R),R_TBlg,2,33.359809372573324,41.359809372573324,65.71961874514665,,,none,30.0,45,2,monophasic
Modulated_autosave_20260715_170032_049ms,Triceps long (R),R_TBlg,3,66.71961874514665,74.71961874514665,99.07942811771997,,,none,30.0,45,2,monophasic
Modulated_autosave_20260715_170032_049ms,Triceps long (R),R_TBlg,4,100.07942811771997,108.07942811771997,132.43923749029685,,,none,30.0,45,2,monophasic
Modulated_autosave_20260715_170032_049ms,Triceps long (R),R_TBlg,5,133.43923749029685,141.43923749029685,165.79904686287017,,,none,30.0,45,2,monophasic
Modulated_autosave_20260715_170032_049ms,Triceps long (R),R_TBlg,6,166.79904686287017,174.79904686287017,199.1588562354435,,,none,30.0,45,2,monophasic
Modulated_autosave_20260715_170032_049ms,Triceps long (R),R_TBlg,7,200.1588562354435,208.1588562354435,232.51866560801682,,,none,30.0,45,2,monophasic
Modulated_autosave_20260715_170032_049ms,Triceps long (R),R_TBlg,8,233.51866560801682,241.51866560801682,265.8784749805937,,,none,30.0,45,2,monophasic
Modulated_autosave_20260715_170032_049ms,Triceps long (R),R_TBlg,9,266.8784749805937,274.8784749805937,299.23828435316705,,,none,30.0,45,2,monophasic
Modulated_autosave_20260715_170032_049ms,Triceps long (R),R_TBlg,10,300.23828435316705,308.23828435316705,332.59809372574034,,,none,30.0,45,2,monophasic
Modulated_autosave_20260715_170032_049ms,Triceps long (R),R_TBlg,1,0.7942811762902124,8.794281176290212,32.359809372573324,,,none,30.0,50,2,monophasic
Modulated_autosave_20260715_170032_049ms,Triceps long (R),R_TBlg,2,33.359809372573324,41.359809372573324,65.71961874514665,,,none,30.0,50,2,monophasic
Modulated_autosave_20260715_170032_049ms,Triceps long (R),R_TBlg,3,66.71961874514665,74.71961874514665,99.07942811771997,,,none,30.0,50,2,monophasic
Modulated_autosave_20260715_170032_049ms,Triceps long (R),R_TBlg,4,100.07942811771997,108.07942811771997,132.43923749029685,,,none,30.0,50,2,monophasic
Modulated_autosave_20260715_170032_049ms,Triceps long (R),R_TBlg,5,133.43923749029685,141.43923749029685,165.79904686287017,,,none,30.0,50,2,monophasic
Modulated_autosave_20260715_170032_049ms,Triceps long (R),R_TBlg,6,166.79904686287017,174.79904686287017,199.1588562354435,,,none,30.0,50,2,monophasic
Modulated_autosave_20260715_170032_049ms,Triceps long (R),R_TBlg,7,200.1588562354435,208.1588562354435,232.51866560801682,,,none,30.0,50,2,monophasic
Modulated_autosave_20260715_170032_049ms,Triceps long (R),R_TBlg,8,233.51866560801682,241.51866560801682,265.8784749805937,,,none,30.0,50,2,monophasic
Modulated_autosave_20260715_170032_049ms,Triceps long (R),R_TBlg,9,266.8784749805937,274.8784749805937,299.23828435316705,,,none,30.0,50,2,monophasic
Modulated_autosave_20260715_170032_049ms,Triceps long (R),R_TBlg,10,300.23828435316705,308.23828435316705,332.59809372574034,,,none,30.0,50,2,monophasic
Modulated_autosave_20260715_170032_049ms,Triceps long (R),R_TBlg,1,0.7942811762902124,8.794281176290212,32.359809372573324,,,none,30.0,55,2,monophasic
Modulated_autosave_20260715_170032_049ms,Triceps long (R),R_TBlg,2,33.359809372573324,41.359809372573324,65.71961874514665,,,none,30.0,55,2,monophasic
Modulated_autosave_20260715_170032_049ms,Triceps long (R),R_TBlg,3,66.71961874514665,74.71961874514665,99.07942811771997,,,none,30.0,55,2,monophasic
Modulated_autosave_20260715_170032_049ms,Triceps long (R),R_TBlg,4,100.07942811771997,108.07942811771997,132.43923749029685,,,none,30.0,55,2,monophasic
Modulated_autosave_20260715_170032_049ms,Triceps long (R),R_TBlg,5,133.43923749029685,141.43923749029685,165.79904686287017,,,none,30.0,55,2,monophasic
Modulated_autosave_20260715_170032_049ms,Triceps long (R),R_TBlg,6,166.79904686287017,174.79904686287017,199.1588562354435,,,none,30.0,55,2,monophasic
Modulated_autosave_20260715_170032_049ms,Triceps long (R),R_TBlg,7,200.1588562354435,208.1588562354435,232.51866560801682,,,none,30.0,55,2,monophasic
Modulated_autosave_20260715_170032_049ms,Triceps long (R),R_TBlg,8,233.51866560801682,241.51866560801682,265.8784749805937,,,none,30.0,55,2,monophasic
Modulated_autosave_20260715_170032_049ms,Triceps long (R),R_TBlg,9,266.8784749805937,274.8784749805937,299.23828435316705,,,none,30.0,55,2,monophasic
Modulated_autosave_20260715_170032_049ms,Triceps long (R),R_TBlg,10,300.23828435316705,308.23828435316705,332.59809372574034,,,none,30.0,55,2,monophasic
Modulated_autosave_20260715_170032_049ms,Triceps long (R),R_TBlg,1,0.7942811762902124,8.794281176290212,32.359809372573324,,,none,30.0,60,2,monophasic
Modulated_autosave_20260715_170032_049ms,Triceps long (R),R_TBlg,2,33.359809372573324,41.359809372573324,65.71961874514665,,,none,30.0,60,2,monophasic
Modulated_autosave_20260715_170032_049ms,Triceps long (R),R_TBlg,3,66.71961874514665,74.71961874514665,99.07942811771997,,,none,30.0,60,2,monophasic
Modulated_autosave_20260715_170032_049ms,Triceps long (R),R_TBlg,4,100.07942811771997,108.07942811771997,132.43923749029685,,,none,30.0,60,2,monophasic
Modulated_autosave_20260715_170032_049ms,Triceps long (R),R_TBlg,5,133.43923749029685,141.43923749029685,165.79904686287017,,,none,30.0,60,2,monophasic
Modulated_autosave_20260715_170032_049ms,Triceps long (R),R_TBlg,6,166.79904686287017,174.79904686287017,199.1588562354435,,,none,30.0,60,2,monophasic
Modulated_autosave_20260715_170032_049ms,Triceps long (R),R_TBlg,7,200.1588562354435,208.1588562354435,232.51866560801682,,,none,30.0,60,2,monophasic
Modulated_autosave_20260715_170032_049ms,Triceps long (R),R_TBlg,8,233.51866560801682,241.51866560801682,265.8784749805937,,,none,30.0,60,2,monophasic
Modulated_autosave_20260715_170032_049ms,Triceps long (R),R_TBlg,9,266.8784749805937,274.8784749805937,299.23828435316705,,,none,30.0,60,2,monophasic
Modulated_autosave_20260715_170032_049ms,Triceps long (R),R_TBlg,10,300.23828435316705,308.23828435316705,332.59809372574034,,,none,30.0,60,2,monophasic
Modulated_autosave_20260715_170032_049ms,Triceps long (R),R_TBlg,1,0.7942811762902124,8.794281176290212,32.359809372573324,,,none,30.0,65,2,monophasic
Modulated_autosave_20260715_170032_049ms,Triceps long (R),R_TBlg,2,33.359809372573324,41.359809372573324,65.71961874514665,,,none,30.0,65,2,monophasic
Modulated_autosave_20260715_170032_049ms,Triceps long (R),R_TBlg,3,66.71961874514665,74.71961874514665,99.07942811771997,,,none,30.0,65,2,monophasic
Modulated_autosave_20260715_170032_049ms,Triceps long (R),R_TBlg,4,100.07942811771997,108.07942811771997,132.43923749029685,,,none,30.0,65,2,monophasic
Modulated_autosave_20260715_170032_049ms,Triceps long (R),R_TBlg,5,133.43923749029685,141.43923749029685,165.79904686287017,,,none,30.0,65,2,monophasic
Modulated_autosave_20260715_170032_049ms,Triceps long (R),R_TBlg,6,166.79904686287017,174.79904686287017,199.1588562354435,,,none,30.0,65,2,monophasic
Modulated_autosave_20260715_170032_049ms,Triceps long (R),R_TBlg,7,200.1588562354435,208.1588562354435,232.51866560801682,,,none,30.0,65,2,monophasic
Modulated_autosave_20260715_170032_049ms,Triceps long (R),R_TBlg,8,233.51866560801682,241.51866560801682,265.8784749805937,,,none,30.0,65,2,monophasic
Modulated_autosave_20260715_170032_049ms,Triceps long (R),R_TBlg,9,266.8784749805937,274.8784749805937,299.23828435316705,,,none,30.0,65,2,monophasic
Modulated_autosave_20260715_170032_049ms,Triceps long (R),R_TBlg,10,300.23828435316705,308.23828435316705,332.59809372574034,,,none,30.0,65,2,monophasic
Modulated_autosave_20260715_170032_049ms,Triceps long (R),R_TBlg,1,0.7942811762902124,8.794281176290212,32.359809372573324,,,none,30.0,70,2,monophasic
Modulated_autosave_20260715_170032_049ms,Triceps long (R),R_TBlg,2,33.359809372573324,41.359809372573324,65.71961874514665,,,none,30.0,70,2,monophasic
Modulated_autosave_20260715_170032_049ms,Triceps long (R),R_TBlg,3,66.71961874514665,74.71961874514665,99.07942811771997,,,none,30.0,70,2,monophasic
Modulated_autosave_20260715_170032_049ms,Triceps long (R),R_TBlg,4,100.07942811771997,108.07942811771997,132.43923749029685,,,none,30.0,70,2,monophasic
Modulated_autosave_20260715_170032_049ms,Triceps long (R),R_TBlg,5,133.43923749029685,141.43923749029685,165.79904686287017,,,none,30.0,70,2,monophasic
Modulated_autosave_20260715_170032_049ms,Triceps long (R),R_TBlg,6,166.79904686287017,174.79904686287017,199.1588562354435,,,none,30.0,70,2,monophasic
Modulated_autosave_20260715_170032_049ms,Triceps long (R),R_TBlg,7,200.1588562354435,208.1588562354435,232.51866560801682,,,none,30.0,70,2,monophasic
Modulated_autosave_20260715_170032_049ms,Triceps long (R),R_TBlg,8,233.51866560801682,241.51866560801682,265.8784749805937,,,none,30.0,70,2,monophasic
Modulated_autosave_20260715_170032_049ms,Triceps long (R),R_TBlg,9,266.8784749805937,274.8784749805937,299.23828435316705,,,none,30.0,70,2,monophasic
Modulated_autosave_20260715_170032_049ms,Triceps long (R),R_TBlg,10,300.23828435316705,308.23828435316705,332.59809372574034,,,none,30.0,70,2,monophasic
Modulated_autosave_20260715_170032_049ms,Triceps long (R),R_TBlg,1,0.7942811762902124,8.794281176290212,32.359809372573324,,,none,30.0,75,2,monophasic
Modulated_autosave_20260715_170032_049ms,Triceps long (R),R_TBlg,2,33.359809372573324,41.359809372573324,65.71961874514665,,,none,30.0,75,2,monophasic
Modulated_autosave_20260715_170032_049ms,Triceps long (R),R_TBlg,3,66.71961874514665,74.71961874514665,99.07942811771997,,,none,30.0,75,2,monophasic
Modulated_autosave_20260715_170032_049ms,Triceps long (R),R_TBlg,4,100.07942811771997,108.07942811771997,132.43923749029685,,,none,30.0,75,2,monophasic
Modulated_autosave_20260715_170032_049ms,Triceps long (R),R_TBlg,5,133.43923749029685,141.43923749029685,165.79904686287017,,,none,30.0,75,2,monophasic
Modulated_autosave_20260715_170032_049ms,Triceps long (R),R_TBlg,6,166.79904686287017,174.79904686287017,199.1588562354435,,,none,30.0,75,2,monophasic
Modulated_autosave_20260715_170032_049ms,Triceps long (R),R_TBlg,7,200.1588562354435,208.1588562354435,232.51866560801682,,,none,30.0,75,2,monophasic
Modulated_autosave_20260715_170032_049ms,Triceps long (R),R_TBlg,8,233.51866560801682,241.51866560801682,265.8784749805937,,,none,30.0,75,2,monophasic
Modulated_autosave_20260715_170032_049ms,Triceps long (R),R_TBlg,9,266.8784749805937,274.8784749805937,299.23828435316705,,,none,30.0,75,2,monophasic
Modulated_autosave_20260715_170032_049ms,Triceps long (R),R_TBlg,10,300.23828435316705,308.23828435316705,332.59809372574034,,,none,30.0,75,2,monophasic
Modulated_autosave_20260715_170032_049ms,Triceps long (R),R_TBlg,1,0.7942811762902124,8.794281176290212,32.359809372573324,,,none,30.0,80,2,monophasic
Modulated_autosave_20260715_170032_049ms,Triceps long (R),R_TBlg,2,33.359809372573324,41.359809372573324,65.71961874514665,,,none,30.0,80,2,monophasic
Modulated_autosave_20260715_170032_049ms,Triceps long (R),R_TBlg,3,66.71961874514665,74.71961874514665,99.07942811771997,,,none,30.0,80,2,monophasic
Modulated_autosave_20260715_170032_049ms,Triceps long (R),R_TBlg,4,100.07942811771997,108.07942811771997,132.43923749029685,,,none,30.0,80,2,monophasic
Modulated_autosave_20260715_170032_049ms,Triceps long (R),R_TBlg,5,133.43923749029685,141.43923749029685,165.79904686287017,,,none,30.0,80,2,monophasic
Modulated_autosave_20260715_170032_049ms,Triceps long (R),R_TBlg,6,166.79904686287017,174.79904686287017,199.1588562354435,,,none,30.0,80,2,monophasic
Modulated_autosave_20260715_170032_049ms,Triceps long (R),R_TBlg,7,200.1588562354435,208.1588562354435,232.51866560801682,,,none,30.0,80,2,monophasic
Modulated_autosave_20260715_170032_049ms,Triceps long (R),R_TBlg,8,233.51866560801682,241.51866560801682,265.8784749805937,,,none,30.0,80,2,monophasic
Modulated_autosave_20260715_170032_049ms,Triceps long (R),R_TBlg,9,266.8784749805937,274.8784749805937,299.23828435316705,,,none,30.0,80,2,monophasic
Modulated_autosave_20260715_170032_049ms,Triceps long (R),R_TBlg,10,300.23828435316705,308.23828435316705,332.59809372574034,,,none,30.0,80,2,monophasic
Modulated_autosave_20260715_170032_049ms,Triceps long (R),R_TBlg,1,0.7942811762902124,8.794281176290212,32.359809372573324,,,none,30.0,85,2,monophasic
Modulated_autosave_20260715_170032_049ms,Triceps long (R),R_TBlg,2,33.359809372573324,41.359809372573324,65.71961874514665,,,none,30.0,85,2,monophasic
Modulated_autosave_20260715_170032_049ms,Triceps long (R),R_TBlg,3,66.71961874514665,74.71961874514665,99.07942811771997,,,none,30.0,85,2,monophasic
Modulated_autosave_20260715_170032_049ms,Triceps long (R),R_TBlg,4,100.07942811771997,108.07942811771997,132.43923749029685,,,none,30.0,85,2,monophasic
Modulated_autosave_20260715_170032_049ms,Triceps long (R),R_TBlg,5,133.43923749029685,141.43923749029685,165.79904686287017,,,none,30.0,85,2,monophasic
Modulated_autosave_20260715_170032_049ms,Triceps long (R),R_TBlg,6,166.79904686287017,174.79904686287017,199.1588562354435,,,none,30.0,85,2,monophasic
Modulated_autosave_20260715_170032_049ms,Triceps long (R),R_TBlg,7,200.1588562354435,208.1588562354435,232.51866560801682,,,none,30.0,85,2,monophasic
Modulated_autosave_20260715_170032_049ms,Triceps long (R),R_TBlg,8,233.51866560801682,241.51866560801682,265.8784749805937,,,none,30.0,85,2,monophasic
Modulated_autosave_20260715_170032_049ms,Triceps long (R),R_TBlg,9,266.8784749805937,274.8784749805937,299.23828435316705,,,none,30.0,85,2,monophasic
Modulated_autosave_20260715_170032_049ms,Triceps long (R),R_TBlg,10,300.23828435316705,308.23828435316705,332.59809372574034,,,none,30.0,85,2,monophasic
Modulated_autosave_20260715_170032_049ms,Triceps long (R),R_TBlg,1,0.7942811762902124,8.794281176290212,32.359809372573324,,,none,30.0,90,2,monophasic
Modulated_autosave_20260715_170032_049ms,Triceps long (R),R_TBlg,2,33.359809372573324,41.359809372573324,65.71961874514665,,,none,30.0,90,2,monophasic
Modulated_autosave_20260715_170032_049ms,Triceps long (R),R_TBlg,3,66.71961874514665,74.71961874514665,99.07942811771997,,,none,30.0,90,2,monophasic
Modulated_autosave_20260715_170032_049ms,Triceps long (R),R_TBlg,4,100.07942811771997,108.07942811771997,132.43923749029685,,,none,30.0,90,2,monophasic
Modulated_autosave_20260715_170032_049ms,Triceps long (R),R_TBlg,5,133.43923749029685,141.43923749029685,165.79904686287017,,,none,30.0,90,2,monophasic
Modulated_autosave_20260715_170032_049ms,Triceps long (R),R_TBlg,6,166.79904686287017,174.79904686287017,199.1588562354435,,,none,30.0,90,2,monophasic
Modulated_autosave_20260715_170032_049ms,Triceps long (R),R_TBlg,7,200.1588562354435,208.1588562354435,232.51866560801682,,,none,30.0,90,2,monophasic
Modulated_autosave_20260715_170032_049ms,Triceps long (R),R_TBlg,8,233.51866560801682,241.51866560801682,265.8784749805937,,,none,30.0,90,2,monophasic
Modulated_autosave_20260715_170032_049ms,Triceps long (R),R_TBlg,9,266.8784749805937,274.8784749805937,299.23828435316705,,,none,30.0,90,2,monophasic
Modulated_autosave_20260715_170032_049ms,Triceps long (R),R_TBlg,10,300.23828435316705,308.23828435316705,332.59809372574034,,,none,30.0,90,2,monophasic
Modulated_autosave_20260715_170032_049ms,Triceps long (R),R_TBlg,1,0.7942811762902124,8.794281176290212,32.359809372573324,,,none,30.0,95,2,monophasic
Modulated_autosave_20260715_170032_049ms,Triceps long (R),R_TBlg,2,33.359809372573324,41.359809372573324,65.71961874514665,,,none,30.0,95,2,monophasic
Modulated_autosave_20260715_170032_049ms,Triceps long (R),R_TBlg,3,66.71961874514665,74.71961874514665,99.07942811771997,,,none,30.0,95,2,monophasic
Modulated_autosave_20260715_170032_049ms,Triceps long (R),R_TBlg,4,100.07942811771997,108.07942811771997,132.43923749029685,,,none,30.0,95,2,monophasic
Modulated_autosave_20260715_170032_049ms,Triceps long (R),R_TBlg,5,133.43923749029685,141.43923749029685,165.79904686287017,,,none,30.0,95,2,monophasic
Modulated_autosave_20260715_170032_049ms,Triceps long (R),R_TBlg,6,166.79904686287017,174.79904686287017,199.1588562354435,,,none,30.0,95,2,monophasic
Modulated_autosave_20260715_170032_049ms,Triceps long (R),R_TBlg,7,200.1588562354435,208.1588562354435,232.51866560801682,,,none,30.0,95,2,monophasic
Modulated_autosave_20260715_170032_049ms,Triceps long (R),R_TBlg,8,233.51866560801682,241.51866560801682,265.8784749805937,,,none,30.0,95,2,monophasic
Modulated_autosave_20260715_170032_049ms,Triceps long (R),R_TBlg,9,266.8784749805937,274.8784749805937,299.23828435316705,,,none,30.0,95,2,monophasic
Modulated_autosave_20260715_170032_049ms,Triceps long (R),R_TBlg,10,300.23828435316705,308.23828435316705,332.59809372574034,,,none,30.0,95,2,monophasic
Modulated_autosave_20260715_170032_049ms,Triceps long (R),R_TBlg,1,0.7942811762902124,8.794281176290212,32.359809372573324,,,none,30.0,100,2,monophasic
Modulated_autosave_20260715_170032_049ms,Triceps long (R),R_TBlg,2,33.359809372573324,41.359809372573324,65.71961874514665,,,none,30.0,100,2,monophasic
Modulated_autosave_20260715_170032_049ms,Triceps long (R),R_TBlg,3,66.71961874514665,74.71961874514665,99.07942811771997,,,none,30.0,100,2,monophasic
Modulated_autosave_20260715_170032_049ms,Triceps long (R),R_TBlg,4,100.07942811771997,108.07942811771997,132.43923749029685,,,none,30.0,100,2,monophasic
Modulated_autosave_20260715_170032_049ms,Triceps long (R),R_TBlg,5,133.43923749029685,141.43923749029685,165.79904686287017,,,none,30.0,100,2,monophasic
Modulated_autosave_20260715_170032_049ms,Triceps long (R),R_TBlg,6,166.79904686287017,174.79904686287017,199.1588562354435,,,none,30.0,100,2,monophasic
Modulated_autosave_20260715_170032_049ms,Triceps long (R),R_TBlg,7,200.1588562354435,208.1588562354435,232.51866560801682,,,none,30.0,100,2,monophasic
Modulated_autosave_20260715_170032_049ms,Triceps long (R),R_TBlg,8,233.51866560801682,241.51866560801682,265.8784749805937,,,none,30.0,100,2,monophasic
Modulated_autosave_20260715_170032_049ms,Triceps long (R),R_TBlg,9,266.8784749805937,274.8784749805937,299.23828435316705,,,none,30.0,100,2,monophasic
Modulated_autosave_20260715_170032_049ms,Triceps long (R),R_TBlg,10,300.23828435316705,308.23828435316705,332.59809372574034,,,none,30.0,100,2,monophasic
Modulated_autosave_20260715_170032_049ms,Triceps long (R),R_TBlg,1,0.7942811762902124,8.794281176290212,32.359809372573324,,,none,30.0,105,2,monophasic
Modulated_autosave_20260715_170032_049ms,Triceps long (R),R_TBlg,2,33.359809372573324,41.359809372573324,65.71961874514665,,,none,30.0,105,2,monophasic
Modulated_autosave_20260715_170032_049ms,Triceps long (R),R_TBlg,3,66.71961874514665,74.71961874514665,99.07942811771997,,,none,30.0,105,2,monophasic
Modulated_autosave_20260715_170032_049ms,Triceps long (R),R_TBlg,4,100.07942811771997,108.07942811771997,132.43923749029685,,,none,30.0,105,2,monophasic
Modulated_autosave_20260715_170032_049ms,Triceps long (R),R_TBlg,5,133.43923749029685,141.43923749029685,165.79904686287017,,,none,30.0,105,2,monophasic
Modulated_autosave_20260715_170032_049ms,Triceps long (R),R_TBlg,6,166.79904686287017,174.79904686287017,199.1588562354435,,,none,30.0,105,2,monophasic
Modulated_autosave_20260715_170032_049ms,Triceps long (R),R_TBlg,7,200.1588562354435,208.1588562354435,232.51866560801682,,,none,30.0,105,2,monophasic
Modulated_autosave_20260715_170032_049ms,Triceps long (R),R_TBlg,8,233.51866560801682,241.51866560801682,265.8784749805937,,,none,30.0,105,2,monophasic
Modulated_autosave_20260715_170032_049ms,Triceps long (R),R_TBlg,9,266.8784749805937,274.8784749805937,299.23828435316705,,,none,30.0,105,2,monophasic
Modulated_autosave_20260715_170032_049ms,Triceps long (R),R_TBlg,10,300.23828435316705,308.23828435316705,332.59809372574034,,,none,30.0,105,2,monophasic
Modulated_autosave_20260715_170032_049ms,Triceps long (R),R_TBlg,1,0.7942811762902124,8.794281176290212,32.359809372573324,,,none,30.0,110,2,monophasic
Modulated_autosave_20260715_170032_049ms,Triceps long (R),R_TBlg,2,33.359809372573324,41.359809372573324,65.71961874514665,,,none,30.0,110,2,monophasic
Modulated_autosave_20260715_170032_049ms,Triceps long (R),R_TBlg,3,66.71961874514665,74.71961874514665,99.07942811771997,,,none,30.0,110,2,monophasic
Modulated_autosave_20260715_170032_049ms,Triceps long (R),R_TBlg,4,100.07942811771997,108.07942811771997,132.43923749029685,,,none,30.0,110,2,monophasic
Modulated_autosave_20260715_170032_049ms,Triceps long (R),R_TBlg,5,133.43923749029685,141.43923749029685,165.79904686287017,,,none,30.0,110,2,monophasic
Modulated_autosave_20260715_170032_049ms,Triceps long (R),R_TBlg,6,166.79904686287017,174.79904686287017,199.1588562354435,,,none,30.0,110,2,monophasic
Modulated_autosave_20260715_170032_049ms,Triceps long (R),R_TBlg,7,200.1588562354435,208.1588562354435,232.51866560801682,,,none,30.0,110,2,monophasic
Modulated_autosave_20260715_170032_049ms,Triceps long (R),R_TBlg,8,233.51866560801682,241.51866560801682,265.8784749805937,,,none,30.0,110,2,monophasic
Modulated_autosave_20260715_170032_049ms,Triceps long (R),R_TBlg,9,266.8784749805937,274.8784749805937,299.23828435316705,,,none,30.0,110,2,monophasic
Modulated_autosave_20260715_170032_049ms,Triceps long (R),R_TBlg,10,300.23828435316705,308.23828435316705,332.59809372574034,,,none,30.0,110,2,monophasic
Modulated_autosave_20260715_170032_049ms,Triceps long (R),R_TBlg,1,0.7942811762902124,8.794281176290212,32.359809372573324,,,none,30.0,115,2,monophasic
Modulated_autosave_20260715_170032_049ms,Triceps long (R),R_TBlg,2,33.359809372573324,41.359809372573324,65.71961874514665,,,none,30.0,115,2,monophasic
Modulated_autosave_20260715_170032_049ms,Triceps long (R),R_TBlg,3,66.71961874514665,74.71961874514665,99.07942811771997,,,none,30.0,115,2,monophasic
Modulated_autosave_20260715_170032_049ms,Triceps long (R),R_TBlg,4,100.07942811771997,108.07942811771997,132.43923749029685,,,none,30.0,115,2,monophasic
Modulated_autosave_20260715_170032_049ms,Triceps long (R),R_TBlg,5,133.43923749029685,141.43923749029685,165.79904686287017,,,none,30.0,115,2,monophasic
Modulated_autosave_20260715_170032_049ms,Triceps long (R),R_TBlg,6,166.79904686287017,174.79904686287017,199.1588562354435,,,none,30.0,115,2,monophasic
Modulated_autosave_20260715_170032_049ms,Triceps long (R),R_TBlg,7,200.1588562354435,208.1588562354435,232.51866560801682,,,none,30.0,115,2,monophasic
Modulated_autosave_20260715_170032_049ms,Triceps long (R),R_TBlg,8,233.51866560801682,241.51866560801682,265.8784749805937,,,none,30.0,115,2,monophasic
Modulated_autosave_20260715_170032_049ms,Triceps long (R),R_TBlg,9,266.8784749805937,274.8784749805937,299.23828435316705,,,none,30.0,115,2,monophasic
Modulated_autosave_20260715_170032_049ms,Triceps long (R),R_TBlg,10,300.23828435316705,308.23828435316705,332.59809372574034,,,none,30.0,115,2,monophasic
Modulated_autosave_20260715_170032_049ms,Triceps long (R),R_TBlg,1,0.7942811762902124,8.794281176290212,32.359809372573324,,,none,30.0,120,2,monophasic
Modulated_autosave_20260715_170032_049ms,Triceps long (R),R_TBlg,2,33.359809372573324,41.359809372573324,65.71961874514665,,,none,30.0,120,2,monophasic
Modulated_autosave_20260715_170032_049ms,Triceps long (R),R_TBlg,3,66.71961874514665,74.71961874514665,99.07942811771997,,,none,30.0,120,2,monophasic
Modulated_autosave_20260715_170032_049ms,Triceps long (R),R_TBlg,4,100.07942811771997,108.07942811771997,132.43923749029685,,,none,30.0,120,2,monophasic
Modulated_autosave_20260715_170032_049ms,Triceps long (R),R_TBlg,5,133.43923749029685,141.43923749029685,165.79904686287017,,,none,30.0,120,2,monophasic
Modulated_autosave_20260715_170032_049ms,Triceps long (R),R_TBlg,6,166.79904686287017,174.79904686287017,199.1588562354435,,,none,30.0,120,2,monophasic
Modulated_autosave_20260715_170032_049ms,Triceps long (R),R_TBlg,7,200.1588562354435,208.1588562354435,232.51866560801682,,,none,30.0,120,2,monophasic
Modulated_autosave_20260715_170032_049ms,Triceps long (R),R_TBlg,8,233.51866560801682,241.51866560801682,265.8784749805937,,,none,30.0,120,2,monophasic
Modulated_autosave_20260715_170032_049ms,Triceps long (R),R_TBlg,9,266.8784749805937,274.8784749805937,299.23828435316705,,,none,30.0,120,2,monophasic
Modulated_autosave_20260715_170032_049ms,Triceps long (R),R_TBlg,10,300.23828435316705,308.23828435316705,332.59809372574034,,,none,30.0,120,2,monophasic
Modulated_autosave_20260715_170032_049ms,Triceps long (R),R_TBlg,1,0.7942811762902124,8.794281176290212,32.359809372573324,,,none,30.0,125,2,monophasic
Modulated_autosave_20260715_170032_049ms,Triceps long (R),R_TBlg,2,33.359809372573324,41.359809372573324,65.71961874514665,,,none,30.0,125,2,monophasic
Modulated_autosave_20260715_170032_049ms,Triceps long (R),R_TBlg,3,66.71961874514665,74.71961874514665,99.07942811771997,,,none,30.0,125,2,monophasic
Modulated_autosave_20260715_170032_049ms,Triceps long (R),R_TBlg,4,100.07942811771997,108.07942811771997,132.43923749029685,,,none,30.0,125,2,monophasic
Modulated_autosave_20260715_170032_049ms,Triceps long (R),R_TBlg,5,133.43923749029685,141.43923749029685,165.79904686287017,,,none,30.0,125,2,monophasic
Modulated_autosave_20260715_170032_049ms,Triceps long (R),R_TBlg,6,166.79904686287017,174.79904686287017,199.1588562354435,,,none,30.0,125,2,monophasic
Modulated_autosave_20260715_170032_049ms,Triceps long (R),R_TBlg,7,200.1588562354435,208.1588562354435,232.51866560801682,,,none,30.0,125,2,monophasic
Modulated_autosave_20260715_170032_049ms,Triceps long (R),R_TBlg,8,233.51866560801682,241.51866560801682,265.8784749805937,,,none,30.0,125,2,monophasic
Modulated_autosave_20260715_170032_049ms,Triceps long (R),R_TBlg,9,266.8784749805937,274.8784749805937,299.23828435316705,,,none,30.0,125,2,monophasic
Modulated_autosave_20260715_170032_049ms,Triceps long (R),R_TBlg,10,300.23828435316705,308.23828435316705,332.59809372574034,,,none,30.0,125,2,monophasic
Modulated_autosave_20260715_170032_049ms,Trapezius (R),R_TR,1,0.7942811762902124,8.794281176290212,32.359809372573324,,,none,30.0,30,2,monophasic
Modulated_autosave_20260715_170032_049ms,Trapezius (R),R_TR,2,33.359809372573324,41.359809372573324,65.71961874514665,,,none,30.0,30,2,monophasic
Modulated_autosave_20260715_170032_049ms,Trapezius (R),R_TR,3,66.71961874514665,74.71961874514665,99.07942811771997,,,none,30.0,30,2,monophasic
Modulated_autosave_20260715_170032_049ms,Trapezius (R),R_TR,4,100.07942811771997,108.07942811771997,132.43923749029685,,,none,30.0,30,2,monophasic
Modulated_autosave_20260715_170032_049ms,Trapezius (R),R_TR,5,133.43923749029685,141.43923749029685,165.79904686287017,,,none,30.0,30,2,monophasic
Modulated_autosave_20260715_170032_049ms,Trapezius (R),R_TR,6,166.79904686287017,174.79904686287017,199.1588562354435,,,none,30.0,30,2,monophasic
Modulated_autosave_20260715_170032_049ms,Trapezius (R),R_TR,7,200.1588562354435,208.1588562354435,232.51866560801682,,,none,30.0,30,2,monophasic
Modulated_autosave_20260715_170032_049ms,Trapezius (R),R_TR,8,233.51866560801682,241.51866560801682,265.8784749805937,,,none,30.0,30,2,monophasic
Modulated_autosave_20260715_170032_049ms,Trapezius (R),R_TR,9,266.8784749805937,274.8784749805937,299.23828435316705,,,none,30.0,30,2,monophasic
Modulated_autosave_20260715_170032_049ms,Trapezius (R),R_TR,10,300.23828435316705,308.23828435316705,332.59809372574034,,,none,30.0,30,2,monophasic
Modulated_autosave_20260715_170032_049ms,Trapezius (R),R_TR,1,0.7942811762902124,8.794281176290212,32.359809372573324,,,none,30.0,35,2,monophasic
Modulated_autosave_20260715_170032_049ms,Trapezius (R),R_TR,2,33.359809372573324,41.359809372573324,65.71961874514665,,,none,30.0,35,2,monophasic
Modulated_autosave_20260715_170032_049ms,Trapezius (R),R_TR,3,66.71961874514665,74.71961874514665,99.07942811771997,,,none,30.0,35,2,monophasic
Modulated_autosave_20260715_170032_049ms,Trapezius (R),R_TR,4,100.07942811771997,108.07942811771997,132.43923749029685,,,none,30.0,35,2,monophasic
Modulated_autosave_20260715_170032_049ms,Trapezius (R),R_TR,5,133.43923749029685,141.43923749029685,165.79904686287017,,,none,30.0,35,2,monophasic
Modulated_autosave_20260715_170032_049ms,Trapezius (R),R_TR,6,166.79904686287017,174.79904686287017,199.1588562354435,,,none,30.0,35,2,monophasic
Modulated_autosave_20260715_170032_049ms,Trapezius (R),R_TR,7,200.1588562354435,208.1588562354435,232.51866560801682,,,none,30.0,35,2,monophasic
Modulated_autosave_20260715_170032_049ms,Trapezius (R),R_TR,8,233.51866560801682,241.51866560801682,265.8784749805937,,,none,30.0,35,2,monophasic
Modulated_autosave_20260715_170032_049ms,Trapezius (R),R_TR,9,266.8784749805937,274.8784749805937,299.23828435316705,,,none,30.0,35,2,monophasic
Modulated_autosave_20260715_170032_049ms,Trapezius (R),R_TR,10,300.23828435316705,308.23828435316705,332.59809372574034,,,none,30.0,35,2,monophasic
Modulated_autosave_20260715_170032_049ms,Trapezius (R),R_TR,1,0.7942811762902124,8.794281176290212,32.359809372573324,,,none,30.0,40,2,monophasic
Modulated_autosave_20260715_170032_049ms,Trapezius (R),R_TR,2,33.359809372573324,41.359809372573324,65.71961874514665,,,none,30.0,40,2,monophasic
Modulated_autosave_20260715_170032_049ms,Trapezius (R),R_TR,3,66.71961874514665,74.71961874514665,99.07942811771997,,,none,30.0,40,2,monophasic
Modulated_autosave_20260715_170032_049ms,Trapezius (R),R_TR,4,100.07942811771997,108.07942811771997,132.43923749029685,,,none,30.0,40,2,monophasic
Modulated_autosave_20260715_170032_049ms,Trapezius (R),R_TR,5,133.43923749029685,141.43923749029685,165.79904686287017,,,none,30.0,40,2,monophasic
Modulated_autosave_20260715_170032_049ms,Trapezius (R),R_TR,6,166.79904686287017,174.79904686287017,199.1588562354435,,,none,30.0,40,2,monophasic
Modulated_autosave_20260715_170032_049ms,Trapezius (R),R_TR,7,200.1588562354435,208.1588562354435,232.51866560801682,,,none,30.0,40,2,monophasic
Modulated_autosave_20260715_170032_049ms,Trapezius (R),R_TR,8,233.51866560801682,241.51866560801682,265.8784749805937,,,none,30.0,40,2,monophasic
Modulated_autosave_20260715_170032_049ms,Trapezius (R),R_TR,9,266.8784749805937,274.8784749805937,299.23828435316705,,,none,30.0,40,2,monophasic
Modulated_autosave_20260715_170032_049ms,Trapezius (R),R_TR,10,300.23828435316705,308.23828435316705,332.59809372574034,,,none,30.0,40,2,monophasic
Modulated_autosave_20260715_170032_049ms,Trapezius (R),R_TR,1,0.7942811762902124,8.794281176290212,32.359809372573324,,,none,30.0,45,2,monophasic
Modulated_autosave_20260715_170032_049ms,Trapezius (R),R_TR,2,33.359809372573324,41.359809372573324,65.71961874514665,,,none,30.0,45,2,monophasic
Modulated_autosave_20260715_170032_049ms,Trapezius (R),R_TR,3,66.71961874514665,74.71961874514665,99.07942811771997,,,none,30.0,45,2,monophasic
Modulated_autosave_20260715_170032_049ms,Trapezius (R),R_TR,4,100.07942811771997,108.07942811771997,132.43923749029685,,,none,30.0,45,2,monophasic
Modulated_autosave_20260715_170032_049ms,Trapezius (R),R_TR,5,133.43923749029685,141.43923749029685,165.79904686287017,,,none,30.0,45,2,monophasic
Modulated_autosave_20260715_170032_049ms,Trapezius (R),R_TR,6,166.79904686287017,174.79904686287017,199.1588562354435,,,none,30.0,45,2,monophasic
Modulated_autosave_20260715_170032_049ms,Trapezius (R),R_TR,7,200.1588562354435,208.1588562354435,232.51866560801682,,,none,30.0,45,2,monophasic
Modulated_autosave_20260715_170032_049ms,Trapezius (R),R_TR,8,233.51866560801682,241.51866560801682,265.8784749805937,,,none,30.0,45,2,monophasic
Modulated_autosave_20260715_170032_049ms,Trapezius (R),R_TR,9,266.8784749805937,274.8784749805937,299.23828435316705,,,none,30.0,45,2,monophasic
Modulated_autosave_20260715_170032_049ms,Trapezius (R),R_TR,10,300.23828435316705,308.23828435316705,332.59809372574034,,,none,30.0,45,2,monophasic
Modulated_autosave_20260715_170032_049ms,Trapezius (R),R_TR,1,0.7942811762902124,8.794281176290212,32.359809372573324,,,none,30.0,50,2,monophasic
Modulated_autosave_20260715_170032_049ms,Trapezius (R),R_TR,2,33.359809372573324,41.359809372573324,65.71961874514665,,,none,30.0,50,2,monophasic
Modulated_autosave_20260715_170032_049ms,Trapezius (R),R_TR,3,66.71961874514665,74.71961874514665,99.07942811771997,,,none,30.0,50,2,monophasic
Modulated_autosave_20260715_170032_049ms,Trapezius (R),R_TR,4,100.07942811771997,108.07942811771997,132.43923749029685,,,none,30.0,50,2,monophasic
Modulated_autosave_20260715_170032_049ms,Trapezius (R),R_TR,5,133.43923749029685,141.43923749029685,165.79904686287017,,,none,30.0,50,2,monophasic
Modulated_autosave_20260715_170032_049ms,Trapezius (R),R_TR,6,166.79904686287017,174.79904686287017,199.1588562354435,,,none,30.0,50,2,monophasic
Modulated_autosave_20260715_170032_049ms,Trapezius (R),R_TR,7,200.1588562354435,208.1588562354435,232.51866560801682,,,none,30.0,50,2,monophasic
Modulated_autosave_20260715_170032_049ms,Trapezius (R),R_TR,8,233.51866560801682,241.51866560801682,265.8784749805937,,,none,30.0,50,2,monophasic
Modulated_autosave_20260715_170032_049ms,Trapezius (R),R_TR,9,266.8784749805937,274.8784749805937,299.23828435316705,,,none,30.0,50,2,monophasic
Modulated_autosave_20260715_170032_049ms,Trapezius (R),R_TR,10,300.23828435316705,308.23828435316705,332.59809372574034,,,none,30.0,50,2,monophasic
Modulated_autosave_20260715_170032_049ms,Trapezius (R),R_TR,1,0.7942811762902124,8.794281176290212,32.359809372573324,,,none,30.0,55,2,monophasic
Modulated_autosave_20260715_170032_049ms,Trapezius (R),R_TR,2,33.359809372573324,41.359809372573324,65.71961874514665,,,none,30.0,55,2,monophasic
Modulated_autosave_20260715_170032_049ms,Trapezius (R),R_TR,3,66.71961874514665,74.71961874514665,99.07942811771997,,,none,30.0,55,2,monophasic
Modulated_autosave_20260715_170032_049ms,Trapezius (R),R_TR,4,100.07942811771997,108.07942811771997,132.43923749029685,,,none,30.0,55,2,monophasic
Modulated_autosave_20260715_170032_049ms,Trapezius (R),R_TR,5,133.43923749029685,141.43923749029685,165.79904686287017,,,none,30.0,55,2,monophasic
Modulated_autosave_20260715_170032_049ms,Trapezius (R),R_TR,6,166.79904686287017,174.79904686287017,199.1588562354435,,,none,30.0,55,2,monophasic
Modulated_autosave_20260715_170032_049ms,Trapezius (R),R_TR,7,200.1588562354435,208.1588562354435,232.51866560801682,,,none,30.0,55,2,monophasic
Modulated_autosave_20260715_170032_049ms,Trapezius (R),R_TR,8,233.51866560801682,241.51866560801682,265.8784749805937,,,none,30.0,55,2,monophasic
Modulated_autosave_20260715_170032_049ms,Trapezius (R),R_TR,9,266.8784749805937,274.8784749805937,299.23828435316705,,,none,30.0,55,2,monophasic
Modulated_autosave_20260715_170032_049ms,Trapezius (R),R_TR,10,300.23828435316705,308.23828435316705,332.59809372574034,,,none,30.0,55,2,monophasic
Modulated_autosave_20260715_170032_049ms,Trapezius (R),R_TR,1,0.7942811762902124,8.794281176290212,32.359809372573324,,,none,30.0,60,2,monophasic
Modulated_autosave_20260715_170032_049ms,Trapezius (R),R_TR,2,33.359809372573324,41.359809372573324,65.71961874514665,,,none,30.0,60,2,monophasic
Modulated_autosave_20260715_170032_049ms,Trapezius (R),R_TR,3,66.71961874514665,74.71961874514665,99.07942811771997,,,none,30.0,60,2,monophasic
Modulated_autosave_20260715_170032_049ms,Trapezius (R),R_TR,4,100.07942811771997,108.07942811771997,132.43923749029685,,,none,30.0,60,2,monophasic
Modulated_autosave_20260715_170032_049ms,Trapezius (R),R_TR,5,133.43923749029685,141.43923749029685,165.79904686287017,,,none,30.0,60,2,monophasic
Modulated_autosave_20260715_170032_049ms,Trapezius (R),R_TR,6,166.79904686287017,174.79904686287017,199.1588562354435,,,none,30.0,60,2,monophasic
Modulated_autosave_20260715_170032_049ms,Trapezius (R),R_TR,7,200.1588562354435,208.1588562354435,232.51866560801682,,,none,30.0,60,2,monophasic
Modulated_autosave_20260715_170032_049ms,Trapezius (R),R_TR,8,233.51866560801682,241.51866560801682,265.8784749805937,,,none,30.0,60,2,monophasic
Modulated_autosave_20260715_170032_049ms,Trapezius (R),R_TR,9,266.8784749805937,274.8784749805937,299.23828435316705,,,none,30.0,60,2,monophasic
Modulated_autosave_20260715_170032_049ms,Trapezius (R),R_TR,10,300.23828435316705,308.23828435316705,332.59809372574034,,,none,30.0,60,2,monophasic
Modulated_autosave_20260715_170032_049ms,Trapezius (R),R_TR,1,0.7942811762902124,8.794281176290212,32.359809372573324,,,none,30.0,65,2,monophasic
Modulated_autosave_20260715_170032_049ms,Trapezius (R),R_TR,2,33.359809372573324,41.359809372573324,65.71961874514665,,,none,30.0,65,2,monophasic
Modulated_autosave_20260715_170032_049ms,Trapezius (R),R_TR,3,66.71961874514665,74.71961874514665,99.07942811771997,,,none,30.0,65,2,monophasic
Modulated_autosave_20260715_170032_049ms,Trapezius (R),R_TR,4,100.07942811771997,108.07942811771997,132.43923749029685,,,none,30.0,65,2,monophasic
Modulated_autosave_20260715_170032_049ms,Trapezius (R),R_TR,5,133.43923749029685,141.43923749029685,165.79904686287017,,,none,30.0,65,2,monophasic
Modulated_autosave_20260715_170032_049ms,Trapezius (R),R_TR,6,166.79904686287017,174.79904686287017,199.1588562354435,,,none,30.0,65,2,monophasic
Modulated_autosave_20260715_170032_049ms,Trapezius (R),R_TR,7,200.1588562354435,208.1588562354435,232.51866560801682,,,none,30.0,65,2,monophasic
Modulated_autosave_20260715_170032_049ms,Trapezius (R),R_TR,8,233.51866560801682,241.51866560801682,265.8784749805937,,,none,30.0,65,2,monophasic
Modulated_autosave_20260715_170032_049ms,Trapezius (R),R_TR,9,266.8784749805937,274.8784749805937,299.23828435316705,,,none,30.0,65,2,monophasic
Modulated_autosave_20260715_170032_049ms,Trapezius (R),R_TR,10,300.23828435316705,308.23828435316705,332.59809372574034,,,none,30.0,65,2,monophasic
Modulated_autosave_20260715_170032_049ms,Trapezius (R),R_TR,1,0.7942811762902124,8.794281176290212,32.359809372573324,,,none,30.0,70,2,monophasic
Modulated_autosave_20260715_170032_049ms,Trapezius (R),R_TR,2,33.359809372573324,41.359809372573324,65.71961874514665,,,none,30.0,70,2,monophasic
Modulated_autosave_20260715_170032_049ms,Trapezius (R),R_TR,3,66.71961874514665,74.71961874514665,99.07942811771997,,,none,30.0,70,2,monophasic
Modulated_autosave_20260715_170032_049ms,Trapezius (R),R_TR,4,100.07942811771997,108.07942811771997,132.43923749029685,,,none,30.0,70,2,monophasic
Modulated_autosave_20260715_170032_049ms,Trapezius (R),R_TR,5,133.43923749029685,141.43923749029685,165.79904686287017,,,none,30.0,70,2,monophasic
Modulated_autosave_20260715_170032_049ms,Trapezius (R),R_TR,6,166.79904686287017,174.79904686287017,199.1588562354435,,,none,30.0,70,2,monophasic
Modulated_autosave_20260715_170032_049ms,Trapezius (R),R_TR,7,200.1588562354435,208.1588562354435,232.51866560801682,,,none,30.0,70,2,monophasic
Modulated_autosave_20260715_170032_049ms,Trapezius (R),R_TR,8,233.51866560801682,241.51866560801682,265.8784749805937,,,none,30.0,70,2,monophasic
Modulated_autosave_20260715_170032_049ms,Trapezius (R),R_TR,9,266.8784749805937,274.8784749805937,299.23828435316705,,,none,30.0,70,2,monophasic
Modulated_autosave_20260715_170032_049ms,Trapezius (R),R_TR,10,300.23828435316705,308.23828435316705,332.59809372574034,,,none,30.0,70,2,monophasic
Modulated_autosave_20260715_170032_049ms,Trapezius (R),R_TR,1,0.7942811762902124,8.794281176290212,32.359809372573324,,,none,30.0,75,2,monophasic
Modulated_autosave_20260715_170032_049ms,Trapezius (R),R_TR,2,33.359809372573324,41.359809372573324,65.71961874514665,,,none,30.0,75,2,monophasic
Modulated_autosave_20260715_170032_049ms,Trapezius (R),R_TR,3,66.71961874514665,74.71961874514665,99.07942811771997,,,none,30.0,75,2,monophasic
Modulated_autosave_20260715_170032_049ms,Trapezius (R),R_TR,4,100.07942811771997,108.07942811771997,132.43923749029685,,,none,30.0,75,2,monophasic
Modulated_autosave_20260715_170032_049ms,Trapezius (R),R_TR,5,133.43923749029685,141.43923749029685,165.79904686287017,,,none,30.0,75,2,monophasic
Modulated_autosave_20260715_170032_049ms,Trapezius (R),R_TR,6,166.79904686287017,174.79904686287017,199.1588562354435,,,none,30.0,75,2,monophasic
Modulated_autosave_20260715_170032_049ms,Trapezius (R),R_TR,7,200.1588562354435,208.1588562354435,232.51866560801682,,,none,30.0,75,2,monophasic
Modulated_autosave_20260715_170032_049ms,Trapezius (R),R_TR,8,233.51866560801682,241.51866560801682,265.8784749805937,,,none,30.0,75,2,monophasic
Modulated_autosave_20260715_170032_049ms,Trapezius (R),R_TR,9,266.8784749805937,274.8784749805937,299.23828435316705,,,none,30.0,75,2,monophasic
Modulated_autosave_20260715_170032_049ms,Trapezius (R),R_TR,10,300.23828435316705,308.23828435316705,332.59809372574034,,,none,30.0,75,2,monophasic
Modulated_autosave_20260715_170032_049ms,Trapezius (R),R_TR,1,0.7942811762902124,8.794281176290212,32.359809372573324,,,none,30.0,80,2,monophasic
Modulated_autosave_20260715_170032_049ms,Trapezius (R),R_TR,2,33.359809372573324,41.359809372573324,65.71961874514665,,,none,30.0,80,2,monophasic
Modulated_autosave_20260715_170032_049ms,Trapezius (R),R_TR,3,66.71961874514665,74.71961874514665,99.07942811771997,,,none,30.0,80,2,monophasic
Modulated_autosave_20260715_170032_049ms,Trapezius (R),R_TR,4,100.07942811771997,108.07942811771997,132.43923749029685,,,none,30.0,80,2,monophasic
Modulated_autosave_20260715_170032_049ms,Trapezius (R),R_TR,5,133.43923749029685,141.43923749029685,165.79904686287017,,,none,30.0,80,2,monophasic
Modulated_autosave_20260715_170032_049ms,Trapezius (R),R_TR,6,166.79904686287017,174.79904686287017,199.1588562354435,,,none,30.0,80,2,monophasic
Modulated_autosave_20260715_170032_049ms,Trapezius (R),R_TR,7,200.1588562354435,208.1588562354435,232.51866560801682,,,none,30.0,80,2,monophasic
Modulated_autosave_20260715_170032_049ms,Trapezius (R),R_TR,8,233.51866560801682,241.51866560801682,265.8784749805937,,,none,30.0,80,2,monophasic
Modulated_autosave_20260715_170032_049ms,Trapezius (R),R_TR,9,266.8784749805937,274.8784749805937,299.23828435316705,,,none,30.0,80,2,monophasic
Modulated_autosave_20260715_170032_049ms,Trapezius (R),R_TR,10,300.23828435316705,308.23828435316705,332.59809372574034,,,none,30.0,80,2,monophasic
Modulated_autosave_20260715_170032_049ms,Trapezius (R),R_TR,1,0.7942811762902124,8.794281176290212,32.359809372573324,,,none,30.0,85,2,monophasic
Modulated_autosave_20260715_170032_049ms,Trapezius (R),R_TR,2,33.359809372573324,41.359809372573324,65.71961874514665,,,none,30.0,85,2,monophasic
Modulated_autosave_20260715_170032_049ms,Trapezius (R),R_TR,3,66.71961874514665,74.71961874514665,99.07942811771997,,,none,30.0,85,2,monophasic
Modulated_autosave_20260715_170032_049ms,Trapezius (R),R_TR,4,100.07942811771997,108.07942811771997,132.43923749029685,,,none,30.0,85,2,monophasic
Modulated_autosave_20260715_170032_049ms,Trapezius (R),R_TR,5,133.43923749029685,141.43923749029685,165.79904686287017,,,none,30.0,85,2,monophasic
Modulated_autosave_20260715_170032_049ms,Trapezius (R),R_TR,6,166.79904686287017,174.79904686287017,199.1588562354435,,,none,30.0,85,2,monophasic
Modulated_autosave_20260715_170032_049ms,Trapezius (R),R_TR,7,200.1588562354435,208.1588562354435,232.51866560801682,,,none,30.0,85,2,monophasic
Modulated_autosave_20260715_170032_049ms,Trapezius (R),R_TR,8,233.51866560801682,241.51866560801682,265.8784749805937,,,none,30.0,85,2,monophasic
Modulated_autosave_20260715_170032_049ms,Trapezius (R),R_TR,9,266.8784749805937,274.8784749805937,299.23828435316705,,,none,30.0,85,2,monophasic
Modulated_autosave_20260715_170032_049ms,Trapezius (R),R_TR,10,300.23828435316705,308.23828435316705,332.59809372574034,,,none,30.0,85,2,monophasic
Modulated_autosave_20260715_170032_049ms,Trapezius (R),R_TR,1,0.7942811762902124,8.794281176290212,32.359809372573324,,,none,30.0,90,2,monophasic
Modulated_autosave_20260715_170032_049ms,Trapezius (R),R_TR,2,33.359809372573324,41.359809372573324,65.71961874514665,,,none,30.0,90,2,monophasic
Modulated_autosave_20260715_170032_049ms,Trapezius (R),R_TR,3,66.71961874514665,74.71961874514665,99.07942811771997,,,none,30.0,90,2,monophasic
Modulated_autosave_20260715_170032_049ms,Trapezius (R),R_TR,4,100.07942811771997,108.07942811771997,132.43923749029685,,,none,30.0,90,2,monophasic
Modulated_autosave_20260715_170032_049ms,Trapezius (R),R_TR,5,133.43923749029685,141.43923749029685,165.79904686287017,,,none,30.0,90,2,monophasic
Modulated_autosave_20260715_170032_049ms,Trapezius (R),R_TR,6,166.79904686287017,174.79904686287017,199.1588562354435,,,none,30.0,90,2,monophasic
Modulated_autosave_20260715_170032_049ms,Trapezius (R),R_TR,7,200.1588562354435,208.1588562354435,232.51866560801682,,,none,30.0,90,2,monophasic
Modulated_autosave_20260715_170032_049ms,Trapezius (R),R_TR,8,233.51866560801682,241.51866560801682,265.8784749805937,,,none,30.0,90,2,monophasic
Modulated_autosave_20260715_170032_049ms,Trapezius (R),R_TR,9,266.8784749805937,274.8784749805937,299.23828435316705,,,none,30.0,90,2,monophasic
Modulated_autosave_20260715_170032_049ms,Trapezius (R),R_TR,10,300.23828435316705,308.23828435316705,332.59809372574034,,,none,30.0,90,2,monophasic
Modulated_autosave_20260715_170032_049ms,Trapezius (R),R_TR,1,0.7942811762902124,8.794281176290212,32.359809372573324,,,none,30.0,95,2,monophasic
Modulated_autosave_20260715_170032_049ms,Trapezius (R),R_TR,2,33.359809372573324,41.359809372573324,65.71961874514665,,,none,30.0,95,2,monophasic
Modulated_autosave_20260715_170032_049ms,Trapezius (R),R_TR,3,66.71961874514665,74.71961874514665,99.07942811771997,,,none,30.0,95,2,monophasic
Modulated_autosave_20260715_170032_049ms,Trapezius (R),R_TR,4,100.07942811771997,108.07942811771997,132.43923749029685,,,none,30.0,95,2,monophasic
Modulated_autosave_20260715_170032_049ms,Trapezius (R),R_TR,5,133.43923749029685,141.43923749029685,165.79904686287017,,,none,30.0,95,2,monophasic
Modulated_autosave_20260715_170032_049ms,Trapezius (R),R_TR,6,166.79904686287017,174.79904686287017,199.1588562354435,,,none,30.0,95,2,monophasic
Modulated_autosave_20260715_170032_049ms,Trapezius (R),R_TR,7,200.1588562354435,208.1588562354435,232.51866560801682,,,none,30.0,95,2,monophasic
Modulated_autosave_20260715_170032_049ms,Trapezius (R),R_TR,8,233.51866560801682,241.51866560801682,265.8784749805937,,,none,30.0,95,2,monophasic
Modulated_autosave_20260715_170032_049ms,Trapezius (R),R_TR,9,266.8784749805937,274.8784749805937,299.23828435316705,,,none,30.0,95,2,monophasic
Modulated_autosave_20260715_170032_049ms,Trapezius (R),R_TR,10,300.23828435316705,308.23828435316705,332.59809372574034,,,none,30.0,95,2,monophasic
Modulated_autosave_20260715_170032_049ms,Trapezius (R),R_TR,1,0.7942811762902124,8.794281176290212,32.359809372573324,,,none,30.0,100,2,monophasic
Modulated_autosave_20260715_170032_049ms,Trapezius (R),R_TR,2,33.359809372573324,41.359809372573324,65.71961874514665,,,none,30.0,100,2,monophasic
Modulated_autosave_20260715_170032_049ms,Trapezius (R),R_TR,3,66.71961874514665,74.71961874514665,99.07942811771997,,,none,30.0,100,2,monophasic
Modulated_autosave_20260715_170032_049ms,Trapezius (R),R_TR,4,100.07942811771997,108.07942811771997,132.43923749029685,,,none,30.0,100,2,monophasic
Modulated_autosave_20260715_170032_049ms,Trapezius (R),R_TR,5,133.43923749029685,141.43923749029685,165.79904686287017,,,none,30.0,100,2,monophasic
Modulated_autosave_20260715_170032_049ms,Trapezius (R),R_TR,6,166.79904686287017,174.79904686287017,199.1588562354435,,,none,30.0,100,2,monophasic
Modulated_autosave_20260715_170032_049ms,Trapezius (R),R_TR,7,200.1588562354435,208.1588562354435,232.51866560801682,,,none,30.0,100,2,monophasic
Modulated_autosave_20260715_170032_049ms,Trapezius (R),R_TR,8,233.51866560801682,241.51866560801682,265.8784749805937,,,none,30.0,100,2,monophasic
Modulated_autosave_20260715_170032_049ms,Trapezius (R),R_TR,9,266.8784749805937,274.8784749805937,299.23828435316705,,,none,30.0,100,2,monophasic
Modulated_autosave_20260715_170032_049ms,Trapezius (R),R_TR,10,300.23828435316705,308.23828435316705,332.59809372574034,,,none,30.0,100,2,monophasic
Modulated_autosave_20260715_170032_049ms,Trapezius (R),R_TR,1,0.7942811762902124,8.794281176290212,32.359809372573324,,,none,30.0,105,2,monophasic
Modulated_autosave_20260715_170032_049ms,Trapezius (R),R_TR,2,33.359809372573324,41.359809372573324,65.71961874514665,,,none,30.0,105,2,monophasic
Modulated_autosave_20260715_170032_049ms,Trapezius (R),R_TR,3,66.71961874514665,74.71961874514665,99.07942811771997,,,none,30.0,105,2,monophasic
Modulated_autosave_20260715_170032_049ms,Trapezius (R),R_TR,4,100.07942811771997,108.07942811771997,132.43923749029685,,,none,30.0,105,2,monophasic
Modulated_autosave_20260715_170032_049ms,Trapezius (R),R_TR,5,133.43923749029685,141.43923749029685,165.79904686287017,,,none,30.0,105,2,monophasic
Modulated_autosave_20260715_170032_049ms,Trapezius (R),R_TR,6,166.79904686287017,174.79904686287017,199.1588562354435,,,none,30.0,105,2,monophasic
Modulated_autosave_20260715_170032_049ms,Trapezius (R),R_TR,7,200.1588562354435,208.1588562354435,232.51866560801682,,,none,30.0,105,2,monophasic
Modulated_autosave_20260715_170032_049ms,Trapezius (R),R_TR,8,233.51866560801682,241.51866560801682,265.8784749805937,,,none,30.0,105,2,monophasic
Modulated_autosave_20260715_170032_049ms,Trapezius (R),R_TR,9,266.8784749805937,274.8784749805937,299.23828435316705,,,none,30.0,105,2,monophasic
Modulated_autosave_20260715_170032_049ms,Trapezius (R),R_TR,10,300.23828435316705,308.23828435316705,332.59809372574034,,,none,30.0,105,2,monophasic
Modulated_autosave_20260715_170032_049ms,Trapezius (R),R_TR,1,0.7942811762902124,8.794281176290212,32.359809372573324,,,none,30.0,110,2,monophasic
Modulated_autosave_20260715_170032_049ms,Trapezius (R),R_TR,2,33.359809372573324,41.359809372573324,65.71961874514665,,,none,30.0,110,2,monophasic
Modulated_autosave_20260715_170032_049ms,Trapezius (R),R_TR,3,66.71961874514665,74.71961874514665,99.07942811771997,,,none,30.0,110,2,monophasic
Modulated_autosave_20260715_170032_049ms,Trapezius (R),R_TR,4,100.07942811771997,108.07942811771997,132.43923749029685,,,none,30.0,110,2,monophasic
Modulated_autosave_20260715_170032_049ms,Trapezius (R),R_TR,5,133.43923749029685,141.43923749029685,165.79904686287017,,,none,30.0,110,2,monophasic
Modulated_autosave_20260715_170032_049ms,Trapezius (R),R_TR,6,166.79904686287017,174.79904686287017,199.1588562354435,,,none,30.0,110,2,monophasic
Modulated_autosave_20260715_170032_049ms,Trapezius (R),R_TR,7,200.1588562354435,208.1588562354435,232.51866560801682,,,none,30.0,110,2,monophasic
Modulated_autosave_20260715_170032_049ms,Trapezius (R),R_TR,8,233.51866560801682,241.51866560801682,265.8784749805937,,,none,30.0,110,2,monophasic
Modulated_autosave_20260715_170032_049ms,Trapezius (R),R_TR,9,266.8784749805937,274.8784749805937,299.23828435316705,,,none,30.0,110,2,monophasic
Modulated_autosave_20260715_170032_049ms,Trapezius (R),R_TR,10,300.23828435316705,308.23828435316705,332.59809372574034,,,none,30.0,110,2,monophasic
Modulated_autosave_20260715_170032_049ms,Trapezius (R),R_TR,1,0.7942811762902124,8.794281176290212,32.359809372573324,,,none,30.0,115,2,monophasic
Modulated_autosave_20260715_170032_049ms,Trapezius (R),R_TR,2,33.359809372573324,41.359809372573324,65.71961874514665,,,none,30.0,115,2,monophasic
Modulated_autosave_20260715_170032_049ms,Trapezius (R),R_TR,3,66.71961874514665,74.71961874514665,99.07942811771997,,,none,30.0,115,2,monophasic
Modulated_autosave_20260715_170032_049ms,Trapezius (R),R_TR,4,100.07942811771997,108.07942811771997,132.43923749029685,,,none,30.0,115,2,monophasic
Modulated_autosave_20260715_170032_049ms,Trapezius (R),R_TR,5,133.43923749029685,141.43923749029685,165.79904686287017,,,none,30.0,115,2,monophasic
Modulated_autosave_20260715_170032_049ms,Trapezius (R),R_TR,6,166.79904686287017,174.79904686287017,199.1588562354435,,,none,30.0,115,2,monophasic
Modulated_autosave_20260715_170032_049ms,Trapezius (R),R_TR,7,200.1588562354435,208.1588562354435,232.51866560801682,,,none,30.0,115,2,monophasic
Modulated_autosave_20260715_170032_049ms,Trapezius (R),R_TR,8,233.51866560801682,241.51866560801682,265.8784749805937,,,none,30.0,115,2,monophasic
Modulated_autosave_20260715_170032_049ms,Trapezius (R),R_TR,9,266.8784749805937,274.8784749805937,299.23828435316705,,,none,30.0,115,2,monophasic
Modulated_autosave_20260715_170032_049ms,Trapezius (R),R_TR,10,300.23828435316705,308.23828435316705,332.59809372574034,,,none,30.0,115,2,monophasic
Modulated_autosave_20260715_170032_049ms,Trapezius (R),R_TR,1,0.7942811762902124,8.794281176290212,32.359809372573324,,,none,30.0,120,2,monophasic
Modulated_autosave_20260715_170032_049ms,Trapezius (R),R_TR,2,33.359809372573324,41.359809372573324,65.71961874514665,,,none,30.0,120,2,monophasic
Modulated_autosave_20260715_170032_049ms,Trapezius (R),R_TR,3,66.71961874514665,74.71961874514665,99.07942811771997,,,none,30.0,120,2,monophasic
Modulated_autosave_20260715_170032_049ms,Trapezius (R),R_TR,4,100.07942811771997,108.07942811771997,132.43923749029685,,,none,30.0,120,2,monophasic
Modulated_autosave_20260715_170032_049ms,Trapezius (R),R_TR,5,133.43923749029685,141.43923749029685,165.79904686287017,,,none,30.0,120,2,monophasic
Modulated_autosave_20260715_170032_049ms,Trapezius (R),R_TR,6,166.79904686287017,174.79904686287017,199.1588562354435,,,none,30.0,120,2,monophasic
Modulated_autosave_20260715_170032_049ms,Trapezius (R),R_TR,7,200.1588562354435,208.1588562354435,232.51866560801682,,,none,30.0,120,2,monophasic
Modulated_autosave_20260715_170032_049ms,Trapezius (R),R_TR,8,233.51866560801682,241.51866560801682,265.8784749805937,,,none,30.0,120,2,monophasic
Modulated_autosave_20260715_170032_049ms,Trapezius (R),R_TR,9,266.8784749805937,274.8784749805937,299.23828435316705,,,none,30.0,120,2,monophasic
Modulated_autosave_20260715_170032_049ms,Trapezius (R),R_TR,10,300.23828435316705,308.23828435316705,332.59809372574034,,,none,30.0,120,2,monophasic
Modulated_autosave_20260715_170032_049ms,Trapezius (R),R_TR,1,0.7942811762902124,8.794281176290212,32.359809372573324,,,none,30.0,125,2,monophasic
Modulated_autosave_20260715_170032_049ms,Trapezius (R),R_TR,2,33.359809372573324,41.359809372573324,65.71961874514665,,,none,30.0,125,2,monophasic
Modulated_autosave_20260715_170032_049ms,Trapezius (R),R_TR,3,66.71961874514665,74.71961874514665,99.07942811771997,,,none,30.0,125,2,monophasic
Modulated_autosave_20260715_170032_049ms,Trapezius (R),R_TR,4,100.07942811771997,108.07942811771997,132.43923749029685,,,none,30.0,125,2,monophasic
Modulated_autosave_20260715_170032_049ms,Trapezius (R),R_TR,5,133.43923749029685,141.43923749029685,165.79904686287017,,,none,30.0,125,2,monophasic
Modulated_autosave_20260715_170032_049ms,Trapezius (R),R_TR,6,166.79904686287017,174.79904686287017,199.1588562354435,,,none,30.0,125,2,monophasic
Modulated_autosave_20260715_170032_049ms,Trapezius (R),R_TR,7,200.1588562354435,208.1588562354435,232.51866560801682,,,none,30.0,125,2,monophasic
Modulated_autosave_20260715_170032_049ms,Trapezius (R),R_TR,8,233.51866560801682,241.51866560801682,265.8784749805937,,,none,30.0,125,2,monophasic
Modulated_autosave_20260715_170032_049ms,Trapezius (R),R_TR,9,266.8784749805937,274.8784749805937,299.23828435316705,,,none,30.0,125,2,monophasic
Modulated_autosave_20260715_170032_049ms,Trapezius (R),R_TR,10,300.23828435316705,308.23828435316705,332.59809372574034,,,none,30.0,125,2,monophasic
Modulated_autosave_20260715_170032_049ms,Thenar (R),R_The_ED_FD_FCR A,1,0.7942811762902124,8.794281176290212,32.359809372573324,,,none,30.0,30,2,monophasic
Modulated_autosave_20260715_170032_049ms,Thenar (R),R_The_ED_FD_FCR A,2,33.359809372573324,41.359809372573324,65.71961874514665,,,none,30.0,30,2,monophasic
Modulated_autosave_20260715_170032_049ms,Thenar (R),R_The_ED_FD_FCR A,3,66.71961874514665,74.71961874514665,99.07942811771997,,,none,30.0,30,2,monophasic
Modulated_autosave_20260715_170032_049ms,Thenar (R),R_The_ED_FD_FCR A,4,100.07942811771997,108.07942811771997,132.43923749029685,,,none,30.0,30,2,monophasic
Modulated_autosave_20260715_170032_049ms,Thenar (R),R_The_ED_FD_FCR A,5,133.43923749029685,141.43923749029685,165.79904686287017,,,none,30.0,30,2,monophasic
Modulated_autosave_20260715_170032_049ms,Thenar (R),R_The_ED_FD_FCR A,6,166.79904686287017,174.79904686287017,199.1588562354435,,,none,30.0,30,2,monophasic
Modulated_autosave_20260715_170032_049ms,Thenar (R),R_The_ED_FD_FCR A,7,200.1588562354435,208.1588562354435,232.51866560801682,,,none,30.0,30,2,monophasic
Modulated_autosave_20260715_170032_049ms,Thenar (R),R_The_ED_FD_FCR A,8,233.51866560801682,241.51866560801682,265.8784749805937,,,none,30.0,30,2,monophasic
Modulated_autosave_20260715_170032_049ms,Thenar (R),R_The_ED_FD_FCR A,9,266.8784749805937,274.8784749805937,299.23828435316705,,,none,30.0,30,2,monophasic
Modulated_autosave_20260715_170032_049ms,Thenar (R),R_The_ED_FD_FCR A,10,300.23828435316705,308.23828435316705,332.59809372574034,,,none,30.0,30,2,monophasic
Modulated_autosave_20260715_170032_049ms,Thenar (R),R_The_ED_FD_FCR A,1,0.7942811762902124,8.794281176290212,32.359809372573324,,,none,30.0,35,2,monophasic
Modulated_autosave_20260715_170032_049ms,Thenar (R),R_The_ED_FD_FCR A,2,33.359809372573324,41.359809372573324,65.71961874514665,,,none,30.0,35,2,monophasic
Modulated_autosave_20260715_170032_049ms,Thenar (R),R_The_ED_FD_FCR A,3,66.71961874514665,74.71961874514665,99.07942811771997,,,none,30.0,35,2,monophasic
Modulated_autosave_20260715_170032_049ms,Thenar (R),R_The_ED_FD_FCR A,4,100.07942811771997,108.07942811771997,132.43923749029685,,,none,30.0,35,2,monophasic
Modulated_autosave_20260715_170032_049ms,Thenar (R),R_The_ED_FD_FCR A,5,133.43923749029685,141.43923749029685,165.79904686287017,,,none,30.0,35,2,monophasic
Modulated_autosave_20260715_170032_049ms,Thenar (R),R_The_ED_FD_FCR A,6,166.79904686287017,174.79904686287017,199.1588562354435,,,none,30.0,35,2,monophasic
Modulated_autosave_20260715_170032_049ms,Thenar (R),R_The_ED_FD_FCR A,7,200.1588562354435,208.1588562354435,232.51866560801682,,,none,30.0,35,2,monophasic
Modulated_autosave_20260715_170032_049ms,Thenar (R),R_The_ED_FD_FCR A,8,233.51866560801682,241.51866560801682,265.8784749805937,,,none,30.0,35,2,monophasic
Modulated_autosave_20260715_170032_049ms,Thenar (R),R_The_ED_FD_FCR A,9,266.8784749805937,274.8784749805937,299.23828435316705,,,none,30.0,35,2,monophasic
Modulated_autosave_20260715_170032_049ms,Thenar (R),R_The_ED_FD_FCR A,10,300.23828435316705,308.23828435316705,332.59809372574034,,,none,30.0,35,2,monophasic
Modulated_autosave_20260715_170032_049ms,Thenar (R),R_The_ED_FD_FCR A,1,0.7942811762902124,8.794281176290212,32.359809372573324,,,none,30.0,40,2,monophasic
Modulated_autosave_20260715_170032_049ms,Thenar (R),R_The_ED_FD_FCR A,2,33.359809372573324,41.359809372573324,65.71961874514665,,,none,30.0,40,2,monophasic
Modulated_autosave_20260715_170032_049ms,Thenar (R),R_The_ED_FD_FCR A,3,66.71961874514665,74.71961874514665,99.07942811771997,,,none,30.0,40,2,monophasic
Modulated_autosave_20260715_170032_049ms,Thenar (R),R_The_ED_FD_FCR A,4,100.07942811771997,108.07942811771997,132.43923749029685,,,none,30.0,40,2,monophasic
Modulated_autosave_20260715_170032_049ms,Thenar (R),R_The_ED_FD_FCR A,5,133.43923749029685,141.43923749029685,165.79904686287017,,,none,30.0,40,2,monophasic
Modulated_autosave_20260715_170032_049ms,Thenar (R),R_The_ED_FD_FCR A,6,166.79904686287017,174.79904686287017,199.1588562354435,,,none,30.0,40,2,monophasic
Modulated_autosave_20260715_170032_049ms,Thenar (R),R_The_ED_FD_FCR A,7,200.1588562354435,208.1588562354435,232.51866560801682,,,none,30.0,40,2,monophasic
Modulated_autosave_20260715_170032_049ms,Thenar (R),R_The_ED_FD_FCR A,8,233.51866560801682,241.51866560801682,265.8784749805937,,,none,30.0,40,2,monophasic
Modulated_autosave_20260715_170032_049ms,Thenar (R),R_The_ED_FD_FCR A,9,266.8784749805937,274.8784749805937,299.23828435316705,,,none,30.0,40,2,monophasic
Modulated_autosave_20260715_170032_049ms,Thenar (R),R_The_ED_FD_FCR A,10,300.23828435316705,308.23828435316705,332.59809372574034,,,none,30.0,40,2,monophasic
Modulated_autosave_20260715_170032_049ms,Thenar (R),R_The_ED_FD_FCR A,1,0.7942811762902124,8.794281176290212,32.359809372573324,,,none,30.0,45,2,monophasic
Modulated_autosave_20260715_170032_049ms,Thenar (R),R_The_ED_FD_FCR A,2,33.359809372573324,41.359809372573324,65.71961874514665,,,none,30.0,45,2,monophasic
Modulated_autosave_20260715_170032_049ms,Thenar (R),R_The_ED_FD_FCR A,3,66.71961874514665,74.71961874514665,99.07942811771997,,,none,30.0,45,2,monophasic
Modulated_autosave_20260715_170032_049ms,Thenar (R),R_The_ED_FD_FCR A,4,100.07942811771997,108.07942811771997,132.43923749029685,,,none,30.0,45,2,monophasic
Modulated_autosave_20260715_170032_049ms,Thenar (R),R_The_ED_FD_FCR A,5,133.43923749029685,141.43923749029685,165.79904686287017,,,none,30.0,45,2,monophasic
Modulated_autosave_20260715_170032_049ms,Thenar (R),R_The_ED_FD_FCR A,6,166.79904686287017,174.79904686287017,199.1588562354435,,,none,30.0,45,2,monophasic
Modulated_autosave_20260715_170032_049ms,Thenar (R),R_The_ED_FD_FCR A,7,200.1588562354435,208.1588562354435,232.51866560801682,,,none,30.0,45,2,monophasic
Modulated_autosave_20260715_170032_049ms,Thenar (R),R_The_ED_FD_FCR A,8,233.51866560801682,241.51866560801682,265.8784749805937,,,none,30.0,45,2,monophasic
Modulated_autosave_20260715_170032_049ms,Thenar (R),R_The_ED_FD_FCR A,9,266.8784749805937,274.8784749805937,299.23828435316705,,,none,30.0,45,2,monophasic
Modulated_autosave_20260715_170032_049ms,Thenar (R),R_The_ED_FD_FCR A,10,300.23828435316705,308.23828435316705,332.59809372574034,,,none,30.0,45,2,monophasic
Modulated_autosave_20260715_170032_049ms,Thenar (R),R_The_ED_FD_FCR A,1,0.7942811762902124,8.794281176290212,32.359809372573324,,,none,30.0,50,2,monophasic
Modulated_autosave_20260715_170032_049ms,Thenar (R),R_The_ED_FD_FCR A,2,33.359809372573324,41.359809372573324,65.71961874514665,,,none,30.0,50,2,monophasic
Modulated_autosave_20260715_170032_049ms,Thenar (R),R_The_ED_FD_FCR A,3,66.71961874514665,74.71961874514665,99.07942811771997,,,none,30.0,50,2,monophasic
Modulated_autosave_20260715_170032_049ms,Thenar (R),R_The_ED_FD_FCR A,4,100.07942811771997,108.07942811771997,132.43923749029685,,,none,30.0,50,2,monophasic
Modulated_autosave_20260715_170032_049ms,Thenar (R),R_The_ED_FD_FCR A,5,133.43923749029685,141.43923749029685,165.79904686287017,,,none,30.0,50,2,monophasic
Modulated_autosave_20260715_170032_049ms,Thenar (R),R_The_ED_FD_FCR A,6,166.79904686287017,174.79904686287017,199.1588562354435,,,none,30.0,50,2,monophasic
Modulated_autosave_20260715_170032_049ms,Thenar (R),R_The_ED_FD_FCR A,7,200.1588562354435,208.1588562354435,232.51866560801682,,,none,30.0,50,2,monophasic
Modulated_autosave_20260715_170032_049ms,Thenar (R),R_The_ED_FD_FCR A,8,233.51866560801682,241.51866560801682,265.8784749805937,,,none,30.0,50,2,monophasic
Modulated_autosave_20260715_170032_049ms,Thenar (R),R_The_ED_FD_FCR A,9,266.8784749805937,274.8784749805937,299.23828435316705,,,none,30.0,50,2,monophasic
Modulated_autosave_20260715_170032_049ms,Thenar (R),R_The_ED_FD_FCR A,10,300.23828435316705,308.23828435316705,332.59809372574034,,,none,30.0,50,2,monophasic
Modulated_autosave_20260715_170032_049ms,Thenar (R),R_The_ED_FD_FCR A,1,0.7942811762902124,8.794281176290212,32.359809372573324,,,none,30.0,55,2,monophasic
Modulated_autosave_20260715_170032_049ms,Thenar (R),R_The_ED_FD_FCR A,2,33.359809372573324,41.359809372573324,65.71961874514665,,,none,30.0,55,2,monophasic
Modulated_autosave_20260715_170032_049ms,Thenar (R),R_The_ED_FD_FCR A,3,66.71961874514665,74.71961874514665,99.07942811771997,,,none,30.0,55,2,monophasic
Modulated_autosave_20260715_170032_049ms,Thenar (R),R_The_ED_FD_FCR A,4,100.07942811771997,108.07942811771997,132.43923749029685,,,none,30.0,55,2,monophasic
Modulated_autosave_20260715_170032_049ms,Thenar (R),R_The_ED_FD_FCR A,5,133.43923749029685,141.43923749029685,165.79904686287017,,,none,30.0,55,2,monophasic
Modulated_autosave_20260715_170032_049ms,Thenar (R),R_The_ED_FD_FCR A,6,166.79904686287017,174.79904686287017,199.1588562354435,,,none,30.0,55,2,monophasic
Modulated_autosave_20260715_170032_049ms,Thenar (R),R_The_ED_FD_FCR A,7,200.1588562354435,208.1588562354435,232.51866560801682,,,none,30.0,55,2,monophasic
Modulated_autosave_20260715_170032_049ms,Thenar (R),R_The_ED_FD_FCR A,8,233.51866560801682,241.51866560801682,265.8784749805937,,,none,30.0,55,2,monophasic
Modulated_autosave_20260715_170032_049ms,Thenar (R),R_The_ED_FD_FCR A,9,266.8784749805937,274.8784749805937,299.23828435316705,,,none,30.0,55,2,monophasic
Modulated_autosave_20260715_170032_049ms,Thenar (R),R_The_ED_FD_FCR A,10,300.23828435316705,308.23828435316705,332.59809372574034,,,none,30.0,55,2,monophasic
Modulated_autosave_20260715_170032_049ms,Thenar (R),R_The_ED_FD_FCR A,1,0.7942811762902124,8.794281176290212,32.359809372573324,0.022827497450634837,0.022827497450634837,none,30.0,60,2,monophasic
Modulated_autosave_20260715_170032_049ms,Thenar (R),R_The_ED_FD_FCR A,2,33.359809372573324,41.359809372573324,65.71961874514665,0.01477073272296775,0.01477073272296775,none,30.0,60,2,monophasic
Modulated_autosave_20260715_170032_049ms,Thenar (R),R_The_ED_FD_FCR A,3,66.71961874514665,74.71961874514665,99.07942811771997,0.004196230319952856,0.004196230319952856,none,30.0,60,2,monophasic
Modulated_autosave_20260715_170032_049ms,Thenar (R),R_The_ED_FD_FCR A,4,100.07942811771997,108.07942811771997,132.43923749029685,0.004867628216743469,0.004867628216743469,none,30.0,60,2,monophasic
Modulated_autosave_20260715_170032_049ms,Thenar (R),R_The_ED_FD_FCR A,5,133.43923749029685,141.43923749029685,165.79904686287017,0.01846341695085748,0.01846341695085748,none,30.0,60,2,monophasic
Modulated_autosave_20260715_170032_049ms,Thenar (R),R_The_ED_FD_FCR A,6,166.79904686287017,174.79904686287017,199.1588562354435,0.016449226066470146,0.016449226066470146,none,30.0,60,2,monophasic
Modulated_autosave_20260715_170032_049ms,Thenar (R),R_The_ED_FD_FCR A,7,200.1588562354435,208.1588562354435,232.51866560801682,0.007385366595691424,0.007385366595691424,none,30.0,60,2,monophasic
Modulated_autosave_20260715_170032_049ms,Thenar (R),R_The_ED_FD_FCR A,8,233.51866560801682,241.51866560801682,265.8784749805937,0.010070954446720914,0.010070954446720914,none,30.0,60,2,monophasic
Modulated_autosave_20260715_170032_049ms,Thenar (R),R_The_ED_FD_FCR A,9,266.8784749805937,274.8784749805937,299.23828435316705,0.007385367525243618,0.007385367525243618,none,30.0,60,2,monophasic
Modulated_autosave_20260715_170032_049ms,Thenar (R),R_The_ED_FD_FCR A,10,300.23828435316705,308.23828435316705,332.59809372574034,0.002182039432226099,0.002182039432226099,none,30.0,60,2,monophasic
Modulated_autosave_20260715_170032_049ms,Thenar (R),R_The_ED_FD_FCR A,1,0.7942811762902124,8.794281176290212,32.359809372573324,,,none,30.0,65,2,monophasic
Modulated_autosave_20260715_170032_049ms,Thenar (R),R_The_ED_FD_FCR A,2,33.359809372573324,41.359809372573324,65.71961874514665,,,none,30.0,65,2,monophasic
Modulated_autosave_20260715_170032_049ms,Thenar (R),R_The_ED_FD_FCR A,3,66.71961874514665,74.71961874514665,99.07942811771997,,,none,30.0,65,2,monophasic
Modulated_autosave_20260715_170032_049ms,Thenar (R),R_The_ED_FD_FCR A,4,100.07942811771997,108.07942811771997,132.43923749029685,,,none,30.0,65,2,monophasic
Modulated_autosave_20260715_170032_049ms,Thenar (R),R_The_ED_FD_FCR A,5,133.43923749029685,141.43923749029685,165.79904686287017,,,none,30.0,65,2,monophasic
Modulated_autosave_20260715_170032_049ms,Thenar (R),R_The_ED_FD_FCR A,6,166.79904686287017,174.79904686287017,199.1588562354435,,,none,30.0,65,2,monophasic
Modulated_autosave_20260715_170032_049ms,Thenar (R),R_The_ED_FD_FCR A,7,200.1588562354435,208.1588562354435,232.51866560801682,,,none,30.0,65,2,monophasic
Modulated_autosave_20260715_170032_049ms,Thenar (R),R_The_ED_FD_FCR A,8,233.51866560801682,241.51866560801682,265.8784749805937,,,none,30.0,65,2,monophasic
Modulated_autosave_20260715_170032_049ms,Thenar (R),R_The_ED_FD_FCR A,9,266.8784749805937,274.8784749805937,299.23828435316705,,,none,30.0,65,2,monophasic
Modulated_autosave_20260715_170032_049ms,Thenar (R),R_The_ED_FD_FCR A,10,300.23828435316705,308.23828435316705,332.59809372574034,,,none,30.0,65,2,monophasic
Modulated_autosave_20260715_170032_049ms,Thenar (R),R_The_ED_FD_FCR A,1,0.7942811762902124,8.794281176290212,32.359809372573324,,,none,30.0,70,2,monophasic
Modulated_autosave_20260715_170032_049ms,Thenar (R),R_The_ED_FD_FCR A,2,33.359809372573324,41.359809372573324,65.71961874514665,,,none,30.0,70,2,monophasic
Modulated_autosave_20260715_170032_049ms,Thenar (R),R_The_ED_FD_FCR A,3,66.71961874514665,74.71961874514665,99.07942811771997,,,none,30.0,70,2,monophasic
Modulated_autosave_20260715_170032_049ms,Thenar (R),R_The_ED_FD_FCR A,4,100.07942811771997,108.07942811771997,132.43923749029685,,,none,30.0,70,2,monophasic
Modulated_autosave_20260715_170032_049ms,Thenar (R),R_The_ED_FD_FCR A,5,133.43923749029685,141.43923749029685,165.79904686287017,,,none,30.0,70,2,monophasic
Modulated_autosave_20260715_170032_049ms,Thenar (R),R_The_ED_FD_FCR A,6,166.79904686287017,174.79904686287017,199.1588562354435,,,none,30.0,70,2,monophasic
Modulated_autosave_20260715_170032_049ms,Thenar (R),R_The_ED_FD_FCR A,7,200.1588562354435,208.1588562354435,232.51866560801682,,,none,30.0,70,2,monophasic
Modulated_autosave_20260715_170032_049ms,Thenar (R),R_The_ED_FD_FCR A,8,233.51866560801682,241.51866560801682,265.8784749805937,,,none,30.0,70,2,monophasic
Modulated_autosave_20260715_170032_049ms,Thenar (R),R_The_ED_FD_FCR A,9,266.8784749805937,274.8784749805937,299.23828435316705,,,none,30.0,70,2,monophasic
Modulated_autosave_20260715_170032_049ms,Thenar (R),R_The_ED_FD_FCR A,10,300.23828435316705,308.23828435316705,332.59809372574034,,,none,30.0,70,2,monophasic
Modulated_autosave_20260715_170032_049ms,Thenar (R),R_The_ED_FD_FCR A,1,0.7942811762902124,8.794281176290212,32.359809372573324,,,none,30.0,75,2,monophasic
Modulated_autosave_20260715_170032_049ms,Thenar (R),R_The_ED_FD_FCR A,2,33.359809372573324,41.359809372573324,65.71961874514665,,,none,30.0,75,2,monophasic
Modulated_autosave_20260715_170032_049ms,Thenar (R),R_The_ED_FD_FCR A,3,66.71961874514665,74.71961874514665,99.07942811771997,,,none,30.0,75,2,monophasic
Modulated_autosave_20260715_170032_049ms,Thenar (R),R_The_ED_FD_FCR A,4,100.07942811771997,108.07942811771997,132.43923749029685,,,none,30.0,75,2,monophasic
Modulated_autosave_20260715_170032_049ms,Thenar (R),R_The_ED_FD_FCR A,5,133.43923749029685,141.43923749029685,165.79904686287017,,,none,30.0,75,2,monophasic
Modulated_autosave_20260715_170032_049ms,Thenar (R),R_The_ED_FD_FCR A,6,166.79904686287017,174.79904686287017,199.1588562354435,,,none,30.0,75,2,monophasic
Modulated_autosave_20260715_170032_049ms,Thenar (R),R_The_ED_FD_FCR A,7,200.1588562354435,208.1588562354435,232.51866560801682,,,none,30.0,75,2,monophasic
Modulated_autosave_20260715_170032_049ms,Thenar (R),R_The_ED_FD_FCR A,8,233.51866560801682,241.51866560801682,265.8784749805937,,,none,30.0,75,2,monophasic
Modulated_autosave_20260715_170032_049ms,Thenar (R),R_The_ED_FD_FCR A,9,266.8784749805937,274.8784749805937,299.23828435316705,,,none,30.0,75,2,monophasic
Modulated_autosave_20260715_170032_049ms,Thenar (R),R_The_ED_FD_FCR A,10,300.23828435316705,308.23828435316705,332.59809372574034,,,none,30.0,75,2,monophasic
Modulated_autosave_20260715_170032_049ms,Thenar (R),R_The_ED_FD_FCR A,1,0.7942811762902124,8.794281176290212,32.359809372573324,,,none,30.0,80,2,monophasic
Modulated_autosave_20260715_170032_049ms,Thenar (R),R_The_ED_FD_FCR A,2,33.359809372573324,41.359809372573324,65.71961874514665,,,none,30.0,80,2,monophasic
Modulated_autosave_20260715_170032_049ms,Thenar (R),R_The_ED_FD_FCR A,3,66.71961874514665,74.71961874514665,99.07942811771997,,,none,30.0,80,2,monophasic
Modulated_autosave_20260715_170032_049ms,Thenar (R),R_The_ED_FD_FCR A,4,100.07942811771997,108.07942811771997,132.43923749029685,,,none,30.0,80,2,monophasic
Modulated_autosave_20260715_170032_049ms,Thenar (R),R_The_ED_FD_FCR A,5,133.43923749029685,141.43923749029685,165.79904686287017,,,none,30.0,80,2,monophasic
Modulated_autosave_20260715_170032_049ms,Thenar (R),R_The_ED_FD_FCR A,6,166.79904686287017,174.79904686287017,199.1588562354435,,,none,30.0,80,2,monophasic
Modulated_autosave_20260715_170032_049ms,Thenar (R),R_The_ED_FD_FCR A,7,200.1588562354435,208.1588562354435,232.51866560801682,,,none,30.0,80,2,monophasic
Modulated_autosave_20260715_170032_049ms,Thenar (R),R_The_ED_FD_FCR A,8,233.51866560801682,241.51866560801682,265.8784749805937,,,none,30.0,80,2,monophasic
Modulated_autosave_20260715_170032_049ms,Thenar (R),R_The_ED_FD_FCR A,9,266.8784749805937,274.8784749805937,299.23828435316705,,,none,30.0,80,2,monophasic
Modulated_autosave_20260715_170032_049ms,Thenar (R),R_The_ED_FD_FCR A,10,300.23828435316705,308.23828435316705,332.59809372574034,,,none,30.0,80,2,monophasic
Modulated_autosave_20260715_170032_049ms,Thenar (R),R_The_ED_FD_FCR A,1,0.7942811762902124,8.794281176290212,32.359809372573324,,,none,30.0,85,2,monophasic
Modulated_autosave_20260715_170032_049ms,Thenar (R),R_The_ED_FD_FCR A,2,33.359809372573324,41.359809372573324,65.71961874514665,,,none,30.0,85,2,monophasic
Modulated_autosave_20260715_170032_049ms,Thenar (R),R_The_ED_FD_FCR A,3,66.71961874514665,74.71961874514665,99.07942811771997,,,none,30.0,85,2,monophasic
Modulated_autosave_20260715_170032_049ms,Thenar (R),R_The_ED_FD_FCR A,4,100.07942811771997,108.07942811771997,132.43923749029685,,,none,30.0,85,2,monophasic
Modulated_autosave_20260715_170032_049ms,Thenar (R),R_The_ED_FD_FCR A,5,133.43923749029685,141.43923749029685,165.79904686287017,,,none,30.0,85,2,monophasic
Modulated_autosave_20260715_170032_049ms,Thenar (R),R_The_ED_FD_FCR A,6,166.79904686287017,174.79904686287017,199.1588562354435,,,none,30.0,85,2,monophasic
Modulated_autosave_20260715_170032_049ms,Thenar (R),R_The_ED_FD_FCR A,7,200.1588562354435,208.1588562354435,232.51866560801682,,,none,30.0,85,2,monophasic
Modulated_autosave_20260715_170032_049ms,Thenar (R),R_The_ED_FD_FCR A,8,233.51866560801682,241.51866560801682,265.8784749805937,,,none,30.0,85,2,monophasic
Modulated_autosave_20260715_170032_049ms,Thenar (R),R_The_ED_FD_FCR A,9,266.8784749805937,274.8784749805937,299.23828435316705,,,none,30.0,85,2,monophasic
Modulated_autosave_20260715_170032_049ms,Thenar (R),R_The_ED_FD_FCR A,10,300.23828435316705,308.23828435316705,332.59809372574034,,,none,30.0,85,2,monophasic
Modulated_autosave_20260715_170032_049ms,Thenar (R),R_The_ED_FD_FCR A,1,0.7942811762902124,8.794281176290212,32.359809372573324,0.007553215138614178,0.007553215138614178,none,30.0,90,2,monophasic
Modulated_autosave_20260715_170032_049ms,Thenar (R),R_The_ED_FD_FCR A,2,33.359809372573324,41.359809372573324,65.71961874514665,0.012756542298340674,0.012756542298340674,none,30.0,90,2,monophasic
Modulated_autosave_20260715_170032_049ms,Thenar (R),R_The_ED_FD_FCR A,3,66.71961874514665,74.71961874514665,99.07942811771997,0.012085145330321526,0.012085145330321526,none,30.0,90,2,monophasic
Modulated_autosave_20260715_170032_049ms,Thenar (R),R_The_ED_FD_FCR A,4,100.07942811771997,108.07942811771997,132.43923749029685,0.009567406956080132,0.009567406956080132,none,30.0,90,2,monophasic
Modulated_autosave_20260715_170032_049ms,Thenar (R),R_The_ED_FD_FCR A,5,133.43923749029685,141.43923749029685,165.79904686287017,0.009063859470166096,0.009063859470166096,none,30.0,90,2,monophasic
Modulated_autosave_20260715_170032_049ms,Thenar (R),R_The_ED_FD_FCR A,6,166.79904686287017,174.79904686287017,199.1588562354435,0.011078050352984323,0.011078050352984323,none,30.0,90,2,monophasic
Modulated_autosave_20260715_170032_049ms,Thenar (R),R_The_ED_FD_FCR A,7,200.1588562354435,208.1588562354435,232.51866560801682,0.010742352335834263,0.010742352335834263,none,30.0,90,2,monophasic
Modulated_autosave_20260715_170032_049ms,Thenar (R),R_The_ED_FD_FCR A,8,233.51866560801682,241.51866560801682,265.8784749805937,0.008560311047050975,0.008560311047050975,none,30.0,90,2,monophasic
Modulated_autosave_20260715_170032_049ms,Thenar (R),R_The_ED_FD_FCR A,9,266.8784749805937,274.8784749805937,299.23828435316705,0.010406653390664438,0.010406653390664438,none,30.0,90,2,monophasic
Modulated_autosave_20260715_170032_049ms,Thenar (R),R_The_ED_FD_FCR A,10,300.23828435316705,308.23828435316705,332.59809372574034,0.005706874650545259,0.005706874650545259,none,30.0,90,2,monophasic
Modulated_autosave_20260715_170032_049ms,Thenar (R),R_The_ED_FD_FCR A,1,0.7942811762902124,8.794281176290212,32.359809372573324,,,none,30.0,95,2,monophasic
Modulated_autosave_20260715_170032_049ms,Thenar (R),R_The_ED_FD_FCR A,2,33.359809372573324,41.359809372573324,65.71961874514665,,,none,30.0,95,2,monophasic
Modulated_autosave_20260715_170032_049ms,Thenar (R),R_The_ED_FD_FCR A,3,66.71961874514665,74.71961874514665,99.07942811771997,,,none,30.0,95,2,monophasic
Modulated_autosave_20260715_170032_049ms,Thenar (R),R_The_ED_FD_FCR A,4,100.07942811771997,108.07942811771997,132.43923749029685,,,none,30.0,95,2,monophasic
Modulated_autosave_20260715_170032_049ms,Thenar (R),R_The_ED_FD_FCR A,5,133.43923749029685,141.43923749029685,165.79904686287017,,,none,30.0,95,2,monophasic
Modulated_autosave_20260715_170032_049ms,Thenar (R),R_The_ED_FD_FCR A,6,166.79904686287017,174.79904686287017,199.1588562354435,,,none,30.0,95,2,monophasic
Modulated_autosave_20260715_170032_049ms,Thenar (R),R_The_ED_FD_FCR A,7,200.1588562354435,208.1588562354435,232.51866560801682,,,none,30.0,95,2,monophasic
Modulated_autosave_20260715_170032_049ms,Thenar (R),R_The_ED_FD_FCR A,8,233.51866560801682,241.51866560801682,265.8784749805937,,,none,30.0,95,2,monophasic
Modulated_autosave_20260715_170032_049ms,Thenar (R),R_The_ED_FD_FCR A,9,266.8784749805937,274.8784749805937,299.23828435316705,,,none,30.0,95,2,monophasic
Modulated_autosave_20260715_170032_049ms,Thenar (R),R_The_ED_FD_FCR A,10,300.23828435316705,308.23828435316705,332.59809372574034,,,none,30.0,95,2,monophasic
Modulated_autosave_20260715_170032_049ms,Thenar (R),R_The_ED_FD_FCR A,1,0.7942811762902124,8.794281176290212,32.359809372573324,,,none,30.0,100,2,monophasic
Modulated_autosave_20260715_170032_049ms,Thenar (R),R_The_ED_FD_FCR A,2,33.359809372573324,41.359809372573324,65.71961874514665,,,none,30.0,100,2,monophasic
Modulated_autosave_20260715_170032_049ms,Thenar (R),R_The_ED_FD_FCR A,3,66.71961874514665,74.71961874514665,99.07942811771997,,,none,30.0,100,2,monophasic
Modulated_autosave_20260715_170032_049ms,Thenar (R),R_The_ED_FD_FCR A,4,100.07942811771997,108.07942811771997,132.43923749029685,,,none,30.0,100,2,monophasic
Modulated_autosave_20260715_170032_049ms,Thenar (R),R_The_ED_FD_FCR A,5,133.43923749029685,141.43923749029685,165.79904686287017,,,none,30.0,100,2,monophasic
Modulated_autosave_20260715_170032_049ms,Thenar (R),R_The_ED_FD_FCR A,6,166.79904686287017,174.79904686287017,199.1588562354435,,,none,30.0,100,2,monophasic
Modulated_autosave_20260715_170032_049ms,Thenar (R),R_The_ED_FD_FCR A,7,200.1588562354435,208.1588562354435,232.51866560801682,,,none,30.0,100,2,monophasic
Modulated_autosave_20260715_170032_049ms,Thenar (R),R_The_ED_FD_FCR A,8,233.51866560801682,241.51866560801682,265.8784749805937,,,none,30.0,100,2,monophasic
Modulated_autosave_20260715_170032_049ms,Thenar (R),R_The_ED_FD_FCR A,9,266.8784749805937,274.8784749805937,299.23828435316705,,,none,30.0,100,2,monophasic
Modulated_autosave_20260715_170032_049ms,Thenar (R),R_The_ED_FD_FCR A,10,300.23828435316705,308.23828435316705,332.59809372574034,,,none,30.0,100,2,monophasic
Modulated_autosave_20260715_170032_049ms,Thenar (R),R_The_ED_FD_FCR A,1,0.7942811762902124,8.794281176290212,32.359809372573324,,,none,30.0,105,2,monophasic
Modulated_autosave_20260715_170032_049ms,Thenar (R),R_The_ED_FD_FCR A,2,33.359809372573324,41.359809372573324,65.71961874514665,,,none,30.0,105,2,monophasic
Modulated_autosave_20260715_170032_049ms,Thenar (R),R_The_ED_FD_FCR A,3,66.71961874514665,74.71961874514665,99.07942811771997,,,none,30.0,105,2,monophasic
Modulated_autosave_20260715_170032_049ms,Thenar (R),R_The_ED_FD_FCR A,4,100.07942811771997,108.07942811771997,132.43923749029685,,,none,30.0,105,2,monophasic
Modulated_autosave_20260715_170032_049ms,Thenar (R),R_The_ED_FD_FCR A,5,133.43923749029685,141.43923749029685,165.79904686287017,,,none,30.0,105,2,monophasic
Modulated_autosave_20260715_170032_049ms,Thenar (R),R_The_ED_FD_FCR A,6,166.79904686287017,174.79904686287017,199.1588562354435,,,none,30.0,105,2,monophasic
Modulated_autosave_20260715_170032_049ms,Thenar (R),R_The_ED_FD_FCR A,7,200.1588562354435,208.1588562354435,232.51866560801682,,,none,30.0,105,2,monophasic
Modulated_autosave_20260715_170032_049ms,Thenar (R),R_The_ED_FD_FCR A,8,233.51866560801682,241.51866560801682,265.8784749805937,,,none,30.0,105,2,monophasic
Modulated_autosave_20260715_170032_049ms,Thenar (R),R_The_ED_FD_FCR A,9,266.8784749805937,274.8784749805937,299.23828435316705,,,none,30.0,105,2,monophasic
Modulated_autosave_20260715_170032_049ms,Thenar (R),R_The_ED_FD_FCR A,10,300.23828435316705,308.23828435316705,332.59809372574034,,,none,30.0,105,2,monophasic
Modulated_autosave_20260715_170032_049ms,Thenar (R),R_The_ED_FD_FCR A,1,0.7942811762902124,8.794281176290212,32.359809372573324,0.010742352344095707,0.010742352344095707,none,30.0,110,2,monophasic
Modulated_autosave_20260715_170032_049ms,Thenar (R),R_The_ED_FD_FCR A,2,33.359809372573324,41.359809372573324,65.71961874514665,0.004028381776839408,0.004028381776839408,none,30.0,110,2,monophasic
Modulated_autosave_20260715_170032_049ms,Thenar (R),R_The_ED_FD_FCR A,3,66.71961874514665,74.71961874514665,99.07942811771997,0.007049668576753036,0.007049668576753036,none,30.0,110,2,monophasic
Modulated_autosave_20260715_170032_049ms,Thenar (R),R_The_ED_FD_FCR A,4,100.07942811771997,108.07942811771997,132.43923749029685,0.014099336229264736,0.014099336229264736,none,30.0,110,2,monophasic
Modulated_autosave_20260715_170032_049ms,Thenar (R),R_The_ED_FD_FCR A,5,133.43923749029685,141.43923749029685,165.79904686287017,0.00973525643011374,0.00973525643011374,none,30.0,110,2,monophasic
Modulated_autosave_20260715_170032_049ms,Thenar (R),R_The_ED_FD_FCR A,6,166.79904686287017,174.79904686287017,199.1588562354435,0.00805676355957985,0.00805676355957985,none,30.0,110,2,monophasic
Modulated_autosave_20260715_170032_049ms,Thenar (R),R_The_ED_FD_FCR A,7,200.1588562354435,208.1588562354435,232.51866560801682,0.01577782817184925,0.01577782817184925,none,30.0,110,2,monophasic
Modulated_autosave_20260715_170032_049ms,Thenar (R),R_The_ED_FD_FCR A,8,233.51866560801682,241.51866560801682,265.8784749805937,0.006713969629034172,0.006713969629034172,none,30.0,110,2,monophasic
Modulated_autosave_20260715_170032_049ms,Thenar (R),R_The_ED_FD_FCR A,9,266.8784749805937,274.8784749805937,299.23828435316705,0.009399557480077267,0.009399557480077267,none,30.0,110,2,monophasic
Modulated_autosave_20260715_170032_049ms,Thenar (R),R_The_ED_FD_FCR A,10,300.23828435316705,308.23828435316705,332.59809372574034,0.011078049424612123,0.011078049424612123,none,30.0,110,2,monophasic
Modulated_autosave_20260715_170032_049ms,Thenar (R),R_The_ED_FD_FCR A,1,0.7942811762902124,8.794281176290212,32.359809372573324,,,none,30.0,115,2,monophasic
Modulated_autosave_20260715_170032_049ms,Thenar (R),R_The_ED_FD_FCR A,2,33.359809372573324,41.359809372573324,65.71961874514665,,,none,30.0,115,2,monophasic
Modulated_autosave_20260715_170032_049ms,Thenar (R),R_The_ED_FD_FCR A,3,66.71961874514665,74.71961874514665,99.07942811771997,,,none,30.0,115,2,monophasic
Modulated_autosave_20260715_170032_049ms,Thenar (R),R_The_ED_FD_FCR A,4,100.07942811771997,108.07942811771997,132.43923749029685,,,none,30.0,115,2,monophasic
Modulated_autosave_20260715_170032_049ms,Thenar (R),R_The_ED_FD_FCR A,5,133.43923749029685,141.43923749029685,165.79904686287017,,,none,30.0,115,2,monophasic
Modulated_autosave_20260715_170032_049ms,Thenar (R),R_The_ED_FD_FCR A,6,166.79904686287017,174.79904686287017,199.1588562354435,,,none,30.0,115,2,monophasic
Modulated_autosave_20260715_170032_049ms,Thenar (R),R_The_ED_FD_FCR A,7,200.1588562354435,208.1588562354435,232.51866560801682,,,none,30.0,115,2,monophasic
Modulated_autosave_20260715_170032_049ms,Thenar (R),R_The_ED_FD_FCR A,8,233.51866560801682,241.51866560801682,265.8784749805937,,,none,30.0,115,2,monophasic
Modulated_autosave_20260715_170032_049ms,Thenar (R),R_The_ED_FD_FCR A,9,266.8784749805937,274.8784749805937,299.23828435316705,,,none,30.0,115,2,monophasic
Modulated_autosave_20260715_170032_049ms,Thenar (R),R_The_ED_FD_FCR A,10,300.23828435316705,308.23828435316705,332.59809372574034,,,none,30.0,115,2,monophasic
Modulated_autosave_20260715_170032_049ms,Thenar (R),R_The_ED_FD_FCR A,1,0.7942811762902124,8.794281176290212,32.359809372573324,0.056397343054413795,0.056397343054413795,none,30.0,120,2,monophasic
Modulated_autosave_20260715_170032_049ms,Thenar (R),R_The_ED_FD_FCR A,2,33.359809372573324,41.359809372573324,65.71961874514665,0.07116807807972345,0.07116807807972345,none,30.0,120,2,monophasic
Modulated_autosave_20260715_170032_049ms,Thenar (R),R_The_ED_FD_FCR A,3,66.71961874514665,74.71961874514665,99.07942811771997,0.009399558415922452,0.009399558415922452,none,30.0,120,2,monophasic
Modulated_autosave_20260715_170032_049ms,Thenar (R),R_The_ED_FD_FCR A,4,100.07942811771997,108.07942811771997,132.43923749029685,0.0715037751942873,0.0715037751942873,none,30.0,120,2,monophasic
Modulated_autosave_20260715_170032_049ms,Thenar (R),R_The_ED_FD_FCR A,5,133.43923749029685,141.43923749029685,165.79904686287017,0.01309224124444839,0.01309224124444839,none,30.0,120,2,monophasic
Modulated_autosave_20260715_170032_049ms,Thenar (R),R_The_ED_FD_FCR A,6,166.79904686287017,174.79904686287017,199.1588562354435,0.00939955748617649,0.00939955748617649,none,30.0,120,2,monophasic
Modulated_autosave_20260715_170032_049ms,Thenar (R),R_The_ED_FD_FCR A,7,200.1588562354435,208.1588562354435,232.51866560801682,0.0644541103120356,0.0644541103120356,none,30.0,120,2,monophasic
Modulated_autosave_20260715_170032_049ms,Thenar (R),R_The_ED_FD_FCR A,8,233.51866560801682,241.51866560801682,265.8784749805937,0.007049668580293655,0.007049668580293655,none,30.0,120,2,monophasic
Modulated_autosave_20260715_170032_049ms,Thenar (R),R_The_ED_FD_FCR A,9,266.8784749805937,274.8784749805937,299.23828435316705,0.061097122728747684,0.061097122728747684,none,30.0,120,2,monophasic
Modulated_autosave_20260715_170032_049ms,Thenar (R),R_The_ED_FD_FCR A,10,300.23828435316705,308.23828435316705,332.59809372574034,0.07016098313025722,0.07016098313025722,none,30.0,120,2,monophasic
Modulated_autosave_20260715_170032_049ms,Thenar (R),R_The_ED_FD_FCR A,1,0.7942811762902124,8.794281176290212,32.359809372573324,0.06445411033928394,0.06445411033928394,none,30.0,125,2,monophasic
Modulated_autosave_20260715_170032_049ms,Thenar (R),R_The_ED_FD_FCR A,2,33.359809372573324,41.359809372573324,65.71961874514665,0.06227206997022613,0.06227206997022613,none,30.0,125,2,monophasic
Modulated_autosave_20260715_170032_049ms,Thenar (R),R_The_ED_FD_FCR A,3,66.71961874514665,74.71961874514665,99.07942811771997,0.00939955747511919,0.00939955747511919,none,30.0,125,2,monophasic
Modulated_autosave_20260715_170032_049ms,Thenar (R),R_The_ED_FD_FCR A,4,100.07942811771997,108.07942811771997,132.43923749029685,0.06344701163470745,0.06344701163470745,none,30.0,125,2,monophasic
Modulated_autosave_20260715_170032_049ms,Thenar (R),R_The_ED_FD_FCR A,5,133.43923749029685,141.43923749029685,165.79904686287017,0.06596475092544377,0.06596475092544377,none,30.0,125,2,monophasic
Modulated_autosave_20260715_170032_049ms,Thenar (R),R_The_ED_FD_FCR A,6,166.79904686287017,174.79904686287017,199.1588562354435,0.00872816145164363,0.00872816145164363,none,30.0,125,2,monophasic
Modulated_autosave_20260715_170032_049ms,Thenar (R),R_The_ED_FD_FCR A,7,200.1588562354435,208.1588562354435,232.51866560801682,0.06898603588342667,0.06898603588342667,none,30.0,125,2,monophasic
Modulated_autosave_20260715_170032_049ms,Thenar (R),R_The_ED_FD_FCR A,8,233.51866560801682,241.51866560801682,265.8784749805937,0.06445410845531399,0.06445410845531399,none,30.0,125,2,monophasic
Modulated_autosave_20260715_170032_049ms,Thenar (R),R_The_ED_FD_FCR A,9,266.8784749805937,274.8784749805937,299.23828435316705,0.014099336228471973,0.014099336228471973,none,30.0,125,2,monophasic
Modulated_autosave_20260715_170032_049ms,Thenar (R),R_The_ED_FD_FCR A,10,300.23828435316705,308.23828435316705,332.59809372574034,0.07318226803816566,0.07318226803816566,none,30.0,125,2,monophasic
Modulated_autosave_20260715_170032_049ms,Ext. digitorum (R),R_The_ED_FD_FCR B,1,0.7942811762902124,8.794281176290212,32.359809372573324,,,none,30.0,30,2,monophasic
Modulated_autosave_20260715_170032_049ms,Ext. digitorum (R),R_The_ED_FD_FCR B,2,33.359809372573324,41.359809372573324,65.71961874514665,,,none,30.0,30,2,monophasic
Modulated_autosave_20260715_170032_049ms,Ext. digitorum (R),R_The_ED_FD_FCR B,3,66.71961874514665,74.71961874514665,99.07942811771997,,,none,30.0,30,2,monophasic
Modulated_autosave_20260715_170032_049ms,Ext. digitorum (R),R_The_ED_FD_FCR B,4,100.07942811771997,108.07942811771997,132.43923749029685,,,none,30.0,30,2,monophasic
Modulated_autosave_20260715_170032_049ms,Ext. digitorum (R),R_The_ED_FD_FCR B,5,133.43923749029685,141.43923749029685,165.79904686287017,,,none,30.0,30,2,monophasic
Modulated_autosave_20260715_170032_049ms,Ext. digitorum (R),R_The_ED_FD_FCR B,6,166.79904686287017,174.79904686287017,199.1588562354435,,,none,30.0,30,2,monophasic
Modulated_autosave_20260715_170032_049ms,Ext. digitorum (R),R_The_ED_FD_FCR B,7,200.1588562354435,208.1588562354435,232.51866560801682,,,none,30.0,30,2,monophasic
Modulated_autosave_20260715_170032_049ms,Ext. digitorum (R),R_The_ED_FD_FCR B,8,233.51866560801682,241.51866560801682,265.8784749805937,,,none,30.0,30,2,monophasic
Modulated_autosave_20260715_170032_049ms,Ext. digitorum (R),R_The_ED_FD_FCR B,9,266.8784749805937,274.8784749805937,299.23828435316705,,,none,30.0,30,2,monophasic
Modulated_autosave_20260715_170032_049ms,Ext. digitorum (R),R_The_ED_FD_FCR B,10,300.23828435316705,308.23828435316705,332.59809372574034,,,none,30.0,30,2,monophasic
Modulated_autosave_20260715_170032_049ms,Ext. digitorum (R),R_The_ED_FD_FCR B,1,0.7942811762902124,8.794281176290212,32.359809372573324,,,none,30.0,35,2,monophasic
Modulated_autosave_20260715_170032_049ms,Ext. digitorum (R),R_The_ED_FD_FCR B,2,33.359809372573324,41.359809372573324,65.71961874514665,,,none,30.0,35,2,monophasic
Modulated_autosave_20260715_170032_049ms,Ext. digitorum (R),R_The_ED_FD_FCR B,3,66.71961874514665,74.71961874514665,99.07942811771997,,,none,30.0,35,2,monophasic
Modulated_autosave_20260715_170032_049ms,Ext. digitorum (R),R_The_ED_FD_FCR B,4,100.07942811771997,108.07942811771997,132.43923749029685,,,none,30.0,35,2,monophasic
Modulated_autosave_20260715_170032_049ms,Ext. digitorum (R),R_The_ED_FD_FCR B,5,133.43923749029685,141.43923749029685,165.79904686287017,,,none,30.0,35,2,monophasic
Modulated_autosave_20260715_170032_049ms,Ext. digitorum (R),R_The_ED_FD_FCR B,6,166.79904686287017,174.79904686287017,199.1588562354435,,,none,30.0,35,2,monophasic
Modulated_autosave_20260715_170032_049ms,Ext. digitorum (R),R_The_ED_FD_FCR B,7,200.1588562354435,208.1588562354435,232.51866560801682,,,none,30.0,35,2,monophasic
Modulated_autosave_20260715_170032_049ms,Ext. digitorum (R),R_The_ED_FD_FCR B,8,233.51866560801682,241.51866560801682,265.8784749805937,,,none,30.0,35,2,monophasic
Modulated_autosave_20260715_170032_049ms,Ext. digitorum (R),R_The_ED_FD_FCR B,9,266.8784749805937,274.8784749805937,299.23828435316705,,,none,30.0,35,2,monophasic
Modulated_autosave_20260715_170032_049ms,Ext. digitorum (R),R_The_ED_FD_FCR B,10,300.23828435316705,308.23828435316705,332.59809372574034,,,none,30.0,35,2,monophasic
Modulated_autosave_20260715_170032_049ms,Ext. digitorum (R),R_The_ED_FD_FCR B,1,0.7942811762902124,8.794281176290212,32.359809372573324,,,none,30.0,40,2,monophasic
Modulated_autosave_20260715_170032_049ms,Ext. digitorum (R),R_The_ED_FD_FCR B,2,33.359809372573324,41.359809372573324,65.71961874514665,,,none,30.0,40,2,monophasic
Modulated_autosave_20260715_170032_049ms,Ext. digitorum (R),R_The_ED_FD_FCR B,3,66.71961874514665,74.71961874514665,99.07942811771997,,,none,30.0,40,2,monophasic
Modulated_autosave_20260715_170032_049ms,Ext. digitorum (R),R_The_ED_FD_FCR B,4,100.07942811771997,108.07942811771997,132.43923749029685,,,none,30.0,40,2,monophasic
Modulated_autosave_20260715_170032_049ms,Ext. digitorum (R),R_The_ED_FD_FCR B,5,133.43923749029685,141.43923749029685,165.79904686287017,,,none,30.0,40,2,monophasic
Modulated_autosave_20260715_170032_049ms,Ext. digitorum (R),R_The_ED_FD_FCR B,6,166.79904686287017,174.79904686287017,199.1588562354435,,,none,30.0,40,2,monophasic
Modulated_autosave_20260715_170032_049ms,Ext. digitorum (R),R_The_ED_FD_FCR B,7,200.1588562354435,208.1588562354435,232.51866560801682,,,none,30.0,40,2,monophasic
Modulated_autosave_20260715_170032_049ms,Ext. digitorum (R),R_The_ED_FD_FCR B,8,233.51866560801682,241.51866560801682,265.8784749805937,,,none,30.0,40,2,monophasic
Modulated_autosave_20260715_170032_049ms,Ext. digitorum (R),R_The_ED_FD_FCR B,9,266.8784749805937,274.8784749805937,299.23828435316705,,,none,30.0,40,2,monophasic
Modulated_autosave_20260715_170032_049ms,Ext. digitorum (R),R_The_ED_FD_FCR B,10,300.23828435316705,308.23828435316705,332.59809372574034,,,none,30.0,40,2,monophasic
Modulated_autosave_20260715_170032_049ms,Ext. digitorum (R),R_The_ED_FD_FCR B,1,0.7942811762902124,8.794281176290212,32.359809372573324,,,none,30.0,45,2,monophasic
Modulated_autosave_20260715_170032_049ms,Ext. digitorum (R),R_The_ED_FD_FCR B,2,33.359809372573324,41.359809372573324,65.71961874514665,,,none,30.0,45,2,monophasic
Modulated_autosave_20260715_170032_049ms,Ext. digitorum (R),R_The_ED_FD_FCR B,3,66.71961874514665,74.71961874514665,99.07942811771997,,,none,30.0,45,2,monophasic
Modulated_autosave_20260715_170032_049ms,Ext. digitorum (R),R_The_ED_FD_FCR B,4,100.07942811771997,108.07942811771997,132.43923749029685,,,none,30.0,45,2,monophasic
Modulated_autosave_20260715_170032_049ms,Ext. digitorum (R),R_The_ED_FD_FCR B,5,133.43923749029685,141.43923749029685,165.79904686287017,,,none,30.0,45,2,monophasic
Modulated_autosave_20260715_170032_049ms,Ext. digitorum (R),R_The_ED_FD_FCR B,6,166.79904686287017,174.79904686287017,199.1588562354435,,,none,30.0,45,2,monophasic
Modulated_autosave_20260715_170032_049ms,Ext. digitorum (R),R_The_ED_FD_FCR B,7,200.1588562354435,208.1588562354435,232.51866560801682,,,none,30.0,45,2,monophasic
Modulated_autosave_20260715_170032_049ms,Ext. digitorum (R),R_The_ED_FD_FCR B,8,233.51866560801682,241.51866560801682,265.8784749805937,,,none,30.0,45,2,monophasic
Modulated_autosave_20260715_170032_049ms,Ext. digitorum (R),R_The_ED_FD_FCR B,9,266.8784749805937,274.8784749805937,299.23828435316705,,,none,30.0,45,2,monophasic
Modulated_autosave_20260715_170032_049ms,Ext. digitorum (R),R_The_ED_FD_FCR B,10,300.23828435316705,308.23828435316705,332.59809372574034,,,none,30.0,45,2,monophasic
Modulated_autosave_20260715_170032_049ms,Ext. digitorum (R),R_The_ED_FD_FCR B,1,0.7942811762902124,8.794281176290212,32.359809372573324,,,none,30.0,50,2,monophasic
Modulated_autosave_20260715_170032_049ms,Ext. digitorum (R),R_The_ED_FD_FCR B,2,33.359809372573324,41.359809372573324,65.71961874514665,,,none,30.0,50,2,monophasic
Modulated_autosave_20260715_170032_049ms,Ext. digitorum (R),R_The_ED_FD_FCR B,3,66.71961874514665,74.71961874514665,99.07942811771997,,,none,30.0,50,2,monophasic
Modulated_autosave_20260715_170032_049ms,Ext. digitorum (R),R_The_ED_FD_FCR B,4,100.07942811771997,108.07942811771997,132.43923749029685,,,none,30.0,50,2,monophasic
Modulated_autosave_20260715_170032_049ms,Ext. digitorum (R),R_The_ED_FD_FCR B,5,133.43923749029685,141.43923749029685,165.79904686287017,,,none,30.0,50,2,monophasic
Modulated_autosave_20260715_170032_049ms,Ext. digitorum (R),R_The_ED_FD_FCR B,6,166.79904686287017,174.79904686287017,199.1588562354435,,,none,30.0,50,2,monophasic
Modulated_autosave_20260715_170032_049ms,Ext. digitorum (R),R_The_ED_FD_FCR B,7,200.1588562354435,208.1588562354435,232.51866560801682,,,none,30.0,50,2,monophasic
Modulated_autosave_20260715_170032_049ms,Ext. digitorum (R),R_The_ED_FD_FCR B,8,233.51866560801682,241.51866560801682,265.8784749805937,,,none,30.0,50,2,monophasic
Modulated_autosave_20260715_170032_049ms,Ext. digitorum (R),R_The_ED_FD_FCR B,9,266.8784749805937,274.8784749805937,299.23828435316705,,,none,30.0,50,2,monophasic
Modulated_autosave_20260715_170032_049ms,Ext. digitorum (R),R_The_ED_FD_FCR B,10,300.23828435316705,308.23828435316705,332.59809372574034,,,none,30.0,50,2,monophasic
Modulated_autosave_20260715_170032_049ms,Ext. digitorum (R),R_The_ED_FD_FCR B,1,0.7942811762902124,8.794281176290212,32.359809372573324,,,none,30.0,55,2,monophasic
Modulated_autosave_20260715_170032_049ms,Ext. digitorum (R),R_The_ED_FD_FCR B,2,33.359809372573324,41.359809372573324,65.71961874514665,,,none,30.0,55,2,monophasic
Modulated_autosave_20260715_170032_049ms,Ext. digitorum (R),R_The_ED_FD_FCR B,3,66.71961874514665,74.71961874514665,99.07942811771997,,,none,30.0,55,2,monophasic
Modulated_autosave_20260715_170032_049ms,Ext. digitorum (R),R_The_ED_FD_FCR B,4,100.07942811771997,108.07942811771997,132.43923749029685,,,none,30.0,55,2,monophasic
Modulated_autosave_20260715_170032_049ms,Ext. digitorum (R),R_The_ED_FD_FCR B,5,133.43923749029685,141.43923749029685,165.79904686287017,,,none,30.0,55,2,monophasic
Modulated_autosave_20260715_170032_049ms,Ext. digitorum (R),R_The_ED_FD_FCR B,6,166.79904686287017,174.79904686287017,199.1588562354435,,,none,30.0,55,2,monophasic
Modulated_autosave_20260715_170032_049ms,Ext. digitorum (R),R_The_ED_FD_FCR B,7,200.1588562354435,208.1588562354435,232.51866560801682,,,none,30.0,55,2,monophasic
Modulated_autosave_20260715_170032_049ms,Ext. digitorum (R),R_The_ED_FD_FCR B,8,233.51866560801682,241.51866560801682,265.8784749805937,,,none,30.0,55,2,monophasic
Modulated_autosave_20260715_170032_049ms,Ext. digitorum (R),R_The_ED_FD_FCR B,9,266.8784749805937,274.8784749805937,299.23828435316705,,,none,30.0,55,2,monophasic
Modulated_autosave_20260715_170032_049ms,Ext. digitorum (R),R_The_ED_FD_FCR B,10,300.23828435316705,308.23828435316705,332.59809372574034,,,none,30.0,55,2,monophasic
Modulated_autosave_20260715_170032_049ms,Ext. digitorum (R),R_The_ED_FD_FCR B,1,0.7942811762902124,8.794281176290212,32.359809372573324,,,none,30.0,60,2,monophasic
Modulated_autosave_20260715_170032_049ms,Ext. digitorum (R),R_The_ED_FD_FCR B,2,33.359809372573324,41.359809372573324,65.71961874514665,,,none,30.0,60,2,monophasic
Modulated_autosave_20260715_170032_049ms,Ext. digitorum (R),R_The_ED_FD_FCR B,3,66.71961874514665,74.71961874514665,99.07942811771997,,,none,30.0,60,2,monophasic
Modulated_autosave_20260715_170032_049ms,Ext. digitorum (R),R_The_ED_FD_FCR B,4,100.07942811771997,108.07942811771997,132.43923749029685,,,none,30.0,60,2,monophasic
Modulated_autosave_20260715_170032_049ms,Ext. digitorum (R),R_The_ED_FD_FCR B,5,133.43923749029685,141.43923749029685,165.79904686287017,,,none,30.0,60,2,monophasic
Modulated_autosave_20260715_170032_049ms,Ext. digitorum (R),R_The_ED_FD_FCR B,6,166.79904686287017,174.79904686287017,199.1588562354435,,,none,30.0,60,2,monophasic
Modulated_autosave_20260715_170032_049ms,Ext. digitorum (R),R_The_ED_FD_FCR B,7,200.1588562354435,208.1588562354435,232.51866560801682,,,none,30.0,60,2,monophasic
Modulated_autosave_20260715_170032_049ms,Ext. digitorum (R),R_The_ED_FD_FCR B,8,233.51866560801682,241.51866560801682,265.8784749805937,,,none,30.0,60,2,monophasic
Modulated_autosave_20260715_170032_049ms,Ext. digitorum (R),R_The_ED_FD_FCR B,9,266.8784749805937,274.8784749805937,299.23828435316705,,,none,30.0,60,2,monophasic
Modulated_autosave_20260715_170032_049ms,Ext. digitorum (R),R_The_ED_FD_FCR B,10,300.23828435316705,308.23828435316705,332.59809372574034,,,none,30.0,60,2,monophasic
Modulated_autosave_20260715_170032_049ms,Ext. digitorum (R),R_The_ED_FD_FCR B,1,0.7942811762902124,8.794281176290212,32.359809372573324,0.01745632174424827,0.01745632174424827,none,30.0,65,2,monophasic
Modulated_autosave_20260715_170032_049ms,Ext. digitorum (R),R_The_ED_FD_FCR B,2,33.359809372573324,41.359809372573324,65.71961874514665,0.01812771730033428,0.01812771730033428,none,30.0,65,2,monophasic
Modulated_autosave_20260715_170032_049ms,Ext. digitorum (R),R_The_ED_FD_FCR B,3,66.71961874514665,74.71961874514665,99.07942811771997,-0.0010070949891497726,-0.0010070949891497726,none,30.0,65,2,monophasic
Modulated_autosave_20260715_170032_049ms,Ext. digitorum (R),R_The_ED_FD_FCR B,4,100.07942811771997,108.07942811771997,132.43923749029685,0.013427939724519437,0.013427939724519437,none,30.0,65,2,monophasic
Modulated_autosave_20260715_170032_049ms,Ext. digitorum (R),R_The_ED_FD_FCR B,5,133.43923749029685,141.43923749029685,165.79904686287017,0.011413748841725233,0.011413748841725233,none,30.0,65,2,monophasic
Modulated_autosave_20260715_170032_049ms,Ext. digitorum (R),R_The_ED_FD_FCR B,6,166.79904686287017,174.79904686287017,199.1588562354435,0.004364079792237179,0.004364079792237179,none,30.0,65,2,monophasic
Modulated_autosave_20260715_170032_049ms,Ext. digitorum (R),R_The_ED_FD_FCR B,7,200.1588562354435,208.1588562354435,232.51866560801682,0.014770733890857535,0.014770733890857535,none,30.0,65,2,monophasic
Modulated_autosave_20260715_170032_049ms,Ext. digitorum (R),R_The_ED_FD_FCR B,8,233.51866560801682,241.51866560801682,265.8784749805937,0.01846341579062702,0.01846341579062702,none,30.0,65,2,monophasic
Modulated_autosave_20260715_170032_049ms,Ext. digitorum (R),R_The_ED_FD_FCR B,9,266.8784749805937,274.8784749805937,299.23828435316705,-0.0005035484233201267,-0.0005035484233201267,none,30.0,65,2,monophasic
Modulated_autosave_20260715_170032_049ms,Ext. digitorum (R),R_The_ED_FD_FCR B,10,300.23828435316705,308.23828435316705,332.59809372574034,0.013427939964435823,0.013427939964435823,none,30.0,65,2,monophasic
Modulated_autosave_20260715_170032_049ms,Ext. digitorum (R),R_The_ED_FD_FCR B,1,0.7942811762902124,8.794281176290212,32.359809372573324,,,none,30.0,70,2,monophasic
Modulated_autosave_20260715_170032_049ms,Ext. digitorum (R),R_The_ED_FD_FCR B,2,33.359809372573324,41.359809372573324,65.71961874514665,,,none,30.0,70,2,monophasic
Modulated_autosave_20260715_170032_049ms,Ext. digitorum (R),R_The_ED_FD_FCR B,3,66.71961874514665,74.71961874514665,99.07942811771997,,,none,30.0,70,2,monophasic
Modulated_autosave_20260715_170032_049ms,Ext. digitorum (R),R_The_ED_FD_FCR B,4,100.07942811771997,108.07942811771997,132.43923749029685,,,none,30.0,70,2,monophasic
Modulated_autosave_20260715_170032_049ms,Ext. digitorum (R),R_The_ED_FD_FCR B,5,133.43923749029685,141.43923749029685,165.79904686287017,,,none,30.0,70,2,monophasic
Modulated_autosave_20260715_170032_049ms,Ext. digitorum (R),R_The_ED_FD_FCR B,6,166.79904686287017,174.79904686287017,199.1588562354435,,,none,30.0,70,2,monophasic
Modulated_autosave_20260715_170032_049ms,Ext. digitorum (R),R_The_ED_FD_FCR B,7,200.1588562354435,208.1588562354435,232.51866560801682,,,none,30.0,70,2,monophasic
Modulated_autosave_20260715_170032_049ms,Ext. digitorum (R),R_The_ED_FD_FCR B,8,233.51866560801682,241.51866560801682,265.8784749805937,,,none,30.0,70,2,monophasic
Modulated_autosave_20260715_170032_049ms,Ext. digitorum (R),R_The_ED_FD_FCR B,9,266.8784749805937,274.8784749805937,299.23828435316705,,,none,30.0,70,2,monophasic
Modulated_autosave_20260715_170032_049ms,Ext. digitorum (R),R_The_ED_FD_FCR B,10,300.23828435316705,308.23828435316705,332.59809372574034,,,none,30.0,70,2,monophasic
Modulated_autosave_20260715_170032_049ms,Ext. digitorum (R),R_The_ED_FD_FCR B,1,0.7942811762902124,8.794281176290212,32.359809372573324,,,none,30.0,75,2,monophasic
Modulated_autosave_20260715_170032_049ms,Ext. digitorum (R),R_The_ED_FD_FCR B,2,33.359809372573324,41.359809372573324,65.71961874514665,,,none,30.0,75,2,monophasic
Modulated_autosave_20260715_170032_049ms,Ext. digitorum (R),R_The_ED_FD_FCR B,3,66.71961874514665,74.71961874514665,99.07942811771997,,,none,30.0,75,2,monophasic
Modulated_autosave_20260715_170032_049ms,Ext. digitorum (R),R_The_ED_FD_FCR B,4,100.07942811771997,108.07942811771997,132.43923749029685,,,none,30.0,75,2,monophasic
Modulated_autosave_20260715_170032_049ms,Ext. digitorum (R),R_The_ED_FD_FCR B,5,133.43923749029685,141.43923749029685,165.79904686287017,,,none,30.0,75,2,monophasic
Modulated_autosave_20260715_170032_049ms,Ext. digitorum (R),R_The_ED_FD_FCR B,6,166.79904686287017,174.79904686287017,199.1588562354435,,,none,30.0,75,2,monophasic
Modulated_autosave_20260715_170032_049ms,Ext. digitorum (R),R_The_ED_FD_FCR B,7,200.1588562354435,208.1588562354435,232.51866560801682,,,none,30.0,75,2,monophasic
Modulated_autosave_20260715_170032_049ms,Ext. digitorum (R),R_The_ED_FD_FCR B,8,233.51866560801682,241.51866560801682,265.8784749805937,,,none,30.0,75,2,monophasic
Modulated_autosave_20260715_170032_049ms,Ext. digitorum (R),R_The_ED_FD_FCR B,9,266.8784749805937,274.8784749805937,299.23828435316705,,,none,30.0,75,2,monophasic
Modulated_autosave_20260715_170032_049ms,Ext. digitorum (R),R_The_ED_FD_FCR B,10,300.23828435316705,308.23828435316705,332.59809372574034,,,none,30.0,75,2,monophasic
Modulated_autosave_20260715_170032_049ms,Ext. digitorum (R),R_The_ED_FD_FCR B,1,0.7942811762902124,8.794281176290212,32.359809372573324,,,none,30.0,80,2,monophasic
Modulated_autosave_20260715_170032_049ms,Ext. digitorum (R),R_The_ED_FD_FCR B,2,33.359809372573324,41.359809372573324,65.71961874514665,,,none,30.0,80,2,monophasic
Modulated_autosave_20260715_170032_049ms,Ext. digitorum (R),R_The_ED_FD_FCR B,3,66.71961874514665,74.71961874514665,99.07942811771997,,,none,30.0,80,2,monophasic
Modulated_autosave_20260715_170032_049ms,Ext. digitorum (R),R_The_ED_FD_FCR B,4,100.07942811771997,108.07942811771997,132.43923749029685,,,none,30.0,80,2,monophasic
Modulated_autosave_20260715_170032_049ms,Ext. digitorum (R),R_The_ED_FD_FCR B,5,133.43923749029685,141.43923749029685,165.79904686287017,,,none,30.0,80,2,monophasic
Modulated_autosave_20260715_170032_049ms,Ext. digitorum (R),R_The_ED_FD_FCR B,6,166.79904686287017,174.79904686287017,199.1588562354435,,,none,30.0,80,2,monophasic
Modulated_autosave_20260715_170032_049ms,Ext. digitorum (R),R_The_ED_FD_FCR B,7,200.1588562354435,208.1588562354435,232.51866560801682,,,none,30.0,80,2,monophasic
Modulated_autosave_20260715_170032_049ms,Ext. digitorum (R),R_The_ED_FD_FCR B,8,233.51866560801682,241.51866560801682,265.8784749805937,,,none,30.0,80,2,monophasic
Modulated_autosave_20260715_170032_049ms,Ext. digitorum (R),R_The_ED_FD_FCR B,9,266.8784749805937,274.8784749805937,299.23828435316705,,,none,30.0,80,2,monophasic
Modulated_autosave_20260715_170032_049ms,Ext. digitorum (R),R_The_ED_FD_FCR B,10,300.23828435316705,308.23828435316705,332.59809372574034,,,none,30.0,80,2,monophasic
Modulated_autosave_20260715_170032_049ms,Ext. digitorum (R),R_The_ED_FD_FCR B,1,0.7942811762902124,8.794281176290212,32.359809372573324,,,none,30.0,85,2,monophasic
Modulated_autosave_20260715_170032_049ms,Ext. digitorum (R),R_The_ED_FD_FCR B,2,33.359809372573324,41.359809372573324,65.71961874514665,,,none,30.0,85,2,monophasic
Modulated_autosave_20260715_170032_049ms,Ext. digitorum (R),R_The_ED_FD_FCR B,3,66.71961874514665,74.71961874514665,99.07942811771997,,,none,30.0,85,2,monophasic
Modulated_autosave_20260715_170032_049ms,Ext. digitorum (R),R_The_ED_FD_FCR B,4,100.07942811771997,108.07942811771997,132.43923749029685,,,none,30.0,85,2,monophasic
Modulated_autosave_20260715_170032_049ms,Ext. digitorum (R),R_The_ED_FD_FCR B,5,133.43923749029685,141.43923749029685,165.79904686287017,,,none,30.0,85,2,monophasic
Modulated_autosave_20260715_170032_049ms,Ext. digitorum (R),R_The_ED_FD_FCR B,6,166.79904686287017,174.79904686287017,199.1588562354435,,,none,30.0,85,2,monophasic
Modulated_autosave_20260715_170032_049ms,Ext. digitorum (R),R_The_ED_FD_FCR B,7,200.1588562354435,208.1588562354435,232.51866560801682,,,none,30.0,85,2,monophasic
Modulated_autosave_20260715_170032_049ms,Ext. digitorum (R),R_The_ED_FD_FCR B,8,233.51866560801682,241.51866560801682,265.8784749805937,,,none,30.0,85,2,monophasic
Modulated_autosave_20260715_170032_049ms,Ext. digitorum (R),R_The_ED_FD_FCR B,9,266.8784749805937,274.8784749805937,299.23828435316705,,,none,30.0,85,2,monophasic
Modulated_autosave_20260715_170032_049ms,Ext. digitorum (R),R_The_ED_FD_FCR B,10,300.23828435316705,308.23828435316705,332.59809372574034,,,none,30.0,85,2,monophasic
Modulated_autosave_20260715_170032_049ms,Ext. digitorum (R),R_The_ED_FD_FCR B,1,0.7942811762902124,8.794281176290212,32.359809372573324,,,none,30.0,90,2,monophasic
Modulated_autosave_20260715_170032_049ms,Ext. digitorum (R),R_The_ED_FD_FCR B,2,33.359809372573324,41.359809372573324,65.71961874514665,,,none,30.0,90,2,monophasic
Modulated_autosave_20260715_170032_049ms,Ext. digitorum (R),R_The_ED_FD_FCR B,3,66.71961874514665,74.71961874514665,99.07942811771997,,,none,30.0,90,2,monophasic
Modulated_autosave_20260715_170032_049ms,Ext. digitorum (R),R_The_ED_FD_FCR B,4,100.07942811771997,108.07942811771997,132.43923749029685,,,none,30.0,90,2,monophasic
Modulated_autosave_20260715_170032_049ms,Ext. digitorum (R),R_The_ED_FD_FCR B,5,133.43923749029685,141.43923749029685,165.79904686287017,,,none,30.0,90,2,monophasic
Modulated_autosave_20260715_170032_049ms,Ext. digitorum (R),R_The_ED_FD_FCR B,6,166.79904686287017,174.79904686287017,199.1588562354435,,,none,30.0,90,2,monophasic
Modulated_autosave_20260715_170032_049ms,Ext. digitorum (R),R_The_ED_FD_FCR B,7,200.1588562354435,208.1588562354435,232.51866560801682,,,none,30.0,90,2,monophasic
Modulated_autosave_20260715_170032_049ms,Ext. digitorum (R),R_The_ED_FD_FCR B,8,233.51866560801682,241.51866560801682,265.8784749805937,,,none,30.0,90,2,monophasic
Modulated_autosave_20260715_170032_049ms,Ext. digitorum (R),R_The_ED_FD_FCR B,9,266.8784749805937,274.8784749805937,299.23828435316705,,,none,30.0,90,2,monophasic
Modulated_autosave_20260715_170032_049ms,Ext. digitorum (R),R_The_ED_FD_FCR B,10,300.23828435316705,308.23828435316705,332.59809372574034,,,none,30.0,90,2,monophasic
Modulated_autosave_20260715_170032_049ms,Ext. digitorum (R),R_The_ED_FD_FCR B,1,0.7942811762902124,8.794281176290212,32.359809372573324,0.023834592662751675,0.023834592662751675,none,30.0,95,2,monophasic
Modulated_autosave_20260715_170032_049ms,Ext. digitorum (R),R_The_ED_FD_FCR B,2,33.359809372573324,41.359809372573324,65.71961874514665,0.02232394879664182,0.02232394879664182,none,30.0,95,2,monophasic
Modulated_autosave_20260715_170032_049ms,Ext. digitorum (R),R_The_ED_FD_FCR B,3,66.71961874514665,74.71961874514665,99.07942811771997,0.03608758746771193,0.03608758746771193,none,30.0,95,2,monophasic
Modulated_autosave_20260715_170032_049ms,Ext. digitorum (R),R_The_ED_FD_FCR B,4,100.07942811771997,108.07942811771997,132.43923749029685,0.024841687639668448,0.024841687639668448,none,30.0,95,2,monophasic
Modulated_autosave_20260715_170032_049ms,Ext. digitorum (R),R_The_ED_FD_FCR B,5,133.43923749029685,141.43923749029685,165.79904686287017,0.009399557251374332,0.009399557251374332,none,30.0,95,2,monophasic
Modulated_autosave_20260715_170032_049ms,Ext. digitorum (R),R_The_ED_FD_FCR B,6,166.79904686287017,174.79904686287017,199.1588562354435,0.027191576547920704,0.027191576547920704,none,30.0,95,2,monophasic
Modulated_autosave_20260715_170032_049ms,Ext. digitorum (R),R_The_ED_FD_FCR B,7,200.1588562354435,208.1588562354435,232.51866560801682,0.013260089792311192,0.013260089792311192,none,30.0,95,2,monophasic
Modulated_autosave_20260715_170032_049ms,Ext. digitorum (R),R_The_ED_FD_FCR B,8,233.51866560801682,241.51866560801682,265.8784749805937,0.028870070352952915,0.028870070352952915,none,30.0,95,2,monophasic
Modulated_autosave_20260715_170032_049ms,Ext. digitorum (R),R_The_ED_FD_FCR B,9,266.8784749805937,274.8784749805937,299.23828435316705,0.016952773788925186,0.016952773788925186,none,30.0,95,2,monophasic
Modulated_autosave_20260715_170032_049ms,Ext. digitorum (R),R_The_ED_FD_FCR B,10,300.23828435316705,308.23828435316705,332.59809372574034,0.024841686943512447,0.024841686943512447,none,30.0,95,2,monophasic
Modulated_autosave_20260715_170032_049ms,Ext. digitorum (R),R_The_ED_FD_FCR B,1,0.7942811762902124,8.794281176290212,32.359809372573324,0.042298007756471634,0.042298007756471634,none,30.0,100,2,monophasic
Modulated_autosave_20260715_170032_049ms,Ext. digitorum (R),R_The_ED_FD_FCR B,2,33.359809372573324,41.359809372573324,65.71961874514665,0.016449226057028497,0.016449226057028497,none,30.0,100,2,monophasic
Modulated_autosave_20260715_170032_049ms,Ext. digitorum (R),R_The_ED_FD_FCR B,3,66.71961874514665,74.71961874514665,99.07942811771997,0.028870070353150368,0.028870070353150368,none,30.0,100,2,monophasic
Modulated_autosave_20260715_170032_049ms,Ext. digitorum (R),R_The_ED_FD_FCR B,4,100.07942811771997,108.07942811771997,132.43923749029685,0.033234150148141364,0.033234150148141364,none,30.0,100,2,monophasic
Modulated_autosave_20260715_170032_049ms,Ext. digitorum (R),R_The_ED_FD_FCR B,5,133.43923749029685,141.43923749029685,165.79904686287017,0.01980621088293322,0.01980621088293322,none,30.0,100,2,monophasic
Modulated_autosave_20260715_170032_049ms,Ext. digitorum (R),R_The_ED_FD_FCR B,6,166.79904686287017,174.79904686287017,199.1588562354435,0.0278629744425416,0.0278629744425416,none,30.0,100,2,monophasic
Modulated_autosave_20260715_170032_049ms,Ext. digitorum (R),R_The_ED_FD_FCR B,7,200.1588562354435,208.1588562354435,232.51866560801682,0.0394445713609457,0.0394445713609457,none,30.0,100,2,monophasic
Modulated_autosave_20260715_170032_049ms,Ext. digitorum (R),R_The_ED_FD_FCR B,8,233.51866560801682,241.51866560801682,265.8784749805937,0.01913481391651621,0.01913481391651621,none,30.0,100,2,monophasic
Modulated_autosave_20260715_170032_049ms,Ext. digitorum (R),R_The_ED_FD_FCR B,9,266.8784749805937,274.8784749805937,299.23828435316705,0.006546120155393947,0.006546120155393947,none,30.0,100,2,monophasic
Modulated_autosave_20260715_170032_049ms,Ext. digitorum (R),R_The_ED_FD_FCR B,10,300.23828435316705,308.23828435316705,332.59809372574034,0.03457694407547149,0.03457694407547149,none,30.0,100,2,monophasic
Modulated_autosave_20260715_170032_049ms,Ext. digitorum (R),R_The_ED_FD_FCR B,1,0.7942811762902124,8.794281176290212,32.359809372573324,0.05354390945285559,0.05354390945285559,none,30.0,105,2,monophasic
Modulated_autosave_20260715_170032_049ms,Ext. digitorum (R),R_The_ED_FD_FCR B,2,33.359809372573324,41.359809372573324,65.71961874514665,0.04431220143443329,0.04431220143443329,none,30.0,105,2,monophasic
Modulated_autosave_20260715_170032_049ms,Ext. digitorum (R),R_The_ED_FD_FCR B,3,66.71961874514665,74.71961874514665,99.07942811771997,0.043640803548467236,0.043640803548467236,none,30.0,105,2,monophasic
Modulated_autosave_20260715_170032_049ms,Ext. digitorum (R),R_The_ED_FD_FCR B,4,100.07942811771997,108.07942811771997,132.43923749029685,0.03373769809574813,0.03373769809574813,none,30.0,105,2,monophasic
Modulated_autosave_20260715_170032_049ms,Ext. digitorum (R),R_The_ED_FD_FCR B,5,133.43923749029685,141.43923749029685,165.79904686287017,0.041626611708355896,0.041626611708355896,none,30.0,105,2,monophasic
Modulated_autosave_20260715_170032_049ms,Ext. digitorum (R),R_The_ED_FD_FCR B,6,166.79904686287017,174.79904686287017,199.1588562354435,0.026184481307872324,0.026184481307872324,none,30.0,105,2,monophasic
Modulated_autosave_20260715_170032_049ms,Ext. digitorum (R),R_The_ED_FD_FCR B,7,200.1588562354435,208.1588562354435,232.51866560801682,0.04800488237739015,0.04800488237739015,none,30.0,105,2,monophasic
Modulated_autosave_20260715_170032_049ms,Ext. digitorum (R),R_The_ED_FD_FCR B,8,233.51866560801682,241.51866560801682,265.8784749805937,0.02887006940958578,0.02887006940958578,none,30.0,105,2,monophasic
Modulated_autosave_20260715_170032_049ms,Ext. digitorum (R),R_The_ED_FD_FCR B,9,266.8784749805937,274.8784749805937,299.23828435316705,0.02685587944456285,0.02685587944456285,none,30.0,105,2,monophasic
Modulated_autosave_20260715_170032_049ms,Ext. digitorum (R),R_The_ED_FD_FCR B,10,300.23828435316705,308.23828435316705,332.59809372574034,0.03994812068825295,0.03994812068825295,none,30.0,105,2,monophasic
Modulated_autosave_20260715_170032_049ms,Ext. digitorum (R),R_The_ED_FD_FCR B,1,0.7942811762902124,8.794281176290212,32.359809372573324,0.046997786266729236,0.046997786266729236,none,30.0,110,2,monophasic
Modulated_autosave_20260715_170032_049ms,Ext. digitorum (R),R_The_ED_FD_FCR B,2,33.359809372573324,41.359809372573324,65.71961874514665,0.05304036100710558,0.05304036100710558,none,30.0,110,2,monophasic
Modulated_autosave_20260715_170032_049ms,Ext. digitorum (R),R_The_ED_FD_FCR B,3,66.71961874514665,74.71961874514665,99.07942811771997,0.040283817808759094,0.040283817808759094,none,30.0,110,2,monophasic
Modulated_autosave_20260715_170032_049ms,Ext. digitorum (R),R_The_ED_FD_FCR B,4,100.07942811771997,108.07942811771997,132.43923749029685,0.0584115358045935,0.0584115358045935,none,30.0,110,2,monophasic
Modulated_autosave_20260715_170032_049ms,Ext. digitorum (R),R_The_ED_FD_FCR B,5,133.43923749029685,141.43923749029685,165.79904686287017,0.04364080168300972,0.04364080168300972,none,30.0,110,2,monophasic
Modulated_autosave_20260715_170032_049ms,Ext. digitorum (R),R_The_ED_FD_FCR B,6,166.79904686287017,174.79904686287017,199.1588562354435,0.04666208849616087,0.04666208849616087,none,30.0,110,2,monophasic
Modulated_autosave_20260715_170032_049ms,Ext. digitorum (R),R_The_ED_FD_FCR B,7,200.1588562354435,208.1588562354435,232.51866560801682,0.03289845259388076,0.03289845259388076,none,30.0,110,2,monophasic
Modulated_autosave_20260715_170032_049ms,Ext. digitorum (R),R_The_ED_FD_FCR B,8,233.51866560801682,241.51866560801682,265.8784749805937,0.045319294556975365,0.045319294556975365,none,30.0,110,2,monophasic
Modulated_autosave_20260715_170032_049ms,Ext. digitorum (R),R_The_ED_FD_FCR B,9,266.8784749805937,274.8784749805937,299.23828435316705,0.03440909460180673,0.03440909460180673,none,30.0,110,2,monophasic
Modulated_autosave_20260715_170032_049ms,Ext. digitorum (R),R_The_ED_FD_FCR B,10,300.23828435316705,308.23828435316705,332.59809372574034,0.0357518880627619,0.0357518880627619,none,30.0,110,2,monophasic
Modulated_autosave_20260715_170032_049ms,Ext. digitorum (R),R_The_ED_FD_FCR B,1,0.7942811762902124,8.794281176290212,32.359809372573324,0.08291752636432648,0.08291752636432648,none,30.0,115,2,monophasic
Modulated_autosave_20260715_170032_049ms,Ext. digitorum (R),R_The_ED_FD_FCR B,2,33.359809372573324,41.359809372573324,65.71961874514665,0.052033264645981514,0.052033264645981514,none,30.0,115,2,monophasic
Modulated_autosave_20260715_170032_049ms,Ext. digitorum (R),R_The_ED_FD_FCR B,3,66.71961874514665,74.71961874514665,99.07942811771997,0.0429694051771698,0.0429694051771698,none,30.0,115,2,monophasic
Modulated_autosave_20260715_170032_049ms,Ext. digitorum (R),R_The_ED_FD_FCR B,4,100.07942811771997,108.07942811771997,132.43923749029685,0.06646829843521118,0.06646829843521118,none,30.0,115,2,monophasic
Modulated_autosave_20260715_170032_049ms,Ext. digitorum (R),R_The_ED_FD_FCR B,5,133.43923749029685,141.43923749029685,165.79904686287017,0.05371175752949091,0.05371175752949091,none,30.0,115,2,monophasic
Modulated_autosave_20260715_170032_049ms,Ext. digitorum (R),R_The_ED_FD_FCR B,6,166.79904686287017,174.79904686287017,199.1588562354435,0.0335698490942716,0.0335698490942716,none,30.0,115,2,monophasic
Modulated_autosave_20260715_170032_049ms,Ext. digitorum (R),R_The_ED_FD_FCR B,7,200.1588562354435,208.1588562354435,232.51866560801682,0.06747539337579682,0.06747539337579682,none,30.0,115,2,monophasic
Modulated_autosave_20260715_170032_049ms,Ext. digitorum (R),R_The_ED_FD_FCR B,8,233.51866560801682,241.51866560801682,265.8784749805937,0.05270466208457947,0.05270466208457947,none,30.0,115,2,monophasic
Modulated_autosave_20260715_170032_049ms,Ext. digitorum (R),R_The_ED_FD_FCR B,9,266.8784749805937,274.8784749805937,299.23828435316705,0.044144350995381526,0.044144350995381526,none,30.0,115,2,monophasic
Modulated_autosave_20260715_170032_049ms,Ext. digitorum (R),R_The_ED_FD_FCR B,10,300.23828435316705,308.23828435316705,332.59809372574034,0.06344701442852811,0.06344701442852811,none,30.0,115,2,monophasic
Modulated_autosave_20260715_170032_049ms,Ext. digitorum (R),R_The_ED_FD_FCR B,1,0.7942811762902124,8.794281176290212,32.359809372573324,0.06680399924516678,0.06680399924516678,none,30.0,120,2,monophasic
Modulated_autosave_20260715_170032_049ms,Ext. digitorum (R),R_The_ED_FD_FCR B,2,33.359809372573324,41.359809372573324,65.71961874514665,0.05841153578807061,0.05841153578807061,none,30.0,120,2,monophasic
Modulated_autosave_20260715_170032_049ms,Ext. digitorum (R),R_The_ED_FD_FCR B,3,66.71961874514665,74.71961874514665,99.07942811771997,0.0693217366813835,0.0693217366813835,none,30.0,120,2,monophasic
Modulated_autosave_20260715_170032_049ms,Ext. digitorum (R),R_The_ED_FD_FCR B,4,100.07942811771997,108.07942811771997,132.43923749029685,0.051026168279349804,0.051026168279349804,none,30.0,120,2,monophasic
Modulated_autosave_20260715_170032_049ms,Ext. digitorum (R),R_The_ED_FD_FCR B,5,133.43923749029685,141.43923749029685,165.79904686287017,0.05723659042260808,0.05723659042260808,none,30.0,120,2,monophasic
Modulated_autosave_20260715_170032_049ms,Ext. digitorum (R),R_The_ED_FD_FCR B,6,166.79904686287017,174.79904686287017,199.1588562354435,0.06378271151334047,0.06378271151334047,none,30.0,120,2,monophasic
Modulated_autosave_20260715_170032_049ms,Ext. digitorum (R),R_The_ED_FD_FCR B,7,200.1588562354435,208.1588562354435,232.51866560801682,0.056061647832393646,0.056061647832393646,none,30.0,120,2,monophasic
Modulated_autosave_20260715_170032_049ms,Ext. digitorum (R),R_The_ED_FD_FCR B,8,233.51866560801682,241.51866560801682,265.8784749805937,0.055558098217262084,0.055558098217262084,none,30.0,120,2,monophasic
Modulated_autosave_20260715_170032_049ms,Ext. digitorum (R),R_The_ED_FD_FCR B,9,266.8784749805937,274.8784749805937,299.23828435316705,0.0605935752248149,0.0605935752248149,none,30.0,120,2,monophasic
Modulated_autosave_20260715_170032_049ms,Ext. digitorum (R),R_The_ED_FD_FCR B,10,300.23828435316705,308.23828435316705,332.59809372574034,0.06009002864740518,0.06009002864740518,none,30.0,120,2,monophasic
Modulated_autosave_20260715_170032_049ms,Ext. digitorum (R),R_The_ED_FD_FCR B,1,0.7942811762902124,8.794281176290212,32.359809372573324,0.12320134416222572,0.12320134416222572,none,30.0,125,2,monophasic
Modulated_autosave_20260715_170032_049ms,Ext. digitorum (R),R_The_ED_FD_FCR B,2,33.359809372573324,41.359809372573324,65.71961874514665,0.04129091369532905,0.04129091369532905,none,30.0,125,2,monophasic
Modulated_autosave_20260715_170032_049ms,Ext. digitorum (R),R_The_ED_FD_FCR B,3,66.71961874514665,74.71961874514665,99.07942811771997,0.06546120159170624,0.06546120159170624,none,30.0,125,2,monophasic
Modulated_autosave_20260715_170032_049ms,Ext. digitorum (R),R_The_ED_FD_FCR B,4,100.07942811771997,108.07942811771997,132.43923749029685,0.10960555447588027,0.10960555447588027,none,30.0,125,2,monophasic
Modulated_autosave_20260715_170032_049ms,Ext. digitorum (R),R_The_ED_FD_FCR B,5,133.43923749029685,141.43923749029685,165.79904686287017,0.05639734375032759,0.05639734375032759,none,30.0,125,2,monophasic
Modulated_autosave_20260715_170032_049ms,Ext. digitorum (R),R_The_ED_FD_FCR B,6,166.79904686287017,174.79904686287017,199.1588562354435,0.05925078131258488,0.05925078131258488,none,30.0,125,2,monophasic
Modulated_autosave_20260715_170032_049ms,Ext. digitorum (R),R_The_ED_FD_FCR B,7,200.1588562354435,208.1588562354435,232.51866560801682,0.06814679224044085,0.06814679224044085,none,30.0,125,2,monophasic
Modulated_autosave_20260715_170032_049ms,Ext. digitorum (R),R_The_ED_FD_FCR B,8,233.51866560801682,241.51866560801682,265.8784749805937,0.05555810031431749,0.05555810031431749,none,30.0,125,2,monophasic
Modulated_autosave_20260715_170032_049ms,Ext. digitorum (R),R_The_ED_FD_FCR B,9,266.8784749805937,274.8784749805937,299.23828435316705,0.048004881463503395,0.048004881463503395,none,30.0,125,2,monophasic
Modulated_autosave_20260715_170032_049ms,Ext. digitorum (R),R_The_ED_FD_FCR B,10,300.23828435316705,308.23828435316705,332.59809372574034,0.04716563643435152,0.04716563643435152,none,30.0,125,2,monophasic
Modulated_autosave_20260715_170032_049ms,Flex. digitorum (R),R_The_ED_FD_FCR C,1,0.7942811762902124,8.794281176290212,32.359809372573324,,,none,30.0,30,2,monophasic
Modulated_autosave_20260715_170032_049ms,Flex. digitorum (R),R_The_ED_FD_FCR C,2,33.359809372573324,41.359809372573324,65.71961874514665,,,none,30.0,30,2,monophasic
Modulated_autosave_20260715_170032_049ms,Flex. digitorum (R),R_The_ED_FD_FCR C,3,66.71961874514665,74.71961874514665,99.07942811771997,,,none,30.0,30,2,monophasic
Modulated_autosave_20260715_170032_049ms,Flex. digitorum (R),R_The_ED_FD_FCR C,4,100.07942811771997,108.07942811771997,132.43923749029685,,,none,30.0,30,2,monophasic
Modulated_autosave_20260715_170032_049ms,Flex. digitorum (R),R_The_ED_FD_FCR C,5,133.43923749029685,141.43923749029685,165.79904686287017,,,none,30.0,30,2,monophasic
Modulated_autosave_20260715_170032_049ms,Flex. digitorum (R),R_The_ED_FD_FCR C,6,166.79904686287017,174.79904686287017,199.1588562354435,,,none,30.0,30,2,monophasic
Modulated_autosave_20260715_170032_049ms,Flex. digitorum (R),R_The_ED_FD_FCR C,7,200.1588562354435,208.1588562354435,232.51866560801682,,,none,30.0,30,2,monophasic
Modulated_autosave_20260715_170032_049ms,Flex. digitorum (R),R_The_ED_FD_FCR C,8,233.51866560801682,241.51866560801682,265.8784749805937,,,none,30.0,30,2,monophasic
Modulated_autosave_20260715_170032_049ms,Flex. digitorum (R),R_The_ED_FD_FCR C,9,266.8784749805937,274.8784749805937,299.23828435316705,,,none,30.0,30,2,monophasic
Modulated_autosave_20260715_170032_049ms,Flex. digitorum (R),R_The_ED_FD_FCR C,10,300.23828435316705,308.23828435316705,332.59809372574034,,,none,30.0,30,2,monophasic
Modulated_autosave_20260715_170032_049ms,Flex. digitorum (R),R_The_ED_FD_FCR C,1,0.7942811762902124,8.794281176290212,32.359809372573324,,,none,30.0,35,2,monophasic
Modulated_autosave_20260715_170032_049ms,Flex. digitorum (R),R_The_ED_FD_FCR C,2,33.359809372573324,41.359809372573324,65.71961874514665,,,none,30.0,35,2,monophasic
Modulated_autosave_20260715_170032_049ms,Flex. digitorum (R),R_The_ED_FD_FCR C,3,66.71961874514665,74.71961874514665,99.07942811771997,,,none,30.0,35,2,monophasic
Modulated_autosave_20260715_170032_049ms,Flex. digitorum (R),R_The_ED_FD_FCR C,4,100.07942811771997,108.07942811771997,132.43923749029685,,,none,30.0,35,2,monophasic
Modulated_autosave_20260715_170032_049ms,Flex. digitorum (R),R_The_ED_FD_FCR C,5,133.43923749029685,141.43923749029685,165.79904686287017,,,none,30.0,35,2,monophasic
Modulated_autosave_20260715_170032_049ms,Flex. digitorum (R),R_The_ED_FD_FCR C,6,166.79904686287017,174.79904686287017,199.1588562354435,,,none,30.0,35,2,monophasic
Modulated_autosave_20260715_170032_049ms,Flex. digitorum (R),R_The_ED_FD_FCR C,7,200.1588562354435,208.1588562354435,232.51866560801682,,,none,30.0,35,2,monophasic
Modulated_autosave_20260715_170032_049ms,Flex. digitorum (R),R_The_ED_FD_FCR C,8,233.51866560801682,241.51866560801682,265.8784749805937,,,none,30.0,35,2,monophasic
Modulated_autosave_20260715_170032_049ms,Flex. digitorum (R),R_The_ED_FD_FCR C,9,266.8784749805937,274.8784749805937,299.23828435316705,,,none,30.0,35,2,monophasic
Modulated_autosave_20260715_170032_049ms,Flex. digitorum (R),R_The_ED_FD_FCR C,10,300.23828435316705,308.23828435316705,332.59809372574034,,,none,30.0,35,2,monophasic
Modulated_autosave_20260715_170032_049ms,Flex. digitorum (R),R_The_ED_FD_FCR C,1,0.7942811762902124,8.794281176290212,32.359809372573324,,,none,30.0,40,2,monophasic
Modulated_autosave_20260715_170032_049ms,Flex. digitorum (R),R_The_ED_FD_FCR C,2,33.359809372573324,41.359809372573324,65.71961874514665,,,none,30.0,40,2,monophasic
Modulated_autosave_20260715_170032_049ms,Flex. digitorum (R),R_The_ED_FD_FCR C,3,66.71961874514665,74.71961874514665,99.07942811771997,,,none,30.0,40,2,monophasic
Modulated_autosave_20260715_170032_049ms,Flex. digitorum (R),R_The_ED_FD_FCR C,4,100.07942811771997,108.07942811771997,132.43923749029685,,,none,30.0,40,2,monophasic
Modulated_autosave_20260715_170032_049ms,Flex. digitorum (R),R_The_ED_FD_FCR C,5,133.43923749029685,141.43923749029685,165.79904686287017,,,none,30.0,40,2,monophasic
Modulated_autosave_20260715_170032_049ms,Flex. digitorum (R),R_The_ED_FD_FCR C,6,166.79904686287017,174.79904686287017,199.1588562354435,,,none,30.0,40,2,monophasic
Modulated_autosave_20260715_170032_049ms,Flex. digitorum (R),R_The_ED_FD_FCR C,7,200.1588562354435,208.1588562354435,232.51866560801682,,,none,30.0,40,2,monophasic
Modulated_autosave_20260715_170032_049ms,Flex. digitorum (R),R_The_ED_FD_FCR C,8,233.51866560801682,241.51866560801682,265.8784749805937,,,none,30.0,40,2,monophasic
Modulated_autosave_20260715_170032_049ms,Flex. digitorum (R),R_The_ED_FD_FCR C,9,266.8784749805937,274.8784749805937,299.23828435316705,,,none,30.0,40,2,monophasic
Modulated_autosave_20260715_170032_049ms,Flex. digitorum (R),R_The_ED_FD_FCR C,10,300.23828435316705,308.23828435316705,332.59809372574034,,,none,30.0,40,2,monophasic
Modulated_autosave_20260715_170032_049ms,Flex. digitorum (R),R_The_ED_FD_FCR C,1,0.7942811762902124,8.794281176290212,32.359809372573324,,,none,30.0,45,2,monophasic
Modulated_autosave_20260715_170032_049ms,Flex. digitorum (R),R_The_ED_FD_FCR C,2,33.359809372573324,41.359809372573324,65.71961874514665,,,none,30.0,45,2,monophasic
Modulated_autosave_20260715_170032_049ms,Flex. digitorum (R),R_The_ED_FD_FCR C,3,66.71961874514665,74.71961874514665,99.07942811771997,,,none,30.0,45,2,monophasic
Modulated_autosave_20260715_170032_049ms,Flex. digitorum (R),R_The_ED_FD_FCR C,4,100.07942811771997,108.07942811771997,132.43923749029685,,,none,30.0,45,2,monophasic
Modulated_autosave_20260715_170032_049ms,Flex. digitorum (R),R_The_ED_FD_FCR C,5,133.43923749029685,141.43923749029685,165.79904686287017,,,none,30.0,45,2,monophasic
Modulated_autosave_20260715_170032_049ms,Flex. digitorum (R),R_The_ED_FD_FCR C,6,166.79904686287017,174.79904686287017,199.1588562354435,,,none,30.0,45,2,monophasic
Modulated_autosave_20260715_170032_049ms,Flex. digitorum (R),R_The_ED_FD_FCR C,7,200.1588562354435,208.1588562354435,232.51866560801682,,,none,30.0,45,2,monophasic
Modulated_autosave_20260715_170032_049ms,Flex. digitorum (R),R_The_ED_FD_FCR C,8,233.51866560801682,241.51866560801682,265.8784749805937,,,none,30.0,45,2,monophasic
Modulated_autosave_20260715_170032_049ms,Flex. digitorum (R),R_The_ED_FD_FCR C,9,266.8784749805937,274.8784749805937,299.23828435316705,,,none,30.0,45,2,monophasic
Modulated_autosave_20260715_170032_049ms,Flex. digitorum (R),R_The_ED_FD_FCR C,10,300.23828435316705,308.23828435316705,332.59809372574034,,,none,30.0,45,2,monophasic
Modulated_autosave_20260715_170032_049ms,Flex. digitorum (R),R_The_ED_FD_FCR C,1,0.7942811762902124,8.794281176290212,32.359809372573324,,,none,30.0,50,2,monophasic
Modulated_autosave_20260715_170032_049ms,Flex. digitorum (R),R_The_ED_FD_FCR C,2,33.359809372573324,41.359809372573324,65.71961874514665,,,none,30.0,50,2,monophasic
Modulated_autosave_20260715_170032_049ms,Flex. digitorum (R),R_The_ED_FD_FCR C,3,66.71961874514665,74.71961874514665,99.07942811771997,,,none,30.0,50,2,monophasic
Modulated_autosave_20260715_170032_049ms,Flex. digitorum (R),R_The_ED_FD_FCR C,4,100.07942811771997,108.07942811771997,132.43923749029685,,,none,30.0,50,2,monophasic
Modulated_autosave_20260715_170032_049ms,Flex. digitorum (R),R_The_ED_FD_FCR C,5,133.43923749029685,141.43923749029685,165.79904686287017,,,none,30.0,50,2,monophasic
Modulated_autosave_20260715_170032_049ms,Flex. digitorum (R),R_The_ED_FD_FCR C,6,166.79904686287017,174.79904686287017,199.1588562354435,,,none,30.0,50,2,monophasic
Modulated_autosave_20260715_170032_049ms,Flex. digitorum (R),R_The_ED_FD_FCR C,7,200.1588562354435,208.1588562354435,232.51866560801682,,,none,30.0,50,2,monophasic
Modulated_autosave_20260715_170032_049ms,Flex. digitorum (R),R_The_ED_FD_FCR C,8,233.51866560801682,241.51866560801682,265.8784749805937,,,none,30.0,50,2,monophasic
Modulated_autosave_20260715_170032_049ms,Flex. digitorum (R),R_The_ED_FD_FCR C,9,266.8784749805937,274.8784749805937,299.23828435316705,,,none,30.0,50,2,monophasic
Modulated_autosave_20260715_170032_049ms,Flex. digitorum (R),R_The_ED_FD_FCR C,10,300.23828435316705,308.23828435316705,332.59809372574034,,,none,30.0,50,2,monophasic
Modulated_autosave_20260715_170032_049ms,Flex. digitorum (R),R_The_ED_FD_FCR C,1,0.7942811762902124,8.794281176290212,32.359809372573324,,,none,30.0,55,2,monophasic
Modulated_autosave_20260715_170032_049ms,Flex. digitorum (R),R_The_ED_FD_FCR C,2,33.359809372573324,41.359809372573324,65.71961874514665,,,none,30.0,55,2,monophasic
Modulated_autosave_20260715_170032_049ms,Flex. digitorum (R),R_The_ED_FD_FCR C,3,66.71961874514665,74.71961874514665,99.07942811771997,,,none,30.0,55,2,monophasic
Modulated_autosave_20260715_170032_049ms,Flex. digitorum (R),R_The_ED_FD_FCR C,4,100.07942811771997,108.07942811771997,132.43923749029685,,,none,30.0,55,2,monophasic
Modulated_autosave_20260715_170032_049ms,Flex. digitorum (R),R_The_ED_FD_FCR C,5,133.43923749029685,141.43923749029685,165.79904686287017,,,none,30.0,55,2,monophasic
Modulated_autosave_20260715_170032_049ms,Flex. digitorum (R),R_The_ED_FD_FCR C,6,166.79904686287017,174.79904686287017,199.1588562354435,,,none,30.0,55,2,monophasic
Modulated_autosave_20260715_170032_049ms,Flex. digitorum (R),R_The_ED_FD_FCR C,7,200.1588562354435,208.1588562354435,232.51866560801682,,,none,30.0,55,2,monophasic
Modulated_autosave_20260715_170032_049ms,Flex. digitorum (R),R_The_ED_FD_FCR C,8,233.51866560801682,241.51866560801682,265.8784749805937,,,none,30.0,55,2,monophasic
Modulated_autosave_20260715_170032_049ms,Flex. digitorum (R),R_The_ED_FD_FCR C,9,266.8784749805937,274.8784749805937,299.23828435316705,,,none,30.0,55,2,monophasic
Modulated_autosave_20260715_170032_049ms,Flex. digitorum (R),R_The_ED_FD_FCR C,10,300.23828435316705,308.23828435316705,332.59809372574034,,,none,30.0,55,2,monophasic
Modulated_autosave_20260715_170032_049ms,Flex. digitorum (R),R_The_ED_FD_FCR C,1,0.7942811762902124,8.794281176290212,32.359809372573324,,,none,30.0,60,2,monophasic
Modulated_autosave_20260715_170032_049ms,Flex. digitorum (R),R_The_ED_FD_FCR C,2,33.359809372573324,41.359809372573324,65.71961874514665,,,none,30.0,60,2,monophasic
Modulated_autosave_20260715_170032_049ms,Flex. digitorum (R),R_The_ED_FD_FCR C,3,66.71961874514665,74.71961874514665,99.07942811771997,,,none,30.0,60,2,monophasic
Modulated_autosave_20260715_170032_049ms,Flex. digitorum (R),R_The_ED_FD_FCR C,4,100.07942811771997,108.07942811771997,132.43923749029685,,,none,30.0,60,2,monophasic
Modulated_autosave_20260715_170032_049ms,Flex. digitorum (R),R_The_ED_FD_FCR C,5,133.43923749029685,141.43923749029685,165.79904686287017,,,none,30.0,60,2,monophasic
Modulated_autosave_20260715_170032_049ms,Flex. digitorum (R),R_The_ED_FD_FCR C,6,166.79904686287017,174.79904686287017,199.1588562354435,,,none,30.0,60,2,monophasic
Modulated_autosave_20260715_170032_049ms,Flex. digitorum (R),R_The_ED_FD_FCR C,7,200.1588562354435,208.1588562354435,232.51866560801682,,,none,30.0,60,2,monophasic
Modulated_autosave_20260715_170032_049ms,Flex. digitorum (R),R_The_ED_FD_FCR C,8,233.51866560801682,241.51866560801682,265.8784749805937,,,none,30.0,60,2,monophasic
Modulated_autosave_20260715_170032_049ms,Flex. digitorum (R),R_The_ED_FD_FCR C,9,266.8784749805937,274.8784749805937,299.23828435316705,,,none,30.0,60,2,monophasic
Modulated_autosave_20260715_170032_049ms,Flex. digitorum (R),R_The_ED_FD_FCR C,10,300.23828435316705,308.23828435316705,332.59809372574034,,,none,30.0,60,2,monophasic
Modulated_autosave_20260715_170032_049ms,Flex. digitorum (R),R_The_ED_FD_FCR C,1,0.7942811762902124,8.794281176290212,32.359809372573324,,,none,30.0,65,2,monophasic
Modulated_autosave_20260715_170032_049ms,Flex. digitorum (R),R_The_ED_FD_FCR C,2,33.359809372573324,41.359809372573324,65.71961874514665,,,none,30.0,65,2,monophasic
Modulated_autosave_20260715_170032_049ms,Flex. digitorum (R),R_The_ED_FD_FCR C,3,66.71961874514665,74.71961874514665,99.07942811771997,,,none,30.0,65,2,monophasic
Modulated_autosave_20260715_170032_049ms,Flex. digitorum (R),R_The_ED_FD_FCR C,4,100.07942811771997,108.07942811771997,132.43923749029685,,,none,30.0,65,2,monophasic
Modulated_autosave_20260715_170032_049ms,Flex. digitorum (R),R_The_ED_FD_FCR C,5,133.43923749029685,141.43923749029685,165.79904686287017,,,none,30.0,65,2,monophasic
Modulated_autosave_20260715_170032_049ms,Flex. digitorum (R),R_The_ED_FD_FCR C,6,166.79904686287017,174.79904686287017,199.1588562354435,,,none,30.0,65,2,monophasic
Modulated_autosave_20260715_170032_049ms,Flex. digitorum (R),R_The_ED_FD_FCR C,7,200.1588562354435,208.1588562354435,232.51866560801682,,,none,30.0,65,2,monophasic
Modulated_autosave_20260715_170032_049ms,Flex. digitorum (R),R_The_ED_FD_FCR C,8,233.51866560801682,241.51866560801682,265.8784749805937,,,none,30.0,65,2,monophasic
Modulated_autosave_20260715_170032_049ms,Flex. digitorum (R),R_The_ED_FD_FCR C,9,266.8784749805937,274.8784749805937,299.23828435316705,,,none,30.0,65,2,monophasic
Modulated_autosave_20260715_170032_049ms,Flex. digitorum (R),R_The_ED_FD_FCR C,10,300.23828435316705,308.23828435316705,332.59809372574034,,,none,30.0,65,2,monophasic
Modulated_autosave_20260715_170032_049ms,Flex. digitorum (R),R_The_ED_FD_FCR C,1,0.7942811762902124,8.794281176290212,32.359809372573324,,,none,30.0,70,2,monophasic
Modulated_autosave_20260715_170032_049ms,Flex. digitorum (R),R_The_ED_FD_FCR C,2,33.359809372573324,41.359809372573324,65.71961874514665,,,none,30.0,70,2,monophasic
Modulated_autosave_20260715_170032_049ms,Flex. digitorum (R),R_The_ED_FD_FCR C,3,66.71961874514665,74.71961874514665,99.07942811771997,,,none,30.0,70,2,monophasic
Modulated_autosave_20260715_170032_049ms,Flex. digitorum (R),R_The_ED_FD_FCR C,4,100.07942811771997,108.07942811771997,132.43923749029685,,,none,30.0,70,2,monophasic
Modulated_autosave_20260715_170032_049ms,Flex. digitorum (R),R_The_ED_FD_FCR C,5,133.43923749029685,141.43923749029685,165.79904686287017,,,none,30.0,70,2,monophasic
Modulated_autosave_20260715_170032_049ms,Flex. digitorum (R),R_The_ED_FD_FCR C,6,166.79904686287017,174.79904686287017,199.1588562354435,,,none,30.0,70,2,monophasic
Modulated_autosave_20260715_170032_049ms,Flex. digitorum (R),R_The_ED_FD_FCR C,7,200.1588562354435,208.1588562354435,232.51866560801682,,,none,30.0,70,2,monophasic
Modulated_autosave_20260715_170032_049ms,Flex. digitorum (R),R_The_ED_FD_FCR C,8,233.51866560801682,241.51866560801682,265.8784749805937,,,none,30.0,70,2,monophasic
Modulated_autosave_20260715_170032_049ms,Flex. digitorum (R),R_The_ED_FD_FCR C,9,266.8784749805937,274.8784749805937,299.23828435316705,,,none,30.0,70,2,monophasic
Modulated_autosave_20260715_170032_049ms,Flex. digitorum (R),R_The_ED_FD_FCR C,10,300.23828435316705,308.23828435316705,332.59809372574034,,,none,30.0,70,2,monophasic
Modulated_autosave_20260715_170032_049ms,Flex. digitorum (R),R_The_ED_FD_FCR C,1,0.7942811762902124,8.794281176290212,32.359809372573324,,,none,30.0,75,2,monophasic
Modulated_autosave_20260715_170032_049ms,Flex. digitorum (R),R_The_ED_FD_FCR C,2,33.359809372573324,41.359809372573324,65.71961874514665,,,none,30.0,75,2,monophasic
Modulated_autosave_20260715_170032_049ms,Flex. digitorum (R),R_The_ED_FD_FCR C,3,66.71961874514665,74.71961874514665,99.07942811771997,,,none,30.0,75,2,monophasic
Modulated_autosave_20260715_170032_049ms,Flex. digitorum (R),R_The_ED_FD_FCR C,4,100.07942811771997,108.07942811771997,132.43923749029685,,,none,30.0,75,2,monophasic
Modulated_autosave_20260715_170032_049ms,Flex. digitorum (R),R_The_ED_FD_FCR C,5,133.43923749029685,141.43923749029685,165.79904686287017,,,none,30.0,75,2,monophasic
Modulated_autosave_20260715_170032_049ms,Flex. digitorum (R),R_The_ED_FD_FCR C,6,166.79904686287017,174.79904686287017,199.1588562354435,,,none,30.0,75,2,monophasic
Modulated_autosave_20260715_170032_049ms,Flex. digitorum (R),R_The_ED_FD_FCR C,7,200.1588562354435,208.1588562354435,232.51866560801682,,,none,30.0,75,2,monophasic
Modulated_autosave_20260715_170032_049ms,Flex. digitorum (R),R_The_ED_FD_FCR C,8,233.51866560801682,241.51866560801682,265.8784749805937,,,none,30.0,75,2,monophasic
Modulated_autosave_20260715_170032_049ms,Flex. digitorum (R),R_The_ED_FD_FCR C,9,266.8784749805937,274.8784749805937,299.23828435316705,,,none,30.0,75,2,monophasic
Modulated_autosave_20260715_170032_049ms,Flex. digitorum (R),R_The_ED_FD_FCR C,10,300.23828435316705,308.23828435316705,332.59809372574034,,,none,30.0,75,2,monophasic
Modulated_autosave_20260715_170032_049ms,Flex. digitorum (R),R_The_ED_FD_FCR C,1,0.7942811762902124,8.794281176290212,32.359809372573324,,,none,30.0,80,2,monophasic
Modulated_autosave_20260715_170032_049ms,Flex. digitorum (R),R_The_ED_FD_FCR C,2,33.359809372573324,41.359809372573324,65.71961874514665,,,none,30.0,80,2,monophasic
Modulated_autosave_20260715_170032_049ms,Flex. digitorum (R),R_The_ED_FD_FCR C,3,66.71961874514665,74.71961874514665,99.07942811771997,,,none,30.0,80,2,monophasic
Modulated_autosave_20260715_170032_049ms,Flex. digitorum (R),R_The_ED_FD_FCR C,4,100.07942811771997,108.07942811771997,132.43923749029685,,,none,30.0,80,2,monophasic
Modulated_autosave_20260715_170032_049ms,Flex. digitorum (R),R_The_ED_FD_FCR C,5,133.43923749029685,141.43923749029685,165.79904686287017,,,none,30.0,80,2,monophasic
Modulated_autosave_20260715_170032_049ms,Flex. digitorum (R),R_The_ED_FD_FCR C,6,166.79904686287017,174.79904686287017,199.1588562354435,,,none,30.0,80,2,monophasic
Modulated_autosave_20260715_170032_049ms,Flex. digitorum (R),R_The_ED_FD_FCR C,7,200.1588562354435,208.1588562354435,232.51866560801682,,,none,30.0,80,2,monophasic
Modulated_autosave_20260715_170032_049ms,Flex. digitorum (R),R_The_ED_FD_FCR C,8,233.51866560801682,241.51866560801682,265.8784749805937,,,none,30.0,80,2,monophasic
Modulated_autosave_20260715_170032_049ms,Flex. digitorum (R),R_The_ED_FD_FCR C,9,266.8784749805937,274.8784749805937,299.23828435316705,,,none,30.0,80,2,monophasic
Modulated_autosave_20260715_170032_049ms,Flex. digitorum (R),R_The_ED_FD_FCR C,10,300.23828435316705,308.23828435316705,332.59809372574034,,,none,30.0,80,2,monophasic
Modulated_autosave_20260715_170032_049ms,Flex. digitorum (R),R_The_ED_FD_FCR C,1,0.7942811762902124,8.794281176290212,32.359809372573324,,,none,30.0,85,2,monophasic
Modulated_autosave_20260715_170032_049ms,Flex. digitorum (R),R_The_ED_FD_FCR C,2,33.359809372573324,41.359809372573324,65.71961874514665,,,none,30.0,85,2,monophasic
Modulated_autosave_20260715_170032_049ms,Flex. digitorum (R),R_The_ED_FD_FCR C,3,66.71961874514665,74.71961874514665,99.07942811771997,,,none,30.0,85,2,monophasic
Modulated_autosave_20260715_170032_049ms,Flex. digitorum (R),R_The_ED_FD_FCR C,4,100.07942811771997,108.07942811771997,132.43923749029685,,,none,30.0,85,2,monophasic
Modulated_autosave_20260715_170032_049ms,Flex. digitorum (R),R_The_ED_FD_FCR C,5,133.43923749029685,141.43923749029685,165.79904686287017,,,none,30.0,85,2,monophasic
Modulated_autosave_20260715_170032_049ms,Flex. digitorum (R),R_The_ED_FD_FCR C,6,166.79904686287017,174.79904686287017,199.1588562354435,,,none,30.0,85,2,monophasic
Modulated_autosave_20260715_170032_049ms,Flex. digitorum (R),R_The_ED_FD_FCR C,7,200.1588562354435,208.1588562354435,232.51866560801682,,,none,30.0,85,2,monophasic
Modulated_autosave_20260715_170032_049ms,Flex. digitorum (R),R_The_ED_FD_FCR C,8,233.51866560801682,241.51866560801682,265.8784749805937,,,none,30.0,85,2,monophasic
Modulated_autosave_20260715_170032_049ms,Flex. digitorum (R),R_The_ED_FD_FCR C,9,266.8784749805937,274.8784749805937,299.23828435316705,,,none,30.0,85,2,monophasic
Modulated_autosave_20260715_170032_049ms,Flex. digitorum (R),R_The_ED_FD_FCR C,10,300.23828435316705,308.23828435316705,332.59809372574034,,,none,30.0,85,2,monophasic
Modulated_autosave_20260715_170032_049ms,Flex. digitorum (R),R_The_ED_FD_FCR C,1,0.7942811762902124,8.794281176290212,32.359809372573324,,,none,30.0,90,2,monophasic
Modulated_autosave_20260715_170032_049ms,Flex. digitorum (R),R_The_ED_FD_FCR C,2,33.359809372573324,41.359809372573324,65.71961874514665,,,none,30.0,90,2,monophasic
Modulated_autosave_20260715_170032_049ms,Flex. digitorum (R),R_The_ED_FD_FCR C,3,66.71961874514665,74.71961874514665,99.07942811771997,,,none,30.0,90,2,monophasic
Modulated_autosave_20260715_170032_049ms,Flex. digitorum (R),R_The_ED_FD_FCR C,4,100.07942811771997,108.07942811771997,132.43923749029685,,,none,30.0,90,2,monophasic
Modulated_autosave_20260715_170032_049ms,Flex. digitorum (R),R_The_ED_FD_FCR C,5,133.43923749029685,141.43923749029685,165.79904686287017,,,none,30.0,90,2,monophasic
Modulated_autosave_20260715_170032_049ms,Flex. digitorum (R),R_The_ED_FD_FCR C,6,166.79904686287017,174.79904686287017,199.1588562354435,,,none,30.0,90,2,monophasic
Modulated_autosave_20260715_170032_049ms,Flex. digitorum (R),R_The_ED_FD_FCR C,7,200.1588562354435,208.1588562354435,232.51866560801682,,,none,30.0,90,2,monophasic
Modulated_autosave_20260715_170032_049ms,Flex. digitorum (R),R_The_ED_FD_FCR C,8,233.51866560801682,241.51866560801682,265.8784749805937,,,none,30.0,90,2,monophasic
Modulated_autosave_20260715_170032_049ms,Flex. digitorum (R),R_The_ED_FD_FCR C,9,266.8784749805937,274.8784749805937,299.23828435316705,,,none,30.0,90,2,monophasic
Modulated_autosave_20260715_170032_049ms,Flex. digitorum (R),R_The_ED_FD_FCR C,10,300.23828435316705,308.23828435316705,332.59809372574034,,,none,30.0,90,2,monophasic
Modulated_autosave_20260715_170032_049ms,Flex. digitorum (R),R_The_ED_FD_FCR C,1,0.7942811762902124,8.794281176290212,32.359809372573324,,,none,30.0,95,2,monophasic
Modulated_autosave_20260715_170032_049ms,Flex. digitorum (R),R_The_ED_FD_FCR C,2,33.359809372573324,41.359809372573324,65.71961874514665,,,none,30.0,95,2,monophasic
Modulated_autosave_20260715_170032_049ms,Flex. digitorum (R),R_The_ED_FD_FCR C,3,66.71961874514665,74.71961874514665,99.07942811771997,,,none,30.0,95,2,monophasic
Modulated_autosave_20260715_170032_049ms,Flex. digitorum (R),R_The_ED_FD_FCR C,4,100.07942811771997,108.07942811771997,132.43923749029685,,,none,30.0,95,2,monophasic
Modulated_autosave_20260715_170032_049ms,Flex. digitorum (R),R_The_ED_FD_FCR C,5,133.43923749029685,141.43923749029685,165.79904686287017,,,none,30.0,95,2,monophasic
Modulated_autosave_20260715_170032_049ms,Flex. digitorum (R),R_The_ED_FD_FCR C,6,166.79904686287017,174.79904686287017,199.1588562354435,,,none,30.0,95,2,monophasic
Modulated_autosave_20260715_170032_049ms,Flex. digitorum (R),R_The_ED_FD_FCR C,7,200.1588562354435,208.1588562354435,232.51866560801682,,,none,30.0,95,2,monophasic
Modulated_autosave_20260715_170032_049ms,Flex. digitorum (R),R_The_ED_FD_FCR C,8,233.51866560801682,241.51866560801682,265.8784749805937,,,none,30.0,95,2,monophasic
Modulated_autosave_20260715_170032_049ms,Flex. digitorum (R),R_The_ED_FD_FCR C,9,266.8784749805937,274.8784749805937,299.23828435316705,,,none,30.0,95,2,monophasic
Modulated_autosave_20260715_170032_049ms,Flex. digitorum (R),R_The_ED_FD_FCR C,10,300.23828435316705,308.23828435316705,332.59809372574034,,,none,30.0,95,2,monophasic
Modulated_autosave_20260715_170032_049ms,Flex. digitorum (R),R_The_ED_FD_FCR C,1,0.7942811762902124,8.794281176290212,32.359809372573324,,,none,30.0,100,2,monophasic
Modulated_autosave_20260715_170032_049ms,Flex. digitorum (R),R_The_ED_FD_FCR C,2,33.359809372573324,41.359809372573324,65.71961874514665,,,none,30.0,100,2,monophasic
Modulated_autosave_20260715_170032_049ms,Flex. digitorum (R),R_The_ED_FD_FCR C,3,66.71961874514665,74.71961874514665,99.07942811771997,,,none,30.0,100,2,monophasic
Modulated_autosave_20260715_170032_049ms,Flex. digitorum (R),R_The_ED_FD_FCR C,4,100.07942811771997,108.07942811771997,132.43923749029685,,,none,30.0,100,2,monophasic
Modulated_autosave_20260715_170032_049ms,Flex. digitorum (R),R_The_ED_FD_FCR C,5,133.43923749029685,141.43923749029685,165.79904686287017,,,none,30.0,100,2,monophasic
Modulated_autosave_20260715_170032_049ms,Flex. digitorum (R),R_The_ED_FD_FCR C,6,166.79904686287017,174.79904686287017,199.1588562354435,,,none,30.0,100,2,monophasic
Modulated_autosave_20260715_170032_049ms,Flex. digitorum (R),R_The_ED_FD_FCR C,7,200.1588562354435,208.1588562354435,232.51866560801682,,,none,30.0,100,2,monophasic
Modulated_autosave_20260715_170032_049ms,Flex. digitorum (R),R_The_ED_FD_FCR C,8,233.51866560801682,241.51866560801682,265.8784749805937,,,none,30.0,100,2,monophasic
Modulated_autosave_20260715_170032_049ms,Flex. digitorum (R),R_The_ED_FD_FCR C,9,266.8784749805937,274.8784749805937,299.23828435316705,,,none,30.0,100,2,monophasic
Modulated_autosave_20260715_170032_049ms,Flex. digitorum (R),R_The_ED_FD_FCR C,10,300.23828435316705,308.23828435316705,332.59809372574034,,,none,30.0,100,2,monophasic
Modulated_autosave_20260715_170032_049ms,Flex. digitorum (R),R_The_ED_FD_FCR C,1,0.7942811762902124,8.794281176290212,32.359809372573324,0.061768522253260016,0.061768522253260016,none,30.0,105,2,monophasic
Modulated_autosave_20260715_170032_049ms,Flex. digitorum (R),R_The_ED_FD_FCR C,2,33.359809372573324,41.359809372573324,65.71961874514665,0.0778820477390646,0.0778820477390646,none,30.0,105,2,monophasic
Modulated_autosave_20260715_170032_049ms,Flex. digitorum (R),R_The_ED_FD_FCR C,3,66.71961874514665,74.71961874514665,99.07942811771997,0.05471885387865227,0.05471885387865227,none,30.0,105,2,monophasic
Modulated_autosave_20260715_170032_049ms,Flex. digitorum (R),R_The_ED_FD_FCR C,4,100.07942811771997,108.07942811771997,132.43923749029685,0.006546121083542293,0.006546121083542293,none,30.0,105,2,monophasic
Modulated_autosave_20260715_170032_049ms,Flex. digitorum (R),R_The_ED_FD_FCR C,5,133.43923749029685,141.43923749029685,165.79904686287017,0.07687495088257737,0.07687495088257737,none,30.0,105,2,monophasic
Modulated_autosave_20260715_170032_049ms,Flex. digitorum (R),R_The_ED_FD_FCR C,6,166.79904686287017,174.79904686287017,199.1588562354435,0.00738536612982743,0.00738536612982743,none,30.0,105,2,monophasic
Modulated_autosave_20260715_170032_049ms,Flex. digitorum (R),R_The_ED_FD_FCR C,7,200.1588562354435,208.1588562354435,232.51866560801682,0.008056763551318406,0.008056763551318406,none,30.0,105,2,monophasic
Modulated_autosave_20260715_170032_049ms,Flex. digitorum (R),R_The_ED_FD_FCR C,8,233.51866560801682,241.51866560801682,265.8784749805937,0.07553215694092635,0.07553215694092635,none,30.0,105,2,monophasic
Modulated_autosave_20260715_170032_049ms,Flex. digitorum (R),R_The_ED_FD_FCR C,9,266.8784749805937,274.8784749805937,299.23828435316705,0.005706874420074353,0.005706874420074353,none,30.0,105,2,monophasic
Modulated_autosave_20260715_170032_049ms,Flex. digitorum (R),R_The_ED_FD_FCR C,10,300.23828435316705,308.23828435316705,332.59809372574034,0.006378270683312242,0.006378270683312242,none,30.0,105,2,monophasic
Modulated_autosave_20260715_170032_049ms,Flex. digitorum (R),R_The_ED_FD_FCR C,1,0.7942811762902124,8.794281176290212,32.359809372573324,0.0532082081772387,0.0532082081772387,none,30.0,110,2,monophasic
Modulated_autosave_20260715_170032_049ms,Flex. digitorum (R),R_The_ED_FD_FCR C,2,33.359809372573324,41.359809372573324,65.71961874514665,0.06076142373371582,0.06076142373371582,none,30.0,110,2,monophasic
Modulated_autosave_20260715_170032_049ms,Flex. digitorum (R),R_The_ED_FD_FCR C,3,66.71961874514665,74.71961874514665,99.07942811771997,0.03994811790307518,0.03994811790307518,none,30.0,110,2,monophasic
Modulated_autosave_20260715_170032_049ms,Flex. digitorum (R),R_The_ED_FD_FCR C,4,100.07942811771997,108.07942811771997,132.43923749029685,0.013763637284700595,0.013763637284700595,none,30.0,110,2,monophasic
Modulated_autosave_20260715_170032_049ms,Flex. digitorum (R),R_The_ED_FD_FCR C,5,133.43923749029685,141.43923749029685,165.79904686287017,0.06680399736108122,0.06680399736108122,none,30.0,110,2,monophasic
Modulated_autosave_20260715_170032_049ms,Flex. digitorum (R),R_The_ED_FD_FCR C,6,166.79904686287017,174.79904686287017,199.1588562354435,0.041290911824195725,0.041290911824195725,none,30.0,110,2,monophasic
Modulated_autosave_20260715_170032_049ms,Flex. digitorum (R),R_The_ED_FD_FCR C,7,200.1588562354435,208.1588562354435,232.51866560801682,0.01409933716058731,0.01409933716058731,none,30.0,110,2,monophasic
Modulated_autosave_20260715_170032_049ms,Flex. digitorum (R),R_The_ED_FD_FCR C,8,233.51866560801682,241.51866560801682,265.8784749805937,0.06126497499309088,0.06126497499309088,none,30.0,110,2,monophasic
Modulated_autosave_20260715_170032_049ms,Flex. digitorum (R),R_The_ED_FD_FCR C,9,266.8784749805937,274.8784749805937,299.23828435316705,0.004867628216723362,0.004867628216723362,none,30.0,110,2,monophasic
Modulated_autosave_20260715_170032_049ms,Flex. digitorum (R),R_The_ED_FD_FCR C,10,300.23828435316705,308.23828435316705,332.59809372574034,0.058579383875560734,0.058579383875560734,none,30.0,110,2,monophasic
Modulated_autosave_20260715_170032_049ms,Flex. digitorum (R),R_The_ED_FD_FCR C,1,0.7942811762902124,8.794281176290212,32.359809372573324,0.0481727309525013,0.0481727309525013,none,30.0,115,2,monophasic
Modulated_autosave_20260715_170032_049ms,Flex. digitorum (R),R_The_ED_FD_FCR C,2,33.359809372573324,41.359809372573324,65.71961874514665,0.06747539526219325,0.06747539526219325,none,30.0,115,2,monophasic
Modulated_autosave_20260715_170032_049ms,Flex. digitorum (R),R_The_ED_FD_FCR C,3,66.71961874514665,74.71961874514665,99.07942811771997,0.06109712270907944,0.06109712270907944,none,30.0,115,2,monophasic
Modulated_autosave_20260715_170032_049ms,Flex. digitorum (R),R_The_ED_FD_FCR C,4,100.07942811771997,108.07942811771997,132.43923749029685,0.04834058134424983,0.04834058134424983,none,30.0,115,2,monophasic
Modulated_autosave_20260715_170032_049ms,Flex. digitorum (R),R_The_ED_FD_FCR C,5,133.43923749029685,141.43923749029685,165.79904686287017,0.08795300311022362,0.08795300311022362,none,30.0,115,2,monophasic
Modulated_autosave_20260715_170032_049ms,Flex. digitorum (R),R_The_ED_FD_FCR C,6,166.79904686287017,174.79904686287017,199.1588562354435,0.0657969023756973,0.0657969023756973,none,30.0,115,2,monophasic
Modulated_autosave_20260715_170032_049ms,Flex. digitorum (R),R_The_ED_FD_FCR C,7,200.1588562354435,208.1588562354435,232.51866560801682,0.059082933690553535,0.059082933690553535,none,30.0,115,2,monophasic
Modulated_autosave_20260715_170032_049ms,Flex. digitorum (R),R_The_ED_FD_FCR C,8,233.51866560801682,241.51866560801682,265.8784749805937,0.02030975744009756,0.02030975744009756,none,30.0,115,2,monophasic
Modulated_autosave_20260715_170032_049ms,Flex. digitorum (R),R_The_ED_FD_FCR C,9,266.8784749805937,274.8784749805937,299.23828435316705,0.06344701160716854,0.06344701160716854,none,30.0,115,2,monophasic
Modulated_autosave_20260715_170032_049ms,Flex. digitorum (R),R_The_ED_FD_FCR C,10,300.23828435316705,308.23828435316705,332.59809372574034,0.05572594956115163,0.05572594956115163,none,30.0,115,2,monophasic
Modulated_autosave_20260715_170032_049ms,Flex. digitorum (R),R_The_ED_FD_FCR C,1,0.7942811762902124,8.794281176290212,32.359809372573324,0.03189135575667024,0.03189135575667024,none,30.0,120,2,monophasic
Modulated_autosave_20260715_170032_049ms,Flex. digitorum (R),R_The_ED_FD_FCR C,2,33.359809372573324,41.359809372573324,65.71961874514665,0.061097123627888224,0.061097123627888224,none,30.0,120,2,monophasic
Modulated_autosave_20260715_170032_049ms,Flex. digitorum (R),R_The_ED_FD_FCR C,3,66.71961874514665,74.71961874514665,99.07942811771997,0.08023193848711764,0.08023193848711764,none,30.0,120,2,monophasic
Modulated_autosave_20260715_170032_049ms,Flex. digitorum (R),R_The_ED_FD_FCR C,4,100.07942811771997,108.07942811771997,132.43923749029685,0.03508049200851714,0.03508049200851714,none,30.0,120,2,monophasic
Modulated_autosave_20260715_170032_049ms,Flex. digitorum (R),R_The_ED_FD_FCR C,5,133.43923749029685,141.43923749029685,165.79904686287017,0.06881818729270557,0.06881818729270557,none,30.0,120,2,monophasic
Modulated_autosave_20260715_170032_049ms,Flex. digitorum (R),R_The_ED_FD_FCR C,6,166.79904686287017,174.79904686287017,199.1588562354435,0.06478980553022533,0.06478980553022533,none,30.0,120,2,monophasic
Modulated_autosave_20260715_170032_049ms,Flex. digitorum (R),R_The_ED_FD_FCR C,7,200.1588562354435,208.1588562354435,232.51866560801682,0.03843747589141059,0.03843747589141059,none,30.0,120,2,monophasic
Modulated_autosave_20260715_170032_049ms,Flex. digitorum (R),R_The_ED_FD_FCR C,8,233.51866560801682,241.51866560801682,265.8784749805937,0.06915388811613293,0.06915388811613293,none,30.0,120,2,monophasic
Modulated_autosave_20260715_170032_049ms,Flex. digitorum (R),R_The_ED_FD_FCR C,9,266.8784749805937,274.8784749805937,299.23828435316705,0.05941863168136886,0.05941863168136886,none,30.0,120,2,monophasic
Modulated_autosave_20260715_170032_049ms,Flex. digitorum (R),R_The_ED_FD_FCR C,10,300.23828435316705,308.23828435316705,332.59809372574034,0.0513618662620959,0.0513618662620959,none,30.0,120,2,monophasic
Modulated_autosave_20260715_170032_049ms,Flex. digitorum (R),R_The_ED_FD_FCR C,1,0.7942811762902124,8.794281176290212,32.359809372573324,0.8822155892848969,0.8822155892848969,none,30.0,125,2,monophasic
Modulated_autosave_20260715_170032_049ms,Flex. digitorum (R),R_The_ED_FD_FCR C,2,33.359809372573324,41.359809372573324,65.71961874514665,0.8405890163938798,0.8405890163938798,none,30.0,125,2,monophasic
Modulated_autosave_20260715_170032_049ms,Flex. digitorum (R),R_The_ED_FD_FCR C,3,66.71961874514665,74.71961874514665,99.07942811771997,0.03289845049680883,0.03289845049680883,none,30.0,125,2,monophasic
Modulated_autosave_20260715_170032_049ms,Flex. digitorum (R),R_The_ED_FD_FCR C,4,100.07942811771997,108.07942811771997,132.43923749029685,0.05857938338271096,0.05857938338271096,none,30.0,125,2,monophasic
Modulated_autosave_20260715_170032_049ms,Flex. digitorum (R),R_The_ED_FD_FCR C,5,133.43923749029685,141.43923749029685,165.79904686287017,0.0332341491911996,0.0332341491911996,none,30.0,125,2,monophasic
Modulated_autosave_20260715_170032_049ms,Flex. digitorum (R),R_The_ED_FD_FCR C,6,166.79904686287017,174.79904686287017,199.1588562354435,0.8926222621509436,0.8926222621509436,none,30.0,125,2,monophasic
Modulated_autosave_20260715_170032_049ms,Flex. digitorum (R),R_The_ED_FD_FCR C,7,200.1588562354435,208.1588562354435,232.51866560801682,0.05572594886816691,0.05572594886816691,none,30.0,125,2,monophasic
Modulated_autosave_20260715_170032_049ms,Flex. digitorum (R),R_The_ED_FD_FCR C,8,233.51866560801682,241.51866560801682,265.8784749805937,0.03927672185660512,0.03927672185660512,none,30.0,125,2,monophasic
Modulated_autosave_20260715_170032_049ms,Flex. digitorum (R),R_The_ED_FD_FCR C,9,266.8784749805937,274.8784749805937,299.23828435316705,0.042298008657819665,0.042298008657819665,none,30.0,125,2,monophasic
Modulated_autosave_20260715_170032_049ms,Flex. digitorum (R),R_The_ED_FD_FCR C,10,300.23828435316705,308.23828435316705,332.59809372574034,0.049179826383877974,0.049179826383877974,none,30.0,125,2,monophasic
Modulated_autosave_20260715_170032_049ms,Flex. carpi rad. (R),R_The_ED_FD_FCR D,1,0.7942811762902124,8.794281176290212,32.359809372573324,,,none,30.0,30,2,monophasic
Modulated_autosave_20260715_170032_049ms,Flex. carpi rad. (R),R_The_ED_FD_FCR D,2,33.359809372573324,41.359809372573324,65.71961874514665,,,none,30.0,30,2,monophasic
Modulated_autosave_20260715_170032_049ms,Flex. carpi rad. (R),R_The_ED_FD_FCR D,3,66.71961874514665,74.71961874514665,99.07942811771997,,,none,30.0,30,2,monophasic
Modulated_autosave_20260715_170032_049ms,Flex. carpi rad. (R),R_The_ED_FD_FCR D,4,100.07942811771997,108.07942811771997,132.43923749029685,,,none,30.0,30,2,monophasic
Modulated_autosave_20260715_170032_049ms,Flex. carpi rad. (R),R_The_ED_FD_FCR D,5,133.43923749029685,141.43923749029685,165.79904686287017,,,none,30.0,30,2,monophasic
Modulated_autosave_20260715_170032_049ms,Flex. carpi rad. (R),R_The_ED_FD_FCR D,6,166.79904686287017,174.79904686287017,199.1588562354435,,,none,30.0,30,2,monophasic
Modulated_autosave_20260715_170032_049ms,Flex. carpi rad. (R),R_The_ED_FD_FCR D,7,200.1588562354435,208.1588562354435,232.51866560801682,,,none,30.0,30,2,monophasic
Modulated_autosave_20260715_170032_049ms,Flex. carpi rad. (R),R_The_ED_FD_FCR D,8,233.51866560801682,241.51866560801682,265.8784749805937,,,none,30.0,30,2,monophasic
Modulated_autosave_20260715_170032_049ms,Flex. carpi rad. (R),R_The_ED_FD_FCR D,9,266.8784749805937,274.8784749805937,299.23828435316705,,,none,30.0,30,2,monophasic
Modulated_autosave_20260715_170032_049ms,Flex. carpi rad. (R),R_The_ED_FD_FCR D,10,300.23828435316705,308.23828435316705,332.59809372574034,,,none,30.0,30,2,monophasic
Modulated_autosave_20260715_170032_049ms,Flex. carpi rad. (R),R_The_ED_FD_FCR D,1,0.7942811762902124,8.794281176290212,32.359809372573324,,,none,30.0,35,2,monophasic
Modulated_autosave_20260715_170032_049ms,Flex. carpi rad. (R),R_The_ED_FD_FCR D,2,33.359809372573324,41.359809372573324,65.71961874514665,,,none,30.0,35,2,monophasic
Modulated_autosave_20260715_170032_049ms,Flex. carpi rad. (R),R_The_ED_FD_FCR D,3,66.71961874514665,74.71961874514665,99.07942811771997,,,none,30.0,35,2,monophasic
Modulated_autosave_20260715_170032_049ms,Flex. carpi rad. (R),R_The_ED_FD_FCR D,4,100.07942811771997,108.07942811771997,132.43923749029685,,,none,30.0,35,2,monophasic
Modulated_autosave_20260715_170032_049ms,Flex. carpi rad. (R),R_The_ED_FD_FCR D,5,133.43923749029685,141.43923749029685,165.79904686287017,,,none,30.0,35,2,monophasic
Modulated_autosave_20260715_170032_049ms,Flex. carpi rad. (R),R_The_ED_FD_FCR D,6,166.79904686287017,174.79904686287017,199.1588562354435,,,none,30.0,35,2,monophasic
Modulated_autosave_20260715_170032_049ms,Flex. carpi rad. (R),R_The_ED_FD_FCR D,7,200.1588562354435,208.1588562354435,232.51866560801682,,,none,30.0,35,2,monophasic
Modulated_autosave_20260715_170032_049ms,Flex. carpi rad. (R),R_The_ED_FD_FCR D,8,233.51866560801682,241.51866560801682,265.8784749805937,,,none,30.0,35,2,monophasic
Modulated_autosave_20260715_170032_049ms,Flex. carpi rad. (R),R_The_ED_FD_FCR D,9,266.8784749805937,274.8784749805937,299.23828435316705,,,none,30.0,35,2,monophasic
Modulated_autosave_20260715_170032_049ms,Flex. carpi rad. (R),R_The_ED_FD_FCR D,10,300.23828435316705,308.23828435316705,332.59809372574034,,,none,30.0,35,2,monophasic
Modulated_autosave_20260715_170032_049ms,Flex. carpi rad. (R),R_The_ED_FD_FCR D,1,0.7942811762902124,8.794281176290212,32.359809372573324,,,none,30.0,40,2,monophasic
Modulated_autosave_20260715_170032_049ms,Flex. carpi rad. (R),R_The_ED_FD_FCR D,2,33.359809372573324,41.359809372573324,65.71961874514665,,,none,30.0,40,2,monophasic
Modulated_autosave_20260715_170032_049ms,Flex. carpi rad. (R),R_The_ED_FD_FCR D,3,66.71961874514665,74.71961874514665,99.07942811771997,,,none,30.0,40,2,monophasic
Modulated_autosave_20260715_170032_049ms,Flex. carpi rad. (R),R_The_ED_FD_FCR D,4,100.07942811771997,108.07942811771997,132.43923749029685,,,none,30.0,40,2,monophasic
Modulated_autosave_20260715_170032_049ms,Flex. carpi rad. (R),R_The_ED_FD_FCR D,5,133.43923749029685,141.43923749029685,165.79904686287017,,,none,30.0,40,2,monophasic
Modulated_autosave_20260715_170032_049ms,Flex. carpi rad. (R),R_The_ED_FD_FCR D,6,166.79904686287017,174.79904686287017,199.1588562354435,,,none,30.0,40,2,monophasic
Modulated_autosave_20260715_170032_049ms,Flex. carpi rad. (R),R_The_ED_FD_FCR D,7,200.1588562354435,208.1588562354435,232.51866560801682,,,none,30.0,40,2,monophasic
Modulated_autosave_20260715_170032_049ms,Flex. carpi rad. (R),R_The_ED_FD_FCR D,8,233.51866560801682,241.51866560801682,265.8784749805937,,,none,30.0,40,2,monophasic
Modulated_autosave_20260715_170032_049ms,Flex. carpi rad. (R),R_The_ED_FD_FCR D,9,266.8784749805937,274.8784749805937,299.23828435316705,,,none,30.0,40,2,monophasic
Modulated_autosave_20260715_170032_049ms,Flex. carpi rad. (R),R_The_ED_FD_FCR D,10,300.23828435316705,308.23828435316705,332.59809372574034,,,none,30.0,40,2,monophasic
Modulated_autosave_20260715_170032_049ms,Flex. carpi rad. (R),R_The_ED_FD_FCR D,1,0.7942811762902124,8.794281176290212,32.359809372573324,,,none,30.0,45,2,monophasic
Modulated_autosave_20260715_170032_049ms,Flex. carpi rad. (R),R_The_ED_FD_FCR D,2,33.359809372573324,41.359809372573324,65.71961874514665,,,none,30.0,45,2,monophasic
Modulated_autosave_20260715_170032_049ms,Flex. carpi rad. (R),R_The_ED_FD_FCR D,3,66.71961874514665,74.71961874514665,99.07942811771997,,,none,30.0,45,2,monophasic
Modulated_autosave_20260715_170032_049ms,Flex. carpi rad. (R),R_The_ED_FD_FCR D,4,100.07942811771997,108.07942811771997,132.43923749029685,,,none,30.0,45,2,monophasic
Modulated_autosave_20260715_170032_049ms,Flex. carpi rad. (R),R_The_ED_FD_FCR D,5,133.43923749029685,141.43923749029685,165.79904686287017,,,none,30.0,45,2,monophasic
Modulated_autosave_20260715_170032_049ms,Flex. carpi rad. (R),R_The_ED_FD_FCR D,6,166.79904686287017,174.79904686287017,199.1588562354435,,,none,30.0,45,2,monophasic
Modulated_autosave_20260715_170032_049ms,Flex. carpi rad. (R),R_The_ED_FD_FCR D,7,200.1588562354435,208.1588562354435,232.51866560801682,,,none,30.0,45,2,monophasic
Modulated_autosave_20260715_170032_049ms,Flex. carpi rad. (R),R_The_ED_FD_FCR D,8,233.51866560801682,241.51866560801682,265.8784749805937,,,none,30.0,45,2,monophasic
Modulated_autosave_20260715_170032_049ms,Flex. carpi rad. (R),R_The_ED_FD_FCR D,9,266.8784749805937,274.8784749805937,299.23828435316705,,,none,30.0,45,2,monophasic
Modulated_autosave_20260715_170032_049ms,Flex. carpi rad. (R),R_The_ED_FD_FCR D,10,300.23828435316705,308.23828435316705,332.59809372574034,,,none,30.0,45,2,monophasic
Modulated_autosave_20260715_170032_049ms,Flex. carpi rad. (R),R_The_ED_FD_FCR D,1,0.7942811762902124,8.794281176290212,32.359809372573324,,,none,30.0,50,2,monophasic
Modulated_autosave_20260715_170032_049ms,Flex. carpi rad. (R),R_The_ED_FD_FCR D,2,33.359809372573324,41.359809372573324,65.71961874514665,,,none,30.0,50,2,monophasic
Modulated_autosave_20260715_170032_049ms,Flex. carpi rad. (R),R_The_ED_FD_FCR D,3,66.71961874514665,74.71961874514665,99.07942811771997,,,none,30.0,50,2,monophasic
Modulated_autosave_20260715_170032_049ms,Flex. carpi rad. (R),R_The_ED_FD_FCR D,4,100.07942811771997,108.07942811771997,132.43923749029685,,,none,30.0,50,2,monophasic
Modulated_autosave_20260715_170032_049ms,Flex. carpi rad. (R),R_The_ED_FD_FCR D,5,133.43923749029685,141.43923749029685,165.79904686287017,,,none,30.0,50,2,monophasic
Modulated_autosave_20260715_170032_049ms,Flex. carpi rad. (R),R_The_ED_FD_FCR D,6,166.79904686287017,174.79904686287017,199.1588562354435,,,none,30.0,50,2,monophasic
Modulated_autosave_20260715_170032_049ms,Flex. carpi rad. (R),R_The_ED_FD_FCR D,7,200.1588562354435,208.1588562354435,232.51866560801682,,,none,30.0,50,2,monophasic
Modulated_autosave_20260715_170032_049ms,Flex. carpi rad. (R),R_The_ED_FD_FCR D,8,233.51866560801682,241.51866560801682,265.8784749805937,,,none,30.0,50,2,monophasic
Modulated_autosave_20260715_170032_049ms,Flex. carpi rad. (R),R_The_ED_FD_FCR D,9,266.8784749805937,274.8784749805937,299.23828435316705,,,none,30.0,50,2,monophasic
Modulated_autosave_20260715_170032_049ms,Flex. carpi rad. (R),R_The_ED_FD_FCR D,10,300.23828435316705,308.23828435316705,332.59809372574034,,,none,30.0,50,2,monophasic
Modulated_autosave_20260715_170032_049ms,Flex. carpi rad. (R),R_The_ED_FD_FCR D,1,0.7942811762902124,8.794281176290212,32.359809372573324,,,none,30.0,55,2,monophasic
Modulated_autosave_20260715_170032_049ms,Flex. carpi rad. (R),R_The_ED_FD_FCR D,2,33.359809372573324,41.359809372573324,65.71961874514665,,,none,30.0,55,2,monophasic
Modulated_autosave_20260715_170032_049ms,Flex. carpi rad. (R),R_The_ED_FD_FCR D,3,66.71961874514665,74.71961874514665,99.07942811771997,,,none,30.0,55,2,monophasic
Modulated_autosave_20260715_170032_049ms,Flex. carpi rad. (R),R_The_ED_FD_FCR D,4,100.07942811771997,108.07942811771997,132.43923749029685,,,none,30.0,55,2,monophasic
Modulated_autosave_20260715_170032_049ms,Flex. carpi rad. (R),R_The_ED_FD_FCR D,5,133.43923749029685,141.43923749029685,165.79904686287017,,,none,30.0,55,2,monophasic
Modulated_autosave_20260715_170032_049ms,Flex. carpi rad. (R),R_The_ED_FD_FCR D,6,166.79904686287017,174.79904686287017,199.1588562354435,,,none,30.0,55,2,monophasic
Modulated_autosave_20260715_170032_049ms,Flex. carpi rad. (R),R_The_ED_FD_FCR D,7,200.1588562354435,208.1588562354435,232.51866560801682,,,none,30.0,55,2,monophasic
Modulated_autosave_20260715_170032_049ms,Flex. carpi rad. (R),R_The_ED_FD_FCR D,8,233.51866560801682,241.51866560801682,265.8784749805937,,,none,30.0,55,2,monophasic
Modulated_autosave_20260715_170032_049ms,Flex. carpi rad. (R),R_The_ED_FD_FCR D,9,266.8784749805937,274.8784749805937,299.23828435316705,,,none,30.0,55,2,monophasic
Modulated_autosave_20260715_170032_049ms,Flex. carpi rad. (R),R_The_ED_FD_FCR D,10,300.23828435316705,308.23828435316705,332.59809372574034,,,none,30.0,55,2,monophasic
Modulated_autosave_20260715_170032_049ms,Flex. carpi rad. (R),R_The_ED_FD_FCR D,1,0.7942811762902124,8.794281176290212,32.359809372573324,,,none,30.0,60,2,monophasic
Modulated_autosave_20260715_170032_049ms,Flex. carpi rad. (R),R_The_ED_FD_FCR D,2,33.359809372573324,41.359809372573324,65.71961874514665,,,none,30.0,60,2,monophasic
Modulated_autosave_20260715_170032_049ms,Flex. carpi rad. (R),R_The_ED_FD_FCR D,3,66.71961874514665,74.71961874514665,99.07942811771997,,,none,30.0,60,2,monophasic
Modulated_autosave_20260715_170032_049ms,Flex. carpi rad. (R),R_The_ED_FD_FCR D,4,100.07942811771997,108.07942811771997,132.43923749029685,,,none,30.0,60,2,monophasic
Modulated_autosave_20260715_170032_049ms,Flex. carpi rad. (R),R_The_ED_FD_FCR D,5,133.43923749029685,141.43923749029685,165.79904686287017,,,none,30.0,60,2,monophasic
Modulated_autosave_20260715_170032_049ms,Flex. carpi rad. (R),R_The_ED_FD_FCR D,6,166.79904686287017,174.79904686287017,199.1588562354435,,,none,30.0,60,2,monophasic
Modulated_autosave_20260715_170032_049ms,Flex. carpi rad. (R),R_The_ED_FD_FCR D,7,200.1588562354435,208.1588562354435,232.51866560801682,,,none,30.0,60,2,monophasic
Modulated_autosave_20260715_170032_049ms,Flex. carpi rad. (R),R_The_ED_FD_FCR D,8,233.51866560801682,241.51866560801682,265.8784749805937,,,none,30.0,60,2,monophasic
Modulated_autosave_20260715_170032_049ms,Flex. carpi rad. (R),R_The_ED_FD_FCR D,9,266.8784749805937,274.8784749805937,299.23828435316705,,,none,30.0,60,2,monophasic
Modulated_autosave_20260715_170032_049ms,Flex. carpi rad. (R),R_The_ED_FD_FCR D,10,300.23828435316705,308.23828435316705,332.59809372574034,,,none,30.0,60,2,monophasic
Modulated_autosave_20260715_170032_049ms,Flex. carpi rad. (R),R_The_ED_FD_FCR D,1,0.7942811762902124,8.794281176290212,32.359809372573324,,,none,30.0,65,2,monophasic
Modulated_autosave_20260715_170032_049ms,Flex. carpi rad. (R),R_The_ED_FD_FCR D,2,33.359809372573324,41.359809372573324,65.71961874514665,,,none,30.0,65,2,monophasic
Modulated_autosave_20260715_170032_049ms,Flex. carpi rad. (R),R_The_ED_FD_FCR D,3,66.71961874514665,74.71961874514665,99.07942811771997,,,none,30.0,65,2,monophasic
Modulated_autosave_20260715_170032_049ms,Flex. carpi rad. (R),R_The_ED_FD_FCR D,4,100.07942811771997,108.07942811771997,132.43923749029685,,,none,30.0,65,2,monophasic
Modulated_autosave_20260715_170032_049ms,Flex. carpi rad. (R),R_The_ED_FD_FCR D,5,133.43923749029685,141.43923749029685,165.79904686287017,,,none,30.0,65,2,monophasic
Modulated_autosave_20260715_170032_049ms,Flex. carpi rad. (R),R_The_ED_FD_FCR D,6,166.79904686287017,174.79904686287017,199.1588562354435,,,none,30.0,65,2,monophasic
Modulated_autosave_20260715_170032_049ms,Flex. carpi rad. (R),R_The_ED_FD_FCR D,7,200.1588562354435,208.1588562354435,232.51866560801682,,,none,30.0,65,2,monophasic
Modulated_autosave_20260715_170032_049ms,Flex. carpi rad. (R),R_The_ED_FD_FCR D,8,233.51866560801682,241.51866560801682,265.8784749805937,,,none,30.0,65,2,monophasic
Modulated_autosave_20260715_170032_049ms,Flex. carpi rad. (R),R_The_ED_FD_FCR D,9,266.8784749805937,274.8784749805937,299.23828435316705,,,none,30.0,65,2,monophasic
Modulated_autosave_20260715_170032_049ms,Flex. carpi rad. (R),R_The_ED_FD_FCR D,10,300.23828435316705,308.23828435316705,332.59809372574034,,,none,30.0,65,2,monophasic
Modulated_autosave_20260715_170032_049ms,Flex. carpi rad. (R),R_The_ED_FD_FCR D,1,0.7942811762902124,8.794281176290212,32.359809372573324,,,none,30.0,70,2,monophasic
Modulated_autosave_20260715_170032_049ms,Flex. carpi rad. (R),R_The_ED_FD_FCR D,2,33.359809372573324,41.359809372573324,65.71961874514665,,,none,30.0,70,2,monophasic
Modulated_autosave_20260715_170032_049ms,Flex. carpi rad. (R),R_The_ED_FD_FCR D,3,66.71961874514665,74.71961874514665,99.07942811771997,,,none,30.0,70,2,monophasic
Modulated_autosave_20260715_170032_049ms,Flex. carpi rad. (R),R_The_ED_FD_FCR D,4,100.07942811771997,108.07942811771997,132.43923749029685,,,none,30.0,70,2,monophasic
Modulated_autosave_20260715_170032_049ms,Flex. carpi rad. (R),R_The_ED_FD_FCR D,5,133.43923749029685,141.43923749029685,165.79904686287017,,,none,30.0,70,2,monophasic
Modulated_autosave_20260715_170032_049ms,Flex. carpi rad. (R),R_The_ED_FD_FCR D,6,166.79904686287017,174.79904686287017,199.1588562354435,,,none,30.0,70,2,monophasic
Modulated_autosave_20260715_170032_049ms,Flex. carpi rad. (R),R_The_ED_FD_FCR D,7,200.1588562354435,208.1588562354435,232.51866560801682,,,none,30.0,70,2,monophasic
Modulated_autosave_20260715_170032_049ms,Flex. carpi rad. (R),R_The_ED_FD_FCR D,8,233.51866560801682,241.51866560801682,265.8784749805937,,,none,30.0,70,2,monophasic
Modulated_autosave_20260715_170032_049ms,Flex. carpi rad. (R),R_The_ED_FD_FCR D,9,266.8784749805937,274.8784749805937,299.23828435316705,,,none,30.0,70,2,monophasic
Modulated_autosave_20260715_170032_049ms,Flex. carpi rad. (R),R_The_ED_FD_FCR D,10,300.23828435316705,308.23828435316705,332.59809372574034,,,none,30.0,70,2,monophasic
Modulated_autosave_20260715_170032_049ms,Flex. carpi rad. (R),R_The_ED_FD_FCR D,1,0.7942811762902124,8.794281176290212,32.359809372573324,,,none,30.0,75,2,monophasic
Modulated_autosave_20260715_170032_049ms,Flex. carpi rad. (R),R_The_ED_FD_FCR D,2,33.359809372573324,41.359809372573324,65.71961874514665,,,none,30.0,75,2,monophasic
Modulated_autosave_20260715_170032_049ms,Flex. carpi rad. (R),R_The_ED_FD_FCR D,3,66.71961874514665,74.71961874514665,99.07942811771997,,,none,30.0,75,2,monophasic
Modulated_autosave_20260715_170032_049ms,Flex. carpi rad. (R),R_The_ED_FD_FCR D,4,100.07942811771997,108.07942811771997,132.43923749029685,,,none,30.0,75,2,monophasic
Modulated_autosave_20260715_170032_049ms,Flex. carpi rad. (R),R_The_ED_FD_FCR D,5,133.43923749029685,141.43923749029685,165.79904686287017,,,none,30.0,75,2,monophasic
Modulated_autosave_20260715_170032_049ms,Flex. carpi rad. (R),R_The_ED_FD_FCR D,6,166.79904686287017,174.79904686287017,199.1588562354435,,,none,30.0,75,2,monophasic
Modulated_autosave_20260715_170032_049ms,Flex. carpi rad. (R),R_The_ED_FD_FCR D,7,200.1588562354435,208.1588562354435,232.51866560801682,,,none,30.0,75,2,monophasic
Modulated_autosave_20260715_170032_049ms,Flex. carpi rad. (R),R_The_ED_FD_FCR D,8,233.51866560801682,241.51866560801682,265.8784749805937,,,none,30.0,75,2,monophasic
Modulated_autosave_20260715_170032_049ms,Flex. carpi rad. (R),R_The_ED_FD_FCR D,9,266.8784749805937,274.8784749805937,299.23828435316705,,,none,30.0,75,2,monophasic
Modulated_autosave_20260715_170032_049ms,Flex. carpi rad. (R),R_The_ED_FD_FCR D,10,300.23828435316705,308.23828435316705,332.59809372574034,,,none,30.0,75,2,monophasic
Modulated_autosave_20260715_170032_049ms,Flex. carpi rad. (R),R_The_ED_FD_FCR D,1,0.7942811762902124,8.794281176290212,32.359809372573324,,,none,30.0,80,2,monophasic
Modulated_autosave_20260715_170032_049ms,Flex. carpi rad. (R),R_The_ED_FD_FCR D,2,33.359809372573324,41.359809372573324,65.71961874514665,,,none,30.0,80,2,monophasic
Modulated_autosave_20260715_170032_049ms,Flex. carpi rad. (R),R_The_ED_FD_FCR D,3,66.71961874514665,74.71961874514665,99.07942811771997,,,none,30.0,80,2,monophasic
Modulated_autosave_20260715_170032_049ms,Flex. carpi rad. (R),R_The_ED_FD_FCR D,4,100.07942811771997,108.07942811771997,132.43923749029685,,,none,30.0,80,2,monophasic
Modulated_autosave_20260715_170032_049ms,Flex. carpi rad. (R),R_The_ED_FD_FCR D,5,133.43923749029685,141.43923749029685,165.79904686287017,,,none,30.0,80,2,monophasic
Modulated_autosave_20260715_170032_049ms,Flex. carpi rad. (R),R_The_ED_FD_FCR D,6,166.79904686287017,174.79904686287017,199.1588562354435,,,none,30.0,80,2,monophasic
Modulated_autosave_20260715_170032_049ms,Flex. carpi rad. (R),R_The_ED_FD_FCR D,7,200.1588562354435,208.1588562354435,232.51866560801682,,,none,30.0,80,2,monophasic
Modulated_autosave_20260715_170032_049ms,Flex. carpi rad. (R),R_The_ED_FD_FCR D,8,233.51866560801682,241.51866560801682,265.8784749805937,,,none,30.0,80,2,monophasic
Modulated_autosave_20260715_170032_049ms,Flex. carpi rad. (R),R_The_ED_FD_FCR D,9,266.8784749805937,274.8784749805937,299.23828435316705,,,none,30.0,80,2,monophasic
Modulated_autosave_20260715_170032_049ms,Flex. carpi rad. (R),R_The_ED_FD_FCR D,10,300.23828435316705,308.23828435316705,332.59809372574034,,,none,30.0,80,2,monophasic
Modulated_autosave_20260715_170032_049ms,Flex. carpi rad. (R),R_The_ED_FD_FCR D,1,0.7942811762902124,8.794281176290212,32.359809372573324,,,none,30.0,85,2,monophasic
Modulated_autosave_20260715_170032_049ms,Flex. carpi rad. (R),R_The_ED_FD_FCR D,2,33.359809372573324,41.359809372573324,65.71961874514665,,,none,30.0,85,2,monophasic
Modulated_autosave_20260715_170032_049ms,Flex. carpi rad. (R),R_The_ED_FD_FCR D,3,66.71961874514665,74.71961874514665,99.07942811771997,,,none,30.0,85,2,monophasic
Modulated_autosave_20260715_170032_049ms,Flex. carpi rad. (R),R_The_ED_FD_FCR D,4,100.07942811771997,108.07942811771997,132.43923749029685,,,none,30.0,85,2,monophasic
Modulated_autosave_20260715_170032_049ms,Flex. carpi rad. (R),R_The_ED_FD_FCR D,5,133.43923749029685,141.43923749029685,165.79904686287017,,,none,30.0,85,2,monophasic
Modulated_autosave_20260715_170032_049ms,Flex. carpi rad. (R),R_The_ED_FD_FCR D,6,166.79904686287017,174.79904686287017,199.1588562354435,,,none,30.0,85,2,monophasic
Modulated_autosave_20260715_170032_049ms,Flex. carpi rad. (R),R_The_ED_FD_FCR D,7,200.1588562354435,208.1588562354435,232.51866560801682,,,none,30.0,85,2,monophasic
Modulated_autosave_20260715_170032_049ms,Flex. carpi rad. (R),R_The_ED_FD_FCR D,8,233.51866560801682,241.51866560801682,265.8784749805937,,,none,30.0,85,2,monophasic
Modulated_autosave_20260715_170032_049ms,Flex. carpi rad. (R),R_The_ED_FD_FCR D,9,266.8784749805937,274.8784749805937,299.23828435316705,,,none,30.0,85,2,monophasic
Modulated_autosave_20260715_170032_049ms,Flex. carpi rad. (R),R_The_ED_FD_FCR D,10,300.23828435316705,308.23828435316705,332.59809372574034,,,none,30.0,85,2,monophasic
Modulated_autosave_20260715_170032_049ms,Flex. carpi rad. (R),R_The_ED_FD_FCR D,1,0.7942811762902124,8.794281176290212,32.359809372573324,,,none,30.0,90,2,monophasic
Modulated_autosave_20260715_170032_049ms,Flex. carpi rad. (R),R_The_ED_FD_FCR D,2,33.359809372573324,41.359809372573324,65.71961874514665,,,none,30.0,90,2,monophasic
Modulated_autosave_20260715_170032_049ms,Flex. carpi rad. (R),R_The_ED_FD_FCR D,3,66.71961874514665,74.71961874514665,99.07942811771997,,,none,30.0,90,2,monophasic
Modulated_autosave_20260715_170032_049ms,Flex. carpi rad. (R),R_The_ED_FD_FCR D,4,100.07942811771997,108.07942811771997,132.43923749029685,,,none,30.0,90,2,monophasic
Modulated_autosave_20260715_170032_049ms,Flex. carpi rad. (R),R_The_ED_FD_FCR D,5,133.43923749029685,141.43923749029685,165.79904686287017,,,none,30.0,90,2,monophasic
Modulated_autosave_20260715_170032_049ms,Flex. carpi rad. (R),R_The_ED_FD_FCR D,6,166.79904686287017,174.79904686287017,199.1588562354435,,,none,30.0,90,2,monophasic
Modulated_autosave_20260715_170032_049ms,Flex. carpi rad. (R),R_The_ED_FD_FCR D,7,200.1588562354435,208.1588562354435,232.51866560801682,,,none,30.0,90,2,monophasic
Modulated_autosave_20260715_170032_049ms,Flex. carpi rad. (R),R_The_ED_FD_FCR D,8,233.51866560801682,241.51866560801682,265.8784749805937,,,none,30.0,90,2,monophasic
Modulated_autosave_20260715_170032_049ms,Flex. carpi rad. (R),R_The_ED_FD_FCR D,9,266.8784749805937,274.8784749805937,299.23828435316705,,,none,30.0,90,2,monophasic
Modulated_autosave_20260715_170032_049ms,Flex. carpi rad. (R),R_The_ED_FD_FCR D,10,300.23828435316705,308.23828435316705,332.59809372574034,,,none,30.0,90,2,monophasic
Modulated_autosave_20260715_170032_049ms,Flex. carpi rad. (R),R_The_ED_FD_FCR D,1,0.7942811762902124,8.794281176290212,32.359809372573324,,,none,30.0,95,2,monophasic
Modulated_autosave_20260715_170032_049ms,Flex. carpi rad. (R),R_The_ED_FD_FCR D,2,33.359809372573324,41.359809372573324,65.71961874514665,,,none,30.0,95,2,monophasic
Modulated_autosave_20260715_170032_049ms,Flex. carpi rad. (R),R_The_ED_FD_FCR D,3,66.71961874514665,74.71961874514665,99.07942811771997,,,none,30.0,95,2,monophasic
Modulated_autosave_20260715_170032_049ms,Flex. carpi rad. (R),R_The_ED_FD_FCR D,4,100.07942811771997,108.07942811771997,132.43923749029685,,,none,30.0,95,2,monophasic
Modulated_autosave_20260715_170032_049ms,Flex. carpi rad. (R),R_The_ED_FD_FCR D,5,133.43923749029685,141.43923749029685,165.79904686287017,,,none,30.0,95,2,monophasic
Modulated_autosave_20260715_170032_049ms,Flex. carpi rad. (R),R_The_ED_FD_FCR D,6,166.79904686287017,174.79904686287017,199.1588562354435,,,none,30.0,95,2,monophasic
Modulated_autosave_20260715_170032_049ms,Flex. carpi rad. (R),R_The_ED_FD_FCR D,7,200.1588562354435,208.1588562354435,232.51866560801682,,,none,30.0,95,2,monophasic
Modulated_autosave_20260715_170032_049ms,Flex. carpi rad. (R),R_The_ED_FD_FCR D,8,233.51866560801682,241.51866560801682,265.8784749805937,,,none,30.0,95,2,monophasic
Modulated_autosave_20260715_170032_049ms,Flex. carpi rad. (R),R_The_ED_FD_FCR D,9,266.8784749805937,274.8784749805937,299.23828435316705,,,none,30.0,95,2,monophasic
Modulated_autosave_20260715_170032_049ms,Flex. carpi rad. (R),R_The_ED_FD_FCR D,10,300.23828435316705,308.23828435316705,332.59809372574034,,,none,30.0,95,2,monophasic
Modulated_autosave_20260715_170032_049ms,Flex. carpi rad. (R),R_The_ED_FD_FCR D,1,0.7942811762902124,8.794281176290212,32.359809372573324,,,none,30.0,100,2,monophasic
Modulated_autosave_20260715_170032_049ms,Flex. carpi rad. (R),R_The_ED_FD_FCR D,2,33.359809372573324,41.359809372573324,65.71961874514665,,,none,30.0,100,2,monophasic
Modulated_autosave_20260715_170032_049ms,Flex. carpi rad. (R),R_The_ED_FD_FCR D,3,66.71961874514665,74.71961874514665,99.07942811771997,,,none,30.0,100,2,monophasic
Modulated_autosave_20260715_170032_049ms,Flex. carpi rad. (R),R_The_ED_FD_FCR D,4,100.07942811771997,108.07942811771997,132.43923749029685,,,none,30.0,100,2,monophasic
Modulated_autosave_20260715_170032_049ms,Flex. carpi rad. (R),R_The_ED_FD_FCR D,5,133.43923749029685,141.43923749029685,165.79904686287017,,,none,30.0,100,2,monophasic
Modulated_autosave_20260715_170032_049ms,Flex. carpi rad. (R),R_The_ED_FD_FCR D,6,166.79904686287017,174.79904686287017,199.1588562354435,,,none,30.0,100,2,monophasic
Modulated_autosave_20260715_170032_049ms,Flex. carpi rad. (R),R_The_ED_FD_FCR D,7,200.1588562354435,208.1588562354435,232.51866560801682,,,none,30.0,100,2,monophasic
Modulated_autosave_20260715_170032_049ms,Flex. carpi rad. (R),R_The_ED_FD_FCR D,8,233.51866560801682,241.51866560801682,265.8784749805937,,,none,30.0,100,2,monophasic
Modulated_autosave_20260715_170032_049ms,Flex. carpi rad. (R),R_The_ED_FD_FCR D,9,266.8784749805937,274.8784749805937,299.23828435316705,,,none,30.0,100,2,monophasic
Modulated_autosave_20260715_170032_049ms,Flex. carpi rad. (R),R_The_ED_FD_FCR D,10,300.23828435316705,308.23828435316705,332.59809372574034,,,none,30.0,100,2,monophasic
Modulated_autosave_20260715_170032_049ms,Flex. carpi rad. (R),R_The_ED_FD_FCR D,1,0.7942811762902124,8.794281176290212,32.359809372573324,,,none,30.0,105,2,monophasic
Modulated_autosave_20260715_170032_049ms,Flex. carpi rad. (R),R_The_ED_FD_FCR D,2,33.359809372573324,41.359809372573324,65.71961874514665,,,none,30.0,105,2,monophasic
Modulated_autosave_20260715_170032_049ms,Flex. carpi rad. (R),R_The_ED_FD_FCR D,3,66.71961874514665,74.71961874514665,99.07942811771997,,,none,30.0,105,2,monophasic
Modulated_autosave_20260715_170032_049ms,Flex. carpi rad. (R),R_The_ED_FD_FCR D,4,100.07942811771997,108.07942811771997,132.43923749029685,,,none,30.0,105,2,monophasic
Modulated_autosave_20260715_170032_049ms,Flex. carpi rad. (R),R_The_ED_FD_FCR D,5,133.43923749029685,141.43923749029685,165.79904686287017,,,none,30.0,105,2,monophasic
Modulated_autosave_20260715_170032_049ms,Flex. carpi rad. (R),R_The_ED_FD_FCR D,6,166.79904686287017,174.79904686287017,199.1588562354435,,,none,30.0,105,2,monophasic
Modulated_autosave_20260715_170032_049ms,Flex. carpi rad. (R),R_The_ED_FD_FCR D,7,200.1588562354435,208.1588562354435,232.51866560801682,,,none,30.0,105,2,monophasic
Modulated_autosave_20260715_170032_049ms,Flex. carpi rad. (R),R_The_ED_FD_FCR D,8,233.51866560801682,241.51866560801682,265.8784749805937,,,none,30.0,105,2,monophasic
Modulated_autosave_20260715_170032_049ms,Flex. carpi rad. (R),R_The_ED_FD_FCR D,9,266.8784749805937,274.8784749805937,299.23828435316705,,,none,30.0,105,2,monophasic
Modulated_autosave_20260715_170032_049ms,Flex. carpi rad. (R),R_The_ED_FD_FCR D,10,300.23828435316705,308.23828435316705,332.59809372574034,,,none,30.0,105,2,monophasic
Modulated_autosave_20260715_170032_049ms,Flex. carpi rad. (R),R_The_ED_FD_FCR D,1,0.7942811762902124,8.794281176290212,32.359809372573324,0.024841687409207225,0.024841687409207225,none,30.0,110,2,monophasic
Modulated_autosave_20260715_170032_049ms,Flex. carpi rad. (R),R_The_ED_FD_FCR D,2,33.359809372573324,41.359809372573324,65.71961874514665,0.018799115667697697,0.018799115667697697,none,30.0,110,2,monophasic
Modulated_autosave_20260715_170032_049ms,Flex. carpi rad. (R),R_The_ED_FD_FCR D,3,66.71961874514665,74.71961874514665,99.07942811771997,0.021820400598868445,0.021820400598868445,none,30.0,110,2,monophasic
Modulated_autosave_20260715_170032_049ms,Flex. carpi rad. (R),R_The_ED_FD_FCR D,4,100.07942811771997,108.07942811771997,132.43923749029685,0.017456320574572408,0.017456320574572408,none,30.0,110,2,monophasic
Modulated_autosave_20260715_170032_049ms,Flex. carpi rad. (R),R_The_ED_FD_FCR D,5,133.43923749029685,141.43923749029685,165.79904686287017,0.00872816005721238,0.00872816005721238,none,30.0,110,2,monophasic
Modulated_autosave_20260715_170032_049ms,Flex. carpi rad. (R),R_The_ED_FD_FCR D,6,166.79904686287017,174.79904686287017,199.1588562354435,0.025345236294063874,0.025345236294063874,none,30.0,110,2,monophasic
Modulated_autosave_20260715_170032_049ms,Flex. carpi rad. (R),R_The_ED_FD_FCR D,7,200.1588562354435,208.1588562354435,232.51866560801682,0.018295567943650348,0.018295567943650348,none,30.0,110,2,monophasic
Modulated_autosave_20260715_170032_049ms,Flex. carpi rad. (R),R_The_ED_FD_FCR D,8,233.51866560801682,241.51866560801682,265.8784749805937,0.010742351179942489,0.010742351179942489,none,30.0,110,2,monophasic
Modulated_autosave_20260715_170032_049ms,Flex. carpi rad. (R),R_The_ED_FD_FCR D,9,266.8784749805937,274.8784749805937,299.23828435316705,0.01779201929456443,0.01779201929456443,none,30.0,110,2,monophasic
Modulated_autosave_20260715_170032_049ms,Flex. carpi rad. (R),R_The_ED_FD_FCR D,10,300.23828435316705,308.23828435316705,332.59809372574034,0.012085146270675553,0.012085146270675553,none,30.0,110,2,monophasic
Modulated_autosave_20260715_170032_049ms,Flex. carpi rad. (R),R_The_ED_FD_FCR D,1,0.7942811762902124,8.794281176290212,32.359809372573324,,,none,30.0,115,2,monophasic
Modulated_autosave_20260715_170032_049ms,Flex. carpi rad. (R),R_The_ED_FD_FCR D,2,33.359809372573324,41.359809372573324,65.71961874514665,,,none,30.0,115,2,monophasic
Modulated_autosave_20260715_170032_049ms,Flex. carpi rad. (R),R_The_ED_FD_FCR D,3,66.71961874514665,74.71961874514665,99.07942811771997,,,none,30.0,115,2,monophasic
Modulated_autosave_20260715_170032_049ms,Flex. carpi rad. (R),R_The_ED_FD_FCR D,4,100.07942811771997,108.07942811771997,132.43923749029685,,,none,30.0,115,2,monophasic
Modulated_autosave_20260715_170032_049ms,Flex. carpi rad. (R),R_The_ED_FD_FCR D,5,133.43923749029685,141.43923749029685,165.79904686287017,,,none,30.0,115,2,monophasic
Modulated_autosave_20260715_170032_049ms,Flex. carpi rad. (R),R_The_ED_FD_FCR D,6,166.79904686287017,174.79904686287017,199.1588562354435,,,none,30.0,115,2,monophasic
Modulated_autosave_20260715_170032_049ms,Flex. carpi rad. (R),R_The_ED_FD_FCR D,7,200.1588562354435,208.1588562354435,232.51866560801682,,,none,30.0,115,2,monophasic
Modulated_autosave_20260715_170032_049ms,Flex. carpi rad. (R),R_The_ED_FD_FCR D,8,233.51866560801682,241.51866560801682,265.8784749805937,,,none,30.0,115,2,monophasic
Modulated_autosave_20260715_170032_049ms,Flex. carpi rad. (R),R_The_ED_FD_FCR D,9,266.8784749805937,274.8784749805937,299.23828435316705,,,none,30.0,115,2,monophasic
Modulated_autosave_20260715_170032_049ms,Flex. carpi rad. (R),R_The_ED_FD_FCR D,10,300.23828435316705,308.23828435316705,332.59809372574034,,,none,30.0,115,2,monophasic
Modulated_autosave_20260715_170032_049ms,Flex. carpi rad. (R),R_The_ED_FD_FCR D,1,0.7942811762902124,8.794281176290212,32.359809372573324,0.0550545509904623,0.0550545509904623,none,30.0,120,2,monophasic
Modulated_autosave_20260715_170032_049ms,Flex. carpi rad. (R),R_The_ED_FD_FCR D,2,33.359809372573324,41.359809372573324,65.71961874514665,0.03474479254842199,0.03474479254842199,none,30.0,120,2,monophasic
Modulated_autosave_20260715_170032_049ms,Flex. carpi rad. (R),R_The_ED_FD_FCR D,3,66.71961874514665,74.71961874514665,99.07942811771997,0.023163195451646405,0.023163195451646405,none,30.0,120,2,monophasic
Modulated_autosave_20260715_170032_049ms,Flex. carpi rad. (R),R_The_ED_FD_FCR D,4,100.07942811771997,108.07942811771997,132.43923749029685,0.019134814152494073,0.019134814152494073,none,30.0,120,2,monophasic
Modulated_autosave_20260715_170032_049ms,Flex. carpi rad. (R),R_The_ED_FD_FCR D,5,133.43923749029685,141.43923749029685,165.79904686287017,0.0154421294506711,0.0154421294506711,none,30.0,120,2,monophasic
Modulated_autosave_20260715_170032_049ms,Flex. carpi rad. (R),R_The_ED_FD_FCR D,6,166.79904686287017,174.79904686287017,199.1588562354435,0.01510643190625005,0.01510643190625005,none,30.0,120,2,monophasic
Modulated_autosave_20260715_170032_049ms,Flex. carpi rad. (R),R_The_ED_FD_FCR D,7,200.1588562354435,208.1588562354435,232.51866560801682,0.017792019061744213,0.017792019061744213,none,30.0,120,2,monophasic
Modulated_autosave_20260715_170032_049ms,Flex. carpi rad. (R),R_The_ED_FD_FCR D,8,233.51866560801682,241.51866560801682,265.8784749805937,0.013427938798133159,0.013427938798133159,none,30.0,120,2,monophasic
Modulated_autosave_20260715_170032_049ms,Flex. carpi rad. (R),R_The_ED_FD_FCR D,9,266.8784749805937,274.8784749805937,299.23828435316705,0.017456321741881782,0.017456321741881782,none,30.0,120,2,monophasic
Modulated_autosave_20260715_170032_049ms,Flex. carpi rad. (R),R_The_ED_FD_FCR D,10,300.23828435316705,308.23828435316705,332.59809372574034,0.030548561353388234,0.030548561353388234,none,30.0,120,2,monophasic
Modulated_autosave_20260715_170032_049ms,Flex. carpi rad. (R),R_The_ED_FD_FCR D,1,0.7942811762902124,8.794281176290212,32.359809372573324,0.05069047026336193,0.05069047026336193,none,30.0,125,2,monophasic
Modulated_autosave_20260715_170032_049ms,Flex. carpi rad. (R),R_The_ED_FD_FCR D,2,33.359809372573324,41.359809372573324,65.71961874514665,0.06697184871863882,0.06697184871863882,none,30.0,125,2,monophasic
Modulated_autosave_20260715_170032_049ms,Flex. carpi rad. (R),R_The_ED_FD_FCR D,3,66.71961874514665,74.71961874514665,99.07942811771997,0.31874570210108777,0.31874570210108777,none,30.0,125,2,monophasic
Modulated_autosave_20260715_170032_049ms,Flex. carpi rad. (R),R_The_ED_FD_FCR D,4,100.07942811771997,108.07942811771997,132.43923749029685,0.037598230835225836,0.037598230835225836,none,30.0,125,2,monophasic
Modulated_autosave_20260715_170032_049ms,Flex. carpi rad. (R),R_The_ED_FD_FCR D,5,133.43923749029685,141.43923749029685,165.79904686287017,0.2972609996779535,0.2972609996779535,none,30.0,125,2,monophasic
Modulated_autosave_20260715_170032_049ms,Flex. carpi rad. (R),R_The_ED_FD_FCR D,6,166.79904686287017,174.79904686287017,199.1588562354435,0.01913481322038094,0.01913481322038094,none,30.0,125,2,monophasic
Modulated_autosave_20260715_170032_049ms,Flex. carpi rad. (R),R_The_ED_FD_FCR D,7,200.1588562354435,208.1588562354435,232.51866560801682,0.015777828168898736,0.015777828168898736,none,30.0,125,2,monophasic
Modulated_autosave_20260715_170032_049ms,Flex. carpi rad. (R),R_The_ED_FD_FCR D,8,233.51866560801682,241.51866560801682,265.8784749805937,0.03054856226819674,0.03054856226819674,none,30.0,125,2,monophasic
Modulated_autosave_20260715_170032_049ms,Flex. carpi rad. (R),R_The_ED_FD_FCR D,9,266.8784749805937,274.8784749805937,299.23828435316705,0.04061951671609104,0.04061951671609104,none,30.0,125,2,monophasic
Modulated_autosave_20260715_170032_049ms,Flex. carpi rad. (R),R_The_ED_FD_FCR D,10,300.23828435316705,308.23828435316705,332.59809372574034,0.03390554756597776,0.03390554756597776,none,30.0,125,2,monophasic
