source_file,muscle,channel,pulse,pulse_t_ms,win_start_ms,win_stop_ms,p2p,p2p_norm_pct,norm_mode,freq_hz,amp_ma,electrode,mode
Modulated_autosave_20260715_171433_605ms,Deltoid med. (L),L_DELmed,1,0.7942811753594015,8.794281175359401,32.359809372573324,,,none,30.0,30,2,monophasic
Modulated_autosave_20260715_171433_605ms,Deltoid med. (L),L_DELmed,2,33.359809372573324,41.359809372573324,65.71961874514665,,,none,30.0,30,2,monophasic
Modulated_autosave_20260715_171433_605ms,Deltoid med. (L),L_DELmed,3,66.71961874514665,74.71961874514665,99.07942811771997,,,none,30.0,30,2,monophasic
Modulated_autosave_20260715_171433_605ms,Deltoid med. (L),L_DELmed,4,100.07942811771997,108.07942811771997,132.4392374902933,,,none,30.0,30,2,monophasic
Modulated_autosave_20260715_171433_605ms,Deltoid med. (L),L_DELmed,5,133.4392374902933,141.4392374902933,165.79904686287017,,,none,30.0,30,2,monophasic
Modulated_autosave_20260715_171433_605ms,Deltoid med. (L),L_DELmed,6,166.79904686287017,174.79904686287017,199.1588562354435,,,none,30.0,30,2,monophasic
Modulated_autosave_20260715_171433_605ms,Deltoid med. (L),L_DELmed,7,200.1588562354435,208.1588562354435,232.51866560801682,,,none,30.0,30,2,monophasic
Modulated_autosave_20260715_171433_605ms,Deltoid med. (L),L_DELmed,8,233.51866560801682,241.51866560801682,265.87847497965936,,,none,30.0,30,2,monophasic
Modulated_autosave_20260715_171433_605ms,Deltoid med. (L),L_DELmed,9,266.87847497965936,274.87847497965936,299.23828435223265,,,none,30.0,30,2,monophasic
Modulated_autosave_20260715_171433_605ms,Deltoid med. (L),L_DELmed,10,300.23828435223265,308.23828435223265,332.59809372480953,,,none,30.0,30,2,monophasic
Modulated_autosave_20260715_171433_605ms,Deltoid med. (L),L_DELmed,1,0.7942811753594015,8.794281175359401,32.359809372573324,,,none,30.0,35,2,monophasic
Modulated_autosave_20260715_171433_605ms,Deltoid med. (L),L_DELmed,2,33.359809372573324,41.359809372573324,65.71961874514665,,,none,30.0,35,2,monophasic
Modulated_autosave_20260715_171433_605ms,Deltoid med. (L),L_DELmed,3,66.71961874514665,74.71961874514665,99.07942811771997,,,none,30.0,35,2,monophasic
Modulated_autosave_20260715_171433_605ms,Deltoid med. (L),L_DELmed,4,100.07942811771997,108.07942811771997,132.4392374902933,,,none,30.0,35,2,monophasic
Modulated_autosave_20260715_171433_605ms,Deltoid med. (L),L_DELmed,5,133.4392374902933,141.4392374902933,165.79904686287017,,,none,30.0,35,2,monophasic
Modulated_autosave_20260715_171433_605ms,Deltoid med. (L),L_DELmed,6,166.79904686287017,174.79904686287017,199.1588562354435,,,none,30.0,35,2,monophasic
Modulated_autosave_20260715_171433_605ms,Deltoid med. (L),L_DELmed,7,200.1588562354435,208.1588562354435,232.51866560801682,,,none,30.0,35,2,monophasic
Modulated_autosave_20260715_171433_605ms,Deltoid med. (L),L_DELmed,8,233.51866560801682,241.51866560801682,265.87847497965936,,,none,30.0,35,2,monophasic
Modulated_autosave_20260715_171433_605ms,Deltoid med. (L),L_DELmed,9,266.87847497965936,274.87847497965936,299.23828435223265,,,none,30.0,35,2,monophasic
Modulated_autosave_20260715_171433_605ms,Deltoid med. (L),L_DELmed,10,300.23828435223265,308.23828435223265,332.59809372480953,,,none,30.0,35,2,monophasic
Modulated_autosave_20260715_171433_605ms,Deltoid med. (L),L_DELmed,1,0.7942811753594015,8.794281175359401,32.359809372573324,,,none,30.0,40,2,monophasic
Modulated_autosave_20260715_171433_605ms,Deltoid med. (L),L_DELmed,2,33.359809372573324,41.359809372573324,65.71961874514665,,,none,30.0,40,2,monophasic
Modulated_autosave_20260715_171433_605ms,Deltoid med. (L),L_DELmed,3,66.71961874514665,74.71961874514665,99.07942811771997,,,none,30.0,40,2,monophasic
Modulated_autosave_20260715_171433_605ms,Deltoid med. (L),L_DELmed,4,100.07942811771997,108.07942811771997,132.4392374902933,,,none,30.0,40,2,monophasic
Modulated_autosave_20260715_171433_605ms,Deltoid med. (L),L_DELmed,5,133.4392374902933,141.4392374902933,165.79904686287017,,,none,30.0,40,2,monophasic
Modulated_autosave_20260715_171433_605ms,Deltoid med. (L),L_DELmed,6,166.79904686287017,174.79904686287017,199.1588562354435,,,none,30.0,40,2,monophasic
Modulated_autosave_20260715_171433_605ms,Deltoid med. (L),L_DELmed,7,200.1588562354435,208.1588562354435,232.51866560801682,,,none,30.0,40,2,monophasic
Modulated_autosave_20260715_171433_605ms,Deltoid med. (L),L_DELmed,8,233.51866560801682,241.51866560801682,265.87847497965936,,,none,30.0,40,2,monophasic
Modulated_autosave_20260715_171433_605ms,Deltoid med. (L),L_DELmed,9,266.87847497965936,274.87847497965936,299.23828435223265,,,none,30.0,40,2,monophasic
Modulated_autosave_20260715_171433_605ms,Deltoid med. (L),L_DELmed,10,300.23828435223265,308.23828435223265,332.59809372480953,,,none,30.0,40,2,monophasic
Modulated_autosave_20260715_171433_605ms,Deltoid med. (L),L_DELmed,1,0.7942811753594015,8.794281175359401,32.359809372573324,,,none,30.0,45,2,monophasic
Modulated_autosave_20260715_171433_605ms,Deltoid med. (L),L_DELmed,2,33.359809372573324,41.359809372573324,65.71961874514665,,,none,30.0,45,2,monophasic
Modulated_autosave_20260715_171433_605ms,Deltoid med. (L),L_DELmed,3,66.71961874514665,74.71961874514665,99.07942811771997,,,none,30.0,45,2,monophasic
Modulated_autosave_20260715_171433_605ms,Deltoid med. (L),L_DELmed,4,100.07942811771997,108.07942811771997,132.4392374902933,,,none,30.0,45,2,monophasic
Modulated_autosave_20260715_171433_605ms,Deltoid med. (L),L_DELmed,5,133.4392374902933,141.4392374902933,165.79904686287017,,,none,30.0,45,2,monophasic
Modulated_autosave_20260715_171433_605ms,Deltoid med. (L),L_DELmed,6,166.79904686287017,174.79904686287017,199.1588562354435,,,none,30.0,45,2,monophasic
Modulated_autosave_20260715_171433_605ms,Deltoid med. (L),L_DELmed,7,200.1588562354435,208.1588562354435,232.51866560801682,,,none,30.0,45,2,monophasic
Modulated_autosave_20260715_171433_605ms,Deltoid med. (L),L_DELmed,8,233.51866560801682,241.51866560801682,265.87847497965936,,,none,30.0,45,2,monophasic
Modulated_autosave_20260715_171433_605ms,Deltoid med. (L),L_DELmed,9,266.87847497965936,274.87847497965936,299.23828435223265,,,none,30.0,45,2,monophasic
Modulated_autosave_20260715_171433_605ms,Deltoid med. (L),L_DELmed,10,300.23828435223265,308.23828435223265,332.59809372480953,,,none,30.0,45,2,monophasic
Modulated_autosave_20260715_171433_605ms,Deltoid med. (L),L_DELmed,1,0.7942811753594015,8.794281175359401,32.359809372573324,,,none,30.0,50,2,monophasic
Modulated_autosave_20260715_171433_605ms,Deltoid med. (L),L_DELmed,2,33.359809372573324,41.359809372573324,65.71961874514665,,,none,30.0,50,2,monophasic
Modulated_autosave_20260715_171433_605ms,Deltoid med. (L),L_DELmed,3,66.71961874514665,74.71961874514665,99.07942811771997,,,none,30.0,50,2,monophasic
Modulated_autosave_20260715_171433_605ms,Deltoid med. (L),L_DELmed,4,100.07942811771997,108.07942811771997,132.4392374902933,,,none,30.0,50,2,monophasic
Modulated_autosave_20260715_171433_605ms,Deltoid med. (L),L_DELmed,5,133.4392374902933,141.4392374902933,165.79904686287017,,,none,30.0,50,2,monophasic
Modulated_autosave_20260715_171433_605ms,Deltoid med. (L),L_DELmed,6,166.79904686287017,174.79904686287017,199.1588562354435,,,none,30.0,50,2,monophasic
Modulated_autosave_20260715_171433_605ms,Deltoid med. (L),L_DELmed,7,200.1588562354435,208.1588562354435,232.51866560801682,,,none,30.0,50,2,monophasic
Modulated_autosave_20260715_171433_605ms,Deltoid med. (L),L_DELmed,8,233.51866560801682,241.51866560801682,265.87847497965936,,,none,30.0,50,2,monophasic
Modulated_autosave_20260715_171433_605ms,Deltoid med. (L),L_DELmed,9,266.87847497965936,274.87847497965936,299.23828435223265,,,none,30.0,50,2,monophasic
Modulated_autosave_20260715_171433_605ms,Deltoid med. (L),L_DELmed,10,300.23828435223265,308.23828435223265,332.59809372480953,,,none,30.0,50,2,monophasic
Modulated_autosave_20260715_171433_605ms,Deltoid med. (L),L_DELmed,1,0.7942811753594015,8.794281175359401,32.359809372573324,,,none,30.0,55,2,monophasic
Modulated_autosave_20260715_171433_605ms,Deltoid med. (L),L_DELmed,2,33.359809372573324,41.359809372573324,65.71961874514665,,,none,30.0,55,2,monophasic
Modulated_autosave_20260715_171433_605ms,Deltoid med. (L),L_DELmed,3,66.71961874514665,74.71961874514665,99.07942811771997,,,none,30.0,55,2,monophasic
Modulated_autosave_20260715_171433_605ms,Deltoid med. (L),L_DELmed,4,100.07942811771997,108.07942811771997,132.4392374902933,,,none,30.0,55,2,monophasic
Modulated_autosave_20260715_171433_605ms,Deltoid med. (L),L_DELmed,5,133.4392374902933,141.4392374902933,165.79904686287017,,,none,30.0,55,2,monophasic
Modulated_autosave_20260715_171433_605ms,Deltoid med. (L),L_DELmed,6,166.79904686287017,174.79904686287017,199.1588562354435,,,none,30.0,55,2,monophasic
Modulated_autosave_20260715_171433_605ms,Deltoid med. (L),L_DELmed,7,200.1588562354435,208.1588562354435,232.51866560801682,,,none,30.0,55,2,monophasic
Modulated_autosave_20260715_171433_605ms,Deltoid med. (L),L_DELmed,8,233.51866560801682,241.51866560801682,265.87847497965936,,,none,30.0,55,2,monophasic
Modulated_autosave_20260715_171433_605ms,Deltoid med. (L),L_DELmed,9,266.87847497965936,274.87847497965936,299.23828435223265,,,none,30.0,55,2,monophasic
Modulated_autosave_20260715_171433_605ms,Deltoid med. (L),L_DELmed,10,300.23828435223265,308.23828435223265,332.59809372480953,,,none,30.0,55,2,monophasic
Modulated_autosave_20260715_171433_605ms,Deltoid med. (L),L_DELmed,1,0.7942811753594015,8.794281175359401,32.359809372573324,,,none,30.0,60,2,monophasic
Modulated_autosave_20260715_171433_605ms,Deltoid med. (L),L_DELmed,2,33.359809372573324,41.359809372573324,65.71961874514665,,,none,30.0,60,2,monophasic
Modulated_autosave_20260715_171433_605ms,Deltoid med. (L),L_DELmed,3,66.71961874514665,74.71961874514665,99.07942811771997,,,none,30.0,60,2,monophasic
Modulated_autosave_20260715_171433_605ms,Deltoid med. (L),L_DELmed,4,100.07942811771997,108.07942811771997,132.4392374902933,,,none,30.0,60,2,monophasic
Modulated_autosave_20260715_171433_605ms,Deltoid med. (L),L_DELmed,5,133.4392374902933,141.4392374902933,165.79904686287017,,,none,30.0,60,2,monophasic
Modulated_autosave_20260715_171433_605ms,Deltoid med. (L),L_DELmed,6,166.79904686287017,174.79904686287017,199.1588562354435,,,none,30.0,60,2,monophasic
Modulated_autosave_20260715_171433_605ms,Deltoid med. (L),L_DELmed,7,200.1588562354435,208.1588562354435,232.51866560801682,,,none,30.0,60,2,monophasic
Modulated_autosave_20260715_171433_605ms,Deltoid med. (L),L_DELmed,8,233.51866560801682,241.51866560801682,265.87847497965936,,,none,30.0,60,2,monophasic
Modulated_autosave_20260715_171433_605ms,Deltoid med. (L),L_DELmed,9,266.87847497965936,274.87847497965936,299.23828435223265,,,none,30.0,60,2,monophasic
Modulated_autosave_20260715_171433_605ms,Deltoid med. (L),L_DELmed,10,300.23828435223265,308.23828435223265,332.59809372480953,,,none,30.0,60,2,monophasic
Modulated_autosave_20260715_171433_605ms,Deltoid med. (L),L_DELmed,1,0.7942811753594015,8.794281175359401,32.359809372573324,,,none,30.0,65,2,monophasic
Modulated_autosave_20260715_171433_605ms,Deltoid med. (L),L_DELmed,2,33.359809372573324,41.359809372573324,65.71961874514665,,,none,30.0,65,2,monophasic
Modulated_autosave_20260715_171433_605ms,Deltoid med. (L),L_DELmed,3,66.71961874514665,74.71961874514665,99.07942811771997,,,none,30.0,65,2,monophasic
Modulated_autosave_20260715_171433_605ms,Deltoid med. (L),L_DELmed,4,100.07942811771997,108.07942811771997,132.4392374902933,,,none,30.0,65,2,monophasic
Modulated_autosave_20260715_171433_605ms,Deltoid med. (L),L_DELmed,5,133.4392374902933,141.4392374902933,165.79904686287017,,,none,30.0,65,2,monophasic
Modulated_autosave_20260715_171433_605ms,Deltoid med. (L),L_DELmed,6,166.79904686287017,174.79904686287017,199.1588562354435,,,none,30.0,65,2,monophasic
Modulated_autosave_20260715_171433_605ms,Deltoid med. (L),L_DELmed,7,200.1588562354435,208.1588562354435,232.51866560801682,,,none,30.0,65,2,monophasic
Modulated_autosave_20260715_171433_605ms,Deltoid med. (L),L_DELmed,8,233.51866560801682,241.51866560801682,265.87847497965936,,,none,30.0,65,2,monophasic
Modulated_autosave_20260715_171433_605ms,Deltoid med. (L),L_DELmed,9,266.87847497965936,274.87847497965936,299.23828435223265,,,none,30.0,65,2,monophasic
Modulated_autosave_20260715_171433_605ms,Deltoid med. (L),L_DELmed,10,300.23828435223265,308.23828435223265,332.59809372480953,,,none,30.0,65,2,monophasic
Modulated_autosave_20260715_171433_605ms,Deltoid med. (L),L_DELmed,1,0.7942811753594015,8.794281175359401,32.359809372573324,,,none,30.0,70,2,monophasic
Modulated_autosave_20260715_171433_605ms,Deltoid med. (L),L_DELmed,2,33.359809372573324,41.359809372573324,65.71961874514665,,,none,30.0,70,2,monophasic
Modulated_autosave_20260715_171433_605ms,Deltoid med. (L),L_DELmed,3,66.71961874514665,74.71961874514665,99.07942811771997,,,none,30.0,70,2,monophasic
Modulated_autosave_20260715_171433_605ms,Deltoid med. (L),L_DELmed,4,100.07942811771997,108.07942811771997,132.4392374902933,,,none,30.0,70,2,monophasic
Modulated_autosave_20260715_171433_605ms,Deltoid med. (L),L_DELmed,5,133.4392374902933,141.4392374902933,165.79904686287017,,,none,30.0,70,2,monophasic
Modulated_autosave_20260715_171433_605ms,Deltoid med. (L),L_DELmed,6,166.79904686287017,174.79904686287017,199.1588562354435,,,none,30.0,70,2,monophasic
Modulated_autosave_20260715_171433_605ms,Deltoid med. (L),L_DELmed,7,200.1588562354435,208.1588562354435,232.51866560801682,,,none,30.0,70,2,monophasic
Modulated_autosave_20260715_171433_605ms,Deltoid med. (L),L_DELmed,8,233.51866560801682,241.51866560801682,265.87847497965936,,,none,30.0,70,2,monophasic
Modulated_autosave_20260715_171433_605ms,Deltoid med. (L),L_DELmed,9,266.87847497965936,274.87847497965936,299.23828435223265,,,none,30.0,70,2,monophasic
Modulated_autosave_20260715_171433_605ms,Deltoid med. (L),L_DELmed,10,300.23828435223265,308.23828435223265,332.59809372480953,,,none,30.0,70,2,monophasic
Modulated_autosave_20260715_171433_605ms,Deltoid med. (L),L_DELmed,1,0.7942811753594015,8.794281175359401,32.359809372573324,,,none,30.0,75,2,monophasic
Modulated_autosave_20260715_171433_605ms,Deltoid med. (L),L_DELmed,2,33.359809372573324,41.359809372573324,65.71961874514665,,,none,30.0,75,2,monophasic
Modulated_autosave_20260715_171433_605ms,Deltoid med. (L),L_DELmed,3,66.71961874514665,74.71961874514665,99.07942811771997,,,none,30.0,75,2,monophasic
Modulated_autosave_20260715_171433_605ms,Deltoid med. (L),L_DELmed,4,100.07942811771997,108.07942811771997,132.4392374902933,,,none,30.0,75,2,monophasic
Modulated_autosave_20260715_171433_605ms,Deltoid med. (L),L_DELmed,5,133.4392374902933,141.4392374902933,165.79904686287017,,,none,30.0,75,2,monophasic
Modulated_autosave_20260715_171433_605ms,Deltoid med. (L),L_DELmed,6,166.79904686287017,174.79904686287017,199.1588562354435,,,none,30.0,75,2,monophasic
Modulated_autosave_20260715_171433_605ms,Deltoid med. (L),L_DELmed,7,200.1588562354435,208.1588562354435,232.51866560801682,,,none,30.0,75,2,monophasic
Modulated_autosave_20260715_171433_605ms,Deltoid med. (L),L_DELmed,8,233.51866560801682,241.51866560801682,265.87847497965936,,,none,30.0,75,2,monophasic
Modulated_autosave_20260715_171433_605ms,Deltoid med. (L),L_DELmed,9,266.87847497965936,274.87847497965936,299.23828435223265,,,none,30.0,75,2,monophasic
Modulated_autosave_20260715_171433_605ms,Deltoid med. (L),L_DELmed,10,300.23828435223265,308.23828435223265,332.59809372480953,,,none,30.0,75,2,monophasic
Modulated_autosave_20260715_171433_605ms,Deltoid med. (L),L_DELmed,1,0.7942811753594015,8.794281175359401,32.359809372573324,,,none,30.0,80,2,monophasic
Modulated_autosave_20260715_171433_605ms,Deltoid med. (L),L_DELmed,2,33.359809372573324,41.359809372573324,65.71961874514665,,,none,30.0,80,2,monophasic
Modulated_autosave_20260715_171433_605ms,Deltoid med. (L),L_DELmed,3,66.71961874514665,74.71961874514665,99.07942811771997,,,none,30.0,80,2,monophasic
Modulated_autosave_20260715_171433_605ms,Deltoid med. (L),L_DELmed,4,100.07942811771997,108.07942811771997,132.4392374902933,,,none,30.0,80,2,monophasic
Modulated_autosave_20260715_171433_605ms,Deltoid med. (L),L_DELmed,5,133.4392374902933,141.4392374902933,165.79904686287017,,,none,30.0,80,2,monophasic
Modulated_autosave_20260715_171433_605ms,Deltoid med. (L),L_DELmed,6,166.79904686287017,174.79904686287017,199.1588562354435,,,none,30.0,80,2,monophasic
Modulated_autosave_20260715_171433_605ms,Deltoid med. (L),L_DELmed,7,200.1588562354435,208.1588562354435,232.51866560801682,,,none,30.0,80,2,monophasic
Modulated_autosave_20260715_171433_605ms,Deltoid med. (L),L_DELmed,8,233.51866560801682,241.51866560801682,265.87847497965936,,,none,30.0,80,2,monophasic
Modulated_autosave_20260715_171433_605ms,Deltoid med. (L),L_DELmed,9,266.87847497965936,274.87847497965936,299.23828435223265,,,none,30.0,80,2,monophasic
Modulated_autosave_20260715_171433_605ms,Deltoid med. (L),L_DELmed,10,300.23828435223265,308.23828435223265,332.59809372480953,,,none,30.0,80,2,monophasic
Modulated_autosave_20260715_171433_605ms,Deltoid med. (L),L_DELmed,1,0.7942811753594015,8.794281175359401,32.359809372573324,,,none,30.0,85,2,monophasic
Modulated_autosave_20260715_171433_605ms,Deltoid med. (L),L_DELmed,2,33.359809372573324,41.359809372573324,65.71961874514665,,,none,30.0,85,2,monophasic
Modulated_autosave_20260715_171433_605ms,Deltoid med. (L),L_DELmed,3,66.71961874514665,74.71961874514665,99.07942811771997,,,none,30.0,85,2,monophasic
Modulated_autosave_20260715_171433_605ms,Deltoid med. (L),L_DELmed,4,100.07942811771997,108.07942811771997,132.4392374902933,,,none,30.0,85,2,monophasic
Modulated_autosave_20260715_171433_605ms,Deltoid med. (L),L_DELmed,5,133.4392374902933,141.4392374902933,165.79904686287017,,,none,30.0,85,2,monophasic
Modulated_autosave_20260715_171433_605ms,Deltoid med. (L),L_DELmed,6,166.79904686287017,174.79904686287017,199.1588562354435,,,none,30.0,85,2,monophasic
Modulated_autosave_20260715_171433_605ms,Deltoid med. (L),L_DELmed,7,200.1588562354435,208.1588562354435,232.51866560801682,,,none,30.0,85,2,monophasic
Modulated_autosave_20260715_171433_605ms,Deltoid med. (L),L_DELmed,8,233.51866560801682,241.51866560801682,265.87847497965936,,,none,30.0,85,2,monophasic
Modulated_autosave_20260715_171433_605ms,Deltoid med. (L),L_DELmed,9,266.87847497965936,274.87847497965936,299.23828435223265,,,none,30.0,85,2,monophasic
Modulated_autosave_20260715_171433_605ms,Deltoid med. (L),L_DELmed,10,300.23828435223265,308.23828435223265,332.59809372480953,,,none,30.0,85,2,monophasic
Modulated_autosave_20260715_171433_605ms,Deltoid med. (L),L_DELmed,1,0.7942811753594015,8.794281175359401,32.359809372573324,,,none,30.0,90,2,monophasic
Modulated_autosave_20260715_171433_605ms,Deltoid med. (L),L_DELmed,2,33.359809372573324,41.359809372573324,65.71961874514665,,,none,30.0,90,2,monophasic
Modulated_autosave_20260715_171433_605ms,Deltoid med. (L),L_DELmed,3,66.71961874514665,74.71961874514665,99.07942811771997,,,none,30.0,90,2,monophasic
Modulated_autosave_20260715_171433_605ms,Deltoid med. (L),L_DELmed,4,100.07942811771997,108.07942811771997,132.4392374902933,,,none,30.0,90,2,monophasic
Modulated_autosave_20260715_171433_605ms,Deltoid med. (L),L_DELmed,5,133.4392374902933,141.4392374902933,165.79904686287017,,,none,30.0,90,2,monophasic
Modulated_autosave_20260715_171433_605ms,Deltoid med. (L),L_DELmed,6,166.79904686287017,174.79904686287017,199.1588562354435,,,none,30.0,90,2,monophasic
Modulated_autosave_20260715_171433_605ms,Deltoid med. (L),L_DELmed,7,200.1588562354435,208.1588562354435,232.51866560801682,,,none,30.0,90,2,monophasic
Modulated_autosave_20260715_171433_605ms,Deltoid med. (L),L_DELmed,8,233.51866560801682,241.51866560801682,265.87847497965936,,,none,30.0,90,2,monophasic
Modulated_autosave_20260715_171433_605ms,Deltoid med. (L),L_DELmed,9,266.87847497965936,274.87847497965936,299.23828435223265,,,none,30.0,90,2,monophasic
Modulated_autosave_20260715_171433_605ms,Deltoid med. (L),L_DELmed,10,300.23828435223265,308.23828435223265,332.59809372480953,,,none,30.0,90,2,monophasic
Modulated_autosave_20260715_171433_605ms,Deltoid med. (L),L_DELmed,1,0.7942811753594015,8.794281175359401,32.359809372573324,,,none,30.0,95,2,monophasic
Modulated_autosave_20260715_171433_605ms,Deltoid med. (L),L_DELmed,2,33.359809372573324,41.359809372573324,65.71961874514665,,,none,30.0,95,2,monophasic
Modulated_autosave_20260715_171433_605ms,Deltoid med. (L),L_DELmed,3,66.71961874514665,74.71961874514665,99.07942811771997,,,none,30.0,95,2,monophasic
Modulated_autosave_20260715_171433_605ms,Deltoid med. (L),L_DELmed,4,100.07942811771997,108.07942811771997,132.4392374902933,,,none,30.0,95,2,monophasic
Modulated_autosave_20260715_171433_605ms,Deltoid med. (L),L_DELmed,5,133.4392374902933,141.4392374902933,165.79904686287017,,,none,30.0,95,2,monophasic
Modulated_autosave_20260715_171433_605ms,Deltoid med. (L),L_DELmed,6,166.79904686287017,174.79904686287017,199.1588562354435,,,none,30.0,95,2,monophasic
Modulated_autosave_20260715_171433_605ms,Deltoid med. (L),L_DELmed,7,200.1588562354435,208.1588562354435,232.51866560801682,,,none,30.0,95,2,monophasic
Modulated_autosave_20260715_171433_605ms,Deltoid med. (L),L_DELmed,8,233.51866560801682,241.51866560801682,265.87847497965936,,,none,30.0,95,2,monophasic
Modulated_autosave_20260715_171433_605ms,Deltoid med. (L),L_DELmed,9,266.87847497965936,274.87847497965936,299.23828435223265,,,none,30.0,95,2,monophasic
Modulated_autosave_20260715_171433_605ms,Deltoid med. (L),L_DELmed,10,300.23828435223265,308.23828435223265,332.59809372480953,,,none,30.0,95,2,monophasic
Modulated_autosave_20260715_171433_605ms,Deltoid med. (L),L_DELmed,1,0.7942811753594015,8.794281175359401,32.359809372573324,,,none,30.0,100,2,monophasic
Modulated_autosave_20260715_171433_605ms,Deltoid med. (L),L_DELmed,2,33.359809372573324,41.359809372573324,65.71961874514665,,,none,30.0,100,2,monophasic
Modulated_autosave_20260715_171433_605ms,Deltoid med. (L),L_DELmed,3,66.71961874514665,74.71961874514665,99.07942811771997,,,none,30.0,100,2,monophasic
Modulated_autosave_20260715_171433_605ms,Deltoid med. (L),L_DELmed,4,100.07942811771997,108.07942811771997,132.4392374902933,,,none,30.0,100,2,monophasic
Modulated_autosave_20260715_171433_605ms,Deltoid med. (L),L_DELmed,5,133.4392374902933,141.4392374902933,165.79904686287017,,,none,30.0,100,2,monophasic
Modulated_autosave_20260715_171433_605ms,Deltoid med. (L),L_DELmed,6,166.79904686287017,174.79904686287017,199.1588562354435,,,none,30.0,100,2,monophasic
Modulated_autosave_20260715_171433_605ms,Deltoid med. (L),L_DELmed,7,200.1588562354435,208.1588562354435,232.51866560801682,,,none,30.0,100,2,monophasic
Modulated_autosave_20260715_171433_605ms,Deltoid med. (L),L_DELmed,8,233.51866560801682,241.51866560801682,265.87847497965936,,,none,30.0,100,2,monophasic
Modulated_autosave_20260715_171433_605ms,Deltoid med. (L),L_DELmed,9,266.87847497965936,274.87847497965936,299.23828435223265,,,none,30.0,100,2,monophasic
Modulated_autosave_20260715_171433_605ms,Deltoid med. (L),L_DELmed,10,300.23828435223265,308.23828435223265,332.59809372480953,,,none,30.0,100,2,monophasic
Modulated_autosave_20260715_171433_605ms,Deltoid med. (L),L_DELmed,1,0.7942811753594015,8.794281175359401,32.359809372573324,,,none,30.0,105,2,monophasic
Modulated_autosave_20260715_171433_605ms,Deltoid med. (L),L_DELmed,2,33.359809372573324,41.359809372573324,65.71961874514665,,,none,30.0,105,2,monophasic
Modulated_autosave_20260715_171433_605ms,Deltoid med. (L),L_DELmed,3,66.71961874514665,74.71961874514665,99.07942811771997,,,none,30.0,105,2,monophasic
Modulated_autosave_20260715_171433_605ms,Deltoid med. (L),L_DELmed,4,100.07942811771997,108.07942811771997,132.4392374902933,,,none,30.0,105,2,monophasic
Modulated_autosave_20260715_171433_605ms,Deltoid med. (L),L_DELmed,5,133.4392374902933,141.4392374902933,165.79904686287017,,,none,30.0,105,2,monophasic
Modulated_autosave_20260715_171433_605ms,Deltoid med. (L),L_DELmed,6,166.79904686287017,174.79904686287017,199.1588562354435,,,none,30.0,105,2,monophasic
Modulated_autosave_20260715_171433_605ms,Deltoid med. (L),L_DELmed,7,200.1588562354435,208.1588562354435,232.51866560801682,,,none,30.0,105,2,monophasic
Modulated_autosave_20260715_171433_605ms,Deltoid med. (L),L_DELmed,8,233.51866560801682,241.51866560801682,265.87847497965936,,,none,30.0,105,2,monophasic
Modulated_autosave_20260715_171433_605ms,Deltoid med. (L),L_DELmed,9,266.87847497965936,274.87847497965936,299.23828435223265,,,none,30.0,105,2,monophasic
Modulated_autosave_20260715_171433_605ms,Deltoid med. (L),L_DELmed,10,300.23828435223265,308.23828435223265,332.59809372480953,,,none,30.0,105,2,monophasic
Modulated_autosave_20260715_171433_605ms,Deltoid med. (L),L_DELmed,1,0.7942811753594015,8.794281175359401,32.359809372573324,,,none,30.0,110,2,monophasic
Modulated_autosave_20260715_171433_605ms,Deltoid med. (L),L_DELmed,2,33.359809372573324,41.359809372573324,65.71961874514665,,,none,30.0,110,2,monophasic
Modulated_autosave_20260715_171433_605ms,Deltoid med. (L),L_DELmed,3,66.71961874514665,74.71961874514665,99.07942811771997,,,none,30.0,110,2,monophasic
Modulated_autosave_20260715_171433_605ms,Deltoid med. (L),L_DELmed,4,100.07942811771997,108.07942811771997,132.4392374902933,,,none,30.0,110,2,monophasic
Modulated_autosave_20260715_171433_605ms,Deltoid med. (L),L_DELmed,5,133.4392374902933,141.4392374902933,165.79904686287017,,,none,30.0,110,2,monophasic
Modulated_autosave_20260715_171433_605ms,Deltoid med. (L),L_DELmed,6,166.79904686287017,174.79904686287017,199.1588562354435,,,none,30.0,110,2,monophasic
Modulated_autosave_20260715_171433_605ms,Deltoid med. (L),L_DELmed,7,200.1588562354435,208.1588562354435,232.51866560801682,,,none,30.0,110,2,monophasic
Modulated_autosave_20260715_171433_605ms,Deltoid med. (L),L_DELmed,8,233.51866560801682,241.51866560801682,265.87847497965936,,,none,30.0,110,2,monophasic
Modulated_autosave_20260715_171433_605ms,Deltoid med. (L),L_DELmed,9,266.87847497965936,274.87847497965936,299.23828435223265,,,none,30.0,110,2,monophasic
Modulated_autosave_20260715_171433_605ms,Deltoid med. (L),L_DELmed,10,300.23828435223265,308.23828435223265,332.59809372480953,,,none,30.0,110,2,monophasic
Modulated_autosave_20260715_171433_605ms,Deltoid med. (L),L_DELmed,1,0.7942811753594015,8.794281175359401,32.359809372573324,,,none,30.0,115,2,monophasic
Modulated_autosave_20260715_171433_605ms,Deltoid med. (L),L_DELmed,2,33.359809372573324,41.359809372573324,65.71961874514665,,,none,30.0,115,2,monophasic
Modulated_autosave_20260715_171433_605ms,Deltoid med. (L),L_DELmed,3,66.71961874514665,74.71961874514665,99.07942811771997,,,none,30.0,115,2,monophasic
Modulated_autosave_20260715_171433_605ms,Deltoid med. (L),L_DELmed,4,100.07942811771997,108.07942811771997,132.4392374902933,,,none,30.0,115,2,monophasic
Modulated_autosave_20260715_171433_605ms,Deltoid med. (L),L_DELmed,5,133.4392374902933,141.4392374902933,165.79904686287017,,,none,30.0,115,2,monophasic
Modulated_autosave_20260715_171433_605ms,Deltoid med. (L),L_DELmed,6,166.79904686287017,174.79904686287017,199.1588562354435,,,none,30.0,115,2,monophasic
Modulated_autosave_20260715_171433_605ms,Deltoid med. (L),L_DELmed,7,200.1588562354435,208.1588562354435,232.51866560801682,,,none,30.0,115,2,monophasic
Modulated_autosave_20260715_171433_605ms,Deltoid med. (L),L_DELmed,8,233.51866560801682,241.51866560801682,265.87847497965936,,,none,30.0,115,2,monophasic
Modulated_autosave_20260715_171433_605ms,Deltoid med. (L),L_DELmed,9,266.87847497965936,274.87847497965936,299.23828435223265,,,none,30.0,115,2,monophasic
Modulated_autosave_20260715_171433_605ms,Deltoid med. (L),L_DELmed,10,300.23828435223265,308.23828435223265,332.59809372480953,,,none,30.0,115,2,monophasic
Modulated_autosave_20260715_171433_605ms,Deltoid med. (L),L_DELmed,1,0.7942811753594015,8.794281175359401,32.359809372573324,,,none,30.0,120,2,monophasic
Modulated_autosave_20260715_171433_605ms,Deltoid med. (L),L_DELmed,2,33.359809372573324,41.359809372573324,65.71961874514665,,,none,30.0,120,2,monophasic
Modulated_autosave_20260715_171433_605ms,Deltoid med. (L),L_DELmed,3,66.71961874514665,74.71961874514665,99.07942811771997,,,none,30.0,120,2,monophasic
Modulated_autosave_20260715_171433_605ms,Deltoid med. (L),L_DELmed,4,100.07942811771997,108.07942811771997,132.4392374902933,,,none,30.0,120,2,monophasic
Modulated_autosave_20260715_171433_605ms,Deltoid med. (L),L_DELmed,5,133.4392374902933,141.4392374902933,165.79904686287017,,,none,30.0,120,2,monophasic
Modulated_autosave_20260715_171433_605ms,Deltoid med. (L),L_DELmed,6,166.79904686287017,174.79904686287017,199.1588562354435,,,none,30.0,120,2,monophasic
Modulated_autosave_20260715_171433_605ms,Deltoid med. (L),L_DELmed,7,200.1588562354435,208.1588562354435,232.51866560801682,,,none,30.0,120,2,monophasic
Modulated_autosave_20260715_171433_605ms,Deltoid med. (L),L_DELmed,8,233.51866560801682,241.51866560801682,265.87847497965936,,,none,30.0,120,2,monophasic
Modulated_autosave_20260715_171433_605ms,Deltoid med. (L),L_DELmed,9,266.87847497965936,274.87847497965936,299.23828435223265,,,none,30.0,120,2,monophasic
Modulated_autosave_20260715_171433_605ms,Deltoid med. (L),L_DELmed,10,300.23828435223265,308.23828435223265,332.59809372480953,,,none,30.0,120,2,monophasic
Modulated_autosave_20260715_171433_605ms,Deltoid med. (L),L_DELmed,1,0.7942811753594015,8.794281175359401,32.359809372573324,,,none,30.0,125,2,monophasic
Modulated_autosave_20260715_171433_605ms,Deltoid med. (L),L_DELmed,2,33.359809372573324,41.359809372573324,65.71961874514665,,,none,30.0,125,2,monophasic
Modulated_autosave_20260715_171433_605ms,Deltoid med. (L),L_DELmed,3,66.71961874514665,74.71961874514665,99.07942811771997,,,none,30.0,125,2,monophasic
Modulated_autosave_20260715_171433_605ms,Deltoid med. (L),L_DELmed,4,100.07942811771997,108.07942811771997,132.4392374902933,,,none,30.0,125,2,monophasic
Modulated_autosave_20260715_171433_605ms,Deltoid med. (L),L_DELmed,5,133.4392374902933,141.4392374902933,165.79904686287017,,,none,30.0,125,2,monophasic
Modulated_autosave_20260715_171433_605ms,Deltoid med. (L),L_DELmed,6,166.79904686287017,174.79904686287017,199.1588562354435,,,none,30.0,125,2,monophasic
Modulated_autosave_20260715_171433_605ms,Deltoid med. (L),L_DELmed,7,200.1588562354435,208.1588562354435,232.51866560801682,,,none,30.0,125,2,monophasic
Modulated_autosave_20260715_171433_605ms,Deltoid med. (L),L_DELmed,8,233.51866560801682,241.51866560801682,265.87847497965936,,,none,30.0,125,2,monophasic
Modulated_autosave_20260715_171433_605ms,Deltoid med. (L),L_DELmed,9,266.87847497965936,274.87847497965936,299.23828435223265,,,none,30.0,125,2,monophasic
Modulated_autosave_20260715_171433_605ms,Deltoid med. (L),L_DELmed,10,300.23828435223265,308.23828435223265,332.59809372480953,,,none,30.0,125,2,monophasic
Modulated_autosave_20260715_171433_605ms,Biceps (L),L_BB,1,0.7942811753594015,8.794281175359401,32.359809372573324,,,none,30.0,30,2,monophasic
Modulated_autosave_20260715_171433_605ms,Biceps (L),L_BB,2,33.359809372573324,41.359809372573324,65.71961874514665,,,none,30.0,30,2,monophasic
Modulated_autosave_20260715_171433_605ms,Biceps (L),L_BB,3,66.71961874514665,74.71961874514665,99.07942811771997,,,none,30.0,30,2,monophasic
Modulated_autosave_20260715_171433_605ms,Biceps (L),L_BB,4,100.07942811771997,108.07942811771997,132.4392374902933,,,none,30.0,30,2,monophasic
Modulated_autosave_20260715_171433_605ms,Biceps (L),L_BB,5,133.4392374902933,141.4392374902933,165.79904686287017,,,none,30.0,30,2,monophasic
Modulated_autosave_20260715_171433_605ms,Biceps (L),L_BB,6,166.79904686287017,174.79904686287017,199.1588562354435,,,none,30.0,30,2,monophasic
Modulated_autosave_20260715_171433_605ms,Biceps (L),L_BB,7,200.1588562354435,208.1588562354435,232.51866560801682,,,none,30.0,30,2,monophasic
Modulated_autosave_20260715_171433_605ms,Biceps (L),L_BB,8,233.51866560801682,241.51866560801682,265.87847497965936,,,none,30.0,30,2,monophasic
Modulated_autosave_20260715_171433_605ms,Biceps (L),L_BB,9,266.87847497965936,274.87847497965936,299.23828435223265,,,none,30.0,30,2,monophasic
Modulated_autosave_20260715_171433_605ms,Biceps (L),L_BB,10,300.23828435223265,308.23828435223265,332.59809372480953,,,none,30.0,30,2,monophasic
Modulated_autosave_20260715_171433_605ms,Biceps (L),L_BB,1,0.7942811753594015,8.794281175359401,32.359809372573324,,,none,30.0,35,2,monophasic
Modulated_autosave_20260715_171433_605ms,Biceps (L),L_BB,2,33.359809372573324,41.359809372573324,65.71961874514665,,,none,30.0,35,2,monophasic
Modulated_autosave_20260715_171433_605ms,Biceps (L),L_BB,3,66.71961874514665,74.71961874514665,99.07942811771997,,,none,30.0,35,2,monophasic
Modulated_autosave_20260715_171433_605ms,Biceps (L),L_BB,4,100.07942811771997,108.07942811771997,132.4392374902933,,,none,30.0,35,2,monophasic
Modulated_autosave_20260715_171433_605ms,Biceps (L),L_BB,5,133.4392374902933,141.4392374902933,165.79904686287017,,,none,30.0,35,2,monophasic
Modulated_autosave_20260715_171433_605ms,Biceps (L),L_BB,6,166.79904686287017,174.79904686287017,199.1588562354435,,,none,30.0,35,2,monophasic
Modulated_autosave_20260715_171433_605ms,Biceps (L),L_BB,7,200.1588562354435,208.1588562354435,232.51866560801682,,,none,30.0,35,2,monophasic
Modulated_autosave_20260715_171433_605ms,Biceps (L),L_BB,8,233.51866560801682,241.51866560801682,265.87847497965936,,,none,30.0,35,2,monophasic
Modulated_autosave_20260715_171433_605ms,Biceps (L),L_BB,9,266.87847497965936,274.87847497965936,299.23828435223265,,,none,30.0,35,2,monophasic
Modulated_autosave_20260715_171433_605ms,Biceps (L),L_BB,10,300.23828435223265,308.23828435223265,332.59809372480953,,,none,30.0,35,2,monophasic
Modulated_autosave_20260715_171433_605ms,Biceps (L),L_BB,1,0.7942811753594015,8.794281175359401,32.359809372573324,,,none,30.0,40,2,monophasic
Modulated_autosave_20260715_171433_605ms,Biceps (L),L_BB,2,33.359809372573324,41.359809372573324,65.71961874514665,,,none,30.0,40,2,monophasic
Modulated_autosave_20260715_171433_605ms,Biceps (L),L_BB,3,66.71961874514665,74.71961874514665,99.07942811771997,,,none,30.0,40,2,monophasic
Modulated_autosave_20260715_171433_605ms,Biceps (L),L_BB,4,100.07942811771997,108.07942811771997,132.4392374902933,,,none,30.0,40,2,monophasic
Modulated_autosave_20260715_171433_605ms,Biceps (L),L_BB,5,133.4392374902933,141.4392374902933,165.79904686287017,,,none,30.0,40,2,monophasic
Modulated_autosave_20260715_171433_605ms,Biceps (L),L_BB,6,166.79904686287017,174.79904686287017,199.1588562354435,,,none,30.0,40,2,monophasic
Modulated_autosave_20260715_171433_605ms,Biceps (L),L_BB,7,200.1588562354435,208.1588562354435,232.51866560801682,,,none,30.0,40,2,monophasic
Modulated_autosave_20260715_171433_605ms,Biceps (L),L_BB,8,233.51866560801682,241.51866560801682,265.87847497965936,,,none,30.0,40,2,monophasic
Modulated_autosave_20260715_171433_605ms,Biceps (L),L_BB,9,266.87847497965936,274.87847497965936,299.23828435223265,,,none,30.0,40,2,monophasic
Modulated_autosave_20260715_171433_605ms,Biceps (L),L_BB,10,300.23828435223265,308.23828435223265,332.59809372480953,,,none,30.0,40,2,monophasic
Modulated_autosave_20260715_171433_605ms,Biceps (L),L_BB,1,0.7942811753594015,8.794281175359401,32.359809372573324,,,none,30.0,45,2,monophasic
Modulated_autosave_20260715_171433_605ms,Biceps (L),L_BB,2,33.359809372573324,41.359809372573324,65.71961874514665,,,none,30.0,45,2,monophasic
Modulated_autosave_20260715_171433_605ms,Biceps (L),L_BB,3,66.71961874514665,74.71961874514665,99.07942811771997,,,none,30.0,45,2,monophasic
Modulated_autosave_20260715_171433_605ms,Biceps (L),L_BB,4,100.07942811771997,108.07942811771997,132.4392374902933,,,none,30.0,45,2,monophasic
Modulated_autosave_20260715_171433_605ms,Biceps (L),L_BB,5,133.4392374902933,141.4392374902933,165.79904686287017,,,none,30.0,45,2,monophasic
Modulated_autosave_20260715_171433_605ms,Biceps (L),L_BB,6,166.79904686287017,174.79904686287017,199.1588562354435,,,none,30.0,45,2,monophasic
Modulated_autosave_20260715_171433_605ms,Biceps (L),L_BB,7,200.1588562354435,208.1588562354435,232.51866560801682,,,none,30.0,45,2,monophasic
Modulated_autosave_20260715_171433_605ms,Biceps (L),L_BB,8,233.51866560801682,241.51866560801682,265.87847497965936,,,none,30.0,45,2,monophasic
Modulated_autosave_20260715_171433_605ms,Biceps (L),L_BB,9,266.87847497965936,274.87847497965936,299.23828435223265,,,none,30.0,45,2,monophasic
Modulated_autosave_20260715_171433_605ms,Biceps (L),L_BB,10,300.23828435223265,308.23828435223265,332.59809372480953,,,none,30.0,45,2,monophasic
Modulated_autosave_20260715_171433_605ms,Biceps (L),L_BB,1,0.7942811753594015,8.794281175359401,32.359809372573324,,,none,30.0,50,2,monophasic
Modulated_autosave_20260715_171433_605ms,Biceps (L),L_BB,2,33.359809372573324,41.359809372573324,65.71961874514665,,,none,30.0,50,2,monophasic
Modulated_autosave_20260715_171433_605ms,Biceps (L),L_BB,3,66.71961874514665,74.71961874514665,99.07942811771997,,,none,30.0,50,2,monophasic
Modulated_autosave_20260715_171433_605ms,Biceps (L),L_BB,4,100.07942811771997,108.07942811771997,132.4392374902933,,,none,30.0,50,2,monophasic
Modulated_autosave_20260715_171433_605ms,Biceps (L),L_BB,5,133.4392374902933,141.4392374902933,165.79904686287017,,,none,30.0,50,2,monophasic
Modulated_autosave_20260715_171433_605ms,Biceps (L),L_BB,6,166.79904686287017,174.79904686287017,199.1588562354435,,,none,30.0,50,2,monophasic
Modulated_autosave_20260715_171433_605ms,Biceps (L),L_BB,7,200.1588562354435,208.1588562354435,232.51866560801682,,,none,30.0,50,2,monophasic
Modulated_autosave_20260715_171433_605ms,Biceps (L),L_BB,8,233.51866560801682,241.51866560801682,265.87847497965936,,,none,30.0,50,2,monophasic
Modulated_autosave_20260715_171433_605ms,Biceps (L),L_BB,9,266.87847497965936,274.87847497965936,299.23828435223265,,,none,30.0,50,2,monophasic
Modulated_autosave_20260715_171433_605ms,Biceps (L),L_BB,10,300.23828435223265,308.23828435223265,332.59809372480953,,,none,30.0,50,2,monophasic
Modulated_autosave_20260715_171433_605ms,Biceps (L),L_BB,1,0.7942811753594015,8.794281175359401,32.359809372573324,,,none,30.0,55,2,monophasic
Modulated_autosave_20260715_171433_605ms,Biceps (L),L_BB,2,33.359809372573324,41.359809372573324,65.71961874514665,,,none,30.0,55,2,monophasic
Modulated_autosave_20260715_171433_605ms,Biceps (L),L_BB,3,66.71961874514665,74.71961874514665,99.07942811771997,,,none,30.0,55,2,monophasic
Modulated_autosave_20260715_171433_605ms,Biceps (L),L_BB,4,100.07942811771997,108.07942811771997,132.4392374902933,,,none,30.0,55,2,monophasic
Modulated_autosave_20260715_171433_605ms,Biceps (L),L_BB,5,133.4392374902933,141.4392374902933,165.79904686287017,,,none,30.0,55,2,monophasic
Modulated_autosave_20260715_171433_605ms,Biceps (L),L_BB,6,166.79904686287017,174.79904686287017,199.1588562354435,,,none,30.0,55,2,monophasic
Modulated_autosave_20260715_171433_605ms,Biceps (L),L_BB,7,200.1588562354435,208.1588562354435,232.51866560801682,,,none,30.0,55,2,monophasic
Modulated_autosave_20260715_171433_605ms,Biceps (L),L_BB,8,233.51866560801682,241.51866560801682,265.87847497965936,,,none,30.0,55,2,monophasic
Modulated_autosave_20260715_171433_605ms,Biceps (L),L_BB,9,266.87847497965936,274.87847497965936,299.23828435223265,,,none,30.0,55,2,monophasic
Modulated_autosave_20260715_171433_605ms,Biceps (L),L_BB,10,300.23828435223265,308.23828435223265,332.59809372480953,,,none,30.0,55,2,monophasic
Modulated_autosave_20260715_171433_605ms,Biceps (L),L_BB,1,0.7942811753594015,8.794281175359401,32.359809372573324,,,none,30.0,60,2,monophasic
Modulated_autosave_20260715_171433_605ms,Biceps (L),L_BB,2,33.359809372573324,41.359809372573324,65.71961874514665,,,none,30.0,60,2,monophasic
Modulated_autosave_20260715_171433_605ms,Biceps (L),L_BB,3,66.71961874514665,74.71961874514665,99.07942811771997,,,none,30.0,60,2,monophasic
Modulated_autosave_20260715_171433_605ms,Biceps (L),L_BB,4,100.07942811771997,108.07942811771997,132.4392374902933,,,none,30.0,60,2,monophasic
Modulated_autosave_20260715_171433_605ms,Biceps (L),L_BB,5,133.4392374902933,141.4392374902933,165.79904686287017,,,none,30.0,60,2,monophasic
Modulated_autosave_20260715_171433_605ms,Biceps (L),L_BB,6,166.79904686287017,174.79904686287017,199.1588562354435,,,none,30.0,60,2,monophasic
Modulated_autosave_20260715_171433_605ms,Biceps (L),L_BB,7,200.1588562354435,208.1588562354435,232.51866560801682,,,none,30.0,60,2,monophasic
Modulated_autosave_20260715_171433_605ms,Biceps (L),L_BB,8,233.51866560801682,241.51866560801682,265.87847497965936,,,none,30.0,60,2,monophasic
Modulated_autosave_20260715_171433_605ms,Biceps (L),L_BB,9,266.87847497965936,274.87847497965936,299.23828435223265,,,none,30.0,60,2,monophasic
Modulated_autosave_20260715_171433_605ms,Biceps (L),L_BB,10,300.23828435223265,308.23828435223265,332.59809372480953,,,none,30.0,60,2,monophasic
Modulated_autosave_20260715_171433_605ms,Biceps (L),L_BB,1,0.7942811753594015,8.794281175359401,32.359809372573324,,,none,30.0,65,2,monophasic
Modulated_autosave_20260715_171433_605ms,Biceps (L),L_BB,2,33.359809372573324,41.359809372573324,65.71961874514665,,,none,30.0,65,2,monophasic
Modulated_autosave_20260715_171433_605ms,Biceps (L),L_BB,3,66.71961874514665,74.71961874514665,99.07942811771997,,,none,30.0,65,2,monophasic
Modulated_autosave_20260715_171433_605ms,Biceps (L),L_BB,4,100.07942811771997,108.07942811771997,132.4392374902933,,,none,30.0,65,2,monophasic
Modulated_autosave_20260715_171433_605ms,Biceps (L),L_BB,5,133.4392374902933,141.4392374902933,165.79904686287017,,,none,30.0,65,2,monophasic
Modulated_autosave_20260715_171433_605ms,Biceps (L),L_BB,6,166.79904686287017,174.79904686287017,199.1588562354435,,,none,30.0,65,2,monophasic
Modulated_autosave_20260715_171433_605ms,Biceps (L),L_BB,7,200.1588562354435,208.1588562354435,232.51866560801682,,,none,30.0,65,2,monophasic
Modulated_autosave_20260715_171433_605ms,Biceps (L),L_BB,8,233.51866560801682,241.51866560801682,265.87847497965936,,,none,30.0,65,2,monophasic
Modulated_autosave_20260715_171433_605ms,Biceps (L),L_BB,9,266.87847497965936,274.87847497965936,299.23828435223265,,,none,30.0,65,2,monophasic
Modulated_autosave_20260715_171433_605ms,Biceps (L),L_BB,10,300.23828435223265,308.23828435223265,332.59809372480953,,,none,30.0,65,2,monophasic
Modulated_autosave_20260715_171433_605ms,Biceps (L),L_BB,1,0.7942811753594015,8.794281175359401,32.359809372573324,,,none,30.0,70,2,monophasic
Modulated_autosave_20260715_171433_605ms,Biceps (L),L_BB,2,33.359809372573324,41.359809372573324,65.71961874514665,,,none,30.0,70,2,monophasic
Modulated_autosave_20260715_171433_605ms,Biceps (L),L_BB,3,66.71961874514665,74.71961874514665,99.07942811771997,,,none,30.0,70,2,monophasic
Modulated_autosave_20260715_171433_605ms,Biceps (L),L_BB,4,100.07942811771997,108.07942811771997,132.4392374902933,,,none,30.0,70,2,monophasic
Modulated_autosave_20260715_171433_605ms,Biceps (L),L_BB,5,133.4392374902933,141.4392374902933,165.79904686287017,,,none,30.0,70,2,monophasic
Modulated_autosave_20260715_171433_605ms,Biceps (L),L_BB,6,166.79904686287017,174.79904686287017,199.1588562354435,,,none,30.0,70,2,monophasic
Modulated_autosave_20260715_171433_605ms,Biceps (L),L_BB,7,200.1588562354435,208.1588562354435,232.51866560801682,,,none,30.0,70,2,monophasic
Modulated_autosave_20260715_171433_605ms,Biceps (L),L_BB,8,233.51866560801682,241.51866560801682,265.87847497965936,,,none,30.0,70,2,monophasic
Modulated_autosave_20260715_171433_605ms,Biceps (L),L_BB,9,266.87847497965936,274.87847497965936,299.23828435223265,,,none,30.0,70,2,monophasic
Modulated_autosave_20260715_171433_605ms,Biceps (L),L_BB,10,300.23828435223265,308.23828435223265,332.59809372480953,,,none,30.0,70,2,monophasic
Modulated_autosave_20260715_171433_605ms,Biceps (L),L_BB,1,0.7942811753594015,8.794281175359401,32.359809372573324,,,none,30.0,75,2,monophasic
Modulated_autosave_20260715_171433_605ms,Biceps (L),L_BB,2,33.359809372573324,41.359809372573324,65.71961874514665,,,none,30.0,75,2,monophasic
Modulated_autosave_20260715_171433_605ms,Biceps (L),L_BB,3,66.71961874514665,74.71961874514665,99.07942811771997,,,none,30.0,75,2,monophasic
Modulated_autosave_20260715_171433_605ms,Biceps (L),L_BB,4,100.07942811771997,108.07942811771997,132.4392374902933,,,none,30.0,75,2,monophasic
Modulated_autosave_20260715_171433_605ms,Biceps (L),L_BB,5,133.4392374902933,141.4392374902933,165.79904686287017,,,none,30.0,75,2,monophasic
Modulated_autosave_20260715_171433_605ms,Biceps (L),L_BB,6,166.79904686287017,174.79904686287017,199.1588562354435,,,none,30.0,75,2,monophasic
Modulated_autosave_20260715_171433_605ms,Biceps (L),L_BB,7,200.1588562354435,208.1588562354435,232.51866560801682,,,none,30.0,75,2,monophasic
Modulated_autosave_20260715_171433_605ms,Biceps (L),L_BB,8,233.51866560801682,241.51866560801682,265.87847497965936,,,none,30.0,75,2,monophasic
Modulated_autosave_20260715_171433_605ms,Biceps (L),L_BB,9,266.87847497965936,274.87847497965936,299.23828435223265,,,none,30.0,75,2,monophasic
Modulated_autosave_20260715_171433_605ms,Biceps (L),L_BB,10,300.23828435223265,308.23828435223265,332.59809372480953,,,none,30.0,75,2,monophasic
Modulated_autosave_20260715_171433_605ms,Biceps (L),L_BB,1,0.7942811753594015,8.794281175359401,32.359809372573324,,,none,30.0,80,2,monophasic
Modulated_autosave_20260715_171433_605ms,Biceps (L),L_BB,2,33.359809372573324,41.359809372573324,65.71961874514665,,,none,30.0,80,2,monophasic
Modulated_autosave_20260715_171433_605ms,Biceps (L),L_BB,3,66.71961874514665,74.71961874514665,99.07942811771997,,,none,30.0,80,2,monophasic
Modulated_autosave_20260715_171433_605ms,Biceps (L),L_BB,4,100.07942811771997,108.07942811771997,132.4392374902933,,,none,30.0,80,2,monophasic
Modulated_autosave_20260715_171433_605ms,Biceps (L),L_BB,5,133.4392374902933,141.4392374902933,165.79904686287017,,,none,30.0,80,2,monophasic
Modulated_autosave_20260715_171433_605ms,Biceps (L),L_BB,6,166.79904686287017,174.79904686287017,199.1588562354435,,,none,30.0,80,2,monophasic
Modulated_autosave_20260715_171433_605ms,Biceps (L),L_BB,7,200.1588562354435,208.1588562354435,232.51866560801682,,,none,30.0,80,2,monophasic
Modulated_autosave_20260715_171433_605ms,Biceps (L),L_BB,8,233.51866560801682,241.51866560801682,265.87847497965936,,,none,30.0,80,2,monophasic
Modulated_autosave_20260715_171433_605ms,Biceps (L),L_BB,9,266.87847497965936,274.87847497965936,299.23828435223265,,,none,30.0,80,2,monophasic
Modulated_autosave_20260715_171433_605ms,Biceps (L),L_BB,10,300.23828435223265,308.23828435223265,332.59809372480953,,,none,30.0,80,2,monophasic
Modulated_autosave_20260715_171433_605ms,Biceps (L),L_BB,1,0.7942811753594015,8.794281175359401,32.359809372573324,,,none,30.0,85,2,monophasic
Modulated_autosave_20260715_171433_605ms,Biceps (L),L_BB,2,33.359809372573324,41.359809372573324,65.71961874514665,,,none,30.0,85,2,monophasic
Modulated_autosave_20260715_171433_605ms,Biceps (L),L_BB,3,66.71961874514665,74.71961874514665,99.07942811771997,,,none,30.0,85,2,monophasic
Modulated_autosave_20260715_171433_605ms,Biceps (L),L_BB,4,100.07942811771997,108.07942811771997,132.4392374902933,,,none,30.0,85,2,monophasic
Modulated_autosave_20260715_171433_605ms,Biceps (L),L_BB,5,133.4392374902933,141.4392374902933,165.79904686287017,,,none,30.0,85,2,monophasic
Modulated_autosave_20260715_171433_605ms,Biceps (L),L_BB,6,166.79904686287017,174.79904686287017,199.1588562354435,,,none,30.0,85,2,monophasic
Modulated_autosave_20260715_171433_605ms,Biceps (L),L_BB,7,200.1588562354435,208.1588562354435,232.51866560801682,,,none,30.0,85,2,monophasic
Modulated_autosave_20260715_171433_605ms,Biceps (L),L_BB,8,233.51866560801682,241.51866560801682,265.87847497965936,,,none,30.0,85,2,monophasic
Modulated_autosave_20260715_171433_605ms,Biceps (L),L_BB,9,266.87847497965936,274.87847497965936,299.23828435223265,,,none,30.0,85,2,monophasic
Modulated_autosave_20260715_171433_605ms,Biceps (L),L_BB,10,300.23828435223265,308.23828435223265,332.59809372480953,,,none,30.0,85,2,monophasic
Modulated_autosave_20260715_171433_605ms,Biceps (L),L_BB,1,0.7942811753594015,8.794281175359401,32.359809372573324,,,none,30.0,90,2,monophasic
Modulated_autosave_20260715_171433_605ms,Biceps (L),L_BB,2,33.359809372573324,41.359809372573324,65.71961874514665,,,none,30.0,90,2,monophasic
Modulated_autosave_20260715_171433_605ms,Biceps (L),L_BB,3,66.71961874514665,74.71961874514665,99.07942811771997,,,none,30.0,90,2,monophasic
Modulated_autosave_20260715_171433_605ms,Biceps (L),L_BB,4,100.07942811771997,108.07942811771997,132.4392374902933,,,none,30.0,90,2,monophasic
Modulated_autosave_20260715_171433_605ms,Biceps (L),L_BB,5,133.4392374902933,141.4392374902933,165.79904686287017,,,none,30.0,90,2,monophasic
Modulated_autosave_20260715_171433_605ms,Biceps (L),L_BB,6,166.79904686287017,174.79904686287017,199.1588562354435,,,none,30.0,90,2,monophasic
Modulated_autosave_20260715_171433_605ms,Biceps (L),L_BB,7,200.1588562354435,208.1588562354435,232.51866560801682,,,none,30.0,90,2,monophasic
Modulated_autosave_20260715_171433_605ms,Biceps (L),L_BB,8,233.51866560801682,241.51866560801682,265.87847497965936,,,none,30.0,90,2,monophasic
Modulated_autosave_20260715_171433_605ms,Biceps (L),L_BB,9,266.87847497965936,274.87847497965936,299.23828435223265,,,none,30.0,90,2,monophasic
Modulated_autosave_20260715_171433_605ms,Biceps (L),L_BB,10,300.23828435223265,308.23828435223265,332.59809372480953,,,none,30.0,90,2,monophasic
Modulated_autosave_20260715_171433_605ms,Biceps (L),L_BB,1,0.7942811753594015,8.794281175359401,32.359809372573324,,,none,30.0,95,2,monophasic
Modulated_autosave_20260715_171433_605ms,Biceps (L),L_BB,2,33.359809372573324,41.359809372573324,65.71961874514665,,,none,30.0,95,2,monophasic
Modulated_autosave_20260715_171433_605ms,Biceps (L),L_BB,3,66.71961874514665,74.71961874514665,99.07942811771997,,,none,30.0,95,2,monophasic
Modulated_autosave_20260715_171433_605ms,Biceps (L),L_BB,4,100.07942811771997,108.07942811771997,132.4392374902933,,,none,30.0,95,2,monophasic
Modulated_autosave_20260715_171433_605ms,Biceps (L),L_BB,5,133.4392374902933,141.4392374902933,165.79904686287017,,,none,30.0,95,2,monophasic
Modulated_autosave_20260715_171433_605ms,Biceps (L),L_BB,6,166.79904686287017,174.79904686287017,199.1588562354435,,,none,30.0,95,2,monophasic
Modulated_autosave_20260715_171433_605ms,Biceps (L),L_BB,7,200.1588562354435,208.1588562354435,232.51866560801682,,,none,30.0,95,2,monophasic
Modulated_autosave_20260715_171433_605ms,Biceps (L),L_BB,8,233.51866560801682,241.51866560801682,265.87847497965936,,,none,30.0,95,2,monophasic
Modulated_autosave_20260715_171433_605ms,Biceps (L),L_BB,9,266.87847497965936,274.87847497965936,299.23828435223265,,,none,30.0,95,2,monophasic
Modulated_autosave_20260715_171433_605ms,Biceps (L),L_BB,10,300.23828435223265,308.23828435223265,332.59809372480953,,,none,30.0,95,2,monophasic
Modulated_autosave_20260715_171433_605ms,Biceps (L),L_BB,1,0.7942811753594015,8.794281175359401,32.359809372573324,,,none,30.0,100,2,monophasic
Modulated_autosave_20260715_171433_605ms,Biceps (L),L_BB,2,33.359809372573324,41.359809372573324,65.71961874514665,,,none,30.0,100,2,monophasic
Modulated_autosave_20260715_171433_605ms,Biceps (L),L_BB,3,66.71961874514665,74.71961874514665,99.07942811771997,,,none,30.0,100,2,monophasic
Modulated_autosave_20260715_171433_605ms,Biceps (L),L_BB,4,100.07942811771997,108.07942811771997,132.4392374902933,,,none,30.0,100,2,monophasic
Modulated_autosave_20260715_171433_605ms,Biceps (L),L_BB,5,133.4392374902933,141.4392374902933,165.79904686287017,,,none,30.0,100,2,monophasic
Modulated_autosave_20260715_171433_605ms,Biceps (L),L_BB,6,166.79904686287017,174.79904686287017,199.1588562354435,,,none,30.0,100,2,monophasic
Modulated_autosave_20260715_171433_605ms,Biceps (L),L_BB,7,200.1588562354435,208.1588562354435,232.51866560801682,,,none,30.0,100,2,monophasic
Modulated_autosave_20260715_171433_605ms,Biceps (L),L_BB,8,233.51866560801682,241.51866560801682,265.87847497965936,,,none,30.0,100,2,monophasic
Modulated_autosave_20260715_171433_605ms,Biceps (L),L_BB,9,266.87847497965936,274.87847497965936,299.23828435223265,,,none,30.0,100,2,monophasic
Modulated_autosave_20260715_171433_605ms,Biceps (L),L_BB,10,300.23828435223265,308.23828435223265,332.59809372480953,,,none,30.0,100,2,monophasic
Modulated_autosave_20260715_171433_605ms,Biceps (L),L_BB,1,0.7942811753594015,8.794281175359401,32.359809372573324,,,none,30.0,105,2,monophasic
Modulated_autosave_20260715_171433_605ms,Biceps (L),L_BB,2,33.359809372573324,41.359809372573324,65.71961874514665,,,none,30.0,105,2,monophasic
Modulated_autosave_20260715_171433_605ms,Biceps (L),L_BB,3,66.71961874514665,74.71961874514665,99.07942811771997,,,none,30.0,105,2,monophasic
Modulated_autosave_20260715_171433_605ms,Biceps (L),L_BB,4,100.07942811771997,108.07942811771997,132.4392374902933,,,none,30.0,105,2,monophasic
Modulated_autosave_20260715_171433_605ms,Biceps (L),L_BB,5,133.4392374902933,141.4392374902933,165.79904686287017,,,none,30.0,105,2,monophasic
Modulated_autosave_20260715_171433_605ms,Biceps (L),L_BB,6,166.79904686287017,174.79904686287017,199.1588562354435,,,none,30.0,105,2,monophasic
Modulated_autosave_20260715_171433_605ms,Biceps (L),L_BB,7,200.1588562354435,208.1588562354435,232.51866560801682,,,none,30.0,105,2,monophasic
Modulated_autosave_20260715_171433_605ms,Biceps (L),L_BB,8,233.51866560801682,241.51866560801682,265.87847497965936,,,none,30.0,105,2,monophasic
Modulated_autosave_20260715_171433_605ms,Biceps (L),L_BB,9,266.87847497965936,274.87847497965936,299.23828435223265,,,none,30.0,105,2,monophasic
Modulated_autosave_20260715_171433_605ms,Biceps (L),L_BB,10,300.23828435223265,308.23828435223265,332.59809372480953,,,none,30.0,105,2,monophasic
Modulated_autosave_20260715_171433_605ms,Biceps (L),L_BB,1,0.7942811753594015,8.794281175359401,32.359809372573324,0.08056763559579849,0.08056763559579849,none,30.0,110,2,monophasic
Modulated_autosave_20260715_171433_605ms,Biceps (L),L_BB,2,33.359809372573324,41.359809372573324,65.71961874514665,0.08241397514683596,0.08241397514683596,none,30.0,110,2,monophasic
Modulated_autosave_20260715_171433_605ms,Biceps (L),L_BB,3,66.71961874514665,74.71961874514665,99.07942811771997,0.08661020545341916,0.08661020545341916,none,30.0,110,2,monophasic
Modulated_autosave_20260715_171433_605ms,Biceps (L),L_BB,4,100.07942811771997,108.07942811771997,132.4392374902933,0.085938811290383,0.085938811290383,none,30.0,110,2,monophasic
Modulated_autosave_20260715_171433_605ms,Biceps (L),L_BB,5,133.4392374902933,141.4392374902933,165.79904686287017,0.08761730415524183,0.08761730415524183,none,30.0,110,2,monophasic
Modulated_autosave_20260715_171433_605ms,Biceps (L),L_BB,6,166.79904686287017,174.79904686287017,199.1588562354435,0.005371175934889787,0.005371175934889787,none,30.0,110,2,monophasic
Modulated_autosave_20260715_171433_605ms,Biceps (L),L_BB,7,200.1588562354435,208.1588562354435,232.51866560801682,0.08526741338159963,0.08526741338159963,none,30.0,110,2,monophasic
Modulated_autosave_20260715_171433_605ms,Biceps (L),L_BB,8,233.51866560801682,241.51866560801682,265.87847497965936,0.08090333452579926,0.08090333452579926,none,30.0,110,2,monophasic
Modulated_autosave_20260715_171433_605ms,Biceps (L),L_BB,9,266.87847497965936,274.87847497965936,299.23828435223265,0.0038605325389652304,0.0038605325389652304,none,30.0,110,2,monophasic
Modulated_autosave_20260715_171433_605ms,Biceps (L),L_BB,10,300.23828435223265,308.23828435223265,332.59809372480953,0.08157473057508421,0.08157473057508421,none,30.0,110,2,monophasic
Modulated_autosave_20260715_171433_605ms,Biceps (L),L_BB,1,0.7942811753594015,8.794281175359401,32.359809372573324,0.07653925567865372,0.07653925567865372,none,30.0,115,2,monophasic
Modulated_autosave_20260715_171433_605ms,Biceps (L),L_BB,2,33.359809372573324,41.359809372573324,65.71961874514665,0.0845960155001577,0.0845960155001577,none,30.0,115,2,monophasic
Modulated_autosave_20260715_171433_605ms,Biceps (L),L_BB,3,66.71961874514665,74.71961874514665,99.07942811771997,0.08644235878013345,0.08644235878013345,none,30.0,115,2,monophasic
Modulated_autosave_20260715_171433_605ms,Biceps (L),L_BB,4,100.07942811771997,108.07942811771997,132.4392374902933,0.08023193849966298,0.08023193849966298,none,30.0,115,2,monophasic
Modulated_autosave_20260715_171433_605ms,Biceps (L),L_BB,5,133.4392374902933,141.4392374902933,165.79904686287017,0.08795300124340047,0.08795300124340047,none,30.0,115,2,monophasic
Modulated_autosave_20260715_171433_605ms,Biceps (L),L_BB,6,166.79904686287017,174.79904686287017,199.1588562354435,0.0782177466725399,0.0782177466725399,none,30.0,115,2,monophasic
Modulated_autosave_20260715_171433_605ms,Biceps (L),L_BB,7,200.1588562354435,208.1588562354435,232.51866560801682,0.08090333265802786,0.08090333265802786,none,30.0,115,2,monophasic
Modulated_autosave_20260715_171433_605ms,Biceps (L),L_BB,8,233.51866560801682,241.51866560801682,265.87847497965936,0.07989623956377019,0.07989623956377019,none,30.0,115,2,monophasic
Modulated_autosave_20260715_171433_605ms,Biceps (L),L_BB,9,266.87847497965936,274.87847497965936,299.23828435223265,0.08459601550662404,0.08459601550662404,none,30.0,115,2,monophasic
Modulated_autosave_20260715_171433_605ms,Biceps (L),L_BB,10,300.23828435223265,308.23828435223265,332.59809372480953,0.08426031841445669,0.08426031841445669,none,30.0,115,2,monophasic
Modulated_autosave_20260715_171433_605ms,Biceps (L),L_BB,1,0.7942811753594015,8.794281175359401,32.359809372573324,0.07519645988941193,0.07519645988941193,none,30.0,120,2,monophasic
Modulated_autosave_20260715_171433_605ms,Biceps (L),L_BB,2,33.359809372573324,41.359809372573324,65.71961874514665,0.08694590626219455,0.08694590626219455,none,30.0,120,2,monophasic
Modulated_autosave_20260715_171433_605ms,Biceps (L),L_BB,3,66.71961874514665,74.71961874514665,99.07942811771997,0.0825818274098432,0.0825818274098432,none,30.0,120,2,monophasic
Modulated_autosave_20260715_171433_605ms,Biceps (L),L_BB,4,100.07942811771997,108.07942811771997,132.4392374902933,0.08392462133173553,0.08392462133173553,none,30.0,120,2,monophasic
Modulated_autosave_20260715_171433_605ms,Biceps (L),L_BB,5,133.4392374902933,141.4392374902933,165.79904686287017,0.07620355673123966,0.07620355673123966,none,30.0,120,2,monophasic
Modulated_autosave_20260715_171433_605ms,Biceps (L),L_BB,6,166.79904686287017,174.79904686287017,199.1588562354435,0.08929579703124133,0.08929579703124133,none,30.0,120,2,monophasic
Modulated_autosave_20260715_171433_605ms,Biceps (L),L_BB,7,200.1588562354435,208.1588562354435,232.51866560801682,0.0862745120916417,0.0862745120916417,none,30.0,120,2,monophasic
Modulated_autosave_20260715_171433_605ms,Biceps (L),L_BB,8,233.51866560801682,241.51866560801682,265.87847497965936,0.08459601923815024,0.08459601923815024,none,30.0,120,2,monophasic
Modulated_autosave_20260715_171433_605ms,Biceps (L),L_BB,9,266.87847497965936,274.87847497965936,299.23828435223265,0.0772106517060874,0.0772106517060874,none,30.0,120,2,monophasic
Modulated_autosave_20260715_171433_605ms,Biceps (L),L_BB,10,300.23828435223265,308.23828435223265,332.59809372480953,0.08325322530136968,0.08325322530136968,none,30.0,120,2,monophasic
Modulated_autosave_20260715_171433_605ms,Biceps (L),L_BB,1,0.7942811753594015,8.794281175359401,32.359809372573324,0.07721065171062946,0.07721065171062946,none,30.0,125,2,monophasic
Modulated_autosave_20260715_171433_605ms,Biceps (L),L_BB,2,33.359809372573324,41.359809372573324,65.71961874514665,0.08627450838488335,0.08627450838488335,none,30.0,125,2,monophasic
Modulated_autosave_20260715_171433_605ms,Biceps (L),L_BB,3,66.71961874514665,74.71961874514665,99.07942811771997,0.08325322342007672,0.08325322342007672,none,30.0,125,2,monophasic
Modulated_autosave_20260715_171433_605ms,Biceps (L),L_BB,4,100.07942811771997,108.07942811771997,132.4392374902933,0.08644235875602857,0.08644235875602857,none,30.0,125,2,monophasic
Modulated_autosave_20260715_171433_605ms,Biceps (L),L_BB,5,133.4392374902933,141.4392374902933,165.79904686287017,0.08509956485244595,0.08509956485244595,none,30.0,125,2,monophasic
Modulated_autosave_20260715_171433_605ms,Biceps (L),L_BB,6,166.79904686287017,174.79904686287017,199.1588562354435,0.08459601548931964,0.08459601548931964,none,30.0,125,2,monophasic
Modulated_autosave_20260715_171433_605ms,Biceps (L),L_BB,7,200.1588562354435,208.1588562354435,232.51866560801682,0.0835889223715179,0.0835889223715179,none,30.0,125,2,monophasic
Modulated_autosave_20260715_171433_605ms,Biceps (L),L_BB,8,233.51866560801682,241.51866560801682,265.87847497965936,0.08459601550342354,0.08459601550342354,none,30.0,125,2,monophasic
Modulated_autosave_20260715_171433_605ms,Biceps (L),L_BB,9,266.87847497965936,274.87847497965936,299.23828435223265,0.07939269205482924,0.07939269205482924,none,30.0,125,2,monophasic
Modulated_autosave_20260715_171433_605ms,Biceps (L),L_BB,10,300.23828435223265,308.23828435223265,332.59809372480953,0.08459601922006768,0.08459601922006768,none,30.0,125,2,monophasic
Modulated_autosave_20260715_171433_605ms,Triceps long (L),L_TBlg,1,0.7942811753594015,8.794281175359401,32.359809372573324,0.013763637747615576,0.013763637747615576,none,30.0,30,2,monophasic
Modulated_autosave_20260715_171433_605ms,Triceps long (L),L_TBlg,2,33.359809372573324,41.359809372573324,65.71961874514665,0.014770733658224344,0.014770733658224344,none,30.0,30,2,monophasic
Modulated_autosave_20260715_171433_605ms,Triceps long (L),L_TBlg,3,66.71961874514665,74.71961874514665,99.07942811771997,0.008392462274059653,0.008392462274059653,none,30.0,30,2,monophasic
Modulated_autosave_20260715_171433_605ms,Triceps long (L),L_TBlg,4,100.07942811771997,108.07942811771997,132.4392374902933,0.00906385923736398,0.00906385923736398,none,30.0,30,2,monophasic
Modulated_autosave_20260715_171433_605ms,Triceps long (L),L_TBlg,5,133.4392374902933,141.4392374902933,165.79904686287017,0.011245899367495673,0.011245899367495673,none,30.0,30,2,monophasic
Modulated_autosave_20260715_171433_605ms,Triceps long (L),L_TBlg,6,166.79904686287017,174.79904686287017,199.1588562354435,0.0070496683451025995,0.0070496683451025995,none,30.0,30,2,monophasic
Modulated_autosave_20260715_171433_605ms,Triceps long (L),L_TBlg,7,200.1588562354435,208.1588562354435,232.51866560801682,0.018295567476808855,0.018295567476808855,none,30.0,30,2,monophasic
Modulated_autosave_20260715_171433_605ms,Triceps long (L),L_TBlg,8,233.51866560801682,241.51866560801682,265.87847497965936,0.014770733655077127,0.014770733655077127,none,30.0,30,2,monophasic
Modulated_autosave_20260715_171433_605ms,Triceps long (L),L_TBlg,9,266.87847497965936,274.87847497965936,299.23828435223265,0.0105745024097153,0.0105745024097153,none,30.0,30,2,monophasic
Modulated_autosave_20260715_171433_605ms,Triceps long (L),L_TBlg,10,300.23828435223265,308.23828435223265,332.59809372480953,0.011245899371829725,0.011245899371829725,none,30.0,30,2,monophasic
Modulated_autosave_20260715_171433_605ms,Triceps long (L),L_TBlg,1,0.7942811753594015,8.794281175359401,32.359809372573324,0.01141374884173274,0.01141374884173274,none,30.0,35,2,monophasic
Modulated_autosave_20260715_171433_605ms,Triceps long (L),L_TBlg,2,33.359809372573324,41.359809372573324,65.71961874514665,0.012756542764395362,0.012756542764395362,none,30.0,35,2,monophasic
Modulated_autosave_20260715_171433_605ms,Triceps long (L),L_TBlg,3,66.71961874514665,74.71961874514665,99.07942811771997,0.011078049894422293,0.011078049894422293,none,30.0,35,2,monophasic
Modulated_autosave_20260715_171433_605ms,Triceps long (L),L_TBlg,4,100.07942811771997,108.07942811771997,132.4392374902933,0.01023880369031891,0.01023880369031891,none,30.0,35,2,monophasic
Modulated_autosave_20260715_171433_605ms,Triceps long (L),L_TBlg,5,133.4392374902933,141.4392374902933,165.79904686287017,0.015106431666357691,0.015106431666357691,none,30.0,35,2,monophasic
Modulated_autosave_20260715_171433_605ms,Triceps long (L),L_TBlg,6,166.79904686287017,174.79904686287017,199.1588562354435,0.0117494470834505,0.0117494470834505,none,30.0,35,2,monophasic
Modulated_autosave_20260715_171433_605ms,Triceps long (L),L_TBlg,7,200.1588562354435,208.1588562354435,232.51866560801682,0.014770733658224344,0.014770733658224344,none,30.0,35,2,monophasic
Modulated_autosave_20260715_171433_605ms,Triceps long (L),L_TBlg,8,233.51866560801682,241.51866560801682,265.87847497965936,0.01644922606568334,0.01644922606568334,none,30.0,35,2,monophasic
Modulated_autosave_20260715_171433_605ms,Triceps long (L),L_TBlg,9,266.87847497965936,274.87847497965936,299.23828435223265,0.0020141908926606927,0.0020141908926606927,none,30.0,35,2,monophasic
Modulated_autosave_20260715_171433_605ms,Triceps long (L),L_TBlg,10,300.23828435223265,308.23828435223265,332.59809372480953,0.009399557717039986,0.009399557717039986,none,30.0,35,2,monophasic
Modulated_autosave_20260715_171433_605ms,Triceps long (L),L_TBlg,1,0.7942811753594015,8.794281175359401,32.359809372573324,,,none,30.0,40,2,monophasic
Modulated_autosave_20260715_171433_605ms,Triceps long (L),L_TBlg,2,33.359809372573324,41.359809372573324,65.71961874514665,,,none,30.0,40,2,monophasic
Modulated_autosave_20260715_171433_605ms,Triceps long (L),L_TBlg,3,66.71961874514665,74.71961874514665,99.07942811771997,,,none,30.0,40,2,monophasic
Modulated_autosave_20260715_171433_605ms,Triceps long (L),L_TBlg,4,100.07942811771997,108.07942811771997,132.4392374902933,,,none,30.0,40,2,monophasic
Modulated_autosave_20260715_171433_605ms,Triceps long (L),L_TBlg,5,133.4392374902933,141.4392374902933,165.79904686287017,,,none,30.0,40,2,monophasic
Modulated_autosave_20260715_171433_605ms,Triceps long (L),L_TBlg,6,166.79904686287017,174.79904686287017,199.1588562354435,,,none,30.0,40,2,monophasic
Modulated_autosave_20260715_171433_605ms,Triceps long (L),L_TBlg,7,200.1588562354435,208.1588562354435,232.51866560801682,,,none,30.0,40,2,monophasic
Modulated_autosave_20260715_171433_605ms,Triceps long (L),L_TBlg,8,233.51866560801682,241.51866560801682,265.87847497965936,,,none,30.0,40,2,monophasic
Modulated_autosave_20260715_171433_605ms,Triceps long (L),L_TBlg,9,266.87847497965936,274.87847497965936,299.23828435223265,,,none,30.0,40,2,monophasic
Modulated_autosave_20260715_171433_605ms,Triceps long (L),L_TBlg,10,300.23828435223265,308.23828435223265,332.59809372480953,,,none,30.0,40,2,monophasic
Modulated_autosave_20260715_171433_605ms,Triceps long (L),L_TBlg,1,0.7942811753594015,8.794281175359401,32.359809372573324,,,none,30.0,45,2,monophasic
Modulated_autosave_20260715_171433_605ms,Triceps long (L),L_TBlg,2,33.359809372573324,41.359809372573324,65.71961874514665,,,none,30.0,45,2,monophasic
Modulated_autosave_20260715_171433_605ms,Triceps long (L),L_TBlg,3,66.71961874514665,74.71961874514665,99.07942811771997,,,none,30.0,45,2,monophasic
Modulated_autosave_20260715_171433_605ms,Triceps long (L),L_TBlg,4,100.07942811771997,108.07942811771997,132.4392374902933,,,none,30.0,45,2,monophasic
Modulated_autosave_20260715_171433_605ms,Triceps long (L),L_TBlg,5,133.4392374902933,141.4392374902933,165.79904686287017,,,none,30.0,45,2,monophasic
Modulated_autosave_20260715_171433_605ms,Triceps long (L),L_TBlg,6,166.79904686287017,174.79904686287017,199.1588562354435,,,none,30.0,45,2,monophasic
Modulated_autosave_20260715_171433_605ms,Triceps long (L),L_TBlg,7,200.1588562354435,208.1588562354435,232.51866560801682,,,none,30.0,45,2,monophasic
Modulated_autosave_20260715_171433_605ms,Triceps long (L),L_TBlg,8,233.51866560801682,241.51866560801682,265.87847497965936,,,none,30.0,45,2,monophasic
Modulated_autosave_20260715_171433_605ms,Triceps long (L),L_TBlg,9,266.87847497965936,274.87847497965936,299.23828435223265,,,none,30.0,45,2,monophasic
Modulated_autosave_20260715_171433_605ms,Triceps long (L),L_TBlg,10,300.23828435223265,308.23828435223265,332.59809372480953,,,none,30.0,45,2,monophasic
Modulated_autosave_20260715_171433_605ms,Triceps long (L),L_TBlg,1,0.7942811753594015,8.794281175359401,32.359809372573324,,,none,30.0,50,2,monophasic
Modulated_autosave_20260715_171433_605ms,Triceps long (L),L_TBlg,2,33.359809372573324,41.359809372573324,65.71961874514665,,,none,30.0,50,2,monophasic
Modulated_autosave_20260715_171433_605ms,Triceps long (L),L_TBlg,3,66.71961874514665,74.71961874514665,99.07942811771997,,,none,30.0,50,2,monophasic
Modulated_autosave_20260715_171433_605ms,Triceps long (L),L_TBlg,4,100.07942811771997,108.07942811771997,132.4392374902933,,,none,30.0,50,2,monophasic
Modulated_autosave_20260715_171433_605ms,Triceps long (L),L_TBlg,5,133.4392374902933,141.4392374902933,165.79904686287017,,,none,30.0,50,2,monophasic
Modulated_autosave_20260715_171433_605ms,Triceps long (L),L_TBlg,6,166.79904686287017,174.79904686287017,199.1588562354435,,,none,30.0,50,2,monophasic
Modulated_autosave_20260715_171433_605ms,Triceps long (L),L_TBlg,7,200.1588562354435,208.1588562354435,232.51866560801682,,,none,30.0,50,2,monophasic
Modulated_autosave_20260715_171433_605ms,Triceps long (L),L_TBlg,8,233.51866560801682,241.51866560801682,265.87847497965936,,,none,30.0,50,2,monophasic
Modulated_autosave_20260715_171433_605ms,Triceps long (L),L_TBlg,9,266.87847497965936,274.87847497965936,299.23828435223265,,,none,30.0,50,2,monophasic
Modulated_autosave_20260715_171433_605ms,Triceps long (L),L_TBlg,10,300.23828435223265,308.23828435223265,332.59809372480953,,,none,30.0,50,2,monophasic
Modulated_autosave_20260715_171433_605ms,Triceps long (L),L_TBlg,1,0.7942811753594015,8.794281175359401,32.359809372573324,0.012085145805031061,0.012085145805031061,none,30.0,55,2,monophasic
Modulated_autosave_20260715_171433_605ms,Triceps long (L),L_TBlg,2,33.359809372573324,41.359809372573324,65.71961874514665,0.013427939498797059,0.013427939498797059,none,30.0,55,2,monophasic
Modulated_autosave_20260715_171433_605ms,Triceps long (L),L_TBlg,3,66.71961874514665,74.71961874514665,99.07942811771997,0.013427939731627703,0.013427939731627703,none,30.0,55,2,monophasic
Modulated_autosave_20260715_171433_605ms,Triceps long (L),L_TBlg,4,100.07942811771997,108.07942811771997,132.4392374902933,0.010574502405958652,0.010574502405958652,none,30.0,55,2,monophasic
Modulated_autosave_20260715_171433_605ms,Triceps long (L),L_TBlg,5,133.4392374902933,141.4392374902933,165.79904686287017,0.0025177386123799647,0.0025177386123799647,none,30.0,55,2,monophasic
Modulated_autosave_20260715_171433_605ms,Triceps long (L),L_TBlg,6,166.79904686287017,174.79904686287017,199.1588562354435,0.015945677645504475,0.015945677645504475,none,30.0,55,2,monophasic
Modulated_autosave_20260715_171433_605ms,Triceps long (L),L_TBlg,7,200.1588562354435,208.1588562354435,232.51866560801682,0.011413748608902097,0.011413748608902097,none,30.0,55,2,monophasic
Modulated_autosave_20260715_171433_605ms,Triceps long (L),L_TBlg,8,233.51866560801682,241.51866560801682,265.87847497965936,0.011413748140497506,0.011413748140497506,none,30.0,55,2,monophasic
Modulated_autosave_20260715_171433_605ms,Triceps long (L),L_TBlg,9,266.87847497965936,274.87847497965936,299.23828435223265,0.009399557485389717,0.009399557485389717,none,30.0,55,2,monophasic
Modulated_autosave_20260715_171433_605ms,Triceps long (L),L_TBlg,10,300.23828435223265,308.23828435223265,332.59809372480953,0.011413748142650611,0.011413748142650611,none,30.0,55,2,monophasic
Modulated_autosave_20260715_171433_605ms,Triceps long (L),L_TBlg,1,0.7942811753594015,8.794281175359401,32.359809372573324,0.01074235187843442,0.01074235187843442,none,30.0,60,2,monophasic
Modulated_autosave_20260715_171433_605ms,Triceps long (L),L_TBlg,2,33.359809372573324,41.359809372573324,65.71961874514665,0.01863126596101513,0.01863126596101513,none,30.0,60,2,monophasic
Modulated_autosave_20260715_171433_605ms,Triceps long (L),L_TBlg,3,66.71961874514665,74.71961874514665,99.07942811771997,0.015442130155850867,0.015442130155850867,none,30.0,60,2,monophasic
Modulated_autosave_20260715_171433_605ms,Triceps long (L),L_TBlg,4,100.07942811771997,108.07942811771997,132.4392374902933,0.008392462506909067,0.008392462506909067,none,30.0,60,2,monophasic
Modulated_autosave_20260715_171433_605ms,Triceps long (L),L_TBlg,5,133.4392374902933,141.4392374902933,165.79904686287017,0.013427939498795557,0.013427939498795557,none,30.0,60,2,monophasic
Modulated_autosave_20260715_171433_605ms,Triceps long (L),L_TBlg,6,166.79904686287017,174.79904686287017,199.1588562354435,0.012756542768329382,0.012756542768329382,none,30.0,60,2,monophasic
Modulated_autosave_20260715_171433_605ms,Triceps long (L),L_TBlg,7,200.1588562354435,208.1588562354435,232.51866560801682,0.012756542767345877,0.012756542767345877,none,30.0,60,2,monophasic
Modulated_autosave_20260715_171433_605ms,Triceps long (L),L_TBlg,8,233.51866560801682,241.51866560801682,265.87847497965936,0.011749447322988498,0.011749447322988498,none,30.0,60,2,monophasic
Modulated_autosave_20260715_171433_605ms,Triceps long (L),L_TBlg,9,266.87847497965936,274.87847497965936,299.23828435223265,0.009399557719003398,0.009399557719003398,none,30.0,60,2,monophasic
Modulated_autosave_20260715_171433_605ms,Triceps long (L),L_TBlg,10,300.23828435223265,308.23828435223265,332.59809372480953,0.013260090259551997,0.013260090259551997,none,30.0,60,2,monophasic
Modulated_autosave_20260715_171433_605ms,Triceps long (L),L_TBlg,1,0.7942811753594015,8.794281175359401,32.359809372573324,,,none,30.0,65,2,monophasic
Modulated_autosave_20260715_171433_605ms,Triceps long (L),L_TBlg,2,33.359809372573324,41.359809372573324,65.71961874514665,,,none,30.0,65,2,monophasic
Modulated_autosave_20260715_171433_605ms,Triceps long (L),L_TBlg,3,66.71961874514665,74.71961874514665,99.07942811771997,,,none,30.0,65,2,monophasic
Modulated_autosave_20260715_171433_605ms,Triceps long (L),L_TBlg,4,100.07942811771997,108.07942811771997,132.4392374902933,,,none,30.0,65,2,monophasic
Modulated_autosave_20260715_171433_605ms,Triceps long (L),L_TBlg,5,133.4392374902933,141.4392374902933,165.79904686287017,,,none,30.0,65,2,monophasic
Modulated_autosave_20260715_171433_605ms,Triceps long (L),L_TBlg,6,166.79904686287017,174.79904686287017,199.1588562354435,,,none,30.0,65,2,monophasic
Modulated_autosave_20260715_171433_605ms,Triceps long (L),L_TBlg,7,200.1588562354435,208.1588562354435,232.51866560801682,,,none,30.0,65,2,monophasic
Modulated_autosave_20260715_171433_605ms,Triceps long (L),L_TBlg,8,233.51866560801682,241.51866560801682,265.87847497965936,,,none,30.0,65,2,monophasic
Modulated_autosave_20260715_171433_605ms,Triceps long (L),L_TBlg,9,266.87847497965936,274.87847497965936,299.23828435223265,,,none,30.0,65,2,monophasic
Modulated_autosave_20260715_171433_605ms,Triceps long (L),L_TBlg,10,300.23828435223265,308.23828435223265,332.59809372480953,,,none,30.0,65,2,monophasic
Modulated_autosave_20260715_171433_605ms,Triceps long (L),L_TBlg,1,0.7942811753594015,8.794281175359401,32.359809372573324,0.017792019993066788,0.017792019993066788,none,30.0,70,2,monophasic
Modulated_autosave_20260715_171433_605ms,Triceps long (L),L_TBlg,2,33.359809372573324,41.359809372573324,65.71961874514665,0.016784924548119307,0.016784924548119307,none,30.0,70,2,monophasic
Modulated_autosave_20260715_171433_605ms,Triceps long (L),L_TBlg,3,66.71961874514665,74.71961874514665,99.07942811771997,0.020477607380598783,0.020477607380598783,none,30.0,70,2,monophasic
Modulated_autosave_20260715_171433_605ms,Triceps long (L),L_TBlg,4,100.07942811771997,108.07942811771997,132.4392374902933,0.010070954682321972,0.010070954682321972,none,30.0,70,2,monophasic
Modulated_autosave_20260715_171433_605ms,Triceps long (L),L_TBlg,5,133.4392374902933,141.4392374902933,165.79904686287017,0.013427939731630706,0.013427939731630706,none,30.0,70,2,monophasic
Modulated_autosave_20260715_171433_605ms,Triceps long (L),L_TBlg,6,166.79904686287017,174.79904686287017,199.1588562354435,0.018127718473136333,0.018127718473136333,none,30.0,70,2,monophasic
Modulated_autosave_20260715_171433_605ms,Triceps long (L),L_TBlg,7,200.1588562354435,208.1588562354435,232.51866560801682,0.012252995038577703,0.012252995038577703,none,30.0,70,2,monophasic
Modulated_autosave_20260715_171433_605ms,Triceps long (L),L_TBlg,8,233.51866560801682,241.51866560801682,265.87847497965936,0.01141374884173274,0.01141374884173274,none,30.0,70,2,monophasic
Modulated_autosave_20260715_171433_605ms,Triceps long (L),L_TBlg,9,266.87847497965936,274.87847497965936,299.23828435223265,0.014602884182805621,0.014602884182805621,none,30.0,70,2,monophasic
Modulated_autosave_20260715_171433_605ms,Triceps long (L),L_TBlg,10,300.23828435223265,308.23828435223265,332.59809372480953,0.012756542769119165,0.012756542769119165,none,30.0,70,2,monophasic
Modulated_autosave_20260715_171433_605ms,Triceps long (L),L_TBlg,1,0.7942811753594015,8.794281175359401,32.359809372573324,,,none,30.0,75,2,monophasic
Modulated_autosave_20260715_171433_605ms,Triceps long (L),L_TBlg,2,33.359809372573324,41.359809372573324,65.71961874514665,,,none,30.0,75,2,monophasic
Modulated_autosave_20260715_171433_605ms,Triceps long (L),L_TBlg,3,66.71961874514665,74.71961874514665,99.07942811771997,,,none,30.0,75,2,monophasic
Modulated_autosave_20260715_171433_605ms,Triceps long (L),L_TBlg,4,100.07942811771997,108.07942811771997,132.4392374902933,,,none,30.0,75,2,monophasic
Modulated_autosave_20260715_171433_605ms,Triceps long (L),L_TBlg,5,133.4392374902933,141.4392374902933,165.79904686287017,,,none,30.0,75,2,monophasic
Modulated_autosave_20260715_171433_605ms,Triceps long (L),L_TBlg,6,166.79904686287017,174.79904686287017,199.1588562354435,,,none,30.0,75,2,monophasic
Modulated_autosave_20260715_171433_605ms,Triceps long (L),L_TBlg,7,200.1588562354435,208.1588562354435,232.51866560801682,,,none,30.0,75,2,monophasic
Modulated_autosave_20260715_171433_605ms,Triceps long (L),L_TBlg,8,233.51866560801682,241.51866560801682,265.87847497965936,,,none,30.0,75,2,monophasic
Modulated_autosave_20260715_171433_605ms,Triceps long (L),L_TBlg,9,266.87847497965936,274.87847497965936,299.23828435223265,,,none,30.0,75,2,monophasic
Modulated_autosave_20260715_171433_605ms,Triceps long (L),L_TBlg,10,300.23828435223265,308.23828435223265,332.59809372480953,,,none,30.0,75,2,monophasic
Modulated_autosave_20260715_171433_605ms,Triceps long (L),L_TBlg,1,0.7942811753594015,8.794281175359401,32.359809372573324,0.011917296331375837,0.011917296331375837,none,30.0,80,2,monophasic
Modulated_autosave_20260715_171433_605ms,Triceps long (L),L_TBlg,2,33.359809372573324,41.359809372573324,65.71961874514665,0.016449226066470146,0.016449226066470146,none,30.0,80,2,monophasic
Modulated_autosave_20260715_171433_605ms,Triceps long (L),L_TBlg,3,66.71961874514665,74.71961874514665,99.07942811771997,0.023834592662751675,0.023834592662751675,none,30.0,80,2,monophasic
Modulated_autosave_20260715_171433_605ms,Triceps long (L),L_TBlg,4,100.07942811771997,108.07942811771997,132.4392374902933,0.023331045172321773,0.023331045172321773,none,30.0,80,2,monophasic
Modulated_autosave_20260715_171433_605ms,Triceps long (L),L_TBlg,5,133.4392374902933,141.4392374902933,165.79904686287017,0.014770733190606556,0.014770733190606556,none,30.0,80,2,monophasic
Modulated_autosave_20260715_171433_605ms,Triceps long (L),L_TBlg,6,166.79904686287017,174.79904686287017,199.1588562354435,0.014770733192563057,0.014770733192563057,none,30.0,80,2,monophasic
Modulated_autosave_20260715_171433_605ms,Triceps long (L),L_TBlg,7,200.1588562354435,208.1588562354435,232.51866560801682,0.01712062256253357,0.01712062256253357,none,30.0,80,2,monophasic
Modulated_autosave_20260715_171433_605ms,Triceps long (L),L_TBlg,8,233.51866560801682,241.51866560801682,265.87847497965936,0.01644922513514757,0.01644922513514757,none,30.0,80,2,monophasic
Modulated_autosave_20260715_171433_605ms,Triceps long (L),L_TBlg,9,266.87847497965936,274.87847497965936,299.23828435223265,0.01510643167559434,0.01510643167559434,none,30.0,80,2,monophasic
Modulated_autosave_20260715_171433_605ms,Triceps long (L),L_TBlg,10,300.23828435223265,308.23828435223265,332.59809372480953,0.016113527118764757,0.016113527118764757,none,30.0,80,2,monophasic
Modulated_autosave_20260715_171433_605ms,Triceps long (L),L_TBlg,1,0.7942811753594015,8.794281175359401,32.359809372573324,0.012756542768329382,0.012756542768329382,none,30.0,85,2,monophasic
Modulated_autosave_20260715_171433_605ms,Triceps long (L),L_TBlg,2,33.359809372573324,41.359809372573324,65.71961874514665,0.023498894181102514,0.023498894181102514,none,30.0,85,2,monophasic
Modulated_autosave_20260715_171433_605ms,Triceps long (L),L_TBlg,3,66.71961874514665,74.71961874514665,99.07942811771997,0.02484168764203787,0.02484168764203787,none,30.0,85,2,monophasic
Modulated_autosave_20260715_171433_605ms,Triceps long (L),L_TBlg,4,100.07942811771997,108.07942811771997,132.4392374902933,0.012588693291137293,0.012588693291137293,none,30.0,85,2,monophasic
Modulated_autosave_20260715_171433_605ms,Triceps long (L),L_TBlg,5,133.4392374902933,141.4392374902933,165.79904686287017,0.014435034706584974,0.014435034706584974,none,30.0,85,2,monophasic
Modulated_autosave_20260715_171433_605ms,Triceps long (L),L_TBlg,6,166.79904686287017,174.79904686287017,199.1588562354435,0.017624170519411564,0.017624170519411564,none,30.0,85,2,monophasic
Modulated_autosave_20260715_171433_605ms,Triceps long (L),L_TBlg,7,200.1588562354435,208.1588562354435,232.51866560801682,0.01409933622611752,0.01409933622611752,none,30.0,85,2,monophasic
Modulated_autosave_20260715_171433_605ms,Triceps long (L),L_TBlg,8,233.51866560801682,241.51866560801682,265.87847497965936,0.02500953711490929,0.02500953711490929,none,30.0,85,2,monophasic
Modulated_autosave_20260715_171433_605ms,Triceps long (L),L_TBlg,9,266.87847497965936,274.87847497965936,299.23828435223265,0.018127718476086154,0.018127718476086154,none,30.0,85,2,monophasic
Modulated_autosave_20260715_171433_605ms,Triceps long (L),L_TBlg,10,300.23828435223265,308.23828435223265,332.59809372480953,0.012420844292199694,0.012420844292199694,none,30.0,85,2,monophasic
Modulated_autosave_20260715_171433_605ms,Triceps long (L),L_TBlg,1,0.7942811753594015,8.794281175359401,32.359809372573324,,,none,30.0,90,2,monophasic
Modulated_autosave_20260715_171433_605ms,Triceps long (L),L_TBlg,2,33.359809372573324,41.359809372573324,65.71961874514665,,,none,30.0,90,2,monophasic
Modulated_autosave_20260715_171433_605ms,Triceps long (L),L_TBlg,3,66.71961874514665,74.71961874514665,99.07942811771997,,,none,30.0,90,2,monophasic
Modulated_autosave_20260715_171433_605ms,Triceps long (L),L_TBlg,4,100.07942811771997,108.07942811771997,132.4392374902933,,,none,30.0,90,2,monophasic
Modulated_autosave_20260715_171433_605ms,Triceps long (L),L_TBlg,5,133.4392374902933,141.4392374902933,165.79904686287017,,,none,30.0,90,2,monophasic
Modulated_autosave_20260715_171433_605ms,Triceps long (L),L_TBlg,6,166.79904686287017,174.79904686287017,199.1588562354435,,,none,30.0,90,2,monophasic
Modulated_autosave_20260715_171433_605ms,Triceps long (L),L_TBlg,7,200.1588562354435,208.1588562354435,232.51866560801682,,,none,30.0,90,2,monophasic
Modulated_autosave_20260715_171433_605ms,Triceps long (L),L_TBlg,8,233.51866560801682,241.51866560801682,265.87847497965936,,,none,30.0,90,2,monophasic
Modulated_autosave_20260715_171433_605ms,Triceps long (L),L_TBlg,9,266.87847497965936,274.87847497965936,299.23828435223265,,,none,30.0,90,2,monophasic
Modulated_autosave_20260715_171433_605ms,Triceps long (L),L_TBlg,10,300.23828435223265,308.23828435223265,332.59809372480953,,,none,30.0,90,2,monophasic
Modulated_autosave_20260715_171433_605ms,Triceps long (L),L_TBlg,1,0.7942811753594015,8.794281175359401,32.359809372573324,0.02047760784626007,0.02047760784626007,none,30.0,95,2,monophasic
Modulated_autosave_20260715_171433_605ms,Triceps long (L),L_TBlg,2,33.359809372573324,41.359809372573324,65.71961874514665,0.022491798270493746,0.022491798270493746,none,30.0,95,2,monophasic
Modulated_autosave_20260715_171433_605ms,Triceps long (L),L_TBlg,3,66.71961874514665,74.71961874514665,99.07942811771997,0.014770733185875223,0.014770733185875223,none,30.0,95,2,monophasic
Modulated_autosave_20260715_171433_605ms,Triceps long (L),L_TBlg,4,100.07942811771997,108.07942811771997,132.4392374902933,0.022827496752143656,0.022827496752143656,none,30.0,95,2,monophasic
Modulated_autosave_20260715_171433_605ms,Triceps long (L),L_TBlg,5,133.4392374902933,141.4392374902933,165.79904686287017,0.012588693294691426,0.012588693294691426,none,30.0,95,2,monophasic
Modulated_autosave_20260715_171433_605ms,Triceps long (L),L_TBlg,6,166.79904686287017,174.79904686287017,199.1588562354435,0.018463416952613526,0.018463416952613526,none,30.0,95,2,monophasic
Modulated_autosave_20260715_171433_605ms,Triceps long (L),L_TBlg,7,200.1588562354435,208.1588562354435,232.51866560801682,0.022156099783336956,0.022156099783336956,none,30.0,95,2,monophasic
Modulated_autosave_20260715_171433_605ms,Triceps long (L),L_TBlg,8,233.51866560801682,241.51866560801682,265.87847497965936,0.018463416022682193,0.018463416022682193,none,30.0,95,2,monophasic
Modulated_autosave_20260715_171433_605ms,Triceps long (L),L_TBlg,9,266.87847497965936,274.87847497965936,299.23828435223265,0.014770733665924598,0.014770733665924598,none,30.0,95,2,monophasic
Modulated_autosave_20260715_171433_605ms,Triceps long (L),L_TBlg,10,300.23828435223265,308.23828435223265,332.59809372480953,0.014099336700059613,0.014099336700059613,none,30.0,95,2,monophasic
Modulated_autosave_20260715_171433_605ms,Triceps long (L),L_TBlg,1,0.7942811753594015,8.794281175359401,32.359809372573324,,,none,30.0,100,2,monophasic
Modulated_autosave_20260715_171433_605ms,Triceps long (L),L_TBlg,2,33.359809372573324,41.359809372573324,65.71961874514665,,,none,30.0,100,2,monophasic
Modulated_autosave_20260715_171433_605ms,Triceps long (L),L_TBlg,3,66.71961874514665,74.71961874514665,99.07942811771997,,,none,30.0,100,2,monophasic
Modulated_autosave_20260715_171433_605ms,Triceps long (L),L_TBlg,4,100.07942811771997,108.07942811771997,132.4392374902933,,,none,30.0,100,2,monophasic
Modulated_autosave_20260715_171433_605ms,Triceps long (L),L_TBlg,5,133.4392374902933,141.4392374902933,165.79904686287017,,,none,30.0,100,2,monophasic
Modulated_autosave_20260715_171433_605ms,Triceps long (L),L_TBlg,6,166.79904686287017,174.79904686287017,199.1588562354435,,,none,30.0,100,2,monophasic
Modulated_autosave_20260715_171433_605ms,Triceps long (L),L_TBlg,7,200.1588562354435,208.1588562354435,232.51866560801682,,,none,30.0,100,2,monophasic
Modulated_autosave_20260715_171433_605ms,Triceps long (L),L_TBlg,8,233.51866560801682,241.51866560801682,265.87847497965936,,,none,30.0,100,2,monophasic
Modulated_autosave_20260715_171433_605ms,Triceps long (L),L_TBlg,9,266.87847497965936,274.87847497965936,299.23828435223265,,,none,30.0,100,2,monophasic
Modulated_autosave_20260715_171433_605ms,Triceps long (L),L_TBlg,10,300.23828435223265,308.23828435223265,332.59809372480953,,,none,30.0,100,2,monophasic
Modulated_autosave_20260715_171433_605ms,Triceps long (L),L_TBlg,1,0.7942811753594015,8.794281175359401,32.359809372573324,0.027695124968886375,0.027695124968886375,none,30.0,105,2,monophasic
Modulated_autosave_20260715_171433_605ms,Triceps long (L),L_TBlg,2,33.359809372573324,41.359809372573324,65.71961874514665,0.025009537115693092,0.025009537115693092,none,30.0,105,2,monophasic
Modulated_autosave_20260715_171433_605ms,Triceps long (L),L_TBlg,3,66.71961874514665,74.71961874514665,99.07942811771997,0.03390554618090391,0.03390554618090391,none,30.0,105,2,monophasic
Modulated_autosave_20260715_171433_605ms,Triceps long (L),L_TBlg,4,100.07942811771997,108.07942811771997,132.4392374902933,0.023666743187733808,0.023666743187733808,none,30.0,105,2,monophasic
Modulated_autosave_20260715_171433_605ms,Triceps long (L),L_TBlg,5,133.4392374902933,141.4392374902933,165.79904686287017,0.017288472503440958,0.017288472503440958,none,30.0,105,2,monophasic
Modulated_autosave_20260715_171433_605ms,Triceps long (L),L_TBlg,6,166.79904686287017,174.79904686287017,199.1588562354435,0.027023728005588055,0.027023728005588055,none,30.0,105,2,monophasic
Modulated_autosave_20260715_171433_605ms,Triceps long (L),L_TBlg,7,200.1588562354435,208.1588562354435,232.51866560801682,0.025009537114906288,0.025009537114906288,none,30.0,105,2,monophasic
Modulated_autosave_20260715_171433_605ms,Triceps long (L),L_TBlg,8,233.51866560801682,241.51866560801682,265.87847497965936,0.02618448156863451,0.02618448156863451,none,30.0,105,2,monophasic
Modulated_autosave_20260715_171433_605ms,Triceps long (L),L_TBlg,9,266.87847497965936,274.87847497965936,299.23828435223265,0.02652018051911771,0.02652018051911771,none,30.0,105,2,monophasic
Modulated_autosave_20260715_171433_605ms,Triceps long (L),L_TBlg,10,300.23828435223265,308.23828435223265,332.59809372480953,0.023331045171731492,0.023331045171731492,none,30.0,105,2,monophasic
Modulated_autosave_20260715_171433_605ms,Triceps long (L),L_TBlg,1,0.7942811753594015,8.794281175359401,32.359809372573324,,,none,30.0,110,2,monophasic
Modulated_autosave_20260715_171433_605ms,Triceps long (L),L_TBlg,2,33.359809372573324,41.359809372573324,65.71961874514665,,,none,30.0,110,2,monophasic
Modulated_autosave_20260715_171433_605ms,Triceps long (L),L_TBlg,3,66.71961874514665,74.71961874514665,99.07942811771997,,,none,30.0,110,2,monophasic
Modulated_autosave_20260715_171433_605ms,Triceps long (L),L_TBlg,4,100.07942811771997,108.07942811771997,132.4392374902933,,,none,30.0,110,2,monophasic
Modulated_autosave_20260715_171433_605ms,Triceps long (L),L_TBlg,5,133.4392374902933,141.4392374902933,165.79904686287017,,,none,30.0,110,2,monophasic
Modulated_autosave_20260715_171433_605ms,Triceps long (L),L_TBlg,6,166.79904686287017,174.79904686287017,199.1588562354435,,,none,30.0,110,2,monophasic
Modulated_autosave_20260715_171433_605ms,Triceps long (L),L_TBlg,7,200.1588562354435,208.1588562354435,232.51866560801682,,,none,30.0,110,2,monophasic
Modulated_autosave_20260715_171433_605ms,Triceps long (L),L_TBlg,8,233.51866560801682,241.51866560801682,265.87847497965936,,,none,30.0,110,2,monophasic
Modulated_autosave_20260715_171433_605ms,Triceps long (L),L_TBlg,9,266.87847497965936,274.87847497965936,299.23828435223265,,,none,30.0,110,2,monophasic
Modulated_autosave_20260715_171433_605ms,Triceps long (L),L_TBlg,10,300.23828435223265,308.23828435223265,332.59809372480953,,,none,30.0,110,2,monophasic
Modulated_autosave_20260715_171433_605ms,Triceps long (L),L_TBlg,1,0.7942811753594015,8.794281175359401,32.359809372573324,,,none,30.0,115,2,monophasic
Modulated_autosave_20260715_171433_605ms,Triceps long (L),L_TBlg,2,33.359809372573324,41.359809372573324,65.71961874514665,,,none,30.0,115,2,monophasic
Modulated_autosave_20260715_171433_605ms,Triceps long (L),L_TBlg,3,66.71961874514665,74.71961874514665,99.07942811771997,,,none,30.0,115,2,monophasic
Modulated_autosave_20260715_171433_605ms,Triceps long (L),L_TBlg,4,100.07942811771997,108.07942811771997,132.4392374902933,,,none,30.0,115,2,monophasic
Modulated_autosave_20260715_171433_605ms,Triceps long (L),L_TBlg,5,133.4392374902933,141.4392374902933,165.79904686287017,,,none,30.0,115,2,monophasic
Modulated_autosave_20260715_171433_605ms,Triceps long (L),L_TBlg,6,166.79904686287017,174.79904686287017,199.1588562354435,,,none,30.0,115,2,monophasic
Modulated_autosave_20260715_171433_605ms,Triceps long (L),L_TBlg,7,200.1588562354435,208.1588562354435,232.51866560801682,,,none,30.0,115,2,monophasic
Modulated_autosave_20260715_171433_605ms,Triceps long (L),L_TBlg,8,233.51866560801682,241.51866560801682,265.87847497965936,,,none,30.0,115,2,monophasic
Modulated_autosave_20260715_171433_605ms,Triceps long (L),L_TBlg,9,266.87847497965936,274.87847497965936,299.23828435223265,,,none,30.0,115,2,monophasic
Modulated_autosave_20260715_171433_605ms,Triceps long (L),L_TBlg,10,300.23828435223265,308.23828435223265,332.59809372480953,,,none,30.0,115,2,monophasic
Modulated_autosave_20260715_171433_605ms,Triceps long (L),L_TBlg,1,0.7942811753594015,8.794281175359401,32.359809372573324,,,none,30.0,120,2,monophasic
Modulated_autosave_20260715_171433_605ms,Triceps long (L),L_TBlg,2,33.359809372573324,41.359809372573324,65.71961874514665,,,none,30.0,120,2,monophasic
Modulated_autosave_20260715_171433_605ms,Triceps long (L),L_TBlg,3,66.71961874514665,74.71961874514665,99.07942811771997,,,none,30.0,120,2,monophasic
Modulated_autosave_20260715_171433_605ms,Triceps long (L),L_TBlg,4,100.07942811771997,108.07942811771997,132.4392374902933,,,none,30.0,120,2,monophasic
Modulated_autosave_20260715_171433_605ms,Triceps long (L),L_TBlg,5,133.4392374902933,141.4392374902933,165.79904686287017,,,none,30.0,120,2,monophasic
Modulated_autosave_20260715_171433_605ms,Triceps long (L),L_TBlg,6,166.79904686287017,174.79904686287017,199.1588562354435,,,none,30.0,120,2,monophasic
Modulated_autosave_20260715_171433_605ms,Triceps long (L),L_TBlg,7,200.1588562354435,208.1588562354435,232.51866560801682,,,none,30.0,120,2,monophasic
Modulated_autosave_20260715_171433_605ms,Triceps long (L),L_TBlg,8,233.51866560801682,241.51866560801682,265.87847497965936,,,none,30.0,120,2,monophasic
Modulated_autosave_20260715_171433_605ms,Triceps long (L),L_TBlg,9,266.87847497965936,274.87847497965936,299.23828435223265,,,none,30.0,120,2,monophasic
Modulated_autosave_20260715_171433_605ms,Triceps long (L),L_TBlg,10,300.23828435223265,308.23828435223265,332.59809372480953,,,none,30.0,120,2,monophasic
Modulated_autosave_20260715_171433_605ms,Triceps long (L),L_TBlg,1,0.7942811753594015,8.794281175359401,32.359809372573324,,,none,30.0,125,2,monophasic
Modulated_autosave_20260715_171433_605ms,Triceps long (L),L_TBlg,2,33.359809372573324,41.359809372573324,65.71961874514665,,,none,30.0,125,2,monophasic
Modulated_autosave_20260715_171433_605ms,Triceps long (L),L_TBlg,3,66.71961874514665,74.71961874514665,99.07942811771997,,,none,30.0,125,2,monophasic
Modulated_autosave_20260715_171433_605ms,Triceps long (L),L_TBlg,4,100.07942811771997,108.07942811771997,132.4392374902933,,,none,30.0,125,2,monophasic
Modulated_autosave_20260715_171433_605ms,Triceps long (L),L_TBlg,5,133.4392374902933,141.4392374902933,165.79904686287017,,,none,30.0,125,2,monophasic
Modulated_autosave_20260715_171433_605ms,Triceps long (L),L_TBlg,6,166.79904686287017,174.79904686287017,199.1588562354435,,,none,30.0,125,2,monophasic
Modulated_autosave_20260715_171433_605ms,Triceps long (L),L_TBlg,7,200.1588562354435,208.1588562354435,232.51866560801682,,,none,30.0,125,2,monophasic
Modulated_autosave_20260715_171433_605ms,Triceps long (L),L_TBlg,8,233.51866560801682,241.51866560801682,265.87847497965936,,,none,30.0,125,2,monophasic
Modulated_autosave_20260715_171433_605ms,Triceps long (L),L_TBlg,9,266.87847497965936,274.87847497965936,299.23828435223265,,,none,30.0,125,2,monophasic
Modulated_autosave_20260715_171433_605ms,Triceps long (L),L_TBlg,10,300.23828435223265,308.23828435223265,332.59809372480953,,,none,30.0,125,2,monophasic
Modulated_autosave_20260715_171433_605ms,Thenar (L),L_The_ED_FD_FCR A,1,0.7942811753594015,8.794281175359401,32.359809372573324,,,none,30.0,30,2,monophasic
Modulated_autosave_20260715_171433_605ms,Thenar (L),L_The_ED_FD_FCR A,2,33.359809372573324,41.359809372573324,65.71961874514665,,,none,30.0,30,2,monophasic
Modulated_autosave_20260715_171433_605ms,Thenar (L),L_The_ED_FD_FCR A,3,66.71961874514665,74.71961874514665,99.07942811771997,,,none,30.0,30,2,monophasic
Modulated_autosave_20260715_171433_605ms,Thenar (L),L_The_ED_FD_FCR A,4,100.07942811771997,108.07942811771997,132.4392374902933,,,none,30.0,30,2,monophasic
Modulated_autosave_20260715_171433_605ms,Thenar (L),L_The_ED_FD_FCR A,5,133.4392374902933,141.4392374902933,165.79904686287017,,,none,30.0,30,2,monophasic
Modulated_autosave_20260715_171433_605ms,Thenar (L),L_The_ED_FD_FCR A,6,166.79904686287017,174.79904686287017,199.1588562354435,,,none,30.0,30,2,monophasic
Modulated_autosave_20260715_171433_605ms,Thenar (L),L_The_ED_FD_FCR A,7,200.1588562354435,208.1588562354435,232.51866560801682,,,none,30.0,30,2,monophasic
Modulated_autosave_20260715_171433_605ms,Thenar (L),L_The_ED_FD_FCR A,8,233.51866560801682,241.51866560801682,265.87847497965936,,,none,30.0,30,2,monophasic
Modulated_autosave_20260715_171433_605ms,Thenar (L),L_The_ED_FD_FCR A,9,266.87847497965936,274.87847497965936,299.23828435223265,,,none,30.0,30,2,monophasic
Modulated_autosave_20260715_171433_605ms,Thenar (L),L_The_ED_FD_FCR A,10,300.23828435223265,308.23828435223265,332.59809372480953,,,none,30.0,30,2,monophasic
Modulated_autosave_20260715_171433_605ms,Thenar (L),L_The_ED_FD_FCR A,1,0.7942811753594015,8.794281175359401,32.359809372573324,,,none,30.0,35,2,monophasic
Modulated_autosave_20260715_171433_605ms,Thenar (L),L_The_ED_FD_FCR A,2,33.359809372573324,41.359809372573324,65.71961874514665,,,none,30.0,35,2,monophasic
Modulated_autosave_20260715_171433_605ms,Thenar (L),L_The_ED_FD_FCR A,3,66.71961874514665,74.71961874514665,99.07942811771997,,,none,30.0,35,2,monophasic
Modulated_autosave_20260715_171433_605ms,Thenar (L),L_The_ED_FD_FCR A,4,100.07942811771997,108.07942811771997,132.4392374902933,,,none,30.0,35,2,monophasic
Modulated_autosave_20260715_171433_605ms,Thenar (L),L_The_ED_FD_FCR A,5,133.4392374902933,141.4392374902933,165.79904686287017,,,none,30.0,35,2,monophasic
Modulated_autosave_20260715_171433_605ms,Thenar (L),L_The_ED_FD_FCR A,6,166.79904686287017,174.79904686287017,199.1588562354435,,,none,30.0,35,2,monophasic
Modulated_autosave_20260715_171433_605ms,Thenar (L),L_The_ED_FD_FCR A,7,200.1588562354435,208.1588562354435,232.51866560801682,,,none,30.0,35,2,monophasic
Modulated_autosave_20260715_171433_605ms,Thenar (L),L_The_ED_FD_FCR A,8,233.51866560801682,241.51866560801682,265.87847497965936,,,none,30.0,35,2,monophasic
Modulated_autosave_20260715_171433_605ms,Thenar (L),L_The_ED_FD_FCR A,9,266.87847497965936,274.87847497965936,299.23828435223265,,,none,30.0,35,2,monophasic
Modulated_autosave_20260715_171433_605ms,Thenar (L),L_The_ED_FD_FCR A,10,300.23828435223265,308.23828435223265,332.59809372480953,,,none,30.0,35,2,monophasic
Modulated_autosave_20260715_171433_605ms,Thenar (L),L_The_ED_FD_FCR A,1,0.7942811753594015,8.794281175359401,32.359809372573324,,,none,30.0,40,2,monophasic
Modulated_autosave_20260715_171433_605ms,Thenar (L),L_The_ED_FD_FCR A,2,33.359809372573324,41.359809372573324,65.71961874514665,,,none,30.0,40,2,monophasic
Modulated_autosave_20260715_171433_605ms,Thenar (L),L_The_ED_FD_FCR A,3,66.71961874514665,74.71961874514665,99.07942811771997,,,none,30.0,40,2,monophasic
Modulated_autosave_20260715_171433_605ms,Thenar (L),L_The_ED_FD_FCR A,4,100.07942811771997,108.07942811771997,132.4392374902933,,,none,30.0,40,2,monophasic
Modulated_autosave_20260715_171433_605ms,Thenar (L),L_The_ED_FD_FCR A,5,133.4392374902933,141.4392374902933,165.79904686287017,,,none,30.0,40,2,monophasic
Modulated_autosave_20260715_171433_605ms,Thenar (L),L_The_ED_FD_FCR A,6,166.79904686287017,174.79904686287017,199.1588562354435,,,none,30.0,40,2,monophasic
Modulated_autosave_20260715_171433_605ms,Thenar (L),L_The_ED_FD_FCR A,7,200.1588562354435,208.1588562354435,232.51866560801682,,,none,30.0,40,2,monophasic
Modulated_autosave_20260715_171433_605ms,Thenar (L),L_The_ED_FD_FCR A,8,233.51866560801682,241.51866560801682,265.87847497965936,,,none,30.0,40,2,monophasic
Modulated_autosave_20260715_171433_605ms,Thenar (L),L_The_ED_FD_FCR A,9,266.87847497965936,274.87847497965936,299.23828435223265,,,none,30.0,40,2,monophasic
Modulated_autosave_20260715_171433_605ms,Thenar (L),L_The_ED_FD_FCR A,10,300.23828435223265,308.23828435223265,332.59809372480953,,,none,30.0,40,2,monophasic
Modulated_autosave_20260715_171433_605ms,Thenar (L),L_The_ED_FD_FCR A,1,0.7942811753594015,8.794281175359401,32.359809372573324,,,none,30.0,45,2,monophasic
Modulated_autosave_20260715_171433_605ms,Thenar (L),L_The_ED_FD_FCR A,2,33.359809372573324,41.359809372573324,65.71961874514665,,,none,30.0,45,2,monophasic
Modulated_autosave_20260715_171433_605ms,Thenar (L),L_The_ED_FD_FCR A,3,66.71961874514665,74.71961874514665,99.07942811771997,,,none,30.0,45,2,monophasic
Modulated_autosave_20260715_171433_605ms,Thenar (L),L_The_ED_FD_FCR A,4,100.07942811771997,108.07942811771997,132.4392374902933,,,none,30.0,45,2,monophasic
Modulated_autosave_20260715_171433_605ms,Thenar (L),L_The_ED_FD_FCR A,5,133.4392374902933,141.4392374902933,165.79904686287017,,,none,30.0,45,2,monophasic
Modulated_autosave_20260715_171433_605ms,Thenar (L),L_The_ED_FD_FCR A,6,166.79904686287017,174.79904686287017,199.1588562354435,,,none,30.0,45,2,monophasic
Modulated_autosave_20260715_171433_605ms,Thenar (L),L_The_ED_FD_FCR A,7,200.1588562354435,208.1588562354435,232.51866560801682,,,none,30.0,45,2,monophasic
Modulated_autosave_20260715_171433_605ms,Thenar (L),L_The_ED_FD_FCR A,8,233.51866560801682,241.51866560801682,265.87847497965936,,,none,30.0,45,2,monophasic
Modulated_autosave_20260715_171433_605ms,Thenar (L),L_The_ED_FD_FCR A,9,266.87847497965936,274.87847497965936,299.23828435223265,,,none,30.0,45,2,monophasic
Modulated_autosave_20260715_171433_605ms,Thenar (L),L_The_ED_FD_FCR A,10,300.23828435223265,308.23828435223265,332.59809372480953,,,none,30.0,45,2,monophasic
Modulated_autosave_20260715_171433_605ms,Thenar (L),L_The_ED_FD_FCR A,1,0.7942811753594015,8.794281175359401,32.359809372573324,,,none,30.0,50,2,monophasic
Modulated_autosave_20260715_171433_605ms,Thenar (L),L_The_ED_FD_FCR A,2,33.359809372573324,41.359809372573324,65.71961874514665,,,none,30.0,50,2,monophasic
Modulated_autosave_20260715_171433_605ms,Thenar (L),L_The_ED_FD_FCR A,3,66.71961874514665,74.71961874514665,99.07942811771997,,,none,30.0,50,2,monophasic
Modulated_autosave_20260715_171433_605ms,Thenar (L),L_The_ED_FD_FCR A,4,100.07942811771997,108.07942811771997,132.4392374902933,,,none,30.0,50,2,monophasic
Modulated_autosave_20260715_171433_605ms,Thenar (L),L_The_ED_FD_FCR A,5,133.4392374902933,141.4392374902933,165.79904686287017,,,none,30.0,50,2,monophasic
Modulated_autosave_20260715_171433_605ms,Thenar (L),L_The_ED_FD_FCR A,6,166.79904686287017,174.79904686287017,199.1588562354435,,,none,30.0,50,2,monophasic
Modulated_autosave_20260715_171433_605ms,Thenar (L),L_The_ED_FD_FCR A,7,200.1588562354435,208.1588562354435,232.51866560801682,,,none,30.0,50,2,monophasic
Modulated_autosave_20260715_171433_605ms,Thenar (L),L_The_ED_FD_FCR A,8,233.51866560801682,241.51866560801682,265.87847497965936,,,none,30.0,50,2,monophasic
Modulated_autosave_20260715_171433_605ms,Thenar (L),L_The_ED_FD_FCR A,9,266.87847497965936,274.87847497965936,299.23828435223265,,,none,30.0,50,2,monophasic
Modulated_autosave_20260715_171433_605ms,Thenar (L),L_The_ED_FD_FCR A,10,300.23828435223265,308.23828435223265,332.59809372480953,,,none,30.0,50,2,monophasic
Modulated_autosave_20260715_171433_605ms,Thenar (L),L_The_ED_FD_FCR A,1,0.7942811753594015,8.794281175359401,32.359809372573324,,,none,30.0,55,2,monophasic
Modulated_autosave_20260715_171433_605ms,Thenar (L),L_The_ED_FD_FCR A,2,33.359809372573324,41.359809372573324,65.71961874514665,,,none,30.0,55,2,monophasic
Modulated_autosave_20260715_171433_605ms,Thenar (L),L_The_ED_FD_FCR A,3,66.71961874514665,74.71961874514665,99.07942811771997,,,none,30.0,55,2,monophasic
Modulated_autosave_20260715_171433_605ms,Thenar (L),L_The_ED_FD_FCR A,4,100.07942811771997,108.07942811771997,132.4392374902933,,,none,30.0,55,2,monophasic
Modulated_autosave_20260715_171433_605ms,Thenar (L),L_The_ED_FD_FCR A,5,133.4392374902933,141.4392374902933,165.79904686287017,,,none,30.0,55,2,monophasic
Modulated_autosave_20260715_171433_605ms,Thenar (L),L_The_ED_FD_FCR A,6,166.79904686287017,174.79904686287017,199.1588562354435,,,none,30.0,55,2,monophasic
Modulated_autosave_20260715_171433_605ms,Thenar (L),L_The_ED_FD_FCR A,7,200.1588562354435,208.1588562354435,232.51866560801682,,,none,30.0,55,2,monophasic
Modulated_autosave_20260715_171433_605ms,Thenar (L),L_The_ED_FD_FCR A,8,233.51866560801682,241.51866560801682,265.87847497965936,,,none,30.0,55,2,monophasic
Modulated_autosave_20260715_171433_605ms,Thenar (L),L_The_ED_FD_FCR A,9,266.87847497965936,274.87847497965936,299.23828435223265,,,none,30.0,55,2,monophasic
Modulated_autosave_20260715_171433_605ms,Thenar (L),L_The_ED_FD_FCR A,10,300.23828435223265,308.23828435223265,332.59809372480953,,,none,30.0,55,2,monophasic
Modulated_autosave_20260715_171433_605ms,Thenar (L),L_The_ED_FD_FCR A,1,0.7942811753594015,8.794281175359401,32.359809372573324,,,none,30.0,60,2,monophasic
Modulated_autosave_20260715_171433_605ms,Thenar (L),L_The_ED_FD_FCR A,2,33.359809372573324,41.359809372573324,65.71961874514665,,,none,30.0,60,2,monophasic
Modulated_autosave_20260715_171433_605ms,Thenar (L),L_The_ED_FD_FCR A,3,66.71961874514665,74.71961874514665,99.07942811771997,,,none,30.0,60,2,monophasic
Modulated_autosave_20260715_171433_605ms,Thenar (L),L_The_ED_FD_FCR A,4,100.07942811771997,108.07942811771997,132.4392374902933,,,none,30.0,60,2,monophasic
Modulated_autosave_20260715_171433_605ms,Thenar (L),L_The_ED_FD_FCR A,5,133.4392374902933,141.4392374902933,165.79904686287017,,,none,30.0,60,2,monophasic
Modulated_autosave_20260715_171433_605ms,Thenar (L),L_The_ED_FD_FCR A,6,166.79904686287017,174.79904686287017,199.1588562354435,,,none,30.0,60,2,monophasic
Modulated_autosave_20260715_171433_605ms,Thenar (L),L_The_ED_FD_FCR A,7,200.1588562354435,208.1588562354435,232.51866560801682,,,none,30.0,60,2,monophasic
Modulated_autosave_20260715_171433_605ms,Thenar (L),L_The_ED_FD_FCR A,8,233.51866560801682,241.51866560801682,265.87847497965936,,,none,30.0,60,2,monophasic
Modulated_autosave_20260715_171433_605ms,Thenar (L),L_The_ED_FD_FCR A,9,266.87847497965936,274.87847497965936,299.23828435223265,,,none,30.0,60,2,monophasic
Modulated_autosave_20260715_171433_605ms,Thenar (L),L_The_ED_FD_FCR A,10,300.23828435223265,308.23828435223265,332.59809372480953,,,none,30.0,60,2,monophasic
Modulated_autosave_20260715_171433_605ms,Thenar (L),L_The_ED_FD_FCR A,1,0.7942811753594015,8.794281175359401,32.359809372573324,,,none,30.0,65,2,monophasic
Modulated_autosave_20260715_171433_605ms,Thenar (L),L_The_ED_FD_FCR A,2,33.359809372573324,41.359809372573324,65.71961874514665,,,none,30.0,65,2,monophasic
Modulated_autosave_20260715_171433_605ms,Thenar (L),L_The_ED_FD_FCR A,3,66.71961874514665,74.71961874514665,99.07942811771997,,,none,30.0,65,2,monophasic
Modulated_autosave_20260715_171433_605ms,Thenar (L),L_The_ED_FD_FCR A,4,100.07942811771997,108.07942811771997,132.4392374902933,,,none,30.0,65,2,monophasic
Modulated_autosave_20260715_171433_605ms,Thenar (L),L_The_ED_FD_FCR A,5,133.4392374902933,141.4392374902933,165.79904686287017,,,none,30.0,65,2,monophasic
Modulated_autosave_20260715_171433_605ms,Thenar (L),L_The_ED_FD_FCR A,6,166.79904686287017,174.79904686287017,199.1588562354435,,,none,30.0,65,2,monophasic
Modulated_autosave_20260715_171433_605ms,Thenar (L),L_The_ED_FD_FCR A,7,200.1588562354435,208.1588562354435,232.51866560801682,,,none,30.0,65,2,monophasic
Modulated_autosave_20260715_171433_605ms,Thenar (L),L_The_ED_FD_FCR A,8,233.51866560801682,241.51866560801682,265.87847497965936,,,none,30.0,65,2,monophasic
Modulated_autosave_20260715_171433_605ms,Thenar (L),L_The_ED_FD_FCR A,9,266.87847497965936,274.87847497965936,299.23828435223265,,,none,30.0,65,2,monophasic
Modulated_autosave_20260715_171433_605ms,Thenar (L),L_The_ED_FD_FCR A,10,300.23828435223265,308.23828435223265,332.59809372480953,,,none,30.0,65,2,monophasic
Modulated_autosave_20260715_171433_605ms,Thenar (L),L_The_ED_FD_FCR A,1,0.7942811753594015,8.794281175359401,32.359809372573324,,,none,30.0,70,2,monophasic
Modulated_autosave_20260715_171433_605ms,Thenar (L),L_The_ED_FD_FCR A,2,33.359809372573324,41.359809372573324,65.71961874514665,,,none,30.0,70,2,monophasic
Modulated_autosave_20260715_171433_605ms,Thenar (L),L_The_ED_FD_FCR A,3,66.71961874514665,74.71961874514665,99.07942811771997,,,none,30.0,70,2,monophasic
Modulated_autosave_20260715_171433_605ms,Thenar (L),L_The_ED_FD_FCR A,4,100.07942811771997,108.07942811771997,132.4392374902933,,,none,30.0,70,2,monophasic
Modulated_autosave_20260715_171433_605ms,Thenar (L),L_The_ED_FD_FCR A,5,133.4392374902933,141.4392374902933,165.79904686287017,,,none,30.0,70,2,monophasic
Modulated_autosave_20260715_171433_605ms,Thenar (L),L_The_ED_FD_FCR A,6,166.79904686287017,174.79904686287017,199.1588562354435,,,none,30.0,70,2,monophasic
Modulated_autosave_20260715_171433_605ms,Thenar (L),L_The_ED_FD_FCR A,7,200.1588562354435,208.1588562354435,232.51866560801682,,,none,30.0,70,2,monophasic
Modulated_autosave_20260715_171433_605ms,Thenar (L),L_The_ED_FD_FCR A,8,233.51866560801682,241.51866560801682,265.87847497965936,,,none,30.0,70,2,monophasic
Modulated_autosave_20260715_171433_605ms,Thenar (L),L_The_ED_FD_FCR A,9,266.87847497965936,274.87847497965936,299.23828435223265,,,none,30.0,70,2,monophasic
Modulated_autosave_20260715_171433_605ms,Thenar (L),L_The_ED_FD_FCR A,10,300.23828435223265,308.23828435223265,332.59809372480953,,,none,30.0,70,2,monophasic
Modulated_autosave_20260715_171433_605ms,Thenar (L),L_The_ED_FD_FCR A,1,0.7942811753594015,8.794281175359401,32.359809372573324,,,none,30.0,75,2,monophasic
Modulated_autosave_20260715_171433_605ms,Thenar (L),L_The_ED_FD_FCR A,2,33.359809372573324,41.359809372573324,65.71961874514665,,,none,30.0,75,2,monophasic
Modulated_autosave_20260715_171433_605ms,Thenar (L),L_The_ED_FD_FCR A,3,66.71961874514665,74.71961874514665,99.07942811771997,,,none,30.0,75,2,monophasic
Modulated_autosave_20260715_171433_605ms,Thenar (L),L_The_ED_FD_FCR A,4,100.07942811771997,108.07942811771997,132.4392374902933,,,none,30.0,75,2,monophasic
Modulated_autosave_20260715_171433_605ms,Thenar (L),L_The_ED_FD_FCR A,5,133.4392374902933,141.4392374902933,165.79904686287017,,,none,30.0,75,2,monophasic
Modulated_autosave_20260715_171433_605ms,Thenar (L),L_The_ED_FD_FCR A,6,166.79904686287017,174.79904686287017,199.1588562354435,,,none,30.0,75,2,monophasic
Modulated_autosave_20260715_171433_605ms,Thenar (L),L_The_ED_FD_FCR A,7,200.1588562354435,208.1588562354435,232.51866560801682,,,none,30.0,75,2,monophasic
Modulated_autosave_20260715_171433_605ms,Thenar (L),L_The_ED_FD_FCR A,8,233.51866560801682,241.51866560801682,265.87847497965936,,,none,30.0,75,2,monophasic
Modulated_autosave_20260715_171433_605ms,Thenar (L),L_The_ED_FD_FCR A,9,266.87847497965936,274.87847497965936,299.23828435223265,,,none,30.0,75,2,monophasic
Modulated_autosave_20260715_171433_605ms,Thenar (L),L_The_ED_FD_FCR A,10,300.23828435223265,308.23828435223265,332.59809372480953,,,none,30.0,75,2,monophasic
Modulated_autosave_20260715_171433_605ms,Thenar (L),L_The_ED_FD_FCR A,1,0.7942811753594015,8.794281175359401,32.359809372573324,0.016113526886329055,0.016113526886329055,none,30.0,80,2,monophasic
Modulated_autosave_20260715_171433_605ms,Thenar (L),L_The_ED_FD_FCR A,2,33.359809372573324,41.359809372573324,65.71961874514665,,,none,30.0,80,2,monophasic
Modulated_autosave_20260715_171433_605ms,Thenar (L),L_The_ED_FD_FCR A,3,66.71961874514665,74.71961874514665,99.07942811771997,0.005706873720604131,0.005706873720604131,none,30.0,80,2,monophasic
Modulated_autosave_20260715_171433_605ms,Thenar (L),L_The_ED_FD_FCR A,4,100.07942811771997,108.07942811771997,132.4392374902933,0.0140993355307668,0.0140993355307668,none,30.0,80,2,monophasic
Modulated_autosave_20260715_171433_605ms,Thenar (L),L_The_ED_FD_FCR A,5,133.4392374902933,141.4392374902933,165.79904686287017,,,none,30.0,80,2,monophasic
Modulated_autosave_20260715_171433_605ms,Thenar (L),L_The_ED_FD_FCR A,6,166.79904686287017,174.79904686287017,199.1588562354435,,,none,30.0,80,2,monophasic
Modulated_autosave_20260715_171433_605ms,Thenar (L),L_The_ED_FD_FCR A,7,200.1588562354435,208.1588562354435,232.51866560801682,,,none,30.0,80,2,monophasic
Modulated_autosave_20260715_171433_605ms,Thenar (L),L_The_ED_FD_FCR A,8,233.51866560801682,241.51866560801682,265.87847497965936,,,none,30.0,80,2,monophasic
Modulated_autosave_20260715_171433_605ms,Thenar (L),L_The_ED_FD_FCR A,9,266.87847497965936,274.87847497965936,299.23828435223265,0.0030212863417455995,0.0030212863417455995,none,30.0,80,2,monophasic
Modulated_autosave_20260715_171433_605ms,Thenar (L),L_The_ED_FD_FCR A,10,300.23828435223265,308.23828435223265,332.59809372480953,0.005371175231668023,0.005371175231668023,none,30.0,80,2,monophasic
Modulated_autosave_20260715_171433_605ms,Thenar (L),L_The_ED_FD_FCR A,1,0.7942811753594015,8.794281175359401,32.359809372573324,,,none,30.0,85,2,monophasic
Modulated_autosave_20260715_171433_605ms,Thenar (L),L_The_ED_FD_FCR A,2,33.359809372573324,41.359809372573324,65.71961874514665,,,none,30.0,85,2,monophasic
Modulated_autosave_20260715_171433_605ms,Thenar (L),L_The_ED_FD_FCR A,3,66.71961874514665,74.71961874514665,99.07942811771997,,,none,30.0,85,2,monophasic
Modulated_autosave_20260715_171433_605ms,Thenar (L),L_The_ED_FD_FCR A,4,100.07942811771997,108.07942811771997,132.4392374902933,,,none,30.0,85,2,monophasic
Modulated_autosave_20260715_171433_605ms,Thenar (L),L_The_ED_FD_FCR A,5,133.4392374902933,141.4392374902933,165.79904686287017,,,none,30.0,85,2,monophasic
Modulated_autosave_20260715_171433_605ms,Thenar (L),L_The_ED_FD_FCR A,6,166.79904686287017,174.79904686287017,199.1588562354435,,,none,30.0,85,2,monophasic
Modulated_autosave_20260715_171433_605ms,Thenar (L),L_The_ED_FD_FCR A,7,200.1588562354435,208.1588562354435,232.51866560801682,,,none,30.0,85,2,monophasic
Modulated_autosave_20260715_171433_605ms,Thenar (L),L_The_ED_FD_FCR A,8,233.51866560801682,241.51866560801682,265.87847497965936,,,none,30.0,85,2,monophasic
Modulated_autosave_20260715_171433_605ms,Thenar (L),L_The_ED_FD_FCR A,9,266.87847497965936,274.87847497965936,299.23828435223265,,,none,30.0,85,2,monophasic
Modulated_autosave_20260715_171433_605ms,Thenar (L),L_The_ED_FD_FCR A,10,300.23828435223265,308.23828435223265,332.59809372480953,,,none,30.0,85,2,monophasic
Modulated_autosave_20260715_171433_605ms,Thenar (L),L_The_ED_FD_FCR A,1,0.7942811753594015,8.794281175359401,32.359809372573324,,,none,30.0,90,2,monophasic
Modulated_autosave_20260715_171433_605ms,Thenar (L),L_The_ED_FD_FCR A,2,33.359809372573324,41.359809372573324,65.71961874514665,,,none,30.0,90,2,monophasic
Modulated_autosave_20260715_171433_605ms,Thenar (L),L_The_ED_FD_FCR A,3,66.71961874514665,74.71961874514665,99.07942811771997,,,none,30.0,90,2,monophasic
Modulated_autosave_20260715_171433_605ms,Thenar (L),L_The_ED_FD_FCR A,4,100.07942811771997,108.07942811771997,132.4392374902933,,,none,30.0,90,2,monophasic
Modulated_autosave_20260715_171433_605ms,Thenar (L),L_The_ED_FD_FCR A,5,133.4392374902933,141.4392374902933,165.79904686287017,,,none,30.0,90,2,monophasic
Modulated_autosave_20260715_171433_605ms,Thenar (L),L_The_ED_FD_FCR A,6,166.79904686287017,174.79904686287017,199.1588562354435,,,none,30.0,90,2,monophasic
Modulated_autosave_20260715_171433_605ms,Thenar (L),L_The_ED_FD_FCR A,7,200.1588562354435,208.1588562354435,232.51866560801682,,,none,30.0,90,2,monophasic
Modulated_autosave_20260715_171433_605ms,Thenar (L),L_The_ED_FD_FCR A,8,233.51866560801682,241.51866560801682,265.87847497965936,,,none,30.0,90,2,monophasic
Modulated_autosave_20260715_171433_605ms,Thenar (L),L_The_ED_FD_FCR A,9,266.87847497965936,274.87847497965936,299.23828435223265,,,none,30.0,90,2,monophasic
Modulated_autosave_20260715_171433_605ms,Thenar (L),L_The_ED_FD_FCR A,10,300.23828435223265,308.23828435223265,332.59809372480953,,,none,30.0,90,2,monophasic
Modulated_autosave_20260715_171433_605ms,Thenar (L),L_The_ED_FD_FCR A,1,0.7942811753594015,8.794281175359401,32.359809372573324,,,none,30.0,95,2,monophasic
Modulated_autosave_20260715_171433_605ms,Thenar (L),L_The_ED_FD_FCR A,2,33.359809372573324,41.359809372573324,65.71961874514665,,,none,30.0,95,2,monophasic
Modulated_autosave_20260715_171433_605ms,Thenar (L),L_The_ED_FD_FCR A,3,66.71961874514665,74.71961874514665,99.07942811771997,,,none,30.0,95,2,monophasic
Modulated_autosave_20260715_171433_605ms,Thenar (L),L_The_ED_FD_FCR A,4,100.07942811771997,108.07942811771997,132.4392374902933,,,none,30.0,95,2,monophasic
Modulated_autosave_20260715_171433_605ms,Thenar (L),L_The_ED_FD_FCR A,5,133.4392374902933,141.4392374902933,165.79904686287017,,,none,30.0,95,2,monophasic
Modulated_autosave_20260715_171433_605ms,Thenar (L),L_The_ED_FD_FCR A,6,166.79904686287017,174.79904686287017,199.1588562354435,,,none,30.0,95,2,monophasic
Modulated_autosave_20260715_171433_605ms,Thenar (L),L_The_ED_FD_FCR A,7,200.1588562354435,208.1588562354435,232.51866560801682,,,none,30.0,95,2,monophasic
Modulated_autosave_20260715_171433_605ms,Thenar (L),L_The_ED_FD_FCR A,8,233.51866560801682,241.51866560801682,265.87847497965936,,,none,30.0,95,2,monophasic
Modulated_autosave_20260715_171433_605ms,Thenar (L),L_The_ED_FD_FCR A,9,266.87847497965936,274.87847497965936,299.23828435223265,,,none,30.0,95,2,monophasic
Modulated_autosave_20260715_171433_605ms,Thenar (L),L_The_ED_FD_FCR A,10,300.23828435223265,308.23828435223265,332.59809372480953,,,none,30.0,95,2,monophasic
Modulated_autosave_20260715_171433_605ms,Thenar (L),L_The_ED_FD_FCR A,1,0.7942811753594015,8.794281175359401,32.359809372573324,,,none,30.0,100,2,monophasic
Modulated_autosave_20260715_171433_605ms,Thenar (L),L_The_ED_FD_FCR A,2,33.359809372573324,41.359809372573324,65.71961874514665,,,none,30.0,100,2,monophasic
Modulated_autosave_20260715_171433_605ms,Thenar (L),L_The_ED_FD_FCR A,3,66.71961874514665,74.71961874514665,99.07942811771997,,,none,30.0,100,2,monophasic
Modulated_autosave_20260715_171433_605ms,Thenar (L),L_The_ED_FD_FCR A,4,100.07942811771997,108.07942811771997,132.4392374902933,,,none,30.0,100,2,monophasic
Modulated_autosave_20260715_171433_605ms,Thenar (L),L_The_ED_FD_FCR A,5,133.4392374902933,141.4392374902933,165.79904686287017,,,none,30.0,100,2,monophasic
Modulated_autosave_20260715_171433_605ms,Thenar (L),L_The_ED_FD_FCR A,6,166.79904686287017,174.79904686287017,199.1588562354435,,,none,30.0,100,2,monophasic
Modulated_autosave_20260715_171433_605ms,Thenar (L),L_The_ED_FD_FCR A,7,200.1588562354435,208.1588562354435,232.51866560801682,,,none,30.0,100,2,monophasic
Modulated_autosave_20260715_171433_605ms,Thenar (L),L_The_ED_FD_FCR A,8,233.51866560801682,241.51866560801682,265.87847497965936,,,none,30.0,100,2,monophasic
Modulated_autosave_20260715_171433_605ms,Thenar (L),L_The_ED_FD_FCR A,9,266.87847497965936,274.87847497965936,299.23828435223265,,,none,30.0,100,2,monophasic
Modulated_autosave_20260715_171433_605ms,Thenar (L),L_The_ED_FD_FCR A,10,300.23828435223265,308.23828435223265,332.59809372480953,,,none,30.0,100,2,monophasic
Modulated_autosave_20260715_171433_605ms,Thenar (L),L_The_ED_FD_FCR A,1,0.7942811753594015,8.794281175359401,32.359809372573324,,,none,30.0,105,2,monophasic
Modulated_autosave_20260715_171433_605ms,Thenar (L),L_The_ED_FD_FCR A,2,33.359809372573324,41.359809372573324,65.71961874514665,,,none,30.0,105,2,monophasic
Modulated_autosave_20260715_171433_605ms,Thenar (L),L_The_ED_FD_FCR A,3,66.71961874514665,74.71961874514665,99.07942811771997,,,none,30.0,105,2,monophasic
Modulated_autosave_20260715_171433_605ms,Thenar (L),L_The_ED_FD_FCR A,4,100.07942811771997,108.07942811771997,132.4392374902933,,,none,30.0,105,2,monophasic
Modulated_autosave_20260715_171433_605ms,Thenar (L),L_The_ED_FD_FCR A,5,133.4392374902933,141.4392374902933,165.79904686287017,,,none,30.0,105,2,monophasic
Modulated_autosave_20260715_171433_605ms,Thenar (L),L_The_ED_FD_FCR A,6,166.79904686287017,174.79904686287017,199.1588562354435,,,none,30.0,105,2,monophasic
Modulated_autosave_20260715_171433_605ms,Thenar (L),L_The_ED_FD_FCR A,7,200.1588562354435,208.1588562354435,232.51866560801682,,,none,30.0,105,2,monophasic
Modulated_autosave_20260715_171433_605ms,Thenar (L),L_The_ED_FD_FCR A,8,233.51866560801682,241.51866560801682,265.87847497965936,,,none,30.0,105,2,monophasic
Modulated_autosave_20260715_171433_605ms,Thenar (L),L_The_ED_FD_FCR A,9,266.87847497965936,274.87847497965936,299.23828435223265,,,none,30.0,105,2,monophasic
Modulated_autosave_20260715_171433_605ms,Thenar (L),L_The_ED_FD_FCR A,10,300.23828435223265,308.23828435223265,332.59809372480953,,,none,30.0,105,2,monophasic
Modulated_autosave_20260715_171433_605ms,Thenar (L),L_The_ED_FD_FCR A,1,0.7942811753594015,8.794281175359401,32.359809372573324,,,none,30.0,110,2,monophasic
Modulated_autosave_20260715_171433_605ms,Thenar (L),L_The_ED_FD_FCR A,2,33.359809372573324,41.359809372573324,65.71961874514665,,,none,30.0,110,2,monophasic
Modulated_autosave_20260715_171433_605ms,Thenar (L),L_The_ED_FD_FCR A,3,66.71961874514665,74.71961874514665,99.07942811771997,,,none,30.0,110,2,monophasic
Modulated_autosave_20260715_171433_605ms,Thenar (L),L_The_ED_FD_FCR A,4,100.07942811771997,108.07942811771997,132.4392374902933,,,none,30.0,110,2,monophasic
Modulated_autosave_20260715_171433_605ms,Thenar (L),L_The_ED_FD_FCR A,5,133.4392374902933,141.4392374902933,165.79904686287017,,,none,30.0,110,2,monophasic
Modulated_autosave_20260715_171433_605ms,Thenar (L),L_The_ED_FD_FCR A,6,166.79904686287017,174.79904686287017,199.1588562354435,,,none,30.0,110,2,monophasic
Modulated_autosave_20260715_171433_605ms,Thenar (L),L_The_ED_FD_FCR A,7,200.1588562354435,208.1588562354435,232.51866560801682,,,none,30.0,110,2,monophasic
Modulated_autosave_20260715_171433_605ms,Thenar (L),L_The_ED_FD_FCR A,8,233.51866560801682,241.51866560801682,265.87847497965936,,,none,30.0,110,2,monophasic
Modulated_autosave_20260715_171433_605ms,Thenar (L),L_The_ED_FD_FCR A,9,266.87847497965936,274.87847497965936,299.23828435223265,,,none,30.0,110,2,monophasic
Modulated_autosave_20260715_171433_605ms,Thenar (L),L_The_ED_FD_FCR A,10,300.23828435223265,308.23828435223265,332.59809372480953,,,none,30.0,110,2,monophasic
Modulated_autosave_20260715_171433_605ms,Thenar (L),L_The_ED_FD_FCR A,1,0.7942811753594015,8.794281175359401,32.359809372573324,,,none,30.0,115,2,monophasic
Modulated_autosave_20260715_171433_605ms,Thenar (L),L_The_ED_FD_FCR A,2,33.359809372573324,41.359809372573324,65.71961874514665,,,none,30.0,115,2,monophasic
Modulated_autosave_20260715_171433_605ms,Thenar (L),L_The_ED_FD_FCR A,3,66.71961874514665,74.71961874514665,99.07942811771997,,,none,30.0,115,2,monophasic
Modulated_autosave_20260715_171433_605ms,Thenar (L),L_The_ED_FD_FCR A,4,100.07942811771997,108.07942811771997,132.4392374902933,,,none,30.0,115,2,monophasic
Modulated_autosave_20260715_171433_605ms,Thenar (L),L_The_ED_FD_FCR A,5,133.4392374902933,141.4392374902933,165.79904686287017,,,none,30.0,115,2,monophasic
Modulated_autosave_20260715_171433_605ms,Thenar (L),L_The_ED_FD_FCR A,6,166.79904686287017,174.79904686287017,199.1588562354435,,,none,30.0,115,2,monophasic
Modulated_autosave_20260715_171433_605ms,Thenar (L),L_The_ED_FD_FCR A,7,200.1588562354435,208.1588562354435,232.51866560801682,,,none,30.0,115,2,monophasic
Modulated_autosave_20260715_171433_605ms,Thenar (L),L_The_ED_FD_FCR A,8,233.51866560801682,241.51866560801682,265.87847497965936,,,none,30.0,115,2,monophasic
Modulated_autosave_20260715_171433_605ms,Thenar (L),L_The_ED_FD_FCR A,9,266.87847497965936,274.87847497965936,299.23828435223265,,,none,30.0,115,2,monophasic
Modulated_autosave_20260715_171433_605ms,Thenar (L),L_The_ED_FD_FCR A,10,300.23828435223265,308.23828435223265,332.59809372480953,,,none,30.0,115,2,monophasic
Modulated_autosave_20260715_171433_605ms,Thenar (L),L_The_ED_FD_FCR A,1,0.7942811753594015,8.794281175359401,32.359809372573324,,,none,30.0,120,2,monophasic
Modulated_autosave_20260715_171433_605ms,Thenar (L),L_The_ED_FD_FCR A,2,33.359809372573324,41.359809372573324,65.71961874514665,,,none,30.0,120,2,monophasic
Modulated_autosave_20260715_171433_605ms,Thenar (L),L_The_ED_FD_FCR A,3,66.71961874514665,74.71961874514665,99.07942811771997,,,none,30.0,120,2,monophasic
Modulated_autosave_20260715_171433_605ms,Thenar (L),L_The_ED_FD_FCR A,4,100.07942811771997,108.07942811771997,132.4392374902933,,,none,30.0,120,2,monophasic
Modulated_autosave_20260715_171433_605ms,Thenar (L),L_The_ED_FD_FCR A,5,133.4392374902933,141.4392374902933,165.79904686287017,,,none,30.0,120,2,monophasic
Modulated_autosave_20260715_171433_605ms,Thenar (L),L_The_ED_FD_FCR A,6,166.79904686287017,174.79904686287017,199.1588562354435,,,none,30.0,120,2,monophasic
Modulated_autosave_20260715_171433_605ms,Thenar (L),L_The_ED_FD_FCR A,7,200.1588562354435,208.1588562354435,232.51866560801682,,,none,30.0,120,2,monophasic
Modulated_autosave_20260715_171433_605ms,Thenar (L),L_The_ED_FD_FCR A,8,233.51866560801682,241.51866560801682,265.87847497965936,,,none,30.0,120,2,monophasic
Modulated_autosave_20260715_171433_605ms,Thenar (L),L_The_ED_FD_FCR A,9,266.87847497965936,274.87847497965936,299.23828435223265,,,none,30.0,120,2,monophasic
Modulated_autosave_20260715_171433_605ms,Thenar (L),L_The_ED_FD_FCR A,10,300.23828435223265,308.23828435223265,332.59809372480953,,,none,30.0,120,2,monophasic
Modulated_autosave_20260715_171433_605ms,Thenar (L),L_The_ED_FD_FCR A,1,0.7942811753594015,8.794281175359401,32.359809372573324,,,none,30.0,125,2,monophasic
Modulated_autosave_20260715_171433_605ms,Thenar (L),L_The_ED_FD_FCR A,2,33.359809372573324,41.359809372573324,65.71961874514665,,,none,30.0,125,2,monophasic
Modulated_autosave_20260715_171433_605ms,Thenar (L),L_The_ED_FD_FCR A,3,66.71961874514665,74.71961874514665,99.07942811771997,,,none,30.0,125,2,monophasic
Modulated_autosave_20260715_171433_605ms,Thenar (L),L_The_ED_FD_FCR A,4,100.07942811771997,108.07942811771997,132.4392374902933,,,none,30.0,125,2,monophasic
Modulated_autosave_20260715_171433_605ms,Thenar (L),L_The_ED_FD_FCR A,5,133.4392374902933,141.4392374902933,165.79904686287017,,,none,30.0,125,2,monophasic
Modulated_autosave_20260715_171433_605ms,Thenar (L),L_The_ED_FD_FCR A,6,166.79904686287017,174.79904686287017,199.1588562354435,,,none,30.0,125,2,monophasic
Modulated_autosave_20260715_171433_605ms,Thenar (L),L_The_ED_FD_FCR A,7,200.1588562354435,208.1588562354435,232.51866560801682,,,none,30.0,125,2,monophasic
Modulated_autosave_20260715_171433_605ms,Thenar (L),L_The_ED_FD_FCR A,8,233.51866560801682,241.51866560801682,265.87847497965936,,,none,30.0,125,2,monophasic
Modulated_autosave_20260715_171433_605ms,Thenar (L),L_The_ED_FD_FCR A,9,266.87847497965936,274.87847497965936,299.23828435223265,,,none,30.0,125,2,monophasic
Modulated_autosave_20260715_171433_605ms,Thenar (L),L_The_ED_FD_FCR A,10,300.23828435223265,308.23828435223265,332.59809372480953,,,none,30.0,125,2,monophasic
Modulated_autosave_20260715_171433_605ms,Ext. digitorum (L),L_The_ED_FD_FCR B,1,0.7942811753594015,8.794281175359401,32.359809372573324,,,none,30.0,30,2,monophasic
Modulated_autosave_20260715_171433_605ms,Ext. digitorum (L),L_The_ED_FD_FCR B,2,33.359809372573324,41.359809372573324,65.71961874514665,,,none,30.0,30,2,monophasic
Modulated_autosave_20260715_171433_605ms,Ext. digitorum (L),L_The_ED_FD_FCR B,3,66.71961874514665,74.71961874514665,99.07942811771997,,,none,30.0,30,2,monophasic
Modulated_autosave_20260715_171433_605ms,Ext. digitorum (L),L_The_ED_FD_FCR B,4,100.07942811771997,108.07942811771997,132.4392374902933,,,none,30.0,30,2,monophasic
Modulated_autosave_20260715_171433_605ms,Ext. digitorum (L),L_The_ED_FD_FCR B,5,133.4392374902933,141.4392374902933,165.79904686287017,,,none,30.0,30,2,monophasic
Modulated_autosave_20260715_171433_605ms,Ext. digitorum (L),L_The_ED_FD_FCR B,6,166.79904686287017,174.79904686287017,199.1588562354435,,,none,30.0,30,2,monophasic
Modulated_autosave_20260715_171433_605ms,Ext. digitorum (L),L_The_ED_FD_FCR B,7,200.1588562354435,208.1588562354435,232.51866560801682,,,none,30.0,30,2,monophasic
Modulated_autosave_20260715_171433_605ms,Ext. digitorum (L),L_The_ED_FD_FCR B,8,233.51866560801682,241.51866560801682,265.87847497965936,,,none,30.0,30,2,monophasic
Modulated_autosave_20260715_171433_605ms,Ext. digitorum (L),L_The_ED_FD_FCR B,9,266.87847497965936,274.87847497965936,299.23828435223265,,,none,30.0,30,2,monophasic
Modulated_autosave_20260715_171433_605ms,Ext. digitorum (L),L_The_ED_FD_FCR B,10,300.23828435223265,308.23828435223265,332.59809372480953,,,none,30.0,30,2,monophasic
Modulated_autosave_20260715_171433_605ms,Ext. digitorum (L),L_The_ED_FD_FCR B,1,0.7942811753594015,8.794281175359401,32.359809372573324,,,none,30.0,35,2,monophasic
Modulated_autosave_20260715_171433_605ms,Ext. digitorum (L),L_The_ED_FD_FCR B,2,33.359809372573324,41.359809372573324,65.71961874514665,,,none,30.0,35,2,monophasic
Modulated_autosave_20260715_171433_605ms,Ext. digitorum (L),L_The_ED_FD_FCR B,3,66.71961874514665,74.71961874514665,99.07942811771997,,,none,30.0,35,2,monophasic
Modulated_autosave_20260715_171433_605ms,Ext. digitorum (L),L_The_ED_FD_FCR B,4,100.07942811771997,108.07942811771997,132.4392374902933,,,none,30.0,35,2,monophasic
Modulated_autosave_20260715_171433_605ms,Ext. digitorum (L),L_The_ED_FD_FCR B,5,133.4392374902933,141.4392374902933,165.79904686287017,,,none,30.0,35,2,monophasic
Modulated_autosave_20260715_171433_605ms,Ext. digitorum (L),L_The_ED_FD_FCR B,6,166.79904686287017,174.79904686287017,199.1588562354435,,,none,30.0,35,2,monophasic
Modulated_autosave_20260715_171433_605ms,Ext. digitorum (L),L_The_ED_FD_FCR B,7,200.1588562354435,208.1588562354435,232.51866560801682,,,none,30.0,35,2,monophasic
Modulated_autosave_20260715_171433_605ms,Ext. digitorum (L),L_The_ED_FD_FCR B,8,233.51866560801682,241.51866560801682,265.87847497965936,,,none,30.0,35,2,monophasic
Modulated_autosave_20260715_171433_605ms,Ext. digitorum (L),L_The_ED_FD_FCR B,9,266.87847497965936,274.87847497965936,299.23828435223265,,,none,30.0,35,2,monophasic
Modulated_autosave_20260715_171433_605ms,Ext. digitorum (L),L_The_ED_FD_FCR B,10,300.23828435223265,308.23828435223265,332.59809372480953,,,none,30.0,35,2,monophasic
Modulated_autosave_20260715_171433_605ms,Ext. digitorum (L),L_The_ED_FD_FCR B,1,0.7942811753594015,8.794281175359401,32.359809372573324,,,none,30.0,40,2,monophasic
Modulated_autosave_20260715_171433_605ms,Ext. digitorum (L),L_The_ED_FD_FCR B,2,33.359809372573324,41.359809372573324,65.71961874514665,,,none,30.0,40,2,monophasic
Modulated_autosave_20260715_171433_605ms,Ext. digitorum (L),L_The_ED_FD_FCR B,3,66.71961874514665,74.71961874514665,99.07942811771997,,,none,30.0,40,2,monophasic
Modulated_autosave_20260715_171433_605ms,Ext. digitorum (L),L_The_ED_FD_FCR B,4,100.07942811771997,108.07942811771997,132.4392374902933,,,none,30.0,40,2,monophasic
Modulated_autosave_20260715_171433_605ms,Ext. digitorum (L),L_The_ED_FD_FCR B,5,133.4392374902933,141.4392374902933,165.79904686287017,,,none,30.0,40,2,monophasic
Modulated_autosave_20260715_171433_605ms,Ext. digitorum (L),L_The_ED_FD_FCR B,6,166.79904686287017,174.79904686287017,199.1588562354435,,,none,30.0,40,2,monophasic
Modulated_autosave_20260715_171433_605ms,Ext. digitorum (L),L_The_ED_FD_FCR B,7,200.1588562354435,208.1588562354435,232.51866560801682,,,none,30.0,40,2,monophasic
Modulated_autosave_20260715_171433_605ms,Ext. digitorum (L),L_The_ED_FD_FCR B,8,233.51866560801682,241.51866560801682,265.87847497965936,,,none,30.0,40,2,monophasic
Modulated_autosave_20260715_171433_605ms,Ext. digitorum (L),L_The_ED_FD_FCR B,9,266.87847497965936,274.87847497965936,299.23828435223265,,,none,30.0,40,2,monophasic
Modulated_autosave_20260715_171433_605ms,Ext. digitorum (L),L_The_ED_FD_FCR B,10,300.23828435223265,308.23828435223265,332.59809372480953,,,none,30.0,40,2,monophasic
Modulated_autosave_20260715_171433_605ms,Ext. digitorum (L),L_The_ED_FD_FCR B,1,0.7942811753594015,8.794281175359401,32.359809372573324,,,none,30.0,45,2,monophasic
Modulated_autosave_20260715_171433_605ms,Ext. digitorum (L),L_The_ED_FD_FCR B,2,33.359809372573324,41.359809372573324,65.71961874514665,,,none,30.0,45,2,monophasic
Modulated_autosave_20260715_171433_605ms,Ext. digitorum (L),L_The_ED_FD_FCR B,3,66.71961874514665,74.71961874514665,99.07942811771997,,,none,30.0,45,2,monophasic
Modulated_autosave_20260715_171433_605ms,Ext. digitorum (L),L_The_ED_FD_FCR B,4,100.07942811771997,108.07942811771997,132.4392374902933,,,none,30.0,45,2,monophasic
Modulated_autosave_20260715_171433_605ms,Ext. digitorum (L),L_The_ED_FD_FCR B,5,133.4392374902933,141.4392374902933,165.79904686287017,,,none,30.0,45,2,monophasic
Modulated_autosave_20260715_171433_605ms,Ext. digitorum (L),L_The_ED_FD_FCR B,6,166.79904686287017,174.79904686287017,199.1588562354435,,,none,30.0,45,2,monophasic
Modulated_autosave_20260715_171433_605ms,Ext. digitorum (L),L_The_ED_FD_FCR B,7,200.1588562354435,208.1588562354435,232.51866560801682,,,none,30.0,45,2,monophasic
Modulated_autosave_20260715_171433_605ms,Ext. digitorum (L),L_The_ED_FD_FCR B,8,233.51866560801682,241.51866560801682,265.87847497965936,,,none,30.0,45,2,monophasic
Modulated_autosave_20260715_171433_605ms,Ext. digitorum (L),L_The_ED_FD_FCR B,9,266.87847497965936,274.87847497965936,299.23828435223265,,,none,30.0,45,2,monophasic
Modulated_autosave_20260715_171433_605ms,Ext. digitorum (L),L_The_ED_FD_FCR B,10,300.23828435223265,308.23828435223265,332.59809372480953,,,none,30.0,45,2,monophasic
Modulated_autosave_20260715_171433_605ms,Ext. digitorum (L),L_The_ED_FD_FCR B,1,0.7942811753594015,8.794281175359401,32.359809372573324,,,none,30.0,50,2,monophasic
Modulated_autosave_20260715_171433_605ms,Ext. digitorum (L),L_The_ED_FD_FCR B,2,33.359809372573324,41.359809372573324,65.71961874514665,,,none,30.0,50,2,monophasic
Modulated_autosave_20260715_171433_605ms,Ext. digitorum (L),L_The_ED_FD_FCR B,3,66.71961874514665,74.71961874514665,99.07942811771997,,,none,30.0,50,2,monophasic
Modulated_autosave_20260715_171433_605ms,Ext. digitorum (L),L_The_ED_FD_FCR B,4,100.07942811771997,108.07942811771997,132.4392374902933,,,none,30.0,50,2,monophasic
Modulated_autosave_20260715_171433_605ms,Ext. digitorum (L),L_The_ED_FD_FCR B,5,133.4392374902933,141.4392374902933,165.79904686287017,,,none,30.0,50,2,monophasic
Modulated_autosave_20260715_171433_605ms,Ext. digitorum (L),L_The_ED_FD_FCR B,6,166.79904686287017,174.79904686287017,199.1588562354435,,,none,30.0,50,2,monophasic
Modulated_autosave_20260715_171433_605ms,Ext. digitorum (L),L_The_ED_FD_FCR B,7,200.1588562354435,208.1588562354435,232.51866560801682,,,none,30.0,50,2,monophasic
Modulated_autosave_20260715_171433_605ms,Ext. digitorum (L),L_The_ED_FD_FCR B,8,233.51866560801682,241.51866560801682,265.87847497965936,,,none,30.0,50,2,monophasic
Modulated_autosave_20260715_171433_605ms,Ext. digitorum (L),L_The_ED_FD_FCR B,9,266.87847497965936,274.87847497965936,299.23828435223265,,,none,30.0,50,2,monophasic
Modulated_autosave_20260715_171433_605ms,Ext. digitorum (L),L_The_ED_FD_FCR B,10,300.23828435223265,308.23828435223265,332.59809372480953,,,none,30.0,50,2,monophasic
Modulated_autosave_20260715_171433_605ms,Ext. digitorum (L),L_The_ED_FD_FCR B,1,0.7942811753594015,8.794281175359401,32.359809372573324,,,none,30.0,55,2,monophasic
Modulated_autosave_20260715_171433_605ms,Ext. digitorum (L),L_The_ED_FD_FCR B,2,33.359809372573324,41.359809372573324,65.71961874514665,,,none,30.0,55,2,monophasic
Modulated_autosave_20260715_171433_605ms,Ext. digitorum (L),L_The_ED_FD_FCR B,3,66.71961874514665,74.71961874514665,99.07942811771997,,,none,30.0,55,2,monophasic
Modulated_autosave_20260715_171433_605ms,Ext. digitorum (L),L_The_ED_FD_FCR B,4,100.07942811771997,108.07942811771997,132.4392374902933,,,none,30.0,55,2,monophasic
Modulated_autosave_20260715_171433_605ms,Ext. digitorum (L),L_The_ED_FD_FCR B,5,133.4392374902933,141.4392374902933,165.79904686287017,,,none,30.0,55,2,monophasic
Modulated_autosave_20260715_171433_605ms,Ext. digitorum (L),L_The_ED_FD_FCR B,6,166.79904686287017,174.79904686287017,199.1588562354435,,,none,30.0,55,2,monophasic
Modulated_autosave_20260715_171433_605ms,Ext. digitorum (L),L_The_ED_FD_FCR B,7,200.1588562354435,208.1588562354435,232.51866560801682,,,none,30.0,55,2,monophasic
Modulated_autosave_20260715_171433_605ms,Ext. digitorum (L),L_The_ED_FD_FCR B,8,233.51866560801682,241.51866560801682,265.87847497965936,,,none,30.0,55,2,monophasic
Modulated_autosave_20260715_171433_605ms,Ext. digitorum (L),L_The_ED_FD_FCR B,9,266.87847497965936,274.87847497965936,299.23828435223265,,,none,30.0,55,2,monophasic
Modulated_autosave_20260715_171433_605ms,Ext. digitorum (L),L_The_ED_FD_FCR B,10,300.23828435223265,308.23828435223265,332.59809372480953,,,none,30.0,55,2,monophasic
Modulated_autosave_20260715_171433_605ms,Ext. digitorum (L),L_The_ED_FD_FCR B,1,0.7942811753594015,8.794281175359401,32.359809372573324,,,none,30.0,60,2,monophasic
Modulated_autosave_20260715_171433_605ms,Ext. digitorum (L),L_The_ED_FD_FCR B,2,33.359809372573324,41.359809372573324,65.71961874514665,,,none,30.0,60,2,monophasic
Modulated_autosave_20260715_171433_605ms,Ext. digitorum (L),L_The_ED_FD_FCR B,3,66.71961874514665,74.71961874514665,99.07942811771997,,,none,30.0,60,2,monophasic
Modulated_autosave_20260715_171433_605ms,Ext. digitorum (L),L_The_ED_FD_FCR B,4,100.07942811771997,108.07942811771997,132.4392374902933,,,none,30.0,60,2,monophasic
Modulated_autosave_20260715_171433_605ms,Ext. digitorum (L),L_The_ED_FD_FCR B,5,133.4392374902933,141.4392374902933,165.79904686287017,,,none,30.0,60,2,monophasic
Modulated_autosave_20260715_171433_605ms,Ext. digitorum (L),L_The_ED_FD_FCR B,6,166.79904686287017,174.79904686287017,199.1588562354435,,,none,30.0,60,2,monophasic
Modulated_autosave_20260715_171433_605ms,Ext. digitorum (L),L_The_ED_FD_FCR B,7,200.1588562354435,208.1588562354435,232.51866560801682,,,none,30.0,60,2,monophasic
Modulated_autosave_20260715_171433_605ms,Ext. digitorum (L),L_The_ED_FD_FCR B,8,233.51866560801682,241.51866560801682,265.87847497965936,,,none,30.0,60,2,monophasic
Modulated_autosave_20260715_171433_605ms,Ext. digitorum (L),L_The_ED_FD_FCR B,9,266.87847497965936,274.87847497965936,299.23828435223265,,,none,30.0,60,2,monophasic
Modulated_autosave_20260715_171433_605ms,Ext. digitorum (L),L_The_ED_FD_FCR B,10,300.23828435223265,308.23828435223265,332.59809372480953,,,none,30.0,60,2,monophasic
Modulated_autosave_20260715_171433_605ms,Ext. digitorum (L),L_The_ED_FD_FCR B,1,0.7942811753594015,8.794281175359401,32.359809372573324,,,none,30.0,65,2,monophasic
Modulated_autosave_20260715_171433_605ms,Ext. digitorum (L),L_The_ED_FD_FCR B,2,33.359809372573324,41.359809372573324,65.71961874514665,,,none,30.0,65,2,monophasic
Modulated_autosave_20260715_171433_605ms,Ext. digitorum (L),L_The_ED_FD_FCR B,3,66.71961874514665,74.71961874514665,99.07942811771997,,,none,30.0,65,2,monophasic
Modulated_autosave_20260715_171433_605ms,Ext. digitorum (L),L_The_ED_FD_FCR B,4,100.07942811771997,108.07942811771997,132.4392374902933,,,none,30.0,65,2,monophasic
Modulated_autosave_20260715_171433_605ms,Ext. digitorum (L),L_The_ED_FD_FCR B,5,133.4392374902933,141.4392374902933,165.79904686287017,,,none,30.0,65,2,monophasic
Modulated_autosave_20260715_171433_605ms,Ext. digitorum (L),L_The_ED_FD_FCR B,6,166.79904686287017,174.79904686287017,199.1588562354435,,,none,30.0,65,2,monophasic
Modulated_autosave_20260715_171433_605ms,Ext. digitorum (L),L_The_ED_FD_FCR B,7,200.1588562354435,208.1588562354435,232.51866560801682,,,none,30.0,65,2,monophasic
Modulated_autosave_20260715_171433_605ms,Ext. digitorum (L),L_The_ED_FD_FCR B,8,233.51866560801682,241.51866560801682,265.87847497965936,,,none,30.0,65,2,monophasic
Modulated_autosave_20260715_171433_605ms,Ext. digitorum (L),L_The_ED_FD_FCR B,9,266.87847497965936,274.87847497965936,299.23828435223265,,,none,30.0,65,2,monophasic
Modulated_autosave_20260715_171433_605ms,Ext. digitorum (L),L_The_ED_FD_FCR B,10,300.23828435223265,308.23828435223265,332.59809372480953,,,none,30.0,65,2,monophasic
Modulated_autosave_20260715_171433_605ms,Ext. digitorum (L),L_The_ED_FD_FCR B,1,0.7942811753594015,8.794281175359401,32.359809372573324,,,none,30.0,70,2,monophasic
Modulated_autosave_20260715_171433_605ms,Ext. digitorum (L),L_The_ED_FD_FCR B,2,33.359809372573324,41.359809372573324,65.71961874514665,,,none,30.0,70,2,monophasic
Modulated_autosave_20260715_171433_605ms,Ext. digitorum (L),L_The_ED_FD_FCR B,3,66.71961874514665,74.71961874514665,99.07942811771997,,,none,30.0,70,2,monophasic
Modulated_autosave_20260715_171433_605ms,Ext. digitorum (L),L_The_ED_FD_FCR B,4,100.07942811771997,108.07942811771997,132.4392374902933,,,none,30.0,70,2,monophasic
Modulated_autosave_20260715_171433_605ms,Ext. digitorum (L),L_The_ED_FD_FCR B,5,133.4392374902933,141.4392374902933,165.79904686287017,,,none,30.0,70,2,monophasic
Modulated_autosave_20260715_171433_605ms,Ext. digitorum (L),L_The_ED_FD_FCR B,6,166.79904686287017,174.79904686287017,199.1588562354435,,,none,30.0,70,2,monophasic
Modulated_autosave_20260715_171433_605ms,Ext. digitorum (L),L_The_ED_FD_FCR B,7,200.1588562354435,208.1588562354435,232.51866560801682,,,none,30.0,70,2,monophasic
Modulated_autosave_20260715_171433_605ms,Ext. digitorum (L),L_The_ED_FD_FCR B,8,233.51866560801682,241.51866560801682,265.87847497965936,,,none,30.0,70,2,monophasic
Modulated_autosave_20260715_171433_605ms,Ext. digitorum (L),L_The_ED_FD_FCR B,9,266.87847497965936,274.87847497965936,299.23828435223265,,,none,30.0,70,2,monophasic
Modulated_autosave_20260715_171433_605ms,Ext. digitorum (L),L_The_ED_FD_FCR B,10,300.23828435223265,308.23828435223265,332.59809372480953,,,none,30.0,70,2,monophasic
Modulated_autosave_20260715_171433_605ms,Ext. digitorum (L),L_The_ED_FD_FCR B,1,0.7942811753594015,8.794281175359401,32.359809372573324,0.06797894462943077,0.06797894462943077,none,30.0,75,2,monophasic
Modulated_autosave_20260715_171433_605ms,Ext. digitorum (L),L_The_ED_FD_FCR B,2,33.359809372573324,41.359809372573324,65.71961874514665,0.0023498893715441227,0.0023498893715441227,none,30.0,75,2,monophasic
Modulated_autosave_20260715_171433_605ms,Ext. digitorum (L),L_The_ED_FD_FCR B,3,66.71961874514665,74.71961874514665,99.07942811771997,,,none,30.0,75,2,monophasic
Modulated_autosave_20260715_171433_605ms,Ext. digitorum (L),L_The_ED_FD_FCR B,4,100.07942811771997,108.07942811771997,132.4392374902933,0.09466697089374065,0.09466697089374065,none,30.0,75,2,monophasic
Modulated_autosave_20260715_171433_605ms,Ext. digitorum (L),L_The_ED_FD_FCR B,5,133.4392374902933,141.4392374902933,165.79904686287017,0.0016784926410764456,0.0016784926410764456,none,30.0,75,2,monophasic
Modulated_autosave_20260715_171433_605ms,Ext. digitorum (L),L_The_ED_FD_FCR B,6,166.79904686287017,174.79904686287017,199.1588562354435,,,none,30.0,75,2,monophasic
Modulated_autosave_20260715_171433_605ms,Ext. digitorum (L),L_The_ED_FD_FCR B,7,200.1588562354435,208.1588562354435,232.51866560801682,0.08778515271606438,0.08778515271606438,none,30.0,75,2,monophasic
Modulated_autosave_20260715_171433_605ms,Ext. digitorum (L),L_The_ED_FD_FCR B,8,233.51866560801682,241.51866560801682,265.87847497965936,0.0020141908898829502,0.0020141908898829502,none,30.0,75,2,monophasic
Modulated_autosave_20260715_171433_605ms,Ext. digitorum (L),L_The_ED_FD_FCR B,9,266.87847497965936,274.87847497965936,299.23828435223265,0.09063858911355553,0.09063858911355553,none,30.0,75,2,monophasic
Modulated_autosave_20260715_171433_605ms,Ext. digitorum (L),L_The_ED_FD_FCR B,10,300.23828435223265,308.23828435223265,332.59809372480953,0.08963149406615943,0.08963149406615943,none,30.0,75,2,monophasic
Modulated_autosave_20260715_171433_605ms,Ext. digitorum (L),L_The_ED_FD_FCR B,1,0.7942811753594015,8.794281175359401,32.359809372573324,0.0720073264092207,0.0720073264092207,none,30.0,80,2,monophasic
Modulated_autosave_20260715_171433_605ms,Ext. digitorum (L),L_The_ED_FD_FCR B,2,33.359809372573324,41.359809372573324,65.71961874514665,,,none,30.0,80,2,monophasic
Modulated_autosave_20260715_171433_605ms,Ext. digitorum (L),L_The_ED_FD_FCR B,3,66.71961874514665,74.71961874514665,99.07942811771997,0.07083237729482697,0.07083237729482697,none,30.0,80,2,monophasic
Modulated_autosave_20260715_171433_605ms,Ext. digitorum (L),L_The_ED_FD_FCR B,4,100.07942811771997,108.07942811771997,132.4392374902933,0.08896009810229388,0.08896009810229388,none,30.0,80,2,monophasic
Modulated_autosave_20260715_171433_605ms,Ext. digitorum (L),L_The_ED_FD_FCR B,5,133.4392374902933,141.4392374902933,165.79904686287017,,,none,30.0,80,2,monophasic
Modulated_autosave_20260715_171433_605ms,Ext. digitorum (L),L_The_ED_FD_FCR B,6,166.79904686287017,174.79904686287017,199.1588562354435,,,none,30.0,80,2,monophasic
Modulated_autosave_20260715_171433_605ms,Ext. digitorum (L),L_The_ED_FD_FCR B,7,200.1588562354435,208.1588562354435,232.51866560801682,,,none,30.0,80,2,monophasic
Modulated_autosave_20260715_171433_605ms,Ext. digitorum (L),L_The_ED_FD_FCR B,8,233.51866560801682,241.51866560801682,265.87847497965936,,,none,30.0,80,2,monophasic
Modulated_autosave_20260715_171433_605ms,Ext. digitorum (L),L_The_ED_FD_FCR B,9,266.87847497965936,274.87847497965936,299.23828435223265,0.07754634693262326,0.07754634693262326,none,30.0,80,2,monophasic
Modulated_autosave_20260715_171433_605ms,Ext. digitorum (L),L_The_ED_FD_FCR B,10,300.23828435223265,308.23828435223265,332.59809372480953,0.07251087017340954,0.07251087017340954,none,30.0,80,2,monophasic
Modulated_autosave_20260715_171433_605ms,Ext. digitorum (L),L_The_ED_FD_FCR B,1,0.7942811753594015,8.794281175359401,32.359809372573324,0.0866102110594511,0.0866102110594511,none,30.0,85,2,monophasic
Modulated_autosave_20260715_171433_605ms,Ext. digitorum (L),L_The_ED_FD_FCR B,2,33.359809372573324,41.359809372573324,65.71961874514665,0.05857938341796398,0.05857938341796398,none,30.0,85,2,monophasic
Modulated_autosave_20260715_171433_605ms,Ext. digitorum (L),L_The_ED_FD_FCR B,3,66.71961874514665,74.71961874514665,99.07942811771997,0.08526741340756416,0.08526741340756416,none,30.0,85,2,monophasic
Modulated_autosave_20260715_171433_605ms,Ext. digitorum (L),L_The_ED_FD_FCR B,4,100.07942811771997,108.07942811771997,132.4392374902933,0.06428625807163922,0.06428625807163922,none,30.0,85,2,monophasic
Modulated_autosave_20260715_171433_605ms,Ext. digitorum (L),L_The_ED_FD_FCR B,5,133.4392374902933,141.4392374902933,165.79904686287017,0.08224612660668655,0.08224612660668655,none,30.0,85,2,monophasic
Modulated_autosave_20260715_171433_605ms,Ext. digitorum (L),L_The_ED_FD_FCR B,6,166.79904686287017,174.79904686287017,199.1588562354435,0.07486076092400498,0.07486076092400498,none,30.0,85,2,monophasic
Modulated_autosave_20260715_171433_605ms,Ext. digitorum (L),L_The_ED_FD_FCR B,7,200.1588562354435,208.1588562354435,232.51866560801682,0.0710002277046442,0.0710002277046442,none,30.0,85,2,monophasic
Modulated_autosave_20260715_171433_605ms,Ext. digitorum (L),L_The_ED_FD_FCR B,8,233.51866560801682,241.51866560801682,265.87847497965936,0.08342107384813612,0.08342107384813612,none,30.0,85,2,monophasic
Modulated_autosave_20260715_171433_605ms,Ext. digitorum (L),L_The_ED_FD_FCR B,9,266.87847497965936,274.87847497965936,299.23828435223265,,,none,30.0,85,2,monophasic
Modulated_autosave_20260715_171433_605ms,Ext. digitorum (L),L_The_ED_FD_FCR B,10,300.23828435223265,308.23828435223265,332.59809372480953,0.07519645988924854,0.07519645988924854,none,30.0,85,2,monophasic
Modulated_autosave_20260715_171433_605ms,Ext. digitorum (L),L_The_ED_FD_FCR B,1,0.7942811753594015,8.794281175359401,32.359809372573324,0.0718394760042429,0.0718394760042429,none,30.0,90,2,monophasic
Modulated_autosave_20260715_171433_605ms,Ext. digitorum (L),L_The_ED_FD_FCR B,2,33.359809372573324,41.359809372573324,65.71961874514665,0.06713969632983208,0.06713969632983208,none,30.0,90,2,monophasic
Modulated_autosave_20260715_171433_605ms,Ext. digitorum (L),L_The_ED_FD_FCR B,3,66.71961874514665,74.71961874514665,99.07942811771997,0.07586785592138767,0.07586785592138767,none,30.0,90,2,monophasic
Modulated_autosave_20260715_171433_605ms,Ext. digitorum (L),L_The_ED_FD_FCR B,4,100.07942811771997,108.07942811771997,132.4392374902933,0.08258182741662262,0.08258182741662262,none,30.0,90,2,monophasic
Modulated_autosave_20260715_171433_605ms,Ext. digitorum (L),L_The_ED_FD_FCR B,5,133.4392374902933,141.4392374902933,165.79904686287017,0.06512550450838331,0.06512550450838331,none,30.0,90,2,monophasic
Modulated_autosave_20260715_171433_605ms,Ext. digitorum (L),L_The_ED_FD_FCR B,6,166.79904686287017,174.79904686287017,199.1588562354435,0.08392462132669638,0.08392462132669638,none,30.0,90,2,monophasic
Modulated_autosave_20260715_171433_605ms,Ext. digitorum (L),L_The_ED_FD_FCR B,7,200.1588562354435,208.1588562354435,232.51866560801682,0.06713969446679352,0.06713969446679352,none,30.0,90,2,monophasic
Modulated_autosave_20260715_171433_605ms,Ext. digitorum (L),L_The_ED_FD_FCR B,8,233.51866560801682,241.51866560801682,265.87847497965936,0.08476386404394308,0.08476386404394308,none,30.0,90,2,monophasic
Modulated_autosave_20260715_171433_605ms,Ext. digitorum (L),L_The_ED_FD_FCR B,9,266.87847497965936,274.87847497965936,299.23828435223265,0.07100022956723123,0.07100022956723123,none,30.0,90,2,monophasic
Modulated_autosave_20260715_171433_605ms,Ext. digitorum (L),L_The_ED_FD_FCR B,10,300.23828435223265,308.23828435223265,332.59809372480953,0.06932173483061793,0.06932173483061793,none,30.0,90,2,monophasic
Modulated_autosave_20260715_171433_605ms,Ext. digitorum (L),L_The_ED_FD_FCR B,1,0.7942811753594015,8.794281175359401,32.359809372573324,0.0725108701735735,0.0725108701735735,none,30.0,95,2,monophasic
Modulated_autosave_20260715_171433_605ms,Ext. digitorum (L),L_The_ED_FD_FCR B,2,33.359809372573324,41.359809372573324,65.71961874514665,0.06747539341449738,0.06747539341449738,none,30.0,95,2,monophasic
Modulated_autosave_20260715_171433_605ms,Ext. digitorum (L),L_The_ED_FD_FCR B,3,66.71961874514665,74.71961874514665,99.07942811771997,0.07653925381563317,0.07653925381563317,none,30.0,95,2,monophasic
Modulated_autosave_20260715_171433_605ms,Ext. digitorum (L),L_The_ED_FD_FCR B,4,100.07942811771997,108.07942811771997,132.4392374902933,0.08258182741432829,0.08258182741432829,none,30.0,95,2,monophasic
Modulated_autosave_20260715_171433_605ms,Ext. digitorum (L),L_The_ED_FD_FCR B,5,133.4392374902933,141.4392374902933,165.79904686287017,0.06646829843368637,0.06646829843368637,none,30.0,95,2,monophasic
Modulated_autosave_20260715_171433_605ms,Ext. digitorum (L),L_The_ED_FD_FCR B,6,166.79904686287017,174.79904686287017,199.1588562354435,0.08107118308367128,0.08107118308367128,none,30.0,95,2,monophasic
Modulated_autosave_20260715_171433_605ms,Ext. digitorum (L),L_The_ED_FD_FCR B,7,200.1588562354435,208.1588562354435,232.51866560801682,0.06915388628132323,0.06915388628132323,none,30.0,95,2,monophasic
Modulated_autosave_20260715_171433_605ms,Ext. digitorum (L),L_The_ED_FD_FCR B,8,233.51866560801682,241.51866560801682,265.87847497965936,0.07553215696456575,0.07553215696456575,none,30.0,95,2,monophasic
Modulated_autosave_20260715_171433_605ms,Ext. digitorum (L),L_The_ED_FD_FCR B,9,266.87847497965936,274.87847497965936,299.23828435223265,0.05841153487548034,0.05841153487548034,none,30.0,95,2,monophasic
Modulated_autosave_20260715_171433_605ms,Ext. digitorum (L),L_The_ED_FD_FCR B,10,300.23828435223265,308.23828435223265,332.59809372480953,0.055390251800191345,0.055390251800191345,none,30.0,95,2,monophasic
Modulated_autosave_20260715_171433_605ms,Ext. digitorum (L),L_The_ED_FD_FCR B,1,0.7942811753594015,8.794281175359401,32.359809372573324,0.057907987385988235,0.057907987385988235,none,30.0,100,2,monophasic
Modulated_autosave_20260715_171433_605ms,Ext. digitorum (L),L_The_ED_FD_FCR B,2,33.359809372573324,41.359809372573324,65.71961874514665,0.09147783739230572,0.09147783739230572,none,30.0,100,2,monophasic
Modulated_autosave_20260715_171433_605ms,Ext. digitorum (L),L_The_ED_FD_FCR B,3,66.71961874514665,74.71961874514665,99.07942811771997,0.0728465690355157,0.0728465690355157,none,30.0,100,2,monophasic
Modulated_autosave_20260715_171433_605ms,Ext. digitorum (L),L_The_ED_FD_FCR B,4,100.07942811771997,108.07942811771997,132.4392374902933,0.08392461760148717,0.08392461760148717,none,30.0,100,2,monophasic
Modulated_autosave_20260715_171433_605ms,Ext. digitorum (L),L_The_ED_FD_FCR B,5,133.4392374902933,141.4392374902933,165.79904686287017,0.08828870194863829,0.08828870194863829,none,30.0,100,2,monophasic
Modulated_autosave_20260715_171433_605ms,Ext. digitorum (L),L_The_ED_FD_FCR B,6,166.79904686287017,174.79904686287017,199.1588562354435,0.09282062936872526,0.09282062936872526,none,30.0,100,2,monophasic
Modulated_autosave_20260715_171433_605ms,Ext. digitorum (L),L_The_ED_FD_FCR B,7,200.1588562354435,208.1588562354435,232.51866560801682,0.09164568398859199,0.09164568398859199,none,30.0,100,2,monophasic
Modulated_autosave_20260715_171433_605ms,Ext. digitorum (L),L_The_ED_FD_FCR B,8,233.51866560801682,241.51866560801682,265.87847497965936,0.08157473047912311,0.08157473047912311,none,30.0,100,2,monophasic
Modulated_autosave_20260715_171433_605ms,Ext. digitorum (L),L_The_ED_FD_FCR B,9,266.87847497965936,274.87847497965936,299.23828435223265,0.08879224583463984,0.08879224583463984,none,30.0,100,2,monophasic
Modulated_autosave_20260715_171433_605ms,Ext. digitorum (L),L_The_ED_FD_FCR B,10,300.23828435223265,308.23828435223265,332.59809372480953,0.07435721531493299,0.07435721531493299,none,30.0,100,2,monophasic
Modulated_autosave_20260715_171433_605ms,Ext. digitorum (L),L_The_ED_FD_FCR B,1,0.7942811753594015,8.794281175359401,32.359809372573324,0.08426032029092312,0.08426032029092312,none,30.0,105,2,monophasic
Modulated_autosave_20260715_171433_605ms,Ext. digitorum (L),L_The_ED_FD_FCR B,2,33.359809372573324,41.359809372573324,65.71961874514665,0.08862439915537834,0.08862439915537834,none,30.0,105,2,monophasic
Modulated_autosave_20260715_171433_605ms,Ext. digitorum (L),L_The_ED_FD_FCR B,3,66.71961874514665,74.71961874514665,99.07942811771997,0.06411841139185788,0.06411841139185788,none,30.0,105,2,monophasic
Modulated_autosave_20260715_171433_605ms,Ext. digitorum (L),L_The_ED_FD_FCR B,4,100.07942811771997,108.07942811771997,132.4392374902933,0.08392462134345877,0.08392462134345877,none,30.0,105,2,monophasic
Modulated_autosave_20260715_171433_605ms,Ext. digitorum (L),L_The_ED_FD_FCR B,5,133.4392374902933,141.4392374902933,165.79904686287017,0.07519645980237849,0.07519645980237849,none,30.0,105,2,monophasic
Modulated_autosave_20260715_171433_605ms,Ext. digitorum (L),L_The_ED_FD_FCR B,6,166.79904686287017,174.79904686287017,199.1588562354435,0.06193637098023156,0.06193637098023156,none,30.0,105,2,monophasic
Modulated_autosave_20260715_171433_605ms,Ext. digitorum (L),L_The_ED_FD_FCR B,7,200.1588562354435,208.1588562354435,232.51866560801682,0.07536431026369461,0.07536431026369461,none,30.0,105,2,monophasic
Modulated_autosave_20260715_171433_605ms,Ext. digitorum (L),L_The_ED_FD_FCR B,8,233.51866560801682,241.51866560801682,265.87847497965936,0.07385366405885992,0.07385366405885992,none,30.0,105,2,monophasic
Modulated_autosave_20260715_171433_605ms,Ext. digitorum (L),L_The_ED_FD_FCR B,9,266.87847497965936,274.87847497965936,299.23828435223265,0.06881818920343381,0.06881818920343381,none,30.0,105,2,monophasic
Modulated_autosave_20260715_171433_605ms,Ext. digitorum (L),L_The_ED_FD_FCR B,10,300.23828435223265,308.23828435223265,332.59809372480953,0.07687494903741207,0.07687494903741207,none,30.0,105,2,monophasic
Modulated_autosave_20260715_171433_605ms,Ext. digitorum (L),L_The_ED_FD_FCR B,1,0.7942811753594015,8.794281175359401,32.359809372573324,,,none,30.0,110,2,monophasic
Modulated_autosave_20260715_171433_605ms,Ext. digitorum (L),L_The_ED_FD_FCR B,2,33.359809372573324,41.359809372573324,65.71961874514665,0.09634546563029289,0.09634546563029289,none,30.0,110,2,monophasic
Modulated_autosave_20260715_171433_605ms,Ext. digitorum (L),L_The_ED_FD_FCR B,3,66.71961874514665,74.71961874514665,99.07942811771997,0.0731822699306496,0.0731822699306496,none,30.0,110,2,monophasic
Modulated_autosave_20260715_171433_605ms,Ext. digitorum (L),L_The_ED_FD_FCR B,4,100.07942811771997,108.07942811771997,132.4392374902933,0.09735256060914214,0.09735256060914214,none,30.0,110,2,monophasic
Modulated_autosave_20260715_171433_605ms,Ext. digitorum (L),L_The_ED_FD_FCR B,5,133.4392374902933,141.4392374902933,165.79904686287017,0.0971847101509402,0.0971847101509402,none,30.0,110,2,monophasic
Modulated_autosave_20260715_171433_605ms,Ext. digitorum (L),L_The_ED_FD_FCR B,6,166.79904686287017,174.79904686287017,199.1588562354435,0.07687495268817923,0.07687495268817923,none,30.0,110,2,monophasic
Modulated_autosave_20260715_171433_605ms,Ext. digitorum (L),L_The_ED_FD_FCR B,7,200.1588562354435,208.1588562354435,232.51866560801682,0.09718471009592848,0.09718471009592848,none,30.0,110,2,monophasic
Modulated_autosave_20260715_171433_605ms,Ext. digitorum (L),L_The_ED_FD_FCR B,8,233.51866560801682,241.51866560801682,265.87847497965936,0.0891279465814765,0.0891279465814765,none,30.0,110,2,monophasic
Modulated_autosave_20260715_171433_605ms,Ext. digitorum (L),L_The_ED_FD_FCR B,9,266.87847497965936,274.87847497965936,299.23828435223265,0.057068742794304086,0.057068742794304086,none,30.0,110,2,monophasic
Modulated_autosave_20260715_171433_605ms,Ext. digitorum (L),L_The_ED_FD_FCR B,10,300.23828435223265,308.23828435223265,332.59809372480953,0.07956053687122361,0.07956053687122361,none,30.0,110,2,monophasic
Modulated_autosave_20260715_171433_605ms,Ext. digitorum (L),L_The_ED_FD_FCR B,1,0.7942811753594015,8.794281175359401,32.359809372573324,0.07418936491012573,0.07418936491012573,none,30.0,115,2,monophasic
Modulated_autosave_20260715_171433_605ms,Ext. digitorum (L),L_The_ED_FD_FCR B,2,33.359809372573324,41.359809372573324,65.71961874514665,0.10104524344205856,0.10104524344205856,none,30.0,115,2,monophasic
Modulated_autosave_20260715_171433_605ms,Ext. digitorum (L),L_The_ED_FD_FCR B,3,66.71961874514665,74.71961874514665,99.07942811771997,0.08560311417778615,0.08560311417778615,none,30.0,115,2,monophasic
Modulated_autosave_20260715_171433_605ms,Ext. digitorum (L),L_The_ED_FD_FCR B,4,100.07942811771997,108.07942811771997,132.4392374902933,0.10305943337068885,0.10305943337068885,none,30.0,115,2,monophasic
Modulated_autosave_20260715_171433_605ms,Ext. digitorum (L),L_The_ED_FD_FCR B,5,133.4392374902933,141.4392374902933,165.79904686287017,0.0963454618473692,0.0963454618473692,none,30.0,115,2,monophasic
Modulated_autosave_20260715_171433_605ms,Ext. digitorum (L),L_The_ED_FD_FCR B,6,166.79904686287017,174.79904686287017,199.1588562354435,0.07989623761305553,0.07989623761305553,none,30.0,115,2,monophasic
Modulated_autosave_20260715_171433_605ms,Ext. digitorum (L),L_The_ED_FD_FCR B,7,200.1588562354435,208.1588562354435,232.51866560801682,0.0916456839937062,0.0916456839937062,none,30.0,115,2,monophasic
Modulated_autosave_20260715_171433_605ms,Ext. digitorum (L),L_The_ED_FD_FCR B,8,233.51866560801682,241.51866560801682,265.87847497965936,0.07318226800403832,0.07318226800403832,none,30.0,115,2,monophasic
Modulated_autosave_20260715_171433_605ms,Ext. digitorum (L),L_The_ED_FD_FCR B,9,266.87847497965936,274.87847497965936,299.23828435223265,0.08056763559579833,0.08056763559579833,none,30.0,115,2,monophasic
Modulated_autosave_20260715_171433_605ms,Ext. digitorum (L),L_The_ED_FD_FCR B,10,300.23828435223265,308.23828435223265,332.59809372480953,0.09903104975810878,0.09903104975810878,none,30.0,115,2,monophasic
Modulated_autosave_20260715_171433_605ms,Ext. digitorum (L),L_The_ED_FD_FCR B,1,0.7942811753594015,8.794281175359401,32.359809372573324,0.10926985740661621,0.10926985740661621,none,30.0,120,2,monophasic
Modulated_autosave_20260715_171433_605ms,Ext. digitorum (L),L_The_ED_FD_FCR B,2,33.359809372573324,41.359809372573324,65.71961874514665,0.09634546563029289,0.09634546563029289,none,30.0,120,2,monophasic
Modulated_autosave_20260715_171433_605ms,Ext. digitorum (L),L_The_ED_FD_FCR B,3,66.71961874514665,74.71961874514665,99.07942811771997,0.09097428992390633,0.09097428992390633,none,30.0,120,2,monophasic
Modulated_autosave_20260715_171433_605ms,Ext. digitorum (L),L_The_ED_FD_FCR B,4,100.07942811771997,108.07942811771997,132.4392374902933,0.07956054058528939,0.07956054058528939,none,30.0,120,2,monophasic
Modulated_autosave_20260715_171433_605ms,Ext. digitorum (L),L_The_ED_FD_FCR B,5,133.4392374902933,141.4392374902933,165.79904686287017,0.08459601549969747,0.08459601549969747,none,30.0,120,2,monophasic
Modulated_autosave_20260715_171433_605ms,Ext. digitorum (L),L_The_ED_FD_FCR B,6,166.79904686287017,174.79904686287017,199.1588562354435,0.08677805956323034,0.08677805956323034,none,30.0,120,2,monophasic
Modulated_autosave_20260715_171433_605ms,Ext. digitorum (L),L_The_ED_FD_FCR B,7,200.1588562354435,208.1588562354435,232.51866560801682,0.0839246212731937,0.0839246212731937,none,30.0,120,2,monophasic
Modulated_autosave_20260715_171433_605ms,Ext. digitorum (L),L_The_ED_FD_FCR B,8,233.51866560801682,241.51866560801682,265.87847497965936,0.08627451201688931,0.08627451201688931,none,30.0,120,2,monophasic
Modulated_autosave_20260715_171433_605ms,Ext. digitorum (L),L_The_ED_FD_FCR B,9,266.87847497965936,274.87847497965936,299.23828435223265,0.09365987772378762,0.09365987772378762,none,30.0,120,2,monophasic
Modulated_autosave_20260715_171433_605ms,Ext. digitorum (L),L_The_ED_FD_FCR B,10,300.23828435223265,308.23828435223265,332.59809372480953,0.07418936490997793,0.07418936490997793,none,30.0,120,2,monophasic
Modulated_autosave_20260715_171433_605ms,Ext. digitorum (L),L_The_ED_FD_FCR B,1,0.7942811753594015,8.794281175359401,32.359809372573324,0.08224612846970558,0.08224612846970558,none,30.0,125,2,monophasic
Modulated_autosave_20260715_171433_605ms,Ext. digitorum (L),L_The_ED_FD_FCR B,2,33.359809372573324,41.359809372573324,65.71961874514665,0.08056763559579849,0.08056763559579849,none,30.0,125,2,monophasic
Modulated_autosave_20260715_171433_605ms,Ext. digitorum (L),L_The_ED_FD_FCR B,3,66.71961874514665,74.71961874514665,99.07942811771997,0.09701685979958896,0.09701685979958896,none,30.0,125,2,monophasic
Modulated_autosave_20260715_171433_605ms,Ext. digitorum (L),L_The_ED_FD_FCR B,4,100.07942811771997,108.07942811771997,132.4392374902933,0.08661020919652666,0.08661020919652666,none,30.0,125,2,monophasic
Modulated_autosave_20260715_171433_605ms,Ext. digitorum (L),L_The_ED_FD_FCR B,5,133.4392374902933,141.4392374902933,165.79904686287017,0.0866102053932842,0.0866102053932842,none,30.0,125,2,monophasic
Modulated_autosave_20260715_171433_605ms,Ext. digitorum (L),L_The_ED_FD_FCR B,6,166.79904686287017,174.79904686287017,199.1588562354435,0.08761730408364266,0.08761730408364266,none,30.0,125,2,monophasic
Modulated_autosave_20260715_171433_605ms,Ext. digitorum (L),L_The_ED_FD_FCR B,7,200.1588562354435,208.1588562354435,232.51866560801682,0.07284656905911982,0.07284656905911982,none,30.0,125,2,monophasic
Modulated_autosave_20260715_171433_605ms,Ext. digitorum (L),L_The_ED_FD_FCR B,8,233.51866560801682,241.51866560801682,265.87847497965936,0.08661020538520971,0.08661020538520971,none,30.0,125,2,monophasic
Modulated_autosave_20260715_171433_605ms,Ext. digitorum (L),L_The_ED_FD_FCR B,9,266.87847497965936,274.87847497965936,299.23828435223265,0.07922483976390712,0.07922483976390712,none,30.0,125,2,monophasic
Modulated_autosave_20260715_171433_605ms,Ext. digitorum (L),L_The_ED_FD_FCR B,10,300.23828435223265,308.23828435223265,332.59809372480953,0.08761730231310866,0.08761730231310866,none,30.0,125,2,monophasic
Modulated_autosave_20260715_171433_605ms,Flex. digitorum (L),L_The_ED_FD_FCR C,1,0.7942811753594015,8.794281175359401,32.359809372573324,,,none,30.0,30,2,monophasic
Modulated_autosave_20260715_171433_605ms,Flex. digitorum (L),L_The_ED_FD_FCR C,2,33.359809372573324,41.359809372573324,65.71961874514665,,,none,30.0,30,2,monophasic
Modulated_autosave_20260715_171433_605ms,Flex. digitorum (L),L_The_ED_FD_FCR C,3,66.71961874514665,74.71961874514665,99.07942811771997,,,none,30.0,30,2,monophasic
Modulated_autosave_20260715_171433_605ms,Flex. digitorum (L),L_The_ED_FD_FCR C,4,100.07942811771997,108.07942811771997,132.4392374902933,,,none,30.0,30,2,monophasic
Modulated_autosave_20260715_171433_605ms,Flex. digitorum (L),L_The_ED_FD_FCR C,5,133.4392374902933,141.4392374902933,165.79904686287017,,,none,30.0,30,2,monophasic
Modulated_autosave_20260715_171433_605ms,Flex. digitorum (L),L_The_ED_FD_FCR C,6,166.79904686287017,174.79904686287017,199.1588562354435,,,none,30.0,30,2,monophasic
Modulated_autosave_20260715_171433_605ms,Flex. digitorum (L),L_The_ED_FD_FCR C,7,200.1588562354435,208.1588562354435,232.51866560801682,,,none,30.0,30,2,monophasic
Modulated_autosave_20260715_171433_605ms,Flex. digitorum (L),L_The_ED_FD_FCR C,8,233.51866560801682,241.51866560801682,265.87847497965936,,,none,30.0,30,2,monophasic
Modulated_autosave_20260715_171433_605ms,Flex. digitorum (L),L_The_ED_FD_FCR C,9,266.87847497965936,274.87847497965936,299.23828435223265,,,none,30.0,30,2,monophasic
Modulated_autosave_20260715_171433_605ms,Flex. digitorum (L),L_The_ED_FD_FCR C,10,300.23828435223265,308.23828435223265,332.59809372480953,,,none,30.0,30,2,monophasic
Modulated_autosave_20260715_171433_605ms,Flex. digitorum (L),L_The_ED_FD_FCR C,1,0.7942811753594015,8.794281175359401,32.359809372573324,,,none,30.0,35,2,monophasic
Modulated_autosave_20260715_171433_605ms,Flex. digitorum (L),L_The_ED_FD_FCR C,2,33.359809372573324,41.359809372573324,65.71961874514665,,,none,30.0,35,2,monophasic
Modulated_autosave_20260715_171433_605ms,Flex. digitorum (L),L_The_ED_FD_FCR C,3,66.71961874514665,74.71961874514665,99.07942811771997,,,none,30.0,35,2,monophasic
Modulated_autosave_20260715_171433_605ms,Flex. digitorum (L),L_The_ED_FD_FCR C,4,100.07942811771997,108.07942811771997,132.4392374902933,,,none,30.0,35,2,monophasic
Modulated_autosave_20260715_171433_605ms,Flex. digitorum (L),L_The_ED_FD_FCR C,5,133.4392374902933,141.4392374902933,165.79904686287017,,,none,30.0,35,2,monophasic
Modulated_autosave_20260715_171433_605ms,Flex. digitorum (L),L_The_ED_FD_FCR C,6,166.79904686287017,174.79904686287017,199.1588562354435,,,none,30.0,35,2,monophasic
Modulated_autosave_20260715_171433_605ms,Flex. digitorum (L),L_The_ED_FD_FCR C,7,200.1588562354435,208.1588562354435,232.51866560801682,,,none,30.0,35,2,monophasic
Modulated_autosave_20260715_171433_605ms,Flex. digitorum (L),L_The_ED_FD_FCR C,8,233.51866560801682,241.51866560801682,265.87847497965936,,,none,30.0,35,2,monophasic
Modulated_autosave_20260715_171433_605ms,Flex. digitorum (L),L_The_ED_FD_FCR C,9,266.87847497965936,274.87847497965936,299.23828435223265,,,none,30.0,35,2,monophasic
Modulated_autosave_20260715_171433_605ms,Flex. digitorum (L),L_The_ED_FD_FCR C,10,300.23828435223265,308.23828435223265,332.59809372480953,,,none,30.0,35,2,monophasic
Modulated_autosave_20260715_171433_605ms,Flex. digitorum (L),L_The_ED_FD_FCR C,1,0.7942811753594015,8.794281175359401,32.359809372573324,,,none,30.0,40,2,monophasic
Modulated_autosave_20260715_171433_605ms,Flex. digitorum (L),L_The_ED_FD_FCR C,2,33.359809372573324,41.359809372573324,65.71961874514665,,,none,30.0,40,2,monophasic
Modulated_autosave_20260715_171433_605ms,Flex. digitorum (L),L_The_ED_FD_FCR C,3,66.71961874514665,74.71961874514665,99.07942811771997,,,none,30.0,40,2,monophasic
Modulated_autosave_20260715_171433_605ms,Flex. digitorum (L),L_The_ED_FD_FCR C,4,100.07942811771997,108.07942811771997,132.4392374902933,,,none,30.0,40,2,monophasic
Modulated_autosave_20260715_171433_605ms,Flex. digitorum (L),L_The_ED_FD_FCR C,5,133.4392374902933,141.4392374902933,165.79904686287017,,,none,30.0,40,2,monophasic
Modulated_autosave_20260715_171433_605ms,Flex. digitorum (L),L_The_ED_FD_FCR C,6,166.79904686287017,174.79904686287017,199.1588562354435,,,none,30.0,40,2,monophasic
Modulated_autosave_20260715_171433_605ms,Flex. digitorum (L),L_The_ED_FD_FCR C,7,200.1588562354435,208.1588562354435,232.51866560801682,,,none,30.0,40,2,monophasic
Modulated_autosave_20260715_171433_605ms,Flex. digitorum (L),L_The_ED_FD_FCR C,8,233.51866560801682,241.51866560801682,265.87847497965936,,,none,30.0,40,2,monophasic
Modulated_autosave_20260715_171433_605ms,Flex. digitorum (L),L_The_ED_FD_FCR C,9,266.87847497965936,274.87847497965936,299.23828435223265,,,none,30.0,40,2,monophasic
Modulated_autosave_20260715_171433_605ms,Flex. digitorum (L),L_The_ED_FD_FCR C,10,300.23828435223265,308.23828435223265,332.59809372480953,,,none,30.0,40,2,monophasic
Modulated_autosave_20260715_171433_605ms,Flex. digitorum (L),L_The_ED_FD_FCR C,1,0.7942811753594015,8.794281175359401,32.359809372573324,,,none,30.0,45,2,monophasic
Modulated_autosave_20260715_171433_605ms,Flex. digitorum (L),L_The_ED_FD_FCR C,2,33.359809372573324,41.359809372573324,65.71961874514665,,,none,30.0,45,2,monophasic
Modulated_autosave_20260715_171433_605ms,Flex. digitorum (L),L_The_ED_FD_FCR C,3,66.71961874514665,74.71961874514665,99.07942811771997,,,none,30.0,45,2,monophasic
Modulated_autosave_20260715_171433_605ms,Flex. digitorum (L),L_The_ED_FD_FCR C,4,100.07942811771997,108.07942811771997,132.4392374902933,,,none,30.0,45,2,monophasic
Modulated_autosave_20260715_171433_605ms,Flex. digitorum (L),L_The_ED_FD_FCR C,5,133.4392374902933,141.4392374902933,165.79904686287017,,,none,30.0,45,2,monophasic
Modulated_autosave_20260715_171433_605ms,Flex. digitorum (L),L_The_ED_FD_FCR C,6,166.79904686287017,174.79904686287017,199.1588562354435,,,none,30.0,45,2,monophasic
Modulated_autosave_20260715_171433_605ms,Flex. digitorum (L),L_The_ED_FD_FCR C,7,200.1588562354435,208.1588562354435,232.51866560801682,,,none,30.0,45,2,monophasic
Modulated_autosave_20260715_171433_605ms,Flex. digitorum (L),L_The_ED_FD_FCR C,8,233.51866560801682,241.51866560801682,265.87847497965936,,,none,30.0,45,2,monophasic
Modulated_autosave_20260715_171433_605ms,Flex. digitorum (L),L_The_ED_FD_FCR C,9,266.87847497965936,274.87847497965936,299.23828435223265,,,none,30.0,45,2,monophasic
Modulated_autosave_20260715_171433_605ms,Flex. digitorum (L),L_The_ED_FD_FCR C,10,300.23828435223265,308.23828435223265,332.59809372480953,,,none,30.0,45,2,monophasic
Modulated_autosave_20260715_171433_605ms,Flex. digitorum (L),L_The_ED_FD_FCR C,1,0.7942811753594015,8.794281175359401,32.359809372573324,,,none,30.0,50,2,monophasic
Modulated_autosave_20260715_171433_605ms,Flex. digitorum (L),L_The_ED_FD_FCR C,2,33.359809372573324,41.359809372573324,65.71961874514665,,,none,30.0,50,2,monophasic
Modulated_autosave_20260715_171433_605ms,Flex. digitorum (L),L_The_ED_FD_FCR C,3,66.71961874514665,74.71961874514665,99.07942811771997,,,none,30.0,50,2,monophasic
Modulated_autosave_20260715_171433_605ms,Flex. digitorum (L),L_The_ED_FD_FCR C,4,100.07942811771997,108.07942811771997,132.4392374902933,,,none,30.0,50,2,monophasic
Modulated_autosave_20260715_171433_605ms,Flex. digitorum (L),L_The_ED_FD_FCR C,5,133.4392374902933,141.4392374902933,165.79904686287017,,,none,30.0,50,2,monophasic
Modulated_autosave_20260715_171433_605ms,Flex. digitorum (L),L_The_ED_FD_FCR C,6,166.79904686287017,174.79904686287017,199.1588562354435,,,none,30.0,50,2,monophasic
Modulated_autosave_20260715_171433_605ms,Flex. digitorum (L),L_The_ED_FD_FCR C,7,200.1588562354435,208.1588562354435,232.51866560801682,,,none,30.0,50,2,monophasic
Modulated_autosave_20260715_171433_605ms,Flex. digitorum (L),L_The_ED_FD_FCR C,8,233.51866560801682,241.51866560801682,265.87847497965936,,,none,30.0,50,2,monophasic
Modulated_autosave_20260715_171433_605ms,Flex. digitorum (L),L_The_ED_FD_FCR C,9,266.87847497965936,274.87847497965936,299.23828435223265,,,none,30.0,50,2,monophasic
Modulated_autosave_20260715_171433_605ms,Flex. digitorum (L),L_The_ED_FD_FCR C,10,300.23828435223265,308.23828435223265,332.59809372480953,,,none,30.0,50,2,monophasic
Modulated_autosave_20260715_171433_605ms,Flex. digitorum (L),L_The_ED_FD_FCR C,1,0.7942811753594015,8.794281175359401,32.359809372573324,,,none,30.0,55,2,monophasic
Modulated_autosave_20260715_171433_605ms,Flex. digitorum (L),L_The_ED_FD_FCR C,2,33.359809372573324,41.359809372573324,65.71961874514665,,,none,30.0,55,2,monophasic
Modulated_autosave_20260715_171433_605ms,Flex. digitorum (L),L_The_ED_FD_FCR C,3,66.71961874514665,74.71961874514665,99.07942811771997,,,none,30.0,55,2,monophasic
Modulated_autosave_20260715_171433_605ms,Flex. digitorum (L),L_The_ED_FD_FCR C,4,100.07942811771997,108.07942811771997,132.4392374902933,,,none,30.0,55,2,monophasic
Modulated_autosave_20260715_171433_605ms,Flex. digitorum (L),L_The_ED_FD_FCR C,5,133.4392374902933,141.4392374902933,165.79904686287017,,,none,30.0,55,2,monophasic
Modulated_autosave_20260715_171433_605ms,Flex. digitorum (L),L_The_ED_FD_FCR C,6,166.79904686287017,174.79904686287017,199.1588562354435,,,none,30.0,55,2,monophasic
Modulated_autosave_20260715_171433_605ms,Flex. digitorum (L),L_The_ED_FD_FCR C,7,200.1588562354435,208.1588562354435,232.51866560801682,,,none,30.0,55,2,monophasic
Modulated_autosave_20260715_171433_605ms,Flex. digitorum (L),L_The_ED_FD_FCR C,8,233.51866560801682,241.51866560801682,265.87847497965936,,,none,30.0,55,2,monophasic
Modulated_autosave_20260715_171433_605ms,Flex. digitorum (L),L_The_ED_FD_FCR C,9,266.87847497965936,274.87847497965936,299.23828435223265,,,none,30.0,55,2,monophasic
Modulated_autosave_20260715_171433_605ms,Flex. digitorum (L),L_The_ED_FD_FCR C,10,300.23828435223265,308.23828435223265,332.59809372480953,,,none,30.0,55,2,monophasic
Modulated_autosave_20260715_171433_605ms,Flex. digitorum (L),L_The_ED_FD_FCR C,1,0.7942811753594015,8.794281175359401,32.359809372573324,,,none,30.0,60,2,monophasic
Modulated_autosave_20260715_171433_605ms,Flex. digitorum (L),L_The_ED_FD_FCR C,2,33.359809372573324,41.359809372573324,65.71961874514665,,,none,30.0,60,2,monophasic
Modulated_autosave_20260715_171433_605ms,Flex. digitorum (L),L_The_ED_FD_FCR C,3,66.71961874514665,74.71961874514665,99.07942811771997,,,none,30.0,60,2,monophasic
Modulated_autosave_20260715_171433_605ms,Flex. digitorum (L),L_The_ED_FD_FCR C,4,100.07942811771997,108.07942811771997,132.4392374902933,,,none,30.0,60,2,monophasic
Modulated_autosave_20260715_171433_605ms,Flex. digitorum (L),L_The_ED_FD_FCR C,5,133.4392374902933,141.4392374902933,165.79904686287017,,,none,30.0,60,2,monophasic
Modulated_autosave_20260715_171433_605ms,Flex. digitorum (L),L_The_ED_FD_FCR C,6,166.79904686287017,174.79904686287017,199.1588562354435,,,none,30.0,60,2,monophasic
Modulated_autosave_20260715_171433_605ms,Flex. digitorum (L),L_The_ED_FD_FCR C,7,200.1588562354435,208.1588562354435,232.51866560801682,,,none,30.0,60,2,monophasic
Modulated_autosave_20260715_171433_605ms,Flex. digitorum (L),L_The_ED_FD_FCR C,8,233.51866560801682,241.51866560801682,265.87847497965936,,,none,30.0,60,2,monophasic
Modulated_autosave_20260715_171433_605ms,Flex. digitorum (L),L_The_ED_FD_FCR C,9,266.87847497965936,274.87847497965936,299.23828435223265,,,none,30.0,60,2,monophasic
Modulated_autosave_20260715_171433_605ms,Flex. digitorum (L),L_The_ED_FD_FCR C,10,300.23828435223265,308.23828435223265,332.59809372480953,,,none,30.0,60,2,monophasic
Modulated_autosave_20260715_171433_605ms,Flex. digitorum (L),L_The_ED_FD_FCR C,1,0.7942811753594015,8.794281175359401,32.359809372573324,,,none,30.0,65,2,monophasic
Modulated_autosave_20260715_171433_605ms,Flex. digitorum (L),L_The_ED_FD_FCR C,2,33.359809372573324,41.359809372573324,65.71961874514665,,,none,30.0,65,2,monophasic
Modulated_autosave_20260715_171433_605ms,Flex. digitorum (L),L_The_ED_FD_FCR C,3,66.71961874514665,74.71961874514665,99.07942811771997,,,none,30.0,65,2,monophasic
Modulated_autosave_20260715_171433_605ms,Flex. digitorum (L),L_The_ED_FD_FCR C,4,100.07942811771997,108.07942811771997,132.4392374902933,,,none,30.0,65,2,monophasic
Modulated_autosave_20260715_171433_605ms,Flex. digitorum (L),L_The_ED_FD_FCR C,5,133.4392374902933,141.4392374902933,165.79904686287017,,,none,30.0,65,2,monophasic
Modulated_autosave_20260715_171433_605ms,Flex. digitorum (L),L_The_ED_FD_FCR C,6,166.79904686287017,174.79904686287017,199.1588562354435,,,none,30.0,65,2,monophasic
Modulated_autosave_20260715_171433_605ms,Flex. digitorum (L),L_The_ED_FD_FCR C,7,200.1588562354435,208.1588562354435,232.51866560801682,,,none,30.0,65,2,monophasic
Modulated_autosave_20260715_171433_605ms,Flex. digitorum (L),L_The_ED_FD_FCR C,8,233.51866560801682,241.51866560801682,265.87847497965936,,,none,30.0,65,2,monophasic
Modulated_autosave_20260715_171433_605ms,Flex. digitorum (L),L_The_ED_FD_FCR C,9,266.87847497965936,274.87847497965936,299.23828435223265,,,none,30.0,65,2,monophasic
Modulated_autosave_20260715_171433_605ms,Flex. digitorum (L),L_The_ED_FD_FCR C,10,300.23828435223265,308.23828435223265,332.59809372480953,,,none,30.0,65,2,monophasic
Modulated_autosave_20260715_171433_605ms,Flex. digitorum (L),L_The_ED_FD_FCR C,1,0.7942811753594015,8.794281175359401,32.359809372573324,,,none,30.0,70,2,monophasic
Modulated_autosave_20260715_171433_605ms,Flex. digitorum (L),L_The_ED_FD_FCR C,2,33.359809372573324,41.359809372573324,65.71961874514665,,,none,30.0,70,2,monophasic
Modulated_autosave_20260715_171433_605ms,Flex. digitorum (L),L_The_ED_FD_FCR C,3,66.71961874514665,74.71961874514665,99.07942811771997,,,none,30.0,70,2,monophasic
Modulated_autosave_20260715_171433_605ms,Flex. digitorum (L),L_The_ED_FD_FCR C,4,100.07942811771997,108.07942811771997,132.4392374902933,,,none,30.0,70,2,monophasic
Modulated_autosave_20260715_171433_605ms,Flex. digitorum (L),L_The_ED_FD_FCR C,5,133.4392374902933,141.4392374902933,165.79904686287017,,,none,30.0,70,2,monophasic
Modulated_autosave_20260715_171433_605ms,Flex. digitorum (L),L_The_ED_FD_FCR C,6,166.79904686287017,174.79904686287017,199.1588562354435,,,none,30.0,70,2,monophasic
Modulated_autosave_20260715_171433_605ms,Flex. digitorum (L),L_The_ED_FD_FCR C,7,200.1588562354435,208.1588562354435,232.51866560801682,,,none,30.0,70,2,monophasic
Modulated_autosave_20260715_171433_605ms,Flex. digitorum (L),L_The_ED_FD_FCR C,8,233.51866560801682,241.51866560801682,265.87847497965936,,,none,30.0,70,2,monophasic
Modulated_autosave_20260715_171433_605ms,Flex. digitorum (L),L_The_ED_FD_FCR C,9,266.87847497965936,274.87847497965936,299.23828435223265,,,none,30.0,70,2,monophasic
Modulated_autosave_20260715_171433_605ms,Flex. digitorum (L),L_The_ED_FD_FCR C,10,300.23828435223265,308.23828435223265,332.59809372480953,,,none,30.0,70,2,monophasic
Modulated_autosave_20260715_171433_605ms,Flex. digitorum (L),L_The_ED_FD_FCR C,1,0.7942811753594015,8.794281175359401,32.359809372573324,,,none,30.0,75,2,monophasic
Modulated_autosave_20260715_171433_605ms,Flex. digitorum (L),L_The_ED_FD_FCR C,2,33.359809372573324,41.359809372573324,65.71961874514665,,,none,30.0,75,2,monophasic
Modulated_autosave_20260715_171433_605ms,Flex. digitorum (L),L_The_ED_FD_FCR C,3,66.71961874514665,74.71961874514665,99.07942811771997,,,none,30.0,75,2,monophasic
Modulated_autosave_20260715_171433_605ms,Flex. digitorum (L),L_The_ED_FD_FCR C,4,100.07942811771997,108.07942811771997,132.4392374902933,,,none,30.0,75,2,monophasic
Modulated_autosave_20260715_171433_605ms,Flex. digitorum (L),L_The_ED_FD_FCR C,5,133.4392374902933,141.4392374902933,165.79904686287017,,,none,30.0,75,2,monophasic
Modulated_autosave_20260715_171433_605ms,Flex. digitorum (L),L_The_ED_FD_FCR C,6,166.79904686287017,174.79904686287017,199.1588562354435,,,none,30.0,75,2,monophasic
Modulated_autosave_20260715_171433_605ms,Flex. digitorum (L),L_The_ED_FD_FCR C,7,200.1588562354435,208.1588562354435,232.51866560801682,,,none,30.0,75,2,monophasic
Modulated_autosave_20260715_171433_605ms,Flex. digitorum (L),L_The_ED_FD_FCR C,8,233.51866560801682,241.51866560801682,265.87847497965936,,,none,30.0,75,2,monophasic
Modulated_autosave_20260715_171433_605ms,Flex. digitorum (L),L_The_ED_FD_FCR C,9,266.87847497965936,274.87847497965936,299.23828435223265,,,none,30.0,75,2,monophasic
Modulated_autosave_20260715_171433_605ms,Flex. digitorum (L),L_The_ED_FD_FCR C,10,300.23828435223265,308.23828435223265,332.59809372480953,,,none,30.0,75,2,monophasic
Modulated_autosave_20260715_171433_605ms,Flex. digitorum (L),L_The_ED_FD_FCR C,1,0.7942811753594015,8.794281175359401,32.359809372573324,0.007049668347463012,0.007049668347463012,none,30.0,80,2,monophasic
Modulated_autosave_20260715_171433_605ms,Flex. digitorum (L),L_The_ED_FD_FCR C,2,33.359809372573324,41.359809372573324,65.71961874514665,,,none,30.0,80,2,monophasic
Modulated_autosave_20260715_171433_605ms,Flex. digitorum (L),L_The_ED_FD_FCR C,3,66.71961874514665,74.71961874514665,99.07942811771997,0.005035477224726144,0.005035477224726144,none,30.0,80,2,monophasic
Modulated_autosave_20260715_171433_605ms,Flex. digitorum (L),L_The_ED_FD_FCR C,4,100.07942811771997,108.07942811771997,132.4392374902933,0.008056763788264755,0.008056763788264755,none,30.0,80,2,monophasic
Modulated_autosave_20260715_171433_605ms,Flex. digitorum (L),L_The_ED_FD_FCR C,5,133.4392374902933,141.4392374902933,165.79904686287017,,,none,30.0,80,2,monophasic
Modulated_autosave_20260715_171433_605ms,Flex. digitorum (L),L_The_ED_FD_FCR C,6,166.79904686287017,174.79904686287017,199.1588562354435,,,none,30.0,80,2,monophasic
Modulated_autosave_20260715_171433_605ms,Flex. digitorum (L),L_The_ED_FD_FCR C,7,200.1588562354435,208.1588562354435,232.51866560801682,,,none,30.0,80,2,monophasic
Modulated_autosave_20260715_171433_605ms,Flex. digitorum (L),L_The_ED_FD_FCR C,8,233.51866560801682,241.51866560801682,265.87847497965936,,,none,30.0,80,2,monophasic
Modulated_autosave_20260715_171433_605ms,Flex. digitorum (L),L_The_ED_FD_FCR C,9,266.87847497965936,274.87847497965936,299.23828435223265,0.007049668114632207,0.007049668114632207,none,30.0,80,2,monophasic
Modulated_autosave_20260715_171433_605ms,Flex. digitorum (L),L_The_ED_FD_FCR C,10,300.23828435223265,308.23828435223265,332.59809372480953,0.0023498896043612767,0.0023498896043612767,none,30.0,80,2,monophasic
Modulated_autosave_20260715_171433_605ms,Flex. digitorum (L),L_The_ED_FD_FCR C,1,0.7942811753594015,8.794281175359401,32.359809372573324,,,none,30.0,85,2,monophasic
Modulated_autosave_20260715_171433_605ms,Flex. digitorum (L),L_The_ED_FD_FCR C,2,33.359809372573324,41.359809372573324,65.71961874514665,,,none,30.0,85,2,monophasic
Modulated_autosave_20260715_171433_605ms,Flex. digitorum (L),L_The_ED_FD_FCR C,3,66.71961874514665,74.71961874514665,99.07942811771997,,,none,30.0,85,2,monophasic
Modulated_autosave_20260715_171433_605ms,Flex. digitorum (L),L_The_ED_FD_FCR C,4,100.07942811771997,108.07942811771997,132.4392374902933,,,none,30.0,85,2,monophasic
Modulated_autosave_20260715_171433_605ms,Flex. digitorum (L),L_The_ED_FD_FCR C,5,133.4392374902933,141.4392374902933,165.79904686287017,,,none,30.0,85,2,monophasic
Modulated_autosave_20260715_171433_605ms,Flex. digitorum (L),L_The_ED_FD_FCR C,6,166.79904686287017,174.79904686287017,199.1588562354435,,,none,30.0,85,2,monophasic
Modulated_autosave_20260715_171433_605ms,Flex. digitorum (L),L_The_ED_FD_FCR C,7,200.1588562354435,208.1588562354435,232.51866560801682,,,none,30.0,85,2,monophasic
Modulated_autosave_20260715_171433_605ms,Flex. digitorum (L),L_The_ED_FD_FCR C,8,233.51866560801682,241.51866560801682,265.87847497965936,,,none,30.0,85,2,monophasic
Modulated_autosave_20260715_171433_605ms,Flex. digitorum (L),L_The_ED_FD_FCR C,9,266.87847497965936,274.87847497965936,299.23828435223265,,,none,30.0,85,2,monophasic
Modulated_autosave_20260715_171433_605ms,Flex. digitorum (L),L_The_ED_FD_FCR C,10,300.23828435223265,308.23828435223265,332.59809372480953,,,none,30.0,85,2,monophasic
Modulated_autosave_20260715_171433_605ms,Flex. digitorum (L),L_The_ED_FD_FCR C,1,0.7942811753594015,8.794281175359401,32.359809372573324,,,none,30.0,90,2,monophasic
Modulated_autosave_20260715_171433_605ms,Flex. digitorum (L),L_The_ED_FD_FCR C,2,33.359809372573324,41.359809372573324,65.71961874514665,,,none,30.0,90,2,monophasic
Modulated_autosave_20260715_171433_605ms,Flex. digitorum (L),L_The_ED_FD_FCR C,3,66.71961874514665,74.71961874514665,99.07942811771997,,,none,30.0,90,2,monophasic
Modulated_autosave_20260715_171433_605ms,Flex. digitorum (L),L_The_ED_FD_FCR C,4,100.07942811771997,108.07942811771997,132.4392374902933,,,none,30.0,90,2,monophasic
Modulated_autosave_20260715_171433_605ms,Flex. digitorum (L),L_The_ED_FD_FCR C,5,133.4392374902933,141.4392374902933,165.79904686287017,,,none,30.0,90,2,monophasic
Modulated_autosave_20260715_171433_605ms,Flex. digitorum (L),L_The_ED_FD_FCR C,6,166.79904686287017,174.79904686287017,199.1588562354435,,,none,30.0,90,2,monophasic
Modulated_autosave_20260715_171433_605ms,Flex. digitorum (L),L_The_ED_FD_FCR C,7,200.1588562354435,208.1588562354435,232.51866560801682,,,none,30.0,90,2,monophasic
Modulated_autosave_20260715_171433_605ms,Flex. digitorum (L),L_The_ED_FD_FCR C,8,233.51866560801682,241.51866560801682,265.87847497965936,,,none,30.0,90,2,monophasic
Modulated_autosave_20260715_171433_605ms,Flex. digitorum (L),L_The_ED_FD_FCR C,9,266.87847497965936,274.87847497965936,299.23828435223265,,,none,30.0,90,2,monophasic
Modulated_autosave_20260715_171433_605ms,Flex. digitorum (L),L_The_ED_FD_FCR C,10,300.23828435223265,308.23828435223265,332.59809372480953,,,none,30.0,90,2,monophasic
Modulated_autosave_20260715_171433_605ms,Flex. digitorum (L),L_The_ED_FD_FCR C,1,0.7942811753594015,8.794281175359401,32.359809372573324,,,none,30.0,95,2,monophasic
Modulated_autosave_20260715_171433_605ms,Flex. digitorum (L),L_The_ED_FD_FCR C,2,33.359809372573324,41.359809372573324,65.71961874514665,,,none,30.0,95,2,monophasic
Modulated_autosave_20260715_171433_605ms,Flex. digitorum (L),L_The_ED_FD_FCR C,3,66.71961874514665,74.71961874514665,99.07942811771997,,,none,30.0,95,2,monophasic
Modulated_autosave_20260715_171433_605ms,Flex. digitorum (L),L_The_ED_FD_FCR C,4,100.07942811771997,108.07942811771997,132.4392374902933,,,none,30.0,95,2,monophasic
Modulated_autosave_20260715_171433_605ms,Flex. digitorum (L),L_The_ED_FD_FCR C,5,133.4392374902933,141.4392374902933,165.79904686287017,,,none,30.0,95,2,monophasic
Modulated_autosave_20260715_171433_605ms,Flex. digitorum (L),L_The_ED_FD_FCR C,6,166.79904686287017,174.79904686287017,199.1588562354435,,,none,30.0,95,2,monophasic
Modulated_autosave_20260715_171433_605ms,Flex. digitorum (L),L_The_ED_FD_FCR C,7,200.1588562354435,208.1588562354435,232.51866560801682,,,none,30.0,95,2,monophasic
Modulated_autosave_20260715_171433_605ms,Flex. digitorum (L),L_The_ED_FD_FCR C,8,233.51866560801682,241.51866560801682,265.87847497965936,,,none,30.0,95,2,monophasic
Modulated_autosave_20260715_171433_605ms,Flex. digitorum (L),L_The_ED_FD_FCR C,9,266.87847497965936,274.87847497965936,299.23828435223265,,,none,30.0,95,2,monophasic
Modulated_autosave_20260715_171433_605ms,Flex. digitorum (L),L_The_ED_FD_FCR C,10,300.23828435223265,308.23828435223265,332.59809372480953,,,none,30.0,95,2,monophasic
Modulated_autosave_20260715_171433_605ms,Flex. digitorum (L),L_The_ED_FD_FCR C,1,0.7942811753594015,8.794281175359401,32.359809372573324,0.31287097930908203,0.31287097930908203,none,30.0,100,2,monophasic
Modulated_autosave_20260715_171433_605ms,Flex. digitorum (L),L_The_ED_FD_FCR C,2,33.359809372573324,41.359809372573324,65.71961874514665,0.009231708704522064,0.009231708704522064,none,30.0,100,2,monophasic
Modulated_autosave_20260715_171433_605ms,Flex. digitorum (L),L_The_ED_FD_FCR C,3,66.71961874514665,74.71961874514665,99.07942811771997,0.3283131121794439,0.3283131121794439,none,30.0,100,2,monophasic
Modulated_autosave_20260715_171433_605ms,Flex. digitorum (L),L_The_ED_FD_FCR C,4,100.07942811771997,108.07942811771997,132.4392374902933,0.33234150698705295,0.33234150698705295,none,30.0,100,2,monophasic
Modulated_autosave_20260715_171433_605ms,Flex. digitorum (L),L_The_ED_FD_FCR C,5,133.4392374902933,141.4392374902933,165.79904686287017,0.02484168857212468,0.02484168857212468,none,30.0,100,2,monophasic
Modulated_autosave_20260715_171433_605ms,Flex. digitorum (L),L_The_ED_FD_FCR C,6,166.79904686287017,174.79904686287017,199.1588562354435,0.006713969861093027,0.006713969861093027,none,30.0,100,2,monophasic
Modulated_autosave_20260715_171433_605ms,Flex. digitorum (L),L_The_ED_FD_FCR C,7,200.1588562354435,208.1588562354435,232.51866560801682,0.31354239576291265,0.31354239576291265,none,30.0,100,2,monophasic
Modulated_autosave_20260715_171433_605ms,Flex. digitorum (L),L_The_ED_FD_FCR C,8,233.51866560801682,241.51866560801682,265.87847497965936,0.022491798733389204,0.022491798733389204,none,30.0,100,2,monophasic
Modulated_autosave_20260715_171433_605ms,Flex. digitorum (L),L_The_ED_FD_FCR C,9,266.87847497965936,274.87847497965936,299.23828435223265,0.002014190889883046,0.002014190889883046,none,30.0,100,2,monophasic
Modulated_autosave_20260715_171433_605ms,Flex. digitorum (L),L_The_ED_FD_FCR C,10,300.23828435223265,308.23828435223265,332.59809372480953,0.31085680411752076,0.31085680411752076,none,30.0,100,2,monophasic
Modulated_autosave_20260715_171433_605ms,Flex. digitorum (L),L_The_ED_FD_FCR C,1,0.7942811753594015,8.794281175359401,32.359809372573324,0.32294194400310516,0.32294194400310516,none,30.0,105,2,monophasic
Modulated_autosave_20260715_171433_605ms,Flex. digitorum (L),L_The_ED_FD_FCR C,2,33.359809372573324,41.359809372573324,65.71961874514665,0.3469443768262863,0.3469443768262863,none,30.0,105,2,monophasic
Modulated_autosave_20260715_171433_605ms,Flex. digitorum (L),L_The_ED_FD_FCR C,3,66.71961874514665,74.71961874514665,99.07942811771997,0.33435568213362077,0.33435568213362077,none,30.0,105,2,monophasic
Modulated_autosave_20260715_171433_605ms,Flex. digitorum (L),L_The_ED_FD_FCR C,4,100.07942811771997,108.07942811771997,132.4392374902933,0.3360341787332656,0.3360341787332656,none,30.0,105,2,monophasic
Modulated_autosave_20260715_171433_605ms,Flex. digitorum (L),L_The_ED_FD_FCR C,5,133.4392374902933,141.4392374902933,165.79904686287017,0.3189135491845755,0.3189135491845755,none,30.0,105,2,monophasic
Modulated_autosave_20260715_171433_605ms,Flex. digitorum (L),L_The_ED_FD_FCR C,6,166.79904686287017,174.79904686287017,199.1588562354435,0.3435873983901818,0.3435873983901818,none,30.0,105,2,monophasic
Modulated_autosave_20260715_171433_605ms,Flex. digitorum (L),L_The_ED_FD_FCR C,7,200.1588562354435,208.1588562354435,232.51866560801682,0.3353627918317338,0.3353627918317338,none,30.0,105,2,monophasic
Modulated_autosave_20260715_171433_605ms,Flex. digitorum (L),L_The_ED_FD_FCR C,8,233.51866560801682,241.51866560801682,265.87847497965936,0.31589227888529126,0.31589227888529126,none,30.0,105,2,monophasic
Modulated_autosave_20260715_171433_605ms,Flex. digitorum (L),L_The_ED_FD_FCR C,9,266.87847497965936,274.87847497965936,299.23828435223265,0.29004348795650536,0.29004348795650536,none,30.0,105,2,monophasic
Modulated_autosave_20260715_171433_605ms,Flex. digitorum (L),L_The_ED_FD_FCR C,10,300.23828435223265,308.23828435223265,332.59809372480953,0.30011444526984415,0.30011444526984415,none,30.0,105,2,monophasic
Modulated_autosave_20260715_171433_605ms,Flex. digitorum (L),L_The_ED_FD_FCR C,1,0.7942811753594015,8.794281175359401,32.359809372573324,,,none,30.0,110,2,monophasic
Modulated_autosave_20260715_171433_605ms,Flex. digitorum (L),L_The_ED_FD_FCR C,2,33.359809372573324,41.359809372573324,65.71961874514665,0.3565117864164305,0.3565117864164305,none,30.0,110,2,monophasic
Modulated_autosave_20260715_171433_605ms,Flex. digitorum (L),L_The_ED_FD_FCR C,3,66.71961874514665,74.71961874514665,99.07942811771997,0.3722896277892723,0.3722896277892723,none,30.0,110,2,monophasic
Modulated_autosave_20260715_171433_605ms,Flex. digitorum (L),L_The_ED_FD_FCR C,4,100.07942811771997,108.07942811771997,132.4392374902933,0.29524682462120977,0.29524682462120977,none,30.0,110,2,monophasic
Modulated_autosave_20260715_171433_605ms,Flex. digitorum (L),L_The_ED_FD_FCR C,5,133.4392374902933,141.4392374902933,165.79904686287017,0.3491264283643215,0.3491264283643215,none,30.0,110,2,monophasic
Modulated_autosave_20260715_171433_605ms,Flex. digitorum (L),L_The_ED_FD_FCR C,6,166.79904686287017,174.79904686287017,199.1588562354435,0.3407339601084066,0.3407339601084066,none,30.0,110,2,monophasic
Modulated_autosave_20260715_171433_605ms,Flex. digitorum (L),L_The_ED_FD_FCR C,7,200.1588562354435,208.1588562354435,232.51866560801682,0.32227054217365336,0.32227054217365336,none,30.0,110,2,monophasic
Modulated_autosave_20260715_171433_605ms,Flex. digitorum (L),L_The_ED_FD_FCR C,8,233.51866560801682,241.51866560801682,265.87847497965936,0.3232776372560049,0.3232776372560049,none,30.0,110,2,monophasic
Modulated_autosave_20260715_171433_605ms,Flex. digitorum (L),L_The_ED_FD_FCR C,9,266.87847497965936,274.87847497965936,299.23828435223265,0.3115281907318952,0.3115281907318952,none,30.0,110,2,monophasic
Modulated_autosave_20260715_171433_605ms,Flex. digitorum (L),L_The_ED_FD_FCR C,10,300.23828435223265,308.23828435223265,332.59809372480953,0.30783550427156386,0.30783550427156386,none,30.0,110,2,monophasic
Modulated_autosave_20260715_171433_605ms,Flex. digitorum (L),L_The_ED_FD_FCR C,1,0.7942811753594015,8.794281175359401,32.359809372573324,0.3672541379928589,0.3672541379928589,none,30.0,115,2,monophasic
Modulated_autosave_20260715_171433_605ms,Flex. digitorum (L),L_The_ED_FD_FCR C,2,33.359809372573324,41.359809372573324,65.71961874514665,0.37027542293071747,0.37027542293071747,none,30.0,115,2,monophasic
Modulated_autosave_20260715_171433_605ms,Flex. digitorum (L),L_The_ED_FD_FCR C,3,66.71961874514665,74.71961874514665,99.07942811771997,0.34644082169710355,0.34644082169710355,none,30.0,115,2,monophasic
Modulated_autosave_20260715_171433_605ms,Flex. digitorum (L),L_The_ED_FD_FCR C,4,100.07942811771997,108.07942811771997,132.4392374902933,0.31958495055599173,0.31958495055599173,none,30.0,115,2,monophasic
Modulated_autosave_20260715_171433_605ms,Flex. digitorum (L),L_The_ED_FD_FCR C,5,133.4392374902933,141.4392374902933,165.79904686287017,0.34728007750673306,0.34728007750673306,none,30.0,115,2,monophasic
Modulated_autosave_20260715_171433_605ms,Flex. digitorum (L),L_The_ED_FD_FCR C,6,166.79904686287017,174.79904686287017,199.1588562354435,0.35399405638633996,0.35399405638633996,none,30.0,115,2,monophasic
Modulated_autosave_20260715_171433_605ms,Flex. digitorum (L),L_The_ED_FD_FCR C,7,200.1588562354435,208.1588562354435,232.51866560801682,0.3330128935233395,0.3330128935233395,none,30.0,115,2,monophasic
Modulated_autosave_20260715_171433_605ms,Flex. digitorum (L),L_The_ED_FD_FCR C,8,233.51866560801682,241.51866560801682,265.87847497965936,0.30397497851742594,0.30397497851742594,none,30.0,115,2,monophasic
Modulated_autosave_20260715_171433_605ms,Flex. digitorum (L),L_The_ED_FD_FCR C,9,266.87847497965936,274.87847497965936,299.23828435223265,0.3427481500217288,0.3427481500217288,none,30.0,115,2,monophasic
Modulated_autosave_20260715_171433_605ms,Flex. digitorum (L),L_The_ED_FD_FCR C,10,300.23828435223265,308.23828435223265,332.59809372480953,0.3140459209676483,0.3140459209676483,none,30.0,115,2,monophasic
Modulated_autosave_20260715_171433_605ms,Flex. digitorum (L),L_The_ED_FD_FCR C,1,0.7942811753594015,8.794281175359401,32.359809372573324,0.37228962779045105,0.37228962779045105,none,30.0,120,2,monophasic
Modulated_autosave_20260715_171433_605ms,Flex. digitorum (L),L_The_ED_FD_FCR C,2,33.359809372573324,41.359809372573324,65.71961874514665,0.3356984853744507,0.3356984853744507,none,30.0,120,2,monophasic
Modulated_autosave_20260715_171433_605ms,Flex. digitorum (L),L_The_ED_FD_FCR C,3,66.71961874514665,74.71961874514665,99.07942811771997,0.3843747599952539,0.3843747599952539,none,30.0,120,2,monophasic
Modulated_autosave_20260715_171433_605ms,Flex. digitorum (L),L_The_ED_FD_FCR C,4,100.07942811771997,108.07942811771997,132.4392374902933,0.3221026955632429,0.3221026955632429,none,30.0,120,2,monophasic
Modulated_autosave_20260715_171433_605ms,Flex. digitorum (L),L_The_ED_FD_FCR C,5,133.4392374902933,141.4392374902933,165.79904686287017,0.3145494756901515,0.3145494756901515,none,30.0,120,2,monophasic
Modulated_autosave_20260715_171433_605ms,Flex. digitorum (L),L_The_ED_FD_FCR C,6,166.79904686287017,174.79904686287017,199.1588562354435,0.31303883335024457,0.31303883335024457,none,30.0,120,2,monophasic
Modulated_autosave_20260715_171433_605ms,Flex. digitorum (L),L_The_ED_FD_FCR C,7,200.1588562354435,208.1588562354435,232.51866560801682,0.3286488203790028,0.3286488203790028,none,30.0,120,2,monophasic
Modulated_autosave_20260715_171433_605ms,Flex. digitorum (L),L_The_ED_FD_FCR C,8,233.51866560801682,241.51866560801682,265.87847497965936,0.2950789628281635,0.2950789628281635,none,30.0,120,2,monophasic
Modulated_autosave_20260715_171433_605ms,Flex. digitorum (L),L_The_ED_FD_FCR C,9,266.87847497965936,274.87847497965936,299.23828435223265,0.29272907947930465,0.29272907947930465,none,30.0,120,2,monophasic
Modulated_autosave_20260715_171433_605ms,Flex. digitorum (L),L_The_ED_FD_FCR C,10,300.23828435223265,308.23828435223265,332.59809372480953,0.3330128937951181,0.3330128937951181,none,30.0,120,2,monophasic
Modulated_autosave_20260715_171433_605ms,Flex. digitorum (L),L_The_ED_FD_FCR C,1,0.7942811753594015,8.794281175359401,32.359809372573324,0.38538186252117157,0.38538186252117157,none,30.0,125,2,monophasic
Modulated_autosave_20260715_171433_605ms,Flex. digitorum (L),L_The_ED_FD_FCR C,2,33.359809372573324,41.359809372573324,65.71961874514665,0.35600825399160385,0.35600825399160385,none,30.0,125,2,monophasic
Modulated_autosave_20260715_171433_605ms,Flex. digitorum (L),L_The_ED_FD_FCR C,3,66.71961874514665,74.71961874514665,99.07942811771997,0.35852597653814766,0.35852597653814766,none,30.0,125,2,monophasic
Modulated_autosave_20260715_171433_605ms,Flex. digitorum (L),L_The_ED_FD_FCR C,4,100.07942811771997,108.07942811771997,132.4392374902933,0.323949027778179,0.323949027778179,none,30.0,125,2,monophasic
Modulated_autosave_20260715_171433_605ms,Flex. digitorum (L),L_The_ED_FD_FCR C,5,133.4392374902933,141.4392374902933,165.79904686287017,0.33167010544236564,0.33167010544236564,none,30.0,125,2,monophasic
Modulated_autosave_20260715_171433_605ms,Flex. digitorum (L),L_The_ED_FD_FCR C,6,166.79904686287017,174.79904686287017,199.1588562354435,0.302800029500484,0.302800029500484,none,30.0,125,2,monophasic
Modulated_autosave_20260715_171433_605ms,Flex. digitorum (L),L_The_ED_FD_FCR C,7,200.1588562354435,208.1588562354435,232.51866560801682,0.30011443790327175,0.30011443790327175,none,30.0,125,2,monophasic
Modulated_autosave_20260715_171433_605ms,Flex. digitorum (L),L_The_ED_FD_FCR C,8,233.51866560801682,241.51866560801682,265.87847497965936,0.27325855933033805,0.27325855933033805,none,30.0,125,2,monophasic
Modulated_autosave_20260715_171433_605ms,Flex. digitorum (L),L_The_ED_FD_FCR C,9,266.87847497965936,274.87847497965936,299.23828435223265,0.3377126603718352,0.3377126603718352,none,30.0,125,2,monophasic
Modulated_autosave_20260715_171433_605ms,Flex. digitorum (L),L_The_ED_FD_FCR C,10,300.23828435223265,308.23828435223265,332.59809372480953,0.3279774188967691,0.3279774188967691,none,30.0,125,2,monophasic
Modulated_autosave_20260715_171433_605ms,Flex. carpi rad. (L),L_The_ED_FD_FCR D,1,0.7942811753594015,8.794281175359401,32.359809372573324,,,none,30.0,30,2,monophasic
Modulated_autosave_20260715_171433_605ms,Flex. carpi rad. (L),L_The_ED_FD_FCR D,2,33.359809372573324,41.359809372573324,65.71961874514665,,,none,30.0,30,2,monophasic
Modulated_autosave_20260715_171433_605ms,Flex. carpi rad. (L),L_The_ED_FD_FCR D,3,66.71961874514665,74.71961874514665,99.07942811771997,,,none,30.0,30,2,monophasic
Modulated_autosave_20260715_171433_605ms,Flex. carpi rad. (L),L_The_ED_FD_FCR D,4,100.07942811771997,108.07942811771997,132.4392374902933,,,none,30.0,30,2,monophasic
Modulated_autosave_20260715_171433_605ms,Flex. carpi rad. (L),L_The_ED_FD_FCR D,5,133.4392374902933,141.4392374902933,165.79904686287017,,,none,30.0,30,2,monophasic
Modulated_autosave_20260715_171433_605ms,Flex. carpi rad. (L),L_The_ED_FD_FCR D,6,166.79904686287017,174.79904686287017,199.1588562354435,,,none,30.0,30,2,monophasic
Modulated_autosave_20260715_171433_605ms,Flex. carpi rad. (L),L_The_ED_FD_FCR D,7,200.1588562354435,208.1588562354435,232.51866560801682,,,none,30.0,30,2,monophasic
Modulated_autosave_20260715_171433_605ms,Flex. carpi rad. (L),L_The_ED_FD_FCR D,8,233.51866560801682,241.51866560801682,265.87847497965936,,,none,30.0,30,2,monophasic
Modulated_autosave_20260715_171433_605ms,Flex. carpi rad. (L),L_The_ED_FD_FCR D,9,266.87847497965936,274.87847497965936,299.23828435223265,,,none,30.0,30,2,monophasic
Modulated_autosave_20260715_171433_605ms,Flex. carpi rad. (L),L_The_ED_FD_FCR D,10,300.23828435223265,308.23828435223265,332.59809372480953,,,none,30.0,30,2,monophasic
Modulated_autosave_20260715_171433_605ms,Flex. carpi rad. (L),L_The_ED_FD_FCR D,1,0.7942811753594015,8.794281175359401,32.359809372573324,,,none,30.0,35,2,monophasic
Modulated_autosave_20260715_171433_605ms,Flex. carpi rad. (L),L_The_ED_FD_FCR D,2,33.359809372573324,41.359809372573324,65.71961874514665,,,none,30.0,35,2,monophasic
Modulated_autosave_20260715_171433_605ms,Flex. carpi rad. (L),L_The_ED_FD_FCR D,3,66.71961874514665,74.71961874514665,99.07942811771997,,,none,30.0,35,2,monophasic
Modulated_autosave_20260715_171433_605ms,Flex. carpi rad. (L),L_The_ED_FD_FCR D,4,100.07942811771997,108.07942811771997,132.4392374902933,,,none,30.0,35,2,monophasic
Modulated_autosave_20260715_171433_605ms,Flex. carpi rad. (L),L_The_ED_FD_FCR D,5,133.4392374902933,141.4392374902933,165.79904686287017,,,none,30.0,35,2,monophasic
Modulated_autosave_20260715_171433_605ms,Flex. carpi rad. (L),L_The_ED_FD_FCR D,6,166.79904686287017,174.79904686287017,199.1588562354435,,,none,30.0,35,2,monophasic
Modulated_autosave_20260715_171433_605ms,Flex. carpi rad. (L),L_The_ED_FD_FCR D,7,200.1588562354435,208.1588562354435,232.51866560801682,,,none,30.0,35,2,monophasic
Modulated_autosave_20260715_171433_605ms,Flex. carpi rad. (L),L_The_ED_FD_FCR D,8,233.51866560801682,241.51866560801682,265.87847497965936,,,none,30.0,35,2,monophasic
Modulated_autosave_20260715_171433_605ms,Flex. carpi rad. (L),L_The_ED_FD_FCR D,9,266.87847497965936,274.87847497965936,299.23828435223265,,,none,30.0,35,2,monophasic
Modulated_autosave_20260715_171433_605ms,Flex. carpi rad. (L),L_The_ED_FD_FCR D,10,300.23828435223265,308.23828435223265,332.59809372480953,,,none,30.0,35,2,monophasic
Modulated_autosave_20260715_171433_605ms,Flex. carpi rad. (L),L_The_ED_FD_FCR D,1,0.7942811753594015,8.794281175359401,32.359809372573324,,,none,30.0,40,2,monophasic
Modulated_autosave_20260715_171433_605ms,Flex. carpi rad. (L),L_The_ED_FD_FCR D,2,33.359809372573324,41.359809372573324,65.71961874514665,,,none,30.0,40,2,monophasic
Modulated_autosave_20260715_171433_605ms,Flex. carpi rad. (L),L_The_ED_FD_FCR D,3,66.71961874514665,74.71961874514665,99.07942811771997,,,none,30.0,40,2,monophasic
Modulated_autosave_20260715_171433_605ms,Flex. carpi rad. (L),L_The_ED_FD_FCR D,4,100.07942811771997,108.07942811771997,132.4392374902933,,,none,30.0,40,2,monophasic
Modulated_autosave_20260715_171433_605ms,Flex. carpi rad. (L),L_The_ED_FD_FCR D,5,133.4392374902933,141.4392374902933,165.79904686287017,,,none,30.0,40,2,monophasic
Modulated_autosave_20260715_171433_605ms,Flex. carpi rad. (L),L_The_ED_FD_FCR D,6,166.79904686287017,174.79904686287017,199.1588562354435,,,none,30.0,40,2,monophasic
Modulated_autosave_20260715_171433_605ms,Flex. carpi rad. (L),L_The_ED_FD_FCR D,7,200.1588562354435,208.1588562354435,232.51866560801682,,,none,30.0,40,2,monophasic
Modulated_autosave_20260715_171433_605ms,Flex. carpi rad. (L),L_The_ED_FD_FCR D,8,233.51866560801682,241.51866560801682,265.87847497965936,,,none,30.0,40,2,monophasic
Modulated_autosave_20260715_171433_605ms,Flex. carpi rad. (L),L_The_ED_FD_FCR D,9,266.87847497965936,274.87847497965936,299.23828435223265,,,none,30.0,40,2,monophasic
Modulated_autosave_20260715_171433_605ms,Flex. carpi rad. (L),L_The_ED_FD_FCR D,10,300.23828435223265,308.23828435223265,332.59809372480953,,,none,30.0,40,2,monophasic
Modulated_autosave_20260715_171433_605ms,Flex. carpi rad. (L),L_The_ED_FD_FCR D,1,0.7942811753594015,8.794281175359401,32.359809372573324,,,none,30.0,45,2,monophasic
Modulated_autosave_20260715_171433_605ms,Flex. carpi rad. (L),L_The_ED_FD_FCR D,2,33.359809372573324,41.359809372573324,65.71961874514665,,,none,30.0,45,2,monophasic
Modulated_autosave_20260715_171433_605ms,Flex. carpi rad. (L),L_The_ED_FD_FCR D,3,66.71961874514665,74.71961874514665,99.07942811771997,,,none,30.0,45,2,monophasic
Modulated_autosave_20260715_171433_605ms,Flex. carpi rad. (L),L_The_ED_FD_FCR D,4,100.07942811771997,108.07942811771997,132.4392374902933,,,none,30.0,45,2,monophasic
Modulated_autosave_20260715_171433_605ms,Flex. carpi rad. (L),L_The_ED_FD_FCR D,5,133.4392374902933,141.4392374902933,165.79904686287017,,,none,30.0,45,2,monophasic
Modulated_autosave_20260715_171433_605ms,Flex. carpi rad. (L),L_The_ED_FD_FCR D,6,166.79904686287017,174.79904686287017,199.1588562354435,,,none,30.0,45,2,monophasic
Modulated_autosave_20260715_171433_605ms,Flex. carpi rad. (L),L_The_ED_FD_FCR D,7,200.1588562354435,208.1588562354435,232.51866560801682,,,none,30.0,45,2,monophasic
Modulated_autosave_20260715_171433_605ms,Flex. carpi rad. (L),L_The_ED_FD_FCR D,8,233.51866560801682,241.51866560801682,265.87847497965936,,,none,30.0,45,2,monophasic
Modulated_autosave_20260715_171433_605ms,Flex. carpi rad. (L),L_The_ED_FD_FCR D,9,266.87847497965936,274.87847497965936,299.23828435223265,,,none,30.0,45,2,monophasic
Modulated_autosave_20260715_171433_605ms,Flex. carpi rad. (L),L_The_ED_FD_FCR D,10,300.23828435223265,308.23828435223265,332.59809372480953,,,none,30.0,45,2,monophasic
Modulated_autosave_20260715_171433_605ms,Flex. carpi rad. (L),L_The_ED_FD_FCR D,1,0.7942811753594015,8.794281175359401,32.359809372573324,,,none,30.0,50,2,monophasic
Modulated_autosave_20260715_171433_605ms,Flex. carpi rad. (L),L_The_ED_FD_FCR D,2,33.359809372573324,41.359809372573324,65.71961874514665,,,none,30.0,50,2,monophasic
Modulated_autosave_20260715_171433_605ms,Flex. carpi rad. (L),L_The_ED_FD_FCR D,3,66.71961874514665,74.71961874514665,99.07942811771997,,,none,30.0,50,2,monophasic
Modulated_autosave_20260715_171433_605ms,Flex. carpi rad. (L),L_The_ED_FD_FCR D,4,100.07942811771997,108.07942811771997,132.4392374902933,,,none,30.0,50,2,monophasic
Modulated_autosave_20260715_171433_605ms,Flex. carpi rad. (L),L_The_ED_FD_FCR D,5,133.4392374902933,141.4392374902933,165.79904686287017,,,none,30.0,50,2,monophasic
Modulated_autosave_20260715_171433_605ms,Flex. carpi rad. (L),L_The_ED_FD_FCR D,6,166.79904686287017,174.79904686287017,199.1588562354435,,,none,30.0,50,2,monophasic
Modulated_autosave_20260715_171433_605ms,Flex. carpi rad. (L),L_The_ED_FD_FCR D,7,200.1588562354435,208.1588562354435,232.51866560801682,,,none,30.0,50,2,monophasic
Modulated_autosave_20260715_171433_605ms,Flex. carpi rad. (L),L_The_ED_FD_FCR D,8,233.51866560801682,241.51866560801682,265.87847497965936,,,none,30.0,50,2,monophasic
Modulated_autosave_20260715_171433_605ms,Flex. carpi rad. (L),L_The_ED_FD_FCR D,9,266.87847497965936,274.87847497965936,299.23828435223265,,,none,30.0,50,2,monophasic
Modulated_autosave_20260715_171433_605ms,Flex. carpi rad. (L),L_The_ED_FD_FCR D,10,300.23828435223265,308.23828435223265,332.59809372480953,,,none,30.0,50,2,monophasic
Modulated_autosave_20260715_171433_605ms,Flex. carpi rad. (L),L_The_ED_FD_FCR D,1,0.7942811753594015,8.794281175359401,32.359809372573324,,,none,30.0,55,2,monophasic
Modulated_autosave_20260715_171433_605ms,Flex. carpi rad. (L),L_The_ED_FD_FCR D,2,33.359809372573324,41.359809372573324,65.71961874514665,,,none,30.0,55,2,monophasic
Modulated_autosave_20260715_171433_605ms,Flex. carpi rad. (L),L_The_ED_FD_FCR D,3,66.71961874514665,74.71961874514665,99.07942811771997,,,none,30.0,55,2,monophasic
Modulated_autosave_20260715_171433_605ms,Flex. carpi rad. (L),L_The_ED_FD_FCR D,4,100.07942811771997,108.07942811771997,132.4392374902933,,,none,30.0,55,2,monophasic
Modulated_autosave_20260715_171433_605ms,Flex. carpi rad. (L),L_The_ED_FD_FCR D,5,133.4392374902933,141.4392374902933,165.79904686287017,,,none,30.0,55,2,monophasic
Modulated_autosave_20260715_171433_605ms,Flex. carpi rad. (L),L_The_ED_FD_FCR D,6,166.79904686287017,174.79904686287017,199.1588562354435,,,none,30.0,55,2,monophasic
Modulated_autosave_20260715_171433_605ms,Flex. carpi rad. (L),L_The_ED_FD_FCR D,7,200.1588562354435,208.1588562354435,232.51866560801682,,,none,30.0,55,2,monophasic
Modulated_autosave_20260715_171433_605ms,Flex. carpi rad. (L),L_The_ED_FD_FCR D,8,233.51866560801682,241.51866560801682,265.87847497965936,,,none,30.0,55,2,monophasic
Modulated_autosave_20260715_171433_605ms,Flex. carpi rad. (L),L_The_ED_FD_FCR D,9,266.87847497965936,274.87847497965936,299.23828435223265,,,none,30.0,55,2,monophasic
Modulated_autosave_20260715_171433_605ms,Flex. carpi rad. (L),L_The_ED_FD_FCR D,10,300.23828435223265,308.23828435223265,332.59809372480953,,,none,30.0,55,2,monophasic
Modulated_autosave_20260715_171433_605ms,Flex. carpi rad. (L),L_The_ED_FD_FCR D,1,0.7942811753594015,8.794281175359401,32.359809372573324,,,none,30.0,60,2,monophasic
Modulated_autosave_20260715_171433_605ms,Flex. carpi rad. (L),L_The_ED_FD_FCR D,2,33.359809372573324,41.359809372573324,65.71961874514665,,,none,30.0,60,2,monophasic
Modulated_autosave_20260715_171433_605ms,Flex. carpi rad. (L),L_The_ED_FD_FCR D,3,66.71961874514665,74.71961874514665,99.07942811771997,,,none,30.0,60,2,monophasic
Modulated_autosave_20260715_171433_605ms,Flex. carpi rad. (L),L_The_ED_FD_FCR D,4,100.07942811771997,108.07942811771997,132.4392374902933,,,none,30.0,60,2,monophasic
Modulated_autosave_20260715_171433_605ms,Flex. carpi rad. (L),L_The_ED_FD_FCR D,5,133.4392374902933,141.4392374902933,165.79904686287017,,,none,30.0,60,2,monophasic
Modulated_autosave_20260715_171433_605ms,Flex. carpi rad. (L),L_The_ED_FD_FCR D,6,166.79904686287017,174.79904686287017,199.1588562354435,,,none,30.0,60,2,monophasic
Modulated_autosave_20260715_171433_605ms,Flex. carpi rad. (L),L_The_ED_FD_FCR D,7,200.1588562354435,208.1588562354435,232.51866560801682,,,none,30.0,60,2,monophasic
Modulated_autosave_20260715_171433_605ms,Flex. carpi rad. (L),L_The_ED_FD_FCR D,8,233.51866560801682,241.51866560801682,265.87847497965936,,,none,30.0,60,2,monophasic
Modulated_autosave_20260715_171433_605ms,Flex. carpi rad. (L),L_The_ED_FD_FCR D,9,266.87847497965936,274.87847497965936,299.23828435223265,,,none,30.0,60,2,monophasic
Modulated_autosave_20260715_171433_605ms,Flex. carpi rad. (L),L_The_ED_FD_FCR D,10,300.23828435223265,308.23828435223265,332.59809372480953,,,none,30.0,60,2,monophasic
Modulated_autosave_20260715_171433_605ms,Flex. carpi rad. (L),L_The_ED_FD_FCR D,1,0.7942811753594015,8.794281175359401,32.359809372573324,,,none,30.0,65,2,monophasic
Modulated_autosave_20260715_171433_605ms,Flex. carpi rad. (L),L_The_ED_FD_FCR D,2,33.359809372573324,41.359809372573324,65.71961874514665,,,none,30.0,65,2,monophasic
Modulated_autosave_20260715_171433_605ms,Flex. carpi rad. (L),L_The_ED_FD_FCR D,3,66.71961874514665,74.71961874514665,99.07942811771997,,,none,30.0,65,2,monophasic
Modulated_autosave_20260715_171433_605ms,Flex. carpi rad. (L),L_The_ED_FD_FCR D,4,100.07942811771997,108.07942811771997,132.4392374902933,,,none,30.0,65,2,monophasic
Modulated_autosave_20260715_171433_605ms,Flex. carpi rad. (L),L_The_ED_FD_FCR D,5,133.4392374902933,141.4392374902933,165.79904686287017,,,none,30.0,65,2,monophasic
Modulated_autosave_20260715_171433_605ms,Flex. carpi rad. (L),L_The_ED_FD_FCR D,6,166.79904686287017,174.79904686287017,199.1588562354435,,,none,30.0,65,2,monophasic
Modulated_autosave_20260715_171433_605ms,Flex. carpi rad. (L),L_The_ED_FD_FCR D,7,200.1588562354435,208.1588562354435,232.51866560801682,,,none,30.0,65,2,monophasic
Modulated_autosave_20260715_171433_605ms,Flex. carpi rad. (L),L_The_ED_FD_FCR D,8,233.51866560801682,241.51866560801682,265.87847497965936,,,none,30.0,65,2,monophasic
Modulated_autosave_20260715_171433_605ms,Flex. carpi rad. (L),L_The_ED_FD_FCR D,9,266.87847497965936,274.87847497965936,299.23828435223265,,,none,30.0,65,2,monophasic
Modulated_autosave_20260715_171433_605ms,Flex. carpi rad. (L),L_The_ED_FD_FCR D,10,300.23828435223265,308.23828435223265,332.59809372480953,,,none,30.0,65,2,monophasic
Modulated_autosave_20260715_171433_605ms,Flex. carpi rad. (L),L_The_ED_FD_FCR D,1,0.7942811753594015,8.794281175359401,32.359809372573324,,,none,30.0,70,2,monophasic
Modulated_autosave_20260715_171433_605ms,Flex. carpi rad. (L),L_The_ED_FD_FCR D,2,33.359809372573324,41.359809372573324,65.71961874514665,,,none,30.0,70,2,monophasic
Modulated_autosave_20260715_171433_605ms,Flex. carpi rad. (L),L_The_ED_FD_FCR D,3,66.71961874514665,74.71961874514665,99.07942811771997,,,none,30.0,70,2,monophasic
Modulated_autosave_20260715_171433_605ms,Flex. carpi rad. (L),L_The_ED_FD_FCR D,4,100.07942811771997,108.07942811771997,132.4392374902933,,,none,30.0,70,2,monophasic
Modulated_autosave_20260715_171433_605ms,Flex. carpi rad. (L),L_The_ED_FD_FCR D,5,133.4392374902933,141.4392374902933,165.79904686287017,,,none,30.0,70,2,monophasic
Modulated_autosave_20260715_171433_605ms,Flex. carpi rad. (L),L_The_ED_FD_FCR D,6,166.79904686287017,174.79904686287017,199.1588562354435,,,none,30.0,70,2,monophasic
Modulated_autosave_20260715_171433_605ms,Flex. carpi rad. (L),L_The_ED_FD_FCR D,7,200.1588562354435,208.1588562354435,232.51866560801682,,,none,30.0,70,2,monophasic
Modulated_autosave_20260715_171433_605ms,Flex. carpi rad. (L),L_The_ED_FD_FCR D,8,233.51866560801682,241.51866560801682,265.87847497965936,,,none,30.0,70,2,monophasic
Modulated_autosave_20260715_171433_605ms,Flex. carpi rad. (L),L_The_ED_FD_FCR D,9,266.87847497965936,274.87847497965936,299.23828435223265,,,none,30.0,70,2,monophasic
Modulated_autosave_20260715_171433_605ms,Flex. carpi rad. (L),L_The_ED_FD_FCR D,10,300.23828435223265,308.23828435223265,332.59809372480953,,,none,30.0,70,2,monophasic
Modulated_autosave_20260715_171433_605ms,Flex. carpi rad. (L),L_The_ED_FD_FCR D,1,0.7942811753594015,8.794281175359401,32.359809372573324,,,none,30.0,75,2,monophasic
Modulated_autosave_20260715_171433_605ms,Flex. carpi rad. (L),L_The_ED_FD_FCR D,2,33.359809372573324,41.359809372573324,65.71961874514665,,,none,30.0,75,2,monophasic
Modulated_autosave_20260715_171433_605ms,Flex. carpi rad. (L),L_The_ED_FD_FCR D,3,66.71961874514665,74.71961874514665,99.07942811771997,,,none,30.0,75,2,monophasic
Modulated_autosave_20260715_171433_605ms,Flex. carpi rad. (L),L_The_ED_FD_FCR D,4,100.07942811771997,108.07942811771997,132.4392374902933,,,none,30.0,75,2,monophasic
Modulated_autosave_20260715_171433_605ms,Flex. carpi rad. (L),L_The_ED_FD_FCR D,5,133.4392374902933,141.4392374902933,165.79904686287017,,,none,30.0,75,2,monophasic
Modulated_autosave_20260715_171433_605ms,Flex. carpi rad. (L),L_The_ED_FD_FCR D,6,166.79904686287017,174.79904686287017,199.1588562354435,,,none,30.0,75,2,monophasic
Modulated_autosave_20260715_171433_605ms,Flex. carpi rad. (L),L_The_ED_FD_FCR D,7,200.1588562354435,208.1588562354435,232.51866560801682,,,none,30.0,75,2,monophasic
Modulated_autosave_20260715_171433_605ms,Flex. carpi rad. (L),L_The_ED_FD_FCR D,8,233.51866560801682,241.51866560801682,265.87847497965936,,,none,30.0,75,2,monophasic
Modulated_autosave_20260715_171433_605ms,Flex. carpi rad. (L),L_The_ED_FD_FCR D,9,266.87847497965936,274.87847497965936,299.23828435223265,,,none,30.0,75,2,monophasic
Modulated_autosave_20260715_171433_605ms,Flex. carpi rad. (L),L_The_ED_FD_FCR D,10,300.23828435223265,308.23828435223265,332.59809372480953,,,none,30.0,75,2,monophasic
Modulated_autosave_20260715_171433_605ms,Flex. carpi rad. (L),L_The_ED_FD_FCR D,1,0.7942811753594015,8.794281175359401,32.359809372573324,0.012756542069837451,0.012756542069837451,none,30.0,80,2,monophasic
Modulated_autosave_20260715_171433_605ms,Flex. carpi rad. (L),L_The_ED_FD_FCR D,2,33.359809372573324,41.359809372573324,65.71961874514665,,,none,30.0,80,2,monophasic
Modulated_autosave_20260715_171433_605ms,Flex. carpi rad. (L),L_The_ED_FD_FCR D,3,66.71961874514665,74.71961874514665,99.07942811771997,0.00621042214096093,0.00621042214096093,none,30.0,80,2,monophasic
Modulated_autosave_20260715_171433_605ms,Flex. carpi rad. (L),L_The_ED_FD_FCR D,4,100.07942811771997,108.07942811771997,132.4392374902933,0.009399557717429022,0.009399557717429022,none,30.0,80,2,monophasic
Modulated_autosave_20260715_171433_605ms,Flex. carpi rad. (L),L_The_ED_FD_FCR D,5,133.4392374902933,141.4392374902933,165.79904686287017,,,none,30.0,80,2,monophasic
Modulated_autosave_20260715_171433_605ms,Flex. carpi rad. (L),L_The_ED_FD_FCR D,6,166.79904686287017,174.79904686287017,199.1588562354435,,,none,30.0,80,2,monophasic
Modulated_autosave_20260715_171433_605ms,Flex. carpi rad. (L),L_The_ED_FD_FCR D,7,200.1588562354435,208.1588562354435,232.51866560801682,,,none,30.0,80,2,monophasic
Modulated_autosave_20260715_171433_605ms,Flex. carpi rad. (L),L_The_ED_FD_FCR D,8,233.51866560801682,241.51866560801682,265.87847497965936,,,none,30.0,80,2,monophasic
Modulated_autosave_20260715_171433_605ms,Flex. carpi rad. (L),L_The_ED_FD_FCR D,9,266.87847497965936,274.87847497965936,299.23828435223265,0.002685588086014893,0.002685588086014893,none,30.0,80,2,monophasic
Modulated_autosave_20260715_171433_605ms,Flex. carpi rad. (L),L_The_ED_FD_FCR D,10,300.23828435223265,308.23828435223265,332.59809372480953,0.009567407192660112,0.009567407192660112,none,30.0,80,2,monophasic
Modulated_autosave_20260715_171433_605ms,Flex. carpi rad. (L),L_The_ED_FD_FCR D,1,0.7942811753594015,8.794281175359401,32.359809372573324,,,none,30.0,85,2,monophasic
Modulated_autosave_20260715_171433_605ms,Flex. carpi rad. (L),L_The_ED_FD_FCR D,2,33.359809372573324,41.359809372573324,65.71961874514665,,,none,30.0,85,2,monophasic
Modulated_autosave_20260715_171433_605ms,Flex. carpi rad. (L),L_The_ED_FD_FCR D,3,66.71961874514665,74.71961874514665,99.07942811771997,,,none,30.0,85,2,monophasic
Modulated_autosave_20260715_171433_605ms,Flex. carpi rad. (L),L_The_ED_FD_FCR D,4,100.07942811771997,108.07942811771997,132.4392374902933,,,none,30.0,85,2,monophasic
Modulated_autosave_20260715_171433_605ms,Flex. carpi rad. (L),L_The_ED_FD_FCR D,5,133.4392374902933,141.4392374902933,165.79904686287017,,,none,30.0,85,2,monophasic
Modulated_autosave_20260715_171433_605ms,Flex. carpi rad. (L),L_The_ED_FD_FCR D,6,166.79904686287017,174.79904686287017,199.1588562354435,,,none,30.0,85,2,monophasic
Modulated_autosave_20260715_171433_605ms,Flex. carpi rad. (L),L_The_ED_FD_FCR D,7,200.1588562354435,208.1588562354435,232.51866560801682,,,none,30.0,85,2,monophasic
Modulated_autosave_20260715_171433_605ms,Flex. carpi rad. (L),L_The_ED_FD_FCR D,8,233.51866560801682,241.51866560801682,265.87847497965936,,,none,30.0,85,2,monophasic
Modulated_autosave_20260715_171433_605ms,Flex. carpi rad. (L),L_The_ED_FD_FCR D,9,266.87847497965936,274.87847497965936,299.23828435223265,,,none,30.0,85,2,monophasic
Modulated_autosave_20260715_171433_605ms,Flex. carpi rad. (L),L_The_ED_FD_FCR D,10,300.23828435223265,308.23828435223265,332.59809372480953,,,none,30.0,85,2,monophasic
Modulated_autosave_20260715_171433_605ms,Flex. carpi rad. (L),L_The_ED_FD_FCR D,1,0.7942811753594015,8.794281175359401,32.359809372573324,0.009567407192662358,0.009567407192662358,none,30.0,90,2,monophasic
Modulated_autosave_20260715_171433_605ms,Flex. carpi rad. (L),L_The_ED_FD_FCR D,2,33.359809372573324,41.359809372573324,65.71961874514665,0.007385366827145161,0.007385366827145161,none,30.0,90,2,monophasic
Modulated_autosave_20260715_171433_605ms,Flex. carpi rad. (L),L_The_ED_FD_FCR D,3,66.71961874514665,74.71961874514665,99.07942811771997,0.012085145570430108,0.012085145570430108,none,30.0,90,2,monophasic
Modulated_autosave_20260715_171433_605ms,Flex. carpi rad. (L),L_The_ED_FD_FCR D,4,100.07942811771997,108.07942811771997,132.4392374902933,0.005371175932922776,0.005371175932922776,none,30.0,90,2,monophasic
Modulated_autosave_20260715_171433_605ms,Flex. carpi rad. (L),L_The_ED_FD_FCR D,5,133.4392374902933,141.4392374902933,165.79904686287017,0.013427939262607482,0.013427939262607482,none,30.0,90,2,monophasic
Modulated_autosave_20260715_171433_605ms,Flex. carpi rad. (L),L_The_ED_FD_FCR D,6,166.79904686287017,174.79904686287017,199.1588562354435,0.008728160752168194,0.008728160752168194,none,30.0,90,2,monophasic
Modulated_autosave_20260715_171433_605ms,Flex. carpi rad. (L),L_The_ED_FD_FCR D,7,200.1588562354435,208.1588562354435,232.51866560801682,0.004867628214185605,0.004867628214185605,none,30.0,90,2,monophasic
Modulated_autosave_20260715_171433_605ms,Flex. carpi rad. (L),L_The_ED_FD_FCR D,8,233.51866560801682,241.51866560801682,265.87847497965936,0.009063859469781702,0.009063859469781702,none,30.0,90,2,monophasic
Modulated_autosave_20260715_171433_605ms,Flex. carpi rad. (L),L_The_ED_FD_FCR D,9,266.87847497965936,274.87847497965936,299.23828435223265,0.007888914551585871,0.007888914551585871,none,30.0,90,2,monophasic
Modulated_autosave_20260715_171433_605ms,Flex. carpi rad. (L),L_The_ED_FD_FCR D,10,300.23828435223265,308.23828435223265,332.59809372480953,0.007385366829110671,0.007385366829110671,none,30.0,90,2,monophasic
Modulated_autosave_20260715_171433_605ms,Flex. carpi rad. (L),L_The_ED_FD_FCR D,1,0.7942811753594015,8.794281175359401,32.359809372573324,0.016617075307294726,0.016617075307294726,none,30.0,95,2,monophasic
Modulated_autosave_20260715_171433_605ms,Flex. carpi rad. (L),L_The_ED_FD_FCR D,2,33.359809372573324,41.359809372573324,65.71961874514665,0.014770733656650737,0.014770733656650737,none,30.0,95,2,monophasic
Modulated_autosave_20260715_171433_605ms,Flex. carpi rad. (L),L_The_ED_FD_FCR D,3,66.71961874514665,74.71961874514665,99.07942811771997,0.01611352758206717,0.01611352758206717,none,30.0,95,2,monophasic
Modulated_autosave_20260715_171433_605ms,Flex. carpi rad. (L),L_The_ED_FD_FCR D,4,100.07942811771997,108.07942811771997,132.4392374902933,0.01376363774326413,0.01376363774326413,none,30.0,95,2,monophasic
Modulated_autosave_20260715_171433_605ms,Flex. carpi rad. (L),L_The_ED_FD_FCR D,5,133.4392374902933,141.4392374902933,165.79904686287017,0.01443503493507618,0.01443503493507618,none,30.0,95,2,monophasic
Modulated_autosave_20260715_171433_605ms,Flex. carpi rad. (L),L_The_ED_FD_FCR D,6,166.79904686287017,174.79904686287017,199.1588562354435,0.002685587853199289,0.002685587853199289,none,30.0,95,2,monophasic
Modulated_autosave_20260715_171433_605ms,Flex. carpi rad. (L),L_The_ED_FD_FCR D,7,200.1588562354435,208.1588562354435,232.51866560801682,0.014435034941384128,0.014435034941384128,none,30.0,95,2,monophasic
Modulated_autosave_20260715_171433_605ms,Flex. carpi rad. (L),L_The_ED_FD_FCR D,8,233.51866560801682,241.51866560801682,265.87847497965936,0.008728160750201185,0.008728160750201185,none,30.0,95,2,monophasic
Modulated_autosave_20260715_171433_605ms,Flex. carpi rad. (L),L_The_ED_FD_FCR D,9,266.87847497965936,274.87847497965936,299.23828435223265,0.012756542765565057,0.012756542765565057,none,30.0,95,2,monophasic
Modulated_autosave_20260715_171433_605ms,Flex. carpi rad. (L),L_The_ED_FD_FCR D,10,300.23828435223265,308.23828435223265,332.59809372480953,0.01023880345746873,0.01023880345746873,none,30.0,95,2,monophasic
Modulated_autosave_20260715_171433_605ms,Flex. carpi rad. (L),L_The_ED_FD_FCR D,1,0.7942811753594015,8.794281175359401,32.359809372573324,0.01745632104575634,0.01745632104575634,none,30.0,100,2,monophasic
Modulated_autosave_20260715_171433_605ms,Flex. carpi rad. (L),L_The_ED_FD_FCR D,2,33.359809372573324,41.359809372573324,65.71961874514665,0.02081330584454485,0.02081330584454485,none,30.0,100,2,monophasic
Modulated_autosave_20260715_171433_605ms,Flex. carpi rad. (L),L_The_ED_FD_FCR D,3,66.71961874514665,74.71961874514665,99.07942811771997,0.016784924544165768,0.016784924544165768,none,30.0,100,2,monophasic
Modulated_autosave_20260715_171433_605ms,Flex. carpi rad. (L),L_The_ED_FD_FCR D,4,100.07942811771997,108.07942811771997,132.4392374902933,0.014602884183740273,0.014602884183740273,none,30.0,100,2,monophasic
Modulated_autosave_20260715_171433_605ms,Flex. carpi rad. (L),L_The_ED_FD_FCR D,5,133.4392374902933,141.4392374902933,165.79904686287017,0.016449226066468644,0.016449226066468644,none,30.0,100,2,monophasic
Modulated_autosave_20260715_171433_605ms,Flex. carpi rad. (L),L_The_ED_FD_FCR D,6,166.79904686287017,174.79904686287017,199.1588562354435,0.014770733658224344,0.014770733658224344,none,30.0,100,2,monophasic
Modulated_autosave_20260715_171433_605ms,Flex. carpi rad. (L),L_The_ED_FD_FCR D,7,200.1588562354435,208.1588562354435,232.51866560801682,0.009399557718980107,0.009399557718980107,none,30.0,100,2,monophasic
Modulated_autosave_20260715_171433_605ms,Flex. carpi rad. (L),L_The_ED_FD_FCR D,8,233.51866560801682,241.51866560801682,265.87847497965936,0.02484168764200183,0.02484168764200183,none,30.0,100,2,monophasic
Modulated_autosave_20260715_171433_605ms,Flex. carpi rad. (L),L_The_ED_FD_FCR D,9,266.87847497965936,274.87847497965936,299.23828435223265,0.0107423511755985,0.0107423511755985,none,30.0,100,2,monophasic
Modulated_autosave_20260715_171433_605ms,Flex. carpi rad. (L),L_The_ED_FD_FCR D,10,300.23828435223265,308.23828435223265,332.59809372480953,0.01376363821149975,0.01376363821149975,none,30.0,100,2,monophasic
Modulated_autosave_20260715_171433_605ms,Flex. carpi rad. (L),L_The_ED_FD_FCR D,1,0.7942811753594015,8.794281175359401,32.359809372573324,0.03843747638165951,0.03843747638165951,none,30.0,105,2,monophasic
Modulated_autosave_20260715_171433_605ms,Flex. carpi rad. (L),L_The_ED_FD_FCR D,2,33.359809372573324,41.359809372573324,65.71961874514665,0.020477607841539246,0.020477607841539246,none,30.0,105,2,monophasic
Modulated_autosave_20260715_171433_605ms,Flex. carpi rad. (L),L_The_ED_FD_FCR D,3,66.71961874514665,74.71961874514665,99.07942811771997,0.01477073365819882,0.01477073365819882,none,30.0,105,2,monophasic
Modulated_autosave_20260715_171433_605ms,Flex. carpi rad. (L),L_The_ED_FD_FCR D,4,100.07942811771997,108.07942811771997,132.4392374902933,0.04464789852024201,0.04464789852024201,none,30.0,105,2,monophasic
Modulated_autosave_20260715_171433_605ms,Flex. carpi rad. (L),L_The_ED_FD_FCR D,5,133.4392374902933,141.4392374902933,165.79904686287017,0.018799114969208768,0.018799114969208768,none,30.0,105,2,monophasic
Modulated_autosave_20260715_171433_605ms,Flex. carpi rad. (L),L_The_ED_FD_FCR D,6,166.79904686287017,174.79904686287017,199.1588562354435,0.023331045169371258,0.023331045169371258,none,30.0,105,2,monophasic
Modulated_autosave_20260715_171433_605ms,Flex. carpi rad. (L),L_The_ED_FD_FCR D,7,200.1588562354435,208.1588562354435,232.51866560801682,0.021484703291207552,0.021484703291207552,none,30.0,105,2,monophasic
Modulated_autosave_20260715_171433_605ms,Flex. carpi rad. (L),L_The_ED_FD_FCR D,8,233.51866560801682,241.51866560801682,265.87847497965936,0.045990692451561725,0.045990692451561725,none,30.0,105,2,monophasic
Modulated_autosave_20260715_171433_605ms,Flex. carpi rad. (L),L_The_ED_FD_FCR D,9,266.87847497965936,274.87847497965936,299.23828435223265,0.011917296556515699,0.011917296556515699,none,30.0,105,2,monophasic
Modulated_autosave_20260715_171433_605ms,Flex. carpi rad. (L),L_The_ED_FD_FCR D,10,300.23828435223265,308.23828435223265,332.59809372480953,0.028030823916184062,0.028030823916184062,none,30.0,105,2,monophasic
Modulated_autosave_20260715_171433_605ms,Flex. carpi rad. (L),L_The_ED_FD_FCR D,1,0.7942811753594015,8.794281175359401,32.359809372573324,,,none,30.0,110,2,monophasic
Modulated_autosave_20260715_171433_605ms,Flex. carpi rad. (L),L_The_ED_FD_FCR D,2,33.359809372573324,41.359809372573324,65.71961874514665,0.055054550980627254,0.055054550980627254,none,30.0,110,2,monophasic
Modulated_autosave_20260715_171433_605ms,Flex. carpi rad. (L),L_The_ED_FD_FCR D,3,66.71961874514665,74.71961874514665,99.07942811771997,0.03726253192829165,0.03726253192829165,none,30.0,110,2,monophasic
Modulated_autosave_20260715_171433_605ms,Flex. carpi rad. (L),L_The_ED_FD_FCR D,4,100.07942811771997,108.07942811771997,132.4392374902933,0.030548562292958544,0.030548562292958544,none,30.0,110,2,monophasic
Modulated_autosave_20260715_171433_605ms,Flex. carpi rad. (L),L_The_ED_FD_FCR D,5,133.4392374902933,141.4392374902933,165.79904686287017,0.043305103667035355,0.043305103667035355,none,30.0,110,2,monophasic
Modulated_autosave_20260715_171433_605ms,Flex. carpi rad. (L),L_The_ED_FD_FCR D,6,166.79904686287017,174.79904686287017,199.1588562354435,0.03927672281861305,0.03927672281861305,none,30.0,110,2,monophasic
Modulated_autosave_20260715_171433_605ms,Flex. carpi rad. (L),L_The_ED_FD_FCR D,7,200.1588562354435,208.1588562354435,232.51866560801682,0.027359426952486332,0.027359426952486332,none,30.0,110,2,monophasic
Modulated_autosave_20260715_171433_605ms,Flex. carpi rad. (L),L_The_ED_FD_FCR D,8,233.51866560801682,241.51866560801682,265.87847497965936,0.03558403812345539,0.03558403812345539,none,30.0,110,2,monophasic
Modulated_autosave_20260715_171433_605ms,Flex. carpi rad. (L),L_The_ED_FD_FCR D,9,266.87847497965936,274.87847497965936,299.23828435223265,0.01913481298518154,0.01913481298518154,none,30.0,110,2,monophasic
Modulated_autosave_20260715_171433_605ms,Flex. carpi rad. (L),L_The_ED_FD_FCR D,10,300.23828435223265,308.23828435223265,332.59809372480953,0.040283817795520885,0.040283817795520885,none,30.0,110,2,monophasic
Modulated_autosave_20260715_171433_605ms,Flex. carpi rad. (L),L_The_ED_FD_FCR D,1,0.7942811753594015,8.794281175359401,32.359809372573324,0.04145876131951809,0.04145876131951809,none,30.0,115,2,monophasic
Modulated_autosave_20260715_171433_605ms,Flex. carpi rad. (L),L_The_ED_FD_FCR D,2,33.359809372573324,41.359809372573324,65.71961874514665,0.036591134034097195,0.036591134034097195,none,30.0,115,2,monophasic
Modulated_autosave_20260715_171433_605ms,Flex. carpi rad. (L),L_The_ED_FD_FCR D,3,66.71961874514665,74.71961874514665,99.07942811771997,0.04800488241016865,0.04800488241016865,none,30.0,115,2,monophasic
Modulated_autosave_20260715_171433_605ms,Flex. carpi rad. (L),L_The_ED_FD_FCR D,4,100.07942811771997,108.07942811771997,132.4392374902933,0.04028381779787897,0.04028381779787897,none,30.0,115,2,monophasic
Modulated_autosave_20260715_171433_605ms,Flex. carpi rad. (L),L_The_ED_FD_FCR D,5,133.4392374902933,141.4392374902933,165.79904686287017,0.04095521569250212,0.04095521569250212,none,30.0,115,2,monophasic
Modulated_autosave_20260715_171433_605ms,Flex. carpi rad. (L),L_The_ED_FD_FCR D,6,166.79904686287017,174.79904686287017,199.1588562354435,0.04431219957137672,0.04431219957137672,none,30.0,115,2,monophasic
Modulated_autosave_20260715_171433_605ms,Flex. carpi rad. (L),L_The_ED_FD_FCR D,7,200.1588562354435,208.1588562354435,232.51866560801682,0.042298007756471634,0.042298007756471634,none,30.0,115,2,monophasic
Modulated_autosave_20260715_171433_605ms,Flex. carpi rad. (L),L_The_ED_FD_FCR D,8,233.51866560801682,241.51866560801682,265.87847497965936,0.037933927960300436,0.037933927960300436,none,30.0,115,2,monophasic
Modulated_autosave_20260715_171433_605ms,Flex. carpi rad. (L),L_The_ED_FD_FCR D,9,266.87847497965936,274.87847497965936,299.23828435223265,0.040283817797885604,0.040283817797885604,none,30.0,115,2,monophasic
Modulated_autosave_20260715_171433_605ms,Flex. carpi rad. (L),L_The_ED_FD_FCR D,10,300.23828435223265,308.23828435223265,332.59809372480953,0.04145876318196503,0.04145876318196503,none,30.0,115,2,monophasic
Modulated_autosave_20260715_171433_605ms,Flex. carpi rad. (L),L_The_ED_FD_FCR D,1,0.7942811753594015,8.794281175359401,32.359809372573324,0.028198671527206898,0.028198671527206898,none,30.0,120,2,monophasic
Modulated_autosave_20260715_171433_605ms,Flex. carpi rad. (L),L_The_ED_FD_FCR D,2,33.359809372573324,41.359809372573324,65.71961874514665,0.04464789852499962,0.04464789852499962,none,30.0,120,2,monophasic
Modulated_autosave_20260715_171433_605ms,Flex. carpi rad. (L),L_The_ED_FD_FCR D,3,66.71961874514665,74.71961874514665,99.07942811771997,0.040283817793965226,0.040283817793965226,none,30.0,120,2,monophasic
Modulated_autosave_20260715_171433_605ms,Flex. carpi rad. (L),L_The_ED_FD_FCR D,4,100.07942811771997,108.07942811771997,132.4392374902933,0.027527275953980877,0.027527275953980877,none,30.0,120,2,monophasic
Modulated_autosave_20260715_171433_605ms,Flex. carpi rad. (L),L_The_ED_FD_FCR D,5,133.4392374902933,141.4392374902933,165.79904686287017,0.044312199577679415,0.044312199577679415,none,30.0,120,2,monophasic
Modulated_autosave_20260715_171433_605ms,Flex. carpi rad. (L),L_The_ED_FD_FCR D,6,166.79904686287017,174.79904686287017,199.1588562354435,0.04028381779789624,0.04028381779789624,none,30.0,120,2,monophasic
Modulated_autosave_20260715_171433_605ms,Flex. carpi rad. (L),L_The_ED_FD_FCR D,7,200.1588562354435,208.1588562354435,232.51866560801682,0.03692683205008507,0.03692683205008507,none,30.0,120,2,monophasic
Modulated_autosave_20260715_171433_605ms,Flex. carpi rad. (L),L_The_ED_FD_FCR D,8,233.51866560801682,241.51866560801682,265.87847497965936,0.016784924312139946,0.016784924312139946,none,30.0,120,2,monophasic
Modulated_autosave_20260715_171433_605ms,Flex. carpi rad. (L),L_The_ED_FD_FCR D,9,266.87847497965936,274.87847497965936,299.23828435223265,0.03743038046236816,0.03743038046236816,none,30.0,120,2,monophasic
Modulated_autosave_20260715_171433_605ms,Flex. carpi rad. (L),L_The_ED_FD_FCR D,10,300.23828435223265,308.23828435223265,332.59809372480953,0.041626611719774796,0.041626611719774796,none,30.0,120,2,monophasic
Modulated_autosave_20260715_171433_605ms,Flex. carpi rad. (L),L_The_ED_FD_FCR D,1,0.7942811753594015,8.794281175359401,32.359809372573324,0.04800488241016865,0.04800488241016865,none,30.0,125,2,monophasic
Modulated_autosave_20260715_171433_605ms,Flex. carpi rad. (L),L_The_ED_FD_FCR D,2,33.359809372573324,41.359809372573324,65.71961874514665,0.035584038123488426,0.035584038123488426,none,30.0,125,2,monophasic
Modulated_autosave_20260715_171433_605ms,Flex. carpi rad. (L),L_The_ED_FD_FCR D,3,66.71961874514665,74.71961874514665,99.07942811771997,0.04565499350428581,0.04565499350428581,none,30.0,125,2,monophasic
Modulated_autosave_20260715_171433_605ms,Flex. carpi rad. (L),L_The_ED_FD_FCR D,4,100.07942811771997,108.07942811771997,132.4392374902933,0.030212862876456702,0.030212862876456702,none,30.0,125,2,monophasic
Modulated_autosave_20260715_171433_605ms,Flex. carpi rad. (L),L_The_ED_FD_FCR D,5,133.4392374902933,141.4392374902933,165.79904686287017,0.02551308483737627,0.02551308483737627,none,30.0,125,2,monophasic
Modulated_autosave_20260715_171433_605ms,Flex. carpi rad. (L),L_The_ED_FD_FCR D,6,166.79904686287017,174.79904686287017,199.1588562354435,0.041626611724299184,0.041626611724299184,none,30.0,125,2,monophasic
Modulated_autosave_20260715_171433_605ms,Flex. carpi rad. (L),L_The_ED_FD_FCR D,7,200.1588562354435,208.1588562354435,232.51866560801682,0.03491264115704289,0.03491264115704289,none,30.0,125,2,monophasic
Modulated_autosave_20260715_171433_605ms,Flex. carpi rad. (L),L_The_ED_FD_FCR D,8,233.51866560801682,241.51866560801682,265.87847497965936,0.027527275960862407,0.027527275960862407,none,30.0,125,2,monophasic
Modulated_autosave_20260715_171433_605ms,Flex. carpi rad. (L),L_The_ED_FD_FCR D,9,266.87847497965936,274.87847497965936,299.23828435223265,0.03810177742468451,0.03810177742468451,none,30.0,125,2,monophasic
Modulated_autosave_20260715_171433_605ms,Flex. carpi rad. (L),L_The_ED_FD_FCR D,10,300.23828435223265,308.23828435223265,332.59809372480953,0.01846341625784465,0.01846341625784465,none,30.0,125,2,monophasic
Modulated_autosave_20260715_171433_605ms,Deltoid med. (R),R_DELmed,1,0.7942811753594015,8.794281175359401,32.359809372573324,,,none,30.0,30,2,monophasic
Modulated_autosave_20260715_171433_605ms,Deltoid med. (R),R_DELmed,2,33.359809372573324,41.359809372573324,65.71961874514665,,,none,30.0,30,2,monophasic
Modulated_autosave_20260715_171433_605ms,Deltoid med. (R),R_DELmed,3,66.71961874514665,74.71961874514665,99.07942811771997,,,none,30.0,30,2,monophasic
Modulated_autosave_20260715_171433_605ms,Deltoid med. (R),R_DELmed,4,100.07942811771997,108.07942811771997,132.4392374902933,,,none,30.0,30,2,monophasic
Modulated_autosave_20260715_171433_605ms,Deltoid med. (R),R_DELmed,5,133.4392374902933,141.4392374902933,165.79904686287017,,,none,30.0,30,2,monophasic
Modulated_autosave_20260715_171433_605ms,Deltoid med. (R),R_DELmed,6,166.79904686287017,174.79904686287017,199.1588562354435,,,none,30.0,30,2,monophasic
Modulated_autosave_20260715_171433_605ms,Deltoid med. (R),R_DELmed,7,200.1588562354435,208.1588562354435,232.51866560801682,,,none,30.0,30,2,monophasic
Modulated_autosave_20260715_171433_605ms,Deltoid med. (R),R_DELmed,8,233.51866560801682,241.51866560801682,265.87847497965936,,,none,30.0,30,2,monophasic
Modulated_autosave_20260715_171433_605ms,Deltoid med. (R),R_DELmed,9,266.87847497965936,274.87847497965936,299.23828435223265,,,none,30.0,30,2,monophasic
Modulated_autosave_20260715_171433_605ms,Deltoid med. (R),R_DELmed,10,300.23828435223265,308.23828435223265,332.59809372480953,,,none,30.0,30,2,monophasic
Modulated_autosave_20260715_171433_605ms,Deltoid med. (R),R_DELmed,1,0.7942811753594015,8.794281175359401,32.359809372573324,,,none,30.0,35,2,monophasic
Modulated_autosave_20260715_171433_605ms,Deltoid med. (R),R_DELmed,2,33.359809372573324,41.359809372573324,65.71961874514665,,,none,30.0,35,2,monophasic
Modulated_autosave_20260715_171433_605ms,Deltoid med. (R),R_DELmed,3,66.71961874514665,74.71961874514665,99.07942811771997,,,none,30.0,35,2,monophasic
Modulated_autosave_20260715_171433_605ms,Deltoid med. (R),R_DELmed,4,100.07942811771997,108.07942811771997,132.4392374902933,,,none,30.0,35,2,monophasic
Modulated_autosave_20260715_171433_605ms,Deltoid med. (R),R_DELmed,5,133.4392374902933,141.4392374902933,165.79904686287017,,,none,30.0,35,2,monophasic
Modulated_autosave_20260715_171433_605ms,Deltoid med. (R),R_DELmed,6,166.79904686287017,174.79904686287017,199.1588562354435,,,none,30.0,35,2,monophasic
Modulated_autosave_20260715_171433_605ms,Deltoid med. (R),R_DELmed,7,200.1588562354435,208.1588562354435,232.51866560801682,,,none,30.0,35,2,monophasic
Modulated_autosave_20260715_171433_605ms,Deltoid med. (R),R_DELmed,8,233.51866560801682,241.51866560801682,265.87847497965936,,,none,30.0,35,2,monophasic
Modulated_autosave_20260715_171433_605ms,Deltoid med. (R),R_DELmed,9,266.87847497965936,274.87847497965936,299.23828435223265,,,none,30.0,35,2,monophasic
Modulated_autosave_20260715_171433_605ms,Deltoid med. (R),R_DELmed,10,300.23828435223265,308.23828435223265,332.59809372480953,,,none,30.0,35,2,monophasic
Modulated_autosave_20260715_171433_605ms,Deltoid med. (R),R_DELmed,1,0.7942811753594015,8.794281175359401,32.359809372573324,,,none,30.0,40,2,monophasic
Modulated_autosave_20260715_171433_605ms,Deltoid med. (R),R_DELmed,2,33.359809372573324,41.359809372573324,65.71961874514665,,,none,30.0,40,2,monophasic
Modulated_autosave_20260715_171433_605ms,Deltoid med. (R),R_DELmed,3,66.71961874514665,74.71961874514665,99.07942811771997,,,none,30.0,40,2,monophasic
Modulated_autosave_20260715_171433_605ms,Deltoid med. (R),R_DELmed,4,100.07942811771997,108.07942811771997,132.4392374902933,,,none,30.0,40,2,monophasic
Modulated_autosave_20260715_171433_605ms,Deltoid med. (R),R_DELmed,5,133.4392374902933,141.4392374902933,165.79904686287017,,,none,30.0,40,2,monophasic
Modulated_autosave_20260715_171433_605ms,Deltoid med. (R),R_DELmed,6,166.79904686287017,174.79904686287017,199.1588562354435,,,none,30.0,40,2,monophasic
Modulated_autosave_20260715_171433_605ms,Deltoid med. (R),R_DELmed,7,200.1588562354435,208.1588562354435,232.51866560801682,,,none,30.0,40,2,monophasic
Modulated_autosave_20260715_171433_605ms,Deltoid med. (R),R_DELmed,8,233.51866560801682,241.51866560801682,265.87847497965936,,,none,30.0,40,2,monophasic
Modulated_autosave_20260715_171433_605ms,Deltoid med. (R),R_DELmed,9,266.87847497965936,274.87847497965936,299.23828435223265,,,none,30.0,40,2,monophasic
Modulated_autosave_20260715_171433_605ms,Deltoid med. (R),R_DELmed,10,300.23828435223265,308.23828435223265,332.59809372480953,,,none,30.0,40,2,monophasic
Modulated_autosave_20260715_171433_605ms,Deltoid med. (R),R_DELmed,1,0.7942811753594015,8.794281175359401,32.359809372573324,,,none,30.0,45,2,monophasic
Modulated_autosave_20260715_171433_605ms,Deltoid med. (R),R_DELmed,2,33.359809372573324,41.359809372573324,65.71961874514665,,,none,30.0,45,2,monophasic
Modulated_autosave_20260715_171433_605ms,Deltoid med. (R),R_DELmed,3,66.71961874514665,74.71961874514665,99.07942811771997,,,none,30.0,45,2,monophasic
Modulated_autosave_20260715_171433_605ms,Deltoid med. (R),R_DELmed,4,100.07942811771997,108.07942811771997,132.4392374902933,,,none,30.0,45,2,monophasic
Modulated_autosave_20260715_171433_605ms,Deltoid med. (R),R_DELmed,5,133.4392374902933,141.4392374902933,165.79904686287017,,,none,30.0,45,2,monophasic
Modulated_autosave_20260715_171433_605ms,Deltoid med. (R),R_DELmed,6,166.79904686287017,174.79904686287017,199.1588562354435,,,none,30.0,45,2,monophasic
Modulated_autosave_20260715_171433_605ms,Deltoid med. (R),R_DELmed,7,200.1588562354435,208.1588562354435,232.51866560801682,,,none,30.0,45,2,monophasic
Modulated_autosave_20260715_171433_605ms,Deltoid med. (R),R_DELmed,8,233.51866560801682,241.51866560801682,265.87847497965936,,,none,30.0,45,2,monophasic
Modulated_autosave_20260715_171433_605ms,Deltoid med. (R),R_DELmed,9,266.87847497965936,274.87847497965936,299.23828435223265,,,none,30.0,45,2,monophasic
Modulated_autosave_20260715_171433_605ms,Deltoid med. (R),R_DELmed,10,300.23828435223265,308.23828435223265,332.59809372480953,,,none,30.0,45,2,monophasic
Modulated_autosave_20260715_171433_605ms,Deltoid med. (R),R_DELmed,1,0.7942811753594015,8.794281175359401,32.359809372573324,,,none,30.0,50,2,monophasic
Modulated_autosave_20260715_171433_605ms,Deltoid med. (R),R_DELmed,2,33.359809372573324,41.359809372573324,65.71961874514665,,,none,30.0,50,2,monophasic
Modulated_autosave_20260715_171433_605ms,Deltoid med. (R),R_DELmed,3,66.71961874514665,74.71961874514665,99.07942811771997,,,none,30.0,50,2,monophasic
Modulated_autosave_20260715_171433_605ms,Deltoid med. (R),R_DELmed,4,100.07942811771997,108.07942811771997,132.4392374902933,,,none,30.0,50,2,monophasic
Modulated_autosave_20260715_171433_605ms,Deltoid med. (R),R_DELmed,5,133.4392374902933,141.4392374902933,165.79904686287017,,,none,30.0,50,2,monophasic
Modulated_autosave_20260715_171433_605ms,Deltoid med. (R),R_DELmed,6,166.79904686287017,174.79904686287017,199.1588562354435,,,none,30.0,50,2,monophasic
Modulated_autosave_20260715_171433_605ms,Deltoid med. (R),R_DELmed,7,200.1588562354435,208.1588562354435,232.51866560801682,,,none,30.0,50,2,monophasic
Modulated_autosave_20260715_171433_605ms,Deltoid med. (R),R_DELmed,8,233.51866560801682,241.51866560801682,265.87847497965936,,,none,30.0,50,2,monophasic
Modulated_autosave_20260715_171433_605ms,Deltoid med. (R),R_DELmed,9,266.87847497965936,274.87847497965936,299.23828435223265,,,none,30.0,50,2,monophasic
Modulated_autosave_20260715_171433_605ms,Deltoid med. (R),R_DELmed,10,300.23828435223265,308.23828435223265,332.59809372480953,,,none,30.0,50,2,monophasic
Modulated_autosave_20260715_171433_605ms,Deltoid med. (R),R_DELmed,1,0.7942811753594015,8.794281175359401,32.359809372573324,,,none,30.0,55,2,monophasic
Modulated_autosave_20260715_171433_605ms,Deltoid med. (R),R_DELmed,2,33.359809372573324,41.359809372573324,65.71961874514665,,,none,30.0,55,2,monophasic
Modulated_autosave_20260715_171433_605ms,Deltoid med. (R),R_DELmed,3,66.71961874514665,74.71961874514665,99.07942811771997,,,none,30.0,55,2,monophasic
Modulated_autosave_20260715_171433_605ms,Deltoid med. (R),R_DELmed,4,100.07942811771997,108.07942811771997,132.4392374902933,,,none,30.0,55,2,monophasic
Modulated_autosave_20260715_171433_605ms,Deltoid med. (R),R_DELmed,5,133.4392374902933,141.4392374902933,165.79904686287017,,,none,30.0,55,2,monophasic
Modulated_autosave_20260715_171433_605ms,Deltoid med. (R),R_DELmed,6,166.79904686287017,174.79904686287017,199.1588562354435,,,none,30.0,55,2,monophasic
Modulated_autosave_20260715_171433_605ms,Deltoid med. (R),R_DELmed,7,200.1588562354435,208.1588562354435,232.51866560801682,,,none,30.0,55,2,monophasic
Modulated_autosave_20260715_171433_605ms,Deltoid med. (R),R_DELmed,8,233.51866560801682,241.51866560801682,265.87847497965936,,,none,30.0,55,2,monophasic
Modulated_autosave_20260715_171433_605ms,Deltoid med. (R),R_DELmed,9,266.87847497965936,274.87847497965936,299.23828435223265,,,none,30.0,55,2,monophasic
Modulated_autosave_20260715_171433_605ms,Deltoid med. (R),R_DELmed,10,300.23828435223265,308.23828435223265,332.59809372480953,,,none,30.0,55,2,monophasic
Modulated_autosave_20260715_171433_605ms,Deltoid med. (R),R_DELmed,1,0.7942811753594015,8.794281175359401,32.359809372573324,,,none,30.0,60,2,monophasic
Modulated_autosave_20260715_171433_605ms,Deltoid med. (R),R_DELmed,2,33.359809372573324,41.359809372573324,65.71961874514665,,,none,30.0,60,2,monophasic
Modulated_autosave_20260715_171433_605ms,Deltoid med. (R),R_DELmed,3,66.71961874514665,74.71961874514665,99.07942811771997,,,none,30.0,60,2,monophasic
Modulated_autosave_20260715_171433_605ms,Deltoid med. (R),R_DELmed,4,100.07942811771997,108.07942811771997,132.4392374902933,,,none,30.0,60,2,monophasic
Modulated_autosave_20260715_171433_605ms,Deltoid med. (R),R_DELmed,5,133.4392374902933,141.4392374902933,165.79904686287017,,,none,30.0,60,2,monophasic
Modulated_autosave_20260715_171433_605ms,Deltoid med. (R),R_DELmed,6,166.79904686287017,174.79904686287017,199.1588562354435,,,none,30.0,60,2,monophasic
Modulated_autosave_20260715_171433_605ms,Deltoid med. (R),R_DELmed,7,200.1588562354435,208.1588562354435,232.51866560801682,,,none,30.0,60,2,monophasic
Modulated_autosave_20260715_171433_605ms,Deltoid med. (R),R_DELmed,8,233.51866560801682,241.51866560801682,265.87847497965936,,,none,30.0,60,2,monophasic
Modulated_autosave_20260715_171433_605ms,Deltoid med. (R),R_DELmed,9,266.87847497965936,274.87847497965936,299.23828435223265,,,none,30.0,60,2,monophasic
Modulated_autosave_20260715_171433_605ms,Deltoid med. (R),R_DELmed,10,300.23828435223265,308.23828435223265,332.59809372480953,,,none,30.0,60,2,monophasic
Modulated_autosave_20260715_171433_605ms,Deltoid med. (R),R_DELmed,1,0.7942811753594015,8.794281175359401,32.359809372573324,,,none,30.0,65,2,monophasic
Modulated_autosave_20260715_171433_605ms,Deltoid med. (R),R_DELmed,2,33.359809372573324,41.359809372573324,65.71961874514665,,,none,30.0,65,2,monophasic
Modulated_autosave_20260715_171433_605ms,Deltoid med. (R),R_DELmed,3,66.71961874514665,74.71961874514665,99.07942811771997,,,none,30.0,65,2,monophasic
Modulated_autosave_20260715_171433_605ms,Deltoid med. (R),R_DELmed,4,100.07942811771997,108.07942811771997,132.4392374902933,,,none,30.0,65,2,monophasic
Modulated_autosave_20260715_171433_605ms,Deltoid med. (R),R_DELmed,5,133.4392374902933,141.4392374902933,165.79904686287017,,,none,30.0,65,2,monophasic
Modulated_autosave_20260715_171433_605ms,Deltoid med. (R),R_DELmed,6,166.79904686287017,174.79904686287017,199.1588562354435,,,none,30.0,65,2,monophasic
Modulated_autosave_20260715_171433_605ms,Deltoid med. (R),R_DELmed,7,200.1588562354435,208.1588562354435,232.51866560801682,,,none,30.0,65,2,monophasic
Modulated_autosave_20260715_171433_605ms,Deltoid med. (R),R_DELmed,8,233.51866560801682,241.51866560801682,265.87847497965936,,,none,30.0,65,2,monophasic
Modulated_autosave_20260715_171433_605ms,Deltoid med. (R),R_DELmed,9,266.87847497965936,274.87847497965936,299.23828435223265,,,none,30.0,65,2,monophasic
Modulated_autosave_20260715_171433_605ms,Deltoid med. (R),R_DELmed,10,300.23828435223265,308.23828435223265,332.59809372480953,,,none,30.0,65,2,monophasic
Modulated_autosave_20260715_171433_605ms,Deltoid med. (R),R_DELmed,1,0.7942811753594015,8.794281175359401,32.359809372573324,,,none,30.0,70,2,monophasic
Modulated_autosave_20260715_171433_605ms,Deltoid med. (R),R_DELmed,2,33.359809372573324,41.359809372573324,65.71961874514665,,,none,30.0,70,2,monophasic
Modulated_autosave_20260715_171433_605ms,Deltoid med. (R),R_DELmed,3,66.71961874514665,74.71961874514665,99.07942811771997,,,none,30.0,70,2,monophasic
Modulated_autosave_20260715_171433_605ms,Deltoid med. (R),R_DELmed,4,100.07942811771997,108.07942811771997,132.4392374902933,,,none,30.0,70,2,monophasic
Modulated_autosave_20260715_171433_605ms,Deltoid med. (R),R_DELmed,5,133.4392374902933,141.4392374902933,165.79904686287017,,,none,30.0,70,2,monophasic
Modulated_autosave_20260715_171433_605ms,Deltoid med. (R),R_DELmed,6,166.79904686287017,174.79904686287017,199.1588562354435,,,none,30.0,70,2,monophasic
Modulated_autosave_20260715_171433_605ms,Deltoid med. (R),R_DELmed,7,200.1588562354435,208.1588562354435,232.51866560801682,,,none,30.0,70,2,monophasic
Modulated_autosave_20260715_171433_605ms,Deltoid med. (R),R_DELmed,8,233.51866560801682,241.51866560801682,265.87847497965936,,,none,30.0,70,2,monophasic
Modulated_autosave_20260715_171433_605ms,Deltoid med. (R),R_DELmed,9,266.87847497965936,274.87847497965936,299.23828435223265,,,none,30.0,70,2,monophasic
Modulated_autosave_20260715_171433_605ms,Deltoid med. (R),R_DELmed,10,300.23828435223265,308.23828435223265,332.59809372480953,,,none,30.0,70,2,monophasic
Modulated_autosave_20260715_171433_605ms,Deltoid med. (R),R_DELmed,1,0.7942811753594015,8.794281175359401,32.359809372573324,,,none,30.0,75,2,monophasic
Modulated_autosave_20260715_171433_605ms,Deltoid med. (R),R_DELmed,2,33.359809372573324,41.359809372573324,65.71961874514665,,,none,30.0,75,2,monophasic
Modulated_autosave_20260715_171433_605ms,Deltoid med. (R),R_DELmed,3,66.71961874514665,74.71961874514665,99.07942811771997,,,none,30.0,75,2,monophasic
Modulated_autosave_20260715_171433_605ms,Deltoid med. (R),R_DELmed,4,100.07942811771997,108.07942811771997,132.4392374902933,,,none,30.0,75,2,monophasic
Modulated_autosave_20260715_171433_605ms,Deltoid med. (R),R_DELmed,5,133.4392374902933,141.4392374902933,165.79904686287017,,,none,30.0,75,2,monophasic
Modulated_autosave_20260715_171433_605ms,Deltoid med. (R),R_DELmed,6,166.79904686287017,174.79904686287017,199.1588562354435,,,none,30.0,75,2,monophasic
Modulated_autosave_20260715_171433_605ms,Deltoid med. (R),R_DELmed,7,200.1588562354435,208.1588562354435,232.51866560801682,,,none,30.0,75,2,monophasic
Modulated_autosave_20260715_171433_605ms,Deltoid med. (R),R_DELmed,8,233.51866560801682,241.51866560801682,265.87847497965936,,,none,30.0,75,2,monophasic
Modulated_autosave_20260715_171433_605ms,Deltoid med. (R),R_DELmed,9,266.87847497965936,274.87847497965936,299.23828435223265,,,none,30.0,75,2,monophasic
Modulated_autosave_20260715_171433_605ms,Deltoid med. (R),R_DELmed,10,300.23828435223265,308.23828435223265,332.59809372480953,,,none,30.0,75,2,monophasic
Modulated_autosave_20260715_171433_605ms,Deltoid med. (R),R_DELmed,1,0.7942811753594015,8.794281175359401,32.359809372573324,,,none,30.0,80,2,monophasic
Modulated_autosave_20260715_171433_605ms,Deltoid med. (R),R_DELmed,2,33.359809372573324,41.359809372573324,65.71961874514665,,,none,30.0,80,2,monophasic
Modulated_autosave_20260715_171433_605ms,Deltoid med. (R),R_DELmed,3,66.71961874514665,74.71961874514665,99.07942811771997,,,none,30.0,80,2,monophasic
Modulated_autosave_20260715_171433_605ms,Deltoid med. (R),R_DELmed,4,100.07942811771997,108.07942811771997,132.4392374902933,,,none,30.0,80,2,monophasic
Modulated_autosave_20260715_171433_605ms,Deltoid med. (R),R_DELmed,5,133.4392374902933,141.4392374902933,165.79904686287017,,,none,30.0,80,2,monophasic
Modulated_autosave_20260715_171433_605ms,Deltoid med. (R),R_DELmed,6,166.79904686287017,174.79904686287017,199.1588562354435,,,none,30.0,80,2,monophasic
Modulated_autosave_20260715_171433_605ms,Deltoid med. (R),R_DELmed,7,200.1588562354435,208.1588562354435,232.51866560801682,,,none,30.0,80,2,monophasic
Modulated_autosave_20260715_171433_605ms,Deltoid med. (R),R_DELmed,8,233.51866560801682,241.51866560801682,265.87847497965936,,,none,30.0,80,2,monophasic
Modulated_autosave_20260715_171433_605ms,Deltoid med. (R),R_DELmed,9,266.87847497965936,274.87847497965936,299.23828435223265,,,none,30.0,80,2,monophasic
Modulated_autosave_20260715_171433_605ms,Deltoid med. (R),R_DELmed,10,300.23828435223265,308.23828435223265,332.59809372480953,,,none,30.0,80,2,monophasic
Modulated_autosave_20260715_171433_605ms,Deltoid med. (R),R_DELmed,1,0.7942811753594015,8.794281175359401,32.359809372573324,,,none,30.0,85,2,monophasic
Modulated_autosave_20260715_171433_605ms,Deltoid med. (R),R_DELmed,2,33.359809372573324,41.359809372573324,65.71961874514665,,,none,30.0,85,2,monophasic
Modulated_autosave_20260715_171433_605ms,Deltoid med. (R),R_DELmed,3,66.71961874514665,74.71961874514665,99.07942811771997,,,none,30.0,85,2,monophasic
Modulated_autosave_20260715_171433_605ms,Deltoid med. (R),R_DELmed,4,100.07942811771997,108.07942811771997,132.4392374902933,,,none,30.0,85,2,monophasic
Modulated_autosave_20260715_171433_605ms,Deltoid med. (R),R_DELmed,5,133.4392374902933,141.4392374902933,165.79904686287017,,,none,30.0,85,2,monophasic
Modulated_autosave_20260715_171433_605ms,Deltoid med. (R),R_DELmed,6,166.79904686287017,174.79904686287017,199.1588562354435,,,none,30.0,85,2,monophasic
Modulated_autosave_20260715_171433_605ms,Deltoid med. (R),R_DELmed,7,200.1588562354435,208.1588562354435,232.51866560801682,,,none,30.0,85,2,monophasic
Modulated_autosave_20260715_171433_605ms,Deltoid med. (R),R_DELmed,8,233.51866560801682,241.51866560801682,265.87847497965936,,,none,30.0,85,2,monophasic
Modulated_autosave_20260715_171433_605ms,Deltoid med. (R),R_DELmed,9,266.87847497965936,274.87847497965936,299.23828435223265,,,none,30.0,85,2,monophasic
Modulated_autosave_20260715_171433_605ms,Deltoid med. (R),R_DELmed,10,300.23828435223265,308.23828435223265,332.59809372480953,,,none,30.0,85,2,monophasic
Modulated_autosave_20260715_171433_605ms,Deltoid med. (R),R_DELmed,1,0.7942811753594015,8.794281175359401,32.359809372573324,,,none,30.0,90,2,monophasic
Modulated_autosave_20260715_171433_605ms,Deltoid med. (R),R_DELmed,2,33.359809372573324,41.359809372573324,65.71961874514665,,,none,30.0,90,2,monophasic
Modulated_autosave_20260715_171433_605ms,Deltoid med. (R),R_DELmed,3,66.71961874514665,74.71961874514665,99.07942811771997,,,none,30.0,90,2,monophasic
Modulated_autosave_20260715_171433_605ms,Deltoid med. (R),R_DELmed,4,100.07942811771997,108.07942811771997,132.4392374902933,,,none,30.0,90,2,monophasic
Modulated_autosave_20260715_171433_605ms,Deltoid med. (R),R_DELmed,5,133.4392374902933,141.4392374902933,165.79904686287017,,,none,30.0,90,2,monophasic
Modulated_autosave_20260715_171433_605ms,Deltoid med. (R),R_DELmed,6,166.79904686287017,174.79904686287017,199.1588562354435,,,none,30.0,90,2,monophasic
Modulated_autosave_20260715_171433_605ms,Deltoid med. (R),R_DELmed,7,200.1588562354435,208.1588562354435,232.51866560801682,,,none,30.0,90,2,monophasic
Modulated_autosave_20260715_171433_605ms,Deltoid med. (R),R_DELmed,8,233.51866560801682,241.51866560801682,265.87847497965936,,,none,30.0,90,2,monophasic
Modulated_autosave_20260715_171433_605ms,Deltoid med. (R),R_DELmed,9,266.87847497965936,274.87847497965936,299.23828435223265,,,none,30.0,90,2,monophasic
Modulated_autosave_20260715_171433_605ms,Deltoid med. (R),R_DELmed,10,300.23828435223265,308.23828435223265,332.59809372480953,,,none,30.0,90,2,monophasic
Modulated_autosave_20260715_171433_605ms,Deltoid med. (R),R_DELmed,1,0.7942811753594015,8.794281175359401,32.359809372573324,,,none,30.0,95,2,monophasic
Modulated_autosave_20260715_171433_605ms,Deltoid med. (R),R_DELmed,2,33.359809372573324,41.359809372573324,65.71961874514665,,,none,30.0,95,2,monophasic
Modulated_autosave_20260715_171433_605ms,Deltoid med. (R),R_DELmed,3,66.71961874514665,74.71961874514665,99.07942811771997,,,none,30.0,95,2,monophasic
Modulated_autosave_20260715_171433_605ms,Deltoid med. (R),R_DELmed,4,100.07942811771997,108.07942811771997,132.4392374902933,,,none,30.0,95,2,monophasic
Modulated_autosave_20260715_171433_605ms,Deltoid med. (R),R_DELmed,5,133.4392374902933,141.4392374902933,165.79904686287017,,,none,30.0,95,2,monophasic
Modulated_autosave_20260715_171433_605ms,Deltoid med. (R),R_DELmed,6,166.79904686287017,174.79904686287017,199.1588562354435,,,none,30.0,95,2,monophasic
Modulated_autosave_20260715_171433_605ms,Deltoid med. (R),R_DELmed,7,200.1588562354435,208.1588562354435,232.51866560801682,,,none,30.0,95,2,monophasic
Modulated_autosave_20260715_171433_605ms,Deltoid med. (R),R_DELmed,8,233.51866560801682,241.51866560801682,265.87847497965936,,,none,30.0,95,2,monophasic
Modulated_autosave_20260715_171433_605ms,Deltoid med. (R),R_DELmed,9,266.87847497965936,274.87847497965936,299.23828435223265,,,none,30.0,95,2,monophasic
Modulated_autosave_20260715_171433_605ms,Deltoid med. (R),R_DELmed,10,300.23828435223265,308.23828435223265,332.59809372480953,,,none,30.0,95,2,monophasic
Modulated_autosave_20260715_171433_605ms,Deltoid med. (R),R_DELmed,1,0.7942811753594015,8.794281175359401,32.359809372573324,,,none,30.0,100,2,monophasic
Modulated_autosave_20260715_171433_605ms,Deltoid med. (R),R_DELmed,2,33.359809372573324,41.359809372573324,65.71961874514665,,,none,30.0,100,2,monophasic
Modulated_autosave_20260715_171433_605ms,Deltoid med. (R),R_DELmed,3,66.71961874514665,74.71961874514665,99.07942811771997,,,none,30.0,100,2,monophasic
Modulated_autosave_20260715_171433_605ms,Deltoid med. (R),R_DELmed,4,100.07942811771997,108.07942811771997,132.4392374902933,,,none,30.0,100,2,monophasic
Modulated_autosave_20260715_171433_605ms,Deltoid med. (R),R_DELmed,5,133.4392374902933,141.4392374902933,165.79904686287017,,,none,30.0,100,2,monophasic
Modulated_autosave_20260715_171433_605ms,Deltoid med. (R),R_DELmed,6,166.79904686287017,174.79904686287017,199.1588562354435,,,none,30.0,100,2,monophasic
Modulated_autosave_20260715_171433_605ms,Deltoid med. (R),R_DELmed,7,200.1588562354435,208.1588562354435,232.51866560801682,,,none,30.0,100,2,monophasic
Modulated_autosave_20260715_171433_605ms,Deltoid med. (R),R_DELmed,8,233.51866560801682,241.51866560801682,265.87847497965936,,,none,30.0,100,2,monophasic
Modulated_autosave_20260715_171433_605ms,Deltoid med. (R),R_DELmed,9,266.87847497965936,274.87847497965936,299.23828435223265,,,none,30.0,100,2,monophasic
Modulated_autosave_20260715_171433_605ms,Deltoid med. (R),R_DELmed,10,300.23828435223265,308.23828435223265,332.59809372480953,,,none,30.0,100,2,monophasic
Modulated_autosave_20260715_171433_605ms,Deltoid med. (R),R_DELmed,1,0.7942811753594015,8.794281175359401,32.359809372573324,,,none,30.0,105,2,monophasic
Modulated_autosave_20260715_171433_605ms,Deltoid med. (R),R_DELmed,2,33.359809372573324,41.359809372573324,65.71961874514665,,,none,30.0,105,2,monophasic
Modulated_autosave_20260715_171433_605ms,Deltoid med. (R),R_DELmed,3,66.71961874514665,74.71961874514665,99.07942811771997,,,none,30.0,105,2,monophasic
Modulated_autosave_20260715_171433_605ms,Deltoid med. (R),R_DELmed,4,100.07942811771997,108.07942811771997,132.4392374902933,,,none,30.0,105,2,monophasic
Modulated_autosave_20260715_171433_605ms,Deltoid med. (R),R_DELmed,5,133.4392374902933,141.4392374902933,165.79904686287017,,,none,30.0,105,2,monophasic
Modulated_autosave_20260715_171433_605ms,Deltoid med. (R),R_DELmed,6,166.79904686287017,174.79904686287017,199.1588562354435,,,none,30.0,105,2,monophasic
Modulated_autosave_20260715_171433_605ms,Deltoid med. (R),R_DELmed,7,200.1588562354435,208.1588562354435,232.51866560801682,,,none,30.0,105,2,monophasic
Modulated_autosave_20260715_171433_605ms,Deltoid med. (R),R_DELmed,8,233.51866560801682,241.51866560801682,265.87847497965936,,,none,30.0,105,2,monophasic
Modulated_autosave_20260715_171433_605ms,Deltoid med. (R),R_DELmed,9,266.87847497965936,274.87847497965936,299.23828435223265,,,none,30.0,105,2,monophasic
Modulated_autosave_20260715_171433_605ms,Deltoid med. (R),R_DELmed,10,300.23828435223265,308.23828435223265,332.59809372480953,,,none,30.0,105,2,monophasic
Modulated_autosave_20260715_171433_605ms,Deltoid med. (R),R_DELmed,1,0.7942811753594015,8.794281175359401,32.359809372573324,,,none,30.0,110,2,monophasic
Modulated_autosave_20260715_171433_605ms,Deltoid med. (R),R_DELmed,2,33.359809372573324,41.359809372573324,65.71961874514665,,,none,30.0,110,2,monophasic
Modulated_autosave_20260715_171433_605ms,Deltoid med. (R),R_DELmed,3,66.71961874514665,74.71961874514665,99.07942811771997,,,none,30.0,110,2,monophasic
Modulated_autosave_20260715_171433_605ms,Deltoid med. (R),R_DELmed,4,100.07942811771997,108.07942811771997,132.4392374902933,,,none,30.0,110,2,monophasic
Modulated_autosave_20260715_171433_605ms,Deltoid med. (R),R_DELmed,5,133.4392374902933,141.4392374902933,165.79904686287017,,,none,30.0,110,2,monophasic
Modulated_autosave_20260715_171433_605ms,Deltoid med. (R),R_DELmed,6,166.79904686287017,174.79904686287017,199.1588562354435,,,none,30.0,110,2,monophasic
Modulated_autosave_20260715_171433_605ms,Deltoid med. (R),R_DELmed,7,200.1588562354435,208.1588562354435,232.51866560801682,,,none,30.0,110,2,monophasic
Modulated_autosave_20260715_171433_605ms,Deltoid med. (R),R_DELmed,8,233.51866560801682,241.51866560801682,265.87847497965936,,,none,30.0,110,2,monophasic
Modulated_autosave_20260715_171433_605ms,Deltoid med. (R),R_DELmed,9,266.87847497965936,274.87847497965936,299.23828435223265,,,none,30.0,110,2,monophasic
Modulated_autosave_20260715_171433_605ms,Deltoid med. (R),R_DELmed,10,300.23828435223265,308.23828435223265,332.59809372480953,,,none,30.0,110,2,monophasic
Modulated_autosave_20260715_171433_605ms,Deltoid med. (R),R_DELmed,1,0.7942811753594015,8.794281175359401,32.359809372573324,,,none,30.0,115,2,monophasic
Modulated_autosave_20260715_171433_605ms,Deltoid med. (R),R_DELmed,2,33.359809372573324,41.359809372573324,65.71961874514665,,,none,30.0,115,2,monophasic
Modulated_autosave_20260715_171433_605ms,Deltoid med. (R),R_DELmed,3,66.71961874514665,74.71961874514665,99.07942811771997,,,none,30.0,115,2,monophasic
Modulated_autosave_20260715_171433_605ms,Deltoid med. (R),R_DELmed,4,100.07942811771997,108.07942811771997,132.4392374902933,,,none,30.0,115,2,monophasic
Modulated_autosave_20260715_171433_605ms,Deltoid med. (R),R_DELmed,5,133.4392374902933,141.4392374902933,165.79904686287017,,,none,30.0,115,2,monophasic
Modulated_autosave_20260715_171433_605ms,Deltoid med. (R),R_DELmed,6,166.79904686287017,174.79904686287017,199.1588562354435,,,none,30.0,115,2,monophasic
Modulated_autosave_20260715_171433_605ms,Deltoid med. (R),R_DELmed,7,200.1588562354435,208.1588562354435,232.51866560801682,,,none,30.0,115,2,monophasic
Modulated_autosave_20260715_171433_605ms,Deltoid med. (R),R_DELmed,8,233.51866560801682,241.51866560801682,265.87847497965936,,,none,30.0,115,2,monophasic
Modulated_autosave_20260715_171433_605ms,Deltoid med. (R),R_DELmed,9,266.87847497965936,274.87847497965936,299.23828435223265,,,none,30.0,115,2,monophasic
Modulated_autosave_20260715_171433_605ms,Deltoid med. (R),R_DELmed,10,300.23828435223265,308.23828435223265,332.59809372480953,,,none,30.0,115,2,monophasic
Modulated_autosave_20260715_171433_605ms,Deltoid med. (R),R_DELmed,1,0.7942811753594015,8.794281175359401,32.359809372573324,,,none,30.0,120,2,monophasic
Modulated_autosave_20260715_171433_605ms,Deltoid med. (R),R_DELmed,2,33.359809372573324,41.359809372573324,65.71961874514665,,,none,30.0,120,2,monophasic
Modulated_autosave_20260715_171433_605ms,Deltoid med. (R),R_DELmed,3,66.71961874514665,74.71961874514665,99.07942811771997,,,none,30.0,120,2,monophasic
Modulated_autosave_20260715_171433_605ms,Deltoid med. (R),R_DELmed,4,100.07942811771997,108.07942811771997,132.4392374902933,,,none,30.0,120,2,monophasic
Modulated_autosave_20260715_171433_605ms,Deltoid med. (R),R_DELmed,5,133.4392374902933,141.4392374902933,165.79904686287017,,,none,30.0,120,2,monophasic
Modulated_autosave_20260715_171433_605ms,Deltoid med. (R),R_DELmed,6,166.79904686287017,174.79904686287017,199.1588562354435,,,none,30.0,120,2,monophasic
Modulated_autosave_20260715_171433_605ms,Deltoid med. (R),R_DELmed,7,200.1588562354435,208.1588562354435,232.51866560801682,,,none,30.0,120,2,monophasic
Modulated_autosave_20260715_171433_605ms,Deltoid med. (R),R_DELmed,8,233.51866560801682,241.51866560801682,265.87847497965936,,,none,30.0,120,2,monophasic
Modulated_autosave_20260715_171433_605ms,Deltoid med. (R),R_DELmed,9,266.87847497965936,274.87847497965936,299.23828435223265,,,none,30.0,120,2,monophasic
Modulated_autosave_20260715_171433_605ms,Deltoid med. (R),R_DELmed,10,300.23828435223265,308.23828435223265,332.59809372480953,,,none,30.0,120,2,monophasic
Modulated_autosave_20260715_171433_605ms,Deltoid med. (R),R_DELmed,1,0.7942811753594015,8.794281175359401,32.359809372573324,,,none,30.0,125,2,monophasic
Modulated_autosave_20260715_171433_605ms,Deltoid med. (R),R_DELmed,2,33.359809372573324,41.359809372573324,65.71961874514665,,,none,30.0,125,2,monophasic
Modulated_autosave_20260715_171433_605ms,Deltoid med. (R),R_DELmed,3,66.71961874514665,74.71961874514665,99.07942811771997,,,none,30.0,125,2,monophasic
Modulated_autosave_20260715_171433_605ms,Deltoid med. (R),R_DELmed,4,100.07942811771997,108.07942811771997,132.4392374902933,,,none,30.0,125,2,monophasic
Modulated_autosave_20260715_171433_605ms,Deltoid med. (R),R_DELmed,5,133.4392374902933,141.4392374902933,165.79904686287017,,,none,30.0,125,2,monophasic
Modulated_autosave_20260715_171433_605ms,Deltoid med. (R),R_DELmed,6,166.79904686287017,174.79904686287017,199.1588562354435,,,none,30.0,125,2,monophasic
Modulated_autosave_20260715_171433_605ms,Deltoid med. (R),R_DELmed,7,200.1588562354435,208.1588562354435,232.51866560801682,,,none,30.0,125,2,monophasic
Modulated_autosave_20260715_171433_605ms,Deltoid med. (R),R_DELmed,8,233.51866560801682,241.51866560801682,265.87847497965936,,,none,30.0,125,2,monophasic
Modulated_autosave_20260715_171433_605ms,Deltoid med. (R),R_DELmed,9,266.87847497965936,274.87847497965936,299.23828435223265,,,none,30.0,125,2,monophasic
Modulated_autosave_20260715_171433_605ms,Deltoid med. (R),R_DELmed,10,300.23828435223265,308.23828435223265,332.59809372480953,,,none,30.0,125,2,monophasic
Modulated_autosave_20260715_171433_605ms,Biceps (R),R_BB,1,0.7942811753594015,8.794281175359401,32.359809372573324,,,none,30.0,30,2,monophasic
Modulated_autosave_20260715_171433_605ms,Biceps (R),R_BB,2,33.359809372573324,41.359809372573324,65.71961874514665,,,none,30.0,30,2,monophasic
Modulated_autosave_20260715_171433_605ms,Biceps (R),R_BB,3,66.71961874514665,74.71961874514665,99.07942811771997,,,none,30.0,30,2,monophasic
Modulated_autosave_20260715_171433_605ms,Biceps (R),R_BB,4,100.07942811771997,108.07942811771997,132.4392374902933,,,none,30.0,30,2,monophasic
Modulated_autosave_20260715_171433_605ms,Biceps (R),R_BB,5,133.4392374902933,141.4392374902933,165.79904686287017,,,none,30.0,30,2,monophasic
Modulated_autosave_20260715_171433_605ms,Biceps (R),R_BB,6,166.79904686287017,174.79904686287017,199.1588562354435,,,none,30.0,30,2,monophasic
Modulated_autosave_20260715_171433_605ms,Biceps (R),R_BB,7,200.1588562354435,208.1588562354435,232.51866560801682,,,none,30.0,30,2,monophasic
Modulated_autosave_20260715_171433_605ms,Biceps (R),R_BB,8,233.51866560801682,241.51866560801682,265.87847497965936,,,none,30.0,30,2,monophasic
Modulated_autosave_20260715_171433_605ms,Biceps (R),R_BB,9,266.87847497965936,274.87847497965936,299.23828435223265,,,none,30.0,30,2,monophasic
Modulated_autosave_20260715_171433_605ms,Biceps (R),R_BB,10,300.23828435223265,308.23828435223265,332.59809372480953,,,none,30.0,30,2,monophasic
Modulated_autosave_20260715_171433_605ms,Biceps (R),R_BB,1,0.7942811753594015,8.794281175359401,32.359809372573324,,,none,30.0,35,2,monophasic
Modulated_autosave_20260715_171433_605ms,Biceps (R),R_BB,2,33.359809372573324,41.359809372573324,65.71961874514665,,,none,30.0,35,2,monophasic
Modulated_autosave_20260715_171433_605ms,Biceps (R),R_BB,3,66.71961874514665,74.71961874514665,99.07942811771997,,,none,30.0,35,2,monophasic
Modulated_autosave_20260715_171433_605ms,Biceps (R),R_BB,4,100.07942811771997,108.07942811771997,132.4392374902933,,,none,30.0,35,2,monophasic
Modulated_autosave_20260715_171433_605ms,Biceps (R),R_BB,5,133.4392374902933,141.4392374902933,165.79904686287017,,,none,30.0,35,2,monophasic
Modulated_autosave_20260715_171433_605ms,Biceps (R),R_BB,6,166.79904686287017,174.79904686287017,199.1588562354435,,,none,30.0,35,2,monophasic
Modulated_autosave_20260715_171433_605ms,Biceps (R),R_BB,7,200.1588562354435,208.1588562354435,232.51866560801682,,,none,30.0,35,2,monophasic
Modulated_autosave_20260715_171433_605ms,Biceps (R),R_BB,8,233.51866560801682,241.51866560801682,265.87847497965936,,,none,30.0,35,2,monophasic
Modulated_autosave_20260715_171433_605ms,Biceps (R),R_BB,9,266.87847497965936,274.87847497965936,299.23828435223265,,,none,30.0,35,2,monophasic
Modulated_autosave_20260715_171433_605ms,Biceps (R),R_BB,10,300.23828435223265,308.23828435223265,332.59809372480953,,,none,30.0,35,2,monophasic
Modulated_autosave_20260715_171433_605ms,Biceps (R),R_BB,1,0.7942811753594015,8.794281175359401,32.359809372573324,,,none,30.0,40,2,monophasic
Modulated_autosave_20260715_171433_605ms,Biceps (R),R_BB,2,33.359809372573324,41.359809372573324,65.71961874514665,,,none,30.0,40,2,monophasic
Modulated_autosave_20260715_171433_605ms,Biceps (R),R_BB,3,66.71961874514665,74.71961874514665,99.07942811771997,,,none,30.0,40,2,monophasic
Modulated_autosave_20260715_171433_605ms,Biceps (R),R_BB,4,100.07942811771997,108.07942811771997,132.4392374902933,,,none,30.0,40,2,monophasic
Modulated_autosave_20260715_171433_605ms,Biceps (R),R_BB,5,133.4392374902933,141.4392374902933,165.79904686287017,,,none,30.0,40,2,monophasic
Modulated_autosave_20260715_171433_605ms,Biceps (R),R_BB,6,166.79904686287017,174.79904686287017,199.1588562354435,,,none,30.0,40,2,monophasic
Modulated_autosave_20260715_171433_605ms,Biceps (R),R_BB,7,200.1588562354435,208.1588562354435,232.51866560801682,,,none,30.0,40,2,monophasic
Modulated_autosave_20260715_171433_605ms,Biceps (R),R_BB,8,233.51866560801682,241.51866560801682,265.87847497965936,,,none,30.0,40,2,monophasic
Modulated_autosave_20260715_171433_605ms,Biceps (R),R_BB,9,266.87847497965936,274.87847497965936,299.23828435223265,,,none,30.0,40,2,monophasic
Modulated_autosave_20260715_171433_605ms,Biceps (R),R_BB,10,300.23828435223265,308.23828435223265,332.59809372480953,,,none,30.0,40,2,monophasic
Modulated_autosave_20260715_171433_605ms,Biceps (R),R_BB,1,0.7942811753594015,8.794281175359401,32.359809372573324,,,none,30.0,45,2,monophasic
Modulated_autosave_20260715_171433_605ms,Biceps (R),R_BB,2,33.359809372573324,41.359809372573324,65.71961874514665,,,none,30.0,45,2,monophasic
Modulated_autosave_20260715_171433_605ms,Biceps (R),R_BB,3,66.71961874514665,74.71961874514665,99.07942811771997,,,none,30.0,45,2,monophasic
Modulated_autosave_20260715_171433_605ms,Biceps (R),R_BB,4,100.07942811771997,108.07942811771997,132.4392374902933,,,none,30.0,45,2,monophasic
Modulated_autosave_20260715_171433_605ms,Biceps (R),R_BB,5,133.4392374902933,141.4392374902933,165.79904686287017,,,none,30.0,45,2,monophasic
Modulated_autosave_20260715_171433_605ms,Biceps (R),R_BB,6,166.79904686287017,174.79904686287017,199.1588562354435,,,none,30.0,45,2,monophasic
Modulated_autosave_20260715_171433_605ms,Biceps (R),R_BB,7,200.1588562354435,208.1588562354435,232.51866560801682,,,none,30.0,45,2,monophasic
Modulated_autosave_20260715_171433_605ms,Biceps (R),R_BB,8,233.51866560801682,241.51866560801682,265.87847497965936,,,none,30.0,45,2,monophasic
Modulated_autosave_20260715_171433_605ms,Biceps (R),R_BB,9,266.87847497965936,274.87847497965936,299.23828435223265,,,none,30.0,45,2,monophasic
Modulated_autosave_20260715_171433_605ms,Biceps (R),R_BB,10,300.23828435223265,308.23828435223265,332.59809372480953,,,none,30.0,45,2,monophasic
Modulated_autosave_20260715_171433_605ms,Biceps (R),R_BB,1,0.7942811753594015,8.794281175359401,32.359809372573324,,,none,30.0,50,2,monophasic
Modulated_autosave_20260715_171433_605ms,Biceps (R),R_BB,2,33.359809372573324,41.359809372573324,65.71961874514665,,,none,30.0,50,2,monophasic
Modulated_autosave_20260715_171433_605ms,Biceps (R),R_BB,3,66.71961874514665,74.71961874514665,99.07942811771997,,,none,30.0,50,2,monophasic
Modulated_autosave_20260715_171433_605ms,Biceps (R),R_BB,4,100.07942811771997,108.07942811771997,132.4392374902933,,,none,30.0,50,2,monophasic
Modulated_autosave_20260715_171433_605ms,Biceps (R),R_BB,5,133.4392374902933,141.4392374902933,165.79904686287017,,,none,30.0,50,2,monophasic
Modulated_autosave_20260715_171433_605ms,Biceps (R),R_BB,6,166.79904686287017,174.79904686287017,199.1588562354435,,,none,30.0,50,2,monophasic
Modulated_autosave_20260715_171433_605ms,Biceps (R),R_BB,7,200.1588562354435,208.1588562354435,232.51866560801682,,,none,30.0,50,2,monophasic
Modulated_autosave_20260715_171433_605ms,Biceps (R),R_BB,8,233.51866560801682,241.51866560801682,265.87847497965936,,,none,30.0,50,2,monophasic
Modulated_autosave_20260715_171433_605ms,Biceps (R),R_BB,9,266.87847497965936,274.87847497965936,299.23828435223265,,,none,30.0,50,2,monophasic
Modulated_autosave_20260715_171433_605ms,Biceps (R),R_BB,10,300.23828435223265,308.23828435223265,332.59809372480953,,,none,30.0,50,2,monophasic
Modulated_autosave_20260715_171433_605ms,Biceps (R),R_BB,1,0.7942811753594015,8.794281175359401,32.359809372573324,,,none,30.0,55,2,monophasic
Modulated_autosave_20260715_171433_605ms,Biceps (R),R_BB,2,33.359809372573324,41.359809372573324,65.71961874514665,,,none,30.0,55,2,monophasic
Modulated_autosave_20260715_171433_605ms,Biceps (R),R_BB,3,66.71961874514665,74.71961874514665,99.07942811771997,,,none,30.0,55,2,monophasic
Modulated_autosave_20260715_171433_605ms,Biceps (R),R_BB,4,100.07942811771997,108.07942811771997,132.4392374902933,,,none,30.0,55,2,monophasic
Modulated_autosave_20260715_171433_605ms,Biceps (R),R_BB,5,133.4392374902933,141.4392374902933,165.79904686287017,,,none,30.0,55,2,monophasic
Modulated_autosave_20260715_171433_605ms,Biceps (R),R_BB,6,166.79904686287017,174.79904686287017,199.1588562354435,,,none,30.0,55,2,monophasic
Modulated_autosave_20260715_171433_605ms,Biceps (R),R_BB,7,200.1588562354435,208.1588562354435,232.51866560801682,,,none,30.0,55,2,monophasic
Modulated_autosave_20260715_171433_605ms,Biceps (R),R_BB,8,233.51866560801682,241.51866560801682,265.87847497965936,,,none,30.0,55,2,monophasic
Modulated_autosave_20260715_171433_605ms,Biceps (R),R_BB,9,266.87847497965936,274.87847497965936,299.23828435223265,,,none,30.0,55,2,monophasic
Modulated_autosave_20260715_171433_605ms,Biceps (R),R_BB,10,300.23828435223265,308.23828435223265,332.59809372480953,,,none,30.0,55,2,monophasic
Modulated_autosave_20260715_171433_605ms,Biceps (R),R_BB,1,0.7942811753594015,8.794281175359401,32.359809372573324,,,none,30.0,60,2,monophasic
Modulated_autosave_20260715_171433_605ms,Biceps (R),R_BB,2,33.359809372573324,41.359809372573324,65.71961874514665,,,none,30.0,60,2,monophasic
Modulated_autosave_20260715_171433_605ms,Biceps (R),R_BB,3,66.71961874514665,74.71961874514665,99.07942811771997,,,none,30.0,60,2,monophasic
Modulated_autosave_20260715_171433_605ms,Biceps (R),R_BB,4,100.07942811771997,108.07942811771997,132.4392374902933,,,none,30.0,60,2,monophasic
Modulated_autosave_20260715_171433_605ms,Biceps (R),R_BB,5,133.4392374902933,141.4392374902933,165.79904686287017,,,none,30.0,60,2,monophasic
Modulated_autosave_20260715_171433_605ms,Biceps (R),R_BB,6,166.79904686287017,174.79904686287017,199.1588562354435,,,none,30.0,60,2,monophasic
Modulated_autosave_20260715_171433_605ms,Biceps (R),R_BB,7,200.1588562354435,208.1588562354435,232.51866560801682,,,none,30.0,60,2,monophasic
Modulated_autosave_20260715_171433_605ms,Biceps (R),R_BB,8,233.51866560801682,241.51866560801682,265.87847497965936,,,none,30.0,60,2,monophasic
Modulated_autosave_20260715_171433_605ms,Biceps (R),R_BB,9,266.87847497965936,274.87847497965936,299.23828435223265,,,none,30.0,60,2,monophasic
Modulated_autosave_20260715_171433_605ms,Biceps (R),R_BB,10,300.23828435223265,308.23828435223265,332.59809372480953,,,none,30.0,60,2,monophasic
Modulated_autosave_20260715_171433_605ms,Biceps (R),R_BB,1,0.7942811753594015,8.794281175359401,32.359809372573324,,,none,30.0,65,2,monophasic
Modulated_autosave_20260715_171433_605ms,Biceps (R),R_BB,2,33.359809372573324,41.359809372573324,65.71961874514665,,,none,30.0,65,2,monophasic
Modulated_autosave_20260715_171433_605ms,Biceps (R),R_BB,3,66.71961874514665,74.71961874514665,99.07942811771997,,,none,30.0,65,2,monophasic
Modulated_autosave_20260715_171433_605ms,Biceps (R),R_BB,4,100.07942811771997,108.07942811771997,132.4392374902933,,,none,30.0,65,2,monophasic
Modulated_autosave_20260715_171433_605ms,Biceps (R),R_BB,5,133.4392374902933,141.4392374902933,165.79904686287017,,,none,30.0,65,2,monophasic
Modulated_autosave_20260715_171433_605ms,Biceps (R),R_BB,6,166.79904686287017,174.79904686287017,199.1588562354435,,,none,30.0,65,2,monophasic
Modulated_autosave_20260715_171433_605ms,Biceps (R),R_BB,7,200.1588562354435,208.1588562354435,232.51866560801682,,,none,30.0,65,2,monophasic
Modulated_autosave_20260715_171433_605ms,Biceps (R),R_BB,8,233.51866560801682,241.51866560801682,265.87847497965936,,,none,30.0,65,2,monophasic
Modulated_autosave_20260715_171433_605ms,Biceps (R),R_BB,9,266.87847497965936,274.87847497965936,299.23828435223265,,,none,30.0,65,2,monophasic
Modulated_autosave_20260715_171433_605ms,Biceps (R),R_BB,10,300.23828435223265,308.23828435223265,332.59809372480953,,,none,30.0,65,2,monophasic
Modulated_autosave_20260715_171433_605ms,Biceps (R),R_BB,1,0.7942811753594015,8.794281175359401,32.359809372573324,,,none,30.0,70,2,monophasic
Modulated_autosave_20260715_171433_605ms,Biceps (R),R_BB,2,33.359809372573324,41.359809372573324,65.71961874514665,,,none,30.0,70,2,monophasic
Modulated_autosave_20260715_171433_605ms,Biceps (R),R_BB,3,66.71961874514665,74.71961874514665,99.07942811771997,,,none,30.0,70,2,monophasic
Modulated_autosave_20260715_171433_605ms,Biceps (R),R_BB,4,100.07942811771997,108.07942811771997,132.4392374902933,,,none,30.0,70,2,monophasic
Modulated_autosave_20260715_171433_605ms,Biceps (R),R_BB,5,133.4392374902933,141.4392374902933,165.79904686287017,,,none,30.0,70,2,monophasic
Modulated_autosave_20260715_171433_605ms,Biceps (R),R_BB,6,166.79904686287017,174.79904686287017,199.1588562354435,,,none,30.0,70,2,monophasic
Modulated_autosave_20260715_171433_605ms,Biceps (R),R_BB,7,200.1588562354435,208.1588562354435,232.51866560801682,,,none,30.0,70,2,monophasic
Modulated_autosave_20260715_171433_605ms,Biceps (R),R_BB,8,233.51866560801682,241.51866560801682,265.87847497965936,,,none,30.0,70,2,monophasic
Modulated_autosave_20260715_171433_605ms,Biceps (R),R_BB,9,266.87847497965936,274.87847497965936,299.23828435223265,,,none,30.0,70,2,monophasic
Modulated_autosave_20260715_171433_605ms,Biceps (R),R_BB,10,300.23828435223265,308.23828435223265,332.59809372480953,,,none,30.0,70,2,monophasic
Modulated_autosave_20260715_171433_605ms,Biceps (R),R_BB,1,0.7942811753594015,8.794281175359401,32.359809372573324,,,none,30.0,75,2,monophasic
Modulated_autosave_20260715_171433_605ms,Biceps (R),R_BB,2,33.359809372573324,41.359809372573324,65.71961874514665,,,none,30.0,75,2,monophasic
Modulated_autosave_20260715_171433_605ms,Biceps (R),R_BB,3,66.71961874514665,74.71961874514665,99.07942811771997,,,none,30.0,75,2,monophasic
Modulated_autosave_20260715_171433_605ms,Biceps (R),R_BB,4,100.07942811771997,108.07942811771997,132.4392374902933,,,none,30.0,75,2,monophasic
Modulated_autosave_20260715_171433_605ms,Biceps (R),R_BB,5,133.4392374902933,141.4392374902933,165.79904686287017,,,none,30.0,75,2,monophasic
Modulated_autosave_20260715_171433_605ms,Biceps (R),R_BB,6,166.79904686287017,174.79904686287017,199.1588562354435,,,none,30.0,75,2,monophasic
Modulated_autosave_20260715_171433_605ms,Biceps (R),R_BB,7,200.1588562354435,208.1588562354435,232.51866560801682,,,none,30.0,75,2,monophasic
Modulated_autosave_20260715_171433_605ms,Biceps (R),R_BB,8,233.51866560801682,241.51866560801682,265.87847497965936,,,none,30.0,75,2,monophasic
Modulated_autosave_20260715_171433_605ms,Biceps (R),R_BB,9,266.87847497965936,274.87847497965936,299.23828435223265,,,none,30.0,75,2,monophasic
Modulated_autosave_20260715_171433_605ms,Biceps (R),R_BB,10,300.23828435223265,308.23828435223265,332.59809372480953,,,none,30.0,75,2,monophasic
Modulated_autosave_20260715_171433_605ms,Biceps (R),R_BB,1,0.7942811753594015,8.794281175359401,32.359809372573324,,,none,30.0,80,2,monophasic
Modulated_autosave_20260715_171433_605ms,Biceps (R),R_BB,2,33.359809372573324,41.359809372573324,65.71961874514665,,,none,30.0,80,2,monophasic
Modulated_autosave_20260715_171433_605ms,Biceps (R),R_BB,3,66.71961874514665,74.71961874514665,99.07942811771997,,,none,30.0,80,2,monophasic
Modulated_autosave_20260715_171433_605ms,Biceps (R),R_BB,4,100.07942811771997,108.07942811771997,132.4392374902933,,,none,30.0,80,2,monophasic
Modulated_autosave_20260715_171433_605ms,Biceps (R),R_BB,5,133.4392374902933,141.4392374902933,165.79904686287017,,,none,30.0,80,2,monophasic
Modulated_autosave_20260715_171433_605ms,Biceps (R),R_BB,6,166.79904686287017,174.79904686287017,199.1588562354435,,,none,30.0,80,2,monophasic
Modulated_autosave_20260715_171433_605ms,Biceps (R),R_BB,7,200.1588562354435,208.1588562354435,232.51866560801682,,,none,30.0,80,2,monophasic
Modulated_autosave_20260715_171433_605ms,Biceps (R),R_BB,8,233.51866560801682,241.51866560801682,265.87847497965936,,,none,30.0,80,2,monophasic
Modulated_autosave_20260715_171433_605ms,Biceps (R),R_BB,9,266.87847497965936,274.87847497965936,299.23828435223265,,,none,30.0,80,2,monophasic
Modulated_autosave_20260715_171433_605ms,Biceps (R),R_BB,10,300.23828435223265,308.23828435223265,332.59809372480953,,,none,30.0,80,2,monophasic
Modulated_autosave_20260715_171433_605ms,Biceps (R),R_BB,1,0.7942811753594015,8.794281175359401,32.359809372573324,,,none,30.0,85,2,monophasic
Modulated_autosave_20260715_171433_605ms,Biceps (R),R_BB,2,33.359809372573324,41.359809372573324,65.71961874514665,,,none,30.0,85,2,monophasic
Modulated_autosave_20260715_171433_605ms,Biceps (R),R_BB,3,66.71961874514665,74.71961874514665,99.07942811771997,,,none,30.0,85,2,monophasic
Modulated_autosave_20260715_171433_605ms,Biceps (R),R_BB,4,100.07942811771997,108.07942811771997,132.4392374902933,,,none,30.0,85,2,monophasic
Modulated_autosave_20260715_171433_605ms,Biceps (R),R_BB,5,133.4392374902933,141.4392374902933,165.79904686287017,,,none,30.0,85,2,monophasic
Modulated_autosave_20260715_171433_605ms,Biceps (R),R_BB,6,166.79904686287017,174.79904686287017,199.1588562354435,,,none,30.0,85,2,monophasic
Modulated_autosave_20260715_171433_605ms,Biceps (R),R_BB,7,200.1588562354435,208.1588562354435,232.51866560801682,,,none,30.0,85,2,monophasic
Modulated_autosave_20260715_171433_605ms,Biceps (R),R_BB,8,233.51866560801682,241.51866560801682,265.87847497965936,,,none,30.0,85,2,monophasic
Modulated_autosave_20260715_171433_605ms,Biceps (R),R_BB,9,266.87847497965936,274.87847497965936,299.23828435223265,,,none,30.0,85,2,monophasic
Modulated_autosave_20260715_171433_605ms,Biceps (R),R_BB,10,300.23828435223265,308.23828435223265,332.59809372480953,,,none,30.0,85,2,monophasic
Modulated_autosave_20260715_171433_605ms,Biceps (R),R_BB,1,0.7942811753594015,8.794281175359401,32.359809372573324,0.012756542535498738,0.012756542535498738,none,30.0,90,2,monophasic
Modulated_autosave_20260715_171433_605ms,Biceps (R),R_BB,2,33.359809372573324,41.359809372573324,65.71961874514665,0.013260090257972479,0.013260090257972479,none,30.0,90,2,monophasic
Modulated_autosave_20260715_171433_605ms,Biceps (R),R_BB,3,66.71961874514665,74.71961874514665,99.07942811771997,0.013427939731627703,0.013427939731627703,none,30.0,90,2,monophasic
Modulated_autosave_20260715_171433_605ms,Biceps (R),R_BB,4,100.07942811771997,108.07942811771997,132.4392374902933,0.0063782709153561885,0.0063782709153561885,none,30.0,90,2,monophasic
Modulated_autosave_20260715_171433_605ms,Biceps (R),R_BB,5,133.4392374902933,141.4392374902933,165.79904686287017,0.014435034474141725,0.014435034474141725,none,30.0,90,2,monophasic
Modulated_autosave_20260715_171433_605ms,Biceps (R),R_BB,6,166.79904686287017,174.79904686287017,199.1588562354435,0.01158159808255732,0.01158159808255732,none,30.0,90,2,monophasic
Modulated_autosave_20260715_171433_605ms,Biceps (R),R_BB,7,200.1588562354435,208.1588562354435,232.51866560801682,0.01544212992301722,0.01544212992301722,none,30.0,90,2,monophasic
Modulated_autosave_20260715_171433_605ms,Biceps (R),R_BB,8,233.51866560801682,241.51866560801682,265.87847497965936,0.01275654252922833,0.01275654252922833,none,30.0,90,2,monophasic
Modulated_autosave_20260715_171433_605ms,Biceps (R),R_BB,9,266.87847497965936,274.87847497965936,299.23828435223265,0.013595788273929018,0.013595788273929018,none,30.0,90,2,monophasic
Modulated_autosave_20260715_171433_605ms,Biceps (R),R_BB,10,300.23828435223265,308.23828435223265,332.59809372480953,0.01913481345220861,0.01913481345220861,none,30.0,90,2,monophasic
Modulated_autosave_20260715_171433_605ms,Biceps (R),R_BB,1,0.7942811753594015,8.794281175359401,32.359809372573324,,,none,30.0,95,2,monophasic
Modulated_autosave_20260715_171433_605ms,Biceps (R),R_BB,2,33.359809372573324,41.359809372573324,65.71961874514665,,,none,30.0,95,2,monophasic
Modulated_autosave_20260715_171433_605ms,Biceps (R),R_BB,3,66.71961874514665,74.71961874514665,99.07942811771997,,,none,30.0,95,2,monophasic
Modulated_autosave_20260715_171433_605ms,Biceps (R),R_BB,4,100.07942811771997,108.07942811771997,132.4392374902933,,,none,30.0,95,2,monophasic
Modulated_autosave_20260715_171433_605ms,Biceps (R),R_BB,5,133.4392374902933,141.4392374902933,165.79904686287017,,,none,30.0,95,2,monophasic
Modulated_autosave_20260715_171433_605ms,Biceps (R),R_BB,6,166.79904686287017,174.79904686287017,199.1588562354435,,,none,30.0,95,2,monophasic
Modulated_autosave_20260715_171433_605ms,Biceps (R),R_BB,7,200.1588562354435,208.1588562354435,232.51866560801682,,,none,30.0,95,2,monophasic
Modulated_autosave_20260715_171433_605ms,Biceps (R),R_BB,8,233.51866560801682,241.51866560801682,265.87847497965936,,,none,30.0,95,2,monophasic
Modulated_autosave_20260715_171433_605ms,Biceps (R),R_BB,9,266.87847497965936,274.87847497965936,299.23828435223265,,,none,30.0,95,2,monophasic
Modulated_autosave_20260715_171433_605ms,Biceps (R),R_BB,10,300.23828435223265,308.23828435223265,332.59809372480953,,,none,30.0,95,2,monophasic
Modulated_autosave_20260715_171433_605ms,Biceps (R),R_BB,1,0.7942811753594015,8.794281175359401,32.359809372573324,,,none,30.0,100,2,monophasic
Modulated_autosave_20260715_171433_605ms,Biceps (R),R_BB,2,33.359809372573324,41.359809372573324,65.71961874514665,,,none,30.0,100,2,monophasic
Modulated_autosave_20260715_171433_605ms,Biceps (R),R_BB,3,66.71961874514665,74.71961874514665,99.07942811771997,,,none,30.0,100,2,monophasic
Modulated_autosave_20260715_171433_605ms,Biceps (R),R_BB,4,100.07942811771997,108.07942811771997,132.4392374902933,,,none,30.0,100,2,monophasic
Modulated_autosave_20260715_171433_605ms,Biceps (R),R_BB,5,133.4392374902933,141.4392374902933,165.79904686287017,,,none,30.0,100,2,monophasic
Modulated_autosave_20260715_171433_605ms,Biceps (R),R_BB,6,166.79904686287017,174.79904686287017,199.1588562354435,,,none,30.0,100,2,monophasic
Modulated_autosave_20260715_171433_605ms,Biceps (R),R_BB,7,200.1588562354435,208.1588562354435,232.51866560801682,,,none,30.0,100,2,monophasic
Modulated_autosave_20260715_171433_605ms,Biceps (R),R_BB,8,233.51866560801682,241.51866560801682,265.87847497965936,,,none,30.0,100,2,monophasic
Modulated_autosave_20260715_171433_605ms,Biceps (R),R_BB,9,266.87847497965936,274.87847497965936,299.23828435223265,,,none,30.0,100,2,monophasic
Modulated_autosave_20260715_171433_605ms,Biceps (R),R_BB,10,300.23828435223265,308.23828435223265,332.59809372480953,,,none,30.0,100,2,monophasic
Modulated_autosave_20260715_171433_605ms,Biceps (R),R_BB,1,0.7942811753594015,8.794281175359401,32.359809372573324,,,none,30.0,105,2,monophasic
Modulated_autosave_20260715_171433_605ms,Biceps (R),R_BB,2,33.359809372573324,41.359809372573324,65.71961874514665,,,none,30.0,105,2,monophasic
Modulated_autosave_20260715_171433_605ms,Biceps (R),R_BB,3,66.71961874514665,74.71961874514665,99.07942811771997,,,none,30.0,105,2,monophasic
Modulated_autosave_20260715_171433_605ms,Biceps (R),R_BB,4,100.07942811771997,108.07942811771997,132.4392374902933,,,none,30.0,105,2,monophasic
Modulated_autosave_20260715_171433_605ms,Biceps (R),R_BB,5,133.4392374902933,141.4392374902933,165.79904686287017,,,none,30.0,105,2,monophasic
Modulated_autosave_20260715_171433_605ms,Biceps (R),R_BB,6,166.79904686287017,174.79904686287017,199.1588562354435,,,none,30.0,105,2,monophasic
Modulated_autosave_20260715_171433_605ms,Biceps (R),R_BB,7,200.1588562354435,208.1588562354435,232.51866560801682,,,none,30.0,105,2,monophasic
Modulated_autosave_20260715_171433_605ms,Biceps (R),R_BB,8,233.51866560801682,241.51866560801682,265.87847497965936,,,none,30.0,105,2,monophasic
Modulated_autosave_20260715_171433_605ms,Biceps (R),R_BB,9,266.87847497965936,274.87847497965936,299.23828435223265,,,none,30.0,105,2,monophasic
Modulated_autosave_20260715_171433_605ms,Biceps (R),R_BB,10,300.23828435223265,308.23828435223265,332.59809372480953,,,none,30.0,105,2,monophasic
Modulated_autosave_20260715_171433_605ms,Biceps (R),R_BB,1,0.7942811753594015,8.794281175359401,32.359809372573324,,,none,30.0,110,2,monophasic
Modulated_autosave_20260715_171433_605ms,Biceps (R),R_BB,2,33.359809372573324,41.359809372573324,65.71961874514665,,,none,30.0,110,2,monophasic
Modulated_autosave_20260715_171433_605ms,Biceps (R),R_BB,3,66.71961874514665,74.71961874514665,99.07942811771997,,,none,30.0,110,2,monophasic
Modulated_autosave_20260715_171433_605ms,Biceps (R),R_BB,4,100.07942811771997,108.07942811771997,132.4392374902933,,,none,30.0,110,2,monophasic
Modulated_autosave_20260715_171433_605ms,Biceps (R),R_BB,5,133.4392374902933,141.4392374902933,165.79904686287017,,,none,30.0,110,2,monophasic
Modulated_autosave_20260715_171433_605ms,Biceps (R),R_BB,6,166.79904686287017,174.79904686287017,199.1588562354435,,,none,30.0,110,2,monophasic
Modulated_autosave_20260715_171433_605ms,Biceps (R),R_BB,7,200.1588562354435,208.1588562354435,232.51866560801682,,,none,30.0,110,2,monophasic
Modulated_autosave_20260715_171433_605ms,Biceps (R),R_BB,8,233.51866560801682,241.51866560801682,265.87847497965936,,,none,30.0,110,2,monophasic
Modulated_autosave_20260715_171433_605ms,Biceps (R),R_BB,9,266.87847497965936,274.87847497965936,299.23828435223265,,,none,30.0,110,2,monophasic
Modulated_autosave_20260715_171433_605ms,Biceps (R),R_BB,10,300.23828435223265,308.23828435223265,332.59809372480953,,,none,30.0,110,2,monophasic
Modulated_autosave_20260715_171433_605ms,Biceps (R),R_BB,1,0.7942811753594015,8.794281175359401,32.359809372573324,,,none,30.0,115,2,monophasic
Modulated_autosave_20260715_171433_605ms,Biceps (R),R_BB,2,33.359809372573324,41.359809372573324,65.71961874514665,,,none,30.0,115,2,monophasic
Modulated_autosave_20260715_171433_605ms,Biceps (R),R_BB,3,66.71961874514665,74.71961874514665,99.07942811771997,,,none,30.0,115,2,monophasic
Modulated_autosave_20260715_171433_605ms,Biceps (R),R_BB,4,100.07942811771997,108.07942811771997,132.4392374902933,,,none,30.0,115,2,monophasic
Modulated_autosave_20260715_171433_605ms,Biceps (R),R_BB,5,133.4392374902933,141.4392374902933,165.79904686287017,,,none,30.0,115,2,monophasic
Modulated_autosave_20260715_171433_605ms,Biceps (R),R_BB,6,166.79904686287017,174.79904686287017,199.1588562354435,,,none,30.0,115,2,monophasic
Modulated_autosave_20260715_171433_605ms,Biceps (R),R_BB,7,200.1588562354435,208.1588562354435,232.51866560801682,,,none,30.0,115,2,monophasic
Modulated_autosave_20260715_171433_605ms,Biceps (R),R_BB,8,233.51866560801682,241.51866560801682,265.87847497965936,,,none,30.0,115,2,monophasic
Modulated_autosave_20260715_171433_605ms,Biceps (R),R_BB,9,266.87847497965936,274.87847497965936,299.23828435223265,,,none,30.0,115,2,monophasic
Modulated_autosave_20260715_171433_605ms,Biceps (R),R_BB,10,300.23828435223265,308.23828435223265,332.59809372480953,,,none,30.0,115,2,monophasic
Modulated_autosave_20260715_171433_605ms,Biceps (R),R_BB,1,0.7942811753594015,8.794281175359401,32.359809372573324,0.0476691834628582,0.0476691834628582,none,30.0,120,2,monophasic
Modulated_autosave_20260715_171433_605ms,Biceps (R),R_BB,2,33.359809372573324,41.359809372573324,65.71961874514665,0.017792019527995605,0.017792019527995605,none,30.0,120,2,monophasic
Modulated_autosave_20260715_171433_605ms,Biceps (R),R_BB,3,66.71961874514665,74.71961874514665,99.07942811771997,0.025848783547139008,0.025848783547139008,none,30.0,120,2,monophasic
Modulated_autosave_20260715_171433_605ms,Biceps (R),R_BB,4,100.07942811771997,108.07942811771997,132.4392374902933,0.04766918346292877,0.04766918346292877,none,30.0,120,2,monophasic
Modulated_autosave_20260715_171433_605ms,Biceps (R),R_BB,5,133.4392374902933,141.4392374902933,165.79904686287017,0.013092241248601635,0.013092241248601635,none,30.0,120,2,monophasic
Modulated_autosave_20260715_171433_605ms,Biceps (R),R_BB,6,166.79904686287017,174.79904686287017,199.1588562354435,0.01678492385592181,0.01678492385592181,none,30.0,120,2,monophasic
Modulated_autosave_20260715_171433_605ms,Biceps (R),R_BB,7,200.1588562354435,208.1588562354435,232.51866560801682,0.05841153487563133,0.05841153487563133,none,30.0,120,2,monophasic
Modulated_autosave_20260715_171433_605ms,Biceps (R),R_BB,8,233.51866560801682,241.51866560801682,265.87847497965936,0.016449225598838095,0.016449225598838095,none,30.0,120,2,monophasic
Modulated_autosave_20260715_171433_605ms,Biceps (R),R_BB,9,266.87847497965936,274.87847497965936,299.23828435223265,0.01745632104575616,0.01745632104575616,none,30.0,120,2,monophasic
Modulated_autosave_20260715_171433_605ms,Biceps (R),R_BB,10,300.23828435223265,308.23828435223265,332.59809372480953,0.03659113498750967,0.03659113498750967,none,30.0,120,2,monophasic
Modulated_autosave_20260715_171433_605ms,Biceps (R),R_BB,1,0.7942811753594015,8.794281175359401,32.359809372573324,0.04901197925209999,0.04901197925209999,none,30.0,125,2,monophasic
Modulated_autosave_20260715_171433_605ms,Biceps (R),R_BB,2,33.359809372573324,41.359809372573324,65.71961874514665,0.07385366782546043,0.07385366782546043,none,30.0,125,2,monophasic
Modulated_autosave_20260715_171433_605ms,Biceps (R),R_BB,3,66.71961874514665,74.71961874514665,99.07942811771997,0.021484703756850822,0.021484703756850822,none,30.0,125,2,monophasic
Modulated_autosave_20260715_171433_605ms,Biceps (R),R_BB,4,100.07942811771997,108.07942811771997,132.4392374902933,0.0469977874309335,0.0469977874309335,none,30.0,125,2,monophasic
Modulated_autosave_20260715_171433_605ms,Biceps (R),R_BB,5,133.4392374902933,141.4392374902933,165.79904686287017,0.05774014070633077,0.05774014070633077,none,30.0,125,2,monophasic
Modulated_autosave_20260715_171433_605ms,Biceps (R),R_BB,6,166.79904686287017,174.79904686287017,199.1588562354435,0.025513085527973135,0.025513085527973135,none,30.0,125,2,monophasic
Modulated_autosave_20260715_171433_605ms,Biceps (R),R_BB,7,200.1588562354435,208.1588562354435,232.51866560801682,0.06478980742394924,0.06478980742394924,none,30.0,125,2,monophasic
Modulated_autosave_20260715_171433_605ms,Biceps (R),R_BB,8,233.51866560801682,241.51866560801682,265.87847497965936,0.02014190936459965,0.02014190936459965,none,30.0,125,2,monophasic
Modulated_autosave_20260715_171433_605ms,Biceps (R),R_BB,9,266.87847497965936,274.87847497965936,299.23828435223265,0.04649423995782463,0.04649423995782463,none,30.0,125,2,monophasic
Modulated_autosave_20260715_171433_605ms,Biceps (R),R_BB,10,300.23828435223265,308.23828435223265,332.59809372480953,0.05304035918501941,0.05304035918501941,none,30.0,125,2,monophasic
Modulated_autosave_20260715_171433_605ms,Triceps long (R),R_TBlg,1,0.7942811753594015,8.794281175359401,32.359809372573324,,,none,30.0,30,2,monophasic
Modulated_autosave_20260715_171433_605ms,Triceps long (R),R_TBlg,2,33.359809372573324,41.359809372573324,65.71961874514665,,,none,30.0,30,2,monophasic
Modulated_autosave_20260715_171433_605ms,Triceps long (R),R_TBlg,3,66.71961874514665,74.71961874514665,99.07942811771997,,,none,30.0,30,2,monophasic
Modulated_autosave_20260715_171433_605ms,Triceps long (R),R_TBlg,4,100.07942811771997,108.07942811771997,132.4392374902933,,,none,30.0,30,2,monophasic
Modulated_autosave_20260715_171433_605ms,Triceps long (R),R_TBlg,5,133.4392374902933,141.4392374902933,165.79904686287017,,,none,30.0,30,2,monophasic
Modulated_autosave_20260715_171433_605ms,Triceps long (R),R_TBlg,6,166.79904686287017,174.79904686287017,199.1588562354435,,,none,30.0,30,2,monophasic
Modulated_autosave_20260715_171433_605ms,Triceps long (R),R_TBlg,7,200.1588562354435,208.1588562354435,232.51866560801682,,,none,30.0,30,2,monophasic
Modulated_autosave_20260715_171433_605ms,Triceps long (R),R_TBlg,8,233.51866560801682,241.51866560801682,265.87847497965936,,,none,30.0,30,2,monophasic
Modulated_autosave_20260715_171433_605ms,Triceps long (R),R_TBlg,9,266.87847497965936,274.87847497965936,299.23828435223265,,,none,30.0,30,2,monophasic
Modulated_autosave_20260715_171433_605ms,Triceps long (R),R_TBlg,10,300.23828435223265,308.23828435223265,332.59809372480953,,,none,30.0,30,2,monophasic
Modulated_autosave_20260715_171433_605ms,Triceps long (R),R_TBlg,1,0.7942811753594015,8.794281175359401,32.359809372573324,0.009903104044497013,0.009903104044497013,none,30.0,35,2,monophasic
Modulated_autosave_20260715_171433_605ms,Triceps long (R),R_TBlg,2,33.359809372573324,41.359809372573324,65.71961874514665,0.01342793833464384,0.01342793833464384,none,30.0,35,2,monophasic
Modulated_autosave_20260715_171433_605ms,Triceps long (R),R_TBlg,3,66.71961874514665,74.71961874514665,99.07942811771997,0.00906385947018111,0.00906385947018111,none,30.0,35,2,monophasic
Modulated_autosave_20260715_171433_605ms,Triceps long (R),R_TBlg,4,100.07942811771997,108.07942811771997,132.4392374902933,0.011917295400054765,0.011917295400054765,none,30.0,35,2,monophasic
Modulated_autosave_20260715_171433_605ms,Triceps long (R),R_TBlg,5,133.4392374902933,141.4392374902933,165.79904686287017,0.0055390242467522055,0.0055390242467522055,none,30.0,35,2,monophasic
Modulated_autosave_20260715_171433_605ms,Triceps long (R),R_TBlg,6,166.79904686287017,174.79904686287017,199.1588562354435,0.0068818191066384315,0.0068818191066384315,none,30.0,35,2,monophasic
Modulated_autosave_20260715_171433_605ms,Triceps long (R),R_TBlg,7,200.1588562354435,208.1588562354435,232.51866560801682,0.012756542302668095,0.012756542302668095,none,30.0,35,2,monophasic
Modulated_autosave_20260715_171433_605ms,Triceps long (R),R_TBlg,8,233.51866560801682,241.51866560801682,265.87847497965936,0.01124589890241623,0.01124589890241623,none,30.0,35,2,monophasic
Modulated_autosave_20260715_171433_605ms,Triceps long (R),R_TBlg,9,266.87847497965936,274.87847497965936,299.23828435223265,0.010574501470702834,0.010574501470702834,none,30.0,35,2,monophasic
Modulated_autosave_20260715_171433_605ms,Triceps long (R),R_TBlg,10,300.23828435223265,308.23828435223265,332.59809372480953,0.0114137474447376,0.0114137474447376,none,30.0,35,2,monophasic
Modulated_autosave_20260715_171433_605ms,Triceps long (R),R_TBlg,1,0.7942811753594015,8.794281175359401,32.359809372573324,,,none,30.0,40,2,monophasic
Modulated_autosave_20260715_171433_605ms,Triceps long (R),R_TBlg,2,33.359809372573324,41.359809372573324,65.71961874514665,,,none,30.0,40,2,monophasic
Modulated_autosave_20260715_171433_605ms,Triceps long (R),R_TBlg,3,66.71961874514665,74.71961874514665,99.07942811771997,,,none,30.0,40,2,monophasic
Modulated_autosave_20260715_171433_605ms,Triceps long (R),R_TBlg,4,100.07942811771997,108.07942811771997,132.4392374902933,,,none,30.0,40,2,monophasic
Modulated_autosave_20260715_171433_605ms,Triceps long (R),R_TBlg,5,133.4392374902933,141.4392374902933,165.79904686287017,,,none,30.0,40,2,monophasic
Modulated_autosave_20260715_171433_605ms,Triceps long (R),R_TBlg,6,166.79904686287017,174.79904686287017,199.1588562354435,,,none,30.0,40,2,monophasic
Modulated_autosave_20260715_171433_605ms,Triceps long (R),R_TBlg,7,200.1588562354435,208.1588562354435,232.51866560801682,,,none,30.0,40,2,monophasic
Modulated_autosave_20260715_171433_605ms,Triceps long (R),R_TBlg,8,233.51866560801682,241.51866560801682,265.87847497965936,,,none,30.0,40,2,monophasic
Modulated_autosave_20260715_171433_605ms,Triceps long (R),R_TBlg,9,266.87847497965936,274.87847497965936,299.23828435223265,,,none,30.0,40,2,monophasic
Modulated_autosave_20260715_171433_605ms,Triceps long (R),R_TBlg,10,300.23828435223265,308.23828435223265,332.59809372480953,,,none,30.0,40,2,monophasic
Modulated_autosave_20260715_171433_605ms,Triceps long (R),R_TBlg,1,0.7942811753594015,8.794281175359401,32.359809372573324,0.01577782817184925,0.01577782817184925,none,30.0,45,2,monophasic
Modulated_autosave_20260715_171433_605ms,Triceps long (R),R_TBlg,2,33.359809372573324,41.359809372573324,65.71961874514665,0.009399556554853916,0.009399556554853916,none,30.0,45,2,monophasic
Modulated_autosave_20260715_171433_605ms,Triceps long (R),R_TBlg,3,66.71961874514665,74.71961874514665,99.07942811771997,0.010742352341735295,0.010742352341735295,none,30.0,45,2,monophasic
Modulated_autosave_20260715_171433_605ms,Triceps long (R),R_TBlg,4,100.07942811771997,108.07942811771997,132.4392374902933,0.010070953518161996,0.010070953518161996,none,30.0,45,2,monophasic
Modulated_autosave_20260715_171433_605ms,Triceps long (R),R_TBlg,5,133.4392374902933,141.4392374902933,165.79904686287017,0.01745632104574583,0.01745632104574583,none,30.0,45,2,monophasic
Modulated_autosave_20260715_171433_605ms,Triceps long (R),R_TBlg,6,166.79904686287017,174.79904686287017,199.1588562354435,0.015442130154877873,0.015442130154877873,none,30.0,45,2,monophasic
Modulated_autosave_20260715_171433_605ms,Triceps long (R),R_TBlg,7,200.1588562354435,208.1588562354435,232.51866560801682,0.015442130157434987,0.015442130157434987,none,30.0,45,2,monophasic
Modulated_autosave_20260715_171433_605ms,Triceps long (R),R_TBlg,8,233.51866560801682,241.51866560801682,265.87847497965936,0.005706874653697014,0.005706874653697014,none,30.0,45,2,monophasic
Modulated_autosave_20260715_171433_605ms,Triceps long (R),R_TBlg,9,266.87847497965936,274.87847497965936,299.23828435223265,0.010406653397187717,0.010406653397187717,none,30.0,45,2,monophasic
Modulated_autosave_20260715_171433_605ms,Triceps long (R),R_TBlg,10,300.23828435223265,308.23828435223265,332.59809372480953,0.016281375662479457,0.016281375662479457,none,30.0,45,2,monophasic
Modulated_autosave_20260715_171433_605ms,Triceps long (R),R_TBlg,1,0.7942811753594015,8.794281175359401,32.359809372573324,,,none,30.0,50,2,monophasic
Modulated_autosave_20260715_171433_605ms,Triceps long (R),R_TBlg,2,33.359809372573324,41.359809372573324,65.71961874514665,,,none,30.0,50,2,monophasic
Modulated_autosave_20260715_171433_605ms,Triceps long (R),R_TBlg,3,66.71961874514665,74.71961874514665,99.07942811771997,,,none,30.0,50,2,monophasic
Modulated_autosave_20260715_171433_605ms,Triceps long (R),R_TBlg,4,100.07942811771997,108.07942811771997,132.4392374902933,,,none,30.0,50,2,monophasic
Modulated_autosave_20260715_171433_605ms,Triceps long (R),R_TBlg,5,133.4392374902933,141.4392374902933,165.79904686287017,,,none,30.0,50,2,monophasic
Modulated_autosave_20260715_171433_605ms,Triceps long (R),R_TBlg,6,166.79904686287017,174.79904686287017,199.1588562354435,,,none,30.0,50,2,monophasic
Modulated_autosave_20260715_171433_605ms,Triceps long (R),R_TBlg,7,200.1588562354435,208.1588562354435,232.51866560801682,,,none,30.0,50,2,monophasic
Modulated_autosave_20260715_171433_605ms,Triceps long (R),R_TBlg,8,233.51866560801682,241.51866560801682,265.87847497965936,,,none,30.0,50,2,monophasic
Modulated_autosave_20260715_171433_605ms,Triceps long (R),R_TBlg,9,266.87847497965936,274.87847497965936,299.23828435223265,,,none,30.0,50,2,monophasic
Modulated_autosave_20260715_171433_605ms,Triceps long (R),R_TBlg,10,300.23828435223265,308.23828435223265,332.59809372480953,,,none,30.0,50,2,monophasic
Modulated_autosave_20260715_171433_605ms,Triceps long (R),R_TBlg,1,0.7942811753594015,8.794281175359401,32.359809372573324,0.011413747444748878,0.011413747444748878,none,30.0,55,2,monophasic
Modulated_autosave_20260715_171433_605ms,Triceps long (R),R_TBlg,2,33.359809372573324,41.359809372573324,65.71961874514665,0.009735255502164364,0.009735255502164364,none,30.0,55,2,monophasic
Modulated_autosave_20260715_171433_605ms,Triceps long (R),R_TBlg,3,66.71961874514665,74.71961874514665,99.07942811771997,0.02198825078085065,0.02198825078085065,none,30.0,55,2,monophasic
Modulated_autosave_20260715_171433_605ms,Triceps long (R),R_TBlg,4,100.07942811771997,108.07942811771997,132.4392374902933,0.01544213015587189,0.01544213015587189,none,30.0,55,2,monophasic
Modulated_autosave_20260715_171433_605ms,Triceps long (R),R_TBlg,5,133.4392374902933,141.4392374902933,165.79904686287017,0.008056763559583603,0.008056763559583603,none,30.0,55,2,monophasic
Modulated_autosave_20260715_171433_605ms,Triceps long (R),R_TBlg,6,166.79904686287017,174.79904686287017,199.1588562354435,0.01493858266621828,0.01493858266621828,none,30.0,55,2,monophasic
Modulated_autosave_20260715_171433_605ms,Triceps long (R),R_TBlg,7,200.1588562354435,208.1588562354435,232.51866560801682,0.016617075074464083,0.016617075074464083,none,30.0,55,2,monophasic
Modulated_autosave_20260715_171433_605ms,Triceps long (R),R_TBlg,8,233.51866560801682,241.51866560801682,265.87847497965936,0.011245898436164838,0.011245898436164838,none,30.0,55,2,monophasic
Modulated_autosave_20260715_171433_605ms,Triceps long (R),R_TBlg,9,266.87847497965936,274.87847497965936,299.23828435223265,0.016281375661492247,0.016281375661492247,none,30.0,55,2,monophasic
Modulated_autosave_20260715_171433_605ms,Triceps long (R),R_TBlg,10,300.23828435223265,308.23828435223265,332.59809372480953,0.014938581967139968,0.014938581967139968,none,30.0,55,2,monophasic
Modulated_autosave_20260715_171433_605ms,Triceps long (R),R_TBlg,1,0.7942811753594015,8.794281175359401,32.359809372573324,0.00872816052287817,0.00872816052287817,none,30.0,60,2,monophasic
Modulated_autosave_20260715_171433_605ms,Triceps long (R),R_TBlg,2,33.359809372573324,41.359809372573324,65.71961874514665,0.01963836047798395,0.01963836047798395,none,30.0,60,2,monophasic
Modulated_autosave_20260715_171433_605ms,Triceps long (R),R_TBlg,3,66.71961874514665,74.71961874514665,99.07942811771997,0.014602882787585258,0.014602882787585258,none,30.0,60,2,monophasic
Modulated_autosave_20260715_171433_605ms,Triceps long (R),R_TBlg,4,100.07942811771997,108.07942811771997,132.4392374902933,0.015106431202857113,0.015106431202857113,none,30.0,60,2,monophasic
Modulated_autosave_20260715_171433_605ms,Triceps long (R),R_TBlg,5,133.4392374902933,141.4392374902933,165.79904686287017,0.013931487221272302,0.013931487221272302,none,30.0,60,2,monophasic
Modulated_autosave_20260715_171433_605ms,Triceps long (R),R_TBlg,6,166.79904686287017,174.79904686287017,199.1588562354435,0.0120851444080472,0.0120851444080472,none,30.0,60,2,monophasic
Modulated_autosave_20260715_171433_605ms,Triceps long (R),R_TBlg,7,200.1588562354435,208.1588562354435,232.51866560801682,0.011078049428564303,0.011078049428564303,none,30.0,60,2,monophasic
Modulated_autosave_20260715_171433_605ms,Triceps long (R),R_TBlg,8,233.51866560801682,241.51866560801682,265.87847497965936,0.013427938334628825,0.013427938334628825,none,30.0,60,2,monophasic
Modulated_autosave_20260715_171433_605ms,Triceps long (R),R_TBlg,9,266.87847497965936,274.87847497965936,299.23828435223265,0.012085144411589213,0.012085144411589213,none,30.0,60,2,monophasic
Modulated_autosave_20260715_171433_605ms,Triceps long (R),R_TBlg,10,300.23828435223265,308.23828435223265,332.59809372480953,0.00805676356511572,0.00805676356511572,none,30.0,60,2,monophasic
Modulated_autosave_20260715_171433_605ms,Triceps long (R),R_TBlg,1,0.7942811753594015,8.794281175359401,32.359809372573324,,,none,30.0,65,2,monophasic
Modulated_autosave_20260715_171433_605ms,Triceps long (R),R_TBlg,2,33.359809372573324,41.359809372573324,65.71961874514665,,,none,30.0,65,2,monophasic
Modulated_autosave_20260715_171433_605ms,Triceps long (R),R_TBlg,3,66.71961874514665,74.71961874514665,99.07942811771997,,,none,30.0,65,2,monophasic
Modulated_autosave_20260715_171433_605ms,Triceps long (R),R_TBlg,4,100.07942811771997,108.07942811771997,132.4392374902933,,,none,30.0,65,2,monophasic
Modulated_autosave_20260715_171433_605ms,Triceps long (R),R_TBlg,5,133.4392374902933,141.4392374902933,165.79904686287017,,,none,30.0,65,2,monophasic
Modulated_autosave_20260715_171433_605ms,Triceps long (R),R_TBlg,6,166.79904686287017,174.79904686287017,199.1588562354435,,,none,30.0,65,2,monophasic
Modulated_autosave_20260715_171433_605ms,Triceps long (R),R_TBlg,7,200.1588562354435,208.1588562354435,232.51866560801682,,,none,30.0,65,2,monophasic
Modulated_autosave_20260715_171433_605ms,Triceps long (R),R_TBlg,8,233.51866560801682,241.51866560801682,265.87847497965936,,,none,30.0,65,2,monophasic
Modulated_autosave_20260715_171433_605ms,Triceps long (R),R_TBlg,9,266.87847497965936,274.87847497965936,299.23828435223265,,,none,30.0,65,2,monophasic
Modulated_autosave_20260715_171433_605ms,Triceps long (R),R_TBlg,10,300.23828435223265,308.23828435223265,332.59809372480953,,,none,30.0,65,2,monophasic
Modulated_autosave_20260715_171433_605ms,Triceps long (R),R_TBlg,1,0.7942811753594015,8.794281175359401,32.359809372573324,,,none,30.0,70,2,monophasic
Modulated_autosave_20260715_171433_605ms,Triceps long (R),R_TBlg,2,33.359809372573324,41.359809372573324,65.71961874514665,,,none,30.0,70,2,monophasic
Modulated_autosave_20260715_171433_605ms,Triceps long (R),R_TBlg,3,66.71961874514665,74.71961874514665,99.07942811771997,,,none,30.0,70,2,monophasic
Modulated_autosave_20260715_171433_605ms,Triceps long (R),R_TBlg,4,100.07942811771997,108.07942811771997,132.4392374902933,,,none,30.0,70,2,monophasic
Modulated_autosave_20260715_171433_605ms,Triceps long (R),R_TBlg,5,133.4392374902933,141.4392374902933,165.79904686287017,,,none,30.0,70,2,monophasic
Modulated_autosave_20260715_171433_605ms,Triceps long (R),R_TBlg,6,166.79904686287017,174.79904686287017,199.1588562354435,,,none,30.0,70,2,monophasic
Modulated_autosave_20260715_171433_605ms,Triceps long (R),R_TBlg,7,200.1588562354435,208.1588562354435,232.51866560801682,,,none,30.0,70,2,monophasic
Modulated_autosave_20260715_171433_605ms,Triceps long (R),R_TBlg,8,233.51866560801682,241.51866560801682,265.87847497965936,,,none,30.0,70,2,monophasic
Modulated_autosave_20260715_171433_605ms,Triceps long (R),R_TBlg,9,266.87847497965936,274.87847497965936,299.23828435223265,,,none,30.0,70,2,monophasic
Modulated_autosave_20260715_171433_605ms,Triceps long (R),R_TBlg,10,300.23828435223265,308.23828435223265,332.59809372480953,,,none,30.0,70,2,monophasic
Modulated_autosave_20260715_171433_605ms,Triceps long (R),R_TBlg,1,0.7942811753594015,8.794281175359401,32.359809372573324,,,none,30.0,75,2,monophasic
Modulated_autosave_20260715_171433_605ms,Triceps long (R),R_TBlg,2,33.359809372573324,41.359809372573324,65.71961874514665,,,none,30.0,75,2,monophasic
Modulated_autosave_20260715_171433_605ms,Triceps long (R),R_TBlg,3,66.71961874514665,74.71961874514665,99.07942811771997,,,none,30.0,75,2,monophasic
Modulated_autosave_20260715_171433_605ms,Triceps long (R),R_TBlg,4,100.07942811771997,108.07942811771997,132.4392374902933,,,none,30.0,75,2,monophasic
Modulated_autosave_20260715_171433_605ms,Triceps long (R),R_TBlg,5,133.4392374902933,141.4392374902933,165.79904686287017,,,none,30.0,75,2,monophasic
Modulated_autosave_20260715_171433_605ms,Triceps long (R),R_TBlg,6,166.79904686287017,174.79904686287017,199.1588562354435,,,none,30.0,75,2,monophasic
Modulated_autosave_20260715_171433_605ms,Triceps long (R),R_TBlg,7,200.1588562354435,208.1588562354435,232.51866560801682,,,none,30.0,75,2,monophasic
Modulated_autosave_20260715_171433_605ms,Triceps long (R),R_TBlg,8,233.51866560801682,241.51866560801682,265.87847497965936,,,none,30.0,75,2,monophasic
Modulated_autosave_20260715_171433_605ms,Triceps long (R),R_TBlg,9,266.87847497965936,274.87847497965936,299.23828435223265,,,none,30.0,75,2,monophasic
Modulated_autosave_20260715_171433_605ms,Triceps long (R),R_TBlg,10,300.23828435223265,308.23828435223265,332.59809372480953,,,none,30.0,75,2,monophasic
Modulated_autosave_20260715_171433_605ms,Triceps long (R),R_TBlg,1,0.7942811753594015,8.794281175359401,32.359809372573324,,,none,30.0,80,2,monophasic
Modulated_autosave_20260715_171433_605ms,Triceps long (R),R_TBlg,2,33.359809372573324,41.359809372573324,65.71961874514665,,,none,30.0,80,2,monophasic
Modulated_autosave_20260715_171433_605ms,Triceps long (R),R_TBlg,3,66.71961874514665,74.71961874514665,99.07942811771997,,,none,30.0,80,2,monophasic
Modulated_autosave_20260715_171433_605ms,Triceps long (R),R_TBlg,4,100.07942811771997,108.07942811771997,132.4392374902933,,,none,30.0,80,2,monophasic
Modulated_autosave_20260715_171433_605ms,Triceps long (R),R_TBlg,5,133.4392374902933,141.4392374902933,165.79904686287017,,,none,30.0,80,2,monophasic
Modulated_autosave_20260715_171433_605ms,Triceps long (R),R_TBlg,6,166.79904686287017,174.79904686287017,199.1588562354435,,,none,30.0,80,2,monophasic
Modulated_autosave_20260715_171433_605ms,Triceps long (R),R_TBlg,7,200.1588562354435,208.1588562354435,232.51866560801682,,,none,30.0,80,2,monophasic
Modulated_autosave_20260715_171433_605ms,Triceps long (R),R_TBlg,8,233.51866560801682,241.51866560801682,265.87847497965936,,,none,30.0,80,2,monophasic
Modulated_autosave_20260715_171433_605ms,Triceps long (R),R_TBlg,9,266.87847497965936,274.87847497965936,299.23828435223265,,,none,30.0,80,2,monophasic
Modulated_autosave_20260715_171433_605ms,Triceps long (R),R_TBlg,10,300.23828435223265,308.23828435223265,332.59809372480953,,,none,30.0,80,2,monophasic
Modulated_autosave_20260715_171433_605ms,Triceps long (R),R_TBlg,1,0.7942811753594015,8.794281175359401,32.359809372573324,,,none,30.0,85,2,monophasic
Modulated_autosave_20260715_171433_605ms,Triceps long (R),R_TBlg,2,33.359809372573324,41.359809372573324,65.71961874514665,,,none,30.0,85,2,monophasic
Modulated_autosave_20260715_171433_605ms,Triceps long (R),R_TBlg,3,66.71961874514665,74.71961874514665,99.07942811771997,,,none,30.0,85,2,monophasic
Modulated_autosave_20260715_171433_605ms,Triceps long (R),R_TBlg,4,100.07942811771997,108.07942811771997,132.4392374902933,,,none,30.0,85,2,monophasic
Modulated_autosave_20260715_171433_605ms,Triceps long (R),R_TBlg,5,133.4392374902933,141.4392374902933,165.79904686287017,,,none,30.0,85,2,monophasic
Modulated_autosave_20260715_171433_605ms,Triceps long (R),R_TBlg,6,166.79904686287017,174.79904686287017,199.1588562354435,,,none,30.0,85,2,monophasic
Modulated_autosave_20260715_171433_605ms,Triceps long (R),R_TBlg,7,200.1588562354435,208.1588562354435,232.51866560801682,,,none,30.0,85,2,monophasic
Modulated_autosave_20260715_171433_605ms,Triceps long (R),R_TBlg,8,233.51866560801682,241.51866560801682,265.87847497965936,,,none,30.0,85,2,monophasic
Modulated_autosave_20260715_171433_605ms,Triceps long (R),R_TBlg,9,266.87847497965936,274.87847497965936,299.23828435223265,,,none,30.0,85,2,monophasic
Modulated_autosave_20260715_171433_605ms,Triceps long (R),R_TBlg,10,300.23828435223265,308.23828435223265,332.59809372480953,,,none,30.0,85,2,monophasic
Modulated_autosave_20260715_171433_605ms,Triceps long (R),R_TBlg,1,0.7942811753594015,8.794281175359401,32.359809372573324,,,none,30.0,90,2,monophasic
Modulated_autosave_20260715_171433_605ms,Triceps long (R),R_TBlg,2,33.359809372573324,41.359809372573324,65.71961874514665,,,none,30.0,90,2,monophasic
Modulated_autosave_20260715_171433_605ms,Triceps long (R),R_TBlg,3,66.71961874514665,74.71961874514665,99.07942811771997,,,none,30.0,90,2,monophasic
Modulated_autosave_20260715_171433_605ms,Triceps long (R),R_TBlg,4,100.07942811771997,108.07942811771997,132.4392374902933,,,none,30.0,90,2,monophasic
Modulated_autosave_20260715_171433_605ms,Triceps long (R),R_TBlg,5,133.4392374902933,141.4392374902933,165.79904686287017,,,none,30.0,90,2,monophasic
Modulated_autosave_20260715_171433_605ms,Triceps long (R),R_TBlg,6,166.79904686287017,174.79904686287017,199.1588562354435,,,none,30.0,90,2,monophasic
Modulated_autosave_20260715_171433_605ms,Triceps long (R),R_TBlg,7,200.1588562354435,208.1588562354435,232.51866560801682,,,none,30.0,90,2,monophasic
Modulated_autosave_20260715_171433_605ms,Triceps long (R),R_TBlg,8,233.51866560801682,241.51866560801682,265.87847497965936,,,none,30.0,90,2,monophasic
Modulated_autosave_20260715_171433_605ms,Triceps long (R),R_TBlg,9,266.87847497965936,274.87847497965936,299.23828435223265,,,none,30.0,90,2,monophasic
Modulated_autosave_20260715_171433_605ms,Triceps long (R),R_TBlg,10,300.23828435223265,308.23828435223265,332.59809372480953,,,none,30.0,90,2,monophasic
Modulated_autosave_20260715_171433_605ms,Triceps long (R),R_TBlg,1,0.7942811753594015,8.794281175359401,32.359809372573324,,,none,30.0,95,2,monophasic
Modulated_autosave_20260715_171433_605ms,Triceps long (R),R_TBlg,2,33.359809372573324,41.359809372573324,65.71961874514665,,,none,30.0,95,2,monophasic
Modulated_autosave_20260715_171433_605ms,Triceps long (R),R_TBlg,3,66.71961874514665,74.71961874514665,99.07942811771997,,,none,30.0,95,2,monophasic
Modulated_autosave_20260715_171433_605ms,Triceps long (R),R_TBlg,4,100.07942811771997,108.07942811771997,132.4392374902933,,,none,30.0,95,2,monophasic
Modulated_autosave_20260715_171433_605ms,Triceps long (R),R_TBlg,5,133.4392374902933,141.4392374902933,165.79904686287017,,,none,30.0,95,2,monophasic
Modulated_autosave_20260715_171433_605ms,Triceps long (R),R_TBlg,6,166.79904686287017,174.79904686287017,199.1588562354435,,,none,30.0,95,2,monophasic
Modulated_autosave_20260715_171433_605ms,Triceps long (R),R_TBlg,7,200.1588562354435,208.1588562354435,232.51866560801682,,,none,30.0,95,2,monophasic
Modulated_autosave_20260715_171433_605ms,Triceps long (R),R_TBlg,8,233.51866560801682,241.51866560801682,265.87847497965936,,,none,30.0,95,2,monophasic
Modulated_autosave_20260715_171433_605ms,Triceps long (R),R_TBlg,9,266.87847497965936,274.87847497965936,299.23828435223265,,,none,30.0,95,2,monophasic
Modulated_autosave_20260715_171433_605ms,Triceps long (R),R_TBlg,10,300.23828435223265,308.23828435223265,332.59809372480953,,,none,30.0,95,2,monophasic
Modulated_autosave_20260715_171433_605ms,Triceps long (R),R_TBlg,1,0.7942811753594015,8.794281175359401,32.359809372573324,,,none,30.0,100,2,monophasic
Modulated_autosave_20260715_171433_605ms,Triceps long (R),R_TBlg,2,33.359809372573324,41.359809372573324,65.71961874514665,,,none,30.0,100,2,monophasic
Modulated_autosave_20260715_171433_605ms,Triceps long (R),R_TBlg,3,66.71961874514665,74.71961874514665,99.07942811771997,,,none,30.0,100,2,monophasic
Modulated_autosave_20260715_171433_605ms,Triceps long (R),R_TBlg,4,100.07942811771997,108.07942811771997,132.4392374902933,,,none,30.0,100,2,monophasic
Modulated_autosave_20260715_171433_605ms,Triceps long (R),R_TBlg,5,133.4392374902933,141.4392374902933,165.79904686287017,,,none,30.0,100,2,monophasic
Modulated_autosave_20260715_171433_605ms,Triceps long (R),R_TBlg,6,166.79904686287017,174.79904686287017,199.1588562354435,,,none,30.0,100,2,monophasic
Modulated_autosave_20260715_171433_605ms,Triceps long (R),R_TBlg,7,200.1588562354435,208.1588562354435,232.51866560801682,,,none,30.0,100,2,monophasic
Modulated_autosave_20260715_171433_605ms,Triceps long (R),R_TBlg,8,233.51866560801682,241.51866560801682,265.87847497965936,,,none,30.0,100,2,monophasic
Modulated_autosave_20260715_171433_605ms,Triceps long (R),R_TBlg,9,266.87847497965936,274.87847497965936,299.23828435223265,,,none,30.0,100,2,monophasic
Modulated_autosave_20260715_171433_605ms,Triceps long (R),R_TBlg,10,300.23828435223265,308.23828435223265,332.59809372480953,,,none,30.0,100,2,monophasic
Modulated_autosave_20260715_171433_605ms,Triceps long (R),R_TBlg,1,0.7942811753594015,8.794281175359401,32.359809372573324,,,none,30.0,105,2,monophasic
Modulated_autosave_20260715_171433_605ms,Triceps long (R),R_TBlg,2,33.359809372573324,41.359809372573324,65.71961874514665,,,none,30.0,105,2,monophasic
Modulated_autosave_20260715_171433_605ms,Triceps long (R),R_TBlg,3,66.71961874514665,74.71961874514665,99.07942811771997,,,none,30.0,105,2,monophasic
Modulated_autosave_20260715_171433_605ms,Triceps long (R),R_TBlg,4,100.07942811771997,108.07942811771997,132.4392374902933,,,none,30.0,105,2,monophasic
Modulated_autosave_20260715_171433_605ms,Triceps long (R),R_TBlg,5,133.4392374902933,141.4392374902933,165.79904686287017,,,none,30.0,105,2,monophasic
Modulated_autosave_20260715_171433_605ms,Triceps long (R),R_TBlg,6,166.79904686287017,174.79904686287017,199.1588562354435,,,none,30.0,105,2,monophasic
Modulated_autosave_20260715_171433_605ms,Triceps long (R),R_TBlg,7,200.1588562354435,208.1588562354435,232.51866560801682,,,none,30.0,105,2,monophasic
Modulated_autosave_20260715_171433_605ms,Triceps long (R),R_TBlg,8,233.51866560801682,241.51866560801682,265.87847497965936,,,none,30.0,105,2,monophasic
Modulated_autosave_20260715_171433_605ms,Triceps long (R),R_TBlg,9,266.87847497965936,274.87847497965936,299.23828435223265,,,none,30.0,105,2,monophasic
Modulated_autosave_20260715_171433_605ms,Triceps long (R),R_TBlg,10,300.23828435223265,308.23828435223265,332.59809372480953,,,none,30.0,105,2,monophasic
Modulated_autosave_20260715_171433_605ms,Triceps long (R),R_TBlg,1,0.7942811753594015,8.794281175359401,32.359809372573324,,,none,30.0,110,2,monophasic
Modulated_autosave_20260715_171433_605ms,Triceps long (R),R_TBlg,2,33.359809372573324,41.359809372573324,65.71961874514665,,,none,30.0,110,2,monophasic
Modulated_autosave_20260715_171433_605ms,Triceps long (R),R_TBlg,3,66.71961874514665,74.71961874514665,99.07942811771997,,,none,30.0,110,2,monophasic
Modulated_autosave_20260715_171433_605ms,Triceps long (R),R_TBlg,4,100.07942811771997,108.07942811771997,132.4392374902933,,,none,30.0,110,2,monophasic
Modulated_autosave_20260715_171433_605ms,Triceps long (R),R_TBlg,5,133.4392374902933,141.4392374902933,165.79904686287017,,,none,30.0,110,2,monophasic
Modulated_autosave_20260715_171433_605ms,Triceps long (R),R_TBlg,6,166.79904686287017,174.79904686287017,199.1588562354435,,,none,30.0,110,2,monophasic
Modulated_autosave_20260715_171433_605ms,Triceps long (R),R_TBlg,7,200.1588562354435,208.1588562354435,232.51866560801682,,,none,30.0,110,2,monophasic
Modulated_autosave_20260715_171433_605ms,Triceps long (R),R_TBlg,8,233.51866560801682,241.51866560801682,265.87847497965936,,,none,30.0,110,2,monophasic
Modulated_autosave_20260715_171433_605ms,Triceps long (R),R_TBlg,9,266.87847497965936,274.87847497965936,299.23828435223265,,,none,30.0,110,2,monophasic
Modulated_autosave_20260715_171433_605ms,Triceps long (R),R_TBlg,10,300.23828435223265,308.23828435223265,332.59809372480953,,,none,30.0,110,2,monophasic
Modulated_autosave_20260715_171433_605ms,Triceps long (R),R_TBlg,1,0.7942811753594015,8.794281175359401,32.359809372573324,0.06445410777814686,0.06445410777814686,none,30.0,115,2,monophasic
Modulated_autosave_20260715_171433_605ms,Triceps long (R),R_TBlg,2,33.359809372573324,41.359809372573324,65.71961874514665,0.0379339291142252,0.0379339291142252,none,30.0,115,2,monophasic
Modulated_autosave_20260715_171433_605ms,Triceps long (R),R_TBlg,3,66.71961874514665,74.71961874514665,99.07942811771997,0.037430381157937315,0.037430381157937315,none,30.0,115,2,monophasic
Modulated_autosave_20260715_171433_605ms,Triceps long (R),R_TBlg,4,100.07942811771997,108.07942811771997,132.4392374902933,0.048340580891726215,0.048340580891726215,none,30.0,115,2,monophasic
Modulated_autosave_20260715_171433_605ms,Triceps long (R),R_TBlg,5,133.4392374902933,141.4392374902933,165.79904686287017,0.03524834172413459,0.03524834172413459,none,30.0,115,2,monophasic
Modulated_autosave_20260715_171433_605ms,Triceps long (R),R_TBlg,6,166.79904686287017,174.79904686287017,199.1588562354435,0.035248342198648926,0.035248342198648926,none,30.0,115,2,monophasic
Modulated_autosave_20260715_171433_605ms,Triceps long (R),R_TBlg,7,200.1588562354435,208.1588562354435,232.51866560801682,0.036926832046932596,0.036926832046932596,none,30.0,115,2,monophasic
Modulated_autosave_20260715_171433_605ms,Triceps long (R),R_TBlg,8,233.51866560801682,241.51866560801682,265.87847497965936,0.03373769623936813,0.03373769623936813,none,30.0,115,2,monophasic
Modulated_autosave_20260715_171433_605ms,Triceps long (R),R_TBlg,9,266.87847497965936,274.87847497965936,299.23828435223265,0.03390554827637944,0.03390554827637944,none,30.0,115,2,monophasic
Modulated_autosave_20260715_171433_605ms,Triceps long (R),R_TBlg,10,300.23828435223265,308.23828435223265,332.59809372480953,0.05589379858919889,0.05589379858919889,none,30.0,115,2,monophasic
Modulated_autosave_20260715_171433_605ms,Triceps long (R),R_TBlg,1,0.7942811753594015,8.794281175359401,32.359809372573324,0.06478980486281216,0.06478980486281216,none,30.0,120,2,monophasic
Modulated_autosave_20260715_171433_605ms,Triceps long (R),R_TBlg,2,33.359809372573324,41.359809372573324,65.71961874514665,0.06747539364732802,0.06747539364732802,none,30.0,120,2,monophasic
Modulated_autosave_20260715_171433_605ms,Triceps long (R),R_TBlg,3,66.71961874514665,74.71961874514665,99.07942811771997,0.06428625877001252,0.06428625877001252,none,30.0,120,2,monophasic
Modulated_autosave_20260715_171433_605ms,Triceps long (R),R_TBlg,4,100.07942811771997,108.07942811771997,132.4392374902933,0.05136186652812327,0.05136186652812327,none,30.0,120,2,monophasic
Modulated_autosave_20260715_171433_605ms,Triceps long (R),R_TBlg,5,133.4392374902933,141.4392374902933,165.79904686287017,0.030380713275938886,0.030380713275938886,none,30.0,120,2,monophasic
Modulated_autosave_20260715_171433_605ms,Triceps long (R),R_TBlg,6,166.79904686287017,174.79904686287017,199.1588562354435,0.04766918276436627,0.04766918276436627,none,30.0,120,2,monophasic
Modulated_autosave_20260715_171433_605ms,Triceps long (R),R_TBlg,7,200.1588562354435,208.1588562354435,232.51866560801682,0.0532082098070442,0.0532082098070442,none,30.0,120,2,monophasic
Modulated_autosave_20260715_171433_605ms,Triceps long (R),R_TBlg,8,233.51866560801682,241.51866560801682,265.87847497965936,0.033569846533476874,0.033569846533476874,none,30.0,120,2,monophasic
Modulated_autosave_20260715_171433_605ms,Triceps long (R),R_TBlg,9,266.87847497965936,274.87847497965936,299.23828435223265,0.05908293414590153,0.05908293414590153,none,30.0,120,2,monophasic
Modulated_autosave_20260715_171433_605ms,Triceps long (R),R_TBlg,10,300.23828435223265,308.23828435223265,332.59809372480953,0.05622949707196219,0.05622949707196219,none,30.0,120,2,monophasic
Modulated_autosave_20260715_171433_605ms,Triceps long (R),R_TBlg,1,0.7942811753594015,8.794281175359401,32.359809372573324,0.06512550753541291,0.06512550753541291,none,30.0,125,2,monophasic
Modulated_autosave_20260715_171433_605ms,Triceps long (R),R_TBlg,2,33.359809372573324,41.359809372573324,65.71961874514665,0.06781109257457496,0.06781109257457496,none,30.0,125,2,monophasic
Modulated_autosave_20260715_171433_605ms,Triceps long (R),R_TBlg,3,66.71961874514665,74.71961874514665,99.07942811771997,0.060425725999357714,0.060425725999357714,none,30.0,125,2,monophasic
Modulated_autosave_20260715_171433_605ms,Triceps long (R),R_TBlg,4,100.07942811771997,108.07942811771997,132.4392374902933,0.05505455122318934,0.05505455122318934,none,30.0,125,2,monophasic
Modulated_autosave_20260715_171433_605ms,Triceps long (R),R_TBlg,5,133.4392374902933,141.4392374902933,165.79904686287017,0.04263370786790377,0.04263370786790377,none,30.0,125,2,monophasic
Modulated_autosave_20260715_171433_605ms,Triceps long (R),R_TBlg,6,166.79904686287017,174.79904686287017,199.1588562354435,0.043976500862422566,0.043976500862422566,none,30.0,125,2,monophasic
Modulated_autosave_20260715_171433_605ms,Triceps long (R),R_TBlg,7,200.1588562354435,208.1588562354435,232.51866560801682,0.046997787662926296,0.046997787662926296,none,30.0,125,2,monophasic
Modulated_autosave_20260715_171433_605ms,Triceps long (R),R_TBlg,8,233.51866560801682,241.51866560801682,265.87847497965936,0.04682993656020433,0.04682993656020433,none,30.0,125,2,monophasic
Modulated_autosave_20260715_171433_605ms,Triceps long (R),R_TBlg,9,266.87847497965936,274.87847497965936,299.23828435223265,0.02954146568662975,0.02954146568662975,none,30.0,125,2,monophasic
Modulated_autosave_20260715_171433_605ms,Triceps long (R),R_TBlg,10,300.23828435223265,308.23828435223265,332.59809372480953,0.04834058065888806,0.04834058065888806,none,30.0,125,2,monophasic
Modulated_autosave_20260715_171433_605ms,Trapezius (R),R_TR,1,0.7942811753594015,8.794281175359401,32.359809372573324,4.7699397802352905,4.7699397802352905,none,30.0,30,2,monophasic
Modulated_autosave_20260715_171433_605ms,Trapezius (R),R_TR,2,33.359809372573324,41.359809372573324,65.71961874514665,4.72713828086853,4.72713828086853,none,30.0,30,2,monophasic
Modulated_autosave_20260715_171433_605ms,Trapezius (R),R_TR,3,66.71961874514665,74.71961874514665,99.07942811771997,4.661509032358909,4.661509032358909,none,30.0,30,2,monophasic
Modulated_autosave_20260715_171433_605ms,Trapezius (R),R_TR,4,100.07942811771997,108.07942811771997,132.4392374902933,4.61333643919081,4.61333643919081,none,30.0,30,2,monophasic
Modulated_autosave_20260715_171433_605ms,Trapezius (R),R_TR,5,133.4392374902933,141.4392374902933,165.79904686287017,4.484931583381981,4.484931583381981,none,30.0,30,2,monophasic
Modulated_autosave_20260715_171433_605ms,Trapezius (R),R_TR,6,166.79904686287017,174.79904686287017,199.1588562354435,4.3786830852894845,4.3786830852894845,none,30.0,30,2,monophasic
Modulated_autosave_20260715_171433_605ms,Trapezius (R),R_TR,7,200.1588562354435,208.1588562354435,232.51866560801682,4.246921415146977,4.246921415146977,none,30.0,30,2,monophasic
Modulated_autosave_20260715_171433_605ms,Trapezius (R),R_TR,8,233.51866560801682,241.51866560801682,265.87847497965936,4.268741960198555,4.268741960198555,none,30.0,30,2,monophasic
Modulated_autosave_20260715_171433_605ms,Trapezius (R),R_TR,9,266.87847497965936,274.87847497965936,299.23828435223265,4.28955525159715,4.28955525159715,none,30.0,30,2,monophasic
Modulated_autosave_20260715_171433_605ms,Trapezius (R),R_TR,10,300.23828435223265,308.23828435223265,332.59809372480953,4.295933485030439,4.295933485030439,none,30.0,30,2,monophasic
Modulated_autosave_20260715_171433_605ms,Trapezius (R),R_TR,1,0.7942811753594015,8.794281175359401,32.359809372573324,4.895491123199463,4.895491123199463,none,30.0,35,2,monophasic
Modulated_autosave_20260715_171433_605ms,Trapezius (R),R_TR,2,33.359809372573324,41.359809372573324,65.71961874514665,5.852735277305211,5.852735277305211,none,30.0,35,2,monophasic
Modulated_autosave_20260715_171433_605ms,Trapezius (R),R_TR,3,66.71961874514665,74.71961874514665,99.07942811771997,5.856259938152987,5.856259938152987,none,30.0,35,2,monophasic
Modulated_autosave_20260715_171433_605ms,Trapezius (R),R_TR,4,100.07942811771997,108.07942811771997,132.4392374902933,5.83997869080356,5.83997869080356,none,30.0,35,2,monophasic
Modulated_autosave_20260715_171433_605ms,Trapezius (R),R_TR,5,133.4392374902933,141.4392374902933,165.79904686287017,5.831921811632613,5.831921811632613,none,30.0,35,2,monophasic
Modulated_autosave_20260715_171433_605ms,Trapezius (R),R_TR,6,166.79904686287017,174.79904686287017,199.1588562354435,5.793484442476888,5.793484442476888,none,30.0,35,2,monophasic
Modulated_autosave_20260715_171433_605ms,Trapezius (R),R_TR,7,200.1588562354435,208.1588562354435,232.51866560801682,5.745647542564498,5.745647542564498,none,30.0,35,2,monophasic
Modulated_autosave_20260715_171433_605ms,Trapezius (R),R_TR,8,233.51866560801682,241.51866560801682,265.87847497965936,5.682535998723761,5.682535998723761,none,30.0,35,2,monophasic
Modulated_autosave_20260715_171433_605ms,Trapezius (R),R_TR,9,266.87847497965936,274.87847497965936,299.23828435223265,5.606835961338842,5.606835961338842,none,30.0,35,2,monophasic
Modulated_autosave_20260715_171433_605ms,Trapezius (R),R_TR,10,300.23828435223265,308.23828435223265,332.59809372480953,5.557824015614562,5.557824015614562,none,30.0,35,2,monophasic
Modulated_autosave_20260715_171433_605ms,Trapezius (R),R_TR,1,0.7942811753594015,8.794281175359401,32.359809372573324,6.29686439037323,6.29686439037323,none,30.0,40,2,monophasic
Modulated_autosave_20260715_171433_605ms,Trapezius (R),R_TR,2,33.359809372573324,41.359809372573324,65.71961874514665,6.239459871002048,6.239459871002048,none,30.0,40,2,monophasic
Modulated_autosave_20260715_171433_605ms,Trapezius (R),R_TR,3,66.71961874514665,74.71961874514665,99.07942811771997,6.298039315721089,6.298039315721089,none,30.0,40,2,monophasic
Modulated_autosave_20260715_171433_605ms,Trapezius (R),R_TR,4,100.07942811771997,108.07942811771997,132.4392374902933,6.362828849123883,6.362828849123883,none,30.0,40,2,monophasic
Modulated_autosave_20260715_171433_605ms,Trapezius (R),R_TR,5,133.4392374902933,141.4392374902933,165.79904686287017,6.419058619052123,6.419058619052123,none,30.0,40,2,monophasic
Modulated_autosave_20260715_171433_605ms,Trapezius (R),R_TR,6,166.79904686287017,174.79904686287017,199.1588562354435,6.452292617463622,6.452292617463622,none,30.0,40,2,monophasic
Modulated_autosave_20260715_171433_605ms,Trapezius (R),R_TR,7,200.1588562354435,208.1588562354435,232.51866560801682,6.480826850706486,6.480826850706486,none,30.0,40,2,monophasic
Modulated_autosave_20260715_171433_605ms,Trapezius (R),R_TR,8,233.51866560801682,241.51866560801682,265.87847497965936,6.507011290032471,6.507011290032471,none,30.0,40,2,monophasic
Modulated_autosave_20260715_171433_605ms,Trapezius (R),R_TR,9,266.87847497965936,274.87847497965936,299.23828435223265,6.5214463472334305,6.5214463472334305,none,30.0,40,2,monophasic
Modulated_autosave_20260715_171433_605ms,Trapezius (R),R_TR,10,300.23828435223265,308.23828435223265,332.59809372480953,6.539742350575107,6.539742350575107,none,30.0,40,2,monophasic
Modulated_autosave_20260715_171433_605ms,Trapezius (R),R_TR,1,0.7942811753594015,8.794281175359401,32.359809372573324,5.50193044450134,5.50193044450134,none,30.0,45,2,monophasic
Modulated_autosave_20260715_171433_605ms,Trapezius (R),R_TR,2,33.359809372573324,41.359809372573324,65.71961874514665,6.517250418663025,6.517250418663025,none,30.0,45,2,monophasic
Modulated_autosave_20260715_171433_605ms,Trapezius (R),R_TR,3,66.71961874514665,74.71961874514665,99.07942811771997,6.503822445869446,6.503822445869446,none,30.0,45,2,monophasic
Modulated_autosave_20260715_171433_605ms,Trapezius (R),R_TR,4,100.07942811771997,108.07942811771997,132.4392374902933,6.525642871856644,6.525642871856644,none,30.0,45,2,monophasic
Modulated_autosave_20260715_171433_605ms,Trapezius (R),R_TR,5,133.4392374902933,141.4392374902933,165.79904686287017,6.534874558446857,6.534874558446857,none,30.0,45,2,monophasic
Modulated_autosave_20260715_171433_605ms,Trapezius (R),R_TR,6,166.79904686287017,174.79904686287017,199.1588562354435,6.543267011639308,6.543267011639308,none,30.0,45,2,monophasic
Modulated_autosave_20260715_171433_605ms,Trapezius (R),R_TR,7,200.1588562354435,208.1588562354435,232.51866560801682,6.545281291005635,6.545281291005635,none,30.0,45,2,monophasic
Modulated_autosave_20260715_171433_605ms,Trapezius (R),R_TR,8,233.51866560801682,241.51866560801682,265.87847497965936,6.544609904287672,6.544609904287672,none,30.0,45,2,monophasic
Modulated_autosave_20260715_171433_605ms,Trapezius (R),R_TR,9,266.87847497965936,274.87847497965936,299.23828435223265,6.548638224601589,6.548638224601589,none,30.0,45,2,monophasic
Modulated_autosave_20260715_171433_605ms,Trapezius (R),R_TR,10,300.23828435223265,308.23828435223265,332.59809372480953,6.548806071281426,6.548806071281426,none,30.0,45,2,monophasic
Modulated_autosave_20260715_171433_605ms,Trapezius (R),R_TR,1,0.7942811753594015,8.794281175359401,32.359809372573324,5.506294458173215,5.506294458173215,none,30.0,50,2,monophasic
Modulated_autosave_20260715_171433_605ms,Trapezius (R),R_TR,2,33.359809372573324,41.359809372573324,65.71961874514665,6.657908082008362,6.657908082008362,none,30.0,50,2,monophasic
Modulated_autosave_20260715_171433_605ms,Trapezius (R),R_TR,3,66.71961874514665,74.71961874514665,99.07942811771997,6.649683475494385,6.649683475494385,none,30.0,50,2,monophasic
Modulated_autosave_20260715_171433_605ms,Trapezius (R),R_TR,4,100.07942811771997,108.07942811771997,132.4392374902933,6.663950681686373,6.663950681686373,none,30.0,50,2,monophasic
Modulated_autosave_20260715_171433_605ms,Trapezius (R),R_TR,5,133.4392374902933,141.4392374902933,165.79904686287017,6.680567741393991,6.680567741393991,none,30.0,50,2,monophasic
Modulated_autosave_20260715_171433_605ms,Trapezius (R),R_TR,6,166.79904686287017,174.79904686287017,199.1588562354435,6.682246208185804,6.682246208185804,none,30.0,50,2,monophasic
Modulated_autosave_20260715_171433_605ms,Trapezius (R),R_TR,7,200.1588562354435,208.1588562354435,232.51866560801682,6.689128041259133,6.689128041259133,none,30.0,50,2,monophasic
Modulated_autosave_20260715_171433_605ms,Trapezius (R),R_TR,8,233.51866560801682,241.51866560801682,265.87847497965936,6.687617421146667,6.687617421146667,none,30.0,50,2,monophasic
Modulated_autosave_20260715_171433_605ms,Trapezius (R),R_TR,9,266.87847497965936,274.87847497965936,299.23828435223265,6.68627464771256,6.68627464771256,none,30.0,50,2,monophasic
Modulated_autosave_20260715_171433_605ms,Trapezius (R),R_TR,10,300.23828435223265,308.23828435223265,332.59809372480953,6.686274647712681,6.686274647712681,none,30.0,50,2,monophasic
Modulated_autosave_20260715_171433_605ms,Trapezius (R),R_TR,1,0.7942811753594015,8.794281175359401,32.359809372573324,5.505455198697746,5.505455198697746,none,30.0,55,2,monophasic
Modulated_autosave_20260715_171433_605ms,Trapezius (R),R_TR,2,33.359809372573324,41.359809372573324,65.71961874514665,6.798733592033386,6.798733592033386,none,30.0,55,2,monophasic
Modulated_autosave_20260715_171433_605ms,Trapezius (R),R_TR,3,66.71961874514665,74.71961874514665,99.07942811771997,6.781948685646057,6.781948685646057,none,30.0,55,2,monophasic
Modulated_autosave_20260715_171433_605ms,Trapezius (R),R_TR,4,100.07942811771997,108.07942811771997,132.4392374902933,6.807126045227033,6.807126045227033,none,30.0,55,2,monophasic
Modulated_autosave_20260715_171433_605ms,Trapezius (R),R_TR,5,133.4392374902933,141.4392374902933,165.79904686287017,6.816022038459751,6.816022038459751,none,30.0,55,2,monophasic
Modulated_autosave_20260715_171433_605ms,Trapezius (R),R_TR,6,166.79904686287017,174.79904686287017,199.1588562354435,6.819714784578205,6.819714784578205,none,30.0,55,2,monophasic
Modulated_autosave_20260715_171433_605ms,Trapezius (R),R_TR,7,200.1588562354435,208.1588562354435,232.51866560801682,6.821057557931247,6.821057557931247,none,30.0,55,2,monophasic
Modulated_autosave_20260715_171433_605ms,Trapezius (R),R_TR,8,233.51866560801682,241.51866560801682,265.87847497965936,6.825757384070091,6.825757384070091,none,30.0,55,2,monophasic
Modulated_autosave_20260715_171433_605ms,Trapezius (R),R_TR,9,266.87847497965936,274.87847497965936,299.23828435223265,6.827939391136153,6.827939391136153,none,30.0,55,2,monophasic
Modulated_autosave_20260715_171433_605ms,Trapezius (R),R_TR,10,300.23828435223265,308.23828435223265,332.59809372480953,6.824246644973744,6.824246644973744,none,30.0,55,2,monophasic
Modulated_autosave_20260715_171433_605ms,Trapezius (R),R_TR,1,0.7942811753594015,8.794281175359401,32.359809372573324,5.509483581408858,5.509483581408858,none,30.0,60,2,monophasic
Modulated_autosave_20260715_171433_605ms,Trapezius (R),R_TR,2,33.359809372573324,41.359809372573324,65.71961874514665,6.930830955505371,6.930830955505371,none,30.0,60,2,monophasic
Modulated_autosave_20260715_171433_605ms,Trapezius (R),R_TR,3,66.71961874514665,74.71961874514665,99.07942811771997,6.909849762916565,6.909849762916565,none,30.0,60,2,monophasic
Modulated_autosave_20260715_171433_605ms,Trapezius (R),R_TR,4,100.07942811771997,108.07942811771997,132.4392374902933,6.929488182067867,6.929488182067867,none,30.0,60,2,monophasic
Modulated_autosave_20260715_171433_605ms,Trapezius (R),R_TR,5,133.4392374902933,141.4392374902933,165.79904686287017,6.938719868659959,6.938719868659959,none,30.0,60,2,monophasic
Modulated_autosave_20260715_171433_605ms,Trapezius (R),R_TR,6,166.79904686287017,174.79904686287017,199.1588562354435,6.946944475172967,6.946944475172967,none,30.0,60,2,monophasic
Modulated_autosave_20260715_171433_605ms,Trapezius (R),R_TR,7,200.1588562354435,208.1588562354435,232.51866560801682,6.947615861892503,6.947615861892503,none,30.0,60,2,monophasic
Modulated_autosave_20260715_171433_605ms,Trapezius (R),R_TR,8,233.51866560801682,241.51866560801682,265.87847497965936,6.95785462856214,6.95785462856214,none,30.0,60,2,monophasic
Modulated_autosave_20260715_171433_605ms,Trapezius (R),R_TR,9,266.87847497965936,274.87847497965936,299.23828435223265,6.952483534812828,6.952483534812828,none,30.0,60,2,monophasic
Modulated_autosave_20260715_171433_605ms,Trapezius (R),R_TR,10,300.23828435223265,308.23828435223265,332.59809372480953,6.952315688133238,6.952315688133238,none,30.0,60,2,monophasic
Modulated_autosave_20260715_171433_605ms,Trapezius (R),R_TR,1,0.7942811753594015,8.794281175359401,32.359809372573324,5.506126583553851,5.506126583553851,none,30.0,65,2,monophasic
Modulated_autosave_20260715_171433_605ms,Trapezius (R),R_TR,2,33.359809372573324,41.359809372573324,65.71961874514665,7.056046485900879,7.056046485900879,none,30.0,65,2,monophasic
Modulated_autosave_20260715_171433_605ms,Trapezius (R),R_TR,3,66.71961874514665,74.71961874514665,99.07942811771997,7.028519153594971,7.028519153594971,none,30.0,65,2,monophasic
Modulated_autosave_20260715_171433_605ms,Trapezius (R),R_TR,4,100.07942811771997,108.07942811771997,132.4392374902933,7.050171732902514,7.050171732902514,none,30.0,65,2,monophasic
Modulated_autosave_20260715_171433_605ms,Trapezius (R),R_TR,5,133.4392374902933,141.4392374902933,165.79904686287017,7.055039405822738,7.055039405822738,none,30.0,65,2,monophasic
Modulated_autosave_20260715_171433_605ms,Trapezius (R),R_TR,6,166.79904686287017,174.79904686287017,199.1588562354435,7.062089085566723,7.062089085566723,none,30.0,65,2,monophasic
Modulated_autosave_20260715_171433_605ms,Trapezius (R),R_TR,7,200.1588562354435,208.1588562354435,232.51866560801682,7.0595712661619245,7.0595712661619245,none,30.0,65,2,monophasic
Modulated_autosave_20260715_171433_605ms,Trapezius (R),R_TR,8,233.51866560801682,241.51866560801682,265.87847497965936,7.057724952687132,7.057724952687132,none,30.0,65,2,monophasic
Modulated_autosave_20260715_171433_605ms,Trapezius (R),R_TR,9,266.87847497965936,274.87847497965936,299.23828435223265,7.0595712661742605,7.0595712661742605,none,30.0,65,2,monophasic
Modulated_autosave_20260715_171433_605ms,Trapezius (R),R_TR,10,300.23828435223265,308.23828435223265,332.59809372480953,7.061249852180472,7.061249852180472,none,30.0,65,2,monophasic
Modulated_autosave_20260715_171433_605ms,Trapezius (R),R_TR,1,0.7942811753594015,8.794281175359401,32.359809372573324,5.5054551884531975,5.5054551884531975,none,30.0,70,2,monophasic
Modulated_autosave_20260715_171433_605ms,Trapezius (R),R_TR,2,33.359809372573324,41.359809372573324,65.71961874514665,7.182604789733887,7.182604789733887,none,30.0,70,2,monophasic
Modulated_autosave_20260715_171433_605ms,Trapezius (R),R_TR,3,66.71961874514665,74.71961874514665,99.07942811771997,7.158098816871643,7.158098816871643,none,30.0,70,2,monophasic
Modulated_autosave_20260715_171433_605ms,Trapezius (R),R_TR,4,100.07942811771997,108.07942811771997,132.4392374902933,7.170855402946437,7.170855402946437,none,30.0,70,2,monophasic
Modulated_autosave_20260715_171433_605ms,Trapezius (R),R_TR,5,133.4392374902933,141.4392374902933,165.79904686287017,7.175722956657369,7.175722956657369,none,30.0,70,2,monophasic
Modulated_autosave_20260715_171433_605ms,Trapezius (R),R_TR,6,166.79904686287017,174.79904686287017,199.1588562354435,7.1837797164826505,7.1837797164826505,none,30.0,70,2,monophasic
Modulated_autosave_20260715_171433_605ms,Trapezius (R),R_TR,7,200.1588562354435,208.1588562354435,232.51866560801682,7.186297535885286,7.186297535885286,none,30.0,70,2,monophasic
Modulated_autosave_20260715_171433_605ms,Trapezius (R),R_TR,8,233.51866560801682,241.51866560801682,265.87847497965936,7.18562602995882,7.18562602995882,none,30.0,70,2,monophasic
Modulated_autosave_20260715_171433_605ms,Trapezius (R),R_TR,9,266.87847497965936,274.87847497965936,299.23828435223265,7.189822316168949,7.189822316168949,none,30.0,70,2,monophasic
Modulated_autosave_20260715_171433_605ms,Trapezius (R),R_TR,10,300.23828435223265,308.23828435223265,332.59809372480953,7.188311696051947,7.188311696051947,none,30.0,70,2,monophasic
Modulated_autosave_20260715_171433_605ms,Trapezius (R),R_TR,1,0.7942811753594015,8.794281175359401,32.359809372573324,5.506462278775871,5.506462278775871,none,30.0,75,2,monophasic
Modulated_autosave_20260715_171433_605ms,Trapezius (R),R_TR,2,33.359809372573324,41.359809372573324,65.71961874514665,7.326955199241638,7.326955199241638,none,30.0,75,2,monophasic
Modulated_autosave_20260715_171433_605ms,Trapezius (R),R_TR,3,66.71961874514665,74.71961874514665,99.07942811771997,7.292546033859253,7.292546033859253,none,30.0,75,2,monophasic
Modulated_autosave_20260715_171433_605ms,Trapezius (R),R_TR,4,100.07942811771997,108.07942811771997,132.4392374902933,7.305134773254386,7.305134773254386,none,30.0,75,2,monophasic
Modulated_autosave_20260715_171433_605ms,Trapezius (R),R_TR,5,133.4392374902933,141.4392374902933,165.79904686287017,7.309666633605939,7.309666633605939,none,30.0,75,2,monophasic
Modulated_autosave_20260715_171433_605ms,Trapezius (R),R_TR,6,166.79904686287017,174.79904686287017,199.1588562354435,7.320576906183373,7.320576906183373,none,30.0,75,2,monophasic
Modulated_autosave_20260715_171433_605ms,Trapezius (R),R_TR,7,200.1588562354435,208.1588562354435,232.51866560801682,7.320409059522569,7.320409059522569,none,30.0,75,2,monophasic
Modulated_autosave_20260715_171433_605ms,Trapezius (R),R_TR,8,233.51866560801682,241.51866560801682,265.87847497965936,7.316044926626849,7.316044926626849,none,30.0,75,2,monophasic
Modulated_autosave_20260715_171433_605ms,Trapezius (R),R_TR,9,266.87847497965936,274.87847497965936,299.23828435223265,7.322758913039569,7.322758913039569,none,30.0,75,2,monophasic
Modulated_autosave_20260715_171433_605ms,Trapezius (R),R_TR,10,300.23828435223265,308.23828435223265,332.59809372480953,7.317219853401184,7.317219853401184,none,30.0,75,2,monophasic
Modulated_autosave_20260715_171433_605ms,Trapezius (R),R_TR,1,0.7942811753594015,8.794281175359401,32.359809372573324,5.508644316345453,5.508644316345453,none,30.0,80,2,monophasic
Modulated_autosave_20260715_171433_605ms,Trapezius (R),R_TR,2,33.359809372573324,41.359809372573324,65.71961874514665,7.472312569618225,7.472312569618225,none,30.0,80,2,monophasic
Modulated_autosave_20260715_171433_605ms,Trapezius (R),R_TR,3,66.71961874514665,74.71961874514665,99.07942811771997,7.434882163998908,7.434882163998908,none,30.0,80,2,monophasic
Modulated_autosave_20260715_171433_605ms,Trapezius (R),R_TR,4,100.07942811771997,108.07942811771997,132.4392374902933,7.44428181648254,7.44428181648254,none,30.0,80,2,monophasic
Modulated_autosave_20260715_171433_605ms,Trapezius (R),R_TR,5,133.4392374902933,141.4392374902933,165.79904686287017,7.456366896626186,7.456366896626186,none,30.0,80,2,monophasic
Modulated_autosave_20260715_171433_605ms,Trapezius (R),R_TR,6,166.79904686287017,174.79904686287017,199.1588562354435,7.459891796106553,7.459891796106553,none,30.0,80,2,monophasic
Modulated_autosave_20260715_171433_605ms,Trapezius (R),R_TR,7,200.1588562354435,208.1588562354435,232.51866560801682,7.462913036346042,7.462913036346042,none,30.0,80,2,monophasic
Modulated_autosave_20260715_171433_605ms,Trapezius (R),R_TR,8,233.51866560801682,241.51866560801682,265.87847497965936,7.465095043180799,7.465095043180799,none,30.0,80,2,monophasic
Modulated_autosave_20260715_171433_605ms,Trapezius (R),R_TR,9,266.87847497965936,274.87847497965936,299.23828435223265,7.464927196502488,7.464927196502488,none,30.0,80,2,monophasic
Modulated_autosave_20260715_171433_605ms,Trapezius (R),R_TR,10,300.23828435223265,308.23828435223265,332.59809372480953,7.467612862586778,7.467612862586778,none,30.0,80,2,monophasic
Modulated_autosave_20260715_171433_605ms,Trapezius (R),R_TR,1,0.7942811753594015,8.794281175359401,32.359809372573324,5.505287331528962,5.505287331528962,none,30.0,85,2,monophasic
Modulated_autosave_20260715_171433_605ms,Trapezius (R),R_TR,2,33.359809372573324,41.359809372573324,65.71961874514665,7.643182991670786,7.643182991670786,none,30.0,85,2,monophasic
Modulated_autosave_20260715_171433_605ms,Trapezius (R),R_TR,3,66.71961874514665,74.71961874514665,99.07942811771997,7.608102560043335,7.608102560043335,none,30.0,85,2,monophasic
Modulated_autosave_20260715_171433_605ms,Trapezius (R),R_TR,4,100.07942811771997,108.07942811771997,132.4392374902933,7.609445333480792,7.609445333480792,none,30.0,85,2,monophasic
Modulated_autosave_20260715_171433_605ms,Trapezius (R),R_TR,5,133.4392374902933,141.4392374902933,165.79904686287017,7.618173597863642,7.618173597863642,none,30.0,85,2,monophasic
Modulated_autosave_20260715_171433_605ms,Trapezius (R),R_TR,6,166.79904686287017,174.79904686287017,199.1588562354435,7.624887466416501,7.624887466416501,none,30.0,85,2,monophasic
Modulated_autosave_20260715_171433_605ms,Trapezius (R),R_TR,7,200.1588562354435,208.1588562354435,232.51866560801682,7.619684219348156,7.619684219348156,none,30.0,85,2,monophasic
Modulated_autosave_20260715_171433_605ms,Trapezius (R),R_TR,8,233.51866560801682,241.51866560801682,265.87847497965936,7.610788106905353,7.610788106905353,none,30.0,85,2,monophasic
Modulated_autosave_20260715_171433_605ms,Trapezius (R),R_TR,9,266.87847497965936,274.87847497965936,299.23828435223265,7.6094453334800445,7.6094453334800445,none,30.0,85,2,monophasic
Modulated_autosave_20260715_171433_605ms,Trapezius (R),R_TR,10,300.23828435223265,308.23828435223265,332.59809372480953,7.60877394676146,7.60877394676146,none,30.0,85,2,monophasic
Modulated_autosave_20260715_171433_605ms,Trapezius (R),R_TR,1,0.7942811753594015,8.794281175359401,32.359809372573324,5.5073015205562115,5.5073015205562115,none,30.0,90,2,monophasic
Modulated_autosave_20260715_171433_605ms,Trapezius (R),R_TR,2,33.359809372573324,41.359809372573324,65.71961874514665,7.878172158485445,7.878172158485445,none,30.0,90,2,monophasic
Modulated_autosave_20260715_171433_605ms,Trapezius (R),R_TR,3,66.71961874514665,74.71961874514665,99.07942811771997,7.839398860175671,7.839398860175671,none,30.0,90,2,monophasic
Modulated_autosave_20260715_171433_605ms,Trapezius (R),R_TR,4,100.07942811771997,108.07942811771997,132.4392374902933,7.830334900981141,7.830334900981141,none,30.0,90,2,monophasic
Modulated_autosave_20260715_171433_605ms,Trapezius (R),R_TR,5,133.4392374902933,141.4392374902933,165.79904686287017,7.830838679385694,7.830838679385694,none,30.0,90,2,monophasic
Modulated_autosave_20260715_171433_605ms,Trapezius (R),R_TR,6,166.79904686287017,174.79904686287017,199.1588562354435,7.8273136606268245,7.8273136606268245,none,30.0,90,2,monophasic
Modulated_autosave_20260715_171433_605ms,Trapezius (R),R_TR,7,200.1588562354435,208.1588562354435,232.51866560801682,7.832517146054936,7.832517146054936,none,30.0,90,2,monophasic
Modulated_autosave_20260715_171433_605ms,Trapezius (R),R_TR,8,233.51866560801682,241.51866560801682,265.87847497965936,7.827649353880651,7.827649353880651,none,30.0,90,2,monophasic
Modulated_autosave_20260715_171433_605ms,Trapezius (R),R_TR,9,266.87847497965936,274.87847497965936,299.23828435223265,7.812375068664549,7.812375068664549,none,30.0,90,2,monophasic
Modulated_autosave_20260715_171433_605ms,Trapezius (R),R_TR,10,300.23828435223265,308.23828435223265,332.59809372480953,7.812542915344199,7.812542915344199,none,30.0,90,2,monophasic
Modulated_autosave_20260715_171433_605ms,Trapezius (R),R_TR,1,0.7942811753594015,8.794281175359401,32.359809372573324,5.508644314482808,5.508644314482808,none,30.0,95,2,monophasic
Modulated_autosave_20260715_171433_605ms,Trapezius (R),R_TR,2,33.359809372573324,41.359809372573324,65.71961874514665,8.163683652878003,8.163683652878003,none,30.0,95,2,monophasic
Modulated_autosave_20260715_171433_605ms,Trapezius (R),R_TR,3,66.71961874514665,74.71961874514665,99.07942811771997,8.131624460220532,8.131624460220532,none,30.0,95,2,monophasic
Modulated_autosave_20260715_171433_605ms,Trapezius (R),R_TR,4,100.07942811771997,108.07942811771997,132.4392374902933,8.115678787191374,8.115678787191374,none,30.0,95,2,monophasic
Modulated_autosave_20260715_171433_605ms,Trapezius (R),R_TR,5,133.4392374902933,141.4392374902933,165.79904686287017,8.098390340698945,8.098390340698945,none,30.0,95,2,monophasic
Modulated_autosave_20260715_171433_605ms,Trapezius (R),R_TR,6,166.79904686287017,174.79904686287017,199.1588562354435,8.098222493926304,8.098222493926304,none,30.0,95,2,monophasic
Modulated_autosave_20260715_171433_605ms,Trapezius (R),R_TR,7,200.1588562354435,208.1588562354435,232.51866560801682,8.085801601137284,8.085801601137284,none,30.0,95,2,monophasic
Modulated_autosave_20260715_171433_605ms,Trapezius (R),R_TR,8,233.51866560801682,241.51866560801682,265.87847497965936,8.081605434130255,8.081605434130255,none,30.0,95,2,monophasic
Modulated_autosave_20260715_171433_605ms,Trapezius (R),R_TR,9,266.87847497965936,274.87847497965936,299.23828435223265,8.085633754730223,8.085633754730223,none,30.0,95,2,monophasic
Modulated_autosave_20260715_171433_605ms,Trapezius (R),R_TR,10,300.23828435223265,308.23828435223265,332.59809372480953,8.07891964912406,8.07891964912406,none,30.0,95,2,monophasic
Modulated_autosave_20260715_171433_605ms,Trapezius (R),R_TR,1,0.7942811753594015,8.794281175359401,32.359809372573324,5.509315713308752,5.509315713308752,none,30.0,100,2,monophasic
Modulated_autosave_20260715_171433_605ms,Trapezius (R),R_TR,2,33.359809372573324,41.359809372573324,65.71961874514665,8.510124444961743,8.510124444961743,none,30.0,100,2,monophasic
Modulated_autosave_20260715_171433_605ms,Trapezius (R),R_TR,3,66.71961874514665,74.71961874514665,99.07942811771997,8.47756171226521,8.47756171226521,none,30.0,100,2,monophasic
Modulated_autosave_20260715_171433_605ms,Trapezius (R),R_TR,4,100.07942811771997,108.07942811771997,132.4392374902933,8.446509599686054,8.446509599686054,none,30.0,100,2,monophasic
Modulated_autosave_20260715_171433_605ms,Trapezius (R),R_TR,5,133.4392374902933,141.4392374902933,165.79904686287017,8.442649126053123,8.442649126053123,none,30.0,100,2,monophasic
Modulated_autosave_20260715_171433_605ms,Trapezius (R),R_TR,6,166.79904686287017,174.79904686287017,199.1588562354435,8.435935020446973,8.435935020446973,none,30.0,100,2,monophasic
Modulated_autosave_20260715_171433_605ms,Trapezius (R),R_TR,7,200.1588562354435,208.1588562354435,232.51866560801682,8.432410240173734,8.432410240173734,none,30.0,100,2,monophasic
Modulated_autosave_20260715_171433_605ms,Trapezius (R),R_TR,8,233.51866560801682,241.51866560801682,265.87847497965936,8.423178434371835,8.423178434371835,none,30.0,100,2,monophasic
Modulated_autosave_20260715_171433_605ms,Trapezius (R),R_TR,9,266.87847497965936,274.87847497965936,299.23828435223265,8.411093473402854,8.411093473402854,none,30.0,100,2,monophasic
Modulated_autosave_20260715_171433_605ms,Trapezius (R),R_TR,10,300.23828435223265,308.23828435223265,332.59809372480953,8.406561374664205,8.406561374664205,none,30.0,100,2,monophasic
Modulated_autosave_20260715_171433_605ms,Trapezius (R),R_TR,1,0.7942811753594015,8.794281175359401,32.359809372573324,5.508476465009153,5.508476465009153,none,30.0,105,2,monophasic
Modulated_autosave_20260715_171433_605ms,Trapezius (R),R_TR,2,33.359809372573324,41.359809372573324,65.71961874514665,8.65279626846353,8.65279626846353,none,30.0,105,2,monophasic
Modulated_autosave_20260715_171433_605ms,Trapezius (R),R_TR,3,66.71961874514665,74.71961874514665,99.07942811771997,8.631983041763501,8.631983041763501,none,30.0,105,2,monophasic
Modulated_autosave_20260715_171433_605ms,Trapezius (R),R_TR,4,100.07942811771997,108.07942811771997,132.4392374902933,8.607309103012202,8.607309103012202,none,30.0,105,2,monophasic
Modulated_autosave_20260715_171433_605ms,Trapezius (R),R_TR,5,133.4392374902933,141.4392374902933,165.79904686287017,8.599923849105753,8.599923849105753,none,30.0,105,2,monophasic
Modulated_autosave_20260715_171433_605ms,Trapezius (R),R_TR,6,166.79904686287017,174.79904686287017,199.1588562354435,8.59858107566853,8.59858107566853,none,30.0,105,2,monophasic
Modulated_autosave_20260715_171433_605ms,Trapezius (R),R_TR,7,200.1588562354435,208.1588562354435,232.51866560801682,8.592202663422025,8.592202663422025,none,30.0,105,2,monophasic
Modulated_autosave_20260715_171433_605ms,Trapezius (R),R_TR,8,233.51866560801682,241.51866560801682,265.87847497965936,8.590859889984648,8.590859889984648,none,30.0,105,2,monophasic
Modulated_autosave_20260715_171433_605ms,Trapezius (R),R_TR,9,266.87847497965936,274.87847497965936,299.23828435223265,8.583642482741375,8.583642482741375,none,30.0,105,2,monophasic
Modulated_autosave_20260715_171433_605ms,Trapezius (R),R_TR,10,300.23828435223265,308.23828435223265,332.59809372480953,8.584313869476276,8.584313869476276,none,30.0,105,2,monophasic
Modulated_autosave_20260715_171433_605ms,Trapezius (R),R_TR,1,0.7942811753594015,8.794281175359401,32.359809372573324,5.506797972135246,5.506797972135246,none,30.0,110,2,monophasic
Modulated_autosave_20260715_171433_605ms,Trapezius (R),R_TR,2,33.359809372573324,41.359809372573324,65.71961874514665,8.793789625168042,8.793789625168042,none,30.0,110,2,monophasic
Modulated_autosave_20260715_171433_605ms,Trapezius (R),R_TR,3,66.71961874514665,74.71961874514665,99.07942811771997,8.774822711945127,8.774822711945127,none,30.0,110,2,monophasic
Modulated_autosave_20260715_171433_605ms,Trapezius (R),R_TR,4,100.07942811771997,108.07942811771997,132.4392374902933,8.745616912841754,8.745616912841754,none,30.0,110,2,monophasic
Modulated_autosave_20260715_171433_605ms,Trapezius (R),R_TR,5,133.4392374902933,141.4392374902933,165.79904686287017,8.746791839599569,8.746791839599569,none,30.0,110,2,monophasic
Modulated_autosave_20260715_171433_605ms,Trapezius (R),R_TR,6,166.79904686287017,174.79904686287017,199.1588562354435,8.743434906006254,8.743434906006254,none,30.0,110,2,monophasic
Modulated_autosave_20260715_171433_605ms,Trapezius (R),R_TR,7,200.1588562354435,208.1588562354435,232.51866560801682,8.737392425537276,8.737392425537276,none,30.0,110,2,monophasic
Modulated_autosave_20260715_171433_605ms,Trapezius (R),R_TR,8,233.51866560801682,241.51866560801682,265.87847497965936,8.72849631309566,8.72849631309566,none,30.0,110,2,monophasic
Modulated_autosave_20260715_171433_605ms,Trapezius (R),R_TR,9,266.87847497965936,274.87847497965936,299.23828435223265,8.730174779884068,8.730174779884068,none,30.0,110,2,monophasic
Modulated_autosave_20260715_171433_605ms,Trapezius (R),R_TR,10,300.23828435223265,308.23828435223265,332.59809372480953,8.72530722617866,8.72530722617866,none,30.0,110,2,monophasic
Modulated_autosave_20260715_171433_605ms,Trapezius (R),R_TR,1,0.7942811753594015,8.794281175359401,32.359809372573324,5.506797972135246,5.506797972135246,none,30.0,115,2,monophasic
Modulated_autosave_20260715_171433_605ms,Trapezius (R),R_TR,2,33.359809372573324,41.359809372573324,65.71961874514665,8.919340848922925,8.919340848922925,none,30.0,115,2,monophasic
Modulated_autosave_20260715_171433_605ms,Trapezius (R),R_TR,3,66.71961874514665,74.71961874514665,99.07942811771997,8.887953042984009,8.887953042984009,none,30.0,115,2,monophasic
Modulated_autosave_20260715_171433_605ms,Trapezius (R),R_TR,4,100.07942811771997,108.07942811771997,132.4392374902933,8.867811203002873,8.867811203002873,none,30.0,115,2,monophasic
Modulated_autosave_20260715_171433_605ms,Trapezius (R),R_TR,5,133.4392374902933,141.4392374902933,165.79904686287017,8.873853683471818,8.873853683471818,none,30.0,115,2,monophasic
Modulated_autosave_20260715_171433_605ms,Trapezius (R),R_TR,6,166.79904686287017,174.79904686287017,199.1588562354435,8.861768484115995,8.861768484115995,none,30.0,115,2,monophasic
Modulated_autosave_20260715_171433_605ms,Trapezius (R),R_TR,7,200.1588562354435,208.1588562354435,232.51866560801682,8.859922170639038,8.859922170639038,none,30.0,115,2,monophasic
Modulated_autosave_20260715_171433_605ms,Trapezius (R),R_TR,8,233.51866560801682,241.51866560801682,265.87847497965936,8.855054616927857,8.855054616927857,none,30.0,115,2,monophasic
Modulated_autosave_20260715_171433_605ms,Trapezius (R),R_TR,9,266.87847497965936,274.87847497965936,299.23828435223265,8.858243703838214,8.858243703838214,none,30.0,115,2,monophasic
Modulated_autosave_20260715_171433_605ms,Trapezius (R),R_TR,10,300.23828435223265,308.23828435223265,332.59809372480953,8.849012136459326,8.849012136459326,none,30.0,115,2,monophasic
Modulated_autosave_20260715_171433_605ms,Trapezius (R),R_TR,1,0.7942811753594015,8.794281175359401,32.359809372573324,5.510826354846358,5.510826354846358,none,30.0,120,2,monophasic
Modulated_autosave_20260715_171433_605ms,Trapezius (R),R_TR,2,33.359809372573324,41.359809372573324,65.71961874514665,9.021393299103178,9.021393299103178,none,30.0,120,2,monophasic
Modulated_autosave_20260715_171433_605ms,Trapezius (R),R_TR,3,66.71961874514665,74.71961874514665,99.07942811771997,8.992691040039062,8.992691040039062,none,30.0,120,2,monophasic
Modulated_autosave_20260715_171433_605ms,Trapezius (R),R_TR,4,100.07942811771997,108.07942811771997,132.4392374902933,8.962478160858025,8.962478160858025,none,30.0,120,2,monophasic
Modulated_autosave_20260715_171433_605ms,Trapezius (R),R_TR,5,133.4392374902933,141.4392374902933,165.79904686287017,8.949721574783403,8.949721574783403,none,30.0,120,2,monophasic
Modulated_autosave_20260715_171433_605ms,Trapezius (R),R_TR,6,166.79904686287017,174.79904686287017,199.1588562354435,8.949721574783325,8.949721574783325,none,30.0,120,2,monophasic
Modulated_autosave_20260715_171433_605ms,Trapezius (R),R_TR,7,200.1588562354435,208.1588562354435,232.51866560801682,8.962310314178861,8.962310314178861,none,30.0,120,2,monophasic
Modulated_autosave_20260715_171433_605ms,Trapezius (R),R_TR,8,233.51866560801682,241.51866560801682,265.87847497965936,8.94586110115042,8.94586110115042,none,30.0,120,2,monophasic
Modulated_autosave_20260715_171433_605ms,Trapezius (R),R_TR,9,266.87847497965936,274.87847497965936,299.23828435223265,8.941497087456128,8.941497087456128,none,30.0,120,2,monophasic
Modulated_autosave_20260715_171433_605ms,Trapezius (R),R_TR,10,300.23828435223265,308.23828435223265,332.59809372480953,8.95123219490043,8.95123219490043,none,30.0,120,2,monophasic
Modulated_autosave_20260715_171433_605ms,Trapezius (R),R_TR,1,0.7942811753594015,8.794281175359401,32.359809372573324,5.505455176346004,5.505455176346004,none,30.0,125,2,monophasic
Modulated_autosave_20260715_171433_605ms,Trapezius (R),R_TR,2,33.359809372573324,41.359809372573324,65.71961874514665,9.033814191790698,9.033814191790698,none,30.0,125,2,monophasic
Modulated_autosave_20260715_171433_605ms,Trapezius (R),R_TR,3,66.71961874514665,74.71961874514665,99.07942811771997,9.025085926056054,9.025085926056054,none,30.0,125,2,monophasic
Modulated_autosave_20260715_171433_605ms,Trapezius (R),R_TR,4,100.07942811771997,108.07942811771997,132.4392374902933,9.001251220703438,9.001251220703438,none,30.0,125,2,monophasic
Modulated_autosave_20260715_171433_605ms,Trapezius (R),R_TR,5,133.4392374902933,141.4392374902933,165.79904686287017,8.998565673828262,8.998565673828262,none,30.0,125,2,monophasic
Modulated_autosave_20260715_171433_605ms,Trapezius (R),R_TR,6,166.79904686287017,174.79904686287017,199.1588562354435,9.014175653457642,9.014175653457642,none,30.0,125,2,monophasic
Modulated_autosave_20260715_171433_605ms,Trapezius (R),R_TR,7,200.1588562354435,208.1588562354435,232.51866560801682,9.001754760742152,9.001754760742152,none,30.0,125,2,monophasic
Modulated_autosave_20260715_171433_605ms,Trapezius (R),R_TR,8,233.51866560801682,241.51866560801682,265.87847497965936,8.997726440429455,8.997726440429455,none,30.0,125,2,monophasic
Modulated_autosave_20260715_171433_605ms,Trapezius (R),R_TR,9,266.87847497965936,274.87847497965936,299.23828435223265,8.997055053704223,8.997055053704223,none,30.0,125,2,monophasic
Modulated_autosave_20260715_171433_605ms,Trapezius (R),R_TR,10,300.23828435223265,308.23828435223265,332.59809372480953,9.011490106577902,9.011490106577902,none,30.0,125,2,monophasic
Modulated_autosave_20260715_171433_605ms,Thenar (R),R_The_ED_FD_FCR A,1,0.7942811753594015,8.794281175359401,32.359809372573324,,,none,30.0,30,2,monophasic
Modulated_autosave_20260715_171433_605ms,Thenar (R),R_The_ED_FD_FCR A,2,33.359809372573324,41.359809372573324,65.71961874514665,,,none,30.0,30,2,monophasic
Modulated_autosave_20260715_171433_605ms,Thenar (R),R_The_ED_FD_FCR A,3,66.71961874514665,74.71961874514665,99.07942811771997,,,none,30.0,30,2,monophasic
Modulated_autosave_20260715_171433_605ms,Thenar (R),R_The_ED_FD_FCR A,4,100.07942811771997,108.07942811771997,132.4392374902933,,,none,30.0,30,2,monophasic
Modulated_autosave_20260715_171433_605ms,Thenar (R),R_The_ED_FD_FCR A,5,133.4392374902933,141.4392374902933,165.79904686287017,,,none,30.0,30,2,monophasic
Modulated_autosave_20260715_171433_605ms,Thenar (R),R_The_ED_FD_FCR A,6,166.79904686287017,174.79904686287017,199.1588562354435,,,none,30.0,30,2,monophasic
Modulated_autosave_20260715_171433_605ms,Thenar (R),R_The_ED_FD_FCR A,7,200.1588562354435,208.1588562354435,232.51866560801682,,,none,30.0,30,2,monophasic
Modulated_autosave_20260715_171433_605ms,Thenar (R),R_The_ED_FD_FCR A,8,233.51866560801682,241.51866560801682,265.87847497965936,,,none,30.0,30,2,monophasic
Modulated_autosave_20260715_171433_605ms,Thenar (R),R_The_ED_FD_FCR A,9,266.87847497965936,274.87847497965936,299.23828435223265,,,none,30.0,30,2,monophasic
Modulated_autosave_20260715_171433_605ms,Thenar (R),R_The_ED_FD_FCR A,10,300.23828435223265,308.23828435223265,332.59809372480953,,,none,30.0,30,2,monophasic
Modulated_autosave_20260715_171433_605ms,Thenar (R),R_The_ED_FD_FCR A,1,0.7942811753594015,8.794281175359401,32.359809372573324,,,none,30.0,35,2,monophasic
Modulated_autosave_20260715_171433_605ms,Thenar (R),R_The_ED_FD_FCR A,2,33.359809372573324,41.359809372573324,65.71961874514665,,,none,30.0,35,2,monophasic
Modulated_autosave_20260715_171433_605ms,Thenar (R),R_The_ED_FD_FCR A,3,66.71961874514665,74.71961874514665,99.07942811771997,,,none,30.0,35,2,monophasic
Modulated_autosave_20260715_171433_605ms,Thenar (R),R_The_ED_FD_FCR A,4,100.07942811771997,108.07942811771997,132.4392374902933,,,none,30.0,35,2,monophasic
Modulated_autosave_20260715_171433_605ms,Thenar (R),R_The_ED_FD_FCR A,5,133.4392374902933,141.4392374902933,165.79904686287017,,,none,30.0,35,2,monophasic
Modulated_autosave_20260715_171433_605ms,Thenar (R),R_The_ED_FD_FCR A,6,166.79904686287017,174.79904686287017,199.1588562354435,,,none,30.0,35,2,monophasic
Modulated_autosave_20260715_171433_605ms,Thenar (R),R_The_ED_FD_FCR A,7,200.1588562354435,208.1588562354435,232.51866560801682,,,none,30.0,35,2,monophasic
Modulated_autosave_20260715_171433_605ms,Thenar (R),R_The_ED_FD_FCR A,8,233.51866560801682,241.51866560801682,265.87847497965936,,,none,30.0,35,2,monophasic
Modulated_autosave_20260715_171433_605ms,Thenar (R),R_The_ED_FD_FCR A,9,266.87847497965936,274.87847497965936,299.23828435223265,,,none,30.0,35,2,monophasic
Modulated_autosave_20260715_171433_605ms,Thenar (R),R_The_ED_FD_FCR A,10,300.23828435223265,308.23828435223265,332.59809372480953,,,none,30.0,35,2,monophasic
Modulated_autosave_20260715_171433_605ms,Thenar (R),R_The_ED_FD_FCR A,1,0.7942811753594015,8.794281175359401,32.359809372573324,,,none,30.0,40,2,monophasic
Modulated_autosave_20260715_171433_605ms,Thenar (R),R_The_ED_FD_FCR A,2,33.359809372573324,41.359809372573324,65.71961874514665,,,none,30.0,40,2,monophasic
Modulated_autosave_20260715_171433_605ms,Thenar (R),R_The_ED_FD_FCR A,3,66.71961874514665,74.71961874514665,99.07942811771997,,,none,30.0,40,2,monophasic
Modulated_autosave_20260715_171433_605ms,Thenar (R),R_The_ED_FD_FCR A,4,100.07942811771997,108.07942811771997,132.4392374902933,,,none,30.0,40,2,monophasic
Modulated_autosave_20260715_171433_605ms,Thenar (R),R_The_ED_FD_FCR A,5,133.4392374902933,141.4392374902933,165.79904686287017,,,none,30.0,40,2,monophasic
Modulated_autosave_20260715_171433_605ms,Thenar (R),R_The_ED_FD_FCR A,6,166.79904686287017,174.79904686287017,199.1588562354435,,,none,30.0,40,2,monophasic
Modulated_autosave_20260715_171433_605ms,Thenar (R),R_The_ED_FD_FCR A,7,200.1588562354435,208.1588562354435,232.51866560801682,,,none,30.0,40,2,monophasic
Modulated_autosave_20260715_171433_605ms,Thenar (R),R_The_ED_FD_FCR A,8,233.51866560801682,241.51866560801682,265.87847497965936,,,none,30.0,40,2,monophasic
Modulated_autosave_20260715_171433_605ms,Thenar (R),R_The_ED_FD_FCR A,9,266.87847497965936,274.87847497965936,299.23828435223265,,,none,30.0,40,2,monophasic
Modulated_autosave_20260715_171433_605ms,Thenar (R),R_The_ED_FD_FCR A,10,300.23828435223265,308.23828435223265,332.59809372480953,,,none,30.0,40,2,monophasic
Modulated_autosave_20260715_171433_605ms,Thenar (R),R_The_ED_FD_FCR A,1,0.7942811753594015,8.794281175359401,32.359809372573324,,,none,30.0,45,2,monophasic
Modulated_autosave_20260715_171433_605ms,Thenar (R),R_The_ED_FD_FCR A,2,33.359809372573324,41.359809372573324,65.71961874514665,,,none,30.0,45,2,monophasic
Modulated_autosave_20260715_171433_605ms,Thenar (R),R_The_ED_FD_FCR A,3,66.71961874514665,74.71961874514665,99.07942811771997,,,none,30.0,45,2,monophasic
Modulated_autosave_20260715_171433_605ms,Thenar (R),R_The_ED_FD_FCR A,4,100.07942811771997,108.07942811771997,132.4392374902933,,,none,30.0,45,2,monophasic
Modulated_autosave_20260715_171433_605ms,Thenar (R),R_The_ED_FD_FCR A,5,133.4392374902933,141.4392374902933,165.79904686287017,,,none,30.0,45,2,monophasic
Modulated_autosave_20260715_171433_605ms,Thenar (R),R_The_ED_FD_FCR A,6,166.79904686287017,174.79904686287017,199.1588562354435,,,none,30.0,45,2,monophasic
Modulated_autosave_20260715_171433_605ms,Thenar (R),R_The_ED_FD_FCR A,7,200.1588562354435,208.1588562354435,232.51866560801682,,,none,30.0,45,2,monophasic
Modulated_autosave_20260715_171433_605ms,Thenar (R),R_The_ED_FD_FCR A,8,233.51866560801682,241.51866560801682,265.87847497965936,,,none,30.0,45,2,monophasic
Modulated_autosave_20260715_171433_605ms,Thenar (R),R_The_ED_FD_FCR A,9,266.87847497965936,274.87847497965936,299.23828435223265,,,none,30.0,45,2,monophasic
Modulated_autosave_20260715_171433_605ms,Thenar (R),R_The_ED_FD_FCR A,10,300.23828435223265,308.23828435223265,332.59809372480953,,,none,30.0,45,2,monophasic
Modulated_autosave_20260715_171433_605ms,Thenar (R),R_The_ED_FD_FCR A,1,0.7942811753594015,8.794281175359401,32.359809372573324,,,none,30.0,50,2,monophasic
Modulated_autosave_20260715_171433_605ms,Thenar (R),R_The_ED_FD_FCR A,2,33.359809372573324,41.359809372573324,65.71961874514665,,,none,30.0,50,2,monophasic
Modulated_autosave_20260715_171433_605ms,Thenar (R),R_The_ED_FD_FCR A,3,66.71961874514665,74.71961874514665,99.07942811771997,,,none,30.0,50,2,monophasic
Modulated_autosave_20260715_171433_605ms,Thenar (R),R_The_ED_FD_FCR A,4,100.07942811771997,108.07942811771997,132.4392374902933,,,none,30.0,50,2,monophasic
Modulated_autosave_20260715_171433_605ms,Thenar (R),R_The_ED_FD_FCR A,5,133.4392374902933,141.4392374902933,165.79904686287017,,,none,30.0,50,2,monophasic
Modulated_autosave_20260715_171433_605ms,Thenar (R),R_The_ED_FD_FCR A,6,166.79904686287017,174.79904686287017,199.1588562354435,,,none,30.0,50,2,monophasic
Modulated_autosave_20260715_171433_605ms,Thenar (R),R_The_ED_FD_FCR A,7,200.1588562354435,208.1588562354435,232.51866560801682,,,none,30.0,50,2,monophasic
Modulated_autosave_20260715_171433_605ms,Thenar (R),R_The_ED_FD_FCR A,8,233.51866560801682,241.51866560801682,265.87847497965936,,,none,30.0,50,2,monophasic
Modulated_autosave_20260715_171433_605ms,Thenar (R),R_The_ED_FD_FCR A,9,266.87847497965936,274.87847497965936,299.23828435223265,,,none,30.0,50,2,monophasic
Modulated_autosave_20260715_171433_605ms,Thenar (R),R_The_ED_FD_FCR A,10,300.23828435223265,308.23828435223265,332.59809372480953,,,none,30.0,50,2,monophasic
Modulated_autosave_20260715_171433_605ms,Thenar (R),R_The_ED_FD_FCR A,1,0.7942811753594015,8.794281175359401,32.359809372573324,,,none,30.0,55,2,monophasic
Modulated_autosave_20260715_171433_605ms,Thenar (R),R_The_ED_FD_FCR A,2,33.359809372573324,41.359809372573324,65.71961874514665,,,none,30.0,55,2,monophasic
Modulated_autosave_20260715_171433_605ms,Thenar (R),R_The_ED_FD_FCR A,3,66.71961874514665,74.71961874514665,99.07942811771997,,,none,30.0,55,2,monophasic
Modulated_autosave_20260715_171433_605ms,Thenar (R),R_The_ED_FD_FCR A,4,100.07942811771997,108.07942811771997,132.4392374902933,,,none,30.0,55,2,monophasic
Modulated_autosave_20260715_171433_605ms,Thenar (R),R_The_ED_FD_FCR A,5,133.4392374902933,141.4392374902933,165.79904686287017,,,none,30.0,55,2,monophasic
Modulated_autosave_20260715_171433_605ms,Thenar (R),R_The_ED_FD_FCR A,6,166.79904686287017,174.79904686287017,199.1588562354435,,,none,30.0,55,2,monophasic
Modulated_autosave_20260715_171433_605ms,Thenar (R),R_The_ED_FD_FCR A,7,200.1588562354435,208.1588562354435,232.51866560801682,,,none,30.0,55,2,monophasic
Modulated_autosave_20260715_171433_605ms,Thenar (R),R_The_ED_FD_FCR A,8,233.51866560801682,241.51866560801682,265.87847497965936,,,none,30.0,55,2,monophasic
Modulated_autosave_20260715_171433_605ms,Thenar (R),R_The_ED_FD_FCR A,9,266.87847497965936,274.87847497965936,299.23828435223265,,,none,30.0,55,2,monophasic
Modulated_autosave_20260715_171433_605ms,Thenar (R),R_The_ED_FD_FCR A,10,300.23828435223265,308.23828435223265,332.59809372480953,,,none,30.0,55,2,monophasic
Modulated_autosave_20260715_171433_605ms,Thenar (R),R_The_ED_FD_FCR A,1,0.7942811753594015,8.794281175359401,32.359809372573324,,,none,30.0,60,2,monophasic
Modulated_autosave_20260715_171433_605ms,Thenar (R),R_The_ED_FD_FCR A,2,33.359809372573324,41.359809372573324,65.71961874514665,,,none,30.0,60,2,monophasic
Modulated_autosave_20260715_171433_605ms,Thenar (R),R_The_ED_FD_FCR A,3,66.71961874514665,74.71961874514665,99.07942811771997,,,none,30.0,60,2,monophasic
Modulated_autosave_20260715_171433_605ms,Thenar (R),R_The_ED_FD_FCR A,4,100.07942811771997,108.07942811771997,132.4392374902933,,,none,30.0,60,2,monophasic
Modulated_autosave_20260715_171433_605ms,Thenar (R),R_The_ED_FD_FCR A,5,133.4392374902933,141.4392374902933,165.79904686287017,,,none,30.0,60,2,monophasic
Modulated_autosave_20260715_171433_605ms,Thenar (R),R_The_ED_FD_FCR A,6,166.79904686287017,174.79904686287017,199.1588562354435,,,none,30.0,60,2,monophasic
Modulated_autosave_20260715_171433_605ms,Thenar (R),R_The_ED_FD_FCR A,7,200.1588562354435,208.1588562354435,232.51866560801682,,,none,30.0,60,2,monophasic
Modulated_autosave_20260715_171433_605ms,Thenar (R),R_The_ED_FD_FCR A,8,233.51866560801682,241.51866560801682,265.87847497965936,,,none,30.0,60,2,monophasic
Modulated_autosave_20260715_171433_605ms,Thenar (R),R_The_ED_FD_FCR A,9,266.87847497965936,274.87847497965936,299.23828435223265,,,none,30.0,60,2,monophasic
Modulated_autosave_20260715_171433_605ms,Thenar (R),R_The_ED_FD_FCR A,10,300.23828435223265,308.23828435223265,332.59809372480953,,,none,30.0,60,2,monophasic
Modulated_autosave_20260715_171433_605ms,Thenar (R),R_The_ED_FD_FCR A,1,0.7942811753594015,8.794281175359401,32.359809372573324,,,none,30.0,65,2,monophasic
Modulated_autosave_20260715_171433_605ms,Thenar (R),R_The_ED_FD_FCR A,2,33.359809372573324,41.359809372573324,65.71961874514665,,,none,30.0,65,2,monophasic
Modulated_autosave_20260715_171433_605ms,Thenar (R),R_The_ED_FD_FCR A,3,66.71961874514665,74.71961874514665,99.07942811771997,,,none,30.0,65,2,monophasic
Modulated_autosave_20260715_171433_605ms,Thenar (R),R_The_ED_FD_FCR A,4,100.07942811771997,108.07942811771997,132.4392374902933,,,none,30.0,65,2,monophasic
Modulated_autosave_20260715_171433_605ms,Thenar (R),R_The_ED_FD_FCR A,5,133.4392374902933,141.4392374902933,165.79904686287017,,,none,30.0,65,2,monophasic
Modulated_autosave_20260715_171433_605ms,Thenar (R),R_The_ED_FD_FCR A,6,166.79904686287017,174.79904686287017,199.1588562354435,,,none,30.0,65,2,monophasic
Modulated_autosave_20260715_171433_605ms,Thenar (R),R_The_ED_FD_FCR A,7,200.1588562354435,208.1588562354435,232.51866560801682,,,none,30.0,65,2,monophasic
Modulated_autosave_20260715_171433_605ms,Thenar (R),R_The_ED_FD_FCR A,8,233.51866560801682,241.51866560801682,265.87847497965936,,,none,30.0,65,2,monophasic
Modulated_autosave_20260715_171433_605ms,Thenar (R),R_The_ED_FD_FCR A,9,266.87847497965936,274.87847497965936,299.23828435223265,,,none,30.0,65,2,monophasic
Modulated_autosave_20260715_171433_605ms,Thenar (R),R_The_ED_FD_FCR A,10,300.23828435223265,308.23828435223265,332.59809372480953,,,none,30.0,65,2,monophasic
Modulated_autosave_20260715_171433_605ms,Thenar (R),R_The_ED_FD_FCR A,1,0.7942811753594015,8.794281175359401,32.359809372573324,,,none,30.0,70,2,monophasic
Modulated_autosave_20260715_171433_605ms,Thenar (R),R_The_ED_FD_FCR A,2,33.359809372573324,41.359809372573324,65.71961874514665,,,none,30.0,70,2,monophasic
Modulated_autosave_20260715_171433_605ms,Thenar (R),R_The_ED_FD_FCR A,3,66.71961874514665,74.71961874514665,99.07942811771997,,,none,30.0,70,2,monophasic
Modulated_autosave_20260715_171433_605ms,Thenar (R),R_The_ED_FD_FCR A,4,100.07942811771997,108.07942811771997,132.4392374902933,,,none,30.0,70,2,monophasic
Modulated_autosave_20260715_171433_605ms,Thenar (R),R_The_ED_FD_FCR A,5,133.4392374902933,141.4392374902933,165.79904686287017,,,none,30.0,70,2,monophasic
Modulated_autosave_20260715_171433_605ms,Thenar (R),R_The_ED_FD_FCR A,6,166.79904686287017,174.79904686287017,199.1588562354435,,,none,30.0,70,2,monophasic
Modulated_autosave_20260715_171433_605ms,Thenar (R),R_The_ED_FD_FCR A,7,200.1588562354435,208.1588562354435,232.51866560801682,,,none,30.0,70,2,monophasic
Modulated_autosave_20260715_171433_605ms,Thenar (R),R_The_ED_FD_FCR A,8,233.51866560801682,241.51866560801682,265.87847497965936,,,none,30.0,70,2,monophasic
Modulated_autosave_20260715_171433_605ms,Thenar (R),R_The_ED_FD_FCR A,9,266.87847497965936,274.87847497965936,299.23828435223265,,,none,30.0,70,2,monophasic
Modulated_autosave_20260715_171433_605ms,Thenar (R),R_The_ED_FD_FCR A,10,300.23828435223265,308.23828435223265,332.59809372480953,,,none,30.0,70,2,monophasic
Modulated_autosave_20260715_171433_605ms,Thenar (R),R_The_ED_FD_FCR A,1,0.7942811753594015,8.794281175359401,32.359809372573324,,,none,30.0,75,2,monophasic
Modulated_autosave_20260715_171433_605ms,Thenar (R),R_The_ED_FD_FCR A,2,33.359809372573324,41.359809372573324,65.71961874514665,,,none,30.0,75,2,monophasic
Modulated_autosave_20260715_171433_605ms,Thenar (R),R_The_ED_FD_FCR A,3,66.71961874514665,74.71961874514665,99.07942811771997,,,none,30.0,75,2,monophasic
Modulated_autosave_20260715_171433_605ms,Thenar (R),R_The_ED_FD_FCR A,4,100.07942811771997,108.07942811771997,132.4392374902933,,,none,30.0,75,2,monophasic
Modulated_autosave_20260715_171433_605ms,Thenar (R),R_The_ED_FD_FCR A,5,133.4392374902933,141.4392374902933,165.79904686287017,,,none,30.0,75,2,monophasic
Modulated_autosave_20260715_171433_605ms,Thenar (R),R_The_ED_FD_FCR A,6,166.79904686287017,174.79904686287017,199.1588562354435,,,none,30.0,75,2,monophasic
Modulated_autosave_20260715_171433_605ms,Thenar (R),R_The_ED_FD_FCR A,7,200.1588562354435,208.1588562354435,232.51866560801682,,,none,30.0,75,2,monophasic
Modulated_autosave_20260715_171433_605ms,Thenar (R),R_The_ED_FD_FCR A,8,233.51866560801682,241.51866560801682,265.87847497965936,,,none,30.0,75,2,monophasic
Modulated_autosave_20260715_171433_605ms,Thenar (R),R_The_ED_FD_FCR A,9,266.87847497965936,274.87847497965936,299.23828435223265,,,none,30.0,75,2,monophasic
Modulated_autosave_20260715_171433_605ms,Thenar (R),R_The_ED_FD_FCR A,10,300.23828435223265,308.23828435223265,332.59809372480953,,,none,30.0,75,2,monophasic
Modulated_autosave_20260715_171433_605ms,Thenar (R),R_The_ED_FD_FCR A,1,0.7942811753594015,8.794281175359401,32.359809372573324,,,none,30.0,80,2,monophasic
Modulated_autosave_20260715_171433_605ms,Thenar (R),R_The_ED_FD_FCR A,2,33.359809372573324,41.359809372573324,65.71961874514665,,,none,30.0,80,2,monophasic
Modulated_autosave_20260715_171433_605ms,Thenar (R),R_The_ED_FD_FCR A,3,66.71961874514665,74.71961874514665,99.07942811771997,,,none,30.0,80,2,monophasic
Modulated_autosave_20260715_171433_605ms,Thenar (R),R_The_ED_FD_FCR A,4,100.07942811771997,108.07942811771997,132.4392374902933,,,none,30.0,80,2,monophasic
Modulated_autosave_20260715_171433_605ms,Thenar (R),R_The_ED_FD_FCR A,5,133.4392374902933,141.4392374902933,165.79904686287017,,,none,30.0,80,2,monophasic
Modulated_autosave_20260715_171433_605ms,Thenar (R),R_The_ED_FD_FCR A,6,166.79904686287017,174.79904686287017,199.1588562354435,,,none,30.0,80,2,monophasic
Modulated_autosave_20260715_171433_605ms,Thenar (R),R_The_ED_FD_FCR A,7,200.1588562354435,208.1588562354435,232.51866560801682,,,none,30.0,80,2,monophasic
Modulated_autosave_20260715_171433_605ms,Thenar (R),R_The_ED_FD_FCR A,8,233.51866560801682,241.51866560801682,265.87847497965936,,,none,30.0,80,2,monophasic
Modulated_autosave_20260715_171433_605ms,Thenar (R),R_The_ED_FD_FCR A,9,266.87847497965936,274.87847497965936,299.23828435223265,,,none,30.0,80,2,monophasic
Modulated_autosave_20260715_171433_605ms,Thenar (R),R_The_ED_FD_FCR A,10,300.23828435223265,308.23828435223265,332.59809372480953,,,none,30.0,80,2,monophasic
Modulated_autosave_20260715_171433_605ms,Thenar (R),R_The_ED_FD_FCR A,1,0.7942811753594015,8.794281175359401,32.359809372573324,,,none,30.0,85,2,monophasic
Modulated_autosave_20260715_171433_605ms,Thenar (R),R_The_ED_FD_FCR A,2,33.359809372573324,41.359809372573324,65.71961874514665,,,none,30.0,85,2,monophasic
Modulated_autosave_20260715_171433_605ms,Thenar (R),R_The_ED_FD_FCR A,3,66.71961874514665,74.71961874514665,99.07942811771997,,,none,30.0,85,2,monophasic
Modulated_autosave_20260715_171433_605ms,Thenar (R),R_The_ED_FD_FCR A,4,100.07942811771997,108.07942811771997,132.4392374902933,,,none,30.0,85,2,monophasic
Modulated_autosave_20260715_171433_605ms,Thenar (R),R_The_ED_FD_FCR A,5,133.4392374902933,141.4392374902933,165.79904686287017,,,none,30.0,85,2,monophasic
Modulated_autosave_20260715_171433_605ms,Thenar (R),R_The_ED_FD_FCR A,6,166.79904686287017,174.79904686287017,199.1588562354435,,,none,30.0,85,2,monophasic
Modulated_autosave_20260715_171433_605ms,Thenar (R),R_The_ED_FD_FCR A,7,200.1588562354435,208.1588562354435,232.51866560801682,,,none,30.0,85,2,monophasic
Modulated_autosave_20260715_171433_605ms,Thenar (R),R_The_ED_FD_FCR A,8,233.51866560801682,241.51866560801682,265.87847497965936,,,none,30.0,85,2,monophasic
Modulated_autosave_20260715_171433_605ms,Thenar (R),R_The_ED_FD_FCR A,9,266.87847497965936,274.87847497965936,299.23828435223265,,,none,30.0,85,2,monophasic
Modulated_autosave_20260715_171433_605ms,Thenar (R),R_The_ED_FD_FCR A,10,300.23828435223265,308.23828435223265,332.59809372480953,,,none,30.0,85,2,monophasic
Modulated_autosave_20260715_171433_605ms,Thenar (R),R_The_ED_FD_FCR A,1,0.7942811753594015,8.794281175359401,32.359809372573324,0.008896009996533394,0.008896009996533394,none,30.0,90,2,monophasic
Modulated_autosave_20260715_171433_605ms,Thenar (R),R_The_ED_FD_FCR A,2,33.359809372573324,41.359809372573324,65.71961874514665,0.007217518053948879,0.007217518053948879,none,30.0,90,2,monophasic
Modulated_autosave_20260715_171433_605ms,Thenar (R),R_The_ED_FD_FCR A,3,66.71961874514665,74.71961874514665,99.07942811771997,0.010406652465452176,0.010406652465452176,none,30.0,90,2,monophasic
Modulated_autosave_20260715_171433_605ms,Thenar (R),R_The_ED_FD_FCR A,4,100.07942811771997,108.07942811771997,132.4392374902933,0.009399557486138953,0.009399557486138953,none,30.0,90,2,monophasic
Modulated_autosave_20260715_171433_605ms,Thenar (R),R_The_ED_FD_FCR A,5,133.4392374902933,141.4392374902933,165.79904686287017,0.007888915014299688,0.007888915014299688,none,30.0,90,2,monophasic
Modulated_autosave_20260715_171433_605ms,Thenar (R),R_The_ED_FD_FCR A,6,166.79904686287017,174.79904686287017,199.1588562354435,0.008056763553088717,0.008056763553088717,none,30.0,90,2,monophasic
Modulated_autosave_20260715_171433_605ms,Thenar (R),R_The_ED_FD_FCR A,7,200.1588562354435,208.1588562354435,232.51866560801682,0.008728160517957642,0.008728160517957642,none,30.0,90,2,monophasic
Modulated_autosave_20260715_171433_605ms,Thenar (R),R_The_ED_FD_FCR A,8,233.51866560801682,241.51866560801682,265.87847497965936,0.007721064608728031,0.007721064608728031,none,30.0,90,2,monophasic
Modulated_autosave_20260715_171433_605ms,Thenar (R),R_The_ED_FD_FCR A,9,266.87847497965936,274.87847497965936,299.23828435223265,0.00671397056193338,0.00671397056193338,none,30.0,90,2,monophasic
Modulated_autosave_20260715_171433_605ms,Thenar (R),R_The_ED_FD_FCR A,10,300.23828435223265,308.23828435223265,332.59809372480953,0.008056764489322809,0.008056764489322809,none,30.0,90,2,monophasic
Modulated_autosave_20260715_171433_605ms,Thenar (R),R_The_ED_FD_FCR A,1,0.7942811753594015,8.794281175359401,32.359809372573324,,,none,30.0,95,2,monophasic
Modulated_autosave_20260715_171433_605ms,Thenar (R),R_The_ED_FD_FCR A,2,33.359809372573324,41.359809372573324,65.71961874514665,,,none,30.0,95,2,monophasic
Modulated_autosave_20260715_171433_605ms,Thenar (R),R_The_ED_FD_FCR A,3,66.71961874514665,74.71961874514665,99.07942811771997,,,none,30.0,95,2,monophasic
Modulated_autosave_20260715_171433_605ms,Thenar (R),R_The_ED_FD_FCR A,4,100.07942811771997,108.07942811771997,132.4392374902933,,,none,30.0,95,2,monophasic
Modulated_autosave_20260715_171433_605ms,Thenar (R),R_The_ED_FD_FCR A,5,133.4392374902933,141.4392374902933,165.79904686287017,,,none,30.0,95,2,monophasic
Modulated_autosave_20260715_171433_605ms,Thenar (R),R_The_ED_FD_FCR A,6,166.79904686287017,174.79904686287017,199.1588562354435,,,none,30.0,95,2,monophasic
Modulated_autosave_20260715_171433_605ms,Thenar (R),R_The_ED_FD_FCR A,7,200.1588562354435,208.1588562354435,232.51866560801682,,,none,30.0,95,2,monophasic
Modulated_autosave_20260715_171433_605ms,Thenar (R),R_The_ED_FD_FCR A,8,233.51866560801682,241.51866560801682,265.87847497965936,,,none,30.0,95,2,monophasic
Modulated_autosave_20260715_171433_605ms,Thenar (R),R_The_ED_FD_FCR A,9,266.87847497965936,274.87847497965936,299.23828435223265,,,none,30.0,95,2,monophasic
Modulated_autosave_20260715_171433_605ms,Thenar (R),R_The_ED_FD_FCR A,10,300.23828435223265,308.23828435223265,332.59809372480953,,,none,30.0,95,2,monophasic
Modulated_autosave_20260715_171433_605ms,Thenar (R),R_The_ED_FD_FCR A,1,0.7942811753594015,8.794281175359401,32.359809372573324,,,none,30.0,100,2,monophasic
Modulated_autosave_20260715_171433_605ms,Thenar (R),R_The_ED_FD_FCR A,2,33.359809372573324,41.359809372573324,65.71961874514665,,,none,30.0,100,2,monophasic
Modulated_autosave_20260715_171433_605ms,Thenar (R),R_The_ED_FD_FCR A,3,66.71961874514665,74.71961874514665,99.07942811771997,,,none,30.0,100,2,monophasic
Modulated_autosave_20260715_171433_605ms,Thenar (R),R_The_ED_FD_FCR A,4,100.07942811771997,108.07942811771997,132.4392374902933,,,none,30.0,100,2,monophasic
Modulated_autosave_20260715_171433_605ms,Thenar (R),R_The_ED_FD_FCR A,5,133.4392374902933,141.4392374902933,165.79904686287017,,,none,30.0,100,2,monophasic
Modulated_autosave_20260715_171433_605ms,Thenar (R),R_The_ED_FD_FCR A,6,166.79904686287017,174.79904686287017,199.1588562354435,,,none,30.0,100,2,monophasic
Modulated_autosave_20260715_171433_605ms,Thenar (R),R_The_ED_FD_FCR A,7,200.1588562354435,208.1588562354435,232.51866560801682,,,none,30.0,100,2,monophasic
Modulated_autosave_20260715_171433_605ms,Thenar (R),R_The_ED_FD_FCR A,8,233.51866560801682,241.51866560801682,265.87847497965936,,,none,30.0,100,2,monophasic
Modulated_autosave_20260715_171433_605ms,Thenar (R),R_The_ED_FD_FCR A,9,266.87847497965936,274.87847497965936,299.23828435223265,,,none,30.0,100,2,monophasic
Modulated_autosave_20260715_171433_605ms,Thenar (R),R_The_ED_FD_FCR A,10,300.23828435223265,308.23828435223265,332.59809372480953,,,none,30.0,100,2,monophasic
Modulated_autosave_20260715_171433_605ms,Thenar (R),R_The_ED_FD_FCR A,1,0.7942811753594015,8.794281175359401,32.359809372573324,0.0077210646122694016,0.0077210646122694016,none,30.0,105,2,monophasic
Modulated_autosave_20260715_171433_605ms,Thenar (R),R_The_ED_FD_FCR A,2,33.359809372573324,41.359809372573324,65.71961874514665,0.010742352344095707,0.010742352344095707,none,30.0,105,2,monophasic
Modulated_autosave_20260715_171433_605ms,Thenar (R),R_The_ED_FD_FCR A,3,66.71961874514665,74.71961874514665,99.07942811771997,0.01023880392312553,0.01023880392312553,none,30.0,105,2,monophasic
Modulated_autosave_20260715_171433_605ms,Thenar (R),R_The_ED_FD_FCR A,4,100.07942811771997,108.07942811771997,132.4392374902933,0.012924390844971465,0.012924390844971465,none,30.0,105,2,monophasic
Modulated_autosave_20260715_171433_605ms,Thenar (R),R_The_ED_FD_FCR A,5,133.4392374902933,141.4392374902933,165.79904686287017,0.012588692822539008,0.012588692822539008,none,30.0,105,2,monophasic
Modulated_autosave_20260715_171433_605ms,Thenar (R),R_The_ED_FD_FCR A,6,166.79904686287017,174.79904686287017,199.1588562354435,0.015106432137906495,0.015106432137906495,none,30.0,105,2,monophasic
Modulated_autosave_20260715_171433_605ms,Thenar (R),R_The_ED_FD_FCR A,7,200.1588562354435,208.1588562354435,232.51866560801682,0.010070953507727083,0.010070953507727083,none,30.0,105,2,monophasic
Modulated_autosave_20260715_171433_605ms,Thenar (R),R_The_ED_FD_FCR A,8,233.51866560801682,241.51866560801682,265.87847497965936,0.01174944731590726,0.01174944731590726,none,30.0,105,2,monophasic
Modulated_autosave_20260715_171433_605ms,Thenar (R),R_The_ED_FD_FCR A,9,266.87847497965936,274.87847497965936,299.23828435223265,0.010070954447094965,0.010070954447094965,none,30.0,105,2,monophasic
Modulated_autosave_20260715_171433_605ms,Thenar (R),R_The_ED_FD_FCR A,10,300.23828435223265,308.23828435223265,332.59809372480953,0.0085603110472313,0.0085603110472313,none,30.0,105,2,monophasic
Modulated_autosave_20260715_171433_605ms,Thenar (R),R_The_ED_FD_FCR A,1,0.7942811753594015,8.794281175359401,32.359809372573324,,,none,30.0,110,2,monophasic
Modulated_autosave_20260715_171433_605ms,Thenar (R),R_The_ED_FD_FCR A,2,33.359809372573324,41.359809372573324,65.71961874514665,,,none,30.0,110,2,monophasic
Modulated_autosave_20260715_171433_605ms,Thenar (R),R_The_ED_FD_FCR A,3,66.71961874514665,74.71961874514665,99.07942811771997,,,none,30.0,110,2,monophasic
Modulated_autosave_20260715_171433_605ms,Thenar (R),R_The_ED_FD_FCR A,4,100.07942811771997,108.07942811771997,132.4392374902933,,,none,30.0,110,2,monophasic
Modulated_autosave_20260715_171433_605ms,Thenar (R),R_The_ED_FD_FCR A,5,133.4392374902933,141.4392374902933,165.79904686287017,,,none,30.0,110,2,monophasic
Modulated_autosave_20260715_171433_605ms,Thenar (R),R_The_ED_FD_FCR A,6,166.79904686287017,174.79904686287017,199.1588562354435,,,none,30.0,110,2,monophasic
Modulated_autosave_20260715_171433_605ms,Thenar (R),R_The_ED_FD_FCR A,7,200.1588562354435,208.1588562354435,232.51866560801682,,,none,30.0,110,2,monophasic
Modulated_autosave_20260715_171433_605ms,Thenar (R),R_The_ED_FD_FCR A,8,233.51866560801682,241.51866560801682,265.87847497965936,,,none,30.0,110,2,monophasic
Modulated_autosave_20260715_171433_605ms,Thenar (R),R_The_ED_FD_FCR A,9,266.87847497965936,274.87847497965936,299.23828435223265,,,none,30.0,110,2,monophasic
Modulated_autosave_20260715_171433_605ms,Thenar (R),R_The_ED_FD_FCR A,10,300.23828435223265,308.23828435223265,332.59809372480953,,,none,30.0,110,2,monophasic
Modulated_autosave_20260715_171433_605ms,Thenar (R),R_The_ED_FD_FCR A,1,0.7942811753594015,8.794281175359401,32.359809372573324,0.0555580984801054,0.0555580984801054,none,30.0,115,2,monophasic
Modulated_autosave_20260715_171433_605ms,Thenar (R),R_The_ED_FD_FCR A,2,33.359809372573324,41.359809372573324,65.71961874514665,0.01510643120855093,0.01510643120855093,none,30.0,115,2,monophasic
Modulated_autosave_20260715_171433_605ms,Thenar (R),R_The_ED_FD_FCR A,3,66.71961874514665,74.71961874514665,99.07942811771997,0.0563973449170169,0.0563973449170169,none,30.0,115,2,monophasic
Modulated_autosave_20260715_171433_605ms,Thenar (R),R_The_ED_FD_FCR A,4,100.07942811771997,108.07942811771997,132.4392374902933,0.013763638213248336,0.013763638213248336,none,30.0,115,2,monophasic
Modulated_autosave_20260715_171433_605ms,Thenar (R),R_The_ED_FD_FCR A,5,133.4392374902933,141.4392374902933,165.79904686287017,0.014099337152735786,0.014099337152735786,none,30.0,115,2,monophasic
Modulated_autosave_20260715_171433_605ms,Thenar (R),R_The_ED_FD_FCR A,6,166.79904686287017,174.79904686287017,199.1588562354435,0.061432819813489914,0.061432819813489914,none,30.0,115,2,monophasic
Modulated_autosave_20260715_171433_605ms,Thenar (R),R_The_ED_FD_FCR A,7,200.1588562354435,208.1588562354435,232.51866560801682,0.007888913153220642,0.007888913153220642,none,30.0,115,2,monophasic
Modulated_autosave_20260715_171433_605ms,Thenar (R),R_The_ED_FD_FCR A,8,233.51866560801682,241.51866560801682,265.87847497965936,0.014435035169090034,0.014435035169090034,none,30.0,115,2,monophasic
Modulated_autosave_20260715_171433_605ms,Thenar (R),R_The_ED_FD_FCR A,9,266.87847497965936,274.87847497965936,299.23828435223265,0.008896009994734732,0.008896009994734732,none,30.0,115,2,monophasic
Modulated_autosave_20260715_171433_605ms,Thenar (R),R_The_ED_FD_FCR A,10,300.23828435223265,308.23828435223265,332.59809372480953,0.053711756128586606,0.053711756128586606,none,30.0,115,2,monophasic
Modulated_autosave_20260715_171433_605ms,Thenar (R),R_The_ED_FD_FCR A,1,0.7942811753594015,8.794281175359401,32.359809372573324,0.05874723568558693,0.05874723568558693,none,30.0,120,2,monophasic
Modulated_autosave_20260715_171433_605ms,Thenar (R),R_The_ED_FD_FCR A,2,33.359809372573324,41.359809372573324,65.71961874514665,0.06311131455004215,0.06311131455004215,none,30.0,120,2,monophasic
Modulated_autosave_20260715_171433_605ms,Thenar (R),R_The_ED_FD_FCR A,3,66.71961874514665,74.71961874514665,99.07942811771997,0.05992217734446377,0.05992217734446377,none,30.0,120,2,monophasic
Modulated_autosave_20260715_171433_605ms,Thenar (R),R_The_ED_FD_FCR A,4,100.07942811771997,108.07942811771997,132.4392374902933,0.013260088855246748,0.013260088855246748,none,30.0,120,2,monophasic
Modulated_autosave_20260715_171433_605ms,Thenar (R),R_The_ED_FD_FCR A,5,133.4392374902933,141.4392374902933,165.79904686287017,0.013595787805157104,0.013595787805157104,none,30.0,120,2,monophasic
Modulated_autosave_20260715_171433_605ms,Thenar (R),R_The_ED_FD_FCR A,6,166.79904686287017,174.79904686287017,199.1588562354435,0.06781109236141442,0.06781109236141442,none,30.0,120,2,monophasic
Modulated_autosave_20260715_171433_605ms,Thenar (R),R_The_ED_FD_FCR A,7,200.1588562354435,208.1588562354435,232.51866560801682,0.06814678944644309,0.06814678944644309,none,30.0,120,2,monophasic
Modulated_autosave_20260715_171433_605ms,Thenar (R),R_The_ED_FD_FCR A,8,233.51866560801682,241.51866560801682,265.87847497965936,0.007385366595488718,0.007385366595488718,none,30.0,120,2,monophasic
Modulated_autosave_20260715_171433_605ms,Thenar (R),R_The_ED_FD_FCR A,9,266.87847497965936,274.87847497965936,299.23828435223265,0.008728159591548858,0.008728159591548858,none,30.0,120,2,monophasic
Modulated_autosave_20260715_171433_605ms,Thenar (R),R_The_ED_FD_FCR A,10,300.23828435223265,308.23828435223265,332.59809372480953,0.06378271058171171,0.06378271058171171,none,30.0,120,2,monophasic
Modulated_autosave_20260715_171433_605ms,Thenar (R),R_The_ED_FD_FCR A,1,0.7942811753594015,8.794281175359401,32.359809372573324,0.05874723568558693,0.05874723568558693,none,30.0,125,2,monophasic
Modulated_autosave_20260715_171433_605ms,Thenar (R),R_The_ED_FD_FCR A,2,33.359809372573324,41.359809372573324,65.71961874514665,0.06462195701897144,0.06462195701897144,none,30.0,125,2,monophasic
Modulated_autosave_20260715_171433_605ms,Thenar (R),R_The_ED_FD_FCR A,3,66.71961874514665,74.71961874514665,99.07942811771997,0.06915388815087618,0.06915388815087618,none,30.0,125,2,monophasic
Modulated_autosave_20260715_171433_605ms,Thenar (R),R_The_ED_FD_FCR A,4,100.07942811771997,108.07942811771997,132.4392374902933,0.062439916629411674,0.062439916629411674,none,30.0,125,2,monophasic
Modulated_autosave_20260715_171433_605ms,Thenar (R),R_The_ED_FD_FCR A,5,133.4392374902933,141.4392374902933,165.79904686287017,0.06176851876058564,0.06176851876058564,none,30.0,125,2,monophasic
Modulated_autosave_20260715_171433_605ms,Thenar (R),R_The_ED_FD_FCR A,6,166.79904686287017,174.79904686287017,199.1588562354435,0.058747235207730175,0.058747235207730175,none,30.0,125,2,monophasic
Modulated_autosave_20260715_171433_605ms,Thenar (R),R_The_ED_FD_FCR A,7,200.1588562354435,208.1588562354435,232.51866560801682,0.008728161453807342,0.008728161453807342,none,30.0,125,2,monophasic
Modulated_autosave_20260715_171433_605ms,Thenar (R),R_The_ED_FD_FCR A,8,233.51866560801682,241.51866560801682,265.87847497965936,0.06378271058184072,0.06378271058184072,none,30.0,125,2,monophasic
Modulated_autosave_20260715_171433_605ms,Thenar (R),R_The_ED_FD_FCR A,9,266.87847497965936,274.87847497965936,299.23828435223265,0.010406653396776322,0.010406653396776322,none,30.0,125,2,monophasic
Modulated_autosave_20260715_171433_605ms,Thenar (R),R_The_ED_FD_FCR A,10,300.23828435223265,308.23828435223265,332.59809372480953,0.06680399829959044,0.06680399829959044,none,30.0,125,2,monophasic
Modulated_autosave_20260715_171433_605ms,Ext. digitorum (R),R_The_ED_FD_FCR B,1,0.7942811753594015,8.794281175359401,32.359809372573324,,,none,30.0,30,2,monophasic
Modulated_autosave_20260715_171433_605ms,Ext. digitorum (R),R_The_ED_FD_FCR B,2,33.359809372573324,41.359809372573324,65.71961874514665,,,none,30.0,30,2,monophasic
Modulated_autosave_20260715_171433_605ms,Ext. digitorum (R),R_The_ED_FD_FCR B,3,66.71961874514665,74.71961874514665,99.07942811771997,,,none,30.0,30,2,monophasic
Modulated_autosave_20260715_171433_605ms,Ext. digitorum (R),R_The_ED_FD_FCR B,4,100.07942811771997,108.07942811771997,132.4392374902933,,,none,30.0,30,2,monophasic
Modulated_autosave_20260715_171433_605ms,Ext. digitorum (R),R_The_ED_FD_FCR B,5,133.4392374902933,141.4392374902933,165.79904686287017,,,none,30.0,30,2,monophasic
Modulated_autosave_20260715_171433_605ms,Ext. digitorum (R),R_The_ED_FD_FCR B,6,166.79904686287017,174.79904686287017,199.1588562354435,,,none,30.0,30,2,monophasic
Modulated_autosave_20260715_171433_605ms,Ext. digitorum (R),R_The_ED_FD_FCR B,7,200.1588562354435,208.1588562354435,232.51866560801682,,,none,30.0,30,2,monophasic
Modulated_autosave_20260715_171433_605ms,Ext. digitorum (R),R_The_ED_FD_FCR B,8,233.51866560801682,241.51866560801682,265.87847497965936,,,none,30.0,30,2,monophasic
Modulated_autosave_20260715_171433_605ms,Ext. digitorum (R),R_The_ED_FD_FCR B,9,266.87847497965936,274.87847497965936,299.23828435223265,,,none,30.0,30,2,monophasic
Modulated_autosave_20260715_171433_605ms,Ext. digitorum (R),R_The_ED_FD_FCR B,10,300.23828435223265,308.23828435223265,332.59809372480953,,,none,30.0,30,2,monophasic
Modulated_autosave_20260715_171433_605ms,Ext. digitorum (R),R_The_ED_FD_FCR B,1,0.7942811753594015,8.794281175359401,32.359809372573324,,,none,30.0,35,2,monophasic
Modulated_autosave_20260715_171433_605ms,Ext. digitorum (R),R_The_ED_FD_FCR B,2,33.359809372573324,41.359809372573324,65.71961874514665,,,none,30.0,35,2,monophasic
Modulated_autosave_20260715_171433_605ms,Ext. digitorum (R),R_The_ED_FD_FCR B,3,66.71961874514665,74.71961874514665,99.07942811771997,,,none,30.0,35,2,monophasic
Modulated_autosave_20260715_171433_605ms,Ext. digitorum (R),R_The_ED_FD_FCR B,4,100.07942811771997,108.07942811771997,132.4392374902933,,,none,30.0,35,2,monophasic
Modulated_autosave_20260715_171433_605ms,Ext. digitorum (R),R_The_ED_FD_FCR B,5,133.4392374902933,141.4392374902933,165.79904686287017,,,none,30.0,35,2,monophasic
Modulated_autosave_20260715_171433_605ms,Ext. digitorum (R),R_The_ED_FD_FCR B,6,166.79904686287017,174.79904686287017,199.1588562354435,,,none,30.0,35,2,monophasic
Modulated_autosave_20260715_171433_605ms,Ext. digitorum (R),R_The_ED_FD_FCR B,7,200.1588562354435,208.1588562354435,232.51866560801682,,,none,30.0,35,2,monophasic
Modulated_autosave_20260715_171433_605ms,Ext. digitorum (R),R_The_ED_FD_FCR B,8,233.51866560801682,241.51866560801682,265.87847497965936,,,none,30.0,35,2,monophasic
Modulated_autosave_20260715_171433_605ms,Ext. digitorum (R),R_The_ED_FD_FCR B,9,266.87847497965936,274.87847497965936,299.23828435223265,,,none,30.0,35,2,monophasic
Modulated_autosave_20260715_171433_605ms,Ext. digitorum (R),R_The_ED_FD_FCR B,10,300.23828435223265,308.23828435223265,332.59809372480953,,,none,30.0,35,2,monophasic
Modulated_autosave_20260715_171433_605ms,Ext. digitorum (R),R_The_ED_FD_FCR B,1,0.7942811753594015,8.794281175359401,32.359809372573324,,,none,30.0,40,2,monophasic
Modulated_autosave_20260715_171433_605ms,Ext. digitorum (R),R_The_ED_FD_FCR B,2,33.359809372573324,41.359809372573324,65.71961874514665,,,none,30.0,40,2,monophasic
Modulated_autosave_20260715_171433_605ms,Ext. digitorum (R),R_The_ED_FD_FCR B,3,66.71961874514665,74.71961874514665,99.07942811771997,,,none,30.0,40,2,monophasic
Modulated_autosave_20260715_171433_605ms,Ext. digitorum (R),R_The_ED_FD_FCR B,4,100.07942811771997,108.07942811771997,132.4392374902933,,,none,30.0,40,2,monophasic
Modulated_autosave_20260715_171433_605ms,Ext. digitorum (R),R_The_ED_FD_FCR B,5,133.4392374902933,141.4392374902933,165.79904686287017,,,none,30.0,40,2,monophasic
Modulated_autosave_20260715_171433_605ms,Ext. digitorum (R),R_The_ED_FD_FCR B,6,166.79904686287017,174.79904686287017,199.1588562354435,,,none,30.0,40,2,monophasic
Modulated_autosave_20260715_171433_605ms,Ext. digitorum (R),R_The_ED_FD_FCR B,7,200.1588562354435,208.1588562354435,232.51866560801682,,,none,30.0,40,2,monophasic
Modulated_autosave_20260715_171433_605ms,Ext. digitorum (R),R_The_ED_FD_FCR B,8,233.51866560801682,241.51866560801682,265.87847497965936,,,none,30.0,40,2,monophasic
Modulated_autosave_20260715_171433_605ms,Ext. digitorum (R),R_The_ED_FD_FCR B,9,266.87847497965936,274.87847497965936,299.23828435223265,,,none,30.0,40,2,monophasic
Modulated_autosave_20260715_171433_605ms,Ext. digitorum (R),R_The_ED_FD_FCR B,10,300.23828435223265,308.23828435223265,332.59809372480953,,,none,30.0,40,2,monophasic
Modulated_autosave_20260715_171433_605ms,Ext. digitorum (R),R_The_ED_FD_FCR B,1,0.7942811753594015,8.794281175359401,32.359809372573324,,,none,30.0,45,2,monophasic
Modulated_autosave_20260715_171433_605ms,Ext. digitorum (R),R_The_ED_FD_FCR B,2,33.359809372573324,41.359809372573324,65.71961874514665,,,none,30.0,45,2,monophasic
Modulated_autosave_20260715_171433_605ms,Ext. digitorum (R),R_The_ED_FD_FCR B,3,66.71961874514665,74.71961874514665,99.07942811771997,,,none,30.0,45,2,monophasic
Modulated_autosave_20260715_171433_605ms,Ext. digitorum (R),R_The_ED_FD_FCR B,4,100.07942811771997,108.07942811771997,132.4392374902933,,,none,30.0,45,2,monophasic
Modulated_autosave_20260715_171433_605ms,Ext. digitorum (R),R_The_ED_FD_FCR B,5,133.4392374902933,141.4392374902933,165.79904686287017,,,none,30.0,45,2,monophasic
Modulated_autosave_20260715_171433_605ms,Ext. digitorum (R),R_The_ED_FD_FCR B,6,166.79904686287017,174.79904686287017,199.1588562354435,,,none,30.0,45,2,monophasic
Modulated_autosave_20260715_171433_605ms,Ext. digitorum (R),R_The_ED_FD_FCR B,7,200.1588562354435,208.1588562354435,232.51866560801682,,,none,30.0,45,2,monophasic
Modulated_autosave_20260715_171433_605ms,Ext. digitorum (R),R_The_ED_FD_FCR B,8,233.51866560801682,241.51866560801682,265.87847497965936,,,none,30.0,45,2,monophasic
Modulated_autosave_20260715_171433_605ms,Ext. digitorum (R),R_The_ED_FD_FCR B,9,266.87847497965936,274.87847497965936,299.23828435223265,,,none,30.0,45,2,monophasic
Modulated_autosave_20260715_171433_605ms,Ext. digitorum (R),R_The_ED_FD_FCR B,10,300.23828435223265,308.23828435223265,332.59809372480953,,,none,30.0,45,2,monophasic
Modulated_autosave_20260715_171433_605ms,Ext. digitorum (R),R_The_ED_FD_FCR B,1,0.7942811753594015,8.794281175359401,32.359809372573324,,,none,30.0,50,2,monophasic
Modulated_autosave_20260715_171433_605ms,Ext. digitorum (R),R_The_ED_FD_FCR B,2,33.359809372573324,41.359809372573324,65.71961874514665,,,none,30.0,50,2,monophasic
Modulated_autosave_20260715_171433_605ms,Ext. digitorum (R),R_The_ED_FD_FCR B,3,66.71961874514665,74.71961874514665,99.07942811771997,,,none,30.0,50,2,monophasic
Modulated_autosave_20260715_171433_605ms,Ext. digitorum (R),R_The_ED_FD_FCR B,4,100.07942811771997,108.07942811771997,132.4392374902933,,,none,30.0,50,2,monophasic
Modulated_autosave_20260715_171433_605ms,Ext. digitorum (R),R_The_ED_FD_FCR B,5,133.4392374902933,141.4392374902933,165.79904686287017,,,none,30.0,50,2,monophasic
Modulated_autosave_20260715_171433_605ms,Ext. digitorum (R),R_The_ED_FD_FCR B,6,166.79904686287017,174.79904686287017,199.1588562354435,,,none,30.0,50,2,monophasic
Modulated_autosave_20260715_171433_605ms,Ext. digitorum (R),R_The_ED_FD_FCR B,7,200.1588562354435,208.1588562354435,232.51866560801682,,,none,30.0,50,2,monophasic
Modulated_autosave_20260715_171433_605ms,Ext. digitorum (R),R_The_ED_FD_FCR B,8,233.51866560801682,241.51866560801682,265.87847497965936,,,none,30.0,50,2,monophasic
Modulated_autosave_20260715_171433_605ms,Ext. digitorum (R),R_The_ED_FD_FCR B,9,266.87847497965936,274.87847497965936,299.23828435223265,,,none,30.0,50,2,monophasic
Modulated_autosave_20260715_171433_605ms,Ext. digitorum (R),R_The_ED_FD_FCR B,10,300.23828435223265,308.23828435223265,332.59809372480953,,,none,30.0,50,2,monophasic
Modulated_autosave_20260715_171433_605ms,Ext. digitorum (R),R_The_ED_FD_FCR B,1,0.7942811753594015,8.794281175359401,32.359809372573324,,,none,30.0,55,2,monophasic
Modulated_autosave_20260715_171433_605ms,Ext. digitorum (R),R_The_ED_FD_FCR B,2,33.359809372573324,41.359809372573324,65.71961874514665,,,none,30.0,55,2,monophasic
Modulated_autosave_20260715_171433_605ms,Ext. digitorum (R),R_The_ED_FD_FCR B,3,66.71961874514665,74.71961874514665,99.07942811771997,,,none,30.0,55,2,monophasic
Modulated_autosave_20260715_171433_605ms,Ext. digitorum (R),R_The_ED_FD_FCR B,4,100.07942811771997,108.07942811771997,132.4392374902933,,,none,30.0,55,2,monophasic
Modulated_autosave_20260715_171433_605ms,Ext. digitorum (R),R_The_ED_FD_FCR B,5,133.4392374902933,141.4392374902933,165.79904686287017,,,none,30.0,55,2,monophasic
Modulated_autosave_20260715_171433_605ms,Ext. digitorum (R),R_The_ED_FD_FCR B,6,166.79904686287017,174.79904686287017,199.1588562354435,,,none,30.0,55,2,monophasic
Modulated_autosave_20260715_171433_605ms,Ext. digitorum (R),R_The_ED_FD_FCR B,7,200.1588562354435,208.1588562354435,232.51866560801682,,,none,30.0,55,2,monophasic
Modulated_autosave_20260715_171433_605ms,Ext. digitorum (R),R_The_ED_FD_FCR B,8,233.51866560801682,241.51866560801682,265.87847497965936,,,none,30.0,55,2,monophasic
Modulated_autosave_20260715_171433_605ms,Ext. digitorum (R),R_The_ED_FD_FCR B,9,266.87847497965936,274.87847497965936,299.23828435223265,,,none,30.0,55,2,monophasic
Modulated_autosave_20260715_171433_605ms,Ext. digitorum (R),R_The_ED_FD_FCR B,10,300.23828435223265,308.23828435223265,332.59809372480953,,,none,30.0,55,2,monophasic
Modulated_autosave_20260715_171433_605ms,Ext. digitorum (R),R_The_ED_FD_FCR B,1,0.7942811753594015,8.794281175359401,32.359809372573324,,,none,30.0,60,2,monophasic
Modulated_autosave_20260715_171433_605ms,Ext. digitorum (R),R_The_ED_FD_FCR B,2,33.359809372573324,41.359809372573324,65.71961874514665,,,none,30.0,60,2,monophasic
Modulated_autosave_20260715_171433_605ms,Ext. digitorum (R),R_The_ED_FD_FCR B,3,66.71961874514665,74.71961874514665,99.07942811771997,,,none,30.0,60,2,monophasic
Modulated_autosave_20260715_171433_605ms,Ext. digitorum (R),R_The_ED_FD_FCR B,4,100.07942811771997,108.07942811771997,132.4392374902933,,,none,30.0,60,2,monophasic
Modulated_autosave_20260715_171433_605ms,Ext. digitorum (R),R_The_ED_FD_FCR B,5,133.4392374902933,141.4392374902933,165.79904686287017,,,none,30.0,60,2,monophasic
Modulated_autosave_20260715_171433_605ms,Ext. digitorum (R),R_The_ED_FD_FCR B,6,166.79904686287017,174.79904686287017,199.1588562354435,,,none,30.0,60,2,monophasic
Modulated_autosave_20260715_171433_605ms,Ext. digitorum (R),R_The_ED_FD_FCR B,7,200.1588562354435,208.1588562354435,232.51866560801682,,,none,30.0,60,2,monophasic
Modulated_autosave_20260715_171433_605ms,Ext. digitorum (R),R_The_ED_FD_FCR B,8,233.51866560801682,241.51866560801682,265.87847497965936,,,none,30.0,60,2,monophasic
Modulated_autosave_20260715_171433_605ms,Ext. digitorum (R),R_The_ED_FD_FCR B,9,266.87847497965936,274.87847497965936,299.23828435223265,,,none,30.0,60,2,monophasic
Modulated_autosave_20260715_171433_605ms,Ext. digitorum (R),R_The_ED_FD_FCR B,10,300.23828435223265,308.23828435223265,332.59809372480953,,,none,30.0,60,2,monophasic
Modulated_autosave_20260715_171433_605ms,Ext. digitorum (R),R_The_ED_FD_FCR B,1,0.7942811753594015,8.794281175359401,32.359809372573324,,,none,30.0,65,2,monophasic
Modulated_autosave_20260715_171433_605ms,Ext. digitorum (R),R_The_ED_FD_FCR B,2,33.359809372573324,41.359809372573324,65.71961874514665,,,none,30.0,65,2,monophasic
Modulated_autosave_20260715_171433_605ms,Ext. digitorum (R),R_The_ED_FD_FCR B,3,66.71961874514665,74.71961874514665,99.07942811771997,,,none,30.0,65,2,monophasic
Modulated_autosave_20260715_171433_605ms,Ext. digitorum (R),R_The_ED_FD_FCR B,4,100.07942811771997,108.07942811771997,132.4392374902933,,,none,30.0,65,2,monophasic
Modulated_autosave_20260715_171433_605ms,Ext. digitorum (R),R_The_ED_FD_FCR B,5,133.4392374902933,141.4392374902933,165.79904686287017,,,none,30.0,65,2,monophasic
Modulated_autosave_20260715_171433_605ms,Ext. digitorum (R),R_The_ED_FD_FCR B,6,166.79904686287017,174.79904686287017,199.1588562354435,,,none,30.0,65,2,monophasic
Modulated_autosave_20260715_171433_605ms,Ext. digitorum (R),R_The_ED_FD_FCR B,7,200.1588562354435,208.1588562354435,232.51866560801682,,,none,30.0,65,2,monophasic
Modulated_autosave_20260715_171433_605ms,Ext. digitorum (R),R_The_ED_FD_FCR B,8,233.51866560801682,241.51866560801682,265.87847497965936,,,none,30.0,65,2,monophasic
Modulated_autosave_20260715_171433_605ms,Ext. digitorum (R),R_The_ED_FD_FCR B,9,266.87847497965936,274.87847497965936,299.23828435223265,,,none,30.0,65,2,monophasic
Modulated_autosave_20260715_171433_605ms,Ext. digitorum (R),R_The_ED_FD_FCR B,10,300.23828435223265,308.23828435223265,332.59809372480953,,,none,30.0,65,2,monophasic
Modulated_autosave_20260715_171433_605ms,Ext. digitorum (R),R_The_ED_FD_FCR B,1,0.7942811753594015,8.794281175359401,32.359809372573324,,,none,30.0,70,2,monophasic
Modulated_autosave_20260715_171433_605ms,Ext. digitorum (R),R_The_ED_FD_FCR B,2,33.359809372573324,41.359809372573324,65.71961874514665,,,none,30.0,70,2,monophasic
Modulated_autosave_20260715_171433_605ms,Ext. digitorum (R),R_The_ED_FD_FCR B,3,66.71961874514665,74.71961874514665,99.07942811771997,,,none,30.0,70,2,monophasic
Modulated_autosave_20260715_171433_605ms,Ext. digitorum (R),R_The_ED_FD_FCR B,4,100.07942811771997,108.07942811771997,132.4392374902933,,,none,30.0,70,2,monophasic
Modulated_autosave_20260715_171433_605ms,Ext. digitorum (R),R_The_ED_FD_FCR B,5,133.4392374902933,141.4392374902933,165.79904686287017,,,none,30.0,70,2,monophasic
Modulated_autosave_20260715_171433_605ms,Ext. digitorum (R),R_The_ED_FD_FCR B,6,166.79904686287017,174.79904686287017,199.1588562354435,,,none,30.0,70,2,monophasic
Modulated_autosave_20260715_171433_605ms,Ext. digitorum (R),R_The_ED_FD_FCR B,7,200.1588562354435,208.1588562354435,232.51866560801682,,,none,30.0,70,2,monophasic
Modulated_autosave_20260715_171433_605ms,Ext. digitorum (R),R_The_ED_FD_FCR B,8,233.51866560801682,241.51866560801682,265.87847497965936,,,none,30.0,70,2,monophasic
Modulated_autosave_20260715_171433_605ms,Ext. digitorum (R),R_The_ED_FD_FCR B,9,266.87847497965936,274.87847497965936,299.23828435223265,,,none,30.0,70,2,monophasic
Modulated_autosave_20260715_171433_605ms,Ext. digitorum (R),R_The_ED_FD_FCR B,10,300.23828435223265,308.23828435223265,332.59809372480953,,,none,30.0,70,2,monophasic
Modulated_autosave_20260715_171433_605ms,Ext. digitorum (R),R_The_ED_FD_FCR B,1,0.7942811753594015,8.794281175359401,32.359809372573324,,,none,30.0,75,2,monophasic
Modulated_autosave_20260715_171433_605ms,Ext. digitorum (R),R_The_ED_FD_FCR B,2,33.359809372573324,41.359809372573324,65.71961874514665,,,none,30.0,75,2,monophasic
Modulated_autosave_20260715_171433_605ms,Ext. digitorum (R),R_The_ED_FD_FCR B,3,66.71961874514665,74.71961874514665,99.07942811771997,,,none,30.0,75,2,monophasic
Modulated_autosave_20260715_171433_605ms,Ext. digitorum (R),R_The_ED_FD_FCR B,4,100.07942811771997,108.07942811771997,132.4392374902933,,,none,30.0,75,2,monophasic
Modulated_autosave_20260715_171433_605ms,Ext. digitorum (R),R_The_ED_FD_FCR B,5,133.4392374902933,141.4392374902933,165.79904686287017,,,none,30.0,75,2,monophasic
Modulated_autosave_20260715_171433_605ms,Ext. digitorum (R),R_The_ED_FD_FCR B,6,166.79904686287017,174.79904686287017,199.1588562354435,,,none,30.0,75,2,monophasic
Modulated_autosave_20260715_171433_605ms,Ext. digitorum (R),R_The_ED_FD_FCR B,7,200.1588562354435,208.1588562354435,232.51866560801682,,,none,30.0,75,2,monophasic
Modulated_autosave_20260715_171433_605ms,Ext. digitorum (R),R_The_ED_FD_FCR B,8,233.51866560801682,241.51866560801682,265.87847497965936,,,none,30.0,75,2,monophasic
Modulated_autosave_20260715_171433_605ms,Ext. digitorum (R),R_The_ED_FD_FCR B,9,266.87847497965936,274.87847497965936,299.23828435223265,,,none,30.0,75,2,monophasic
Modulated_autosave_20260715_171433_605ms,Ext. digitorum (R),R_The_ED_FD_FCR B,10,300.23828435223265,308.23828435223265,332.59809372480953,,,none,30.0,75,2,monophasic
Modulated_autosave_20260715_171433_605ms,Ext. digitorum (R),R_The_ED_FD_FCR B,1,0.7942811753594015,8.794281175359401,32.359809372573324,,,none,30.0,80,2,monophasic
Modulated_autosave_20260715_171433_605ms,Ext. digitorum (R),R_The_ED_FD_FCR B,2,33.359809372573324,41.359809372573324,65.71961874514665,,,none,30.0,80,2,monophasic
Modulated_autosave_20260715_171433_605ms,Ext. digitorum (R),R_The_ED_FD_FCR B,3,66.71961874514665,74.71961874514665,99.07942811771997,,,none,30.0,80,2,monophasic
Modulated_autosave_20260715_171433_605ms,Ext. digitorum (R),R_The_ED_FD_FCR B,4,100.07942811771997,108.07942811771997,132.4392374902933,,,none,30.0,80,2,monophasic
Modulated_autosave_20260715_171433_605ms,Ext. digitorum (R),R_The_ED_FD_FCR B,5,133.4392374902933,141.4392374902933,165.79904686287017,,,none,30.0,80,2,monophasic
Modulated_autosave_20260715_171433_605ms,Ext. digitorum (R),R_The_ED_FD_FCR B,6,166.79904686287017,174.79904686287017,199.1588562354435,,,none,30.0,80,2,monophasic
Modulated_autosave_20260715_171433_605ms,Ext. digitorum (R),R_The_ED_FD_FCR B,7,200.1588562354435,208.1588562354435,232.51866560801682,,,none,30.0,80,2,monophasic
Modulated_autosave_20260715_171433_605ms,Ext. digitorum (R),R_The_ED_FD_FCR B,8,233.51866560801682,241.51866560801682,265.87847497965936,,,none,30.0,80,2,monophasic
Modulated_autosave_20260715_171433_605ms,Ext. digitorum (R),R_The_ED_FD_FCR B,9,266.87847497965936,274.87847497965936,299.23828435223265,,,none,30.0,80,2,monophasic
Modulated_autosave_20260715_171433_605ms,Ext. digitorum (R),R_The_ED_FD_FCR B,10,300.23828435223265,308.23828435223265,332.59809372480953,,,none,30.0,80,2,monophasic
Modulated_autosave_20260715_171433_605ms,Ext. digitorum (R),R_The_ED_FD_FCR B,1,0.7942811753594015,8.794281175359401,32.359809372573324,,,none,30.0,85,2,monophasic
Modulated_autosave_20260715_171433_605ms,Ext. digitorum (R),R_The_ED_FD_FCR B,2,33.359809372573324,41.359809372573324,65.71961874514665,,,none,30.0,85,2,monophasic
Modulated_autosave_20260715_171433_605ms,Ext. digitorum (R),R_The_ED_FD_FCR B,3,66.71961874514665,74.71961874514665,99.07942811771997,,,none,30.0,85,2,monophasic
Modulated_autosave_20260715_171433_605ms,Ext. digitorum (R),R_The_ED_FD_FCR B,4,100.07942811771997,108.07942811771997,132.4392374902933,,,none,30.0,85,2,monophasic
Modulated_autosave_20260715_171433_605ms,Ext. digitorum (R),R_The_ED_FD_FCR B,5,133.4392374902933,141.4392374902933,165.79904686287017,,,none,30.0,85,2,monophasic
Modulated_autosave_20260715_171433_605ms,Ext. digitorum (R),R_The_ED_FD_FCR B,6,166.79904686287017,174.79904686287017,199.1588562354435,,,none,30.0,85,2,monophasic
Modulated_autosave_20260715_171433_605ms,Ext. digitorum (R),R_The_ED_FD_FCR B,7,200.1588562354435,208.1588562354435,232.51866560801682,,,none,30.0,85,2,monophasic
Modulated_autosave_20260715_171433_605ms,Ext. digitorum (R),R_The_ED_FD_FCR B,8,233.51866560801682,241.51866560801682,265.87847497965936,,,none,30.0,85,2,monophasic
Modulated_autosave_20260715_171433_605ms,Ext. digitorum (R),R_The_ED_FD_FCR B,9,266.87847497965936,274.87847497965936,299.23828435223265,,,none,30.0,85,2,monophasic
Modulated_autosave_20260715_171433_605ms,Ext. digitorum (R),R_The_ED_FD_FCR B,10,300.23828435223265,308.23828435223265,332.59809372480953,,,none,30.0,85,2,monophasic
Modulated_autosave_20260715_171433_605ms,Ext. digitorum (R),R_The_ED_FD_FCR B,1,0.7942811753594015,8.794281175359401,32.359809372573324,0.02752727549523115,0.02752727549523115,none,30.0,90,2,monophasic
Modulated_autosave_20260715_171433_605ms,Ext. digitorum (R),R_The_ED_FD_FCR B,2,33.359809372573324,41.359809372573324,65.71961874514665,-0.0020141908898949623,-0.0020141908898949623,none,30.0,90,2,monophasic
Modulated_autosave_20260715_171433_605ms,Ext. digitorum (R),R_The_ED_FD_FCR B,3,66.71961874514665,74.71961874514665,99.07942811771997,0.029877164401113987,0.029877164401113987,none,30.0,90,2,monophasic
Modulated_autosave_20260715_171433_605ms,Ext. digitorum (R),R_The_ED_FD_FCR B,4,100.07942811771997,108.07942811771997,132.4392374902933,0.029877164401113987,0.029877164401113987,none,30.0,90,2,monophasic
Modulated_autosave_20260715_171433_605ms,Ext. digitorum (R),R_The_ED_FD_FCR B,5,133.4392374902933,141.4392374902933,165.79904686287017,-0.0020141908883273604,-0.0020141908883273604,none,30.0,90,2,monophasic
Modulated_autosave_20260715_171433_605ms,Ext. digitorum (R),R_The_ED_FD_FCR B,6,166.79904686287017,174.79904686287017,199.1588562354435,0.027191577944904566,0.027191577944904566,none,30.0,90,2,monophasic
Modulated_autosave_20260715_171433_605ms,Ext. digitorum (R),R_The_ED_FD_FCR B,7,200.1588562354435,208.1588562354435,232.51866560801682,0.014938582200556993,0.014938582200556993,none,30.0,90,2,monophasic
Modulated_autosave_20260715_171433_605ms,Ext. digitorum (R),R_The_ED_FD_FCR B,8,233.51866560801682,241.51866560801682,265.87847497965936,-0.0033569848172784068,-0.0033569848172784068,none,30.0,90,2,monophasic
Modulated_autosave_20260715_171433_605ms,Ext. digitorum (R),R_The_ED_FD_FCR B,9,266.87847497965936,274.87847497965936,299.23828435223265,0.033569848164880324,0.033569848164880324,none,30.0,90,2,monophasic
Modulated_autosave_20260715_171433_605ms,Ext. digitorum (R),R_The_ED_FD_FCR B,10,300.23828435223265,308.23828435223265,332.59809372480953,0.011413747910384844,0.011413747910384844,none,30.0,90,2,monophasic
Modulated_autosave_20260715_171433_605ms,Ext. digitorum (R),R_The_ED_FD_FCR B,1,0.7942811753594015,8.794281175359401,32.359809372573324,0.026184482499957085,0.026184482499957085,none,30.0,95,2,monophasic
Modulated_autosave_20260715_171433_605ms,Ext. digitorum (R),R_The_ED_FD_FCR B,2,33.359809372573324,41.359809372573324,65.71961874514665,0.018799115205183625,0.018799115205183625,none,30.0,95,2,monophasic
Modulated_autosave_20260715_171433_605ms,Ext. digitorum (R),R_The_ED_FD_FCR B,3,66.71961874514665,74.71961874514665,99.07942811771997,0.00939955748617649,0.00939955748617649,none,30.0,95,2,monophasic
Modulated_autosave_20260715_171433_605ms,Ext. digitorum (R),R_The_ED_FD_FCR B,4,100.07942811771997,108.07942811771997,132.4392374902933,0.027359426485240174,0.027359426485240174,none,30.0,95,2,monophasic
Modulated_autosave_20260715_171433_605ms,Ext. digitorum (R),R_The_ED_FD_FCR B,5,133.4392374902933,141.4392374902933,165.79904686287017,0.02047760807904717,0.02047760807904717,none,30.0,95,2,monophasic
Modulated_autosave_20260715_171433_605ms,Ext. digitorum (R),R_The_ED_FD_FCR B,6,166.79904686287017,174.79904686287017,199.1588562354435,0.008056763093918562,0.008056763093918562,none,30.0,95,2,monophasic
Modulated_autosave_20260715_171433_605ms,Ext. digitorum (R),R_The_ED_FD_FCR B,7,200.1588562354435,208.1588562354435,232.51866560801682,0.02014190866218496,0.02014190866218496,none,30.0,95,2,monophasic
Modulated_autosave_20260715_171433_605ms,Ext. digitorum (R),R_The_ED_FD_FCR B,8,233.51866560801682,241.51866560801682,265.87847497965936,0.018463416723510442,0.018463416723510442,none,30.0,95,2,monophasic
Modulated_autosave_20260715_171433_605ms,Ext. digitorum (R),R_The_ED_FD_FCR B,9,266.87847497965936,274.87847497965936,299.23828435223265,0.01611352781763492,0.01611352781763492,none,30.0,95,2,monophasic
Modulated_autosave_20260715_171433_605ms,Ext. digitorum (R),R_The_ED_FD_FCR B,10,300.23828435223265,308.23828435223265,332.59809372480953,0.023498893016156534,0.023498893016156534,none,30.0,95,2,monophasic
Modulated_autosave_20260715_171433_605ms,Ext. digitorum (R),R_The_ED_FD_FCR B,1,0.7942811753594015,8.794281175359401,32.359809372573324,0.03692683391273022,0.03692683391273022,none,30.0,100,2,monophasic
Modulated_autosave_20260715_171433_605ms,Ext. digitorum (R),R_The_ED_FD_FCR B,2,33.359809372573324,41.359809372573324,65.71961874514665,0.018799114968812362,0.018799114968812362,none,30.0,100,2,monophasic
Modulated_autosave_20260715_171433_605ms,Ext. digitorum (R),R_The_ED_FD_FCR B,3,66.71961874514665,74.71961874514665,99.07942811771997,0.0234988946467638,0.0234988946467638,none,30.0,100,2,monophasic
Modulated_autosave_20260715_171433_605ms,Ext. digitorum (R),R_The_ED_FD_FCR B,4,100.07942811771997,108.07942811771997,132.4392374902933,0.03793392888965599,0.03793392888965599,none,30.0,100,2,monophasic
Modulated_autosave_20260715_171433_605ms,Ext. digitorum (R),R_The_ED_FD_FCR B,5,133.4392374902933,141.4392374902933,165.79904686287017,0.017120623023106157,0.017120623023106157,none,30.0,100,2,monophasic
Modulated_autosave_20260715_171433_605ms,Ext. digitorum (R),R_The_ED_FD_FCR B,6,166.79904686287017,174.79904686287017,199.1588562354435,0.04565499349298677,0.04565499349298677,none,30.0,100,2,monophasic
Modulated_autosave_20260715_171433_605ms,Ext. digitorum (R),R_The_ED_FD_FCR B,7,200.1588562354435,208.1588562354435,232.51866560801682,0.02836652239548557,0.02836652239548557,none,30.0,100,2,monophasic
Modulated_autosave_20260715_171433_605ms,Ext. digitorum (R),R_The_ED_FD_FCR B,8,233.51866560801682,241.51866560801682,265.87847497965936,0.03558403904615616,0.03558403904615616,none,30.0,100,2,monophasic
Modulated_autosave_20260715_171433_605ms,Ext. digitorum (R),R_The_ED_FD_FCR B,9,266.87847497965936,274.87847497965936,299.23828435223265,0.02685587946246836,0.02685587946246836,none,30.0,100,2,monophasic
Modulated_autosave_20260715_171433_605ms,Ext. digitorum (R),R_The_ED_FD_FCR B,10,300.23828435223265,308.23828435223265,332.59809372480953,0.029877165325739512,0.029877165325739512,none,30.0,100,2,monophasic
Modulated_autosave_20260715_171433_605ms,Ext. digitorum (R),R_The_ED_FD_FCR B,1,0.7942811753594015,8.794281175359401,32.359809372573324,0.0372625298332423,0.0372625298332423,none,30.0,105,2,monophasic
Modulated_autosave_20260715_171433_605ms,Ext. digitorum (R),R_The_ED_FD_FCR B,2,33.359809372573324,41.359809372573324,65.71961874514665,0.04498359560966492,0.04498359560966492,none,30.0,105,2,monophasic
Modulated_autosave_20260715_171433_605ms,Ext. digitorum (R),R_The_ED_FD_FCR B,3,66.71961874514665,74.71961874514665,99.07942811771997,0.02970931584933969,0.02970931584933969,none,30.0,105,2,monophasic
Modulated_autosave_20260715_171433_605ms,Ext. digitorum (R),R_The_ED_FD_FCR B,4,100.07942811771997,108.07942811771997,132.4392374902933,0.047333486378098304,0.047333486378098304,none,30.0,105,2,monophasic
Modulated_autosave_20260715_171433_605ms,Ext. digitorum (R),R_The_ED_FD_FCR B,5,133.4392374902933,141.4392374902933,165.79904686287017,0.03054856065800729,0.03054856065800729,none,30.0,105,2,monophasic
Modulated_autosave_20260715_171433_605ms,Ext. digitorum (R),R_The_ED_FD_FCR B,6,166.79904686287017,174.79904686287017,199.1588562354435,0.046662088480818195,0.046662088480818195,none,30.0,105,2,monophasic
Modulated_autosave_20260715_171433_605ms,Ext. digitorum (R),R_The_ED_FD_FCR B,7,200.1588562354435,208.1588562354435,232.51866560801682,0.05001907423136366,0.05001907423136366,none,30.0,105,2,monophasic
Modulated_autosave_20260715_171433_605ms,Ext. digitorum (R),R_The_ED_FD_FCR B,8,233.51866560801682,241.51866560801682,265.87847497965936,0.03189135528934825,0.03189135528934825,none,30.0,105,2,monophasic
Modulated_autosave_20260715_171433_605ms,Ext. digitorum (R),R_The_ED_FD_FCR B,9,266.87847497965936,274.87847497965936,299.23828435223265,0.05169756710527214,0.05169756710527214,none,30.0,105,2,monophasic
Modulated_autosave_20260715_171433_605ms,Ext. digitorum (R),R_The_ED_FD_FCR B,10,300.23828435223265,308.23828435223265,332.59809372480953,0.047333486375024734,0.047333486375024734,none,30.0,105,2,monophasic
Modulated_autosave_20260715_171433_605ms,Ext. digitorum (R),R_The_ED_FD_FCR B,1,0.7942811753594015,8.794281175359401,32.359809372573324,0.05018692463636398,0.05018692463636398,none,30.0,110,2,monophasic
Modulated_autosave_20260715_171433_605ms,Ext. digitorum (R),R_The_ED_FD_FCR B,2,33.359809372573324,41.359809372573324,65.71961874514665,0.04968337528092852,0.04968337528092852,none,30.0,110,2,monophasic
Modulated_autosave_20260715_171433_605ms,Ext. digitorum (R),R_The_ED_FD_FCR B,3,66.71961874514665,74.71961874514665,99.07942811771997,0.047333485669472514,0.047333485669472514,none,30.0,110,2,monophasic
Modulated_autosave_20260715_171433_605ms,Ext. digitorum (R),R_The_ED_FD_FCR B,4,100.07942811771997,108.07942811771997,132.4392374902933,0.05236896127097063,0.05236896127097063,none,30.0,110,2,monophasic
Modulated_autosave_20260715_171433_605ms,Ext. digitorum (R),R_The_ED_FD_FCR B,5,133.4392374902933,141.4392374902933,165.79904686287017,0.05069047212049945,0.05069047212049945,none,30.0,110,2,monophasic
Modulated_autosave_20260715_171433_605ms,Ext. digitorum (R),R_The_ED_FD_FCR B,6,166.79904686287017,174.79904686287017,199.1588562354435,0.0530403591554757,0.0530403591554757,none,30.0,110,2,monophasic
Modulated_autosave_20260715_171433_605ms,Ext. digitorum (R),R_The_ED_FD_FCR B,7,200.1588562354435,208.1588562354435,232.51866560801682,0.04246585674951629,0.04246585674951629,none,30.0,110,2,monophasic
Modulated_autosave_20260715_171433_605ms,Ext. digitorum (R),R_The_ED_FD_FCR B,8,233.51866560801682,241.51866560801682,265.87847497965936,0.05438315495835442,0.05438315495835442,none,30.0,110,2,monophasic
Modulated_autosave_20260715_171433_605ms,Ext. digitorum (R),R_The_ED_FD_FCR B,9,266.87847497965936,274.87847497965936,299.23828435223265,0.026520180283071116,0.026520180283071116,none,30.0,110,2,monophasic
Modulated_autosave_20260715_171433_605ms,Ext. digitorum (R),R_The_ED_FD_FCR B,10,300.23828435223265,308.23828435223265,332.59809372480953,0.05354390851336748,0.05354390851336748,none,30.0,110,2,monophasic
Modulated_autosave_20260715_171433_605ms,Ext. digitorum (R),R_The_ED_FD_FCR B,1,0.7942811753594015,8.794281175359401,32.359809372573324,0.03961242246441543,0.03961242246441543,none,30.0,115,2,monophasic
Modulated_autosave_20260715_171433_605ms,Ext. digitorum (R),R_The_ED_FD_FCR B,2,33.359809372573324,41.359809372573324,65.71961874514665,0.06797894462943077,0.06797894462943077,none,30.0,115,2,monophasic
Modulated_autosave_20260715_171433_605ms,Ext. digitorum (R),R_The_ED_FD_FCR B,3,66.71961874514665,74.71961874514665,99.07942811771997,0.051026168046378766,0.051026168046378766,none,30.0,115,2,monophasic
Modulated_autosave_20260715_171433_605ms,Ext. digitorum (R),R_The_ED_FD_FCR B,4,100.07942811771997,108.07942811771997,132.4392374902933,0.060425727628058076,0.060425727628058076,none,30.0,115,2,monophasic
Modulated_autosave_20260715_171433_605ms,Ext. digitorum (R),R_The_ED_FD_FCR B,5,133.4392374902933,141.4392374902933,165.79904686287017,0.0590829318388801,0.0590829318388801,none,30.0,115,2,monophasic
Modulated_autosave_20260715_171433_605ms,Ext. digitorum (R),R_The_ED_FD_FCR B,6,166.79904686287017,174.79904686287017,199.1588562354435,0.05304035893641412,0.05304035893641412,none,30.0,115,2,monophasic
Modulated_autosave_20260715_171433_605ms,Ext. digitorum (R),R_The_ED_FD_FCR B,7,200.1588562354435,208.1588562354435,232.51866560801682,0.05404745600212786,0.05404745600212786,none,30.0,115,2,monophasic
Modulated_autosave_20260715_171433_605ms,Ext. digitorum (R),R_The_ED_FD_FCR B,8,233.51866560801682,241.51866560801682,265.87847497965936,0.056061645038313304,0.056061645038313304,none,30.0,115,2,monophasic
Modulated_autosave_20260715_171433_605ms,Ext. digitorum (R),R_The_ED_FD_FCR B,9,266.87847497965936,274.87847497965936,299.23828435223265,0.0522011131753514,0.0522011131753514,none,30.0,115,2,monophasic
Modulated_autosave_20260715_171433_605ms,Ext. digitorum (R),R_The_ED_FD_FCR B,10,300.23828435223265,308.23828435223265,332.59809372480953,0.04599069150717633,0.04599069150717633,none,30.0,115,2,monophasic
Modulated_autosave_20260715_171433_605ms,Ext. digitorum (R),R_The_ED_FD_FCR B,1,0.7942811753594015,8.794281175359401,32.359809372573324,0.12068360671401024,0.12068360671401024,none,30.0,120,2,monophasic
Modulated_autosave_20260715_171433_605ms,Ext. digitorum (R),R_The_ED_FD_FCR B,2,33.359809372573324,41.359809372573324,65.71961874514665,0.03625543508678675,0.03625543508678675,none,30.0,120,2,monophasic
Modulated_autosave_20260715_171433_605ms,Ext. digitorum (R),R_The_ED_FD_FCR B,3,66.71961874514665,74.71961874514665,99.07942811771997,0.1057450212219369,0.1057450212219369,none,30.0,120,2,monophasic
Modulated_autosave_20260715_171433_605ms,Ext. digitorum (R),R_The_ED_FD_FCR B,4,100.07942811771997,108.07942811771997,132.4392374902933,0.0547188529743971,0.0547188529743971,none,30.0,120,2,monophasic
Modulated_autosave_20260715_171433_605ms,Ext. digitorum (R),R_The_ED_FD_FCR B,5,133.4392374902933,141.4392374902933,165.79904686287017,0.058411533944212654,0.058411533944212654,none,30.0,120,2,monophasic
Modulated_autosave_20260715_171433_605ms,Ext. digitorum (R),R_The_ED_FD_FCR B,6,166.79904686287017,174.79904686287017,199.1588562354435,0.05622949684038758,0.05622949684038758,none,30.0,120,2,monophasic
Modulated_autosave_20260715_171433_605ms,Ext. digitorum (R),R_The_ED_FD_FCR B,7,200.1588562354435,208.1588562354435,232.51866560801682,0.05975433066487312,0.05975433066487312,none,30.0,120,2,monophasic
Modulated_autosave_20260715_171433_605ms,Ext. digitorum (R),R_The_ED_FD_FCR B,8,233.51866560801682,241.51866560801682,265.87847497965936,0.04766918625519976,0.04766918625519976,none,30.0,120,2,monophasic
Modulated_autosave_20260715_171433_605ms,Ext. digitorum (R),R_The_ED_FD_FCR B,9,266.87847497965936,274.87847497965936,299.23828435223265,0.06512550449353074,0.06512550449353074,none,30.0,120,2,monophasic
Modulated_autosave_20260715_171433_605ms,Ext. digitorum (R),R_The_ED_FD_FCR B,10,300.23828435223265,308.23828435223265,332.59809372480953,0.05606164643518131,0.05606164643518131,none,30.0,120,2,monophasic
Modulated_autosave_20260715_171433_605ms,Ext. digitorum (R),R_The_ED_FD_FCR B,1,0.7942811753594015,8.794281175359401,32.359809372573324,0.14032196626067162,0.14032196626067162,none,30.0,125,2,monophasic
Modulated_autosave_20260715_171433_605ms,Ext. digitorum (R),R_The_ED_FD_FCR B,2,33.359809372573324,41.359809372573324,65.71961874514665,0.12622263281750656,0.12622263281750656,none,30.0,125,2,monophasic
Modulated_autosave_20260715_171433_605ms,Ext. digitorum (R),R_The_ED_FD_FCR B,3,66.71961874514665,74.71961874514665,99.07942811771997,0.07620355696417391,0.07620355696417391,none,30.0,125,2,monophasic
Modulated_autosave_20260715_171433_605ms,Ext. digitorum (R),R_The_ED_FD_FCR B,4,100.07942811771997,108.07942811771997,132.4392374902933,0.14602883900831487,0.14602883900831487,none,30.0,125,2,monophasic
Modulated_autosave_20260715_171433_605ms,Ext. digitorum (R),R_The_ED_FD_FCR B,5,133.4392374902933,141.4392374902933,165.79904686287017,0.10205233842120286,0.10205233842120286,none,30.0,125,2,monophasic
Modulated_autosave_20260715_171433_605ms,Ext. digitorum (R),R_The_ED_FD_FCR B,6,166.79904686287017,174.79904686287017,199.1588562354435,0.05975432996638119,0.05975432996638119,none,30.0,125,2,monophasic
Modulated_autosave_20260715_171433_605ms,Ext. digitorum (R),R_The_ED_FD_FCR B,7,200.1588562354435,208.1588562354435,232.51866560801682,0.14686807990062445,0.14686807990062445,none,30.0,125,2,monophasic
Modulated_autosave_20260715_171433_605ms,Ext. digitorum (R),R_The_ED_FD_FCR B,8,233.51866560801682,241.51866560801682,265.87847497965936,0.04397650202721619,0.04397650202721619,none,30.0,125,2,monophasic
Modulated_autosave_20260715_171433_605ms,Ext. digitorum (R),R_The_ED_FD_FCR B,9,266.87847497965936,274.87847497965936,299.23828435223265,0.06881818919486972,0.06881818919486972,none,30.0,125,2,monophasic
Modulated_autosave_20260715_171433_605ms,Ext. digitorum (R),R_The_ED_FD_FCR B,10,300.23828435223265,308.23828435223265,332.59809372480953,0.0681467931657773,0.0681467931657773,none,30.0,125,2,monophasic
Modulated_autosave_20260715_171433_605ms,Flex. digitorum (R),R_The_ED_FD_FCR C,1,0.7942811753594015,8.794281175359401,32.359809372573324,,,none,30.0,30,2,monophasic
Modulated_autosave_20260715_171433_605ms,Flex. digitorum (R),R_The_ED_FD_FCR C,2,33.359809372573324,41.359809372573324,65.71961874514665,,,none,30.0,30,2,monophasic
Modulated_autosave_20260715_171433_605ms,Flex. digitorum (R),R_The_ED_FD_FCR C,3,66.71961874514665,74.71961874514665,99.07942811771997,,,none,30.0,30,2,monophasic
Modulated_autosave_20260715_171433_605ms,Flex. digitorum (R),R_The_ED_FD_FCR C,4,100.07942811771997,108.07942811771997,132.4392374902933,,,none,30.0,30,2,monophasic
Modulated_autosave_20260715_171433_605ms,Flex. digitorum (R),R_The_ED_FD_FCR C,5,133.4392374902933,141.4392374902933,165.79904686287017,,,none,30.0,30,2,monophasic
Modulated_autosave_20260715_171433_605ms,Flex. digitorum (R),R_The_ED_FD_FCR C,6,166.79904686287017,174.79904686287017,199.1588562354435,,,none,30.0,30,2,monophasic
Modulated_autosave_20260715_171433_605ms,Flex. digitorum (R),R_The_ED_FD_FCR C,7,200.1588562354435,208.1588562354435,232.51866560801682,,,none,30.0,30,2,monophasic
Modulated_autosave_20260715_171433_605ms,Flex. digitorum (R),R_The_ED_FD_FCR C,8,233.51866560801682,241.51866560801682,265.87847497965936,,,none,30.0,30,2,monophasic
Modulated_autosave_20260715_171433_605ms,Flex. digitorum (R),R_The_ED_FD_FCR C,9,266.87847497965936,274.87847497965936,299.23828435223265,,,none,30.0,30,2,monophasic
Modulated_autosave_20260715_171433_605ms,Flex. digitorum (R),R_The_ED_FD_FCR C,10,300.23828435223265,308.23828435223265,332.59809372480953,,,none,30.0,30,2,monophasic
Modulated_autosave_20260715_171433_605ms,Flex. digitorum (R),R_The_ED_FD_FCR C,1,0.7942811753594015,8.794281175359401,32.359809372573324,,,none,30.0,35,2,monophasic
Modulated_autosave_20260715_171433_605ms,Flex. digitorum (R),R_The_ED_FD_FCR C,2,33.359809372573324,41.359809372573324,65.71961874514665,,,none,30.0,35,2,monophasic
Modulated_autosave_20260715_171433_605ms,Flex. digitorum (R),R_The_ED_FD_FCR C,3,66.71961874514665,74.71961874514665,99.07942811771997,,,none,30.0,35,2,monophasic
Modulated_autosave_20260715_171433_605ms,Flex. digitorum (R),R_The_ED_FD_FCR C,4,100.07942811771997,108.07942811771997,132.4392374902933,,,none,30.0,35,2,monophasic
Modulated_autosave_20260715_171433_605ms,Flex. digitorum (R),R_The_ED_FD_FCR C,5,133.4392374902933,141.4392374902933,165.79904686287017,,,none,30.0,35,2,monophasic
Modulated_autosave_20260715_171433_605ms,Flex. digitorum (R),R_The_ED_FD_FCR C,6,166.79904686287017,174.79904686287017,199.1588562354435,,,none,30.0,35,2,monophasic
Modulated_autosave_20260715_171433_605ms,Flex. digitorum (R),R_The_ED_FD_FCR C,7,200.1588562354435,208.1588562354435,232.51866560801682,,,none,30.0,35,2,monophasic
Modulated_autosave_20260715_171433_605ms,Flex. digitorum (R),R_The_ED_FD_FCR C,8,233.51866560801682,241.51866560801682,265.87847497965936,,,none,30.0,35,2,monophasic
Modulated_autosave_20260715_171433_605ms,Flex. digitorum (R),R_The_ED_FD_FCR C,9,266.87847497965936,274.87847497965936,299.23828435223265,,,none,30.0,35,2,monophasic
Modulated_autosave_20260715_171433_605ms,Flex. digitorum (R),R_The_ED_FD_FCR C,10,300.23828435223265,308.23828435223265,332.59809372480953,,,none,30.0,35,2,monophasic
Modulated_autosave_20260715_171433_605ms,Flex. digitorum (R),R_The_ED_FD_FCR C,1,0.7942811753594015,8.794281175359401,32.359809372573324,,,none,30.0,40,2,monophasic
Modulated_autosave_20260715_171433_605ms,Flex. digitorum (R),R_The_ED_FD_FCR C,2,33.359809372573324,41.359809372573324,65.71961874514665,,,none,30.0,40,2,monophasic
Modulated_autosave_20260715_171433_605ms,Flex. digitorum (R),R_The_ED_FD_FCR C,3,66.71961874514665,74.71961874514665,99.07942811771997,,,none,30.0,40,2,monophasic
Modulated_autosave_20260715_171433_605ms,Flex. digitorum (R),R_The_ED_FD_FCR C,4,100.07942811771997,108.07942811771997,132.4392374902933,,,none,30.0,40,2,monophasic
Modulated_autosave_20260715_171433_605ms,Flex. digitorum (R),R_The_ED_FD_FCR C,5,133.4392374902933,141.4392374902933,165.79904686287017,,,none,30.0,40,2,monophasic
Modulated_autosave_20260715_171433_605ms,Flex. digitorum (R),R_The_ED_FD_FCR C,6,166.79904686287017,174.79904686287017,199.1588562354435,,,none,30.0,40,2,monophasic
Modulated_autosave_20260715_171433_605ms,Flex. digitorum (R),R_The_ED_FD_FCR C,7,200.1588562354435,208.1588562354435,232.51866560801682,,,none,30.0,40,2,monophasic
Modulated_autosave_20260715_171433_605ms,Flex. digitorum (R),R_The_ED_FD_FCR C,8,233.51866560801682,241.51866560801682,265.87847497965936,,,none,30.0,40,2,monophasic
Modulated_autosave_20260715_171433_605ms,Flex. digitorum (R),R_The_ED_FD_FCR C,9,266.87847497965936,274.87847497965936,299.23828435223265,,,none,30.0,40,2,monophasic
Modulated_autosave_20260715_171433_605ms,Flex. digitorum (R),R_The_ED_FD_FCR C,10,300.23828435223265,308.23828435223265,332.59809372480953,,,none,30.0,40,2,monophasic
Modulated_autosave_20260715_171433_605ms,Flex. digitorum (R),R_The_ED_FD_FCR C,1,0.7942811753594015,8.794281175359401,32.359809372573324,,,none,30.0,45,2,monophasic
Modulated_autosave_20260715_171433_605ms,Flex. digitorum (R),R_The_ED_FD_FCR C,2,33.359809372573324,41.359809372573324,65.71961874514665,,,none,30.0,45,2,monophasic
Modulated_autosave_20260715_171433_605ms,Flex. digitorum (R),R_The_ED_FD_FCR C,3,66.71961874514665,74.71961874514665,99.07942811771997,,,none,30.0,45,2,monophasic
Modulated_autosave_20260715_171433_605ms,Flex. digitorum (R),R_The_ED_FD_FCR C,4,100.07942811771997,108.07942811771997,132.4392374902933,,,none,30.0,45,2,monophasic
Modulated_autosave_20260715_171433_605ms,Flex. digitorum (R),R_The_ED_FD_FCR C,5,133.4392374902933,141.4392374902933,165.79904686287017,,,none,30.0,45,2,monophasic
Modulated_autosave_20260715_171433_605ms,Flex. digitorum (R),R_The_ED_FD_FCR C,6,166.79904686287017,174.79904686287017,199.1588562354435,,,none,30.0,45,2,monophasic
Modulated_autosave_20260715_171433_605ms,Flex. digitorum (R),R_The_ED_FD_FCR C,7,200.1588562354435,208.1588562354435,232.51866560801682,,,none,30.0,45,2,monophasic
Modulated_autosave_20260715_171433_605ms,Flex. digitorum (R),R_The_ED_FD_FCR C,8,233.51866560801682,241.51866560801682,265.87847497965936,,,none,30.0,45,2,monophasic
Modulated_autosave_20260715_171433_605ms,Flex. digitorum (R),R_The_ED_FD_FCR C,9,266.87847497965936,274.87847497965936,299.23828435223265,,,none,30.0,45,2,monophasic
Modulated_autosave_20260715_171433_605ms,Flex. digitorum (R),R_The_ED_FD_FCR C,10,300.23828435223265,308.23828435223265,332.59809372480953,,,none,30.0,45,2,monophasic
Modulated_autosave_20260715_171433_605ms,Flex. digitorum (R),R_The_ED_FD_FCR C,1,0.7942811753594015,8.794281175359401,32.359809372573324,,,none,30.0,50,2,monophasic
Modulated_autosave_20260715_171433_605ms,Flex. digitorum (R),R_The_ED_FD_FCR C,2,33.359809372573324,41.359809372573324,65.71961874514665,,,none,30.0,50,2,monophasic
Modulated_autosave_20260715_171433_605ms,Flex. digitorum (R),R_The_ED_FD_FCR C,3,66.71961874514665,74.71961874514665,99.07942811771997,,,none,30.0,50,2,monophasic
Modulated_autosave_20260715_171433_605ms,Flex. digitorum (R),R_The_ED_FD_FCR C,4,100.07942811771997,108.07942811771997,132.4392374902933,,,none,30.0,50,2,monophasic
Modulated_autosave_20260715_171433_605ms,Flex. digitorum (R),R_The_ED_FD_FCR C,5,133.4392374902933,141.4392374902933,165.79904686287017,,,none,30.0,50,2,monophasic
Modulated_autosave_20260715_171433_605ms,Flex. digitorum (R),R_The_ED_FD_FCR C,6,166.79904686287017,174.79904686287017,199.1588562354435,,,none,30.0,50,2,monophasic
Modulated_autosave_20260715_171433_605ms,Flex. digitorum (R),R_The_ED_FD_FCR C,7,200.1588562354435,208.1588562354435,232.51866560801682,,,none,30.0,50,2,monophasic
Modulated_autosave_20260715_171433_605ms,Flex. digitorum (R),R_The_ED_FD_FCR C,8,233.51866560801682,241.51866560801682,265.87847497965936,,,none,30.0,50,2,monophasic
Modulated_autosave_20260715_171433_605ms,Flex. digitorum (R),R_The_ED_FD_FCR C,9,266.87847497965936,274.87847497965936,299.23828435223265,,,none,30.0,50,2,monophasic
Modulated_autosave_20260715_171433_605ms,Flex. digitorum (R),R_The_ED_FD_FCR C,10,300.23828435223265,308.23828435223265,332.59809372480953,,,none,30.0,50,2,monophasic
Modulated_autosave_20260715_171433_605ms,Flex. digitorum (R),R_The_ED_FD_FCR C,1,0.7942811753594015,8.794281175359401,32.359809372573324,,,none,30.0,55,2,monophasic
Modulated_autosave_20260715_171433_605ms,Flex. digitorum (R),R_The_ED_FD_FCR C,2,33.359809372573324,41.359809372573324,65.71961874514665,,,none,30.0,55,2,monophasic
Modulated_autosave_20260715_171433_605ms,Flex. digitorum (R),R_The_ED_FD_FCR C,3,66.71961874514665,74.71961874514665,99.07942811771997,,,none,30.0,55,2,monophasic
Modulated_autosave_20260715_171433_605ms,Flex. digitorum (R),R_The_ED_FD_FCR C,4,100.07942811771997,108.07942811771997,132.4392374902933,,,none,30.0,55,2,monophasic
Modulated_autosave_20260715_171433_605ms,Flex. digitorum (R),R_The_ED_FD_FCR C,5,133.4392374902933,141.4392374902933,165.79904686287017,,,none,30.0,55,2,monophasic
Modulated_autosave_20260715_171433_605ms,Flex. digitorum (R),R_The_ED_FD_FCR C,6,166.79904686287017,174.79904686287017,199.1588562354435,,,none,30.0,55,2,monophasic
Modulated_autosave_20260715_171433_605ms,Flex. digitorum (R),R_The_ED_FD_FCR C,7,200.1588562354435,208.1588562354435,232.51866560801682,,,none,30.0,55,2,monophasic
Modulated_autosave_20260715_171433_605ms,Flex. digitorum (R),R_The_ED_FD_FCR C,8,233.51866560801682,241.51866560801682,265.87847497965936,,,none,30.0,55,2,monophasic
Modulated_autosave_20260715_171433_605ms,Flex. digitorum (R),R_The_ED_FD_FCR C,9,266.87847497965936,274.87847497965936,299.23828435223265,,,none,30.0,55,2,monophasic
Modulated_autosave_20260715_171433_605ms,Flex. digitorum (R),R_The_ED_FD_FCR C,10,300.23828435223265,308.23828435223265,332.59809372480953,,,none,30.0,55,2,monophasic
Modulated_autosave_20260715_171433_605ms,Flex. digitorum (R),R_The_ED_FD_FCR C,1,0.7942811753594015,8.794281175359401,32.359809372573324,,,none,30.0,60,2,monophasic
Modulated_autosave_20260715_171433_605ms,Flex. digitorum (R),R_The_ED_FD_FCR C,2,33.359809372573324,41.359809372573324,65.71961874514665,,,none,30.0,60,2,monophasic
Modulated_autosave_20260715_171433_605ms,Flex. digitorum (R),R_The_ED_FD_FCR C,3,66.71961874514665,74.71961874514665,99.07942811771997,,,none,30.0,60,2,monophasic
Modulated_autosave_20260715_171433_605ms,Flex. digitorum (R),R_The_ED_FD_FCR C,4,100.07942811771997,108.07942811771997,132.4392374902933,,,none,30.0,60,2,monophasic
Modulated_autosave_20260715_171433_605ms,Flex. digitorum (R),R_The_ED_FD_FCR C,5,133.4392374902933,141.4392374902933,165.79904686287017,,,none,30.0,60,2,monophasic
Modulated_autosave_20260715_171433_605ms,Flex. digitorum (R),R_The_ED_FD_FCR C,6,166.79904686287017,174.79904686287017,199.1588562354435,,,none,30.0,60,2,monophasic
Modulated_autosave_20260715_171433_605ms,Flex. digitorum (R),R_The_ED_FD_FCR C,7,200.1588562354435,208.1588562354435,232.51866560801682,,,none,30.0,60,2,monophasic
Modulated_autosave_20260715_171433_605ms,Flex. digitorum (R),R_The_ED_FD_FCR C,8,233.51866560801682,241.51866560801682,265.87847497965936,,,none,30.0,60,2,monophasic
Modulated_autosave_20260715_171433_605ms,Flex. digitorum (R),R_The_ED_FD_FCR C,9,266.87847497965936,274.87847497965936,299.23828435223265,,,none,30.0,60,2,monophasic
Modulated_autosave_20260715_171433_605ms,Flex. digitorum (R),R_The_ED_FD_FCR C,10,300.23828435223265,308.23828435223265,332.59809372480953,,,none,30.0,60,2,monophasic
Modulated_autosave_20260715_171433_605ms,Flex. digitorum (R),R_The_ED_FD_FCR C,1,0.7942811753594015,8.794281175359401,32.359809372573324,,,none,30.0,65,2,monophasic
Modulated_autosave_20260715_171433_605ms,Flex. digitorum (R),R_The_ED_FD_FCR C,2,33.359809372573324,41.359809372573324,65.71961874514665,,,none,30.0,65,2,monophasic
Modulated_autosave_20260715_171433_605ms,Flex. digitorum (R),R_The_ED_FD_FCR C,3,66.71961874514665,74.71961874514665,99.07942811771997,,,none,30.0,65,2,monophasic
Modulated_autosave_20260715_171433_605ms,Flex. digitorum (R),R_The_ED_FD_FCR C,4,100.07942811771997,108.07942811771997,132.4392374902933,,,none,30.0,65,2,monophasic
Modulated_autosave_20260715_171433_605ms,Flex. digitorum (R),R_The_ED_FD_FCR C,5,133.4392374902933,141.4392374902933,165.79904686287017,,,none,30.0,65,2,monophasic
Modulated_autosave_20260715_171433_605ms,Flex. digitorum (R),R_The_ED_FD_FCR C,6,166.79904686287017,174.79904686287017,199.1588562354435,,,none,30.0,65,2,monophasic
Modulated_autosave_20260715_171433_605ms,Flex. digitorum (R),R_The_ED_FD_FCR C,7,200.1588562354435,208.1588562354435,232.51866560801682,,,none,30.0,65,2,monophasic
Modulated_autosave_20260715_171433_605ms,Flex. digitorum (R),R_The_ED_FD_FCR C,8,233.51866560801682,241.51866560801682,265.87847497965936,,,none,30.0,65,2,monophasic
Modulated_autosave_20260715_171433_605ms,Flex. digitorum (R),R_The_ED_FD_FCR C,9,266.87847497965936,274.87847497965936,299.23828435223265,,,none,30.0,65,2,monophasic
Modulated_autosave_20260715_171433_605ms,Flex. digitorum (R),R_The_ED_FD_FCR C,10,300.23828435223265,308.23828435223265,332.59809372480953,,,none,30.0,65,2,monophasic
Modulated_autosave_20260715_171433_605ms,Flex. digitorum (R),R_The_ED_FD_FCR C,1,0.7942811753594015,8.794281175359401,32.359809372573324,,,none,30.0,70,2,monophasic
Modulated_autosave_20260715_171433_605ms,Flex. digitorum (R),R_The_ED_FD_FCR C,2,33.359809372573324,41.359809372573324,65.71961874514665,,,none,30.0,70,2,monophasic
Modulated_autosave_20260715_171433_605ms,Flex. digitorum (R),R_The_ED_FD_FCR C,3,66.71961874514665,74.71961874514665,99.07942811771997,,,none,30.0,70,2,monophasic
Modulated_autosave_20260715_171433_605ms,Flex. digitorum (R),R_The_ED_FD_FCR C,4,100.07942811771997,108.07942811771997,132.4392374902933,,,none,30.0,70,2,monophasic
Modulated_autosave_20260715_171433_605ms,Flex. digitorum (R),R_The_ED_FD_FCR C,5,133.4392374902933,141.4392374902933,165.79904686287017,,,none,30.0,70,2,monophasic
Modulated_autosave_20260715_171433_605ms,Flex. digitorum (R),R_The_ED_FD_FCR C,6,166.79904686287017,174.79904686287017,199.1588562354435,,,none,30.0,70,2,monophasic
Modulated_autosave_20260715_171433_605ms,Flex. digitorum (R),R_The_ED_FD_FCR C,7,200.1588562354435,208.1588562354435,232.51866560801682,,,none,30.0,70,2,monophasic
Modulated_autosave_20260715_171433_605ms,Flex. digitorum (R),R_The_ED_FD_FCR C,8,233.51866560801682,241.51866560801682,265.87847497965936,,,none,30.0,70,2,monophasic
Modulated_autosave_20260715_171433_605ms,Flex. digitorum (R),R_The_ED_FD_FCR C,9,266.87847497965936,274.87847497965936,299.23828435223265,,,none,30.0,70,2,monophasic
Modulated_autosave_20260715_171433_605ms,Flex. digitorum (R),R_The_ED_FD_FCR C,10,300.23828435223265,308.23828435223265,332.59809372480953,,,none,30.0,70,2,monophasic
Modulated_autosave_20260715_171433_605ms,Flex. digitorum (R),R_The_ED_FD_FCR C,1,0.7942811753594015,8.794281175359401,32.359809372573324,,,none,30.0,75,2,monophasic
Modulated_autosave_20260715_171433_605ms,Flex. digitorum (R),R_The_ED_FD_FCR C,2,33.359809372573324,41.359809372573324,65.71961874514665,,,none,30.0,75,2,monophasic
Modulated_autosave_20260715_171433_605ms,Flex. digitorum (R),R_The_ED_FD_FCR C,3,66.71961874514665,74.71961874514665,99.07942811771997,,,none,30.0,75,2,monophasic
Modulated_autosave_20260715_171433_605ms,Flex. digitorum (R),R_The_ED_FD_FCR C,4,100.07942811771997,108.07942811771997,132.4392374902933,,,none,30.0,75,2,monophasic
Modulated_autosave_20260715_171433_605ms,Flex. digitorum (R),R_The_ED_FD_FCR C,5,133.4392374902933,141.4392374902933,165.79904686287017,,,none,30.0,75,2,monophasic
Modulated_autosave_20260715_171433_605ms,Flex. digitorum (R),R_The_ED_FD_FCR C,6,166.79904686287017,174.79904686287017,199.1588562354435,,,none,30.0,75,2,monophasic
Modulated_autosave_20260715_171433_605ms,Flex. digitorum (R),R_The_ED_FD_FCR C,7,200.1588562354435,208.1588562354435,232.51866560801682,,,none,30.0,75,2,monophasic
Modulated_autosave_20260715_171433_605ms,Flex. digitorum (R),R_The_ED_FD_FCR C,8,233.51866560801682,241.51866560801682,265.87847497965936,,,none,30.0,75,2,monophasic
Modulated_autosave_20260715_171433_605ms,Flex. digitorum (R),R_The_ED_FD_FCR C,9,266.87847497965936,274.87847497965936,299.23828435223265,,,none,30.0,75,2,monophasic
Modulated_autosave_20260715_171433_605ms,Flex. digitorum (R),R_The_ED_FD_FCR C,10,300.23828435223265,308.23828435223265,332.59809372480953,,,none,30.0,75,2,monophasic
Modulated_autosave_20260715_171433_605ms,Flex. digitorum (R),R_The_ED_FD_FCR C,1,0.7942811753594015,8.794281175359401,32.359809372573324,,,none,30.0,80,2,monophasic
Modulated_autosave_20260715_171433_605ms,Flex. digitorum (R),R_The_ED_FD_FCR C,2,33.359809372573324,41.359809372573324,65.71961874514665,,,none,30.0,80,2,monophasic
Modulated_autosave_20260715_171433_605ms,Flex. digitorum (R),R_The_ED_FD_FCR C,3,66.71961874514665,74.71961874514665,99.07942811771997,,,none,30.0,80,2,monophasic
Modulated_autosave_20260715_171433_605ms,Flex. digitorum (R),R_The_ED_FD_FCR C,4,100.07942811771997,108.07942811771997,132.4392374902933,,,none,30.0,80,2,monophasic
Modulated_autosave_20260715_171433_605ms,Flex. digitorum (R),R_The_ED_FD_FCR C,5,133.4392374902933,141.4392374902933,165.79904686287017,,,none,30.0,80,2,monophasic
Modulated_autosave_20260715_171433_605ms,Flex. digitorum (R),R_The_ED_FD_FCR C,6,166.79904686287017,174.79904686287017,199.1588562354435,,,none,30.0,80,2,monophasic
Modulated_autosave_20260715_171433_605ms,Flex. digitorum (R),R_The_ED_FD_FCR C,7,200.1588562354435,208.1588562354435,232.51866560801682,,,none,30.0,80,2,monophasic
Modulated_autosave_20260715_171433_605ms,Flex. digitorum (R),R_The_ED_FD_FCR C,8,233.51866560801682,241.51866560801682,265.87847497965936,,,none,30.0,80,2,monophasic
Modulated_autosave_20260715_171433_605ms,Flex. digitorum (R),R_The_ED_FD_FCR C,9,266.87847497965936,274.87847497965936,299.23828435223265,,,none,30.0,80,2,monophasic
Modulated_autosave_20260715_171433_605ms,Flex. digitorum (R),R_The_ED_FD_FCR C,10,300.23828435223265,308.23828435223265,332.59809372480953,,,none,30.0,80,2,monophasic
Modulated_autosave_20260715_171433_605ms,Flex. digitorum (R),R_The_ED_FD_FCR C,1,0.7942811753594015,8.794281175359401,32.359809372573324,,,none,30.0,85,2,monophasic
Modulated_autosave_20260715_171433_605ms,Flex. digitorum (R),R_The_ED_FD_FCR C,2,33.359809372573324,41.359809372573324,65.71961874514665,,,none,30.0,85,2,monophasic
Modulated_autosave_20260715_171433_605ms,Flex. digitorum (R),R_The_ED_FD_FCR C,3,66.71961874514665,74.71961874514665,99.07942811771997,,,none,30.0,85,2,monophasic
Modulated_autosave_20260715_171433_605ms,Flex. digitorum (R),R_The_ED_FD_FCR C,4,100.07942811771997,108.07942811771997,132.4392374902933,,,none,30.0,85,2,monophasic
Modulated_autosave_20260715_171433_605ms,Flex. digitorum (R),R_The_ED_FD_FCR C,5,133.4392374902933,141.4392374902933,165.79904686287017,,,none,30.0,85,2,monophasic
Modulated_autosave_20260715_171433_605ms,Flex. digitorum (R),R_The_ED_FD_FCR C,6,166.79904686287017,174.79904686287017,199.1588562354435,,,none,30.0,85,2,monophasic
Modulated_autosave_20260715_171433_605ms,Flex. digitorum (R),R_The_ED_FD_FCR C,7,200.1588562354435,208.1588562354435,232.51866560801682,,,none,30.0,85,2,monophasic
Modulated_autosave_20260715_171433_605ms,Flex. digitorum (R),R_The_ED_FD_FCR C,8,233.51866560801682,241.51866560801682,265.87847497965936,,,none,30.0,85,2,monophasic
Modulated_autosave_20260715_171433_605ms,Flex. digitorum (R),R_The_ED_FD_FCR C,9,266.87847497965936,274.87847497965936,299.23828435223265,,,none,30.0,85,2,monophasic
Modulated_autosave_20260715_171433_605ms,Flex. digitorum (R),R_The_ED_FD_FCR C,10,300.23828435223265,308.23828435223265,332.59809372480953,,,none,30.0,85,2,monophasic
Modulated_autosave_20260715_171433_605ms,Flex. digitorum (R),R_The_ED_FD_FCR C,1,0.7942811753594015,8.794281175359401,32.359809372573324,,,none,30.0,90,2,monophasic
Modulated_autosave_20260715_171433_605ms,Flex. digitorum (R),R_The_ED_FD_FCR C,2,33.359809372573324,41.359809372573324,65.71961874514665,,,none,30.0,90,2,monophasic
Modulated_autosave_20260715_171433_605ms,Flex. digitorum (R),R_The_ED_FD_FCR C,3,66.71961874514665,74.71961874514665,99.07942811771997,,,none,30.0,90,2,monophasic
Modulated_autosave_20260715_171433_605ms,Flex. digitorum (R),R_The_ED_FD_FCR C,4,100.07942811771997,108.07942811771997,132.4392374902933,,,none,30.0,90,2,monophasic
Modulated_autosave_20260715_171433_605ms,Flex. digitorum (R),R_The_ED_FD_FCR C,5,133.4392374902933,141.4392374902933,165.79904686287017,,,none,30.0,90,2,monophasic
Modulated_autosave_20260715_171433_605ms,Flex. digitorum (R),R_The_ED_FD_FCR C,6,166.79904686287017,174.79904686287017,199.1588562354435,,,none,30.0,90,2,monophasic
Modulated_autosave_20260715_171433_605ms,Flex. digitorum (R),R_The_ED_FD_FCR C,7,200.1588562354435,208.1588562354435,232.51866560801682,,,none,30.0,90,2,monophasic
Modulated_autosave_20260715_171433_605ms,Flex. digitorum (R),R_The_ED_FD_FCR C,8,233.51866560801682,241.51866560801682,265.87847497965936,,,none,30.0,90,2,monophasic
Modulated_autosave_20260715_171433_605ms,Flex. digitorum (R),R_The_ED_FD_FCR C,9,266.87847497965936,274.87847497965936,299.23828435223265,,,none,30.0,90,2,monophasic
Modulated_autosave_20260715_171433_605ms,Flex. digitorum (R),R_The_ED_FD_FCR C,10,300.23828435223265,308.23828435223265,332.59809372480953,,,none,30.0,90,2,monophasic
Modulated_autosave_20260715_171433_605ms,Flex. digitorum (R),R_The_ED_FD_FCR C,1,0.7942811753594015,8.794281175359401,32.359809372573324,,,none,30.0,95,2,monophasic
Modulated_autosave_20260715_171433_605ms,Flex. digitorum (R),R_The_ED_FD_FCR C,2,33.359809372573324,41.359809372573324,65.71961874514665,,,none,30.0,95,2,monophasic
Modulated_autosave_20260715_171433_605ms,Flex. digitorum (R),R_The_ED_FD_FCR C,3,66.71961874514665,74.71961874514665,99.07942811771997,,,none,30.0,95,2,monophasic
Modulated_autosave_20260715_171433_605ms,Flex. digitorum (R),R_The_ED_FD_FCR C,4,100.07942811771997,108.07942811771997,132.4392374902933,,,none,30.0,95,2,monophasic
Modulated_autosave_20260715_171433_605ms,Flex. digitorum (R),R_The_ED_FD_FCR C,5,133.4392374902933,141.4392374902933,165.79904686287017,,,none,30.0,95,2,monophasic
Modulated_autosave_20260715_171433_605ms,Flex. digitorum (R),R_The_ED_FD_FCR C,6,166.79904686287017,174.79904686287017,199.1588562354435,,,none,30.0,95,2,monophasic
Modulated_autosave_20260715_171433_605ms,Flex. digitorum (R),R_The_ED_FD_FCR C,7,200.1588562354435,208.1588562354435,232.51866560801682,,,none,30.0,95,2,monophasic
Modulated_autosave_20260715_171433_605ms,Flex. digitorum (R),R_The_ED_FD_FCR C,8,233.51866560801682,241.51866560801682,265.87847497965936,,,none,30.0,95,2,monophasic
Modulated_autosave_20260715_171433_605ms,Flex. digitorum (R),R_The_ED_FD_FCR C,9,266.87847497965936,274.87847497965936,299.23828435223265,,,none,30.0,95,2,monophasic
Modulated_autosave_20260715_171433_605ms,Flex. digitorum (R),R_The_ED_FD_FCR C,10,300.23828435223265,308.23828435223265,332.59809372480953,,,none,30.0,95,2,monophasic
Modulated_autosave_20260715_171433_605ms,Flex. digitorum (R),R_The_ED_FD_FCR C,1,0.7942811753594015,8.794281175359401,32.359809372573324,,,none,30.0,100,2,monophasic
Modulated_autosave_20260715_171433_605ms,Flex. digitorum (R),R_The_ED_FD_FCR C,2,33.359809372573324,41.359809372573324,65.71961874514665,,,none,30.0,100,2,monophasic
Modulated_autosave_20260715_171433_605ms,Flex. digitorum (R),R_The_ED_FD_FCR C,3,66.71961874514665,74.71961874514665,99.07942811771997,,,none,30.0,100,2,monophasic
Modulated_autosave_20260715_171433_605ms,Flex. digitorum (R),R_The_ED_FD_FCR C,4,100.07942811771997,108.07942811771997,132.4392374902933,,,none,30.0,100,2,monophasic
Modulated_autosave_20260715_171433_605ms,Flex. digitorum (R),R_The_ED_FD_FCR C,5,133.4392374902933,141.4392374902933,165.79904686287017,,,none,30.0,100,2,monophasic
Modulated_autosave_20260715_171433_605ms,Flex. digitorum (R),R_The_ED_FD_FCR C,6,166.79904686287017,174.79904686287017,199.1588562354435,,,none,30.0,100,2,monophasic
Modulated_autosave_20260715_171433_605ms,Flex. digitorum (R),R_The_ED_FD_FCR C,7,200.1588562354435,208.1588562354435,232.51866560801682,,,none,30.0,100,2,monophasic
Modulated_autosave_20260715_171433_605ms,Flex. digitorum (R),R_The_ED_FD_FCR C,8,233.51866560801682,241.51866560801682,265.87847497965936,,,none,30.0,100,2,monophasic
Modulated_autosave_20260715_171433_605ms,Flex. digitorum (R),R_The_ED_FD_FCR C,9,266.87847497965936,274.87847497965936,299.23828435223265,,,none,30.0,100,2,monophasic
Modulated_autosave_20260715_171433_605ms,Flex. digitorum (R),R_The_ED_FD_FCR C,10,300.23828435223265,308.23828435223265,332.59809372480953,,,none,30.0,100,2,monophasic
Modulated_autosave_20260715_171433_605ms,Flex. digitorum (R),R_The_ED_FD_FCR C,1,0.7942811753594015,8.794281175359401,32.359809372573324,0.054718853207305074,0.054718853207305074,none,30.0,105,2,monophasic
Modulated_autosave_20260715_171433_605ms,Flex. digitorum (R),R_The_ED_FD_FCR C,2,33.359809372573324,41.359809372573324,65.71961874514665,0.07150377705693245,0.07150377705693245,none,30.0,105,2,monophasic
Modulated_autosave_20260715_171433_605ms,Flex. digitorum (R),R_The_ED_FD_FCR C,3,66.71961874514665,74.71961874514665,99.07942811771997,0.0010070949737620485,0.0010070949737620485,none,30.0,105,2,monophasic
Modulated_autosave_20260715_171433_605ms,Flex. digitorum (R),R_The_ED_FD_FCR C,4,100.07942811771997,108.07942811771997,132.4392374902933,0.060425725765488755,0.060425725765488755,none,30.0,105,2,monophasic
Modulated_autosave_20260715_171433_605ms,Flex. digitorum (R),R_The_ED_FD_FCR C,5,133.4392374902933,141.4392374902933,165.79904686287017,0.06311131267833975,0.06311131267833975,none,30.0,105,2,monophasic
Modulated_autosave_20260715_171433_605ms,Flex. digitorum (R),R_The_ED_FD_FCR C,6,166.79904686287017,174.79904686287017,199.1588562354435,0.006881818179053176,0.006881818179053176,none,30.0,105,2,monophasic
Modulated_autosave_20260715_171433_605ms,Flex. digitorum (R),R_The_ED_FD_FCR C,7,200.1588562354435,208.1588562354435,232.51866560801682,0.0065461210906505585,0.0065461210906505585,none,30.0,105,2,monophasic
Modulated_autosave_20260715_171433_605ms,Flex. digitorum (R),R_The_ED_FD_FCR C,8,233.51866560801682,241.51866560801682,265.87847497965936,0.057740140704727126,0.057740140704727126,none,30.0,105,2,monophasic
Modulated_autosave_20260715_171433_605ms,Flex. digitorum (R),R_The_ED_FD_FCR C,9,266.87847497965936,274.87847497965936,299.23828435223265,0.010406652473755659,0.010406652473755659,none,30.0,105,2,monophasic
Modulated_autosave_20260715_171433_605ms,Flex. digitorum (R),R_The_ED_FD_FCR C,10,300.23828435223265,308.23828435223265,332.59809372480953,0.0634470125659401,0.0634470125659401,none,30.0,105,2,monophasic
Modulated_autosave_20260715_171433_605ms,Flex. digitorum (R),R_The_ED_FD_FCR C,1,0.7942811753594015,8.794281175359401,32.359809372573324,0.06680399924516678,0.06680399924516678,none,30.0,110,2,monophasic
Modulated_autosave_20260715_171433_605ms,Flex. digitorum (R),R_The_ED_FD_FCR C,2,33.359809372573324,41.359809372573324,65.71961874514665,0.04196231113746762,0.04196231113746762,none,30.0,110,2,monophasic
Modulated_autosave_20260715_171433_605ms,Flex. digitorum (R),R_The_ED_FD_FCR C,3,66.71961874514665,74.71961874514665,99.07942811771997,0.0540474543813526,0.0540474543813526,none,30.0,110,2,monophasic
Modulated_autosave_20260715_171433_605ms,Flex. digitorum (R),R_The_ED_FD_FCR C,4,100.07942811771997,108.07942811771997,132.4392374902933,0.06982528418282416,0.06982528418282416,none,30.0,110,2,monophasic
Modulated_autosave_20260715_171433_605ms,Flex. digitorum (R),R_The_ED_FD_FCR C,5,133.4392374902933,141.4392374902933,165.79904686287017,0.0500190723611688,0.0500190723611688,none,30.0,110,2,monophasic
Modulated_autosave_20260715_171433_605ms,Flex. digitorum (R),R_The_ED_FD_FCR C,6,166.79904686287017,174.79904686287017,199.1588562354435,0.0681467931485527,0.0681467931485527,none,30.0,110,2,monophasic
Modulated_autosave_20260715_171433_605ms,Flex. digitorum (R),R_The_ED_FD_FCR C,7,200.1588562354435,208.1588562354435,232.51866560801682,0.02098115487023062,0.02098115487023062,none,30.0,110,2,monophasic
Modulated_autosave_20260715_171433_605ms,Flex. digitorum (R),R_The_ED_FD_FCR C,8,233.51866560801682,241.51866560801682,265.87847497965936,0.051194017739826056,0.051194017739826056,none,30.0,110,2,monophasic
Modulated_autosave_20260715_171433_605ms,Flex. digitorum (R),R_The_ED_FD_FCR C,9,266.87847497965936,274.87847497965936,299.23828435223265,0.06143282074479012,0.06143282074479012,none,30.0,110,2,monophasic
Modulated_autosave_20260715_171433_605ms,Flex. digitorum (R),R_The_ED_FD_FCR C,10,300.23828435223265,308.23828435223265,332.59809372480953,0.028198671756466787,0.028198671756466787,none,30.0,110,2,monophasic
Modulated_autosave_20260715_171433_605ms,Flex. digitorum (R),R_The_ED_FD_FCR C,1,0.7942811753594015,8.794281175359401,32.359809372573324,0.6326237767934799,0.6326237767934799,none,30.0,115,2,monophasic
Modulated_autosave_20260715_171433_605ms,Flex. digitorum (R),R_The_ED_FD_FCR C,2,33.359809372573324,41.359809372573324,65.71961874514665,0.062104218632352146,0.062104218632352146,none,30.0,115,2,monophasic
Modulated_autosave_20260715_171433_605ms,Flex. digitorum (R),R_The_ED_FD_FCR C,3,66.71961874514665,74.71961874514665,99.07942811771997,0.08224613030343568,0.08224613030343568,none,30.0,115,2,monophasic
Modulated_autosave_20260715_171433_605ms,Flex. digitorum (R),R_The_ED_FD_FCR C,4,100.07942811771997,108.07942811771997,132.4392374902933,0.06243991662945672,0.06243991662945672,none,30.0,115,2,monophasic
Modulated_autosave_20260715_171433_605ms,Flex. digitorum (R),R_The_ED_FD_FCR C,5,133.4392374902933,141.4392374902933,165.79904686287017,0.05908293275608976,0.05908293275608976,none,30.0,115,2,monophasic
Modulated_autosave_20260715_171433_605ms,Flex. digitorum (R),R_The_ED_FD_FCR C,6,166.79904686287017,174.79904686287017,199.1588562354435,0.11850156629774418,0.11850156629774418,none,30.0,115,2,monophasic
Modulated_autosave_20260715_171433_605ms,Flex. digitorum (R),R_The_ED_FD_FCR C,7,200.1588562354435,208.1588562354435,232.51866560801682,0.06646830213256993,0.06646830213256993,none,30.0,115,2,monophasic
Modulated_autosave_20260715_171433_605ms,Flex. digitorum (R),R_The_ED_FD_FCR C,8,233.51866560801682,241.51866560801682,265.87847497965936,0.06210421769040772,0.06210421769040772,none,30.0,115,2,monophasic
Modulated_autosave_20260715_171433_605ms,Flex. digitorum (R),R_The_ED_FD_FCR C,9,266.87847497965936,274.87847497965936,299.23828435223265,0.08090333454310843,0.08090333454310843,none,30.0,115,2,monophasic
Modulated_autosave_20260715_171433_605ms,Flex. digitorum (R),R_The_ED_FD_FCR C,10,300.23828435223265,308.23828435223265,332.59809372480953,0.07385366410013972,0.07385366410013972,none,30.0,115,2,monophasic
Modulated_autosave_20260715_171433_605ms,Flex. digitorum (R),R_The_ED_FD_FCR C,1,0.7942811753594015,8.794281175359401,32.359809372573324,0.8978255689144135,0.8978255689144135,none,30.0,120,2,monophasic
Modulated_autosave_20260715_171433_605ms,Flex. digitorum (R),R_The_ED_FD_FCR C,2,33.359809372573324,41.359809372573324,65.71961874514665,0.8567025065422058,0.8567025065422058,none,30.0,120,2,monophasic
Modulated_autosave_20260715_171433_605ms,Flex. digitorum (R),R_The_ED_FD_FCR C,3,66.71961874514665,74.71961874514665,99.07942811771997,0.033401998223435814,0.033401998223435814,none,30.0,120,2,monophasic
Modulated_autosave_20260715_171433_605ms,Flex. digitorum (R),R_The_ED_FD_FCR C,4,100.07942811771997,108.07942811771997,132.4392374902933,0.9231708347765261,0.9231708347765261,none,30.0,120,2,monophasic
Modulated_autosave_20260715_171433_605ms,Flex. digitorum (R),R_The_ED_FD_FCR C,5,133.4392374902933,141.4392374902933,165.79904686287017,0.03826962595858822,0.03826962595858822,none,30.0,120,2,monophasic
Modulated_autosave_20260715_171433_605ms,Flex. digitorum (R),R_The_ED_FD_FCR C,6,166.79904686287017,174.79904686287017,199.1588562354435,0.034576944531351045,0.034576944531351045,none,30.0,120,2,monophasic
Modulated_autosave_20260715_171433_605ms,Flex. digitorum (R),R_The_ED_FD_FCR C,7,200.1588562354435,208.1588562354435,232.51866560801682,0.056733041993856204,0.056733041993856204,none,30.0,120,2,monophasic
Modulated_autosave_20260715_171433_605ms,Flex. digitorum (R),R_The_ED_FD_FCR C,8,233.51866560801682,241.51866560801682,265.87847497965936,0.040955213831251905,0.040955213831251905,none,30.0,120,2,monophasic
Modulated_autosave_20260715_171433_605ms,Flex. digitorum (R),R_The_ED_FD_FCR C,9,266.87847497965936,274.87847497965936,299.23828435223265,0.03692683298140738,0.03692683298140738,none,30.0,120,2,monophasic
Modulated_autosave_20260715_171433_605ms,Flex. digitorum (R),R_The_ED_FD_FCR C,10,300.23828435223265,308.23828435223265,332.59809372480953,0.05706874188035676,0.05706874188035676,none,30.0,120,2,monophasic
Modulated_autosave_20260715_171433_605ms,Flex. digitorum (R),R_The_ED_FD_FCR C,1,0.7942811753594015,8.794281175359401,32.359809372573324,1.1571526527404785,1.1571526527404785,none,30.0,125,2,monophasic
Modulated_autosave_20260715_171433_605ms,Flex. digitorum (R),R_The_ED_FD_FCR C,2,33.359809372573324,41.359809372573324,65.71961874514665,1.2142214179039001,1.2142214179039001,none,30.0,125,2,monophasic
Modulated_autosave_20260715_171433_605ms,Flex. digitorum (R),R_The_ED_FD_FCR C,3,66.71961874514665,74.71961874514665,99.07942811771997,0.7606927749438078,0.7606927749438078,none,30.0,125,2,monophasic
Modulated_autosave_20260715_171433_605ms,Flex. digitorum (R),R_The_ED_FD_FCR C,4,100.07942811771997,108.07942811771997,132.4392374902933,0.7882200476115014,0.7882200476115014,none,30.0,125,2,monophasic
Modulated_autosave_20260715_171433_605ms,Flex. digitorum (R),R_The_ED_FD_FCR C,5,133.4392374902933,141.4392374902933,165.79904686287017,0.8640878796552873,0.8640878796552873,none,30.0,125,2,monophasic
Modulated_autosave_20260715_171433_605ms,Flex. digitorum (R),R_The_ED_FD_FCR C,6,166.79904686287017,174.79904686287017,199.1588562354435,0.047501334896134624,0.047501334896134624,none,30.0,125,2,monophasic
Modulated_autosave_20260715_171433_605ms,Flex. digitorum (R),R_The_ED_FD_FCR C,7,200.1588562354435,208.1588562354435,232.51866560801682,0.0444800471802411,0.0444800471802411,none,30.0,125,2,monophasic
Modulated_autosave_20260715_171433_605ms,Flex. digitorum (R),R_The_ED_FD_FCR C,8,233.51866560801682,241.51866560801682,265.87847497965936,0.8526741562891327,0.8526741562891327,none,30.0,125,2,monophasic
Modulated_autosave_20260715_171433_605ms,Flex. digitorum (R),R_The_ED_FD_FCR C,9,266.87847497965936,274.87847497965936,299.23828435223265,0.7274586260318487,0.7274586260318487,none,30.0,125,2,monophasic
Modulated_autosave_20260715_171433_605ms,Flex. digitorum (R),R_The_ED_FD_FCR C,10,300.23828435223265,308.23828435223265,332.59809372480953,0.04296940541548864,0.04296940541548864,none,30.0,125,2,monophasic
Modulated_autosave_20260715_171433_605ms,Flex. carpi rad. (R),R_The_ED_FD_FCR D,1,0.7942811753594015,8.794281175359401,32.359809372573324,,,none,30.0,30,2,monophasic
Modulated_autosave_20260715_171433_605ms,Flex. carpi rad. (R),R_The_ED_FD_FCR D,2,33.359809372573324,41.359809372573324,65.71961874514665,,,none,30.0,30,2,monophasic
Modulated_autosave_20260715_171433_605ms,Flex. carpi rad. (R),R_The_ED_FD_FCR D,3,66.71961874514665,74.71961874514665,99.07942811771997,,,none,30.0,30,2,monophasic
Modulated_autosave_20260715_171433_605ms,Flex. carpi rad. (R),R_The_ED_FD_FCR D,4,100.07942811771997,108.07942811771997,132.4392374902933,,,none,30.0,30,2,monophasic
Modulated_autosave_20260715_171433_605ms,Flex. carpi rad. (R),R_The_ED_FD_FCR D,5,133.4392374902933,141.4392374902933,165.79904686287017,,,none,30.0,30,2,monophasic
Modulated_autosave_20260715_171433_605ms,Flex. carpi rad. (R),R_The_ED_FD_FCR D,6,166.79904686287017,174.79904686287017,199.1588562354435,,,none,30.0,30,2,monophasic
Modulated_autosave_20260715_171433_605ms,Flex. carpi rad. (R),R_The_ED_FD_FCR D,7,200.1588562354435,208.1588562354435,232.51866560801682,,,none,30.0,30,2,monophasic
Modulated_autosave_20260715_171433_605ms,Flex. carpi rad. (R),R_The_ED_FD_FCR D,8,233.51866560801682,241.51866560801682,265.87847497965936,,,none,30.0,30,2,monophasic
Modulated_autosave_20260715_171433_605ms,Flex. carpi rad. (R),R_The_ED_FD_FCR D,9,266.87847497965936,274.87847497965936,299.23828435223265,,,none,30.0,30,2,monophasic
Modulated_autosave_20260715_171433_605ms,Flex. carpi rad. (R),R_The_ED_FD_FCR D,10,300.23828435223265,308.23828435223265,332.59809372480953,,,none,30.0,30,2,monophasic
Modulated_autosave_20260715_171433_605ms,Flex. carpi rad. (R),R_The_ED_FD_FCR D,1,0.7942811753594015,8.794281175359401,32.359809372573324,,,none,30.0,35,2,monophasic
Modulated_autosave_20260715_171433_605ms,Flex. carpi rad. (R),R_The_ED_FD_FCR D,2,33.359809372573324,41.359809372573324,65.71961874514665,,,none,30.0,35,2,monophasic
Modulated_autosave_20260715_171433_605ms,Flex. carpi rad. (R),R_The_ED_FD_FCR D,3,66.71961874514665,74.71961874514665,99.07942811771997,,,none,30.0,35,2,monophasic
Modulated_autosave_20260715_171433_605ms,Flex. carpi rad. (R),R_The_ED_FD_FCR D,4,100.07942811771997,108.07942811771997,132.4392374902933,,,none,30.0,35,2,monophasic
Modulated_autosave_20260715_171433_605ms,Flex. carpi rad. (R),R_The_ED_FD_FCR D,5,133.4392374902933,141.4392374902933,165.79904686287017,,,none,30.0,35,2,monophasic
Modulated_autosave_20260715_171433_605ms,Flex. carpi rad. (R),R_The_ED_FD_FCR D,6,166.79904686287017,174.79904686287017,199.1588562354435,,,none,30.0,35,2,monophasic
Modulated_autosave_20260715_171433_605ms,Flex. carpi rad. (R),R_The_ED_FD_FCR D,7,200.1588562354435,208.1588562354435,232.51866560801682,,,none,30.0,35,2,monophasic
Modulated_autosave_20260715_171433_605ms,Flex. carpi rad. (R),R_The_ED_FD_FCR D,8,233.51866560801682,241.51866560801682,265.87847497965936,,,none,30.0,35,2,monophasic
Modulated_autosave_20260715_171433_605ms,Flex. carpi rad. (R),R_The_ED_FD_FCR D,9,266.87847497965936,274.87847497965936,299.23828435223265,,,none,30.0,35,2,monophasic
Modulated_autosave_20260715_171433_605ms,Flex. carpi rad. (R),R_The_ED_FD_FCR D,10,300.23828435223265,308.23828435223265,332.59809372480953,,,none,30.0,35,2,monophasic
Modulated_autosave_20260715_171433_605ms,Flex. carpi rad. (R),R_The_ED_FD_FCR D,1,0.7942811753594015,8.794281175359401,32.359809372573324,,,none,30.0,40,2,monophasic
Modulated_autosave_20260715_171433_605ms,Flex. carpi rad. (R),R_The_ED_FD_FCR D,2,33.359809372573324,41.359809372573324,65.71961874514665,,,none,30.0,40,2,monophasic
Modulated_autosave_20260715_171433_605ms,Flex. carpi rad. (R),R_The_ED_FD_FCR D,3,66.71961874514665,74.71961874514665,99.07942811771997,,,none,30.0,40,2,monophasic
Modulated_autosave_20260715_171433_605ms,Flex. carpi rad. (R),R_The_ED_FD_FCR D,4,100.07942811771997,108.07942811771997,132.4392374902933,,,none,30.0,40,2,monophasic
Modulated_autosave_20260715_171433_605ms,Flex. carpi rad. (R),R_The_ED_FD_FCR D,5,133.4392374902933,141.4392374902933,165.79904686287017,,,none,30.0,40,2,monophasic
Modulated_autosave_20260715_171433_605ms,Flex. carpi rad. (R),R_The_ED_FD_FCR D,6,166.79904686287017,174.79904686287017,199.1588562354435,,,none,30.0,40,2,monophasic
Modulated_autosave_20260715_171433_605ms,Flex. carpi rad. (R),R_The_ED_FD_FCR D,7,200.1588562354435,208.1588562354435,232.51866560801682,,,none,30.0,40,2,monophasic
Modulated_autosave_20260715_171433_605ms,Flex. carpi rad. (R),R_The_ED_FD_FCR D,8,233.51866560801682,241.51866560801682,265.87847497965936,,,none,30.0,40,2,monophasic
Modulated_autosave_20260715_171433_605ms,Flex. carpi rad. (R),R_The_ED_FD_FCR D,9,266.87847497965936,274.87847497965936,299.23828435223265,,,none,30.0,40,2,monophasic
Modulated_autosave_20260715_171433_605ms,Flex. carpi rad. (R),R_The_ED_FD_FCR D,10,300.23828435223265,308.23828435223265,332.59809372480953,,,none,30.0,40,2,monophasic
Modulated_autosave_20260715_171433_605ms,Flex. carpi rad. (R),R_The_ED_FD_FCR D,1,0.7942811753594015,8.794281175359401,32.359809372573324,,,none,30.0,45,2,monophasic
Modulated_autosave_20260715_171433_605ms,Flex. carpi rad. (R),R_The_ED_FD_FCR D,2,33.359809372573324,41.359809372573324,65.71961874514665,,,none,30.0,45,2,monophasic
Modulated_autosave_20260715_171433_605ms,Flex. carpi rad. (R),R_The_ED_FD_FCR D,3,66.71961874514665,74.71961874514665,99.07942811771997,,,none,30.0,45,2,monophasic
Modulated_autosave_20260715_171433_605ms,Flex. carpi rad. (R),R_The_ED_FD_FCR D,4,100.07942811771997,108.07942811771997,132.4392374902933,,,none,30.0,45,2,monophasic
Modulated_autosave_20260715_171433_605ms,Flex. carpi rad. (R),R_The_ED_FD_FCR D,5,133.4392374902933,141.4392374902933,165.79904686287017,,,none,30.0,45,2,monophasic
Modulated_autosave_20260715_171433_605ms,Flex. carpi rad. (R),R_The_ED_FD_FCR D,6,166.79904686287017,174.79904686287017,199.1588562354435,,,none,30.0,45,2,monophasic
Modulated_autosave_20260715_171433_605ms,Flex. carpi rad. (R),R_The_ED_FD_FCR D,7,200.1588562354435,208.1588562354435,232.51866560801682,,,none,30.0,45,2,monophasic
Modulated_autosave_20260715_171433_605ms,Flex. carpi rad. (R),R_The_ED_FD_FCR D,8,233.51866560801682,241.51866560801682,265.87847497965936,,,none,30.0,45,2,monophasic
Modulated_autosave_20260715_171433_605ms,Flex. carpi rad. (R),R_The_ED_FD_FCR D,9,266.87847497965936,274.87847497965936,299.23828435223265,,,none,30.0,45,2,monophasic
Modulated_autosave_20260715_171433_605ms,Flex. carpi rad. (R),R_The_ED_FD_FCR D,10,300.23828435223265,308.23828435223265,332.59809372480953,,,none,30.0,45,2,monophasic
Modulated_autosave_20260715_171433_605ms,Flex. carpi rad. (R),R_The_ED_FD_FCR D,1,0.7942811753594015,8.794281175359401,32.359809372573324,,,none,30.0,50,2,monophasic
Modulated_autosave_20260715_171433_605ms,Flex. carpi rad. (R),R_The_ED_FD_FCR D,2,33.359809372573324,41.359809372573324,65.71961874514665,,,none,30.0,50,2,monophasic
Modulated_autosave_20260715_171433_605ms,Flex. carpi rad. (R),R_The_ED_FD_FCR D,3,66.71961874514665,74.71961874514665,99.07942811771997,,,none,30.0,50,2,monophasic
Modulated_autosave_20260715_171433_605ms,Flex. carpi rad. (R),R_The_ED_FD_FCR D,4,100.07942811771997,108.07942811771997,132.4392374902933,,,none,30.0,50,2,monophasic
Modulated_autosave_20260715_171433_605ms,Flex. carpi rad. (R),R_The_ED_FD_FCR D,5,133.4392374902933,141.4392374902933,165.79904686287017,,,none,30.0,50,2,monophasic
Modulated_autosave_20260715_171433_605ms,Flex. carpi rad. (R),R_The_ED_FD_FCR D,6,166.79904686287017,174.79904686287017,199.1588562354435,,,none,30.0,50,2,monophasic
Modulated_autosave_20260715_171433_605ms,Flex. carpi rad. (R),R_The_ED_FD_FCR D,7,200.1588562354435,208.1588562354435,232.51866560801682,,,none,30.0,50,2,monophasic
Modulated_autosave_20260715_171433_605ms,Flex. carpi rad. (R),R_The_ED_FD_FCR D,8,233.51866560801682,241.51866560801682,265.87847497965936,,,none,30.0,50,2,monophasic
Modulated_autosave_20260715_171433_605ms,Flex. carpi rad. (R),R_The_ED_FD_FCR D,9,266.87847497965936,274.87847497965936,299.23828435223265,,,none,30.0,50,2,monophasic
Modulated_autosave_20260715_171433_605ms,Flex. carpi rad. (R),R_The_ED_FD_FCR D,10,300.23828435223265,308.23828435223265,332.59809372480953,,,none,30.0,50,2,monophasic
Modulated_autosave_20260715_171433_605ms,Flex. carpi rad. (R),R_The_ED_FD_FCR D,1,0.7942811753594015,8.794281175359401,32.359809372573324,,,none,30.0,55,2,monophasic
Modulated_autosave_20260715_171433_605ms,Flex. carpi rad. (R),R_The_ED_FD_FCR D,2,33.359809372573324,41.359809372573324,65.71961874514665,,,none,30.0,55,2,monophasic
Modulated_autosave_20260715_171433_605ms,Flex. carpi rad. (R),R_The_ED_FD_FCR D,3,66.71961874514665,74.71961874514665,99.07942811771997,,,none,30.0,55,2,monophasic
Modulated_autosave_20260715_171433_605ms,Flex. carpi rad. (R),R_The_ED_FD_FCR D,4,100.07942811771997,108.07942811771997,132.4392374902933,,,none,30.0,55,2,monophasic
Modulated_autosave_20260715_171433_605ms,Flex. carpi rad. (R),R_The_ED_FD_FCR D,5,133.4392374902933,141.4392374902933,165.79904686287017,,,none,30.0,55,2,monophasic
Modulated_autosave_20260715_171433_605ms,Flex. carpi rad. (R),R_The_ED_FD_FCR D,6,166.79904686287017,174.79904686287017,199.1588562354435,,,none,30.0,55,2,monophasic
Modulated_autosave_20260715_171433_605ms,Flex. carpi rad. (R),R_The_ED_FD_FCR D,7,200.1588562354435,208.1588562354435,232.51866560801682,,,none,30.0,55,2,monophasic
Modulated_autosave_20260715_171433_605ms,Flex. carpi rad. (R),R_The_ED_FD_FCR D,8,233.51866560801682,241.51866560801682,265.87847497965936,,,none,30.0,55,2,monophasic
Modulated_autosave_20260715_171433_605ms,Flex. carpi rad. (R),R_The_ED_FD_FCR D,9,266.87847497965936,274.87847497965936,299.23828435223265,,,none,30.0,55,2,monophasic
Modulated_autosave_20260715_171433_605ms,Flex. carpi rad. (R),R_The_ED_FD_FCR D,10,300.23828435223265,308.23828435223265,332.59809372480953,,,none,30.0,55,2,monophasic
Modulated_autosave_20260715_171433_605ms,Flex. carpi rad. (R),R_The_ED_FD_FCR D,1,0.7942811753594015,8.794281175359401,32.359809372573324,,,none,30.0,60,2,monophasic
Modulated_autosave_20260715_171433_605ms,Flex. carpi rad. (R),R_The_ED_FD_FCR D,2,33.359809372573324,41.359809372573324,65.71961874514665,,,none,30.0,60,2,monophasic
Modulated_autosave_20260715_171433_605ms,Flex. carpi rad. (R),R_The_ED_FD_FCR D,3,66.71961874514665,74.71961874514665,99.07942811771997,,,none,30.0,60,2,monophasic
Modulated_autosave_20260715_171433_605ms,Flex. carpi rad. (R),R_The_ED_FD_FCR D,4,100.07942811771997,108.07942811771997,132.4392374902933,,,none,30.0,60,2,monophasic
Modulated_autosave_20260715_171433_605ms,Flex. carpi rad. (R),R_The_ED_FD_FCR D,5,133.4392374902933,141.4392374902933,165.79904686287017,,,none,30.0,60,2,monophasic
Modulated_autosave_20260715_171433_605ms,Flex. carpi rad. (R),R_The_ED_FD_FCR D,6,166.79904686287017,174.79904686287017,199.1588562354435,,,none,30.0,60,2,monophasic
Modulated_autosave_20260715_171433_605ms,Flex. carpi rad. (R),R_The_ED_FD_FCR D,7,200.1588562354435,208.1588562354435,232.51866560801682,,,none,30.0,60,2,monophasic
Modulated_autosave_20260715_171433_605ms,Flex. carpi rad. (R),R_The_ED_FD_FCR D,8,233.51866560801682,241.51866560801682,265.87847497965936,,,none,30.0,60,2,monophasic
Modulated_autosave_20260715_171433_605ms,Flex. carpi rad. (R),R_The_ED_FD_FCR D,9,266.87847497965936,274.87847497965936,299.23828435223265,,,none,30.0,60,2,monophasic
Modulated_autosave_20260715_171433_605ms,Flex. carpi rad. (R),R_The_ED_FD_FCR D,10,300.23828435223265,308.23828435223265,332.59809372480953,,,none,30.0,60,2,monophasic
Modulated_autosave_20260715_171433_605ms,Flex. carpi rad. (R),R_The_ED_FD_FCR D,1,0.7942811753594015,8.794281175359401,32.359809372573324,,,none,30.0,65,2,monophasic
Modulated_autosave_20260715_171433_605ms,Flex. carpi rad. (R),R_The_ED_FD_FCR D,2,33.359809372573324,41.359809372573324,65.71961874514665,,,none,30.0,65,2,monophasic
Modulated_autosave_20260715_171433_605ms,Flex. carpi rad. (R),R_The_ED_FD_FCR D,3,66.71961874514665,74.71961874514665,99.07942811771997,,,none,30.0,65,2,monophasic
Modulated_autosave_20260715_171433_605ms,Flex. carpi rad. (R),R_The_ED_FD_FCR D,4,100.07942811771997,108.07942811771997,132.4392374902933,,,none,30.0,65,2,monophasic
Modulated_autosave_20260715_171433_605ms,Flex. carpi rad. (R),R_The_ED_FD_FCR D,5,133.4392374902933,141.4392374902933,165.79904686287017,,,none,30.0,65,2,monophasic
Modulated_autosave_20260715_171433_605ms,Flex. carpi rad. (R),R_The_ED_FD_FCR D,6,166.79904686287017,174.79904686287017,199.1588562354435,,,none,30.0,65,2,monophasic
Modulated_autosave_20260715_171433_605ms,Flex. carpi rad. (R),R_The_ED_FD_FCR D,7,200.1588562354435,208.1588562354435,232.51866560801682,,,none,30.0,65,2,monophasic
Modulated_autosave_20260715_171433_605ms,Flex. carpi rad. (R),R_The_ED_FD_FCR D,8,233.51866560801682,241.51866560801682,265.87847497965936,,,none,30.0,65,2,monophasic
Modulated_autosave_20260715_171433_605ms,Flex. carpi rad. (R),R_The_ED_FD_FCR D,9,266.87847497965936,274.87847497965936,299.23828435223265,,,none,30.0,65,2,monophasic
Modulated_autosave_20260715_171433_605ms,Flex. carpi rad. (R),R_The_ED_FD_FCR D,10,300.23828435223265,308.23828435223265,332.59809372480953,,,none,30.0,65,2,monophasic
Modulated_autosave_20260715_171433_605ms,Flex. carpi rad. (R),R_The_ED_FD_FCR D,1,0.7942811753594015,8.794281175359401,32.359809372573324,,,none,30.0,70,2,monophasic
Modulated_autosave_20260715_171433_605ms,Flex. carpi rad. (R),R_The_ED_FD_FCR D,2,33.359809372573324,41.359809372573324,65.71961874514665,,,none,30.0,70,2,monophasic
Modulated_autosave_20260715_171433_605ms,Flex. carpi rad. (R),R_The_ED_FD_FCR D,3,66.71961874514665,74.71961874514665,99.07942811771997,,,none,30.0,70,2,monophasic
Modulated_autosave_20260715_171433_605ms,Flex. carpi rad. (R),R_The_ED_FD_FCR D,4,100.07942811771997,108.07942811771997,132.4392374902933,,,none,30.0,70,2,monophasic
Modulated_autosave_20260715_171433_605ms,Flex. carpi rad. (R),R_The_ED_FD_FCR D,5,133.4392374902933,141.4392374902933,165.79904686287017,,,none,30.0,70,2,monophasic
Modulated_autosave_20260715_171433_605ms,Flex. carpi rad. (R),R_The_ED_FD_FCR D,6,166.79904686287017,174.79904686287017,199.1588562354435,,,none,30.0,70,2,monophasic
Modulated_autosave_20260715_171433_605ms,Flex. carpi rad. (R),R_The_ED_FD_FCR D,7,200.1588562354435,208.1588562354435,232.51866560801682,,,none,30.0,70,2,monophasic
Modulated_autosave_20260715_171433_605ms,Flex. carpi rad. (R),R_The_ED_FD_FCR D,8,233.51866560801682,241.51866560801682,265.87847497965936,,,none,30.0,70,2,monophasic
Modulated_autosave_20260715_171433_605ms,Flex. carpi rad. (R),R_The_ED_FD_FCR D,9,266.87847497965936,274.87847497965936,299.23828435223265,,,none,30.0,70,2,monophasic
Modulated_autosave_20260715_171433_605ms,Flex. carpi rad. (R),R_The_ED_FD_FCR D,10,300.23828435223265,308.23828435223265,332.59809372480953,,,none,30.0,70,2,monophasic
Modulated_autosave_20260715_171433_605ms,Flex. carpi rad. (R),R_The_ED_FD_FCR D,1,0.7942811753594015,8.794281175359401,32.359809372573324,,,none,30.0,75,2,monophasic
Modulated_autosave_20260715_171433_605ms,Flex. carpi rad. (R),R_The_ED_FD_FCR D,2,33.359809372573324,41.359809372573324,65.71961874514665,,,none,30.0,75,2,monophasic
Modulated_autosave_20260715_171433_605ms,Flex. carpi rad. (R),R_The_ED_FD_FCR D,3,66.71961874514665,74.71961874514665,99.07942811771997,,,none,30.0,75,2,monophasic
Modulated_autosave_20260715_171433_605ms,Flex. carpi rad. (R),R_The_ED_FD_FCR D,4,100.07942811771997,108.07942811771997,132.4392374902933,,,none,30.0,75,2,monophasic
Modulated_autosave_20260715_171433_605ms,Flex. carpi rad. (R),R_The_ED_FD_FCR D,5,133.4392374902933,141.4392374902933,165.79904686287017,,,none,30.0,75,2,monophasic
Modulated_autosave_20260715_171433_605ms,Flex. carpi rad. (R),R_The_ED_FD_FCR D,6,166.79904686287017,174.79904686287017,199.1588562354435,,,none,30.0,75,2,monophasic
Modulated_autosave_20260715_171433_605ms,Flex. carpi rad. (R),R_The_ED_FD_FCR D,7,200.1588562354435,208.1588562354435,232.51866560801682,,,none,30.0,75,2,monophasic
Modulated_autosave_20260715_171433_605ms,Flex. carpi rad. (R),R_The_ED_FD_FCR D,8,233.51866560801682,241.51866560801682,265.87847497965936,,,none,30.0,75,2,monophasic
Modulated_autosave_20260715_171433_605ms,Flex. carpi rad. (R),R_The_ED_FD_FCR D,9,266.87847497965936,274.87847497965936,299.23828435223265,,,none,30.0,75,2,monophasic
Modulated_autosave_20260715_171433_605ms,Flex. carpi rad. (R),R_The_ED_FD_FCR D,10,300.23828435223265,308.23828435223265,332.59809372480953,,,none,30.0,75,2,monophasic
Modulated_autosave_20260715_171433_605ms,Flex. carpi rad. (R),R_The_ED_FD_FCR D,1,0.7942811753594015,8.794281175359401,32.359809372573324,,,none,30.0,80,2,monophasic
Modulated_autosave_20260715_171433_605ms,Flex. carpi rad. (R),R_The_ED_FD_FCR D,2,33.359809372573324,41.359809372573324,65.71961874514665,,,none,30.0,80,2,monophasic
Modulated_autosave_20260715_171433_605ms,Flex. carpi rad. (R),R_The_ED_FD_FCR D,3,66.71961874514665,74.71961874514665,99.07942811771997,,,none,30.0,80,2,monophasic
Modulated_autosave_20260715_171433_605ms,Flex. carpi rad. (R),R_The_ED_FD_FCR D,4,100.07942811771997,108.07942811771997,132.4392374902933,,,none,30.0,80,2,monophasic
Modulated_autosave_20260715_171433_605ms,Flex. carpi rad. (R),R_The_ED_FD_FCR D,5,133.4392374902933,141.4392374902933,165.79904686287017,,,none,30.0,80,2,monophasic
Modulated_autosave_20260715_171433_605ms,Flex. carpi rad. (R),R_The_ED_FD_FCR D,6,166.79904686287017,174.79904686287017,199.1588562354435,,,none,30.0,80,2,monophasic
Modulated_autosave_20260715_171433_605ms,Flex. carpi rad. (R),R_The_ED_FD_FCR D,7,200.1588562354435,208.1588562354435,232.51866560801682,,,none,30.0,80,2,monophasic
Modulated_autosave_20260715_171433_605ms,Flex. carpi rad. (R),R_The_ED_FD_FCR D,8,233.51866560801682,241.51866560801682,265.87847497965936,,,none,30.0,80,2,monophasic
Modulated_autosave_20260715_171433_605ms,Flex. carpi rad. (R),R_The_ED_FD_FCR D,9,266.87847497965936,274.87847497965936,299.23828435223265,,,none,30.0,80,2,monophasic
Modulated_autosave_20260715_171433_605ms,Flex. carpi rad. (R),R_The_ED_FD_FCR D,10,300.23828435223265,308.23828435223265,332.59809372480953,,,none,30.0,80,2,monophasic
Modulated_autosave_20260715_171433_605ms,Flex. carpi rad. (R),R_The_ED_FD_FCR D,1,0.7942811753594015,8.794281175359401,32.359809372573324,,,none,30.0,85,2,monophasic
Modulated_autosave_20260715_171433_605ms,Flex. carpi rad. (R),R_The_ED_FD_FCR D,2,33.359809372573324,41.359809372573324,65.71961874514665,,,none,30.0,85,2,monophasic
Modulated_autosave_20260715_171433_605ms,Flex. carpi rad. (R),R_The_ED_FD_FCR D,3,66.71961874514665,74.71961874514665,99.07942811771997,,,none,30.0,85,2,monophasic
Modulated_autosave_20260715_171433_605ms,Flex. carpi rad. (R),R_The_ED_FD_FCR D,4,100.07942811771997,108.07942811771997,132.4392374902933,,,none,30.0,85,2,monophasic
Modulated_autosave_20260715_171433_605ms,Flex. carpi rad. (R),R_The_ED_FD_FCR D,5,133.4392374902933,141.4392374902933,165.79904686287017,,,none,30.0,85,2,monophasic
Modulated_autosave_20260715_171433_605ms,Flex. carpi rad. (R),R_The_ED_FD_FCR D,6,166.79904686287017,174.79904686287017,199.1588562354435,,,none,30.0,85,2,monophasic
Modulated_autosave_20260715_171433_605ms,Flex. carpi rad. (R),R_The_ED_FD_FCR D,7,200.1588562354435,208.1588562354435,232.51866560801682,,,none,30.0,85,2,monophasic
Modulated_autosave_20260715_171433_605ms,Flex. carpi rad. (R),R_The_ED_FD_FCR D,8,233.51866560801682,241.51866560801682,265.87847497965936,,,none,30.0,85,2,monophasic
Modulated_autosave_20260715_171433_605ms,Flex. carpi rad. (R),R_The_ED_FD_FCR D,9,266.87847497965936,274.87847497965936,299.23828435223265,,,none,30.0,85,2,monophasic
Modulated_autosave_20260715_171433_605ms,Flex. carpi rad. (R),R_The_ED_FD_FCR D,10,300.23828435223265,308.23828435223265,332.59809372480953,,,none,30.0,85,2,monophasic
Modulated_autosave_20260715_171433_605ms,Flex. carpi rad. (R),R_The_ED_FD_FCR D,1,0.7942811753594015,8.794281175359401,32.359809372573324,,,none,30.0,90,2,monophasic
Modulated_autosave_20260715_171433_605ms,Flex. carpi rad. (R),R_The_ED_FD_FCR D,2,33.359809372573324,41.359809372573324,65.71961874514665,,,none,30.0,90,2,monophasic
Modulated_autosave_20260715_171433_605ms,Flex. carpi rad. (R),R_The_ED_FD_FCR D,3,66.71961874514665,74.71961874514665,99.07942811771997,,,none,30.0,90,2,monophasic
Modulated_autosave_20260715_171433_605ms,Flex. carpi rad. (R),R_The_ED_FD_FCR D,4,100.07942811771997,108.07942811771997,132.4392374902933,,,none,30.0,90,2,monophasic
Modulated_autosave_20260715_171433_605ms,Flex. carpi rad. (R),R_The_ED_FD_FCR D,5,133.4392374902933,141.4392374902933,165.79904686287017,,,none,30.0,90,2,monophasic
Modulated_autosave_20260715_171433_605ms,Flex. carpi rad. (R),R_The_ED_FD_FCR D,6,166.79904686287017,174.79904686287017,199.1588562354435,,,none,30.0,90,2,monophasic
Modulated_autosave_20260715_171433_605ms,Flex. carpi rad. (R),R_The_ED_FD_FCR D,7,200.1588562354435,208.1588562354435,232.51866560801682,,,none,30.0,90,2,monophasic
Modulated_autosave_20260715_171433_605ms,Flex. carpi rad. (R),R_The_ED_FD_FCR D,8,233.51866560801682,241.51866560801682,265.87847497965936,,,none,30.0,90,2,monophasic
Modulated_autosave_20260715_171433_605ms,Flex. carpi rad. (R),R_The_ED_FD_FCR D,9,266.87847497965936,274.87847497965936,299.23828435223265,,,none,30.0,90,2,monophasic
Modulated_autosave_20260715_171433_605ms,Flex. carpi rad. (R),R_The_ED_FD_FCR D,10,300.23828435223265,308.23828435223265,332.59809372480953,,,none,30.0,90,2,monophasic
Modulated_autosave_20260715_171433_605ms,Flex. carpi rad. (R),R_The_ED_FD_FCR D,1,0.7942811753594015,8.794281175359401,32.359809372573324,,,none,30.0,95,2,monophasic
Modulated_autosave_20260715_171433_605ms,Flex. carpi rad. (R),R_The_ED_FD_FCR D,2,33.359809372573324,41.359809372573324,65.71961874514665,,,none,30.0,95,2,monophasic
Modulated_autosave_20260715_171433_605ms,Flex. carpi rad. (R),R_The_ED_FD_FCR D,3,66.71961874514665,74.71961874514665,99.07942811771997,,,none,30.0,95,2,monophasic
Modulated_autosave_20260715_171433_605ms,Flex. carpi rad. (R),R_The_ED_FD_FCR D,4,100.07942811771997,108.07942811771997,132.4392374902933,,,none,30.0,95,2,monophasic
Modulated_autosave_20260715_171433_605ms,Flex. carpi rad. (R),R_The_ED_FD_FCR D,5,133.4392374902933,141.4392374902933,165.79904686287017,,,none,30.0,95,2,monophasic
Modulated_autosave_20260715_171433_605ms,Flex. carpi rad. (R),R_The_ED_FD_FCR D,6,166.79904686287017,174.79904686287017,199.1588562354435,,,none,30.0,95,2,monophasic
Modulated_autosave_20260715_171433_605ms,Flex. carpi rad. (R),R_The_ED_FD_FCR D,7,200.1588562354435,208.1588562354435,232.51866560801682,,,none,30.0,95,2,monophasic
Modulated_autosave_20260715_171433_605ms,Flex. carpi rad. (R),R_The_ED_FD_FCR D,8,233.51866560801682,241.51866560801682,265.87847497965936,,,none,30.0,95,2,monophasic
Modulated_autosave_20260715_171433_605ms,Flex. carpi rad. (R),R_The_ED_FD_FCR D,9,266.87847497965936,274.87847497965936,299.23828435223265,,,none,30.0,95,2,monophasic
Modulated_autosave_20260715_171433_605ms,Flex. carpi rad. (R),R_The_ED_FD_FCR D,10,300.23828435223265,308.23828435223265,332.59809372480953,,,none,30.0,95,2,monophasic
Modulated_autosave_20260715_171433_605ms,Flex. carpi rad. (R),R_The_ED_FD_FCR D,1,0.7942811753594015,8.794281175359401,32.359809372573324,,,none,30.0,100,2,monophasic
Modulated_autosave_20260715_171433_605ms,Flex. carpi rad. (R),R_The_ED_FD_FCR D,2,33.359809372573324,41.359809372573324,65.71961874514665,,,none,30.0,100,2,monophasic
Modulated_autosave_20260715_171433_605ms,Flex. carpi rad. (R),R_The_ED_FD_FCR D,3,66.71961874514665,74.71961874514665,99.07942811771997,,,none,30.0,100,2,monophasic
Modulated_autosave_20260715_171433_605ms,Flex. carpi rad. (R),R_The_ED_FD_FCR D,4,100.07942811771997,108.07942811771997,132.4392374902933,,,none,30.0,100,2,monophasic
Modulated_autosave_20260715_171433_605ms,Flex. carpi rad. (R),R_The_ED_FD_FCR D,5,133.4392374902933,141.4392374902933,165.79904686287017,,,none,30.0,100,2,monophasic
Modulated_autosave_20260715_171433_605ms,Flex. carpi rad. (R),R_The_ED_FD_FCR D,6,166.79904686287017,174.79904686287017,199.1588562354435,,,none,30.0,100,2,monophasic
Modulated_autosave_20260715_171433_605ms,Flex. carpi rad. (R),R_The_ED_FD_FCR D,7,200.1588562354435,208.1588562354435,232.51866560801682,,,none,30.0,100,2,monophasic
Modulated_autosave_20260715_171433_605ms,Flex. carpi rad. (R),R_The_ED_FD_FCR D,8,233.51866560801682,241.51866560801682,265.87847497965936,,,none,30.0,100,2,monophasic
Modulated_autosave_20260715_171433_605ms,Flex. carpi rad. (R),R_The_ED_FD_FCR D,9,266.87847497965936,274.87847497965936,299.23828435223265,,,none,30.0,100,2,monophasic
Modulated_autosave_20260715_171433_605ms,Flex. carpi rad. (R),R_The_ED_FD_FCR D,10,300.23828435223265,308.23828435223265,332.59809372480953,,,none,30.0,100,2,monophasic
Modulated_autosave_20260715_171433_605ms,Flex. carpi rad. (R),R_The_ED_FD_FCR D,1,0.7942811753594015,8.794281175359401,32.359809372573324,0.014435034710913897,0.014435034710913897,none,30.0,105,2,monophasic
Modulated_autosave_20260715_171433_605ms,Flex. carpi rad. (R),R_The_ED_FD_FCR D,2,33.359809372573324,41.359809372573324,65.71961874514665,0.013092241016754496,0.013092241016754496,none,30.0,105,2,monophasic
Modulated_autosave_20260715_171433_605ms,Flex. carpi rad. (R),R_The_ED_FD_FCR D,3,66.71961874514665,74.71961874514665,99.07942811771997,0.021149005042378523,0.021149005042378523,none,30.0,105,2,monophasic
Modulated_autosave_20260715_171433_605ms,Flex. carpi rad. (R),R_The_ED_FD_FCR D,4,100.07942811771997,108.07942811771997,132.4392374902933,0.017120622329663136,0.017120622329663136,none,30.0,105,2,monophasic
Modulated_autosave_20260715_171433_605ms,Flex. carpi rad. (R),R_The_ED_FD_FCR D,5,133.4392374902933,141.4392374902933,165.79904686287017,0.008392462506098989,0.008392462506098989,none,30.0,105,2,monophasic
Modulated_autosave_20260715_171433_605ms,Flex. carpi rad. (R),R_The_ED_FD_FCR D,6,166.79904686287017,174.79904686287017,199.1588562354435,0.01779202022589743,0.01779202022589743,none,30.0,105,2,monophasic
Modulated_autosave_20260715_171433_605ms,Flex. carpi rad. (R),R_The_ED_FD_FCR D,7,200.1588562354435,208.1588562354435,232.51866560801682,0.012756542762821753,0.012756542762821753,none,30.0,105,2,monophasic
Modulated_autosave_20260715_171433_605ms,Flex. carpi rad. (R),R_The_ED_FD_FCR D,8,233.51866560801682,241.51866560801682,265.87847497965936,0.01275654275692072,0.01275654275692072,none,30.0,105,2,monophasic
Modulated_autosave_20260715_171433_605ms,Flex. carpi rad. (R),R_The_ED_FD_FCR D,9,266.87847497965936,274.87847497965936,299.23828435223265,0.015442129914737722,0.015442129914737722,none,30.0,105,2,monophasic
Modulated_autosave_20260715_171433_605ms,Flex. carpi rad. (R),R_The_ED_FD_FCR D,10,300.23828435223265,308.23828435223265,332.59809372480953,0.01057450146654585,0.01057450146654585,none,30.0,105,2,monophasic
Modulated_autosave_20260715_171433_605ms,Flex. carpi rad. (R),R_The_ED_FD_FCR D,1,0.7942811753594015,8.794281175359401,32.359809372573324,0.022491798968985677,0.022491798968985677,none,30.0,110,2,monophasic
Modulated_autosave_20260715_171433_605ms,Flex. carpi rad. (R),R_The_ED_FD_FCR D,2,33.359809372573324,41.359809372573324,65.71961874514665,0.023331045168584454,0.023331045168584454,none,30.0,110,2,monophasic
Modulated_autosave_20260715_171433_605ms,Flex. carpi rad. (R),R_The_ED_FD_FCR D,3,66.71961874514665,74.71961874514665,99.07942811771997,0.015609980094179368,0.015609980094179368,none,30.0,110,2,monophasic
Modulated_autosave_20260715_171433_605ms,Flex. carpi rad. (R),R_The_ED_FD_FCR D,4,100.07942811771997,108.07942811771997,132.4392374902933,0.022491797571994307,0.022491797571994307,none,30.0,110,2,monophasic
Modulated_autosave_20260715_171433_605ms,Flex. carpi rad. (R),R_The_ED_FD_FCR D,5,133.4392374902933,141.4392374902933,165.79904686287017,0.016113527348449723,0.016113527348449723,none,30.0,110,2,monophasic
Modulated_autosave_20260715_171433_605ms,Flex. carpi rad. (R),R_The_ED_FD_FCR D,6,166.79904686287017,174.79904686287017,199.1588562354435,0.016784923614822214,0.016784923614822214,none,30.0,110,2,monophasic
Modulated_autosave_20260715_171433_605ms,Flex. carpi rad. (R),R_The_ED_FD_FCR D,7,200.1588562354435,208.1588562354435,232.51866560801682,0.014099336926570456,0.014099336926570456,none,30.0,110,2,monophasic
Modulated_autosave_20260715_171433_605ms,Flex. carpi rad. (R),R_The_ED_FD_FCR D,8,233.51866560801682,241.51866560801682,265.87847497965936,0.022827497444116676,0.022827497444116676,none,30.0,110,2,monophasic
Modulated_autosave_20260715_171433_605ms,Flex. carpi rad. (R),R_The_ED_FD_FCR D,9,266.87847497965936,274.87847497965936,299.23828435223265,0.009735255503151538,0.009735255503151538,none,30.0,110,2,monophasic
Modulated_autosave_20260715_171433_605ms,Flex. carpi rad. (R),R_The_ED_FD_FCR D,10,300.23828435223265,308.23828435223265,332.59809372480953,0.012420844286680017,0.012420844286680017,none,30.0,110,2,monophasic
Modulated_autosave_20260715_171433_605ms,Flex. carpi rad. (R),R_The_ED_FD_FCR D,1,0.7942811753594015,8.794281175359401,32.359809372573324,0.06009002774953842,0.06009002774953842,none,30.0,115,2,monophasic
Modulated_autosave_20260715_171433_605ms,Flex. carpi rad. (R),R_The_ED_FD_FCR D,2,33.359809372573324,41.359809372573324,65.71961874514665,0.027527275262400508,0.027527275262400508,none,30.0,115,2,monophasic
Modulated_autosave_20260715_171433_605ms,Flex. carpi rad. (R),R_The_ED_FD_FCR D,3,66.71961874514665,74.71961874514665,99.07942811771997,0.021820400608695986,0.021820400608695986,none,30.0,115,2,monophasic
Modulated_autosave_20260715_171433_605ms,Flex. carpi rad. (R),R_The_ED_FD_FCR D,4,100.07942811771997,108.07942811771997,132.4392374902933,0.016113527817650877,0.016113527817650877,none,30.0,115,2,monophasic
Modulated_autosave_20260715_171433_605ms,Flex. carpi rad. (R),R_The_ED_FD_FCR D,5,133.4392374902933,141.4392374902933,165.79904686287017,0.017959869233887614,0.017959869233887614,none,30.0,115,2,monophasic
Modulated_autosave_20260715_171433_605ms,Flex. carpi rad. (R),R_The_ED_FD_FCR D,6,166.79904686287017,174.79904686287017,199.1588562354435,0.01863126502772554,0.01863126502772554,none,30.0,115,2,monophasic
Modulated_autosave_20260715_171433_605ms,Flex. carpi rad. (R),R_The_ED_FD_FCR D,7,200.1588562354435,208.1588562354435,232.51866560801682,0.02316319499427359,0.02316319499427359,none,30.0,115,2,monophasic
Modulated_autosave_20260715_171433_605ms,Flex. carpi rad. (R),R_The_ED_FD_FCR D,8,233.51866560801682,241.51866560801682,265.87847497965936,0.016784923150143682,0.016784923150143682,none,30.0,115,2,monophasic
Modulated_autosave_20260715_171433_605ms,Flex. carpi rad. (R),R_The_ED_FD_FCR D,9,266.87847497965936,274.87847497965936,299.23828435223265,0.017456320812728052,0.017456320812728052,none,30.0,115,2,monophasic
Modulated_autosave_20260715_171433_605ms,Flex. carpi rad. (R),R_The_ED_FD_FCR D,10,300.23828435223265,308.23828435223265,332.59809372480953,0.018799115673806478,0.018799115673806478,none,30.0,115,2,monophasic
Modulated_autosave_20260715_171433_605ms,Flex. carpi rad. (R),R_The_ED_FD_FCR D,1,0.7942811753594015,8.794281175359401,32.359809372573324,0.0553902480751276,0.0553902480751276,none,30.0,120,2,monophasic
Modulated_autosave_20260715_171433_605ms,Flex. carpi rad. (R),R_The_ED_FD_FCR D,2,33.359809372573324,41.359809372573324,65.71961874514665,0.07016098125470839,0.07016098125470839,none,30.0,120,2,monophasic
Modulated_autosave_20260715_171433_605ms,Flex. carpi rad. (R),R_The_ED_FD_FCR D,3,66.71961874514665,74.71961874514665,99.07942811771997,0.016784923382390977,0.016784923382390977,none,30.0,120,2,monophasic
Modulated_autosave_20260715_171433_605ms,Flex. carpi rad. (R),R_The_ED_FD_FCR D,4,100.07942811771997,108.07942811771997,132.4392374902933,0.07452506195545833,0.07452506195545833,none,30.0,120,2,monophasic
Modulated_autosave_20260715_171433_605ms,Flex. carpi rad. (R),R_The_ED_FD_FCR D,5,133.4392374902933,141.4392374902933,165.79904686287017,0.018127718707579624,0.018127718707579624,none,30.0,120,2,monophasic
Modulated_autosave_20260715_171433_605ms,Flex. carpi rad. (R),R_The_ED_FD_FCR D,6,166.79904686287017,174.79904686287017,199.1588562354435,0.021484702359491577,0.021484702359491577,none,30.0,120,2,monophasic
Modulated_autosave_20260715_171433_605ms,Flex. carpi rad. (R),R_The_ED_FD_FCR D,7,200.1588562354435,208.1588562354435,232.51866560801682,0.019806211115782634,0.019806211115782634,none,30.0,120,2,monophasic
Modulated_autosave_20260715_171433_605ms,Flex. carpi rad. (R),R_The_ED_FD_FCR D,8,233.51866560801682,241.51866560801682,265.87847497965936,0.026855878531937334,0.026855878531937334,none,30.0,120,2,monophasic
Modulated_autosave_20260715_171433_605ms,Flex. carpi rad. (R),R_The_ED_FD_FCR D,9,266.87847497965936,274.87847497965936,299.23828435223265,0.013092240313917161,0.013092240313917161,none,30.0,120,2,monophasic
Modulated_autosave_20260715_171433_605ms,Flex. carpi rad. (R),R_The_ED_FD_FCR D,10,300.23828435223265,308.23828435223265,332.59809372480953,0.014602883249692482,0.014602883249692482,none,30.0,120,2,monophasic
Modulated_autosave_20260715_171433_605ms,Flex. carpi rad. (R),R_The_ED_FD_FCR D,1,0.7942811753594015,8.794281175359401,32.359809372573324,0.06898603774607182,0.06898603774607182,none,30.0,125,2,monophasic
Modulated_autosave_20260715_171433_605ms,Flex. carpi rad. (R),R_The_ED_FD_FCR D,2,33.359809372573324,41.359809372573324,65.71961874514665,0.06915388628702757,0.06915388628702757,none,30.0,125,2,monophasic
Modulated_autosave_20260715_171433_605ms,Flex. carpi rad. (R),R_The_ED_FD_FCR D,3,66.71961874514665,74.71961874514665,99.07942811771997,0.03306629997284699,0.03306629997284699,none,30.0,125,2,monophasic
Modulated_autosave_20260715_171433_605ms,Flex. carpi rad. (R),R_The_ED_FD_FCR D,4,100.07942811771997,108.07942811771997,132.4392374902933,0.08241397512321832,0.08241397512321832,none,30.0,125,2,monophasic
Modulated_autosave_20260715_171433_605ms,Flex. carpi rad. (R),R_The_ED_FD_FCR D,5,133.4392374902933,141.4392374902933,165.79904686287017,0.016784923849660408,0.016784923849660408,none,30.0,125,2,monophasic
Modulated_autosave_20260715_171433_605ms,Flex. carpi rad. (R),R_The_ED_FD_FCR D,6,166.79904686287017,174.79904686287017,199.1588562354435,0.030045014340430498,0.030045014340430498,none,30.0,125,2,monophasic
Modulated_autosave_20260715_171433_605ms,Flex. carpi rad. (R),R_The_ED_FD_FCR D,7,200.1588562354435,208.1588562354435,232.51866560801682,0.02064545708708465,0.02064545708708465,none,30.0,125,2,monophasic
Modulated_autosave_20260715_171433_605ms,Flex. carpi rad. (R),R_The_ED_FD_FCR D,8,233.51866560801682,241.51866560801682,265.87847497965936,0.02752727619373359,0.02752727619373359,none,30.0,125,2,monophasic
Modulated_autosave_20260715_171433_605ms,Flex. carpi rad. (R),R_The_ED_FD_FCR D,9,266.87847497965936,274.87847497965936,299.23828435223265,0.018295567960810562,0.018295567960810562,none,30.0,125,2,monophasic
Modulated_autosave_20260715_171433_605ms,Flex. carpi rad. (R),R_The_ED_FD_FCR D,10,300.23828435223265,308.23828435223265,332.59809372480953,0.08644235879856299,0.08644235879856299,none,30.0,125,2,monophasic
