source_file,muscle,channel,pulse,pulse_t_ms,win_start_ms,win_stop_ms,p2p,p2p_norm_pct,norm_mode,freq_hz,amp_ma,electrode,mode
Burst_autosave_20260715_170629_569ms,Deltoid med. (L),L_DELmed,1,0.0,8.0,32.359809372573764,0.037262530997395515,0.037262530997395515,none,30.0,10,2,monophasic
Burst_autosave_20260715_170629_569ms,Deltoid med. (L),L_DELmed,2,33.359809372573764,41.359809372573764,65.71961874514798,0.026184482499959166,0.026184482499959166,none,30.0,10,2,monophasic
Burst_autosave_20260715_170629_569ms,Deltoid med. (L),L_DELmed,3,66.71961874514798,74.71961874514798,99.07942811772219,0.026855878764765896,0.026855878764765896,none,30.0,10,2,monophasic
Burst_autosave_20260715_170629_569ms,Deltoid med. (L),L_DELmed,4,100.07942811772219,108.07942811772219,132.43923749029597,0.019974059192463752,0.019974059192463752,none,30.0,10,2,monophasic
Burst_autosave_20260715_170629_569ms,Deltoid med. (L),L_DELmed,5,133.43923749029597,141.43923749029597,165.79904686287017,0.022156099556016176,0.022156099556016176,none,30.0,10,2,monophasic
Burst_autosave_20260715_170629_569ms,Deltoid med. (L),L_DELmed,6,166.79904686287017,174.79904686287017,198.36457505915283,0.024170291377232568,0.024170291377232568,none,30.0,10,2,monophasic
Burst_autosave_20260715_170629_569ms,Deltoid med. (L),L_DELmed,7,199.36457505915283,207.36457505915283,232.51866560801858,0.027023727546817915,0.027023727546817915,none,30.0,10,2,monophasic
Burst_autosave_20260715_170629_569ms,Deltoid med. (L),L_DELmed,8,233.51866560801858,241.51866560801858,265.8784749796611,0.019470512634143365,0.019470512634143365,none,30.0,10,2,monophasic
Burst_autosave_20260715_170629_569ms,Deltoid med. (L),L_DELmed,9,266.8784749796611,274.8784749796611,299.2382843522353,0.019302662235662543,0.019302662235662543,none,30.0,10,2,monophasic
Burst_autosave_20260715_170629_569ms,Deltoid med. (L),L_DELmed,10,300.2382843522353,308.2382843522353,331.8038125494492,0.028534371407415004,0.028534371407415004,none,30.0,10,2,monophasic
Burst_autosave_20260715_170629_569ms,Deltoid med. (L),L_DELmed,1,0.0,8.0,32.359809372573764,0.05270466208457947,0.05270466208457947,none,30.0,20,2,monophasic
Burst_autosave_20260715_170629_569ms,Deltoid med. (L),L_DELmed,2,33.359809372573764,41.359809372573764,65.71961874514798,0.04179446119815556,0.04179446119815556,none,30.0,20,2,monophasic
Burst_autosave_20260715_170629_569ms,Deltoid med. (L),L_DELmed,3,66.71961874514798,74.71961874514798,99.07942811772219,0.04179446212947731,0.04179446212947731,none,30.0,20,2,monophasic
Burst_autosave_20260715_170629_569ms,Deltoid med. (L),L_DELmed,4,100.07942811772219,108.07942811772219,132.43923749029597,0.04531929455697534,0.04531929455697534,none,30.0,20,2,monophasic
Burst_autosave_20260715_170629_569ms,Deltoid med. (L),L_DELmed,5,133.43923749029597,141.43923749029597,165.79904686287017,0.04129091277718844,0.04129091277718844,none,30.0,20,2,monophasic
Burst_autosave_20260715_170629_569ms,Deltoid med. (L),L_DELmed,6,166.79904686287017,174.79904686287017,198.36457505915283,0.04028381872922554,0.04028381872922554,none,30.0,20,2,monophasic
Burst_autosave_20260715_170629_569ms,Deltoid med. (L),L_DELmed,7,199.36457505915283,207.36457505915283,232.51866560801858,0.046326389546893235,0.046326389546893235,none,30.0,20,2,monophasic
Burst_autosave_20260715_170629_569ms,Deltoid med. (L),L_DELmed,8,233.51866560801858,241.51866560801858,265.8784749796611,0.04364080354571347,0.04364080354571347,none,30.0,20,2,monophasic
Burst_autosave_20260715_170629_569ms,Deltoid med. (L),L_DELmed,9,266.8784749796611,274.8784749796611,299.2382843522353,0.04078736529285841,0.04078736529285841,none,30.0,20,2,monophasic
Burst_autosave_20260715_170629_569ms,Deltoid med. (L),L_DELmed,10,300.2382843522353,308.2382843522353,331.8038125494492,0.05236896313726597,0.05236896313726597,none,30.0,20,2,monophasic
Burst_autosave_20260715_170629_569ms,Deltoid med. (L),L_DELmed,1,0.0,8.0,32.359809372573764,0.07519645988941193,0.07519645988941193,none,30.0,30,2,monophasic
Burst_autosave_20260715_170629_569ms,Deltoid med. (L),L_DELmed,2,33.359809372573764,41.359809372573764,65.71961874514798,0.056229496374731874,0.056229496374731874,none,30.0,30,2,monophasic
Burst_autosave_20260715_170629_569ms,Deltoid med. (L),L_DELmed,3,66.71961874514798,74.71961874514798,99.07942811772219,0.05606164783239645,0.05606164783239645,none,30.0,30,2,monophasic
Burst_autosave_20260715_170629_569ms,Deltoid med. (L),L_DELmed,4,100.07942811772219,108.07942811772219,132.43923749029597,0.06160067021728694,0.06160067021728694,none,30.0,30,2,monophasic
Burst_autosave_20260715_170629_569ms,Deltoid med. (L),L_DELmed,5,133.43923749029597,141.43923749029597,165.79904686287017,0.06109712272882835,0.06109712272882835,none,30.0,30,2,monophasic
Burst_autosave_20260715_170629_569ms,Deltoid med. (L),L_DELmed,6,166.79904686287017,174.79904686287017,198.36457505915283,0.05874723568559251,0.05874723568559251,none,30.0,30,2,monophasic
Burst_autosave_20260715_170629_569ms,Deltoid med. (L),L_DELmed,7,199.36457505915283,207.36457505915283,232.51866560801858,0.06445411035621651,0.06445411035621651,none,30.0,30,2,monophasic
Burst_autosave_20260715_170629_569ms,Deltoid med. (L),L_DELmed,8,233.51866560801858,241.51866560801858,265.8784749796611,0.05908293277025234,0.05908293277025234,none,30.0,30,2,monophasic
Burst_autosave_20260715_170629_569ms,Deltoid med. (L),L_DELmed,9,266.8784749796611,274.8784749796611,299.2382843522353,0.05471885205988751,0.05471885205988751,none,30.0,30,2,monophasic
Burst_autosave_20260715_170629_569ms,Deltoid med. (L),L_DELmed,10,300.2382843522353,308.2382843522353,331.8038125494492,0.06646829843127512,0.06646829843127512,none,30.0,30,2,monophasic
Burst_autosave_20260715_170629_569ms,Deltoid med. (L),L_DELmed,1,0.0,8.0,32.359809372573764,0.10339513048529625,0.10339513048529625,none,30.0,40,2,monophasic
Burst_autosave_20260715_170629_569ms,Deltoid med. (L),L_DELmed,2,33.359809372573764,41.359809372573764,65.71961874514798,0.08426031842828033,0.08426031842828033,none,30.0,40,2,monophasic
Burst_autosave_20260715_170629_569ms,Deltoid med. (L),L_DELmed,3,66.71961874514798,74.71961874514798,99.07942811772219,0.09164568409324511,0.09164568409324511,none,30.0,40,2,monophasic
Burst_autosave_20260715_170629_569ms,Deltoid med. (L),L_DELmed,4,100.07942811772219,108.07942811772219,132.43923749029597,0.08258182927965951,0.08258182927965951,none,30.0,40,2,monophasic
Burst_autosave_20260715_170629_569ms,Deltoid med. (L),L_DELmed,5,133.43923749029597,141.43923749029597,165.79904686287017,0.08308537304402226,0.08308537304402226,none,30.0,40,2,monophasic
Burst_autosave_20260715_170629_569ms,Deltoid med. (L),L_DELmed,6,166.79904686287017,174.79904686287017,198.36457505915283,0.08123903348806774,0.08123903348806774,none,30.0,40,2,monophasic
Burst_autosave_20260715_170629_569ms,Deltoid med. (L),L_DELmed,7,199.36457505915283,207.36457505915283,232.51866560801858,0.08963149414076818,0.08963149414076818,none,30.0,40,2,monophasic
Burst_autosave_20260715_170629_569ms,Deltoid med. (L),L_DELmed,8,233.51866560801858,241.51866560801858,265.8784749796611,0.07838559523165817,0.07838559523165817,none,30.0,40,2,monophasic
Burst_autosave_20260715_170629_569ms,Deltoid med. (L),L_DELmed,9,266.8784749796611,274.8784749796611,299.2382843522353,0.07486076280908038,0.07486076280908038,none,30.0,40,2,monophasic
Burst_autosave_20260715_170629_569ms,Deltoid med. (L),L_DELmed,10,300.2382843522353,308.2382843522353,331.8038125494492,0.09600976480931632,0.09600976480931632,none,30.0,40,2,monophasic
Burst_autosave_20260715_170629_569ms,Deltoid med. (L),L_DELmed,1,0.0,8.0,32.359809372573764,0.16583505272865295,0.16583505272865295,none,30.0,50,2,monophasic
Burst_autosave_20260715_170629_569ms,Deltoid med. (L),L_DELmed,2,33.359809372573764,41.359809372573764,65.71961874514798,0.12588692829012615,0.12588692829012615,none,30.0,50,2,monophasic
Burst_autosave_20260715_170629_569ms,Deltoid med. (L),L_DELmed,3,66.71961874514798,74.71961874514798,99.07942811772219,0.13192950189114083,0.13192950189114083,none,30.0,50,2,monophasic
Burst_autosave_20260715_170629_569ms,Deltoid med. (L),L_DELmed,4,100.07942811772219,108.07942811772219,132.43923749029597,0.12185854837298393,0.12185854837298393,none,30.0,50,2,monophasic
Burst_autosave_20260715_170629_569ms,Deltoid med. (L),L_DELmed,5,133.43923749029597,141.43923749029597,165.79904686287017,0.1232013404294692,0.1232013404294692,none,30.0,50,2,monophasic
Burst_autosave_20260715_170629_569ms,Deltoid med. (L),L_DELmed,6,166.79904686287017,174.79904686287017,198.36457505915283,0.12286564334539157,0.12286564334539157,none,30.0,50,2,monophasic
Burst_autosave_20260715_170629_569ms,Deltoid med. (L),L_DELmed,7,199.36457505915283,207.36457505915283,232.51866560801858,0.1349507905759414,0.1349507905759414,none,30.0,50,2,monophasic
Burst_autosave_20260715_170629_569ms,Deltoid med. (L),L_DELmed,8,233.51866560801858,241.51866560801858,265.8784749796611,0.11934080718688392,0.11934080718688392,none,30.0,50,2,monophasic
Burst_autosave_20260715_170629_569ms,Deltoid med. (L),L_DELmed,9,266.8784749796611,274.8784749796611,299.2382843522353,0.11279468985656137,0.11279468985656137,none,30.0,50,2,monophasic
Burst_autosave_20260715_170629_569ms,Deltoid med. (L),L_DELmed,10,300.2382843522353,308.2382843522353,331.8038125494492,0.1329365968704162,0.1329365968704162,none,30.0,50,2,monophasic
Burst_autosave_20260715_170629_569ms,Deltoid med. (L),L_DELmed,1,0.0,8.0,32.359809372573764,0.18178072571754456,0.18178072571754456,none,30.0,60,2,monophasic
Burst_autosave_20260715_170629_569ms,Deltoid med. (L),L_DELmed,2,33.359809372573764,41.359809372573764,65.71961874514798,0.1596246287226638,0.1596246287226638,none,30.0,60,2,monophasic
Burst_autosave_20260715_170629_569ms,Deltoid med. (L),L_DELmed,3,66.71961874514798,74.71961874514798,99.07942811772219,0.1507286205887841,0.1507286205887841,none,30.0,60,2,monophasic
Burst_autosave_20260715_170629_569ms,Deltoid med. (L),L_DELmed,4,100.07942811772219,108.07942811772219,132.43923749029597,0.15945677459239951,0.15945677459239951,none,30.0,60,2,monophasic
Burst_autosave_20260715_170629_569ms,Deltoid med. (L),L_DELmed,5,133.43923749029597,141.43923749029597,165.79904686287017,0.14787518232019126,0.14787518232019126,none,30.0,60,2,monophasic
Burst_autosave_20260715_170629_569ms,Deltoid med. (L),L_DELmed,6,166.79904686287017,174.79904686287017,198.36457505915283,0.14435034616050724,0.14435034616050724,none,30.0,60,2,monophasic
Burst_autosave_20260715_170629_569ms,Deltoid med. (L),L_DELmed,7,199.36457505915283,207.36457505915283,232.51866560801858,0.16952773185867742,0.16952773185867742,none,30.0,60,2,monophasic
Burst_autosave_20260715_170629_569ms,Deltoid med. (L),L_DELmed,8,233.51866560801858,241.51866560801858,265.8784749796611,0.13998626917088997,0.13998626917088997,none,30.0,60,2,monophasic
Burst_autosave_20260715_170629_569ms,Deltoid med. (L),L_DELmed,9,266.8784749796611,274.8784749796611,299.2382843522353,0.14602883907061562,0.14602883907061562,none,30.0,60,2,monophasic
Burst_autosave_20260715_170629_569ms,Deltoid med. (L),L_DELmed,10,300.2382843522353,308.2382843522353,331.8038125494492,0.14837872609495525,0.14837872609495525,none,30.0,60,2,monophasic
Burst_autosave_20260715_170629_569ms,Deltoid med. (L),L_DELmed,1,0.0,8.0,32.359809372573764,0.2081330567598343,0.2081330567598343,none,30.0,70,2,monophasic
Burst_autosave_20260715_170629_569ms,Deltoid med. (L),L_DELmed,2,33.359809372573764,41.359809372573764,65.71961874514798,0.18496986478566518,0.18496986478566518,none,30.0,70,2,monophasic
Burst_autosave_20260715_170629_569ms,Deltoid med. (L),L_DELmed,3,66.71961874514798,74.71961874514798,99.07942811772219,0.18396276235581277,0.18396276235581277,none,30.0,70,2,monophasic
Burst_autosave_20260715_170629_569ms,Deltoid med. (L),L_DELmed,4,100.07942811772219,108.07942811772219,132.43923749029597,0.17154192924499512,0.17154192924499512,none,30.0,70,2,monophasic
Burst_autosave_20260715_170629_569ms,Deltoid med. (L),L_DELmed,5,133.43923749029597,141.43923749029597,165.79904686287017,0.1762417033224327,0.1762417033224327,none,30.0,70,2,monophasic
Burst_autosave_20260715_170629_569ms,Deltoid med. (L),L_DELmed,6,166.79904686287017,174.79904686287017,198.36457505915283,0.17422751335953393,0.17422751335953393,none,30.0,70,2,monophasic
Burst_autosave_20260715_170629_569ms,Deltoid med. (L),L_DELmed,7,199.36457505915283,207.36457505915283,232.51866560801858,0.18966963889458416,0.18966963889458416,none,30.0,70,2,monophasic
Burst_autosave_20260715_170629_569ms,Deltoid med. (L),L_DELmed,8,233.51866560801858,241.51866560801858,265.8784749796611,0.15609979627706133,0.15609979627706133,none,30.0,70,2,monophasic
Burst_autosave_20260715_170629_569ms,Deltoid med. (L),L_DELmed,9,266.8784749796611,274.8784749796611,299.2382843522353,0.16046387704648216,0.16046387704648216,none,30.0,70,2,monophasic
Burst_autosave_20260715_170629_569ms,Deltoid med. (L),L_DELmed,10,300.2382843522353,308.2382843522353,331.8038125494492,0.17976653575897075,0.17976653575897075,none,30.0,70,2,monophasic
Burst_autosave_20260715_170629_569ms,Biceps (L),L_BB,1,0.0,8.0,32.359809372573764,,,none,30.0,10,2,monophasic
Burst_autosave_20260715_170629_569ms,Biceps (L),L_BB,2,33.359809372573764,41.359809372573764,65.71961874514798,,,none,30.0,10,2,monophasic
Burst_autosave_20260715_170629_569ms,Biceps (L),L_BB,3,66.71961874514798,74.71961874514798,99.07942811772219,,,none,30.0,10,2,monophasic
Burst_autosave_20260715_170629_569ms,Biceps (L),L_BB,4,100.07942811772219,108.07942811772219,132.43923749029597,,,none,30.0,10,2,monophasic
Burst_autosave_20260715_170629_569ms,Biceps (L),L_BB,5,133.43923749029597,141.43923749029597,165.79904686287017,,,none,30.0,10,2,monophasic
Burst_autosave_20260715_170629_569ms,Biceps (L),L_BB,6,166.79904686287017,174.79904686287017,198.36457505915283,,,none,30.0,10,2,monophasic
Burst_autosave_20260715_170629_569ms,Biceps (L),L_BB,7,199.36457505915283,207.36457505915283,232.51866560801858,,,none,30.0,10,2,monophasic
Burst_autosave_20260715_170629_569ms,Biceps (L),L_BB,8,233.51866560801858,241.51866560801858,265.8784749796611,,,none,30.0,10,2,monophasic
Burst_autosave_20260715_170629_569ms,Biceps (L),L_BB,9,266.8784749796611,274.8784749796611,299.2382843522353,,,none,30.0,10,2,monophasic
Burst_autosave_20260715_170629_569ms,Biceps (L),L_BB,10,300.2382843522353,308.2382843522353,331.8038125494492,,,none,30.0,10,2,monophasic
Burst_autosave_20260715_170629_569ms,Biceps (L),L_BB,1,0.0,8.0,32.359809372573764,,,none,30.0,20,2,monophasic
Burst_autosave_20260715_170629_569ms,Biceps (L),L_BB,2,33.359809372573764,41.359809372573764,65.71961874514798,,,none,30.0,20,2,monophasic
Burst_autosave_20260715_170629_569ms,Biceps (L),L_BB,3,66.71961874514798,74.71961874514798,99.07942811772219,,,none,30.0,20,2,monophasic
Burst_autosave_20260715_170629_569ms,Biceps (L),L_BB,4,100.07942811772219,108.07942811772219,132.43923749029597,,,none,30.0,20,2,monophasic
Burst_autosave_20260715_170629_569ms,Biceps (L),L_BB,5,133.43923749029597,141.43923749029597,165.79904686287017,,,none,30.0,20,2,monophasic
Burst_autosave_20260715_170629_569ms,Biceps (L),L_BB,6,166.79904686287017,174.79904686287017,198.36457505915283,,,none,30.0,20,2,monophasic
Burst_autosave_20260715_170629_569ms,Biceps (L),L_BB,7,199.36457505915283,207.36457505915283,232.51866560801858,,,none,30.0,20,2,monophasic
Burst_autosave_20260715_170629_569ms,Biceps (L),L_BB,8,233.51866560801858,241.51866560801858,265.8784749796611,,,none,30.0,20,2,monophasic
Burst_autosave_20260715_170629_569ms,Biceps (L),L_BB,9,266.8784749796611,274.8784749796611,299.2382843522353,,,none,30.0,20,2,monophasic
Burst_autosave_20260715_170629_569ms,Biceps (L),L_BB,10,300.2382843522353,308.2382843522353,331.8038125494492,,,none,30.0,20,2,monophasic
Burst_autosave_20260715_170629_569ms,Biceps (L),L_BB,1,0.0,8.0,32.359809372573764,,,none,30.0,30,2,monophasic
Burst_autosave_20260715_170629_569ms,Biceps (L),L_BB,2,33.359809372573764,41.359809372573764,65.71961874514798,,,none,30.0,30,2,monophasic
Burst_autosave_20260715_170629_569ms,Biceps (L),L_BB,3,66.71961874514798,74.71961874514798,99.07942811772219,,,none,30.0,30,2,monophasic
Burst_autosave_20260715_170629_569ms,Biceps (L),L_BB,4,100.07942811772219,108.07942811772219,132.43923749029597,,,none,30.0,30,2,monophasic
Burst_autosave_20260715_170629_569ms,Biceps (L),L_BB,5,133.43923749029597,141.43923749029597,165.79904686287017,,,none,30.0,30,2,monophasic
Burst_autosave_20260715_170629_569ms,Biceps (L),L_BB,6,166.79904686287017,174.79904686287017,198.36457505915283,,,none,30.0,30,2,monophasic
Burst_autosave_20260715_170629_569ms,Biceps (L),L_BB,7,199.36457505915283,207.36457505915283,232.51866560801858,,,none,30.0,30,2,monophasic
Burst_autosave_20260715_170629_569ms,Biceps (L),L_BB,8,233.51866560801858,241.51866560801858,265.8784749796611,,,none,30.0,30,2,monophasic
Burst_autosave_20260715_170629_569ms,Biceps (L),L_BB,9,266.8784749796611,274.8784749796611,299.2382843522353,,,none,30.0,30,2,monophasic
Burst_autosave_20260715_170629_569ms,Biceps (L),L_BB,10,300.2382843522353,308.2382843522353,331.8038125494492,,,none,30.0,30,2,monophasic
Burst_autosave_20260715_170629_569ms,Biceps (L),L_BB,1,0.0,8.0,32.359809372573764,,,none,30.0,40,2,monophasic
Burst_autosave_20260715_170629_569ms,Biceps (L),L_BB,2,33.359809372573764,41.359809372573764,65.71961874514798,,,none,30.0,40,2,monophasic
Burst_autosave_20260715_170629_569ms,Biceps (L),L_BB,3,66.71961874514798,74.71961874514798,99.07942811772219,,,none,30.0,40,2,monophasic
Burst_autosave_20260715_170629_569ms,Biceps (L),L_BB,4,100.07942811772219,108.07942811772219,132.43923749029597,,,none,30.0,40,2,monophasic
Burst_autosave_20260715_170629_569ms,Biceps (L),L_BB,5,133.43923749029597,141.43923749029597,165.79904686287017,,,none,30.0,40,2,monophasic
Burst_autosave_20260715_170629_569ms,Biceps (L),L_BB,6,166.79904686287017,174.79904686287017,198.36457505915283,,,none,30.0,40,2,monophasic
Burst_autosave_20260715_170629_569ms,Biceps (L),L_BB,7,199.36457505915283,207.36457505915283,232.51866560801858,,,none,30.0,40,2,monophasic
Burst_autosave_20260715_170629_569ms,Biceps (L),L_BB,8,233.51866560801858,241.51866560801858,265.8784749796611,,,none,30.0,40,2,monophasic
Burst_autosave_20260715_170629_569ms,Biceps (L),L_BB,9,266.8784749796611,274.8784749796611,299.2382843522353,,,none,30.0,40,2,monophasic
Burst_autosave_20260715_170629_569ms,Biceps (L),L_BB,10,300.2382843522353,308.2382843522353,331.8038125494492,,,none,30.0,40,2,monophasic
Burst_autosave_20260715_170629_569ms,Biceps (L),L_BB,1,0.0,8.0,32.359809372573764,,,none,30.0,50,2,monophasic
Burst_autosave_20260715_170629_569ms,Biceps (L),L_BB,2,33.359809372573764,41.359809372573764,65.71961874514798,,,none,30.0,50,2,monophasic
Burst_autosave_20260715_170629_569ms,Biceps (L),L_BB,3,66.71961874514798,74.71961874514798,99.07942811772219,,,none,30.0,50,2,monophasic
Burst_autosave_20260715_170629_569ms,Biceps (L),L_BB,4,100.07942811772219,108.07942811772219,132.43923749029597,,,none,30.0,50,2,monophasic
Burst_autosave_20260715_170629_569ms,Biceps (L),L_BB,5,133.43923749029597,141.43923749029597,165.79904686287017,,,none,30.0,50,2,monophasic
Burst_autosave_20260715_170629_569ms,Biceps (L),L_BB,6,166.79904686287017,174.79904686287017,198.36457505915283,,,none,30.0,50,2,monophasic
Burst_autosave_20260715_170629_569ms,Biceps (L),L_BB,7,199.36457505915283,207.36457505915283,232.51866560801858,,,none,30.0,50,2,monophasic
Burst_autosave_20260715_170629_569ms,Biceps (L),L_BB,8,233.51866560801858,241.51866560801858,265.8784749796611,,,none,30.0,50,2,monophasic
Burst_autosave_20260715_170629_569ms,Biceps (L),L_BB,9,266.8784749796611,274.8784749796611,299.2382843522353,,,none,30.0,50,2,monophasic
Burst_autosave_20260715_170629_569ms,Biceps (L),L_BB,10,300.2382843522353,308.2382843522353,331.8038125494492,,,none,30.0,50,2,monophasic
Burst_autosave_20260715_170629_569ms,Biceps (L),L_BB,1,0.0,8.0,32.359809372573764,0.07452506385743618,0.07452506385743618,none,30.0,60,2,monophasic
Burst_autosave_20260715_170629_569ms,Biceps (L),L_BB,2,33.359809372573764,41.359809372573764,65.71961874514798,0.08073548413813109,0.08073548413813109,none,30.0,60,2,monophasic
Burst_autosave_20260715_170629_569ms,Biceps (L),L_BB,3,66.71961874514798,74.71961874514798,99.07942811772219,0.083588922396302,0.083588922396302,none,30.0,60,2,monophasic
Burst_autosave_20260715_170629_569ms,Biceps (L),L_BB,4,100.07942811772219,108.07942811772219,132.43923749029597,0.08191042765974989,0.08191042765974989,none,30.0,60,2,monophasic
Burst_autosave_20260715_170629_569ms,Biceps (L),L_BB,5,133.43923749029597,141.43923749029597,165.79904686287017,0.08342107385395793,0.08342107385395793,none,30.0,60,2,monophasic
Burst_autosave_20260715_170629_569ms,Biceps (L),L_BB,6,166.79904686287017,174.79904686287017,198.36457505915283,0.08409247174858557,0.08409247174858557,none,30.0,60,2,monophasic
Burst_autosave_20260715_170629_569ms,Biceps (L),L_BB,7,199.36457505915283,207.36457505915283,232.51866560801858,0.08493171631266047,0.08493171631266047,none,30.0,60,2,monophasic
Burst_autosave_20260715_170629_569ms,Biceps (L),L_BB,8,233.51866560801858,241.51866560801858,265.8784749796611,0.0751964598894118,0.0751964598894118,none,30.0,60,2,monophasic
Burst_autosave_20260715_170629_569ms,Biceps (L),L_BB,9,266.8784749796611,274.8784749796611,299.2382843522353,0.08325322530533663,0.08325322530533663,none,30.0,60,2,monophasic
Burst_autosave_20260715_170629_569ms,Biceps (L),L_BB,10,300.2382843522353,308.2382843522353,331.8038125494492,0.08224612846419416,0.08224612846419416,none,30.0,60,2,monophasic
Burst_autosave_20260715_170629_569ms,Biceps (L),L_BB,1,0.0,8.0,32.359809372573764,0.07905699126422405,0.07905699126422405,none,30.0,70,2,monophasic
Burst_autosave_20260715_170629_569ms,Biceps (L),L_BB,2,33.359809372573764,41.359809372573764,65.71961874514798,0.07754634879528922,0.07754634879528922,none,30.0,70,2,monophasic
Burst_autosave_20260715_170629_569ms,Biceps (L),L_BB,3,66.71961874514798,74.71961874514798,99.07942811772219,0.08845654875039963,0.08845654875039963,none,30.0,70,2,monophasic
Burst_autosave_20260715_170629_569ms,Biceps (L),L_BB,4,100.07942811772219,108.07942811772219,132.43923749029597,0.08761730417609215,0.08761730417609215,none,30.0,70,2,monophasic
Burst_autosave_20260715_170629_569ms,Biceps (L),L_BB,5,133.43923749029597,141.43923749029597,165.79904686287017,0.08661020919561552,0.08661020919561552,none,30.0,70,2,monophasic
Burst_autosave_20260715_170629_569ms,Biceps (L),L_BB,6,166.79904686287017,174.79904686287017,198.36457505915283,0.0906385909765933,0.0906385909765933,none,30.0,70,2,monophasic
Burst_autosave_20260715_170629_569ms,Biceps (L),L_BB,7,199.36457505915283,207.36457505915283,232.51866560801858,0.08157473056642142,0.08157473056642142,none,30.0,70,2,monophasic
Burst_autosave_20260715_170629_569ms,Biceps (L),L_BB,8,233.51866560801858,241.51866560801858,265.8784749796611,0.07486076280474663,0.07486076280474663,none,30.0,70,2,monophasic
Burst_autosave_20260715_170629_569ms,Biceps (L),L_BB,9,266.8784749796611,274.8784749796611,299.2382843522353,0.08409246988730781,0.08409246988730781,none,30.0,70,2,monophasic
Burst_autosave_20260715_170629_569ms,Biceps (L),L_BB,10,300.2382843522353,308.2382843522353,331.8038125494492,0.0772106517098419,0.0772106517098419,none,30.0,70,2,monophasic
Burst_autosave_20260715_170629_569ms,Triceps long (L),L_TBlg,1,0.0,8.0,32.359809372573764,,,none,30.0,10,2,monophasic
Burst_autosave_20260715_170629_569ms,Triceps long (L),L_TBlg,2,33.359809372573764,41.359809372573764,65.71961874514798,,,none,30.0,10,2,monophasic
Burst_autosave_20260715_170629_569ms,Triceps long (L),L_TBlg,3,66.71961874514798,74.71961874514798,99.07942811772219,,,none,30.0,10,2,monophasic
Burst_autosave_20260715_170629_569ms,Triceps long (L),L_TBlg,4,100.07942811772219,108.07942811772219,132.43923749029597,,,none,30.0,10,2,monophasic
Burst_autosave_20260715_170629_569ms,Triceps long (L),L_TBlg,5,133.43923749029597,141.43923749029597,165.79904686287017,,,none,30.0,10,2,monophasic
Burst_autosave_20260715_170629_569ms,Triceps long (L),L_TBlg,6,166.79904686287017,174.79904686287017,198.36457505915283,,,none,30.0,10,2,monophasic
Burst_autosave_20260715_170629_569ms,Triceps long (L),L_TBlg,7,199.36457505915283,207.36457505915283,232.51866560801858,,,none,30.0,10,2,monophasic
Burst_autosave_20260715_170629_569ms,Triceps long (L),L_TBlg,8,233.51866560801858,241.51866560801858,265.8784749796611,,,none,30.0,10,2,monophasic
Burst_autosave_20260715_170629_569ms,Triceps long (L),L_TBlg,9,266.8784749796611,274.8784749796611,299.2382843522353,,,none,30.0,10,2,monophasic
Burst_autosave_20260715_170629_569ms,Triceps long (L),L_TBlg,10,300.2382843522353,308.2382843522353,331.8038125494492,,,none,30.0,10,2,monophasic
Burst_autosave_20260715_170629_569ms,Triceps long (L),L_TBlg,1,0.0,8.0,32.359809372573764,0.015945678111165762,0.015945678111165762,none,30.0,20,2,monophasic
Burst_autosave_20260715_170629_569ms,Triceps long (L),L_TBlg,2,33.359809372573764,41.359809372573764,65.71961874514798,0.011078050127251526,0.011078050127251526,none,30.0,20,2,monophasic
Burst_autosave_20260715_170629_569ms,Triceps long (L),L_TBlg,3,66.71961874514798,74.71961874514798,99.07942811772219,0.009903105441481062,0.009903105441481062,none,30.0,20,2,monophasic
Burst_autosave_20260715_170629_569ms,Triceps long (L),L_TBlg,4,100.07942811772219,108.07942811772219,132.43923749029597,0.01628137612715363,0.01628137612715363,none,30.0,20,2,monophasic
Burst_autosave_20260715_170629_569ms,Triceps long (L),L_TBlg,5,133.43923749029597,141.43923749029597,165.79904686287017,0.013763638213276131,0.013763638213276131,none,30.0,20,2,monophasic
Burst_autosave_20260715_170629_569ms,Triceps long (L),L_TBlg,6,166.79904686287017,174.79904686287017,198.36457505915283,0.011413748608902078,0.011413748608902078,none,30.0,20,2,monophasic
Burst_autosave_20260715_170629_569ms,Triceps long (L),L_TBlg,7,199.36457505915283,207.36457505915283,232.51866560801858,0.013427939265965343,0.013427939265965343,none,30.0,20,2,monophasic
Burst_autosave_20260715_170629_569ms,Triceps long (L),L_TBlg,8,233.51866560801858,241.51866560801858,265.8784749796611,0.01661707507446406,0.01661707507446406,none,30.0,20,2,monophasic
Burst_autosave_20260715_170629_569ms,Triceps long (L),L_TBlg,9,266.8784749796611,274.8784749796611,299.2382843522353,0.011749447094489048,0.011749447094489048,none,30.0,20,2,monophasic
Burst_autosave_20260715_170629_569ms,Triceps long (L),L_TBlg,10,300.2382843522353,308.2382843522353,331.8038125494492,0.013092241249978483,0.013092241249978483,none,30.0,20,2,monophasic
Burst_autosave_20260715_170629_569ms,Triceps long (L),L_TBlg,1,0.0,8.0,32.359809372573764,0.01846341695636511,0.01846341695636511,none,30.0,30,2,monophasic
Burst_autosave_20260715_170629_569ms,Triceps long (L),L_TBlg,2,33.359809372573764,41.359809372573764,65.71961874514798,0.007553215837104784,0.007553215837104784,none,30.0,30,2,monophasic
Burst_autosave_20260715_170629_569ms,Triceps long (L),L_TBlg,3,66.71961874514798,74.71961874514798,99.07942811772219,0.01443503517303725,0.01443503517303725,none,30.0,30,2,monophasic
Burst_autosave_20260715_170629_569ms,Triceps long (L),L_TBlg,4,100.07942811772219,108.07942811772219,132.43923749029597,0.020813305862247937,0.020813305862247937,none,30.0,30,2,monophasic
Burst_autosave_20260715_170629_569ms,Triceps long (L),L_TBlg,5,133.43923749029597,141.43923749029597,165.79904686287017,0.017456321043394046,0.017456321043394046,none,30.0,30,2,monophasic
Burst_autosave_20260715_170629_569ms,Triceps long (L),L_TBlg,6,166.79904686287017,174.79904686287017,198.36457505915283,0.013763638213280215,0.013763638213280215,none,30.0,30,2,monophasic
Burst_autosave_20260715_170629_569ms,Triceps long (L),L_TBlg,7,199.36457505915283,207.36457505915283,232.51866560801858,0.014099336701226484,0.014099336701226484,none,30.0,30,2,monophasic
Burst_autosave_20260715_170629_569ms,Triceps long (L),L_TBlg,8,233.51866560801858,241.51866560801858,265.8784749796611,0.015274281613528706,0.015274281613528706,none,30.0,30,2,monophasic
Burst_autosave_20260715_170629_569ms,Triceps long (L),L_TBlg,9,266.8784749796611,274.8784749796611,299.2382843522353,0.012252994812631167,0.012252994812631167,none,30.0,30,2,monophasic
Burst_autosave_20260715_170629_569ms,Triceps long (L),L_TBlg,10,300.2382843522353,308.2382843522353,331.8038125494492,0.02081330539619299,0.02081330539619299,none,30.0,30,2,monophasic
Burst_autosave_20260715_170629_569ms,Triceps long (L),L_TBlg,1,0.0,8.0,32.359809372573764,0.021316853817552328,0.021316853817552328,none,30.0,40,2,monophasic
Burst_autosave_20260715_170629_569ms,Triceps long (L),L_TBlg,2,33.359809372573764,41.359809372573764,65.71961874514798,0.013427939265965753,0.013427939265965753,none,30.0,40,2,monophasic
Burst_autosave_20260715_170629_569ms,Triceps long (L),L_TBlg,3,66.71961874514798,74.71961874514798,99.07942811772219,0.012420844053850322,0.012420844053850322,none,30.0,40,2,monophasic
Burst_autosave_20260715_170629_569ms,Triceps long (L),L_TBlg,4,100.07942811772219,108.07942811772219,132.43923749029597,0.01644922606647014,0.01644922606647014,none,30.0,40,2,monophasic
Burst_autosave_20260715_170629_569ms,Triceps long (L),L_TBlg,5,133.43923749029597,141.43923749029597,165.79904686287017,0.009063859232634874,0.009063859232634874,none,30.0,40,2,monophasic
Burst_autosave_20260715_170629_569ms,Triceps long (L),L_TBlg,6,166.79904686287017,174.79904686287017,198.36457505915283,0.013595788273961941,0.013595788273961941,none,30.0,40,2,monophasic
Burst_autosave_20260715_170629_569ms,Triceps long (L),L_TBlg,7,199.36457505915283,207.36457505915283,232.51866560801858,0.018799114977864347,0.018799114977864347,none,30.0,40,2,monophasic
Burst_autosave_20260715_170629_569ms,Triceps long (L),L_TBlg,8,233.51866560801858,241.51866560801858,265.8784749796611,0.011917295865715213,0.011917295865715213,none,30.0,40,2,monophasic
Burst_autosave_20260715_170629_569ms,Triceps long (L),L_TBlg,9,266.8784749796611,274.8784749796611,299.2382843522353,0.015777829104746992,0.015777829104746992,none,30.0,40,2,monophasic
Burst_autosave_20260715_170629_569ms,Triceps long (L),L_TBlg,10,300.2382843522353,308.2382843522353,331.8038125494492,0.02685587760061073,0.02685587760061073,none,30.0,40,2,monophasic
Burst_autosave_20260715_170629_569ms,Triceps long (L),L_TBlg,1,0.0,8.0,32.359809372573764,0.029541465919464827,0.029541465919464827,none,30.0,50,2,monophasic
Burst_autosave_20260715_170629_569ms,Triceps long (L),L_TBlg,2,33.359809372573764,41.359809372573764,65.71961874514798,0.015274281147868954,0.015274281147868954,none,30.0,50,2,monophasic
Burst_autosave_20260715_170629_569ms,Triceps long (L),L_TBlg,3,66.71961874514798,74.71961874514798,99.07942811772219,0.022995346225801176,0.022995346225801176,none,30.0,50,2,monophasic
Burst_autosave_20260715_170629_569ms,Triceps long (L),L_TBlg,4,100.07942811772219,108.07942811772219,132.43923749029597,0.025848782621324038,0.025848782621324038,none,30.0,50,2,monophasic
Burst_autosave_20260715_170629_569ms,Triceps long (L),L_TBlg,5,133.43923749029597,141.43923749029597,165.79904686287017,0.02618448156863824,0.02618448156863824,none,30.0,50,2,monophasic
Burst_autosave_20260715_170629_569ms,Triceps long (L),L_TBlg,6,166.79904686287017,174.79904686287017,198.36457505915283,0.027862973511221342,0.027862973511221342,none,30.0,50,2,monophasic
Burst_autosave_20260715_170629_569ms,Triceps long (L),L_TBlg,7,199.36457505915283,207.36457505915283,232.51866560801858,0.030212864280140764,0.030212864280140764,none,30.0,50,2,monophasic
Burst_autosave_20260715_170629_569ms,Triceps long (L),L_TBlg,8,233.51866560801858,241.51866560801858,265.8784749796611,0.02081330586224803,0.02081330586224803,none,30.0,50,2,monophasic
Burst_autosave_20260715_170629_569ms,Triceps long (L),L_TBlg,9,266.8784749796611,274.8784749796611,299.2382843522353,0.02215609978844921,0.02215609978844921,none,30.0,50,2,monophasic
Burst_autosave_20260715_170629_569ms,Triceps long (L),L_TBlg,10,300.2382843522353,308.2382843522353,331.8038125494492,0.03625543601810907,0.03625543601810907,none,30.0,50,2,monophasic
Burst_autosave_20260715_170629_569ms,Triceps long (L),L_TBlg,1,0.0,8.0,32.359809372573764,0.18815899267792702,0.18815899267792702,none,30.0,60,2,monophasic
Burst_autosave_20260715_170629_569ms,Triceps long (L),L_TBlg,2,33.359809372573764,41.359809372573764,65.71961874514798,0.18983748927706137,0.18983748927706137,none,30.0,60,2,monophasic
Burst_autosave_20260715_170629_569ms,Triceps long (L),L_TBlg,3,66.71961874514798,74.71961874514798,99.07942811772219,0.1853055590763688,0.1853055590763688,none,30.0,60,2,monophasic
Burst_autosave_20260715_170629_569ms,Triceps long (L),L_TBlg,4,100.07942811772219,108.07942811772219,132.43923749029597,0.22491798736155033,0.22491798736155033,none,30.0,60,2,monophasic
Burst_autosave_20260715_170629_569ms,Triceps long (L),L_TBlg,5,133.43923749029597,141.43923749029597,165.79904686287017,0.22609293088310434,0.22609293088310434,none,30.0,60,2,monophasic
Burst_autosave_20260715_170629_569ms,Triceps long (L),L_TBlg,6,166.79904686287017,174.79904686287017,198.36457505915283,0.23868162552368583,0.23868162552368583,none,30.0,60,2,monophasic
Burst_autosave_20260715_170629_569ms,Triceps long (L),L_TBlg,7,199.36457505915283,207.36457505915283,232.51866560801858,0.25781643762810347,0.25781643762810347,none,30.0,60,2,monophasic
Burst_autosave_20260715_170629_569ms,Triceps long (L),L_TBlg,8,233.51866560801858,241.51866560801858,265.8784749796611,0.23196765400028496,0.23196765400028496,none,30.0,60,2,monophasic
Burst_autosave_20260715_170629_569ms,Triceps long (L),L_TBlg,9,266.8784749796611,274.8784749796611,299.2382843522353,0.2443884983682289,0.2443884983682289,none,30.0,60,2,monophasic
Burst_autosave_20260715_170629_569ms,Triceps long (L),L_TBlg,10,300.2382843522353,308.2382843522353,331.8038125494492,0.23163194581866192,0.23163194581866192,none,30.0,60,2,monophasic
Burst_autosave_20260715_170629_569ms,Triceps long (L),L_TBlg,1,0.0,8.0,32.359809372573764,0.19537651352584362,0.19537651352584362,none,30.0,70,2,monophasic
Burst_autosave_20260715_170629_569ms,Triceps long (L),L_TBlg,2,33.359809372573764,41.359809372573764,65.71961874514798,0.20762951485812947,0.20762951485812947,none,30.0,70,2,monophasic
Burst_autosave_20260715_170629_569ms,Triceps long (L),L_TBlg,3,66.71961874514798,74.71961874514798,99.07942811772219,0.21971465647215224,0.21971465647215224,none,30.0,70,2,monophasic
Burst_autosave_20260715_170629_569ms,Triceps long (L),L_TBlg,4,100.07942811772219,108.07942811772219,132.43923749029597,0.2502632178366181,0.2502632178366181,none,30.0,70,2,monophasic
Burst_autosave_20260715_170629_569ms,Triceps long (L),L_TBlg,5,133.43923749029597,141.43923749029597,165.79904686287017,0.23364613575283694,0.23364613575283694,none,30.0,70,2,monophasic
Burst_autosave_20260715_170629_569ms,Triceps long (L),L_TBlg,6,166.79904686287017,174.79904686287017,198.36457505915283,0.22357519154181277,0.22357519154181277,none,30.0,70,2,monophasic
Burst_autosave_20260715_170629_569ms,Triceps long (L),L_TBlg,7,199.36457505915283,207.36457505915283,232.51866560801858,0.24505989625376873,0.24505989625376873,none,30.0,70,2,monophasic
Burst_autosave_20260715_170629_569ms,Triceps long (L),L_TBlg,8,233.51866560801858,241.51866560801858,265.8784749796611,0.21316853718986098,0.21316853718986098,none,30.0,70,2,monophasic
Burst_autosave_20260715_170629_569ms,Triceps long (L),L_TBlg,9,266.8784749796611,274.8784749796611,299.2382843522353,0.20292973057494593,0.20292973057494593,none,30.0,70,2,monophasic
Burst_autosave_20260715_170629_569ms,Triceps long (L),L_TBlg,10,300.2382843522353,308.2382843522353,331.8038125494492,0.2410315126180618,0.2410315126180618,none,30.0,70,2,monophasic
Burst_autosave_20260715_170629_569ms,Thenar (L),L_The_ED_FD_FCR A,1,0.0,8.0,32.359809372573764,,,none,30.0,10,2,monophasic
Burst_autosave_20260715_170629_569ms,Thenar (L),L_The_ED_FD_FCR A,2,33.359809372573764,41.359809372573764,65.71961874514798,,,none,30.0,10,2,monophasic
Burst_autosave_20260715_170629_569ms,Thenar (L),L_The_ED_FD_FCR A,3,66.71961874514798,74.71961874514798,99.07942811772219,,,none,30.0,10,2,monophasic
Burst_autosave_20260715_170629_569ms,Thenar (L),L_The_ED_FD_FCR A,4,100.07942811772219,108.07942811772219,132.43923749029597,,,none,30.0,10,2,monophasic
Burst_autosave_20260715_170629_569ms,Thenar (L),L_The_ED_FD_FCR A,5,133.43923749029597,141.43923749029597,165.79904686287017,,,none,30.0,10,2,monophasic
Burst_autosave_20260715_170629_569ms,Thenar (L),L_The_ED_FD_FCR A,6,166.79904686287017,174.79904686287017,198.36457505915283,,,none,30.0,10,2,monophasic
Burst_autosave_20260715_170629_569ms,Thenar (L),L_The_ED_FD_FCR A,7,199.36457505915283,207.36457505915283,232.51866560801858,,,none,30.0,10,2,monophasic
Burst_autosave_20260715_170629_569ms,Thenar (L),L_The_ED_FD_FCR A,8,233.51866560801858,241.51866560801858,265.8784749796611,,,none,30.0,10,2,monophasic
Burst_autosave_20260715_170629_569ms,Thenar (L),L_The_ED_FD_FCR A,9,266.8784749796611,274.8784749796611,299.2382843522353,,,none,30.0,10,2,monophasic
Burst_autosave_20260715_170629_569ms,Thenar (L),L_The_ED_FD_FCR A,10,300.2382843522353,308.2382843522353,331.8038125494492,,,none,30.0,10,2,monophasic
Burst_autosave_20260715_170629_569ms,Thenar (L),L_The_ED_FD_FCR A,1,0.0,8.0,32.359809372573764,,,none,30.0,20,2,monophasic
Burst_autosave_20260715_170629_569ms,Thenar (L),L_The_ED_FD_FCR A,2,33.359809372573764,41.359809372573764,65.71961874514798,,,none,30.0,20,2,monophasic
Burst_autosave_20260715_170629_569ms,Thenar (L),L_The_ED_FD_FCR A,3,66.71961874514798,74.71961874514798,99.07942811772219,,,none,30.0,20,2,monophasic
Burst_autosave_20260715_170629_569ms,Thenar (L),L_The_ED_FD_FCR A,4,100.07942811772219,108.07942811772219,132.43923749029597,,,none,30.0,20,2,monophasic
Burst_autosave_20260715_170629_569ms,Thenar (L),L_The_ED_FD_FCR A,5,133.43923749029597,141.43923749029597,165.79904686287017,,,none,30.0,20,2,monophasic
Burst_autosave_20260715_170629_569ms,Thenar (L),L_The_ED_FD_FCR A,6,166.79904686287017,174.79904686287017,198.36457505915283,,,none,30.0,20,2,monophasic
Burst_autosave_20260715_170629_569ms,Thenar (L),L_The_ED_FD_FCR A,7,199.36457505915283,207.36457505915283,232.51866560801858,,,none,30.0,20,2,monophasic
Burst_autosave_20260715_170629_569ms,Thenar (L),L_The_ED_FD_FCR A,8,233.51866560801858,241.51866560801858,265.8784749796611,,,none,30.0,20,2,monophasic
Burst_autosave_20260715_170629_569ms,Thenar (L),L_The_ED_FD_FCR A,9,266.8784749796611,274.8784749796611,299.2382843522353,,,none,30.0,20,2,monophasic
Burst_autosave_20260715_170629_569ms,Thenar (L),L_The_ED_FD_FCR A,10,300.2382843522353,308.2382843522353,331.8038125494492,,,none,30.0,20,2,monophasic
Burst_autosave_20260715_170629_569ms,Thenar (L),L_The_ED_FD_FCR A,1,0.0,8.0,32.359809372573764,,,none,30.0,30,2,monophasic
Burst_autosave_20260715_170629_569ms,Thenar (L),L_The_ED_FD_FCR A,2,33.359809372573764,41.359809372573764,65.71961874514798,,,none,30.0,30,2,monophasic
Burst_autosave_20260715_170629_569ms,Thenar (L),L_The_ED_FD_FCR A,3,66.71961874514798,74.71961874514798,99.07942811772219,,,none,30.0,30,2,monophasic
Burst_autosave_20260715_170629_569ms,Thenar (L),L_The_ED_FD_FCR A,4,100.07942811772219,108.07942811772219,132.43923749029597,,,none,30.0,30,2,monophasic
Burst_autosave_20260715_170629_569ms,Thenar (L),L_The_ED_FD_FCR A,5,133.43923749029597,141.43923749029597,165.79904686287017,,,none,30.0,30,2,monophasic
Burst_autosave_20260715_170629_569ms,Thenar (L),L_The_ED_FD_FCR A,6,166.79904686287017,174.79904686287017,198.36457505915283,,,none,30.0,30,2,monophasic
Burst_autosave_20260715_170629_569ms,Thenar (L),L_The_ED_FD_FCR A,7,199.36457505915283,207.36457505915283,232.51866560801858,,,none,30.0,30,2,monophasic
Burst_autosave_20260715_170629_569ms,Thenar (L),L_The_ED_FD_FCR A,8,233.51866560801858,241.51866560801858,265.8784749796611,,,none,30.0,30,2,monophasic
Burst_autosave_20260715_170629_569ms,Thenar (L),L_The_ED_FD_FCR A,9,266.8784749796611,274.8784749796611,299.2382843522353,,,none,30.0,30,2,monophasic
Burst_autosave_20260715_170629_569ms,Thenar (L),L_The_ED_FD_FCR A,10,300.2382843522353,308.2382843522353,331.8038125494492,,,none,30.0,30,2,monophasic
Burst_autosave_20260715_170629_569ms,Thenar (L),L_The_ED_FD_FCR A,1,0.0,8.0,32.359809372573764,,,none,30.0,40,2,monophasic
Burst_autosave_20260715_170629_569ms,Thenar (L),L_The_ED_FD_FCR A,2,33.359809372573764,41.359809372573764,65.71961874514798,,,none,30.0,40,2,monophasic
Burst_autosave_20260715_170629_569ms,Thenar (L),L_The_ED_FD_FCR A,3,66.71961874514798,74.71961874514798,99.07942811772219,,,none,30.0,40,2,monophasic
Burst_autosave_20260715_170629_569ms,Thenar (L),L_The_ED_FD_FCR A,4,100.07942811772219,108.07942811772219,132.43923749029597,,,none,30.0,40,2,monophasic
Burst_autosave_20260715_170629_569ms,Thenar (L),L_The_ED_FD_FCR A,5,133.43923749029597,141.43923749029597,165.79904686287017,,,none,30.0,40,2,monophasic
Burst_autosave_20260715_170629_569ms,Thenar (L),L_The_ED_FD_FCR A,6,166.79904686287017,174.79904686287017,198.36457505915283,,,none,30.0,40,2,monophasic
Burst_autosave_20260715_170629_569ms,Thenar (L),L_The_ED_FD_FCR A,7,199.36457505915283,207.36457505915283,232.51866560801858,,,none,30.0,40,2,monophasic
Burst_autosave_20260715_170629_569ms,Thenar (L),L_The_ED_FD_FCR A,8,233.51866560801858,241.51866560801858,265.8784749796611,,,none,30.0,40,2,monophasic
Burst_autosave_20260715_170629_569ms,Thenar (L),L_The_ED_FD_FCR A,9,266.8784749796611,274.8784749796611,299.2382843522353,,,none,30.0,40,2,monophasic
Burst_autosave_20260715_170629_569ms,Thenar (L),L_The_ED_FD_FCR A,10,300.2382843522353,308.2382843522353,331.8038125494492,,,none,30.0,40,2,monophasic
Burst_autosave_20260715_170629_569ms,Thenar (L),L_The_ED_FD_FCR A,1,0.0,8.0,32.359809372573764,,,none,30.0,50,2,monophasic
Burst_autosave_20260715_170629_569ms,Thenar (L),L_The_ED_FD_FCR A,2,33.359809372573764,41.359809372573764,65.71961874514798,,,none,30.0,50,2,monophasic
Burst_autosave_20260715_170629_569ms,Thenar (L),L_The_ED_FD_FCR A,3,66.71961874514798,74.71961874514798,99.07942811772219,,,none,30.0,50,2,monophasic
Burst_autosave_20260715_170629_569ms,Thenar (L),L_The_ED_FD_FCR A,4,100.07942811772219,108.07942811772219,132.43923749029597,,,none,30.0,50,2,monophasic
Burst_autosave_20260715_170629_569ms,Thenar (L),L_The_ED_FD_FCR A,5,133.43923749029597,141.43923749029597,165.79904686287017,,,none,30.0,50,2,monophasic
Burst_autosave_20260715_170629_569ms,Thenar (L),L_The_ED_FD_FCR A,6,166.79904686287017,174.79904686287017,198.36457505915283,,,none,30.0,50,2,monophasic
Burst_autosave_20260715_170629_569ms,Thenar (L),L_The_ED_FD_FCR A,7,199.36457505915283,207.36457505915283,232.51866560801858,,,none,30.0,50,2,monophasic
Burst_autosave_20260715_170629_569ms,Thenar (L),L_The_ED_FD_FCR A,8,233.51866560801858,241.51866560801858,265.8784749796611,,,none,30.0,50,2,monophasic
Burst_autosave_20260715_170629_569ms,Thenar (L),L_The_ED_FD_FCR A,9,266.8784749796611,274.8784749796611,299.2382843522353,,,none,30.0,50,2,monophasic
Burst_autosave_20260715_170629_569ms,Thenar (L),L_The_ED_FD_FCR A,10,300.2382843522353,308.2382843522353,331.8038125494492,,,none,30.0,50,2,monophasic
Burst_autosave_20260715_170629_569ms,Thenar (L),L_The_ED_FD_FCR A,1,0.0,8.0,32.359809372573764,0.13159380853176117,0.13159380853176117,none,30.0,60,2,monophasic
Burst_autosave_20260715_170629_569ms,Thenar (L),L_The_ED_FD_FCR A,2,33.359809372573764,41.359809372573764,65.71961874514798,0.032227054703975,0.032227054703975,none,30.0,60,2,monophasic
Burst_autosave_20260715_170629_569ms,Thenar (L),L_The_ED_FD_FCR A,3,66.71961874514798,74.71961874514798,99.07942811772219,0.054383154958485995,0.054383154958485995,none,30.0,60,2,monophasic
Burst_autosave_20260715_170629_569ms,Thenar (L),L_The_ED_FD_FCR A,4,100.07942811772219,108.07942811772219,132.43923749029597,0.031052110251038694,0.031052110251038694,none,30.0,60,2,monophasic
Burst_autosave_20260715_170629_569ms,Thenar (L),L_The_ED_FD_FCR A,5,133.43923749029597,141.43923749029597,165.79904686287017,0.030212863348408763,0.030212863348408763,none,30.0,60,2,monophasic
Burst_autosave_20260715_170629_569ms,Thenar (L),L_The_ED_FD_FCR A,6,166.79904686287017,174.79904686287017,198.36457505915283,0.04481574891757071,0.04481574891757071,none,30.0,60,2,monophasic
Burst_autosave_20260715_170629_569ms,Thenar (L),L_The_ED_FD_FCR A,7,199.36457505915283,207.36457505915283,232.51866560801858,0.03038071374413538,0.03038071374413538,none,30.0,60,2,monophasic
Burst_autosave_20260715_170629_569ms,Thenar (L),L_The_ED_FD_FCR A,8,233.51866560801858,241.51866560801858,265.8784749796611,0.040283817790026884,0.040283817790026884,none,30.0,60,2,monophasic
Burst_autosave_20260715_170629_569ms,Thenar (L),L_The_ED_FD_FCR A,9,266.8784749796611,274.8784749796611,299.2382843522353,0.026855878976920017,0.026855878976920017,none,30.0,60,2,monophasic
Burst_autosave_20260715_170629_569ms,Thenar (L),L_The_ED_FD_FCR A,10,300.2382843522353,308.2382843522353,331.8038125494492,0.03222705329812761,0.03222705329812761,none,30.0,60,2,monophasic
Burst_autosave_20260715_170629_569ms,Thenar (L),L_The_ED_FD_FCR A,1,0.0,8.0,32.359809372573764,0.1423361524939537,0.1423361524939537,none,30.0,70,2,monophasic
Burst_autosave_20260715_170629_569ms,Thenar (L),L_The_ED_FD_FCR A,2,33.359809372573764,41.359809372573764,65.71961874514798,0.15207140892740018,0.15207140892740018,none,30.0,70,2,monophasic
Burst_autosave_20260715_170629_569ms,Thenar (L),L_The_ED_FD_FCR A,3,66.71961874514798,74.71961874514798,99.07942811772219,0.15240710973735083,0.15240710973735083,none,30.0,70,2,monophasic
Burst_autosave_20260715_170629_569ms,Thenar (L),L_The_ED_FD_FCR A,4,100.07942811772219,108.07942811772219,132.43923749029597,0.14468604326244816,0.14468604326244816,none,30.0,70,2,monophasic
Burst_autosave_20260715_170629_569ms,Thenar (L),L_The_ED_FD_FCR A,5,133.43923749029597,141.43923749029597,165.79904686287017,0.11816586554047928,0.11816586554047928,none,30.0,70,2,monophasic
Burst_autosave_20260715_170629_569ms,Thenar (L),L_The_ED_FD_FCR A,6,166.79904686287017,174.79904686287017,198.36457505915283,0.10876630619165345,0.10876630619165345,none,30.0,70,2,monophasic
Burst_autosave_20260715_170629_569ms,Thenar (L),L_The_ED_FD_FCR A,7,199.36457505915283,207.36457505915283,232.51866560801858,0.12219424537495541,0.12219424537495541,none,30.0,70,2,monophasic
Burst_autosave_20260715_170629_569ms,Thenar (L),L_The_ED_FD_FCR A,8,233.51866560801858,241.51866560801858,265.8784749796611,0.09298847988247343,0.09298847988247343,none,30.0,70,2,monophasic
Burst_autosave_20260715_170629_569ms,Thenar (L),L_The_ED_FD_FCR A,9,266.8784749796611,274.8784749796611,299.2382843522353,0.07586785776257557,0.07586785776257557,none,30.0,70,2,monophasic
Burst_autosave_20260715_170629_569ms,Thenar (L),L_The_ED_FD_FCR A,10,300.2382843522353,308.2382843522353,331.8038125494492,0.11682307342772477,0.11682307342772477,none,30.0,70,2,monophasic
Burst_autosave_20260715_170629_569ms,Ext. digitorum (L),L_The_ED_FD_FCR B,1,0.0,8.0,32.359809372573764,,,none,30.0,10,2,monophasic
Burst_autosave_20260715_170629_569ms,Ext. digitorum (L),L_The_ED_FD_FCR B,2,33.359809372573764,41.359809372573764,65.71961874514798,,,none,30.0,10,2,monophasic
Burst_autosave_20260715_170629_569ms,Ext. digitorum (L),L_The_ED_FD_FCR B,3,66.71961874514798,74.71961874514798,99.07942811772219,,,none,30.0,10,2,monophasic
Burst_autosave_20260715_170629_569ms,Ext. digitorum (L),L_The_ED_FD_FCR B,4,100.07942811772219,108.07942811772219,132.43923749029597,,,none,30.0,10,2,monophasic
Burst_autosave_20260715_170629_569ms,Ext. digitorum (L),L_The_ED_FD_FCR B,5,133.43923749029597,141.43923749029597,165.79904686287017,,,none,30.0,10,2,monophasic
Burst_autosave_20260715_170629_569ms,Ext. digitorum (L),L_The_ED_FD_FCR B,6,166.79904686287017,174.79904686287017,198.36457505915283,,,none,30.0,10,2,monophasic
Burst_autosave_20260715_170629_569ms,Ext. digitorum (L),L_The_ED_FD_FCR B,7,199.36457505915283,207.36457505915283,232.51866560801858,,,none,30.0,10,2,monophasic
Burst_autosave_20260715_170629_569ms,Ext. digitorum (L),L_The_ED_FD_FCR B,8,233.51866560801858,241.51866560801858,265.8784749796611,,,none,30.0,10,2,monophasic
Burst_autosave_20260715_170629_569ms,Ext. digitorum (L),L_The_ED_FD_FCR B,9,266.8784749796611,274.8784749796611,299.2382843522353,,,none,30.0,10,2,monophasic
Burst_autosave_20260715_170629_569ms,Ext. digitorum (L),L_The_ED_FD_FCR B,10,300.2382843522353,308.2382843522353,331.8038125494492,,,none,30.0,10,2,monophasic
Burst_autosave_20260715_170629_569ms,Ext. digitorum (L),L_The_ED_FD_FCR B,1,0.0,8.0,32.359809372573764,,,none,30.0,20,2,monophasic
Burst_autosave_20260715_170629_569ms,Ext. digitorum (L),L_The_ED_FD_FCR B,2,33.359809372573764,41.359809372573764,65.71961874514798,,,none,30.0,20,2,monophasic
Burst_autosave_20260715_170629_569ms,Ext. digitorum (L),L_The_ED_FD_FCR B,3,66.71961874514798,74.71961874514798,99.07942811772219,,,none,30.0,20,2,monophasic
Burst_autosave_20260715_170629_569ms,Ext. digitorum (L),L_The_ED_FD_FCR B,4,100.07942811772219,108.07942811772219,132.43923749029597,,,none,30.0,20,2,monophasic
Burst_autosave_20260715_170629_569ms,Ext. digitorum (L),L_The_ED_FD_FCR B,5,133.43923749029597,141.43923749029597,165.79904686287017,,,none,30.0,20,2,monophasic
Burst_autosave_20260715_170629_569ms,Ext. digitorum (L),L_The_ED_FD_FCR B,6,166.79904686287017,174.79904686287017,198.36457505915283,,,none,30.0,20,2,monophasic
Burst_autosave_20260715_170629_569ms,Ext. digitorum (L),L_The_ED_FD_FCR B,7,199.36457505915283,207.36457505915283,232.51866560801858,,,none,30.0,20,2,monophasic
Burst_autosave_20260715_170629_569ms,Ext. digitorum (L),L_The_ED_FD_FCR B,8,233.51866560801858,241.51866560801858,265.8784749796611,,,none,30.0,20,2,monophasic
Burst_autosave_20260715_170629_569ms,Ext. digitorum (L),L_The_ED_FD_FCR B,9,266.8784749796611,274.8784749796611,299.2382843522353,,,none,30.0,20,2,monophasic
Burst_autosave_20260715_170629_569ms,Ext. digitorum (L),L_The_ED_FD_FCR B,10,300.2382843522353,308.2382843522353,331.8038125494492,,,none,30.0,20,2,monophasic
Burst_autosave_20260715_170629_569ms,Ext. digitorum (L),L_The_ED_FD_FCR B,1,0.0,8.0,32.359809372573764,0.09265277907252312,0.09265277907252312,none,30.0,30,2,monophasic
Burst_autosave_20260715_170629_569ms,Ext. digitorum (L),L_The_ED_FD_FCR B,2,33.359809372573764,41.359809372573764,65.71961874514798,0.09668116271489793,0.09668116271489793,none,30.0,30,2,monophasic
Burst_autosave_20260715_170629_569ms,Ext. digitorum (L),L_The_ED_FD_FCR B,3,66.71961874514798,74.71961874514798,99.07942811772219,0.10574502497911378,0.10574502497911378,none,30.0,30,2,monophasic
Burst_autosave_20260715_170629_569ms,Ext. digitorum (L),L_The_ED_FD_FCR B,4,100.07942811772219,108.07942811772219,132.43923749029597,0.1198443584144106,0.1198443584144106,none,30.0,30,2,monophasic
Burst_autosave_20260715_170629_569ms,Ext. digitorum (L),L_The_ED_FD_FCR B,5,133.43923749029597,141.43923749029597,165.79904686287017,0.09399557475156062,0.09399557475156062,none,30.0,30,2,monophasic
Burst_autosave_20260715_170629_569ms,Ext. digitorum (L),L_The_ED_FD_FCR B,6,166.79904686287017,174.79904686287017,198.36457505915283,0.1097734010422033,0.1097734010422033,none,30.0,30,2,monophasic
Burst_autosave_20260715_170629_569ms,Ext. digitorum (L),L_The_ED_FD_FCR B,7,199.36457505915283,207.36457505915283,232.51866560801858,0.06781109228225765,0.06781109228225765,none,30.0,30,2,monophasic
Burst_autosave_20260715_170629_569ms,Ext. digitorum (L),L_The_ED_FD_FCR B,8,233.51866560801858,241.51866560801858,265.8784749796611,0.09500266793468341,0.09500266793468341,none,30.0,30,2,monophasic
Burst_autosave_20260715_170629_569ms,Ext. digitorum (L),L_The_ED_FD_FCR B,9,266.8784749796611,274.8784749796611,299.2382843522353,0.12219424545755538,0.12219424545755538,none,30.0,30,2,monophasic
Burst_autosave_20260715_170629_569ms,Ext. digitorum (L),L_The_ED_FD_FCR B,10,300.2382843522353,308.2382843522353,331.8038125494492,0.087281605228726,0.087281605228726,none,30.0,30,2,monophasic
Burst_autosave_20260715_170629_569ms,Ext. digitorum (L),L_The_ED_FD_FCR B,1,0.0,8.0,32.359809372573764,0.10070954635739326,0.10070954635739326,none,30.0,40,2,monophasic
Burst_autosave_20260715_170629_569ms,Ext. digitorum (L),L_The_ED_FD_FCR B,2,33.359809372573764,41.359809372573764,65.71961874514798,0.10742351040238052,0.10742351040238052,none,30.0,40,2,monophasic
Burst_autosave_20260715_170629_569ms,Ext. digitorum (L),L_The_ED_FD_FCR B,3,66.71961874514798,74.71961874514798,99.07942811772219,0.10205233842133607,0.10205233842133607,none,30.0,40,2,monophasic
Burst_autosave_20260715_170629_569ms,Ext. digitorum (L),L_The_ED_FD_FCR B,4,100.07942811772219,108.07942811772219,132.43923749029597,0.1054093241691588,0.1054093241691588,none,30.0,40,2,monophasic
Burst_autosave_20260715_170629_569ms,Ext. digitorum (L),L_The_ED_FD_FCR B,5,133.43923749029597,141.43923749029597,165.79904686287017,0.0973525567969306,0.0973525567969306,none,30.0,40,2,monophasic
Burst_autosave_20260715_170629_569ms,Ext. digitorum (L),L_The_ED_FD_FCR B,6,166.79904686287017,174.79904686287017,198.36457505915283,0.08526741335366819,0.08526741335366819,none,30.0,40,2,monophasic
Burst_autosave_20260715_170629_569ms,Ext. digitorum (L),L_The_ED_FD_FCR B,7,199.36457505915283,207.36457505915283,232.51866560801858,0.0886243972891446,0.0886243972891446,none,30.0,40,2,monophasic
Burst_autosave_20260715_170629_569ms,Ext. digitorum (L),L_The_ED_FD_FCR B,8,233.51866560801858,241.51866560801858,265.8784749796611,0.08996719117839588,0.08996719117839588,none,30.0,40,2,monophasic
Burst_autosave_20260715_170629_569ms,Ext. digitorum (L),L_The_ED_FD_FCR B,9,266.8784749796611,274.8784749796611,299.2382843522353,0.1008773967312574,0.1008773967312574,none,30.0,40,2,monophasic
Burst_autosave_20260715_170629_569ms,Ext. digitorum (L),L_The_ED_FD_FCR B,10,300.2382843522353,308.2382843522353,331.8038125494492,0.09936675056811455,0.09936675056811455,none,30.0,40,2,monophasic
Burst_autosave_20260715_170629_569ms,Ext. digitorum (L),L_The_ED_FD_FCR B,1,0.0,8.0,32.359809372573764,0.14116121083498,0.14116121083498,none,30.0,50,2,monophasic
Burst_autosave_20260715_170629_569ms,Ext. digitorum (L),L_The_ED_FD_FCR B,2,33.359809372573764,41.359809372573764,65.71961874514798,0.15609979629509868,0.15609979629509868,none,30.0,50,2,monophasic
Burst_autosave_20260715_170629_569ms,Ext. digitorum (L),L_The_ED_FD_FCR B,3,66.71961874514798,74.71961874514798,99.07942811772219,0.10540932416915746,0.10540932416915746,none,30.0,50,2,monophasic
Burst_autosave_20260715_170629_569ms,Ext. digitorum (L),L_The_ED_FD_FCR B,4,100.07942811772219,108.07942811772219,132.43923749029597,0.12773327156901332,0.12773327156901332,none,30.0,50,2,monophasic
Burst_autosave_20260715_170629_569ms,Ext. digitorum (L),L_The_ED_FD_FCR B,5,133.43923749029597,141.43923749029597,165.79904686287017,0.10205233834579565,0.10205233834579565,none,30.0,50,2,monophasic
Burst_autosave_20260715_170629_569ms,Ext. digitorum (L),L_The_ED_FD_FCR B,6,166.79904686287017,174.79904686287017,198.36457505915283,0.1238727419399491,0.1238727419399491,none,30.0,50,2,monophasic
Burst_autosave_20260715_170629_569ms,Ext. digitorum (L),L_The_ED_FD_FCR B,7,199.36457505915283,207.36457505915283,232.51866560801858,0.144014645316662,0.144014645316662,none,30.0,50,2,monophasic
Burst_autosave_20260715_170629_569ms,Ext. digitorum (L),L_The_ED_FD_FCR B,8,233.51866560801858,241.51866560801858,265.8784749796611,0.13226520261804564,0.13226520261804564,none,30.0,50,2,monophasic
Burst_autosave_20260715_170629_569ms,Ext. digitorum (L),L_The_ED_FD_FCR B,9,266.8784749796611,274.8784749796611,299.2382843522353,0.09449912232815826,0.09449912232815826,none,30.0,50,2,monophasic
Burst_autosave_20260715_170629_569ms,Ext. digitorum (L),L_The_ED_FD_FCR B,10,300.2382843522353,308.2382843522353,331.8038125494492,0.11262683942910967,0.11262683942910967,none,30.0,50,2,monophasic
Burst_autosave_20260715_170629_569ms,Ext. digitorum (L),L_The_ED_FD_FCR B,1,0.0,8.0,32.359809372573764,0.12219424545764923,0.12219424545764923,none,30.0,60,2,monophasic
Burst_autosave_20260715_170629_569ms,Ext. digitorum (L),L_The_ED_FD_FCR B,2,33.359809372573764,41.359809372573764,65.71961874514798,0.17943084239955454,0.17943084239955454,none,30.0,60,2,monophasic
Burst_autosave_20260715_170629_569ms,Ext. digitorum (L),L_The_ED_FD_FCR B,3,66.71961874514798,74.71961874514798,99.07942811772219,0.10373083129524831,0.10373083129524831,none,30.0,60,2,monophasic
Burst_autosave_20260715_170629_569ms,Ext. digitorum (L),L_The_ED_FD_FCR B,4,100.07942811772219,108.07942811772219,132.43923749029597,0.21333638578653305,0.21333638578653305,none,30.0,60,2,monophasic
Burst_autosave_20260715_170629_569ms,Ext. digitorum (L),L_The_ED_FD_FCR B,5,133.43923749029597,141.43923749029597,165.79904686287017,0.10473792621787067,0.10473792621787067,none,30.0,60,2,monophasic
Burst_autosave_20260715_170629_569ms,Ext. digitorum (L),L_The_ED_FD_FCR B,6,166.79904686287017,174.79904686287017,198.36457505915283,0.15240710960318032,0.15240710960318032,none,30.0,60,2,monophasic
Burst_autosave_20260715_170629_569ms,Ext. digitorum (L),L_The_ED_FD_FCR B,7,199.36457505915283,207.36457505915283,232.51866560801858,0.0871137529172335,0.0871137529172335,none,30.0,60,2,monophasic
Burst_autosave_20260715_170629_569ms,Ext. digitorum (L),L_The_ED_FD_FCR B,8,233.51866560801858,241.51866560801858,265.8784749796611,0.16818493597142606,0.16818493597142606,none,30.0,60,2,monophasic
Burst_autosave_20260715_170629_569ms,Ext. digitorum (L),L_The_ED_FD_FCR B,9,266.8784749796611,274.8784749796611,299.2382843522353,0.04011596875153121,0.04011596875153121,none,30.0,60,2,monophasic
Burst_autosave_20260715_170629_569ms,Ext. digitorum (L),L_The_ED_FD_FCR B,10,300.2382843522353,308.2382843522353,331.8038125494492,0.14032196626064575,0.14032196626064575,none,30.0,60,2,monophasic
Burst_autosave_20260715_170629_569ms,Ext. digitorum (L),L_The_ED_FD_FCR B,1,0.0,8.0,32.359809372573764,0.19537651538848877,0.19537651538848877,none,30.0,70,2,monophasic
Burst_autosave_20260715_170629_569ms,Ext. digitorum (L),L_The_ED_FD_FCR B,2,33.359809372573764,41.359809372573764,65.71961874514798,0.22391088306898005,0.22391088306898005,none,30.0,70,2,monophasic
Burst_autosave_20260715_170629_569ms,Ext. digitorum (L),L_The_ED_FD_FCR B,3,66.71961874514798,74.71961874514798,99.07942811772219,0.17607384919250335,0.17607384919250335,none,30.0,70,2,monophasic
Burst_autosave_20260715_170629_569ms,Ext. digitorum (L),L_The_ED_FD_FCR B,4,100.07942811772219,108.07942811772219,132.43923749029597,0.20343327521766164,0.20343327521766164,none,30.0,70,2,monophasic
Burst_autosave_20260715_170629_569ms,Ext. digitorum (L),L_The_ED_FD_FCR B,5,133.43923749029597,141.43923749029597,165.79904686287017,0.19269093111658048,0.19269093111658048,none,30.0,70,2,monophasic
Burst_autosave_20260715_170629_569ms,Ext. digitorum (L),L_The_ED_FD_FCR B,6,166.79904686287017,174.79904686287017,198.36457505915283,0.16583505267495371,0.16583505267495371,none,30.0,70,2,monophasic
Burst_autosave_20260715_170629_569ms,Ext. digitorum (L),L_The_ED_FD_FCR B,7,199.36457505915283,207.36457505915283,232.51866560801858,0.22743571549200847,0.22743571549200847,none,30.0,70,2,monophasic
Burst_autosave_20260715_170629_569ms,Ext. digitorum (L),L_The_ED_FD_FCR B,8,233.51866560801858,241.51866560801858,265.8784749796611,0.19319447872503875,0.19319447872503875,none,30.0,70,2,monophasic
Burst_autosave_20260715_170629_569ms,Ext. digitorum (L),L_The_ED_FD_FCR B,9,266.8784749796611,274.8784749796611,299.2382843522353,0.1660028994082658,0.1660028994082658,none,30.0,70,2,monophasic
Burst_autosave_20260715_170629_569ms,Ext. digitorum (L),L_The_ED_FD_FCR B,10,300.2382843522353,308.2382843522353,331.8038125494492,0.16919203847640185,0.16919203847640185,none,30.0,70,2,monophasic
Burst_autosave_20260715_170629_569ms,Flex. digitorum (L),L_The_ED_FD_FCR C,1,0.0,8.0,32.359809372573764,,,none,30.0,10,2,monophasic
Burst_autosave_20260715_170629_569ms,Flex. digitorum (L),L_The_ED_FD_FCR C,2,33.359809372573764,41.359809372573764,65.71961874514798,,,none,30.0,10,2,monophasic
Burst_autosave_20260715_170629_569ms,Flex. digitorum (L),L_The_ED_FD_FCR C,3,66.71961874514798,74.71961874514798,99.07942811772219,,,none,30.0,10,2,monophasic
Burst_autosave_20260715_170629_569ms,Flex. digitorum (L),L_The_ED_FD_FCR C,4,100.07942811772219,108.07942811772219,132.43923749029597,,,none,30.0,10,2,monophasic
Burst_autosave_20260715_170629_569ms,Flex. digitorum (L),L_The_ED_FD_FCR C,5,133.43923749029597,141.43923749029597,165.79904686287017,,,none,30.0,10,2,monophasic
Burst_autosave_20260715_170629_569ms,Flex. digitorum (L),L_The_ED_FD_FCR C,6,166.79904686287017,174.79904686287017,198.36457505915283,,,none,30.0,10,2,monophasic
Burst_autosave_20260715_170629_569ms,Flex. digitorum (L),L_The_ED_FD_FCR C,7,199.36457505915283,207.36457505915283,232.51866560801858,,,none,30.0,10,2,monophasic
Burst_autosave_20260715_170629_569ms,Flex. digitorum (L),L_The_ED_FD_FCR C,8,233.51866560801858,241.51866560801858,265.8784749796611,,,none,30.0,10,2,monophasic
Burst_autosave_20260715_170629_569ms,Flex. digitorum (L),L_The_ED_FD_FCR C,9,266.8784749796611,274.8784749796611,299.2382843522353,,,none,30.0,10,2,monophasic
Burst_autosave_20260715_170629_569ms,Flex. digitorum (L),L_The_ED_FD_FCR C,10,300.2382843522353,308.2382843522353,331.8038125494492,,,none,30.0,10,2,monophasic
Burst_autosave_20260715_170629_569ms,Flex. digitorum (L),L_The_ED_FD_FCR C,1,0.0,8.0,32.359809372573764,,,none,30.0,20,2,monophasic
Burst_autosave_20260715_170629_569ms,Flex. digitorum (L),L_The_ED_FD_FCR C,2,33.359809372573764,41.359809372573764,65.71961874514798,,,none,30.0,20,2,monophasic
Burst_autosave_20260715_170629_569ms,Flex. digitorum (L),L_The_ED_FD_FCR C,3,66.71961874514798,74.71961874514798,99.07942811772219,,,none,30.0,20,2,monophasic
Burst_autosave_20260715_170629_569ms,Flex. digitorum (L),L_The_ED_FD_FCR C,4,100.07942811772219,108.07942811772219,132.43923749029597,,,none,30.0,20,2,monophasic
Burst_autosave_20260715_170629_569ms,Flex. digitorum (L),L_The_ED_FD_FCR C,5,133.43923749029597,141.43923749029597,165.79904686287017,,,none,30.0,20,2,monophasic
Burst_autosave_20260715_170629_569ms,Flex. digitorum (L),L_The_ED_FD_FCR C,6,166.79904686287017,174.79904686287017,198.36457505915283,,,none,30.0,20,2,monophasic
Burst_autosave_20260715_170629_569ms,Flex. digitorum (L),L_The_ED_FD_FCR C,7,199.36457505915283,207.36457505915283,232.51866560801858,,,none,30.0,20,2,monophasic
Burst_autosave_20260715_170629_569ms,Flex. digitorum (L),L_The_ED_FD_FCR C,8,233.51866560801858,241.51866560801858,265.8784749796611,,,none,30.0,20,2,monophasic
Burst_autosave_20260715_170629_569ms,Flex. digitorum (L),L_The_ED_FD_FCR C,9,266.8784749796611,274.8784749796611,299.2382843522353,,,none,30.0,20,2,monophasic
Burst_autosave_20260715_170629_569ms,Flex. digitorum (L),L_The_ED_FD_FCR C,10,300.2382843522353,308.2382843522353,331.8038125494492,,,none,30.0,20,2,monophasic
Burst_autosave_20260715_170629_569ms,Flex. digitorum (L),L_The_ED_FD_FCR C,1,0.0,8.0,32.359809372573764,,,none,30.0,30,2,monophasic
Burst_autosave_20260715_170629_569ms,Flex. digitorum (L),L_The_ED_FD_FCR C,2,33.359809372573764,41.359809372573764,65.71961874514798,,,none,30.0,30,2,monophasic
Burst_autosave_20260715_170629_569ms,Flex. digitorum (L),L_The_ED_FD_FCR C,3,66.71961874514798,74.71961874514798,99.07942811772219,,,none,30.0,30,2,monophasic
Burst_autosave_20260715_170629_569ms,Flex. digitorum (L),L_The_ED_FD_FCR C,4,100.07942811772219,108.07942811772219,132.43923749029597,,,none,30.0,30,2,monophasic
Burst_autosave_20260715_170629_569ms,Flex. digitorum (L),L_The_ED_FD_FCR C,5,133.43923749029597,141.43923749029597,165.79904686287017,,,none,30.0,30,2,monophasic
Burst_autosave_20260715_170629_569ms,Flex. digitorum (L),L_The_ED_FD_FCR C,6,166.79904686287017,174.79904686287017,198.36457505915283,,,none,30.0,30,2,monophasic
Burst_autosave_20260715_170629_569ms,Flex. digitorum (L),L_The_ED_FD_FCR C,7,199.36457505915283,207.36457505915283,232.51866560801858,,,none,30.0,30,2,monophasic
Burst_autosave_20260715_170629_569ms,Flex. digitorum (L),L_The_ED_FD_FCR C,8,233.51866560801858,241.51866560801858,265.8784749796611,,,none,30.0,30,2,monophasic
Burst_autosave_20260715_170629_569ms,Flex. digitorum (L),L_The_ED_FD_FCR C,9,266.8784749796611,274.8784749796611,299.2382843522353,,,none,30.0,30,2,monophasic
Burst_autosave_20260715_170629_569ms,Flex. digitorum (L),L_The_ED_FD_FCR C,10,300.2382843522353,308.2382843522353,331.8038125494492,,,none,30.0,30,2,monophasic
Burst_autosave_20260715_170629_569ms,Flex. digitorum (L),L_The_ED_FD_FCR C,1,0.0,8.0,32.359809372573764,0.3142137825489044,0.3142137825489044,none,30.0,40,2,monophasic
Burst_autosave_20260715_170629_569ms,Flex. digitorum (L),L_The_ED_FD_FCR C,2,33.359809372573764,41.359809372573764,65.71961874514798,0.3219348415731873,0.3219348415731873,none,30.0,40,2,monophasic
Burst_autosave_20260715_170629_569ms,Flex. digitorum (L),L_The_ED_FD_FCR C,3,66.71961874514798,74.71961874514798,99.07942811772219,0.27460135503721017,0.27460135503721017,none,30.0,40,2,monophasic
Burst_autosave_20260715_170629_569ms,Flex. digitorum (L),L_The_ED_FD_FCR C,4,100.07942811772219,108.07942811772219,132.43923749029597,0.30716411018113265,0.30716411018113265,none,30.0,40,2,monophasic
Burst_autosave_20260715_170629_569ms,Flex. digitorum (L),L_The_ED_FD_FCR C,5,133.43923749029597,141.43923749029597,165.79904686287017,0.29826810198337766,0.29826810198337766,none,30.0,40,2,monophasic
Burst_autosave_20260715_170629_569ms,Flex. digitorum (L),L_The_ED_FD_FCR C,6,166.79904686287017,174.79904686287017,198.36457505915283,0.29138628373889364,0.29138628373889364,none,30.0,40,2,monophasic
Burst_autosave_20260715_170629_569ms,Flex. digitorum (L),L_The_ED_FD_FCR C,7,199.36457505915283,207.36457505915283,232.51866560801858,0.2858472538444439,0.2858472538444439,none,30.0,40,2,monophasic
Burst_autosave_20260715_170629_569ms,Flex. digitorum (L),L_The_ED_FD_FCR C,8,233.51866560801858,241.51866560801858,265.8784749796611,0.28937208637375283,0.28937208637375283,none,30.0,40,2,monophasic
Burst_autosave_20260715_170629_569ms,Flex. digitorum (L),L_The_ED_FD_FCR C,9,266.8784749796611,274.8784749796611,299.2382843522353,0.2950789629106341,0.2950789629106341,none,30.0,40,2,monophasic
Burst_autosave_20260715_170629_569ms,Flex. digitorum (L),L_The_ED_FD_FCR C,10,300.2382843522353,308.2382843522353,331.8038125494492,0.2781261950731224,0.2781261950731224,none,30.0,40,2,monophasic
Burst_autosave_20260715_170629_569ms,Flex. digitorum (L),L_The_ED_FD_FCR C,1,0.0,8.0,32.359809372573764,0.35785458236932755,0.35785458236932755,none,30.0,50,2,monophasic
Burst_autosave_20260715_170629_569ms,Flex. digitorum (L),L_The_ED_FD_FCR C,2,33.359809372573764,41.359809372573764,65.71961874514798,0.3998168855904174,0.3998168855904174,none,30.0,50,2,monophasic
Burst_autosave_20260715_170629_569ms,Flex. digitorum (L),L_The_ED_FD_FCR C,3,66.71961874514798,74.71961874514798,99.07942811772219,0.33922331035136205,0.33922331035136205,none,30.0,50,2,monophasic
Burst_autosave_20260715_170629_569ms,Flex. digitorum (L),L_The_ED_FD_FCR C,4,100.07942811772219,108.07942811772219,132.43923749029597,0.3635614737868297,0.3635614737868297,none,30.0,50,2,monophasic
Burst_autosave_20260715_170629_569ms,Flex. digitorum (L),L_The_ED_FD_FCR C,5,133.43923749029597,141.43923749029597,165.79904686287017,0.30196078860680853,0.30196078860680853,none,30.0,50,2,monophasic
Burst_autosave_20260715_170629_569ms,Flex. digitorum (L),L_The_ED_FD_FCR C,6,166.79904686287017,174.79904686287017,198.36457505915283,0.37094682446206834,0.37094682446206834,none,30.0,50,2,monophasic
Burst_autosave_20260715_170629_569ms,Flex. digitorum (L),L_The_ED_FD_FCR C,7,199.36457505915283,207.36457505915283,232.51866560801858,0.3608758596297108,0.3608758596297108,none,30.0,50,2,monophasic
Burst_autosave_20260715_170629_569ms,Flex. digitorum (L),L_The_ED_FD_FCR C,8,233.51866560801858,241.51866560801858,265.8784749796611,0.18077363492920687,0.18077363492920687,none,30.0,50,2,monophasic
Burst_autosave_20260715_170629_569ms,Flex. digitorum (L),L_The_ED_FD_FCR C,9,266.8784749796611,274.8784749796611,299.2382843522353,0.3491264208074171,0.3491264208074171,none,30.0,50,2,monophasic
Burst_autosave_20260715_170629_569ms,Flex. digitorum (L),L_The_ED_FD_FCR C,10,300.2382843522353,308.2382843522353,331.8038125494492,0.38672465085977126,0.38672465085977126,none,30.0,50,2,monophasic
Burst_autosave_20260715_170629_569ms,Flex. digitorum (L),L_The_ED_FD_FCR C,1,0.0,8.0,32.359809372573764,0.41911956667900085,0.41911956667900085,none,30.0,60,2,monophasic
Burst_autosave_20260715_170629_569ms,Flex. digitorum (L),L_The_ED_FD_FCR C,2,33.359809372573764,41.359809372573764,65.71961874514798,0.2947432696818989,0.2947432696818989,none,30.0,60,2,monophasic
Burst_autosave_20260715_170629_569ms,Flex. digitorum (L),L_The_ED_FD_FCR C,3,66.71961874514798,74.71961874514798,99.07942811772219,0.35785457491874684,0.35785457491874684,none,30.0,60,2,monophasic
Burst_autosave_20260715_170629_569ms,Flex. digitorum (L),L_The_ED_FD_FCR C,4,100.07942811772219,108.07942811772219,132.43923749029597,0.3622186630964279,0.3622186630964279,none,30.0,60,2,monophasic
Burst_autosave_20260715_170629_569ms,Flex. digitorum (L),L_The_ED_FD_FCR C,5,133.43923749029597,141.43923749029597,165.79904686287017,0.37463949615053527,0.37463949615053527,none,30.0,60,2,monophasic
Burst_autosave_20260715_170629_569ms,Flex. digitorum (L),L_The_ED_FD_FCR C,6,166.79904686287017,174.79904686287017,198.36457505915283,0.370611116253897,0.370611116253897,none,30.0,60,2,monophasic
Burst_autosave_20260715_170629_569ms,Flex. digitorum (L),L_The_ED_FD_FCR C,7,199.36457505915283,207.36457505915283,232.51866560801858,0.34879071998424904,0.34879071998424904,none,30.0,60,2,monophasic
Burst_autosave_20260715_170629_569ms,Flex. digitorum (L),L_The_ED_FD_FCR C,8,233.51866560801858,241.51866560801858,265.8784749796611,0.39394217720909414,0.39394217720909414,none,30.0,60,2,monophasic
Burst_autosave_20260715_170629_569ms,Flex. digitorum (L),L_The_ED_FD_FCR C,9,266.8784749796611,274.8784749796611,299.2382843522353,0.35718317327420446,0.35718317327420446,none,30.0,60,2,monophasic
Burst_autosave_20260715_170629_569ms,Flex. digitorum (L),L_The_ED_FD_FCR C,10,300.2382843522353,308.2382843522353,331.8038125494492,0.31287097930907704,0.31287097930907704,none,30.0,60,2,monophasic
Burst_autosave_20260715_170629_569ms,Flex. digitorum (L),L_The_ED_FD_FCR C,1,0.0,8.0,32.359809372573764,0.36037231981754303,0.36037231981754303,none,30.0,70,2,monophasic
Burst_autosave_20260715_170629_569ms,Flex. digitorum (L),L_The_ED_FD_FCR C,2,33.359809372573764,41.359809372573764,65.71961874514798,0.3481193333435405,0.3481193333435405,none,30.0,70,2,monophasic
Burst_autosave_20260715_170629_569ms,Flex. digitorum (L),L_The_ED_FD_FCR C,3,66.71961874514798,74.71961874514798,99.07942811772219,0.38571755578455613,0.38571755578455613,none,30.0,70,2,monophasic
Burst_autosave_20260715_170629_569ms,Flex. digitorum (L),L_The_ED_FD_FCR C,4,100.07942811772219,108.07942811772219,132.43923749029597,0.40350957208889104,0.40350957208889104,none,30.0,70,2,monophasic
Burst_autosave_20260715_170629_569ms,Flex. digitorum (L),L_The_ED_FD_FCR C,5,133.43923749029597,141.43923749029597,165.79904686287017,0.36003662637253897,0.36003662637253897,none,30.0,70,2,monophasic
Burst_autosave_20260715_170629_569ms,Flex. digitorum (L),L_The_ED_FD_FCR C,6,166.79904686287017,174.79904686287017,198.36457505915283,0.3618829696839426,0.3618829696839426,none,30.0,70,2,monophasic
Burst_autosave_20260715_170629_569ms,Flex. digitorum (L),L_The_ED_FD_FCR C,7,199.36457505915283,207.36457505915283,232.51866560801858,0.46695658564561104,0.46695658564561104,none,30.0,70,2,monophasic
Burst_autosave_20260715_170629_569ms,Flex. digitorum (L),L_The_ED_FD_FCR C,8,233.51866560801858,241.51866560801858,265.8784749796611,0.3991454987053138,0.3991454987053138,none,30.0,70,2,monophasic
Burst_autosave_20260715_170629_569ms,Flex. digitorum (L),L_The_ED_FD_FCR C,9,266.8784749796611,274.8784749796611,299.2382843522353,0.4713206737185429,0.4713206737185429,none,30.0,70,2,monophasic
Burst_autosave_20260715_170629_569ms,Flex. digitorum (L),L_The_ED_FD_FCR C,10,300.2382843522353,308.2382843522353,331.8038125494492,0.43305103477608,0.43305103477608,none,30.0,70,2,monophasic
Burst_autosave_20260715_170629_569ms,Flex. carpi rad. (L),L_The_ED_FD_FCR D,1,0.0,8.0,32.359809372573764,,,none,30.0,10,2,monophasic
Burst_autosave_20260715_170629_569ms,Flex. carpi rad. (L),L_The_ED_FD_FCR D,2,33.359809372573764,41.359809372573764,65.71961874514798,,,none,30.0,10,2,monophasic
Burst_autosave_20260715_170629_569ms,Flex. carpi rad. (L),L_The_ED_FD_FCR D,3,66.71961874514798,74.71961874514798,99.07942811772219,,,none,30.0,10,2,monophasic
Burst_autosave_20260715_170629_569ms,Flex. carpi rad. (L),L_The_ED_FD_FCR D,4,100.07942811772219,108.07942811772219,132.43923749029597,,,none,30.0,10,2,monophasic
Burst_autosave_20260715_170629_569ms,Flex. carpi rad. (L),L_The_ED_FD_FCR D,5,133.43923749029597,141.43923749029597,165.79904686287017,,,none,30.0,10,2,monophasic
Burst_autosave_20260715_170629_569ms,Flex. carpi rad. (L),L_The_ED_FD_FCR D,6,166.79904686287017,174.79904686287017,198.36457505915283,,,none,30.0,10,2,monophasic
Burst_autosave_20260715_170629_569ms,Flex. carpi rad. (L),L_The_ED_FD_FCR D,7,199.36457505915283,207.36457505915283,232.51866560801858,,,none,30.0,10,2,monophasic
Burst_autosave_20260715_170629_569ms,Flex. carpi rad. (L),L_The_ED_FD_FCR D,8,233.51866560801858,241.51866560801858,265.8784749796611,,,none,30.0,10,2,monophasic
Burst_autosave_20260715_170629_569ms,Flex. carpi rad. (L),L_The_ED_FD_FCR D,9,266.8784749796611,274.8784749796611,299.2382843522353,,,none,30.0,10,2,monophasic
Burst_autosave_20260715_170629_569ms,Flex. carpi rad. (L),L_The_ED_FD_FCR D,10,300.2382843522353,308.2382843522353,331.8038125494492,,,none,30.0,10,2,monophasic
Burst_autosave_20260715_170629_569ms,Flex. carpi rad. (L),L_The_ED_FD_FCR D,1,0.0,8.0,32.359809372573764,,,none,30.0,20,2,monophasic
Burst_autosave_20260715_170629_569ms,Flex. carpi rad. (L),L_The_ED_FD_FCR D,2,33.359809372573764,41.359809372573764,65.71961874514798,,,none,30.0,20,2,monophasic
Burst_autosave_20260715_170629_569ms,Flex. carpi rad. (L),L_The_ED_FD_FCR D,3,66.71961874514798,74.71961874514798,99.07942811772219,,,none,30.0,20,2,monophasic
Burst_autosave_20260715_170629_569ms,Flex. carpi rad. (L),L_The_ED_FD_FCR D,4,100.07942811772219,108.07942811772219,132.43923749029597,,,none,30.0,20,2,monophasic
Burst_autosave_20260715_170629_569ms,Flex. carpi rad. (L),L_The_ED_FD_FCR D,5,133.43923749029597,141.43923749029597,165.79904686287017,,,none,30.0,20,2,monophasic
Burst_autosave_20260715_170629_569ms,Flex. carpi rad. (L),L_The_ED_FD_FCR D,6,166.79904686287017,174.79904686287017,198.36457505915283,,,none,30.0,20,2,monophasic
Burst_autosave_20260715_170629_569ms,Flex. carpi rad. (L),L_The_ED_FD_FCR D,7,199.36457505915283,207.36457505915283,232.51866560801858,,,none,30.0,20,2,monophasic
Burst_autosave_20260715_170629_569ms,Flex. carpi rad. (L),L_The_ED_FD_FCR D,8,233.51866560801858,241.51866560801858,265.8784749796611,,,none,30.0,20,2,monophasic
Burst_autosave_20260715_170629_569ms,Flex. carpi rad. (L),L_The_ED_FD_FCR D,9,266.8784749796611,274.8784749796611,299.2382843522353,,,none,30.0,20,2,monophasic
Burst_autosave_20260715_170629_569ms,Flex. carpi rad. (L),L_The_ED_FD_FCR D,10,300.2382843522353,308.2382843522353,331.8038125494492,,,none,30.0,20,2,monophasic
Burst_autosave_20260715_170629_569ms,Flex. carpi rad. (L),L_The_ED_FD_FCR D,1,0.0,8.0,32.359809372573764,,,none,30.0,30,2,monophasic
Burst_autosave_20260715_170629_569ms,Flex. carpi rad. (L),L_The_ED_FD_FCR D,2,33.359809372573764,41.359809372573764,65.71961874514798,,,none,30.0,30,2,monophasic
Burst_autosave_20260715_170629_569ms,Flex. carpi rad. (L),L_The_ED_FD_FCR D,3,66.71961874514798,74.71961874514798,99.07942811772219,,,none,30.0,30,2,monophasic
Burst_autosave_20260715_170629_569ms,Flex. carpi rad. (L),L_The_ED_FD_FCR D,4,100.07942811772219,108.07942811772219,132.43923749029597,,,none,30.0,30,2,monophasic
Burst_autosave_20260715_170629_569ms,Flex. carpi rad. (L),L_The_ED_FD_FCR D,5,133.43923749029597,141.43923749029597,165.79904686287017,,,none,30.0,30,2,monophasic
Burst_autosave_20260715_170629_569ms,Flex. carpi rad. (L),L_The_ED_FD_FCR D,6,166.79904686287017,174.79904686287017,198.36457505915283,,,none,30.0,30,2,monophasic
Burst_autosave_20260715_170629_569ms,Flex. carpi rad. (L),L_The_ED_FD_FCR D,7,199.36457505915283,207.36457505915283,232.51866560801858,,,none,30.0,30,2,monophasic
Burst_autosave_20260715_170629_569ms,Flex. carpi rad. (L),L_The_ED_FD_FCR D,8,233.51866560801858,241.51866560801858,265.8784749796611,,,none,30.0,30,2,monophasic
Burst_autosave_20260715_170629_569ms,Flex. carpi rad. (L),L_The_ED_FD_FCR D,9,266.8784749796611,274.8784749796611,299.2382843522353,,,none,30.0,30,2,monophasic
Burst_autosave_20260715_170629_569ms,Flex. carpi rad. (L),L_The_ED_FD_FCR D,10,300.2382843522353,308.2382843522353,331.8038125494492,,,none,30.0,30,2,monophasic
Burst_autosave_20260715_170629_569ms,Flex. carpi rad. (L),L_The_ED_FD_FCR D,1,0.0,8.0,32.359809372573764,0.04280155710875988,0.04280155710875988,none,30.0,40,2,monophasic
Burst_autosave_20260715_170629_569ms,Flex. carpi rad. (L),L_The_ED_FD_FCR D,2,33.359809372573764,41.359809372573764,65.71961874514798,0.038269627839322695,0.038269627839322695,none,30.0,40,2,monophasic
Burst_autosave_20260715_170629_569ms,Flex. carpi rad. (L),L_The_ED_FD_FCR D,3,66.71961874514798,74.71961874514798,99.07942811772219,0.0476691834628582,0.0476691834628582,none,30.0,40,2,monophasic
Burst_autosave_20260715_170629_569ms,Flex. carpi rad. (L),L_The_ED_FD_FCR D,4,100.07942811772219,108.07942811772219,132.43923749029597,0.040283817797899246,0.040283817797899246,none,30.0,40,2,monophasic
Burst_autosave_20260715_170629_569ms,Flex. carpi rad. (L),L_The_ED_FD_FCR D,5,133.43923749029597,141.43923749029597,165.79904686287017,0.018631265962781626,0.018631265962781626,none,30.0,40,2,monophasic
Burst_autosave_20260715_170629_569ms,Flex. carpi rad. (L),L_The_ED_FD_FCR D,6,166.79904686287017,174.79904686287017,198.36457505915283,0.04028381686657373,0.04028381686657373,none,30.0,40,2,monophasic
Burst_autosave_20260715_170629_569ms,Flex. carpi rad. (L),L_The_ED_FD_FCR D,7,199.36457505915283,207.36457505915283,232.51866560801858,0.024673839085723723,0.024673839085723723,none,30.0,40,2,monophasic
Burst_autosave_20260715_170629_569ms,Flex. carpi rad. (L),L_The_ED_FD_FCR D,8,233.51866560801858,241.51866560801858,265.8784749796611,0.03692683204850997,0.03692683204850997,none,30.0,40,2,monophasic
Burst_autosave_20260715_170629_569ms,Flex. carpi rad. (L),L_The_ED_FD_FCR D,9,266.8784749796611,274.8784749796611,299.2382843522353,0.028366521922148454,0.028366521922148454,none,30.0,40,2,monophasic
Burst_autosave_20260715_170629_569ms,Flex. carpi rad. (L),L_The_ED_FD_FCR D,10,300.2382843522353,308.2382843522353,331.8038125494492,0.04179446212376396,0.04179446212376396,none,30.0,40,2,monophasic
Burst_autosave_20260715_170629_569ms,Flex. carpi rad. (L),L_The_ED_FD_FCR D,1,0.0,8.0,32.359809372573764,0.034744792617857456,0.034744792617857456,none,30.0,50,2,monophasic
Burst_autosave_20260715_170629_569ms,Flex. carpi rad. (L),L_The_ED_FD_FCR D,2,33.359809372573764,41.359809372573764,65.71961874514798,0.03776608034967222,0.03776608034967222,none,30.0,50,2,monophasic
Burst_autosave_20260715_170629_569ms,Flex. carpi rad. (L),L_The_ED_FD_FCR D,3,66.71961874514798,74.71961874514798,99.07942811772219,0.0436408016830668,0.0436408016830668,none,30.0,50,2,monophasic
Burst_autosave_20260715_170629_569ms,Flex. carpi rad. (L),L_The_ED_FD_FCR D,4,100.07942811772219,108.07942811772219,132.43923749029597,0.03927672281861298,0.03927672281861298,none,30.0,50,2,monophasic
Burst_autosave_20260715_170629_569ms,Flex. carpi rad. (L),L_The_ED_FD_FCR D,5,133.43923749029597,141.43923749029597,165.79904686287017,0.040283816859486565,0.040283816859486565,none,30.0,50,2,monophasic
Burst_autosave_20260715_170629_569ms,Flex. carpi rad. (L),L_The_ED_FD_FCR D,6,166.79904686287017,174.79904686287017,198.36457505915283,0.03256275317579003,0.03256275317579003,none,30.0,50,2,monophasic
Burst_autosave_20260715_170629_569ms,Flex. carpi rad. (L),L_The_ED_FD_FCR D,7,199.36457505915283,207.36457505915283,232.51866560801858,0.03524834103645542,0.03524834103645542,none,30.0,50,2,monophasic
Burst_autosave_20260715_170629_569ms,Flex. carpi rad. (L),L_The_ED_FD_FCR D,8,233.51866560801858,241.51866560801858,265.8784749796611,0.04162661079317315,0.04162661079317315,none,30.0,50,2,monophasic
Burst_autosave_20260715_170629_569ms,Flex. carpi rad. (L),L_The_ED_FD_FCR D,9,266.8784749796611,274.8784749796611,299.2382843522353,0.03692683204732619,0.03692683204732619,none,30.0,50,2,monophasic
Burst_autosave_20260715_170629_569ms,Flex. carpi rad. (L),L_The_ED_FD_FCR D,10,300.2382843522353,308.2382843522353,331.8038125494492,0.029877165324953377,0.029877165324953377,none,30.0,50,2,monophasic
Burst_autosave_20260715_170629_569ms,Flex. carpi rad. (L),L_The_ED_FD_FCR D,1,0.0,8.0,32.359809372573764,0.08191043138504028,0.08191043138504028,none,30.0,60,2,monophasic
Burst_autosave_20260715_170629_569ms,Flex. carpi rad. (L),L_The_ED_FD_FCR D,2,33.359809372573764,41.359809372573764,65.71961874514798,0.07402151450515834,0.07402151450515834,none,30.0,60,2,monophasic
Burst_autosave_20260715_170629_569ms,Flex. carpi rad. (L),L_The_ED_FD_FCR D,3,66.71961874514798,74.71961874514798,99.07942811772219,0.08627451024950361,0.08627451024950361,none,30.0,60,2,monophasic
Burst_autosave_20260715_170629_569ms,Flex. carpi rad. (L),L_The_ED_FD_FCR D,4,100.07942811772219,108.07942811772219,132.43923749029597,0.09164568409323641,0.09164568409323641,none,30.0,60,2,monophasic
Burst_autosave_20260715_170629_569ms,Flex. carpi rad. (L),L_The_ED_FD_FCR D,5,133.43923749029597,141.43923749029597,165.79904686287017,0.09903105348346747,0.09903105348346747,none,30.0,60,2,monophasic
Burst_autosave_20260715_170629_569ms,Flex. carpi rad. (L),L_The_ED_FD_FCR D,6,166.79904686287017,174.79904686287017,198.36457505915283,0.06478980742395618,0.06478980742395618,none,30.0,60,2,monophasic
Burst_autosave_20260715_170629_569ms,Flex. carpi rad. (L),L_The_ED_FD_FCR D,7,199.36457505915283,207.36457505915283,232.51866560801858,0.1116197407147187,0.1116197407147187,none,30.0,60,2,monophasic
Burst_autosave_20260715_170629_569ms,Flex. carpi rad. (L),L_The_ED_FD_FCR D,8,233.51866560801858,241.51866560801858,265.8784749796611,0.10171664131975547,0.10171664131975547,none,30.0,60,2,monophasic
Burst_autosave_20260715_170629_569ms,Flex. carpi rad. (L),L_The_ED_FD_FCR D,9,266.8784749796611,274.8784749796611,299.2382843522353,0.10238803925018611,0.10238803925018611,none,30.0,60,2,monophasic
Burst_autosave_20260715_170629_569ms,Flex. carpi rad. (L),L_The_ED_FD_FCR D,10,300.2382843522353,308.2382843522353,331.8038125494492,0.1263904757797707,0.1263904757797707,none,30.0,60,2,monophasic
Burst_autosave_20260715_170629_569ms,Flex. carpi rad. (L),L_The_ED_FD_FCR D,1,0.0,8.0,32.359809372573764,0.08342107012867928,0.08342107012867928,none,30.0,70,2,monophasic
Burst_autosave_20260715_170629_569ms,Flex. carpi rad. (L),L_The_ED_FD_FCR D,2,33.359809372573764,41.359809372573764,65.71961874514798,0.07721064984796927,0.07721064984796927,none,30.0,70,2,monophasic
Burst_autosave_20260715_170629_569ms,Flex. carpi rad. (L),L_The_ED_FD_FCR D,3,66.71961874514798,74.71961874514798,99.07942811772219,0.08778515458106734,0.08778515458106734,none,30.0,70,2,monophasic
Burst_autosave_20260715_170629_569ms,Flex. carpi rad. (L),L_The_ED_FD_FCR D,4,100.07942811772219,108.07942811772219,132.43923749029597,0.08526741340756411,0.08526741340756411,none,30.0,70,2,monophasic
Burst_autosave_20260715_170629_569ms,Flex. carpi rad. (L),L_The_ED_FD_FCR D,5,133.43923749029597,141.43923749029597,165.79904686287017,0.09466697461726557,0.09466697461726557,none,30.0,70,2,monophasic
Burst_autosave_20260715_170629_569ms,Flex. carpi rad. (L),L_The_ED_FD_FCR D,6,166.79904686287017,174.79904686287017,198.36457505915283,0.0832532234458585,0.0832532234458585,none,30.0,70,2,monophasic
Burst_autosave_20260715_170629_569ms,Flex. carpi rad. (L),L_The_ED_FD_FCR D,7,199.36457505915283,207.36457505915283,232.51866560801858,0.1097734011862923,0.1097734011862923,none,30.0,70,2,monophasic
Burst_autosave_20260715_170629_569ms,Flex. carpi rad. (L),L_The_ED_FD_FCR D,8,233.51866560801858,241.51866560801858,265.8784749796611,0.09332417509032342,0.09332417509032342,none,30.0,70,2,monophasic
Burst_autosave_20260715_170629_569ms,Flex. carpi rad. (L),L_The_ED_FD_FCR D,9,266.8784749796611,274.8784749796611,299.2382843522353,0.08157473058926033,0.08157473058926033,none,30.0,70,2,monophasic
Burst_autosave_20260715_170629_569ms,Flex. carpi rad. (L),L_The_ED_FD_FCR D,10,300.2382843522353,308.2382843522353,331.8038125494492,0.1064164191484433,0.1064164191484433,none,30.0,70,2,monophasic
Burst_autosave_20260715_170629_569ms,Deltoid med. (R),R_DELmed,1,0.0,8.0,32.359809372573764,0.03289845213294029,0.03289845213294029,none,30.0,10,2,monophasic
Burst_autosave_20260715_170629_569ms,Deltoid med. (R),R_DELmed,2,33.359809372573764,41.359809372573764,65.71961874514798,0.03088426031172426,0.03088426031172426,none,30.0,10,2,monophasic
Burst_autosave_20260715_170629_569ms,Deltoid med. (R),R_DELmed,3,66.71961874514798,74.71961874514798,99.07942811772219,0.022995347157123033,0.022995347157123033,none,30.0,10,2,monophasic
Burst_autosave_20260715_170629_569ms,Deltoid med. (R),R_DELmed,4,100.07942811772219,108.07942811772219,132.43923749029597,0.02417029067873953,0.02417029067873953,none,30.0,10,2,monophasic
Burst_autosave_20260715_170629_569ms,Deltoid med. (R),R_DELmed,5,133.43923749029597,141.43923749029597,165.79904686287017,0.02584878354969715,0.02584878354969715,none,30.0,10,2,monophasic
Burst_autosave_20260715_170629_569ms,Deltoid med. (R),R_DELmed,6,166.79904686287017,174.79904686287017,198.36457505915283,0.026855878531934677,0.026855878531934677,none,30.0,10,2,monophasic
Burst_autosave_20260715_170629_569ms,Deltoid med. (R),R_DELmed,7,199.36457505915283,207.36457505915283,232.51866560801858,0.03004501201310846,0.03004501201310846,none,30.0,10,2,monophasic
Burst_autosave_20260715_170629_569ms,Deltoid med. (R),R_DELmed,8,233.51866560801858,241.51866560801858,265.8784749796611,0.03038071375340226,0.03038071375340226,none,30.0,10,2,monophasic
Burst_autosave_20260715_170629_569ms,Deltoid med. (R),R_DELmed,9,266.8784749796611,274.8784749796611,299.2382843522353,0.026184480640460927,0.026184480640460927,none,30.0,10,2,monophasic
Burst_autosave_20260715_170629_569ms,Deltoid med. (R),R_DELmed,10,300.2382843522353,308.2382843522353,331.8038125494492,0.03222705237488691,0.03222705237488691,none,30.0,10,2,monophasic
Burst_autosave_20260715_170629_569ms,Deltoid med. (R),R_DELmed,1,0.0,8.0,32.359809372573764,0.06243991479277611,0.06243991479277611,none,30.0,20,2,monophasic
Burst_autosave_20260715_170629_569ms,Deltoid med. (R),R_DELmed,2,33.359809372573764,41.359809372573764,65.71961874514798,0.042298008687800245,0.042298008687800245,none,30.0,20,2,monophasic
Burst_autosave_20260715_170629_569ms,Deltoid med. (R),R_DELmed,3,66.71961874514798,74.71961874514798,99.07942811772219,0.04632639046758916,0.04632639046758916,none,30.0,20,2,monophasic
Burst_autosave_20260715_170629_569ms,Deltoid med. (R),R_DELmed,4,100.07942811772219,108.07942811772219,132.43923749029597,0.04565499443560839,0.04565499443560839,none,30.0,20,2,monophasic
Burst_autosave_20260715_170629_569ms,Deltoid med. (R),R_DELmed,5,133.43923749029597,141.43923749029597,165.79904686287017,0.04699778556823807,0.04699778556823807,none,30.0,20,2,monophasic
Burst_autosave_20260715_170629_569ms,Deltoid med. (R),R_DELmed,6,166.79904686287017,174.79904686287017,198.36457505915283,0.03759822994471043,0.03759822994471043,none,30.0,20,2,monophasic
Burst_autosave_20260715_170629_569ms,Deltoid med. (R),R_DELmed,7,199.36457505915283,207.36457505915283,232.51866560801858,0.05606164970409574,0.05606164970409574,none,30.0,20,2,monophasic
Burst_autosave_20260715_170629_569ms,Deltoid med. (R),R_DELmed,8,233.51866560801858,241.51866560801858,265.8784749796611,0.04464789852499968,0.04464789852499968,none,30.0,20,2,monophasic
Burst_autosave_20260715_170629_569ms,Deltoid med. (R),R_DELmed,9,266.8784749796611,274.8784749796611,299.2382843522353,0.04229800683066213,0.04229800683066213,none,30.0,20,2,monophasic
Burst_autosave_20260715_170629_569ms,Deltoid med. (R),R_DELmed,10,300.2382843522353,308.2382843522353,331.8038125494492,0.052033264189958406,0.052033264189958406,none,30.0,20,2,monophasic
Burst_autosave_20260715_170629_569ms,Deltoid med. (R),R_DELmed,1,0.0,8.0,32.359809372573764,0.08493171236477792,0.08493171236477792,none,30.0,30,2,monophasic
Burst_autosave_20260715_170629_569ms,Deltoid med. (R),R_DELmed,2,33.359809372573764,41.359809372573764,65.71961874514798,0.061432818882173015,0.061432818882173015,none,30.0,30,2,monophasic
Burst_autosave_20260715_170629_569ms,Deltoid med. (R),R_DELmed,3,66.71961874514798,74.71961874514798,99.07942811772219,0.060425723902888674,0.060425723902888674,none,30.0,30,2,monophasic
Burst_autosave_20260715_170629_569ms,Deltoid med. (R),R_DELmed,4,100.07942811772219,108.07942811772219,132.43923749029597,0.06445410661399363,0.06445410661399363,none,30.0,30,2,monophasic
Burst_autosave_20260715_170629_569ms,Deltoid med. (R),R_DELmed,5,133.43923749029597,141.43923749029597,165.79904686287017,0.06395056238398308,0.06395056238398308,none,30.0,30,2,monophasic
Burst_autosave_20260715_170629_569ms,Deltoid med. (R),R_DELmed,6,166.79904686287017,174.79904686287017,198.36457505915283,0.06009003147483317,0.06009003147483317,none,30.0,30,2,monophasic
Burst_autosave_20260715_170629_569ms,Deltoid med. (R),R_DELmed,7,199.36457505915283,207.36457505915283,232.51866560801858,0.0728465672747772,0.0728465672747772,none,30.0,30,2,monophasic
Burst_autosave_20260715_170629_569ms,Deltoid med. (R),R_DELmed,8,233.51866560801858,241.51866560801858,265.8784749796611,0.06210421584546584,0.06210421584546584,none,30.0,30,2,monophasic
Burst_autosave_20260715_170629_569ms,Deltoid med. (R),R_DELmed,9,266.8784749796611,274.8784749796611,299.2382843522353,0.0631113164229256,0.0631113164229256,none,30.0,30,2,monophasic
Burst_autosave_20260715_170629_569ms,Deltoid med. (R),R_DELmed,10,300.2382843522353,308.2382843522353,331.8038125494492,0.07351796980829084,0.07351796980829084,none,30.0,30,2,monophasic
Burst_autosave_20260715_170629_569ms,Deltoid med. (R),R_DELmed,1,0.0,8.0,32.359809372573764,0.1191729640122503,0.1191729640122503,none,30.0,40,2,monophasic
Burst_autosave_20260715_170629_569ms,Deltoid med. (R),R_DELmed,2,33.359809372573764,41.359809372573764,65.71961874514798,0.08392461668700699,0.08392461668700699,none,30.0,40,2,monophasic
Burst_autosave_20260715_170629_569ms,Deltoid med. (R),R_DELmed,3,66.71961874514798,74.71961874514798,99.07942811772219,0.0787212923169232,0.0787212923169232,none,30.0,40,2,monophasic
Burst_autosave_20260715_170629_569ms,Deltoid med. (R),R_DELmed,4,100.07942811772219,108.07942811772219,132.43923749029597,0.08560311212204395,0.08560311212204395,none,30.0,40,2,monophasic
Burst_autosave_20260715_170629_569ms,Deltoid med. (R),R_DELmed,5,133.43923749029597,141.43923749029597,165.79904686287017,0.0849317132961061,0.0849317132961061,none,30.0,40,2,monophasic
Burst_autosave_20260715_170629_569ms,Deltoid med. (R),R_DELmed,6,166.79904686287017,174.79904686287017,198.36457505915283,0.08358892286197096,0.08358892286197096,none,30.0,40,2,monophasic
Burst_autosave_20260715_170629_569ms,Deltoid med. (R),R_DELmed,7,199.36457505915283,207.36457505915283,232.51866560801858,0.10473792931787361,0.10473792931787361,none,30.0,40,2,monophasic
Burst_autosave_20260715_170629_569ms,Deltoid med. (R),R_DELmed,8,233.51866560801858,241.51866560801858,265.8784749796611,0.0773784993216398,0.0773784993216398,none,30.0,40,2,monophasic
Burst_autosave_20260715_170629_569ms,Deltoid med. (R),R_DELmed,9,266.8784749796611,274.8784749796611,299.2382843522353,0.07922484494241629,0.07922484494241629,none,30.0,40,2,monophasic
Burst_autosave_20260715_170629_569ms,Deltoid med. (R),R_DELmed,10,300.2382843522353,308.2382843522353,331.8038125494492,0.09298848127591994,0.09298848127591994,none,30.0,40,2,monophasic
Burst_autosave_20260715_170629_569ms,Deltoid med. (R),R_DELmed,1,0.0,8.0,32.359809372573764,0.16331730503588915,0.16331730503588915,none,30.0,50,2,monophasic
Burst_autosave_20260715_170629_569ms,Deltoid med. (R),R_DELmed,2,33.359809372573764,41.359809372573764,65.71961874514798,0.11682306998410692,0.11682306998410692,none,30.0,50,2,monophasic
Burst_autosave_20260715_170629_569ms,Deltoid med. (R),R_DELmed,3,66.71961874514798,74.71961874514798,99.07942811772219,0.11850156355650218,0.11850156355650218,none,30.0,50,2,monophasic
Burst_autosave_20260715_170629_569ms,Deltoid med. (R),R_DELmed,4,100.07942811772219,108.07942811772219,132.43923749029597,0.11245899484492838,0.11245899484492838,none,30.0,50,2,monophasic
Burst_autosave_20260715_170629_569ms,Deltoid med. (R),R_DELmed,5,133.43923749029597,141.43923749029597,165.79904686287017,0.11631952645258054,0.11631952645258054,none,30.0,50,2,monophasic
Burst_autosave_20260715_170629_569ms,Deltoid med. (R),R_DELmed,6,166.79904686287017,174.79904686287017,198.36457505915283,0.11581597640180494,0.11581597640180494,none,30.0,50,2,monophasic
Burst_autosave_20260715_170629_569ms,Deltoid med. (R),R_DELmed,7,199.36457505915283,207.36457505915283,232.51866560801858,0.13243304498672748,0.13243304498672748,none,30.0,50,2,monophasic
Burst_autosave_20260715_170629_569ms,Deltoid med. (R),R_DELmed,8,233.51866560801858,241.51866560801858,265.8784749796611,0.11212329124100547,0.11212329124100547,none,30.0,50,2,monophasic
Burst_autosave_20260715_170629_569ms,Deltoid med. (R),R_DELmed,9,266.8784749796611,274.8784749796611,299.2382843522353,0.11413748215570818,0.11413748215570818,none,30.0,50,2,monophasic
Burst_autosave_20260715_170629_569ms,Deltoid med. (R),R_DELmed,10,300.2382843522353,308.2382843522353,331.8038125494492,0.1384756271727377,0.1384756271727377,none,30.0,50,2,monophasic
Burst_autosave_20260715_170629_569ms,Deltoid med. (R),R_DELmed,1,0.0,8.0,32.359809372573764,0.18429846689105034,0.18429846689105034,none,30.0,60,2,monophasic
Burst_autosave_20260715_170629_569ms,Deltoid med. (R),R_DELmed,2,33.359809372573764,41.359809372573764,65.71961874514798,0.13427938614042126,0.13427938614042126,none,30.0,60,2,monophasic
Burst_autosave_20260715_170629_569ms,Deltoid med. (R),R_DELmed,3,66.71961874514798,74.71961874514798,99.07942811772219,0.14233615342528783,0.14233615342528783,none,30.0,60,2,monophasic
Burst_autosave_20260715_170629_569ms,Deltoid med. (R),R_DELmed,4,100.07942811772219,108.07942811772219,132.43923749029597,0.13377583818510172,0.13377583818510172,none,30.0,60,2,monophasic
Burst_autosave_20260715_170629_569ms,Deltoid med. (R),R_DELmed,5,133.43923749029597,141.43923749029597,165.79904686287017,0.1378042222932125,0.1378042222932125,none,30.0,60,2,monophasic
Burst_autosave_20260715_170629_569ms,Deltoid med. (R),R_DELmed,6,166.79904686287017,174.79904686287017,198.36457505915283,0.1349507914856217,0.1349507914856217,none,30.0,60,2,monophasic
Burst_autosave_20260715_170629_569ms,Deltoid med. (R),R_DELmed,7,199.36457505915283,207.36457505915283,232.51866560801858,0.16717783830977107,0.16717783830977107,none,30.0,60,2,monophasic
Burst_autosave_20260715_170629_569ms,Deltoid med. (R),R_DELmed,8,233.51866560801858,241.51866560801858,265.8784749796611,0.13125810399690935,0.13125810399690935,none,30.0,60,2,monophasic
Burst_autosave_20260715_170629_569ms,Deltoid med. (R),R_DELmed,9,266.8784749796611,274.8784749796611,299.2382843522353,0.12890821744709416,0.12890821744709416,none,30.0,60,2,monophasic
Burst_autosave_20260715_170629_569ms,Deltoid med. (R),R_DELmed,10,300.2382843522353,308.2382843522353,331.8038125494492,0.15844967588664158,0.15844967588664158,none,30.0,60,2,monophasic
Burst_autosave_20260715_170629_569ms,Deltoid med. (R),R_DELmed,1,0.0,8.0,32.359809372573764,0.20947585068643093,0.20947585068643093,none,30.0,70,2,monophasic
Burst_autosave_20260715_170629_569ms,Deltoid med. (R),R_DELmed,2,33.359809372573764,41.359809372573764,65.71961874514798,0.14938582107426457,0.14938582107426457,none,30.0,70,2,monophasic
Burst_autosave_20260715_170629_569ms,Deltoid med. (R),R_DELmed,3,66.71961874514798,74.71961874514798,99.07942811772219,0.15240711160005943,0.15240711160005943,none,30.0,70,2,monophasic
Burst_autosave_20260715_170629_569ms,Deltoid med. (R),R_DELmed,4,100.07942811772219,108.07942811772219,132.43923749029597,0.15777828544378278,0.15777828544378278,none,30.0,70,2,monophasic
Burst_autosave_20260715_170629_569ms,Deltoid med. (R),R_DELmed,5,133.43923749029597,141.43923749029597,165.79904686287017,0.15509269759060665,0.15509269759060665,none,30.0,70,2,monophasic
Burst_autosave_20260715_170629_569ms,Deltoid med. (R),R_DELmed,6,166.79904686287017,174.79904686287017,198.36457505915283,0.15844968705879192,0.15844968705879192,none,30.0,70,2,monophasic
Burst_autosave_20260715_170629_569ms,Deltoid med. (R),R_DELmed,7,199.36457505915283,207.36457505915283,232.51866560801858,0.18396276426176544,0.18396276426176544,none,30.0,70,2,monophasic
Burst_autosave_20260715_170629_569ms,Deltoid med. (R),R_DELmed,8,233.51866560801858,241.51866560801858,265.8784749796611,0.1524071153237579,0.1524071153237579,none,30.0,70,2,monophasic
Burst_autosave_20260715_170629_569ms,Deltoid med. (R),R_DELmed,9,266.8784749796611,274.8784749796611,299.2382843522353,0.15173571932800828,0.15173571932800828,none,30.0,70,2,monophasic
Burst_autosave_20260715_170629_569ms,Deltoid med. (R),R_DELmed,10,300.2382843522353,308.2382843522353,331.8038125494492,0.17976653203210657,0.17976653203210657,none,30.0,70,2,monophasic
Burst_autosave_20260715_170629_569ms,Biceps (R),R_BB,1,0.0,8.0,32.359809372573764,,,none,30.0,10,2,monophasic
Burst_autosave_20260715_170629_569ms,Biceps (R),R_BB,2,33.359809372573764,41.359809372573764,65.71961874514798,,,none,30.0,10,2,monophasic
Burst_autosave_20260715_170629_569ms,Biceps (R),R_BB,3,66.71961874514798,74.71961874514798,99.07942811772219,,,none,30.0,10,2,monophasic
Burst_autosave_20260715_170629_569ms,Biceps (R),R_BB,4,100.07942811772219,108.07942811772219,132.43923749029597,,,none,30.0,10,2,monophasic
Burst_autosave_20260715_170629_569ms,Biceps (R),R_BB,5,133.43923749029597,141.43923749029597,165.79904686287017,,,none,30.0,10,2,monophasic
Burst_autosave_20260715_170629_569ms,Biceps (R),R_BB,6,166.79904686287017,174.79904686287017,198.36457505915283,,,none,30.0,10,2,monophasic
Burst_autosave_20260715_170629_569ms,Biceps (R),R_BB,7,199.36457505915283,207.36457505915283,232.51866560801858,,,none,30.0,10,2,monophasic
Burst_autosave_20260715_170629_569ms,Biceps (R),R_BB,8,233.51866560801858,241.51866560801858,265.8784749796611,,,none,30.0,10,2,monophasic
Burst_autosave_20260715_170629_569ms,Biceps (R),R_BB,9,266.8784749796611,274.8784749796611,299.2382843522353,,,none,30.0,10,2,monophasic
Burst_autosave_20260715_170629_569ms,Biceps (R),R_BB,10,300.2382843522353,308.2382843522353,331.8038125494492,,,none,30.0,10,2,monophasic
Burst_autosave_20260715_170629_569ms,Biceps (R),R_BB,1,0.0,8.0,32.359809372573764,,,none,30.0,20,2,monophasic
Burst_autosave_20260715_170629_569ms,Biceps (R),R_BB,2,33.359809372573764,41.359809372573764,65.71961874514798,,,none,30.0,20,2,monophasic
Burst_autosave_20260715_170629_569ms,Biceps (R),R_BB,3,66.71961874514798,74.71961874514798,99.07942811772219,,,none,30.0,20,2,monophasic
Burst_autosave_20260715_170629_569ms,Biceps (R),R_BB,4,100.07942811772219,108.07942811772219,132.43923749029597,,,none,30.0,20,2,monophasic
Burst_autosave_20260715_170629_569ms,Biceps (R),R_BB,5,133.43923749029597,141.43923749029597,165.79904686287017,,,none,30.0,20,2,monophasic
Burst_autosave_20260715_170629_569ms,Biceps (R),R_BB,6,166.79904686287017,174.79904686287017,198.36457505915283,,,none,30.0,20,2,monophasic
Burst_autosave_20260715_170629_569ms,Biceps (R),R_BB,7,199.36457505915283,207.36457505915283,232.51866560801858,,,none,30.0,20,2,monophasic
Burst_autosave_20260715_170629_569ms,Biceps (R),R_BB,8,233.51866560801858,241.51866560801858,265.8784749796611,,,none,30.0,20,2,monophasic
Burst_autosave_20260715_170629_569ms,Biceps (R),R_BB,9,266.8784749796611,274.8784749796611,299.2382843522353,,,none,30.0,20,2,monophasic
Burst_autosave_20260715_170629_569ms,Biceps (R),R_BB,10,300.2382843522353,308.2382843522353,331.8038125494492,,,none,30.0,20,2,monophasic
Burst_autosave_20260715_170629_569ms,Biceps (R),R_BB,1,0.0,8.0,32.359809372573764,,,none,30.0,30,2,monophasic
Burst_autosave_20260715_170629_569ms,Biceps (R),R_BB,2,33.359809372573764,41.359809372573764,65.71961874514798,,,none,30.0,30,2,monophasic
Burst_autosave_20260715_170629_569ms,Biceps (R),R_BB,3,66.71961874514798,74.71961874514798,99.07942811772219,,,none,30.0,30,2,monophasic
Burst_autosave_20260715_170629_569ms,Biceps (R),R_BB,4,100.07942811772219,108.07942811772219,132.43923749029597,,,none,30.0,30,2,monophasic
Burst_autosave_20260715_170629_569ms,Biceps (R),R_BB,5,133.43923749029597,141.43923749029597,165.79904686287017,,,none,30.0,30,2,monophasic
Burst_autosave_20260715_170629_569ms,Biceps (R),R_BB,6,166.79904686287017,174.79904686287017,198.36457505915283,,,none,30.0,30,2,monophasic
Burst_autosave_20260715_170629_569ms,Biceps (R),R_BB,7,199.36457505915283,207.36457505915283,232.51866560801858,,,none,30.0,30,2,monophasic
Burst_autosave_20260715_170629_569ms,Biceps (R),R_BB,8,233.51866560801858,241.51866560801858,265.8784749796611,,,none,30.0,30,2,monophasic
Burst_autosave_20260715_170629_569ms,Biceps (R),R_BB,9,266.8784749796611,274.8784749796611,299.2382843522353,,,none,30.0,30,2,monophasic
Burst_autosave_20260715_170629_569ms,Biceps (R),R_BB,10,300.2382843522353,308.2382843522353,331.8038125494492,,,none,30.0,30,2,monophasic
Burst_autosave_20260715_170629_569ms,Biceps (R),R_BB,1,0.0,8.0,32.359809372573764,0.012756542535498738,0.012756542535498738,none,30.0,40,2,monophasic
Burst_autosave_20260715_170629_569ms,Biceps (R),R_BB,2,33.359809372573764,41.359809372573764,65.71961874514798,0.016784924082456236,0.016784924082456236,none,30.0,40,2,monophasic
Burst_autosave_20260715_170629_569ms,Biceps (R),R_BB,3,66.71961874514798,74.71961874514798,99.07942811772219,0.014770733425395036,0.014770733425395036,none,30.0,40,2,monophasic
Burst_autosave_20260715_170629_569ms,Biceps (R),R_BB,4,100.07942811772219,108.07942811772219,132.43923749029597,0.01342793903313575,0.01342793903313575,none,30.0,40,2,monophasic
Burst_autosave_20260715_170629_569ms,Biceps (R),R_BB,5,133.43923749029597,141.43923749029597,165.79904686287017,0.020813305857523494,0.020813305857523494,none,30.0,40,2,monophasic
Burst_autosave_20260715_170629_569ms,Biceps (R),R_BB,6,166.79904686287017,174.79904686287017,198.36457505915283,0.011078050127253502,0.011078050127253502,none,30.0,40,2,monophasic
Burst_autosave_20260715_170629_569ms,Biceps (R),R_BB,7,199.36457505915283,207.36457505915283,232.51866560801858,0.016784924548906864,0.016784924548906864,none,30.0,40,2,monophasic
Burst_autosave_20260715_170629_569ms,Biceps (R),R_BB,8,233.51866560801858,241.51866560801858,265.8784749796611,0.01208514557062594,0.01208514557062594,none,30.0,40,2,monophasic
Burst_autosave_20260715_170629_569ms,Biceps (R),R_BB,9,266.8784749796611,274.8784749796611,299.2382843522353,0.011749447092520232,0.011749447092520232,none,30.0,40,2,monophasic
Burst_autosave_20260715_170629_569ms,Biceps (R),R_BB,10,300.2382843522353,308.2382843522353,331.8038125494492,0.013260090025141794,0.013260090025141794,none,30.0,40,2,monophasic
Burst_autosave_20260715_170629_569ms,Biceps (R),R_BB,1,0.0,8.0,32.359809372573764,0.020813305862247944,0.020813305862247944,none,30.0,50,2,monophasic
Burst_autosave_20260715_170629_569ms,Biceps (R),R_BB,2,33.359809372573764,41.359809372573764,65.71961874514798,0.023498894181104384,0.023498894181104384,none,30.0,50,2,monophasic
Burst_autosave_20260715_170629_569ms,Biceps (R),R_BB,3,66.71961874514798,74.71961874514798,99.07942811772219,0.020813306327912503,0.020813306327912503,none,30.0,50,2,monophasic
Burst_autosave_20260715_170629_569ms,Biceps (R),R_BB,4,100.07942811772219,108.07942811772219,132.43923749029597,0.027527275495230378,0.027527275495230378,none,30.0,50,2,monophasic
Burst_autosave_20260715_170629_569ms,Biceps (R),R_BB,5,133.43923749029597,141.43923749029597,165.79904686287017,0.03289845027029666,0.03289845027029666,none,30.0,50,2,monophasic
Burst_autosave_20260715_170629_569ms,Biceps (R),R_BB,6,166.79904686287017,174.79904686287017,198.36457505915283,0.021149003878240164,0.021149003878240164,none,30.0,50,2,monophasic
Burst_autosave_20260715_170629_569ms,Biceps (R),R_BB,7,199.36457505915283,207.36457505915283,232.51866560801858,0.025680934085488737,0.025680934085488737,none,30.0,50,2,monophasic
Burst_autosave_20260715_170629_569ms,Biceps (R),R_BB,8,233.51866560801858,241.51866560801858,265.8784749796611,0.025177386121719228,0.025177386121719228,none,30.0,50,2,monophasic
Burst_autosave_20260715_170629_569ms,Biceps (R),R_BB,9,266.8784749796611,274.8784749796611,299.2382843522353,0.021820401775416283,0.021820401775416283,none,30.0,50,2,monophasic
Burst_autosave_20260715_170629_569ms,Biceps (R),R_BB,10,300.2382843522353,308.2382843522353,331.8038125494492,0.030716410838066706,0.030716410838066706,none,30.0,50,2,monophasic
Burst_autosave_20260715_170629_569ms,Biceps (R),R_BB,1,0.0,8.0,32.359809372573764,0.06042572483420372,0.06042572483420372,none,30.0,60,2,monophasic
Burst_autosave_20260715_170629_569ms,Biceps (R),R_BB,2,33.359809372573764,41.359809372573764,65.71961874514798,0.039948119781915634,0.039948119781915634,none,30.0,60,2,monophasic
Burst_autosave_20260715_170629_569ms,Biceps (R),R_BB,3,66.71961874514798,74.71961874514798,99.07942811772219,0.0409552147612042,0.0409552147612042,none,30.0,60,2,monophasic
Burst_autosave_20260715_170629_569ms,Biceps (R),R_BB,4,100.07942811772219,108.07942811772219,132.43923749029597,0.043640803545713425,0.043640803545713425,none,30.0,60,2,monophasic
Burst_autosave_20260715_170629_569ms,Biceps (R),R_BB,5,133.43923749029597,141.43923749029597,165.79904686287017,0.03759822901338838,0.03759822901338838,none,30.0,60,2,monophasic
Burst_autosave_20260715_170629_569ms,Biceps (R),R_BB,6,166.79904686287017,174.79904686287017,198.36457505915283,0.03524834103844015,0.03524834103844015,none,30.0,60,2,monophasic
Burst_autosave_20260715_170629_569ms,Biceps (R),R_BB,7,199.36457505915283,207.36457505915283,232.51866560801858,0.05690089242461896,0.05690089242461896,none,30.0,60,2,monophasic
Burst_autosave_20260715_170629_569ms,Biceps (R),R_BB,8,233.51866560801858,241.51866560801858,265.8784749796611,0.02148470235870397,0.02148470235870397,none,30.0,60,2,monophasic
Burst_autosave_20260715_170629_569ms,Biceps (R),R_BB,9,266.8784749796611,274.8784749796611,299.2382843522353,0.027527274820757182,0.027527274820757182,none,30.0,60,2,monophasic
Burst_autosave_20260715_170629_569ms,Biceps (R),R_BB,10,300.2382843522353,308.2382843522353,331.8038125494492,0.038437476381658925,0.038437476381658925,none,30.0,60,2,monophasic
Burst_autosave_20260715_170629_569ms,Biceps (R),R_BB,1,0.0,8.0,32.359809372573764,0.09147783741354942,0.09147783741354942,none,30.0,70,2,monophasic
Burst_autosave_20260715_170629_569ms,Biceps (R),R_BB,2,33.359809372573764,41.359809372573764,65.71961874514798,0.03155565750785168,0.03155565750785168,none,30.0,70,2,monophasic
Burst_autosave_20260715_170629_569ms,Biceps (R),R_BB,3,66.71961874514798,74.71961874514798,99.07942811772219,0.023834591962488598,0.023834591962488598,none,30.0,70,2,monophasic
Burst_autosave_20260715_170629_569ms,Biceps (R),R_BB,4,100.07942811772219,108.07942811772219,132.43923749029597,0.019470512168481946,0.019470512168481946,none,30.0,70,2,monophasic
Burst_autosave_20260715_170629_569ms,Biceps (R),R_BB,5,133.43923749029597,141.43923749029597,165.79904686287017,-0.006378270678784662,-0.006378270678784662,none,30.0,70,2,monophasic
Burst_autosave_20260715_170629_569ms,Biceps (R),R_BB,6,166.79904686287017,174.79904686287017,198.36457505915283,0.020813306561920642,0.020813306561920642,none,30.0,70,2,monophasic
Burst_autosave_20260715_170629_569ms,Biceps (R),R_BB,7,199.36457505915283,207.36457505915283,232.51866560801858,0.009735256195537048,0.009735256195537048,none,30.0,70,2,monophasic
Burst_autosave_20260715_170629_569ms,Biceps (R),R_BB,8,233.51866560801858,241.51866560801858,265.8784749796611,0.0283665223978447,0.0283665223978447,none,30.0,70,2,monophasic
Burst_autosave_20260715_170629_569ms,Biceps (R),R_BB,9,266.8784749796611,274.8784749796611,299.2382843522353,0.01879911520518226,0.01879911520518226,none,30.0,70,2,monophasic
Burst_autosave_20260715_170629_569ms,Biceps (R),R_BB,10,300.2382843522353,308.2382843522353,331.8038125494492,0.014435034242102573,0.014435034242102573,none,30.0,70,2,monophasic
Burst_autosave_20260715_170629_569ms,Triceps long (R),R_TBlg,1,0.0,8.0,32.359809372573764,,,none,30.0,10,2,monophasic
Burst_autosave_20260715_170629_569ms,Triceps long (R),R_TBlg,2,33.359809372573764,41.359809372573764,65.71961874514798,,,none,30.0,10,2,monophasic
Burst_autosave_20260715_170629_569ms,Triceps long (R),R_TBlg,3,66.71961874514798,74.71961874514798,99.07942811772219,,,none,30.0,10,2,monophasic
Burst_autosave_20260715_170629_569ms,Triceps long (R),R_TBlg,4,100.07942811772219,108.07942811772219,132.43923749029597,,,none,30.0,10,2,monophasic
Burst_autosave_20260715_170629_569ms,Triceps long (R),R_TBlg,5,133.43923749029597,141.43923749029597,165.79904686287017,,,none,30.0,10,2,monophasic
Burst_autosave_20260715_170629_569ms,Triceps long (R),R_TBlg,6,166.79904686287017,174.79904686287017,198.36457505915283,,,none,30.0,10,2,monophasic
Burst_autosave_20260715_170629_569ms,Triceps long (R),R_TBlg,7,199.36457505915283,207.36457505915283,232.51866560801858,,,none,30.0,10,2,monophasic
Burst_autosave_20260715_170629_569ms,Triceps long (R),R_TBlg,8,233.51866560801858,241.51866560801858,265.8784749796611,,,none,30.0,10,2,monophasic
Burst_autosave_20260715_170629_569ms,Triceps long (R),R_TBlg,9,266.8784749796611,274.8784749796611,299.2382843522353,,,none,30.0,10,2,monophasic
Burst_autosave_20260715_170629_569ms,Triceps long (R),R_TBlg,10,300.2382843522353,308.2382843522353,331.8038125494492,,,none,30.0,10,2,monophasic
Burst_autosave_20260715_170629_569ms,Triceps long (R),R_TBlg,1,0.0,8.0,32.359809372573764,0.02081330493092537,0.02081330493092537,none,30.0,20,2,monophasic
Burst_autosave_20260715_170629_569ms,Triceps long (R),R_TBlg,2,33.359809372573764,41.359809372573764,65.71961874514798,0.01443503424525392,0.01443503424525392,none,30.0,20,2,monophasic
Burst_autosave_20260715_170629_569ms,Triceps long (R),R_TBlg,3,66.71961874514798,74.71961874514798,99.07942811772219,0.013763636816292658,0.013763636816292658,none,30.0,20,2,monophasic
Burst_autosave_20260715_170629_569ms,Triceps long (R),R_TBlg,4,100.07942811772219,108.07942811772219,132.43923749029597,0.008056762628257264,0.008056762628257264,none,30.0,20,2,monophasic
Burst_autosave_20260715_170629_569ms,Triceps long (R),R_TBlg,5,133.43923749029597,141.43923749029597,165.79904686287017,0.011413747444748965,0.011413747444748965,none,30.0,20,2,monophasic
Burst_autosave_20260715_170629_569ms,Triceps long (R),R_TBlg,6,166.79904686287017,174.79904686287017,198.36457505915283,0.011413747444748459,0.011413747444748459,none,30.0,20,2,monophasic
Burst_autosave_20260715_170629_569ms,Triceps long (R),R_TBlg,7,199.36457505915283,207.36457505915283,232.51866560801858,0.015106431206582057,0.015106431206582057,none,30.0,20,2,monophasic
Burst_autosave_20260715_170629_569ms,Triceps long (R),R_TBlg,8,233.51866560801858,241.51866560801858,265.8784749796611,0.016113526185474507,0.016113526185474507,none,30.0,20,2,monophasic
Burst_autosave_20260715_170629_569ms,Triceps long (R),R_TBlg,9,266.8784749796611,274.8784749796611,299.2382843522353,0.00872816052405951,0.00872816052405951,none,30.0,20,2,monophasic
Burst_autosave_20260715_170629_569ms,Triceps long (R),R_TBlg,10,300.2382843522353,308.2382843522353,331.8038125494492,0.016952772624790207,0.016952772624790207,none,30.0,20,2,monophasic
Burst_autosave_20260715_170629_569ms,Triceps long (R),R_TBlg,1,0.0,8.0,32.359809372573764,0.030884261475875974,0.030884261475875974,none,30.0,30,2,monophasic
Burst_autosave_20260715_170629_569ms,Triceps long (R),R_TBlg,2,33.359809372573764,41.359809372573764,65.71961874514798,0.01678492408246048,0.01678492408246048,none,30.0,30,2,monophasic
Burst_autosave_20260715_170629_569ms,Triceps long (R),R_TBlg,3,66.71961874514798,74.71961874514798,99.07942811772219,0.016784923151137308,0.016784923151137308,none,30.0,30,2,monophasic
Burst_autosave_20260715_170629_569ms,Triceps long (R),R_TBlg,4,100.07942811772219,108.07942811772219,132.43923749029597,0.022323949262499802,0.022323949262499802,none,30.0,30,2,monophasic
Burst_autosave_20260715_170629_569ms,Triceps long (R),R_TBlg,5,133.43923749029597,141.43923749029597,165.79904686287017,0.012588693760336339,0.012588693760336339,none,30.0,30,2,monophasic
Burst_autosave_20260715_170629_569ms,Triceps long (R),R_TBlg,6,166.79904686287017,174.79904686287017,198.36457505915283,0.00956740602851184,0.00956740602851184,none,30.0,30,2,monophasic
Burst_autosave_20260715_170629_569ms,Triceps long (R),R_TBlg,7,199.36457505915283,207.36457505915283,232.51866560801858,0.022491797342715,0.022491797342715,none,30.0,30,2,monophasic
Burst_autosave_20260715_170629_569ms,Triceps long (R),R_TBlg,8,233.51866560801858,241.51866560801858,265.8784749796611,0.013092241249978522,0.013092241249978522,none,30.0,30,2,monophasic
Burst_autosave_20260715_170629_569ms,Triceps long (R),R_TBlg,9,266.8784749796611,274.8784749796611,299.2382843522353,0.011078049434078327,0.011078049434078327,none,30.0,30,2,monophasic
Burst_autosave_20260715_170629_569ms,Triceps long (R),R_TBlg,10,300.2382843522353,308.2382843522353,331.8038125494492,0.0206454559229313,0.0206454559229313,none,30.0,30,2,monophasic
Burst_autosave_20260715_170629_569ms,Triceps long (R),R_TBlg,1,0.0,8.0,32.359809372573764,0.029877165099605918,0.029877165099605918,none,30.0,40,2,monophasic
Burst_autosave_20260715_170629_569ms,Triceps long (R),R_TBlg,2,33.359809372573764,41.359809372573764,65.71961874514798,0.015442129690200184,0.015442129690200184,none,30.0,40,2,monophasic
Burst_autosave_20260715_170629_569ms,Triceps long (R),R_TBlg,3,66.71961874514798,74.71961874514798,99.07942811772219,0.022491798736155404,0.022491798736155404,none,30.0,40,2,monophasic
Burst_autosave_20260715_170629_569ms,Triceps long (R),R_TBlg,4,100.07942811772219,108.07942811772219,132.43923749029597,0.024002440739423023,0.024002440739423023,none,30.0,40,2,monophasic
Burst_autosave_20260715_170629_569ms,Triceps long (R),R_TBlg,5,133.43923749029597,141.43923749029597,165.79904686287017,0.021484703058378397,0.021484703058378397,none,30.0,40,2,monophasic
Burst_autosave_20260715_170629_569ms,Triceps long (R),R_TBlg,6,166.79904686287017,174.79904686287017,198.36457505915283,0.017456321044970375,0.017456321044970375,none,30.0,40,2,monophasic
Burst_autosave_20260715_170629_569ms,Triceps long (R),R_TBlg,7,199.36457505915283,207.36457505915283,232.51866560801858,0.025513083677951416,0.025513083677951416,none,30.0,40,2,monophasic
Burst_autosave_20260715_170629_569ms,Triceps long (R),R_TBlg,8,233.51866560801858,241.51866560801858,265.8784749796611,0.021820401304046763,0.021820401304046763,none,30.0,40,2,monophasic
Burst_autosave_20260715_170629_569ms,Triceps long (R),R_TBlg,9,266.8784749796611,274.8784749796611,299.2382843522353,0.017959868536580152,0.017959868536580152,none,30.0,40,2,monophasic
Burst_autosave_20260715_170629_569ms,Triceps long (R),R_TBlg,10,300.2382843522353,308.2382843522353,331.8038125494492,0.028702219482511185,0.028702219482511185,none,30.0,40,2,monophasic
Burst_autosave_20260715_170629_569ms,Triceps long (R),R_TBlg,1,0.0,8.0,32.359809372573764,0.02752727479673922,0.02752727479673922,none,30.0,50,2,monophasic
Burst_autosave_20260715_170629_569ms,Triceps long (R),R_TBlg,2,33.359809372573764,41.359809372573764,65.71961874514798,0.018127717310566043,0.018127717310566043,none,30.0,50,2,monophasic
Burst_autosave_20260715_170629_569ms,Triceps long (R),R_TBlg,3,66.71961874514798,74.71961874514798,99.07942811772219,0.020813305862251368,0.020813305862251368,none,30.0,50,2,monophasic
Burst_autosave_20260715_170629_569ms,Triceps long (R),R_TBlg,4,100.07942811772219,108.07942811772219,132.43923749029597,0.018631265265867124,0.018631265265867124,none,30.0,50,2,monophasic
Burst_autosave_20260715_170629_569ms,Triceps long (R),R_TBlg,5,133.43923749029597,141.43923749029597,165.79904686287017,0.025513083906847794,0.025513083906847794,none,30.0,50,2,monophasic
Burst_autosave_20260715_170629_569ms,Triceps long (R),R_TBlg,6,166.79904686287017,174.79904686287017,198.36457505915283,0.024170289980250607,0.024170289980250607,none,30.0,50,2,monophasic
Burst_autosave_20260715_170629_569ms,Triceps long (R),R_TBlg,7,199.36457505915283,207.36457505915283,232.51866560801858,0.03289845051277226,0.03289845051277226,none,30.0,50,2,monophasic
Burst_autosave_20260715_170629_569ms,Triceps long (R),R_TBlg,8,233.51866560801858,241.51866560801858,265.8784749796611,0.023834592424017444,0.023834592424017444,none,30.0,50,2,monophasic
Burst_autosave_20260715_170629_569ms,Triceps long (R),R_TBlg,9,266.8784749796611,274.8784749796611,299.2382843522353,0.025345235830171273,0.025345235830171273,none,30.0,50,2,monophasic
Burst_autosave_20260715_170629_569ms,Triceps long (R),R_TBlg,10,300.2382843522353,308.2382843522353,331.8038125494492,0.035751889692618596,0.035751889692618596,none,30.0,50,2,monophasic
Burst_autosave_20260715_170629_569ms,Triceps long (R),R_TBlg,1,0.0,8.0,32.359809372573764,0.09651331230998039,0.09651331230998039,none,30.0,60,2,monophasic
Burst_autosave_20260715_170629_569ms,Triceps long (R),R_TBlg,2,33.359809372573764,41.359809372573764,65.71961874514798,0.08761730417608288,0.08761730417608288,none,30.0,60,2,monophasic
Burst_autosave_20260715_170629_569ms,Triceps long (R),R_TBlg,3,66.71961874514798,74.71961874514798,99.07942811772219,0.08459601923823842,0.08459601923823842,none,30.0,60,2,monophasic
Burst_autosave_20260715_170629_569ms,Triceps long (R),R_TBlg,4,100.07942811772219,108.07942811772219,132.43923749029597,0.0753643084317348,0.0753643084317348,none,30.0,60,2,monophasic
Burst_autosave_20260715_170629_569ms,Triceps long (R),R_TBlg,5,133.43923749029597,141.43923749029597,165.79904686287017,0.06646829842617033,0.06646829842617033,none,30.0,60,2,monophasic
Burst_autosave_20260715_170629_569ms,Triceps long (R),R_TBlg,6,166.79904686287017,174.79904686287017,198.36457505915283,0.07620355485256622,0.07620355485256622,none,30.0,60,2,monophasic
Burst_autosave_20260715_170629_569ms,Triceps long (R),R_TBlg,7,199.36457505915283,207.36457505915283,232.51866560801858,0.07418936306559429,0.07418936306559429,none,30.0,60,2,monophasic
Burst_autosave_20260715_170629_569ms,Triceps long (R),R_TBlg,8,233.51866560801858,241.51866560801858,265.8784749796611,0.07200732640567856,0.07200732640567856,none,30.0,60,2,monophasic
Burst_autosave_20260715_170629_569ms,Triceps long (R),R_TBlg,9,266.8784749796611,274.8784749796611,299.2382843522353,0.07217517309755911,0.07217517309755911,none,30.0,60,2,monophasic
Burst_autosave_20260715_170629_569ms,Triceps long (R),R_TBlg,10,300.2382843522353,308.2382843522353,331.8038125494492,0.0815747305750735,0.0815747305750735,none,30.0,60,2,monophasic
Burst_autosave_20260715_170629_569ms,Triceps long (R),R_TBlg,1,0.0,8.0,32.359809372573764,0.015945678111165762,0.015945678111165762,none,30.0,70,2,monophasic
Burst_autosave_20260715_170629_569ms,Triceps long (R),R_TBlg,2,33.359809372573764,41.359809372573764,65.71961874514798,0.05572594702244722,0.05572594702244722,none,30.0,70,2,monophasic
Burst_autosave_20260715_170629_569ms,Triceps long (R),R_TBlg,3,66.71961874514798,74.71961874514798,99.07942811772219,0.0570687428116858,0.0570687428116858,none,30.0,70,2,monophasic
Burst_autosave_20260715_170629_569ms,Triceps long (R),R_TBlg,4,100.07942811772219,108.07942811772219,132.43923749029597,0.051529716700315295,0.051529716700315295,none,30.0,70,2,monophasic
Burst_autosave_20260715_170629_569ms,Triceps long (R),R_TBlg,5,133.43923749029597,141.43923749029597,165.79904686287017,0.05085831973701817,0.05085831973701817,none,30.0,70,2,monophasic
Burst_autosave_20260715_170629_569ms,Triceps long (R),R_TBlg,6,166.79904686287017,174.79904686287017,198.36457505915283,0.054383154005533785,0.054383154005533785,none,30.0,70,2,monophasic
Burst_autosave_20260715_170629_569ms,Triceps long (R),R_TBlg,7,199.36457505915283,207.36457505915283,232.51866560801858,0.0597543297481203,0.0597543297481203,none,30.0,70,2,monophasic
Burst_autosave_20260715_170629_569ms,Triceps long (R),R_TBlg,8,233.51866560801858,241.51866560801858,265.8784749796611,0.04632639139595374,0.04632639139595374,none,30.0,70,2,monophasic
Burst_autosave_20260715_170629_569ms,Triceps long (R),R_TBlg,9,266.8784749796611,274.8784749796611,299.2382843522353,0.04699778649031786,0.04699778649031786,none,30.0,70,2,monophasic
Burst_autosave_20260715_170629_569ms,Triceps long (R),R_TBlg,10,300.2382843522353,308.2382843522353,331.8038125494492,0.07016098124761687,0.07016098124761687,none,30.0,70,2,monophasic
Burst_autosave_20260715_170629_569ms,Trapezius (R),R_TR,1,0.0,8.0,32.359809372573764,0.4776989370584488,0.4776989370584488,none,30.0,10,2,monophasic
Burst_autosave_20260715_170629_569ms,Trapezius (R),R_TR,2,33.359809372573764,41.359809372573764,65.71961874514798,0.35902953147892036,0.35902953147892036,none,30.0,10,2,monophasic
Burst_autosave_20260715_170629_569ms,Trapezius (R),R_TR,3,66.71961874514798,74.71961874514798,99.07942811772219,0.3591973781586094,0.3591973781586094,none,30.0,10,2,monophasic
Burst_autosave_20260715_170629_569ms,Trapezius (R),R_TR,4,100.07942811772219,108.07942811772219,132.43923749029597,0.3469443768262863,0.3469443768262863,none,30.0,10,2,monophasic
Burst_autosave_20260715_170629_569ms,Trapezius (R),R_TR,5,133.43923749029597,141.43923749029597,165.79904686287017,0.34811933338645895,0.34811933338645895,none,30.0,10,2,monophasic
Burst_autosave_20260715_170629_569ms,Trapezius (R),R_TR,6,166.79904686287017,174.79904686287017,198.36457505915283,0.34761577844623404,0.34761577844623404,none,30.0,10,2,monophasic
Burst_autosave_20260715_170629_569ms,Trapezius (R),R_TR,7,199.36457505915283,207.36457505915283,232.51866560801858,0.4172732085887343,0.4172732085887343,none,30.0,10,2,monophasic
Burst_autosave_20260715_170629_569ms,Trapezius (R),R_TR,8,233.51866560801858,241.51866560801858,265.8784749796611,0.3497978150813099,0.3497978150813099,none,30.0,10,2,monophasic
Burst_autosave_20260715_170629_569ms,Trapezius (R),R_TR,9,266.8784749796611,274.8784749796611,299.2382843522353,0.3414053619671854,0.3414053619671854,none,30.0,10,2,monophasic
Burst_autosave_20260715_170629_569ms,Trapezius (R),R_TR,10,300.2382843522353,308.2382843522353,331.8038125494492,0.41223773360252025,0.41223773360252025,none,30.0,10,2,monophasic
Burst_autosave_20260715_170629_569ms,Trapezius (R),R_TR,1,0.0,8.0,32.359809372573764,0.8899366855621338,0.8899366855621338,none,30.0,20,2,monophasic
Burst_autosave_20260715_170629_569ms,Trapezius (R),R_TR,2,33.359809372573764,41.359809372573764,65.71961874514798,0.6578011661768647,0.6578011661768647,none,30.0,20,2,monophasic
Burst_autosave_20260715_170629_569ms,Trapezius (R),R_TR,3,66.71961874514798,74.71961874514798,99.07942811772219,0.6473945379257862,0.6473945379257862,none,30.0,20,2,monophasic
Burst_autosave_20260715_170629_569ms,Trapezius (R),R_TR,4,100.07942811772219,108.07942811772219,132.43923749029597,0.6400091648101807,0.6400091648101807,none,30.0,20,2,monophasic
Burst_autosave_20260715_170629_569ms,Trapezius (R),R_TR,5,133.43923749029597,141.43923749029597,165.79904686287017,0.630945295095508,0.630945295095508,none,30.0,20,2,monophasic
Burst_autosave_20260715_170629_569ms,Trapezius (R),R_TR,6,166.79904686287017,174.79904686287017,198.36457505915283,0.626077644527024,0.626077644527024,none,30.0,20,2,monophasic
Burst_autosave_20260715_170629_569ms,Trapezius (R),R_TR,7,199.36457505915283,207.36457505915283,232.51866560801858,0.7442435474727589,0.7442435474727589,none,30.0,20,2,monophasic
Burst_autosave_20260715_170629_569ms,Trapezius (R),R_TR,8,233.51866560801858,241.51866560801858,265.8784749796611,0.6165102645754835,0.6165102645754835,none,30.0,20,2,monophasic
Burst_autosave_20260715_170629_569ms,Trapezius (R),R_TR,9,266.8784749796611,274.8784749796611,299.2382843522353,0.6119783224010228,0.6119783224010228,none,30.0,20,2,monophasic
Burst_autosave_20260715_170629_569ms,Trapezius (R),R_TR,10,300.2382843522353,308.2382843522353,331.8038125494492,0.7237659394741016,0.7237659394741016,none,30.0,20,2,monophasic
Burst_autosave_20260715_170629_569ms,Trapezius (R),R_TR,1,0.0,8.0,32.359809372573764,1.6784924268722534,1.6784924268722534,none,30.0,30,2,monophasic
Burst_autosave_20260715_170629_569ms,Trapezius (R),R_TR,2,33.359809372573764,41.359809372573764,65.71961874514798,1.1937438175083652,1.1937438175083652,none,30.0,30,2,monophasic
Burst_autosave_20260715_170629_569ms,Trapezius (R),R_TR,3,66.71961874514798,74.71961874514798,99.07942811772219,1.1823300831021315,1.1823300831021315,none,30.0,30,2,monophasic
Burst_autosave_20260715_170629_569ms,Trapezius (R),R_TR,4,100.07942811772219,108.07942811772219,132.43923749029597,1.1699091996997595,1.1699091996997595,none,30.0,30,2,monophasic
Burst_autosave_20260715_170629_569ms,Trapezius (R),R_TR,5,133.43923749029597,141.43923749029597,165.79904686287017,1.1568169351668565,1.1568169351668565,none,30.0,30,2,monophasic
Burst_autosave_20260715_170629_569ms,Trapezius (R),R_TR,6,166.79904686287017,174.79904686287017,198.36457505915283,1.1470817159862736,1.1470817159862736,none,30.0,30,2,monophasic
Burst_autosave_20260715_170629_569ms,Trapezius (R),R_TR,7,199.36457505915283,207.36457505915283,232.51866560801858,1.3906309011982871,1.3906309011982871,none,30.0,30,2,monophasic
Burst_autosave_20260715_170629_569ms,Trapezius (R),R_TR,8,233.51866560801858,241.51866560801858,265.8784749796611,1.131639633327727,1.131639633327727,none,30.0,30,2,monophasic
Burst_autosave_20260715_170629_569ms,Trapezius (R),R_TR,9,266.8784749796611,274.8784749796611,299.2382843522353,1.1172044987973297,1.1172044987973297,none,30.0,30,2,monophasic
Burst_autosave_20260715_170629_569ms,Trapezius (R),R_TR,10,300.2382843522353,308.2382843522353,331.8038125494492,1.3654535412774529,1.3654535412774529,none,30.0,30,2,monophasic
Burst_autosave_20260715_170629_569ms,Trapezius (R),R_TR,1,0.0,8.0,32.359809372573764,2.5341877937316895,2.5341877937316895,none,30.0,40,2,monophasic
Burst_autosave_20260715_170629_569ms,Trapezius (R),R_TR,2,33.359809372573764,41.359809372573764,65.71961874514798,1.7912870496513695,1.7912870496513695,none,30.0,40,2,monophasic
Burst_autosave_20260715_170629_569ms,Trapezius (R),R_TR,3,66.71961874514798,74.71961874514798,99.07942811772219,1.7486533895137149,1.7486533895137149,none,30.0,40,2,monophasic
Burst_autosave_20260715_170629_569ms,Trapezius (R),R_TR,4,100.07942811772219,108.07942811772219,132.43923749029597,1.7494926452636719,1.7494926452636719,none,30.0,40,2,monophasic
Burst_autosave_20260715_170629_569ms,Trapezius (R),R_TR,5,133.43923749029597,141.43923749029597,165.79904686287017,1.7102158735508333,1.7102158735508333,none,30.0,40,2,monophasic
Burst_autosave_20260715_170629_569ms,Trapezius (R),R_TR,6,166.79904686287017,174.79904686287017,198.36457505915283,1.7009841548281046,1.7009841548281046,none,30.0,40,2,monophasic
Burst_autosave_20260715_170629_569ms,Trapezius (R),R_TR,7,199.36457505915283,207.36457505915283,232.51866560801858,2.035675615603854,2.035675615603854,none,30.0,40,2,monophasic
Burst_autosave_20260715_170629_569ms,Trapezius (R),R_TR,8,233.51866560801858,241.51866560801858,265.8784749796611,1.6647287532687254,1.6647287532687254,none,30.0,40,2,monophasic
Burst_autosave_20260715_170629_569ms,Trapezius (R),R_TR,9,266.8784749796611,274.8784749796611,299.2382843522353,1.6234378856222687,1.6234378856222687,none,30.0,40,2,monophasic
Burst_autosave_20260715_170629_569ms,Trapezius (R),R_TR,10,300.2382843522353,308.2382843522353,331.8038125494492,2.016876518720824,2.016876518720824,none,30.0,40,2,monophasic
Burst_autosave_20260715_170629_569ms,Trapezius (R),R_TR,1,0.0,8.0,32.359809372573764,3.5248340368270874,3.5248340368270874,none,30.0,50,2,monophasic
Burst_autosave_20260715_170629_569ms,Trapezius (R),R_TR,2,33.359809372573764,41.359809372573764,65.71961874514798,2.2958420142534655,2.2958420142534655,none,30.0,50,2,monophasic
Burst_autosave_20260715_170629_569ms,Trapezius (R),R_TR,3,66.71961874514798,74.71961874514798,99.07942811772219,2.1249713897708182,2.1249713897708182,none,30.0,50,2,monophasic
Burst_autosave_20260715_170629_569ms,Trapezius (R),R_TR,4,100.07942811772219,108.07942811772219,132.43923749029597,2.263950571417808,2.263950571417808,none,30.0,50,2,monophasic
Burst_autosave_20260715_170629_569ms,Trapezius (R),R_TR,5,133.43923749029597,141.43923749029597,165.79904686287017,2.239444606006416,2.239444606006416,none,30.0,50,2,monophasic
Burst_autosave_20260715_170629_569ms,Trapezius (R),R_TR,6,166.79904686287017,174.79904686287017,198.36457505915283,2.236926831305291,2.236926831305291,none,30.0,50,2,monophasic
Burst_autosave_20260715_170629_569ms,Trapezius (R),R_TR,7,199.36457505915283,207.36457505915283,232.51866560801858,2.7010300762958996,2.7010300762958996,none,30.0,50,2,monophasic
Burst_autosave_20260715_170629_569ms,Trapezius (R),R_TR,8,233.51866560801858,241.51866560801858,265.8784749796611,2.2726787850260823,2.2726787850260823,none,30.0,50,2,monophasic
Burst_autosave_20260715_170629_569ms,Trapezius (R),R_TR,9,266.8784749796611,274.8784749796611,299.2382843522353,2.2923170482678583,2.2923170482678583,none,30.0,50,2,monophasic
Burst_autosave_20260715_170629_569ms,Trapezius (R),R_TR,10,300.2382843522353,308.2382843522353,331.8038125494492,2.7330892681925714,2.7330892681925714,none,30.0,50,2,monophasic
Burst_autosave_20260715_170629_569ms,Trapezius (R),R_TR,1,0.0,8.0,32.359809372573764,3.619165301322937,3.619165301322937,none,30.0,60,2,monophasic
Burst_autosave_20260715_170629_569ms,Trapezius (R),R_TR,2,33.359809372573764,41.359809372573764,65.71961874514798,2.530159514397725,2.530159514397725,none,30.0,60,2,monophasic
Burst_autosave_20260715_170629_569ms,Trapezius (R),R_TR,3,66.71961874514798,74.71961874514798,99.07942811772219,2.5600366515576214,2.5600366515576214,none,30.0,60,2,monophasic
Burst_autosave_20260715_170629_569ms,Trapezius (R),R_TR,4,100.07942811772219,108.07942811772219,132.43923749029597,2.5784999318420883,2.5784999318420883,none,30.0,60,2,monophasic
Burst_autosave_20260715_170629_569ms,Trapezius (R),R_TR,5,133.43923749029597,141.43923749029597,165.79904686287017,2.620462294643851,2.620462294643851,none,30.0,60,2,monophasic
Burst_autosave_20260715_170629_569ms,Trapezius (R),R_TR,6,166.79904686287017,174.79904686287017,198.36457505915283,2.638590015440576,2.638590015440576,none,30.0,60,2,monophasic
Burst_autosave_20260715_170629_569ms,Trapezius (R),R_TR,7,199.36457505915283,207.36457505915283,232.51866560801858,3.2488899834694003,3.2488899834694003,none,30.0,60,2,monophasic
Burst_autosave_20260715_170629_569ms,Trapezius (R),R_TR,8,233.51866560801858,241.51866560801858,265.8784749796611,2.6815595217049215,2.6815595217049215,none,30.0,60,2,monophasic
Burst_autosave_20260715_170629_569ms,Trapezius (R),R_TR,9,266.8784749796611,274.8784749796611,299.2382843522353,2.5680934513389198,2.5680934513389198,none,30.0,60,2,monophasic
Burst_autosave_20260715_170629_569ms,Trapezius (R),R_TR,10,300.2382843522353,308.2382843522353,331.8038125494492,3.171511471248265,3.171511471248265,none,30.0,60,2,monophasic
Burst_autosave_20260715_170629_569ms,Trapezius (R),R_TR,1,0.0,8.0,32.359809372573764,3.984405219554901,3.984405219554901,none,30.0,70,2,monophasic
Burst_autosave_20260715_170629_569ms,Trapezius (R),R_TR,2,33.359809372573764,41.359809372573764,65.71961874514798,2.7329213023188967,2.7329213023188967,none,30.0,70,2,monophasic
Burst_autosave_20260715_170629_569ms,Trapezius (R),R_TR,3,66.71961874514798,74.71961874514798,99.07942811772219,2.7953613698485613,2.7953613698485613,none,30.0,70,2,monophasic
Burst_autosave_20260715_170629_569ms,Trapezius (R),R_TR,4,100.07942811772219,108.07942811772219,132.43923749029597,2.9249407686293125,2.9249407686293125,none,30.0,70,2,monophasic
Burst_autosave_20260715_170629_569ms,Trapezius (R),R_TR,5,133.43923749029597,141.43923749029597,165.79904686287017,2.952132340520921,2.952132340520921,none,30.0,70,2,monophasic
Burst_autosave_20260715_170629_569ms,Trapezius (R),R_TR,6,166.79904686287017,174.79904686287017,198.36457505915283,2.9858702421191476,2.9858702421191476,none,30.0,70,2,monophasic
Burst_autosave_20260715_170629_569ms,Trapezius (R),R_TR,7,199.36457505915283,207.36457505915283,232.51866560801858,3.5610894568390234,3.5610894568390234,none,30.0,70,2,monophasic
Burst_autosave_20260715_170629_569ms,Trapezius (R),R_TR,8,233.51866560801858,241.51866560801858,265.8784749796611,2.97663838788868,2.97663838788868,none,30.0,70,2,monophasic
Burst_autosave_20260715_170629_569ms,Trapezius (R),R_TR,9,266.8784749796611,274.8784749796611,299.2382843522353,2.9749600596125174,2.9749600596125174,none,30.0,70,2,monophasic
Burst_autosave_20260715_170629_569ms,Trapezius (R),R_TR,10,300.2382843522353,308.2382843522353,331.8038125494492,3.5882810950082153,3.5882810950082153,none,30.0,70,2,monophasic
Burst_autosave_20260715_170629_569ms,Thenar (R),R_The_ED_FD_FCR A,1,0.0,8.0,32.359809372573764,,,none,30.0,10,2,monophasic
Burst_autosave_20260715_170629_569ms,Thenar (R),R_The_ED_FD_FCR A,2,33.359809372573764,41.359809372573764,65.71961874514798,,,none,30.0,10,2,monophasic
Burst_autosave_20260715_170629_569ms,Thenar (R),R_The_ED_FD_FCR A,3,66.71961874514798,74.71961874514798,99.07942811772219,,,none,30.0,10,2,monophasic
Burst_autosave_20260715_170629_569ms,Thenar (R),R_The_ED_FD_FCR A,4,100.07942811772219,108.07942811772219,132.43923749029597,,,none,30.0,10,2,monophasic
Burst_autosave_20260715_170629_569ms,Thenar (R),R_The_ED_FD_FCR A,5,133.43923749029597,141.43923749029597,165.79904686287017,,,none,30.0,10,2,monophasic
Burst_autosave_20260715_170629_569ms,Thenar (R),R_The_ED_FD_FCR A,6,166.79904686287017,174.79904686287017,198.36457505915283,,,none,30.0,10,2,monophasic
Burst_autosave_20260715_170629_569ms,Thenar (R),R_The_ED_FD_FCR A,7,199.36457505915283,207.36457505915283,232.51866560801858,,,none,30.0,10,2,monophasic
Burst_autosave_20260715_170629_569ms,Thenar (R),R_The_ED_FD_FCR A,8,233.51866560801858,241.51866560801858,265.8784749796611,,,none,30.0,10,2,monophasic
Burst_autosave_20260715_170629_569ms,Thenar (R),R_The_ED_FD_FCR A,9,266.8784749796611,274.8784749796611,299.2382843522353,,,none,30.0,10,2,monophasic
Burst_autosave_20260715_170629_569ms,Thenar (R),R_The_ED_FD_FCR A,10,300.2382843522353,308.2382843522353,331.8038125494492,,,none,30.0,10,2,monophasic
Burst_autosave_20260715_170629_569ms,Thenar (R),R_The_ED_FD_FCR A,1,0.0,8.0,32.359809372573764,,,none,30.0,20,2,monophasic
Burst_autosave_20260715_170629_569ms,Thenar (R),R_The_ED_FD_FCR A,2,33.359809372573764,41.359809372573764,65.71961874514798,,,none,30.0,20,2,monophasic
Burst_autosave_20260715_170629_569ms,Thenar (R),R_The_ED_FD_FCR A,3,66.71961874514798,74.71961874514798,99.07942811772219,,,none,30.0,20,2,monophasic
Burst_autosave_20260715_170629_569ms,Thenar (R),R_The_ED_FD_FCR A,4,100.07942811772219,108.07942811772219,132.43923749029597,,,none,30.0,20,2,monophasic
Burst_autosave_20260715_170629_569ms,Thenar (R),R_The_ED_FD_FCR A,5,133.43923749029597,141.43923749029597,165.79904686287017,,,none,30.0,20,2,monophasic
Burst_autosave_20260715_170629_569ms,Thenar (R),R_The_ED_FD_FCR A,6,166.79904686287017,174.79904686287017,198.36457505915283,,,none,30.0,20,2,monophasic
Burst_autosave_20260715_170629_569ms,Thenar (R),R_The_ED_FD_FCR A,7,199.36457505915283,207.36457505915283,232.51866560801858,,,none,30.0,20,2,monophasic
Burst_autosave_20260715_170629_569ms,Thenar (R),R_The_ED_FD_FCR A,8,233.51866560801858,241.51866560801858,265.8784749796611,,,none,30.0,20,2,monophasic
Burst_autosave_20260715_170629_569ms,Thenar (R),R_The_ED_FD_FCR A,9,266.8784749796611,274.8784749796611,299.2382843522353,,,none,30.0,20,2,monophasic
Burst_autosave_20260715_170629_569ms,Thenar (R),R_The_ED_FD_FCR A,10,300.2382843522353,308.2382843522353,331.8038125494492,,,none,30.0,20,2,monophasic
Burst_autosave_20260715_170629_569ms,Thenar (R),R_The_ED_FD_FCR A,1,0.0,8.0,32.359809372573764,,,none,30.0,30,2,monophasic
Burst_autosave_20260715_170629_569ms,Thenar (R),R_The_ED_FD_FCR A,2,33.359809372573764,41.359809372573764,65.71961874514798,,,none,30.0,30,2,monophasic
Burst_autosave_20260715_170629_569ms,Thenar (R),R_The_ED_FD_FCR A,3,66.71961874514798,74.71961874514798,99.07942811772219,,,none,30.0,30,2,monophasic
Burst_autosave_20260715_170629_569ms,Thenar (R),R_The_ED_FD_FCR A,4,100.07942811772219,108.07942811772219,132.43923749029597,,,none,30.0,30,2,monophasic
Burst_autosave_20260715_170629_569ms,Thenar (R),R_The_ED_FD_FCR A,5,133.43923749029597,141.43923749029597,165.79904686287017,,,none,30.0,30,2,monophasic
Burst_autosave_20260715_170629_569ms,Thenar (R),R_The_ED_FD_FCR A,6,166.79904686287017,174.79904686287017,198.36457505915283,,,none,30.0,30,2,monophasic
Burst_autosave_20260715_170629_569ms,Thenar (R),R_The_ED_FD_FCR A,7,199.36457505915283,207.36457505915283,232.51866560801858,,,none,30.0,30,2,monophasic
Burst_autosave_20260715_170629_569ms,Thenar (R),R_The_ED_FD_FCR A,8,233.51866560801858,241.51866560801858,265.8784749796611,,,none,30.0,30,2,monophasic
Burst_autosave_20260715_170629_569ms,Thenar (R),R_The_ED_FD_FCR A,9,266.8784749796611,274.8784749796611,299.2382843522353,,,none,30.0,30,2,monophasic
Burst_autosave_20260715_170629_569ms,Thenar (R),R_The_ED_FD_FCR A,10,300.2382843522353,308.2382843522353,331.8038125494492,,,none,30.0,30,2,monophasic
Burst_autosave_20260715_170629_569ms,Thenar (R),R_The_ED_FD_FCR A,1,0.0,8.0,32.359809372573764,0.011413749307394028,0.011413749307394028,none,30.0,40,2,monophasic
Burst_autosave_20260715_170629_569ms,Thenar (R),R_The_ED_FD_FCR A,2,33.359809372573764,41.359809372573764,65.71961874514798,0.0060425736010074615,0.0060425736010074615,none,30.0,40,2,monophasic
Burst_autosave_20260715_170629_569ms,Thenar (R),R_The_ED_FD_FCR A,3,66.71961874514798,74.71961874514798,99.07942811772219,0.006713970564305595,0.006713970564305595,none,30.0,40,2,monophasic
Burst_autosave_20260715_170629_569ms,Thenar (R),R_The_ED_FD_FCR A,4,100.07942811772219,108.07942811772219,132.43923749029597,0.009735256433486923,0.009735256433486923,none,30.0,40,2,monophasic
Burst_autosave_20260715_170629_569ms,Thenar (R),R_The_ED_FD_FCR A,5,133.43923749029597,141.43923749029597,165.79904686287017,0.009231708943842629,0.009231708943842629,none,30.0,40,2,monophasic
Burst_autosave_20260715_170629_569ms,Thenar (R),R_The_ED_FD_FCR A,6,166.79904686287017,174.79904686287017,198.36457505915283,0.006042571734819934,0.006042571734819934,none,30.0,40,2,monophasic
Burst_autosave_20260715_170629_569ms,Thenar (R),R_The_ED_FD_FCR A,7,199.36457505915283,207.36457505915283,232.51866560801858,0.010742352344094113,0.010742352344094113,none,30.0,40,2,monophasic
Burst_autosave_20260715_170629_569ms,Thenar (R),R_The_ED_FD_FCR A,8,233.51866560801858,241.51866560801858,265.8784749796611,0.01141374836701906,0.01141374836701906,none,30.0,40,2,monophasic
Burst_autosave_20260715_170629_569ms,Thenar (R),R_The_ED_FD_FCR A,9,266.8784749796611,274.8784749796611,299.2382843522353,0.006881819106637628,0.006881819106637628,none,30.0,40,2,monophasic
Burst_autosave_20260715_170629_569ms,Thenar (R),R_The_ED_FD_FCR A,10,300.2382843522353,308.2382843522353,331.8038125494492,0.010070955380797234,0.010070955380797234,none,30.0,40,2,monophasic
Burst_autosave_20260715_170629_569ms,Thenar (R),R_The_ED_FD_FCR A,1,0.0,8.0,32.359809372573764,0.06411840952932835,0.06411840952932835,none,30.0,50,2,monophasic
Burst_autosave_20260715_170629_569ms,Thenar (R),R_The_ED_FD_FCR A,2,33.359809372573764,41.359809372573764,65.71961874514798,0.07267872244118607,0.07267872244118607,none,30.0,50,2,monophasic
Burst_autosave_20260715_170629_569ms,Thenar (R),R_The_ED_FD_FCR A,3,66.71961874514798,74.71961874514798,99.07942811772219,0.0634470144286632,0.0634470144286632,none,30.0,50,2,monophasic
Burst_autosave_20260715_170629_569ms,Thenar (R),R_The_ED_FD_FCR A,4,100.07942811772219,108.07942811772219,132.43923749029597,0.07922484166919691,0.07922484166919691,none,30.0,50,2,monophasic
Burst_autosave_20260715_170629_569ms,Thenar (R),R_The_ED_FD_FCR A,5,133.43923749029597,141.43923749029597,165.79904686287017,0.05757229123126003,0.05757229123126003,none,30.0,50,2,monophasic
Burst_autosave_20260715_170629_569ms,Thenar (R),R_The_ED_FD_FCR A,6,166.79904686287017,174.79904686287017,198.36457505915283,0.05958648119121142,0.05958648119121142,none,30.0,50,2,monophasic
Burst_autosave_20260715_170629_569ms,Thenar (R),R_The_ED_FD_FCR A,7,199.36457505915283,207.36457505915283,232.51866560801858,0.017624169584151198,0.017624169584151198,none,30.0,50,2,monophasic
Burst_autosave_20260715_170629_569ms,Thenar (R),R_The_ED_FD_FCR A,8,233.51866560801858,241.51866560801858,265.8784749796611,0.06025787815176073,0.06025787815176073,none,30.0,50,2,monophasic
Burst_autosave_20260715_170629_569ms,Thenar (R),R_The_ED_FD_FCR A,9,266.8784749796611,274.8784749796611,299.2382843522353,0.06630045174901317,0.06630045174901317,none,30.0,50,2,monophasic
Burst_autosave_20260715_170629_569ms,Thenar (R),R_The_ED_FD_FCR A,10,300.2382843522353,308.2382843522353,331.8038125494492,0.057404438964232786,0.057404438964232786,none,30.0,50,2,monophasic
Burst_autosave_20260715_170629_569ms,Thenar (R),R_The_ED_FD_FCR A,1,0.0,8.0,32.359809372573764,0.13495078682899475,0.13495078682899475,none,30.0,60,2,monophasic
Burst_autosave_20260715_170629_569ms,Thenar (R),R_The_ED_FD_FCR A,2,33.359809372573764,41.359809372573764,65.71961874514798,0.08795300126074758,0.08795300126074758,none,30.0,60,2,monophasic
Burst_autosave_20260715_170629_569ms,Thenar (R),R_The_ED_FD_FCR A,3,66.71961874514798,74.71961874514798,99.07942811772219,0.10826275870203972,0.10826275870203972,none,30.0,60,2,monophasic
Burst_autosave_20260715_170629_569ms,Thenar (R),R_The_ED_FD_FCR A,4,100.07942811772219,108.07942811772219,132.43923749029597,0.0792248398065567,0.0792248398065567,none,30.0,60,2,monophasic
Burst_autosave_20260715_170629_569ms,Thenar (R),R_The_ED_FD_FCR A,5,133.43923749029597,141.43923749029597,165.79904686287017,0.07754634879529093,0.07754634879529093,none,30.0,60,2,monophasic
Burst_autosave_20260715_170629_569ms,Thenar (R),R_The_ED_FD_FCR A,6,166.79904686287017,174.79904686287017,198.36457505915283,0.10272373817858887,0.10272373817858887,none,30.0,60,2,monophasic
Burst_autosave_20260715_170629_569ms,Thenar (R),R_The_ED_FD_FCR A,7,199.36457505915283,207.36457505915283,232.51866560801858,0.07653925378942812,0.07653925378942812,none,30.0,60,2,monophasic
Burst_autosave_20260715_170629_569ms,Thenar (R),R_The_ED_FD_FCR A,8,233.51866560801858,241.51866560801858,265.8784749796611,0.07385366782545631,0.07385366782545631,none,30.0,60,2,monophasic
Burst_autosave_20260715_170629_569ms,Thenar (R),R_The_ED_FD_FCR A,9,266.8784749796611,274.8784749796611,299.2382843522353,0.09265278088319803,0.09265278088319803,none,30.0,60,2,monophasic
Burst_autosave_20260715_170629_569ms,Thenar (R),R_The_ED_FD_FCR A,10,300.2382843522353,308.2382843522353,331.8038125494492,0.07150377705456479,0.07150377705456479,none,30.0,60,2,monophasic
Burst_autosave_20260715_170629_569ms,Thenar (R),R_The_ED_FD_FCR A,1,0.0,8.0,32.359809372573764,0.24707408249378204,0.24707408249378204,none,30.0,70,2,monophasic
Burst_autosave_20260715_170629_569ms,Thenar (R),R_The_ED_FD_FCR A,2,33.359809372573764,41.359809372573764,65.71961874514798,0.2351567819714359,0.2351567819714359,none,30.0,70,2,monophasic
Burst_autosave_20260715_170629_569ms,Thenar (R),R_The_ED_FD_FCR A,3,66.71961874514798,74.71961874514798,99.07942811772219,0.21081864088772567,0.21081864088772567,none,30.0,70,2,monophasic
Burst_autosave_20260715_170629_569ms,Thenar (R),R_The_ED_FD_FCR A,4,100.07942811772219,108.07942811772219,132.43923749029597,0.1675135381519181,0.1675135381519181,none,30.0,70,2,monophasic
Burst_autosave_20260715_170629_569ms,Thenar (R),R_The_ED_FD_FCR A,5,133.43923749029597,141.43923749029597,165.79904686287017,0.1374685298651348,0.1374685298651348,none,30.0,70,2,monophasic
Burst_autosave_20260715_170629_569ms,Thenar (R),R_The_ED_FD_FCR A,6,166.79904686287017,174.79904686287017,198.36457505915283,0.1772487983107213,0.1772487983107213,none,30.0,70,2,monophasic
Burst_autosave_20260715_170629_569ms,Thenar (R),R_The_ED_FD_FCR A,7,199.36457505915283,207.36457505915283,232.51866560801858,0.12957961660343592,0.12957961660343592,none,30.0,70,2,monophasic
Burst_autosave_20260715_170629_569ms,Thenar (R),R_The_ED_FD_FCR A,8,233.51866560801858,241.51866560801858,265.8784749796611,0.1577782817184433,0.1577782817184433,none,30.0,70,2,monophasic
Burst_autosave_20260715_170629_569ms,Thenar (R),R_The_ED_FD_FCR A,9,266.8784749796611,274.8784749796611,299.2382843522353,0.15811398252527428,0.15811398252527428,none,30.0,70,2,monophasic
Burst_autosave_20260715_170629_569ms,Thenar (R),R_The_ED_FD_FCR A,10,300.2382843522353,308.2382843522353,331.8038125494492,0.14753948338327477,0.14753948338327477,none,30.0,70,2,monophasic
Burst_autosave_20260715_170629_569ms,Ext. digitorum (R),R_The_ED_FD_FCR B,1,0.0,8.0,32.359809372573764,,,none,30.0,10,2,monophasic
Burst_autosave_20260715_170629_569ms,Ext. digitorum (R),R_The_ED_FD_FCR B,2,33.359809372573764,41.359809372573764,65.71961874514798,,,none,30.0,10,2,monophasic
Burst_autosave_20260715_170629_569ms,Ext. digitorum (R),R_The_ED_FD_FCR B,3,66.71961874514798,74.71961874514798,99.07942811772219,,,none,30.0,10,2,monophasic
Burst_autosave_20260715_170629_569ms,Ext. digitorum (R),R_The_ED_FD_FCR B,4,100.07942811772219,108.07942811772219,132.43923749029597,,,none,30.0,10,2,monophasic
Burst_autosave_20260715_170629_569ms,Ext. digitorum (R),R_The_ED_FD_FCR B,5,133.43923749029597,141.43923749029597,165.79904686287017,,,none,30.0,10,2,monophasic
Burst_autosave_20260715_170629_569ms,Ext. digitorum (R),R_The_ED_FD_FCR B,6,166.79904686287017,174.79904686287017,198.36457505915283,,,none,30.0,10,2,monophasic
Burst_autosave_20260715_170629_569ms,Ext. digitorum (R),R_The_ED_FD_FCR B,7,199.36457505915283,207.36457505915283,232.51866560801858,,,none,30.0,10,2,monophasic
Burst_autosave_20260715_170629_569ms,Ext. digitorum (R),R_The_ED_FD_FCR B,8,233.51866560801858,241.51866560801858,265.8784749796611,,,none,30.0,10,2,monophasic
Burst_autosave_20260715_170629_569ms,Ext. digitorum (R),R_The_ED_FD_FCR B,9,266.8784749796611,274.8784749796611,299.2382843522353,,,none,30.0,10,2,monophasic
Burst_autosave_20260715_170629_569ms,Ext. digitorum (R),R_The_ED_FD_FCR B,10,300.2382843522353,308.2382843522353,331.8038125494492,,,none,30.0,10,2,monophasic
Burst_autosave_20260715_170629_569ms,Ext. digitorum (R),R_The_ED_FD_FCR B,1,0.0,8.0,32.359809372573764,,,none,30.0,20,2,monophasic
Burst_autosave_20260715_170629_569ms,Ext. digitorum (R),R_The_ED_FD_FCR B,2,33.359809372573764,41.359809372573764,65.71961874514798,,,none,30.0,20,2,monophasic
Burst_autosave_20260715_170629_569ms,Ext. digitorum (R),R_The_ED_FD_FCR B,3,66.71961874514798,74.71961874514798,99.07942811772219,,,none,30.0,20,2,monophasic
Burst_autosave_20260715_170629_569ms,Ext. digitorum (R),R_The_ED_FD_FCR B,4,100.07942811772219,108.07942811772219,132.43923749029597,,,none,30.0,20,2,monophasic
Burst_autosave_20260715_170629_569ms,Ext. digitorum (R),R_The_ED_FD_FCR B,5,133.43923749029597,141.43923749029597,165.79904686287017,,,none,30.0,20,2,monophasic
Burst_autosave_20260715_170629_569ms,Ext. digitorum (R),R_The_ED_FD_FCR B,6,166.79904686287017,174.79904686287017,198.36457505915283,,,none,30.0,20,2,monophasic
Burst_autosave_20260715_170629_569ms,Ext. digitorum (R),R_The_ED_FD_FCR B,7,199.36457505915283,207.36457505915283,232.51866560801858,,,none,30.0,20,2,monophasic
Burst_autosave_20260715_170629_569ms,Ext. digitorum (R),R_The_ED_FD_FCR B,8,233.51866560801858,241.51866560801858,265.8784749796611,,,none,30.0,20,2,monophasic
Burst_autosave_20260715_170629_569ms,Ext. digitorum (R),R_The_ED_FD_FCR B,9,266.8784749796611,274.8784749796611,299.2382843522353,,,none,30.0,20,2,monophasic
Burst_autosave_20260715_170629_569ms,Ext. digitorum (R),R_The_ED_FD_FCR B,10,300.2382843522353,308.2382843522353,331.8038125494492,,,none,30.0,20,2,monophasic
Burst_autosave_20260715_170629_569ms,Ext. digitorum (R),R_The_ED_FD_FCR B,1,0.0,8.0,32.359809372573764,,,none,30.0,30,2,monophasic
Burst_autosave_20260715_170629_569ms,Ext. digitorum (R),R_The_ED_FD_FCR B,2,33.359809372573764,41.359809372573764,65.71961874514798,,,none,30.0,30,2,monophasic
Burst_autosave_20260715_170629_569ms,Ext. digitorum (R),R_The_ED_FD_FCR B,3,66.71961874514798,74.71961874514798,99.07942811772219,,,none,30.0,30,2,monophasic
Burst_autosave_20260715_170629_569ms,Ext. digitorum (R),R_The_ED_FD_FCR B,4,100.07942811772219,108.07942811772219,132.43923749029597,,,none,30.0,30,2,monophasic
Burst_autosave_20260715_170629_569ms,Ext. digitorum (R),R_The_ED_FD_FCR B,5,133.43923749029597,141.43923749029597,165.79904686287017,,,none,30.0,30,2,monophasic
Burst_autosave_20260715_170629_569ms,Ext. digitorum (R),R_The_ED_FD_FCR B,6,166.79904686287017,174.79904686287017,198.36457505915283,,,none,30.0,30,2,monophasic
Burst_autosave_20260715_170629_569ms,Ext. digitorum (R),R_The_ED_FD_FCR B,7,199.36457505915283,207.36457505915283,232.51866560801858,,,none,30.0,30,2,monophasic
Burst_autosave_20260715_170629_569ms,Ext. digitorum (R),R_The_ED_FD_FCR B,8,233.51866560801858,241.51866560801858,265.8784749796611,,,none,30.0,30,2,monophasic
Burst_autosave_20260715_170629_569ms,Ext. digitorum (R),R_The_ED_FD_FCR B,9,266.8784749796611,274.8784749796611,299.2382843522353,,,none,30.0,30,2,monophasic
Burst_autosave_20260715_170629_569ms,Ext. digitorum (R),R_The_ED_FD_FCR B,10,300.2382843522353,308.2382843522353,331.8038125494492,,,none,30.0,30,2,monophasic
Burst_autosave_20260715_170629_569ms,Ext. digitorum (R),R_The_ED_FD_FCR B,1,0.0,8.0,32.359809372573764,0.040283819660544395,0.040283819660544395,none,30.0,40,2,monophasic
Burst_autosave_20260715_170629_569ms,Ext. digitorum (R),R_The_ED_FD_FCR B,2,33.359809372573764,41.359809372573764,65.71961874514798,0.04951552767306376,0.04951552767306376,none,30.0,40,2,monophasic
Burst_autosave_20260715_170629_569ms,Ext. digitorum (R),R_The_ED_FD_FCR B,3,66.71961874514798,74.71961874514798,99.07942811772219,0.03222705400546962,0.03222705400546962,none,30.0,40,2,monophasic
Burst_autosave_20260715_170629_569ms,Ext. digitorum (R),R_The_ED_FD_FCR B,4,100.07942811772219,108.07942811772219,132.43923749029597,0.04817273281218596,0.04817273281218596,none,30.0,40,2,monophasic
Burst_autosave_20260715_170629_569ms,Ext. digitorum (R),R_The_ED_FD_FCR B,5,133.43923749029597,141.43923749029597,165.79904686287017,0.05807583895511251,0.05807583895511251,none,30.0,40,2,monophasic
Burst_autosave_20260715_170629_569ms,Ext. digitorum (R),R_The_ED_FD_FCR B,6,166.79904686287017,174.79904686287017,198.36457505915283,0.03256275224919281,0.03256275224919281,none,30.0,40,2,monophasic
Burst_autosave_20260715_170629_569ms,Ext. digitorum (R),R_The_ED_FD_FCR B,7,199.36457505915283,207.36457505915283,232.51866560801858,0.04364080350003473,0.04364080350003473,none,30.0,40,2,monophasic
Burst_autosave_20260715_170629_569ms,Ext. digitorum (R),R_The_ED_FD_FCR B,8,233.51866560801858,241.51866560801858,265.8784749796611,0.049515527660864464,0.049515527660864464,none,30.0,40,2,monophasic
Burst_autosave_20260715_170629_569ms,Ext. digitorum (R),R_The_ED_FD_FCR B,9,266.8784749796611,274.8784749796611,299.2382843522353,0.03961242011957823,0.03961242011957823,none,30.0,40,2,monophasic
Burst_autosave_20260715_170629_569ms,Ext. digitorum (R),R_The_ED_FD_FCR B,10,300.2382843522353,308.2382843522353,331.8038125494492,0.04968337528407542,0.04968337528407542,none,30.0,40,2,monophasic
Burst_autosave_20260715_170629_569ms,Ext. digitorum (R),R_The_ED_FD_FCR B,1,0.0,8.0,32.359809372573764,0.08694590628147125,0.08694590628147125,none,30.0,50,2,monophasic
Burst_autosave_20260715_170629_569ms,Ext. digitorum (R),R_The_ED_FD_FCR B,2,33.359809372573764,41.359809372573764,65.71961874514798,0.13260090351101994,0.13260090351101994,none,30.0,50,2,monophasic
Burst_autosave_20260715_170629_569ms,Ext. digitorum (R),R_The_ED_FD_FCR B,3,66.71961874514798,74.71961874514798,99.07942811772219,0.1755703091621323,0.1755703091621323,none,30.0,50,2,monophasic
Burst_autosave_20260715_170629_569ms,Ext. digitorum (R),R_The_ED_FD_FCR B,4,100.07942811772219,108.07942811772219,132.43923749029597,0.1352864876389503,0.1352864876389503,none,30.0,50,2,monophasic
Burst_autosave_20260715_170629_569ms,Ext. digitorum (R),R_The_ED_FD_FCR B,5,133.43923749029597,141.43923749029597,165.79904686287017,0.11715876863677406,0.11715876863677406,none,30.0,50,2,monophasic
Burst_autosave_20260715_170629_569ms,Ext. digitorum (R),R_The_ED_FD_FCR B,6,166.79904686287017,174.79904686287017,198.36457505915283,0.14569314569233788,0.14569314569233788,none,30.0,50,2,monophasic
Burst_autosave_20260715_170629_569ms,Ext. digitorum (R),R_The_ED_FD_FCR B,7,199.36457505915283,207.36457505915283,232.51866560801858,0.13260090349333487,0.13260090349333487,none,30.0,50,2,monophasic
Burst_autosave_20260715_170629_569ms,Ext. digitorum (R),R_The_ED_FD_FCR B,8,233.51866560801858,241.51866560801858,265.8784749796611,0.12219424540215275,0.12219424540215275,none,30.0,50,2,monophasic
Burst_autosave_20260715_170629_569ms,Ext. digitorum (R),R_The_ED_FD_FCR B,9,266.8784749796611,274.8784749796611,299.2382843522353,0.13025100527953518,0.13025100527953518,none,30.0,50,2,monophasic
Burst_autosave_20260715_170629_569ms,Ext. digitorum (R),R_The_ED_FD_FCR B,10,300.2382843522353,308.2382843522353,331.8038125494492,0.13159380852290142,0.13159380852290142,none,30.0,50,2,monophasic
Burst_autosave_20260715_170629_569ms,Ext. digitorum (R),R_The_ED_FD_FCR B,1,0.0,8.0,32.359809372573764,0.22844281792640686,0.22844281792640686,none,30.0,60,2,monophasic
Burst_autosave_20260715_170629_569ms,Ext. digitorum (R),R_The_ED_FD_FCR B,2,33.359809372573764,41.359809372573764,65.71961874514798,0.24640268078338873,0.24640268078338873,none,30.0,60,2,monophasic
Burst_autosave_20260715_170629_569ms,Ext. digitorum (R),R_The_ED_FD_FCR B,3,66.71961874514798,74.71961874514798,99.07942811772219,0.19739070534706105,0.19739070534706105,none,30.0,60,2,monophasic
Burst_autosave_20260715_170629_569ms,Ext. digitorum (R),R_The_ED_FD_FCR B,4,100.07942811772219,108.07942811772219,132.43923749029597,0.23700312514328292,0.23700312514328292,none,30.0,60,2,monophasic
Burst_autosave_20260715_170629_569ms,Ext. digitorum (R),R_The_ED_FD_FCR B,5,133.43923749029597,141.43923749029597,165.79904686287017,0.28467230477265637,0.28467230477265637,none,30.0,60,2,monophasic
Burst_autosave_20260715_170629_569ms,Ext. digitorum (R),R_The_ED_FD_FCR B,6,166.79904686287017,174.79904686287017,198.36457505915283,0.2692301868195539,0.2692301868195539,none,30.0,60,2,monophasic
Burst_autosave_20260715_170629_569ms,Ext. digitorum (R),R_The_ED_FD_FCR B,7,199.36457505915283,207.36457505915283,232.51866560801858,0.23968871670354247,0.23968871670354247,none,30.0,60,2,monophasic
Burst_autosave_20260715_170629_569ms,Ext. digitorum (R),R_The_ED_FD_FCR B,8,233.51866560801858,241.51866560801858,265.8784749796611,0.1869840547442134,0.1869840547442134,none,30.0,60,2,monophasic
Burst_autosave_20260715_170629_569ms,Ext. digitorum (R),R_The_ED_FD_FCR B,9,266.8784749796611,274.8784749796611,299.2382843522353,0.24841687823498393,0.24841687823498393,none,30.0,60,2,monophasic
Burst_autosave_20260715_170629_569ms,Ext. digitorum (R),R_The_ED_FD_FCR B,10,300.2382843522353,308.2382843522353,331.8038125494492,0.2489204256691035,0.2489204256691035,none,30.0,60,2,monophasic
Burst_autosave_20260715_170629_569ms,Ext. digitorum (R),R_The_ED_FD_FCR B,1,0.0,8.0,32.359809372573764,0.2551308497786522,0.2551308497786522,none,30.0,70,2,monophasic
Burst_autosave_20260715_170629_569ms,Ext. digitorum (R),R_The_ED_FD_FCR B,2,33.359809372573764,41.359809372573764,65.71961874514798,0.25345236042939184,0.25345236042939184,none,30.0,70,2,monophasic
Burst_autosave_20260715_170629_569ms,Ext. digitorum (R),R_The_ED_FD_FCR B,3,66.71961874514798,74.71961874514798,99.07942811772219,0.2875257506966403,0.2875257506966403,none,30.0,70,2,monophasic
Burst_autosave_20260715_170629_569ms,Ext. digitorum (R),R_The_ED_FD_FCR B,4,100.07942811772219,108.07942811772219,132.43923749029597,0.34375523775810846,0.34375523775810846,none,30.0,70,2,monophasic
Burst_autosave_20260715_170629_569ms,Ext. digitorum (R),R_The_ED_FD_FCR B,5,133.43923749029597,141.43923749029597,165.79904686287017,0.25899136807085976,0.25899136807085976,none,30.0,70,2,monophasic
Burst_autosave_20260715_170629_569ms,Ext. digitorum (R),R_The_ED_FD_FCR B,6,166.79904686287017,174.79904686287017,198.36457505915283,0.3017929270862624,0.3017929270862624,none,30.0,70,2,monophasic
Burst_autosave_20260715_170629_569ms,Ext. digitorum (R),R_The_ED_FD_FCR B,7,199.36457505915283,207.36457505915283,232.51866560801858,0.3524834064272635,0.3524834064272635,none,30.0,70,2,monophasic
Burst_autosave_20260715_170629_569ms,Ext. digitorum (R),R_The_ED_FD_FCR B,8,233.51866560801858,241.51866560801858,265.8784749796611,0.26587319374083185,0.26587319374083185,none,30.0,70,2,monophasic
Burst_autosave_20260715_170629_569ms,Ext. digitorum (R),R_The_ED_FD_FCR B,9,266.8784749796611,274.8784749796611,299.2382843522353,0.3195849581840102,0.3195849581840102,none,30.0,70,2,monophasic
Burst_autosave_20260715_170629_569ms,Ext. digitorum (R),R_The_ED_FD_FCR B,10,300.2382843522353,308.2382843522353,331.8038125494492,0.32008850560770113,0.32008850560770113,none,30.0,70,2,monophasic
Burst_autosave_20260715_170629_569ms,Flex. digitorum (R),R_The_ED_FD_FCR C,1,0.0,8.0,32.359809372573764,,,none,30.0,10,2,monophasic
Burst_autosave_20260715_170629_569ms,Flex. digitorum (R),R_The_ED_FD_FCR C,2,33.359809372573764,41.359809372573764,65.71961874514798,,,none,30.0,10,2,monophasic
Burst_autosave_20260715_170629_569ms,Flex. digitorum (R),R_The_ED_FD_FCR C,3,66.71961874514798,74.71961874514798,99.07942811772219,,,none,30.0,10,2,monophasic
Burst_autosave_20260715_170629_569ms,Flex. digitorum (R),R_The_ED_FD_FCR C,4,100.07942811772219,108.07942811772219,132.43923749029597,,,none,30.0,10,2,monophasic
Burst_autosave_20260715_170629_569ms,Flex. digitorum (R),R_The_ED_FD_FCR C,5,133.43923749029597,141.43923749029597,165.79904686287017,,,none,30.0,10,2,monophasic
Burst_autosave_20260715_170629_569ms,Flex. digitorum (R),R_The_ED_FD_FCR C,6,166.79904686287017,174.79904686287017,198.36457505915283,,,none,30.0,10,2,monophasic
Burst_autosave_20260715_170629_569ms,Flex. digitorum (R),R_The_ED_FD_FCR C,7,199.36457505915283,207.36457505915283,232.51866560801858,,,none,30.0,10,2,monophasic
Burst_autosave_20260715_170629_569ms,Flex. digitorum (R),R_The_ED_FD_FCR C,8,233.51866560801858,241.51866560801858,265.8784749796611,,,none,30.0,10,2,monophasic
Burst_autosave_20260715_170629_569ms,Flex. digitorum (R),R_The_ED_FD_FCR C,9,266.8784749796611,274.8784749796611,299.2382843522353,,,none,30.0,10,2,monophasic
Burst_autosave_20260715_170629_569ms,Flex. digitorum (R),R_The_ED_FD_FCR C,10,300.2382843522353,308.2382843522353,331.8038125494492,,,none,30.0,10,2,monophasic
Burst_autosave_20260715_170629_569ms,Flex. digitorum (R),R_The_ED_FD_FCR C,1,0.0,8.0,32.359809372573764,,,none,30.0,20,2,monophasic
Burst_autosave_20260715_170629_569ms,Flex. digitorum (R),R_The_ED_FD_FCR C,2,33.359809372573764,41.359809372573764,65.71961874514798,,,none,30.0,20,2,monophasic
Burst_autosave_20260715_170629_569ms,Flex. digitorum (R),R_The_ED_FD_FCR C,3,66.71961874514798,74.71961874514798,99.07942811772219,,,none,30.0,20,2,monophasic
Burst_autosave_20260715_170629_569ms,Flex. digitorum (R),R_The_ED_FD_FCR C,4,100.07942811772219,108.07942811772219,132.43923749029597,,,none,30.0,20,2,monophasic
Burst_autosave_20260715_170629_569ms,Flex. digitorum (R),R_The_ED_FD_FCR C,5,133.43923749029597,141.43923749029597,165.79904686287017,,,none,30.0,20,2,monophasic
Burst_autosave_20260715_170629_569ms,Flex. digitorum (R),R_The_ED_FD_FCR C,6,166.79904686287017,174.79904686287017,198.36457505915283,,,none,30.0,20,2,monophasic
Burst_autosave_20260715_170629_569ms,Flex. digitorum (R),R_The_ED_FD_FCR C,7,199.36457505915283,207.36457505915283,232.51866560801858,,,none,30.0,20,2,monophasic
Burst_autosave_20260715_170629_569ms,Flex. digitorum (R),R_The_ED_FD_FCR C,8,233.51866560801858,241.51866560801858,265.8784749796611,,,none,30.0,20,2,monophasic
Burst_autosave_20260715_170629_569ms,Flex. digitorum (R),R_The_ED_FD_FCR C,9,266.8784749796611,274.8784749796611,299.2382843522353,,,none,30.0,20,2,monophasic
Burst_autosave_20260715_170629_569ms,Flex. digitorum (R),R_The_ED_FD_FCR C,10,300.2382843522353,308.2382843522353,331.8038125494492,,,none,30.0,20,2,monophasic
Burst_autosave_20260715_170629_569ms,Flex. digitorum (R),R_The_ED_FD_FCR C,1,0.0,8.0,32.359809372573764,,,none,30.0,30,2,monophasic
Burst_autosave_20260715_170629_569ms,Flex. digitorum (R),R_The_ED_FD_FCR C,2,33.359809372573764,41.359809372573764,65.71961874514798,,,none,30.0,30,2,monophasic
Burst_autosave_20260715_170629_569ms,Flex. digitorum (R),R_The_ED_FD_FCR C,3,66.71961874514798,74.71961874514798,99.07942811772219,,,none,30.0,30,2,monophasic
Burst_autosave_20260715_170629_569ms,Flex. digitorum (R),R_The_ED_FD_FCR C,4,100.07942811772219,108.07942811772219,132.43923749029597,,,none,30.0,30,2,monophasic
Burst_autosave_20260715_170629_569ms,Flex. digitorum (R),R_The_ED_FD_FCR C,5,133.43923749029597,141.43923749029597,165.79904686287017,,,none,30.0,30,2,monophasic
Burst_autosave_20260715_170629_569ms,Flex. digitorum (R),R_The_ED_FD_FCR C,6,166.79904686287017,174.79904686287017,198.36457505915283,,,none,30.0,30,2,monophasic
Burst_autosave_20260715_170629_569ms,Flex. digitorum (R),R_The_ED_FD_FCR C,7,199.36457505915283,207.36457505915283,232.51866560801858,,,none,30.0,30,2,monophasic
Burst_autosave_20260715_170629_569ms,Flex. digitorum (R),R_The_ED_FD_FCR C,8,233.51866560801858,241.51866560801858,265.8784749796611,,,none,30.0,30,2,monophasic
Burst_autosave_20260715_170629_569ms,Flex. digitorum (R),R_The_ED_FD_FCR C,9,266.8784749796611,274.8784749796611,299.2382843522353,,,none,30.0,30,2,monophasic
Burst_autosave_20260715_170629_569ms,Flex. digitorum (R),R_The_ED_FD_FCR C,10,300.2382843522353,308.2382843522353,331.8038125494492,,,none,30.0,30,2,monophasic
Burst_autosave_20260715_170629_569ms,Flex. digitorum (R),R_The_ED_FD_FCR C,1,0.0,8.0,32.359809372573764,0.03440909390337765,0.03440909390337765,none,30.0,40,2,monophasic
Burst_autosave_20260715_170629_569ms,Flex. digitorum (R),R_The_ED_FD_FCR C,2,33.359809372573764,41.359809372573764,65.71961874514798,0.0547188522759821,0.0547188522759821,none,30.0,40,2,monophasic
Burst_autosave_20260715_170629_569ms,Flex. digitorum (R),R_The_ED_FD_FCR C,3,66.71961874514798,74.71961874514798,99.07942811772219,0.05908293090012887,0.05908293090012887,none,30.0,40,2,monophasic
Burst_autosave_20260715_170629_569ms,Flex. digitorum (R),R_The_ED_FD_FCR C,4,100.07942811772219,108.07942811772219,132.43923749029597,0.0328984500335286,0.0328984500335286,none,30.0,40,2,monophasic
Burst_autosave_20260715_170629_569ms,Flex. digitorum (R),R_The_ED_FD_FCR C,5,133.43923749029597,141.43923749029597,165.79904686287017,0.057236589463824705,0.057236589463824705,none,30.0,40,2,monophasic
Burst_autosave_20260715_170629_569ms,Flex. digitorum (R),R_The_ED_FD_FCR C,6,166.79904686287017,174.79904686287017,198.36457505915283,0.07653925377291895,0.07653925377291895,none,30.0,40,2,monophasic
Burst_autosave_20260715_170629_569ms,Flex. digitorum (R),R_The_ED_FD_FCR C,7,199.36457505915283,207.36457505915283,232.51866560801858,0.059586478397231385,0.059586478397231385,none,30.0,40,2,monophasic
Burst_autosave_20260715_170629_569ms,Flex. digitorum (R),R_The_ED_FD_FCR C,8,233.51866560801858,241.51866560801858,265.8784749796611,0.06495765687280228,0.06495765687280228,none,30.0,40,2,monophasic
Burst_autosave_20260715_170629_569ms,Flex. digitorum (R),R_The_ED_FD_FCR C,9,266.8784749796611,274.8784749796611,299.2382843522353,0.06814679130911147,0.06814679130911147,none,30.0,40,2,monophasic
Burst_autosave_20260715_170629_569ms,Flex. digitorum (R),R_The_ED_FD_FCR C,10,300.2382843522353,308.2382843522353,331.8038125494492,0.043137253494927225,0.043137253494927225,none,30.0,40,2,monophasic
Burst_autosave_20260715_170629_569ms,Flex. digitorum (R),R_The_ED_FD_FCR C,1,0.0,8.0,32.359809372573764,0.790569931268692,0.790569931268692,none,30.0,50,2,monophasic
Burst_autosave_20260715_170629_569ms,Flex. digitorum (R),R_The_ED_FD_FCR C,2,33.359809372573764,41.359809372573764,65.71961874514798,0.8835583925244497,0.8835583925244497,none,30.0,50,2,monophasic
Burst_autosave_20260715_170629_569ms,Flex. digitorum (R),R_The_ED_FD_FCR C,3,66.71961874514798,74.71961874514798,99.07942811772219,1.283207446336633,1.283207446336633,none,30.0,50,2,monophasic
Burst_autosave_20260715_170629_569ms,Flex. digitorum (R),R_The_ED_FD_FCR C,4,100.07942811772219,108.07942811772219,132.43923749029597,0.9171282351016992,0.9171282351016992,none,30.0,50,2,monophasic
Burst_autosave_20260715_170629_569ms,Flex. digitorum (R),R_The_ED_FD_FCR C,5,133.43923749029597,141.43923749029597,165.79904686287017,0.8661020994183954,0.8661020994183954,none,30.0,50,2,monophasic
Burst_autosave_20260715_170629_569ms,Flex. digitorum (R),R_The_ED_FD_FCR C,6,166.79904686287017,174.79904686287017,198.36457505915283,0.7435721456932504,0.7435721456932504,none,30.0,50,2,monophasic
Burst_autosave_20260715_170629_569ms,Flex. digitorum (R),R_The_ED_FD_FCR C,7,199.36457505915283,207.36457505915283,232.51866560801858,0.9001754818491531,0.9001754818491531,none,30.0,50,2,monophasic
Burst_autosave_20260715_170629_569ms,Flex. digitorum (R),R_The_ED_FD_FCR C,8,233.51866560801858,241.51866560801858,265.8784749796611,0.04565499349404771,0.04565499349404771,none,30.0,50,2,monophasic
Burst_autosave_20260715_170629_569ms,Flex. digitorum (R),R_The_ED_FD_FCR C,9,266.8784749796611,274.8784749796611,299.2382843522353,0.7778133748575715,0.7778133748575715,none,30.0,50,2,monophasic
Burst_autosave_20260715_170629_569ms,Flex. digitorum (R),R_The_ED_FD_FCR C,10,300.2382843522353,308.2382843522353,331.8038125494492,0.7227588295936569,0.7227588295936569,none,30.0,50,2,monophasic
Burst_autosave_20260715_170629_569ms,Flex. digitorum (R),R_The_ED_FD_FCR C,1,0.0,8.0,32.359809372573764,0.8439459800720215,0.8439459800720215,none,30.0,60,2,monophasic
Burst_autosave_20260715_170629_569ms,Flex. digitorum (R),R_The_ED_FD_FCR C,2,33.359809372573764,41.359809372573764,65.71961874514798,0.8248111307620671,0.8248111307620671,none,30.0,60,2,monophasic
Burst_autosave_20260715_170629_569ms,Flex. digitorum (R),R_The_ED_FD_FCR C,3,66.71961874514798,74.71961874514798,99.07942811772219,0.6509193479962193,0.6509193479962193,none,30.0,60,2,monophasic
Burst_autosave_20260715_170629_569ms,Flex. digitorum (R),R_The_ED_FD_FCR C,4,100.07942811772219,108.07942811772219,132.43923749029597,0.7276264726999522,0.7276264726999522,none,30.0,60,2,monophasic
Burst_autosave_20260715_170629_569ms,Flex. digitorum (R),R_The_ED_FD_FCR C,5,133.43923749029597,141.43923749029597,165.79904686287017,0.7439078388826817,0.7439078388826817,none,30.0,60,2,monophasic
Burst_autosave_20260715_170629_569ms,Flex. digitorum (R),R_The_ED_FD_FCR C,6,166.79904686287017,174.79904686287017,198.36457505915283,0.6165102719281345,0.6165102719281345,none,30.0,60,2,monophasic
Burst_autosave_20260715_170629_569ms,Flex. digitorum (R),R_The_ED_FD_FCR C,7,199.36457505915283,207.36457505915283,232.51866560801858,1.037644028065393,1.037644028065393,none,30.0,60,2,monophasic
Burst_autosave_20260715_170629_569ms,Flex. digitorum (R),R_The_ED_FD_FCR C,8,233.51866560801858,241.51866560801858,265.8784749796611,0.6264133751392342,0.6264133751392342,none,30.0,60,2,monophasic
Burst_autosave_20260715_170629_569ms,Flex. digitorum (R),R_The_ED_FD_FCR C,9,266.8784749796611,274.8784749796611,299.2382843522353,0.5768978448586513,0.5768978448586513,none,30.0,60,2,monophasic
Burst_autosave_20260715_170629_569ms,Flex. digitorum (R),R_The_ED_FD_FCR C,10,300.2382843522353,308.2382843522353,331.8038125494492,0.8103761076927036,0.8103761076927036,none,30.0,60,2,monophasic
Burst_autosave_20260715_170629_569ms,Flex. digitorum (R),R_The_ED_FD_FCR C,1,0.0,8.0,32.359809372573764,0.7857023179531097,0.7857023179531097,none,30.0,70,2,monophasic
Burst_autosave_20260715_170629_569ms,Flex. digitorum (R),R_The_ED_FD_FCR C,2,33.359809372573764,41.359809372573764,65.71961874514798,0.6069428473712082,0.6069428473712082,none,30.0,70,2,monophasic
Burst_autosave_20260715_170629_569ms,Flex. digitorum (R),R_The_ED_FD_FCR C,3,66.71961874514798,74.71961874514798,99.07942811772219,0.4766918492142727,0.4766918492142727,none,30.0,70,2,monophasic
Burst_autosave_20260715_170629_569ms,Flex. digitorum (R),R_The_ED_FD_FCR C,4,100.07942811772219,108.07942811772219,132.43923749029597,0.3553368503181565,0.3553368503181565,none,30.0,70,2,monophasic
Burst_autosave_20260715_170629_569ms,Flex. digitorum (R),R_The_ED_FD_FCR C,5,133.43923749029597,141.43923749029597,165.79904686287017,0.5357747972010033,0.5357747972010033,none,30.0,70,2,monophasic
Burst_autosave_20260715_170629_569ms,Flex. digitorum (R),R_The_ED_FD_FCR C,6,166.79904686287017,174.79904686287017,198.36457505915283,0.4166018273683538,0.4166018273683538,none,30.0,70,2,monophasic
Burst_autosave_20260715_170629_569ms,Flex. digitorum (R),R_The_ED_FD_FCR C,7,199.36457505915283,207.36457505915283,232.51866560801858,0.742397189046794,0.742397189046794,none,30.0,70,2,monophasic
Burst_autosave_20260715_170629_569ms,Flex. digitorum (R),R_The_ED_FD_FCR C,8,233.51866560801858,241.51866560801858,265.8784749796611,0.4679636731743819,0.4679636731743819,none,30.0,70,2,monophasic
Burst_autosave_20260715_170629_569ms,Flex. digitorum (R),R_The_ED_FD_FCR C,9,266.8784749796611,274.8784749796611,299.2382843522353,0.3508049211880449,0.3508049211880449,none,30.0,70,2,monophasic
Burst_autosave_20260715_170629_569ms,Flex. digitorum (R),R_The_ED_FD_FCR C,10,300.2382843522353,308.2382843522353,331.8038125494492,0.7571679053173541,0.7571679053173541,none,30.0,70,2,monophasic
Burst_autosave_20260715_170629_569ms,Flex. carpi rad. (R),R_The_ED_FD_FCR D,1,0.0,8.0,32.359809372573764,,,none,30.0,10,2,monophasic
Burst_autosave_20260715_170629_569ms,Flex. carpi rad. (R),R_The_ED_FD_FCR D,2,33.359809372573764,41.359809372573764,65.71961874514798,,,none,30.0,10,2,monophasic
Burst_autosave_20260715_170629_569ms,Flex. carpi rad. (R),R_The_ED_FD_FCR D,3,66.71961874514798,74.71961874514798,99.07942811772219,,,none,30.0,10,2,monophasic
Burst_autosave_20260715_170629_569ms,Flex. carpi rad. (R),R_The_ED_FD_FCR D,4,100.07942811772219,108.07942811772219,132.43923749029597,,,none,30.0,10,2,monophasic
Burst_autosave_20260715_170629_569ms,Flex. carpi rad. (R),R_The_ED_FD_FCR D,5,133.43923749029597,141.43923749029597,165.79904686287017,,,none,30.0,10,2,monophasic
Burst_autosave_20260715_170629_569ms,Flex. carpi rad. (R),R_The_ED_FD_FCR D,6,166.79904686287017,174.79904686287017,198.36457505915283,,,none,30.0,10,2,monophasic
Burst_autosave_20260715_170629_569ms,Flex. carpi rad. (R),R_The_ED_FD_FCR D,7,199.36457505915283,207.36457505915283,232.51866560801858,,,none,30.0,10,2,monophasic
Burst_autosave_20260715_170629_569ms,Flex. carpi rad. (R),R_The_ED_FD_FCR D,8,233.51866560801858,241.51866560801858,265.8784749796611,,,none,30.0,10,2,monophasic
Burst_autosave_20260715_170629_569ms,Flex. carpi rad. (R),R_The_ED_FD_FCR D,9,266.8784749796611,274.8784749796611,299.2382843522353,,,none,30.0,10,2,monophasic
Burst_autosave_20260715_170629_569ms,Flex. carpi rad. (R),R_The_ED_FD_FCR D,10,300.2382843522353,308.2382843522353,331.8038125494492,,,none,30.0,10,2,monophasic
Burst_autosave_20260715_170629_569ms,Flex. carpi rad. (R),R_The_ED_FD_FCR D,1,0.0,8.0,32.359809372573764,,,none,30.0,20,2,monophasic
Burst_autosave_20260715_170629_569ms,Flex. carpi rad. (R),R_The_ED_FD_FCR D,2,33.359809372573764,41.359809372573764,65.71961874514798,,,none,30.0,20,2,monophasic
Burst_autosave_20260715_170629_569ms,Flex. carpi rad. (R),R_The_ED_FD_FCR D,3,66.71961874514798,74.71961874514798,99.07942811772219,,,none,30.0,20,2,monophasic
Burst_autosave_20260715_170629_569ms,Flex. carpi rad. (R),R_The_ED_FD_FCR D,4,100.07942811772219,108.07942811772219,132.43923749029597,,,none,30.0,20,2,monophasic
Burst_autosave_20260715_170629_569ms,Flex. carpi rad. (R),R_The_ED_FD_FCR D,5,133.43923749029597,141.43923749029597,165.79904686287017,,,none,30.0,20,2,monophasic
Burst_autosave_20260715_170629_569ms,Flex. carpi rad. (R),R_The_ED_FD_FCR D,6,166.79904686287017,174.79904686287017,198.36457505915283,,,none,30.0,20,2,monophasic
Burst_autosave_20260715_170629_569ms,Flex. carpi rad. (R),R_The_ED_FD_FCR D,7,199.36457505915283,207.36457505915283,232.51866560801858,,,none,30.0,20,2,monophasic
Burst_autosave_20260715_170629_569ms,Flex. carpi rad. (R),R_The_ED_FD_FCR D,8,233.51866560801858,241.51866560801858,265.8784749796611,,,none,30.0,20,2,monophasic
Burst_autosave_20260715_170629_569ms,Flex. carpi rad. (R),R_The_ED_FD_FCR D,9,266.8784749796611,274.8784749796611,299.2382843522353,,,none,30.0,20,2,monophasic
Burst_autosave_20260715_170629_569ms,Flex. carpi rad. (R),R_The_ED_FD_FCR D,10,300.2382843522353,308.2382843522353,331.8038125494492,,,none,30.0,20,2,monophasic
Burst_autosave_20260715_170629_569ms,Flex. carpi rad. (R),R_The_ED_FD_FCR D,1,0.0,8.0,32.359809372573764,,,none,30.0,30,2,monophasic
Burst_autosave_20260715_170629_569ms,Flex. carpi rad. (R),R_The_ED_FD_FCR D,2,33.359809372573764,41.359809372573764,65.71961874514798,,,none,30.0,30,2,monophasic
Burst_autosave_20260715_170629_569ms,Flex. carpi rad. (R),R_The_ED_FD_FCR D,3,66.71961874514798,74.71961874514798,99.07942811772219,,,none,30.0,30,2,monophasic
Burst_autosave_20260715_170629_569ms,Flex. carpi rad. (R),R_The_ED_FD_FCR D,4,100.07942811772219,108.07942811772219,132.43923749029597,,,none,30.0,30,2,monophasic
Burst_autosave_20260715_170629_569ms,Flex. carpi rad. (R),R_The_ED_FD_FCR D,5,133.43923749029597,141.43923749029597,165.79904686287017,,,none,30.0,30,2,monophasic
Burst_autosave_20260715_170629_569ms,Flex. carpi rad. (R),R_The_ED_FD_FCR D,6,166.79904686287017,174.79904686287017,198.36457505915283,,,none,30.0,30,2,monophasic
Burst_autosave_20260715_170629_569ms,Flex. carpi rad. (R),R_The_ED_FD_FCR D,7,199.36457505915283,207.36457505915283,232.51866560801858,,,none,30.0,30,2,monophasic
Burst_autosave_20260715_170629_569ms,Flex. carpi rad. (R),R_The_ED_FD_FCR D,8,233.51866560801858,241.51866560801858,265.8784749796611,,,none,30.0,30,2,monophasic
Burst_autosave_20260715_170629_569ms,Flex. carpi rad. (R),R_The_ED_FD_FCR D,9,266.8784749796611,274.8784749796611,299.2382843522353,,,none,30.0,30,2,monophasic
Burst_autosave_20260715_170629_569ms,Flex. carpi rad. (R),R_The_ED_FD_FCR D,10,300.2382843522353,308.2382843522353,331.8038125494492,,,none,30.0,30,2,monophasic
Burst_autosave_20260715_170629_569ms,Flex. carpi rad. (R),R_The_ED_FD_FCR D,1,0.0,8.0,32.359809372573764,0.026855878764763474,0.026855878764763474,none,30.0,40,2,monophasic
Burst_autosave_20260715_170629_569ms,Flex. carpi rad. (R),R_The_ED_FD_FCR D,2,33.359809372573764,41.359809372573764,65.71961874514798,0.014770733192561537,0.014770733192561537,none,30.0,40,2,monophasic
Burst_autosave_20260715_170629_569ms,Flex. carpi rad. (R),R_The_ED_FD_FCR D,3,66.71961874514798,74.71961874514798,99.07942811772219,0.01678492431528696,0.01678492431528696,none,30.0,40,2,monophasic
Burst_autosave_20260715_170629_569ms,Flex. carpi rad. (R),R_The_ED_FD_FCR D,4,100.07942811772219,108.07942811772219,132.43923749029597,0.020309757906943535,0.020309757906943535,none,30.0,40,2,monophasic
Burst_autosave_20260715_170629_569ms,Flex. carpi rad. (R),R_The_ED_FD_FCR D,5,133.43923749029597,141.43923749029597,165.79904686287017,0.013427940197286835,0.013427940197286835,none,30.0,40,2,monophasic
Burst_autosave_20260715_170629_569ms,Flex. carpi rad. (R),R_The_ED_FD_FCR D,6,166.79904686287017,174.79904686287017,198.36457505915283,0.014435034478082646,0.014435034478082646,none,30.0,40,2,monophasic
Burst_autosave_20260715_170629_569ms,Flex. carpi rad. (R),R_The_ED_FD_FCR D,7,199.36457505915283,207.36457505915283,232.51866560801858,0.01644922582773277,0.01644922582773277,none,30.0,40,2,monophasic
Burst_autosave_20260715_170629_569ms,Flex. carpi rad. (R),R_The_ED_FD_FCR D,8,233.51866560801858,241.51866560801858,265.8784749796611,0.01275654276832925,0.01275654276832925,none,30.0,40,2,monophasic
Burst_autosave_20260715_170629_569ms,Flex. carpi rad. (R),R_The_ED_FD_FCR D,9,266.8784749796611,274.8784749796611,299.2382843522353,0.0070496676497586565,0.0070496676497586565,none,30.0,40,2,monophasic
Burst_autosave_20260715_170629_569ms,Flex. carpi rad. (R),R_The_ED_FD_FCR D,10,300.2382843522353,308.2382843522353,331.8038125494492,0.016784923848446057,0.016784923848446057,none,30.0,40,2,monophasic
Burst_autosave_20260715_170629_569ms,Flex. carpi rad. (R),R_The_ED_FD_FCR D,1,0.0,8.0,32.359809372573764,0.06915388815104961,0.06915388815104961,none,30.0,50,2,monophasic
Burst_autosave_20260715_170629_569ms,Flex. carpi rad. (R),R_The_ED_FD_FCR D,2,33.359809372573764,41.359809372573764,65.71961874514798,0.06042572666656157,0.06042572666656157,none,30.0,50,2,monophasic
Burst_autosave_20260715_170629_569ms,Flex. carpi rad. (R),R_The_ED_FD_FCR D,3,66.71961874514798,74.71961874514798,99.07942811772219,0.06478980553927778,0.06478980553927778,none,30.0,50,2,monophasic
Burst_autosave_20260715_170629_569ms,Flex. carpi rad. (R),R_The_ED_FD_FCR D,4,100.07942811772219,108.07942811772219,132.43923749029597,0.06932173665697522,0.06932173665697522,none,30.0,50,2,monophasic
Burst_autosave_20260715_170629_569ms,Flex. carpi rad. (R),R_The_ED_FD_FCR D,5,133.43923749029597,141.43923749029597,165.79904686287017,0.07939269021151563,0.07939269021151563,none,30.0,50,2,monophasic
Burst_autosave_20260715_170629_569ms,Flex. carpi rad. (R),R_The_ED_FD_FCR D,6,166.79904686287017,174.79904686287017,198.36457505915283,0.030212863110087237,0.030212863110087237,none,30.0,50,2,monophasic
Burst_autosave_20260715_170629_569ms,Flex. carpi rad. (R),R_The_ED_FD_FCR D,7,199.36457505915283,207.36457505915283,232.51866560801858,0.0735179651359114,0.0735179651359114,none,30.0,50,2,monophasic
Burst_autosave_20260715_170629_569ms,Flex. carpi rad. (R),R_The_ED_FD_FCR D,8,233.51866560801858,241.51866560801858,265.8784749796611,0.07251087203621817,0.07251087203621817,none,30.0,50,2,monophasic
Burst_autosave_20260715_170629_569ms,Flex. carpi rad. (R),R_The_ED_FD_FCR D,9,266.8784749796611,274.8784749796611,299.2382843522353,0.02685587923357425,0.02685587923357425,none,30.0,50,2,monophasic
Burst_autosave_20260715_170629_569ms,Flex. carpi rad. (R),R_The_ED_FD_FCR D,10,300.2382843522353,308.2382843522353,331.8038125494492,0.06831464170405932,0.06831464170405932,none,30.0,50,2,monophasic
Burst_autosave_20260715_170629_569ms,Flex. carpi rad. (R),R_The_ED_FD_FCR D,1,0.0,8.0,32.359809372573764,0.059418631717562675,0.059418631717562675,none,30.0,60,2,monophasic
Burst_autosave_20260715_170629_569ms,Flex. carpi rad. (R),R_The_ED_FD_FCR D,2,33.359809372573764,41.359809372573764,65.71961874514798,0.060425724798802774,0.060425724798802774,none,30.0,60,2,monophasic
Burst_autosave_20260715_170629_569ms,Flex. carpi rad. (R),R_The_ED_FD_FCR D,3,66.71961874514798,74.71961874514798,99.07942811772219,0.06411840952933415,0.06411840952933415,none,30.0,60,2,monophasic
Burst_autosave_20260715_170629_569ms,Flex. carpi rad. (R),R_The_ED_FD_FCR D,4,100.07942811772219,108.07942811772219,132.43923749029597,0.06764324195682994,0.06764324195682994,none,30.0,60,2,monophasic
Burst_autosave_20260715_170629_569ms,Flex. carpi rad. (R),R_The_ED_FD_FCR D,5,133.43923749029597,141.43923749029597,165.79904686287017,0.06932173669337417,0.06932173669337417,none,30.0,60,2,monophasic
Burst_autosave_20260715_170629_569ms,Flex. carpi rad. (R),R_The_ED_FD_FCR D,6,166.79904686287017,174.79904686287017,198.36457505915283,0.06546120531857855,0.06546120531857855,none,30.0,60,2,monophasic
Burst_autosave_20260715_170629_569ms,Flex. carpi rad. (R),R_The_ED_FD_FCR D,7,199.36457505915283,207.36457505915283,232.51866560801858,0.07922484165974364,0.07922484165974364,none,30.0,60,2,monophasic
Burst_autosave_20260715_170629_569ms,Flex. carpi rad. (R),R_The_ED_FD_FCR D,8,233.51866560801858,241.51866560801858,265.8784749796611,0.05220111459493581,0.05220111459493581,none,30.0,60,2,monophasic
Burst_autosave_20260715_170629_569ms,Flex. carpi rad. (R),R_The_ED_FD_FCR D,9,266.8784749796611,274.8784749796611,299.2382843522353,0.03843747690540388,0.03843747690540388,none,30.0,60,2,monophasic
Burst_autosave_20260715_170629_569ms,Flex. carpi rad. (R),R_The_ED_FD_FCR D,10,300.2382843522353,308.2382843522353,331.8038125494492,0.06646829843206109,0.06646829843206109,none,30.0,60,2,monophasic
Burst_autosave_20260715_170629_569ms,Flex. carpi rad. (R),R_The_ED_FD_FCR D,1,0.0,8.0,32.359809372573764,0.14854657649993896,0.14854657649993896,none,30.0,70,2,monophasic
Burst_autosave_20260715_170629_569ms,Flex. carpi rad. (R),R_The_ED_FD_FCR D,2,33.359809372573764,41.359809372573764,65.71961874514798,0.16449225693941014,0.16449225693941014,none,30.0,70,2,monophasic
Burst_autosave_20260715_170629_569ms,Flex. carpi rad. (R),R_The_ED_FD_FCR D,3,66.71961874514798,74.71961874514798,99.07942811772219,0.1544212996959628,0.1544212996959628,none,30.0,70,2,monophasic
Burst_autosave_20260715_170629_569ms,Flex. carpi rad. (R),R_The_ED_FD_FCR D,4,100.07942811772219,108.07942811772219,132.43923749029597,0.134279392659664,0.134279392659664,none,30.0,70,2,monophasic
Burst_autosave_20260715_170629_569ms,Flex. carpi rad. (R),R_The_ED_FD_FCR D,5,133.43923749029597,141.43923749029597,165.79904686287017,0.16331731528043825,0.16331731528043825,none,30.0,70,2,monophasic
Burst_autosave_20260715_170629_569ms,Flex. carpi rad. (R),R_The_ED_FD_FCR D,6,166.79904686287017,174.79904686287017,198.36457505915283,0.132936600595724,0.132936600595724,none,30.0,70,2,monophasic
Burst_autosave_20260715_170629_569ms,Flex. carpi rad. (R),R_The_ED_FD_FCR D,7,199.36457505915283,207.36457505915283,232.51866560801858,0.18899824467721993,0.18899824467721993,none,30.0,70,2,monophasic
Burst_autosave_20260715_170629_569ms,Flex. carpi rad. (R),R_The_ED_FD_FCR D,8,233.51866560801858,241.51866560801858,265.8784749796611,0.15374990180134784,0.15374990180134784,none,30.0,70,2,monophasic
Burst_autosave_20260715_170629_569ms,Flex. carpi rad. (R),R_The_ED_FD_FCR D,9,266.8784749796611,274.8784749796611,299.2382843522353,0.1326009016490177,0.1326009016490177,none,30.0,70,2,monophasic
Burst_autosave_20260715_170629_569ms,Flex. carpi rad. (R),R_The_ED_FD_FCR D,10,300.2382843522353,308.2382843522353,331.8038125494492,0.17019913345575105,0.17019913345575105,none,30.0,70,2,monophasic
