source_file,muscle,channel,pulse,pulse_t_ms,win_start_ms,win_stop_ms,p2p,p2p_norm_pct,norm_mode,freq_hz,amp_ma,electrode,mode
Modulated_autosave_20260717_151033_569ms,Deltoid med. (L),L_DELmed,1,0.7942811758425705,8.79428117584257,32.35980937256977,,,none,30.0,45,3,monophasic
Modulated_autosave_20260717_151033_569ms,Deltoid med. (L),L_DELmed,2,33.35980937256977,41.35980937256977,65.71961874516796,,,none,30.0,45,3,monophasic
Modulated_autosave_20260717_151033_569ms,Deltoid med. (L),L_DELmed,3,66.71961874516796,74.71961874516796,99.07942811773773,,,none,30.0,45,3,monophasic
Modulated_autosave_20260717_151033_569ms,Deltoid med. (L),L_DELmed,4,100.07942811773773,108.07942811773773,132.4392374903075,,,none,30.0,45,3,monophasic
Modulated_autosave_20260717_151033_569ms,Deltoid med. (L),L_DELmed,5,133.4392374903075,141.4392374903075,165.79904686287728,,,none,30.0,45,3,monophasic
Modulated_autosave_20260717_151033_569ms,Deltoid med. (L),L_DELmed,6,166.79904686287728,174.79904686287728,199.15885623544705,,,none,30.0,45,3,monophasic
Modulated_autosave_20260717_151033_569ms,Deltoid med. (L),L_DELmed,7,200.15885623544705,208.15885623544705,232.51866560756207,,,none,30.0,45,3,monophasic
Modulated_autosave_20260717_151033_569ms,Deltoid med. (L),L_DELmed,8,233.51866560756207,241.51866560756207,265.87847498013184,,,none,30.0,45,3,monophasic
Modulated_autosave_20260717_151033_569ms,Deltoid med. (L),L_DELmed,9,266.87847498013184,274.87847498013184,299.2382843527016,,,none,30.0,45,3,monophasic
Modulated_autosave_20260717_151033_569ms,Deltoid med. (L),L_DELmed,10,300.2382843527016,308.2382843527016,332.5980937252714,,,none,30.0,45,3,monophasic
Modulated_autosave_20260717_151033_569ms,Deltoid med. (L),L_DELmed,1,0.7942811758425705,8.79428117584257,32.35980937256977,,,none,30.0,50,3,monophasic
Modulated_autosave_20260717_151033_569ms,Deltoid med. (L),L_DELmed,2,33.35980937256977,41.35980937256977,65.71961874516796,,,none,30.0,50,3,monophasic
Modulated_autosave_20260717_151033_569ms,Deltoid med. (L),L_DELmed,3,66.71961874516796,74.71961874516796,99.07942811773773,,,none,30.0,50,3,monophasic
Modulated_autosave_20260717_151033_569ms,Deltoid med. (L),L_DELmed,4,100.07942811773773,108.07942811773773,132.4392374903075,,,none,30.0,50,3,monophasic
Modulated_autosave_20260717_151033_569ms,Deltoid med. (L),L_DELmed,5,133.4392374903075,141.4392374903075,165.79904686287728,,,none,30.0,50,3,monophasic
Modulated_autosave_20260717_151033_569ms,Deltoid med. (L),L_DELmed,6,166.79904686287728,174.79904686287728,199.15885623544705,,,none,30.0,50,3,monophasic
Modulated_autosave_20260717_151033_569ms,Deltoid med. (L),L_DELmed,7,200.15885623544705,208.15885623544705,232.51866560756207,,,none,30.0,50,3,monophasic
Modulated_autosave_20260717_151033_569ms,Deltoid med. (L),L_DELmed,8,233.51866560756207,241.51866560756207,265.87847498013184,,,none,30.0,50,3,monophasic
Modulated_autosave_20260717_151033_569ms,Deltoid med. (L),L_DELmed,9,266.87847498013184,274.87847498013184,299.2382843527016,,,none,30.0,50,3,monophasic
Modulated_autosave_20260717_151033_569ms,Deltoid med. (L),L_DELmed,10,300.2382843527016,308.2382843527016,332.5980937252714,,,none,30.0,50,3,monophasic
Modulated_autosave_20260717_151033_569ms,Deltoid med. (L),L_DELmed,1,0.7942811758425705,8.79428117584257,32.35980937256977,,,none,30.0,55,3,monophasic
Modulated_autosave_20260717_151033_569ms,Deltoid med. (L),L_DELmed,2,33.35980937256977,41.35980937256977,65.71961874516796,,,none,30.0,55,3,monophasic
Modulated_autosave_20260717_151033_569ms,Deltoid med. (L),L_DELmed,3,66.71961874516796,74.71961874516796,99.07942811773773,,,none,30.0,55,3,monophasic
Modulated_autosave_20260717_151033_569ms,Deltoid med. (L),L_DELmed,4,100.07942811773773,108.07942811773773,132.4392374903075,,,none,30.0,55,3,monophasic
Modulated_autosave_20260717_151033_569ms,Deltoid med. (L),L_DELmed,5,133.4392374903075,141.4392374903075,165.79904686287728,,,none,30.0,55,3,monophasic
Modulated_autosave_20260717_151033_569ms,Deltoid med. (L),L_DELmed,6,166.79904686287728,174.79904686287728,199.15885623544705,,,none,30.0,55,3,monophasic
Modulated_autosave_20260717_151033_569ms,Deltoid med. (L),L_DELmed,7,200.15885623544705,208.15885623544705,232.51866560756207,,,none,30.0,55,3,monophasic
Modulated_autosave_20260717_151033_569ms,Deltoid med. (L),L_DELmed,8,233.51866560756207,241.51866560756207,265.87847498013184,,,none,30.0,55,3,monophasic
Modulated_autosave_20260717_151033_569ms,Deltoid med. (L),L_DELmed,9,266.87847498013184,274.87847498013184,299.2382843527016,,,none,30.0,55,3,monophasic
Modulated_autosave_20260717_151033_569ms,Deltoid med. (L),L_DELmed,10,300.2382843527016,308.2382843527016,332.5980937252714,,,none,30.0,55,3,monophasic
Modulated_autosave_20260717_151033_569ms,Deltoid med. (L),L_DELmed,1,0.7942811758425705,8.79428117584257,32.35980937256977,,,none,30.0,60,3,monophasic
Modulated_autosave_20260717_151033_569ms,Deltoid med. (L),L_DELmed,2,33.35980937256977,41.35980937256977,65.71961874516796,,,none,30.0,60,3,monophasic
Modulated_autosave_20260717_151033_569ms,Deltoid med. (L),L_DELmed,3,66.71961874516796,74.71961874516796,99.07942811773773,,,none,30.0,60,3,monophasic
Modulated_autosave_20260717_151033_569ms,Deltoid med. (L),L_DELmed,4,100.07942811773773,108.07942811773773,132.4392374903075,,,none,30.0,60,3,monophasic
Modulated_autosave_20260717_151033_569ms,Deltoid med. (L),L_DELmed,5,133.4392374903075,141.4392374903075,165.79904686287728,,,none,30.0,60,3,monophasic
Modulated_autosave_20260717_151033_569ms,Deltoid med. (L),L_DELmed,6,166.79904686287728,174.79904686287728,199.15885623544705,,,none,30.0,60,3,monophasic
Modulated_autosave_20260717_151033_569ms,Deltoid med. (L),L_DELmed,7,200.15885623544705,208.15885623544705,232.51866560756207,,,none,30.0,60,3,monophasic
Modulated_autosave_20260717_151033_569ms,Deltoid med. (L),L_DELmed,8,233.51866560756207,241.51866560756207,265.87847498013184,,,none,30.0,60,3,monophasic
Modulated_autosave_20260717_151033_569ms,Deltoid med. (L),L_DELmed,9,266.87847498013184,274.87847498013184,299.2382843527016,,,none,30.0,60,3,monophasic
Modulated_autosave_20260717_151033_569ms,Deltoid med. (L),L_DELmed,10,300.2382843527016,308.2382843527016,332.5980937252714,,,none,30.0,60,3,monophasic
Modulated_autosave_20260717_151033_569ms,Deltoid med. (L),L_DELmed,1,0.7942811758425705,8.79428117584257,32.35980937256977,,,none,30.0,65,3,monophasic
Modulated_autosave_20260717_151033_569ms,Deltoid med. (L),L_DELmed,2,33.35980937256977,41.35980937256977,65.71961874516796,,,none,30.0,65,3,monophasic
Modulated_autosave_20260717_151033_569ms,Deltoid med. (L),L_DELmed,3,66.71961874516796,74.71961874516796,99.07942811773773,,,none,30.0,65,3,monophasic
Modulated_autosave_20260717_151033_569ms,Deltoid med. (L),L_DELmed,4,100.07942811773773,108.07942811773773,132.4392374903075,,,none,30.0,65,3,monophasic
Modulated_autosave_20260717_151033_569ms,Deltoid med. (L),L_DELmed,5,133.4392374903075,141.4392374903075,165.79904686287728,,,none,30.0,65,3,monophasic
Modulated_autosave_20260717_151033_569ms,Deltoid med. (L),L_DELmed,6,166.79904686287728,174.79904686287728,199.15885623544705,,,none,30.0,65,3,monophasic
Modulated_autosave_20260717_151033_569ms,Deltoid med. (L),L_DELmed,7,200.15885623544705,208.15885623544705,232.51866560756207,,,none,30.0,65,3,monophasic
Modulated_autosave_20260717_151033_569ms,Deltoid med. (L),L_DELmed,8,233.51866560756207,241.51866560756207,265.87847498013184,,,none,30.0,65,3,monophasic
Modulated_autosave_20260717_151033_569ms,Deltoid med. (L),L_DELmed,9,266.87847498013184,274.87847498013184,299.2382843527016,,,none,30.0,65,3,monophasic
Modulated_autosave_20260717_151033_569ms,Deltoid med. (L),L_DELmed,10,300.2382843527016,308.2382843527016,332.5980937252714,,,none,30.0,65,3,monophasic
Modulated_autosave_20260717_151033_569ms,Deltoid med. (L),L_DELmed,1,0.7942811758425705,8.79428117584257,32.35980937256977,,,none,30.0,70,3,monophasic
Modulated_autosave_20260717_151033_569ms,Deltoid med. (L),L_DELmed,2,33.35980937256977,41.35980937256977,65.71961874516796,,,none,30.0,70,3,monophasic
Modulated_autosave_20260717_151033_569ms,Deltoid med. (L),L_DELmed,3,66.71961874516796,74.71961874516796,99.07942811773773,,,none,30.0,70,3,monophasic
Modulated_autosave_20260717_151033_569ms,Deltoid med. (L),L_DELmed,4,100.07942811773773,108.07942811773773,132.4392374903075,,,none,30.0,70,3,monophasic
Modulated_autosave_20260717_151033_569ms,Deltoid med. (L),L_DELmed,5,133.4392374903075,141.4392374903075,165.79904686287728,,,none,30.0,70,3,monophasic
Modulated_autosave_20260717_151033_569ms,Deltoid med. (L),L_DELmed,6,166.79904686287728,174.79904686287728,199.15885623544705,,,none,30.0,70,3,monophasic
Modulated_autosave_20260717_151033_569ms,Deltoid med. (L),L_DELmed,7,200.15885623544705,208.15885623544705,232.51866560756207,,,none,30.0,70,3,monophasic
Modulated_autosave_20260717_151033_569ms,Deltoid med. (L),L_DELmed,8,233.51866560756207,241.51866560756207,265.87847498013184,,,none,30.0,70,3,monophasic
Modulated_autosave_20260717_151033_569ms,Deltoid med. (L),L_DELmed,9,266.87847498013184,274.87847498013184,299.2382843527016,,,none,30.0,70,3,monophasic
Modulated_autosave_20260717_151033_569ms,Deltoid med. (L),L_DELmed,10,300.2382843527016,308.2382843527016,332.5980937252714,,,none,30.0,70,3,monophasic
Modulated_autosave_20260717_151033_569ms,Deltoid med. (L),L_DELmed,1,0.7942811758425705,8.79428117584257,32.35980937256977,,,none,30.0,75,3,monophasic
Modulated_autosave_20260717_151033_569ms,Deltoid med. (L),L_DELmed,2,33.35980937256977,41.35980937256977,65.71961874516796,,,none,30.0,75,3,monophasic
Modulated_autosave_20260717_151033_569ms,Deltoid med. (L),L_DELmed,3,66.71961874516796,74.71961874516796,99.07942811773773,,,none,30.0,75,3,monophasic
Modulated_autosave_20260717_151033_569ms,Deltoid med. (L),L_DELmed,4,100.07942811773773,108.07942811773773,132.4392374903075,,,none,30.0,75,3,monophasic
Modulated_autosave_20260717_151033_569ms,Deltoid med. (L),L_DELmed,5,133.4392374903075,141.4392374903075,165.79904686287728,,,none,30.0,75,3,monophasic
Modulated_autosave_20260717_151033_569ms,Deltoid med. (L),L_DELmed,6,166.79904686287728,174.79904686287728,199.15885623544705,,,none,30.0,75,3,monophasic
Modulated_autosave_20260717_151033_569ms,Deltoid med. (L),L_DELmed,7,200.15885623544705,208.15885623544705,232.51866560756207,,,none,30.0,75,3,monophasic
Modulated_autosave_20260717_151033_569ms,Deltoid med. (L),L_DELmed,8,233.51866560756207,241.51866560756207,265.87847498013184,,,none,30.0,75,3,monophasic
Modulated_autosave_20260717_151033_569ms,Deltoid med. (L),L_DELmed,9,266.87847498013184,274.87847498013184,299.2382843527016,,,none,30.0,75,3,monophasic
Modulated_autosave_20260717_151033_569ms,Deltoid med. (L),L_DELmed,10,300.2382843527016,308.2382843527016,332.5980937252714,,,none,30.0,75,3,monophasic
Modulated_autosave_20260717_151033_569ms,Deltoid med. (L),L_DELmed,1,0.7942811758425705,8.79428117584257,32.35980937256977,,,none,30.0,80,3,monophasic
Modulated_autosave_20260717_151033_569ms,Deltoid med. (L),L_DELmed,2,33.35980937256977,41.35980937256977,65.71961874516796,,,none,30.0,80,3,monophasic
Modulated_autosave_20260717_151033_569ms,Deltoid med. (L),L_DELmed,3,66.71961874516796,74.71961874516796,99.07942811773773,,,none,30.0,80,3,monophasic
Modulated_autosave_20260717_151033_569ms,Deltoid med. (L),L_DELmed,4,100.07942811773773,108.07942811773773,132.4392374903075,,,none,30.0,80,3,monophasic
Modulated_autosave_20260717_151033_569ms,Deltoid med. (L),L_DELmed,5,133.4392374903075,141.4392374903075,165.79904686287728,,,none,30.0,80,3,monophasic
Modulated_autosave_20260717_151033_569ms,Deltoid med. (L),L_DELmed,6,166.79904686287728,174.79904686287728,199.15885623544705,,,none,30.0,80,3,monophasic
Modulated_autosave_20260717_151033_569ms,Deltoid med. (L),L_DELmed,7,200.15885623544705,208.15885623544705,232.51866560756207,,,none,30.0,80,3,monophasic
Modulated_autosave_20260717_151033_569ms,Deltoid med. (L),L_DELmed,8,233.51866560756207,241.51866560756207,265.87847498013184,,,none,30.0,80,3,monophasic
Modulated_autosave_20260717_151033_569ms,Deltoid med. (L),L_DELmed,9,266.87847498013184,274.87847498013184,299.2382843527016,,,none,30.0,80,3,monophasic
Modulated_autosave_20260717_151033_569ms,Deltoid med. (L),L_DELmed,10,300.2382843527016,308.2382843527016,332.5980937252714,,,none,30.0,80,3,monophasic
Modulated_autosave_20260717_151033_569ms,Deltoid med. (L),L_DELmed,1,0.7942811758425705,8.79428117584257,32.35980937256977,,,none,30.0,85,3,monophasic
Modulated_autosave_20260717_151033_569ms,Deltoid med. (L),L_DELmed,2,33.35980937256977,41.35980937256977,65.71961874516796,,,none,30.0,85,3,monophasic
Modulated_autosave_20260717_151033_569ms,Deltoid med. (L),L_DELmed,3,66.71961874516796,74.71961874516796,99.07942811773773,,,none,30.0,85,3,monophasic
Modulated_autosave_20260717_151033_569ms,Deltoid med. (L),L_DELmed,4,100.07942811773773,108.07942811773773,132.4392374903075,,,none,30.0,85,3,monophasic
Modulated_autosave_20260717_151033_569ms,Deltoid med. (L),L_DELmed,5,133.4392374903075,141.4392374903075,165.79904686287728,,,none,30.0,85,3,monophasic
Modulated_autosave_20260717_151033_569ms,Deltoid med. (L),L_DELmed,6,166.79904686287728,174.79904686287728,199.15885623544705,,,none,30.0,85,3,monophasic
Modulated_autosave_20260717_151033_569ms,Deltoid med. (L),L_DELmed,7,200.15885623544705,208.15885623544705,232.51866560756207,,,none,30.0,85,3,monophasic
Modulated_autosave_20260717_151033_569ms,Deltoid med. (L),L_DELmed,8,233.51866560756207,241.51866560756207,265.87847498013184,,,none,30.0,85,3,monophasic
Modulated_autosave_20260717_151033_569ms,Deltoid med. (L),L_DELmed,9,266.87847498013184,274.87847498013184,299.2382843527016,,,none,30.0,85,3,monophasic
Modulated_autosave_20260717_151033_569ms,Deltoid med. (L),L_DELmed,10,300.2382843527016,308.2382843527016,332.5980937252714,,,none,30.0,85,3,monophasic
Modulated_autosave_20260717_151033_569ms,Deltoid med. (L),L_DELmed,1,0.7942811758425705,8.79428117584257,32.35980937256977,,,none,30.0,90,3,monophasic
Modulated_autosave_20260717_151033_569ms,Deltoid med. (L),L_DELmed,2,33.35980937256977,41.35980937256977,65.71961874516796,,,none,30.0,90,3,monophasic
Modulated_autosave_20260717_151033_569ms,Deltoid med. (L),L_DELmed,3,66.71961874516796,74.71961874516796,99.07942811773773,,,none,30.0,90,3,monophasic
Modulated_autosave_20260717_151033_569ms,Deltoid med. (L),L_DELmed,4,100.07942811773773,108.07942811773773,132.4392374903075,,,none,30.0,90,3,monophasic
Modulated_autosave_20260717_151033_569ms,Deltoid med. (L),L_DELmed,5,133.4392374903075,141.4392374903075,165.79904686287728,,,none,30.0,90,3,monophasic
Modulated_autosave_20260717_151033_569ms,Deltoid med. (L),L_DELmed,6,166.79904686287728,174.79904686287728,199.15885623544705,,,none,30.0,90,3,monophasic
Modulated_autosave_20260717_151033_569ms,Deltoid med. (L),L_DELmed,7,200.15885623544705,208.15885623544705,232.51866560756207,,,none,30.0,90,3,monophasic
Modulated_autosave_20260717_151033_569ms,Deltoid med. (L),L_DELmed,8,233.51866560756207,241.51866560756207,265.87847498013184,,,none,30.0,90,3,monophasic
Modulated_autosave_20260717_151033_569ms,Deltoid med. (L),L_DELmed,9,266.87847498013184,274.87847498013184,299.2382843527016,,,none,30.0,90,3,monophasic
Modulated_autosave_20260717_151033_569ms,Deltoid med. (L),L_DELmed,10,300.2382843527016,308.2382843527016,332.5980937252714,,,none,30.0,90,3,monophasic
Modulated_autosave_20260717_151033_569ms,Deltoid med. (L),L_DELmed,1,0.7942811758425705,8.79428117584257,32.35980937256977,,,none,30.0,95,3,monophasic
Modulated_autosave_20260717_151033_569ms,Deltoid med. (L),L_DELmed,2,33.35980937256977,41.35980937256977,65.71961874516796,,,none,30.0,95,3,monophasic
Modulated_autosave_20260717_151033_569ms,Deltoid med. (L),L_DELmed,3,66.71961874516796,74.71961874516796,99.07942811773773,,,none,30.0,95,3,monophasic
Modulated_autosave_20260717_151033_569ms,Deltoid med. (L),L_DELmed,4,100.07942811773773,108.07942811773773,132.4392374903075,,,none,30.0,95,3,monophasic
Modulated_autosave_20260717_151033_569ms,Deltoid med. (L),L_DELmed,5,133.4392374903075,141.4392374903075,165.79904686287728,,,none,30.0,95,3,monophasic
Modulated_autosave_20260717_151033_569ms,Deltoid med. (L),L_DELmed,6,166.79904686287728,174.79904686287728,199.15885623544705,,,none,30.0,95,3,monophasic
Modulated_autosave_20260717_151033_569ms,Deltoid med. (L),L_DELmed,7,200.15885623544705,208.15885623544705,232.51866560756207,,,none,30.0,95,3,monophasic
Modulated_autosave_20260717_151033_569ms,Deltoid med. (L),L_DELmed,8,233.51866560756207,241.51866560756207,265.87847498013184,,,none,30.0,95,3,monophasic
Modulated_autosave_20260717_151033_569ms,Deltoid med. (L),L_DELmed,9,266.87847498013184,274.87847498013184,299.2382843527016,,,none,30.0,95,3,monophasic
Modulated_autosave_20260717_151033_569ms,Deltoid med. (L),L_DELmed,10,300.2382843527016,308.2382843527016,332.5980937252714,,,none,30.0,95,3,monophasic
Modulated_autosave_20260717_151033_569ms,Deltoid med. (L),L_DELmed,1,0.7942811758425705,8.79428117584257,32.35980937256977,,,none,30.0,100,3,monophasic
Modulated_autosave_20260717_151033_569ms,Deltoid med. (L),L_DELmed,2,33.35980937256977,41.35980937256977,65.71961874516796,,,none,30.0,100,3,monophasic
Modulated_autosave_20260717_151033_569ms,Deltoid med. (L),L_DELmed,3,66.71961874516796,74.71961874516796,99.07942811773773,,,none,30.0,100,3,monophasic
Modulated_autosave_20260717_151033_569ms,Deltoid med. (L),L_DELmed,4,100.07942811773773,108.07942811773773,132.4392374903075,,,none,30.0,100,3,monophasic
Modulated_autosave_20260717_151033_569ms,Deltoid med. (L),L_DELmed,5,133.4392374903075,141.4392374903075,165.79904686287728,,,none,30.0,100,3,monophasic
Modulated_autosave_20260717_151033_569ms,Deltoid med. (L),L_DELmed,6,166.79904686287728,174.79904686287728,199.15885623544705,,,none,30.0,100,3,monophasic
Modulated_autosave_20260717_151033_569ms,Deltoid med. (L),L_DELmed,7,200.15885623544705,208.15885623544705,232.51866560756207,,,none,30.0,100,3,monophasic
Modulated_autosave_20260717_151033_569ms,Deltoid med. (L),L_DELmed,8,233.51866560756207,241.51866560756207,265.87847498013184,,,none,30.0,100,3,monophasic
Modulated_autosave_20260717_151033_569ms,Deltoid med. (L),L_DELmed,9,266.87847498013184,274.87847498013184,299.2382843527016,,,none,30.0,100,3,monophasic
Modulated_autosave_20260717_151033_569ms,Deltoid med. (L),L_DELmed,10,300.2382843527016,308.2382843527016,332.5980937252714,,,none,30.0,100,3,monophasic
Modulated_autosave_20260717_151033_569ms,Deltoid med. (L),L_DELmed,1,0.7942811758425705,8.79428117584257,32.35980937256977,,,none,30.0,105,3,monophasic
Modulated_autosave_20260717_151033_569ms,Deltoid med. (L),L_DELmed,2,33.35980937256977,41.35980937256977,65.71961874516796,,,none,30.0,105,3,monophasic
Modulated_autosave_20260717_151033_569ms,Deltoid med. (L),L_DELmed,3,66.71961874516796,74.71961874516796,99.07942811773773,,,none,30.0,105,3,monophasic
Modulated_autosave_20260717_151033_569ms,Deltoid med. (L),L_DELmed,4,100.07942811773773,108.07942811773773,132.4392374903075,,,none,30.0,105,3,monophasic
Modulated_autosave_20260717_151033_569ms,Deltoid med. (L),L_DELmed,5,133.4392374903075,141.4392374903075,165.79904686287728,,,none,30.0,105,3,monophasic
Modulated_autosave_20260717_151033_569ms,Deltoid med. (L),L_DELmed,6,166.79904686287728,174.79904686287728,199.15885623544705,,,none,30.0,105,3,monophasic
Modulated_autosave_20260717_151033_569ms,Deltoid med. (L),L_DELmed,7,200.15885623544705,208.15885623544705,232.51866560756207,,,none,30.0,105,3,monophasic
Modulated_autosave_20260717_151033_569ms,Deltoid med. (L),L_DELmed,8,233.51866560756207,241.51866560756207,265.87847498013184,,,none,30.0,105,3,monophasic
Modulated_autosave_20260717_151033_569ms,Deltoid med. (L),L_DELmed,9,266.87847498013184,274.87847498013184,299.2382843527016,,,none,30.0,105,3,monophasic
Modulated_autosave_20260717_151033_569ms,Deltoid med. (L),L_DELmed,10,300.2382843527016,308.2382843527016,332.5980937252714,,,none,30.0,105,3,monophasic
Modulated_autosave_20260717_151033_569ms,Deltoid med. (L),L_DELmed,1,0.7942811758425705,8.79428117584257,32.35980937256977,,,none,30.0,110,3,monophasic
Modulated_autosave_20260717_151033_569ms,Deltoid med. (L),L_DELmed,2,33.35980937256977,41.35980937256977,65.71961874516796,,,none,30.0,110,3,monophasic
Modulated_autosave_20260717_151033_569ms,Deltoid med. (L),L_DELmed,3,66.71961874516796,74.71961874516796,99.07942811773773,,,none,30.0,110,3,monophasic
Modulated_autosave_20260717_151033_569ms,Deltoid med. (L),L_DELmed,4,100.07942811773773,108.07942811773773,132.4392374903075,,,none,30.0,110,3,monophasic
Modulated_autosave_20260717_151033_569ms,Deltoid med. (L),L_DELmed,5,133.4392374903075,141.4392374903075,165.79904686287728,,,none,30.0,110,3,monophasic
Modulated_autosave_20260717_151033_569ms,Deltoid med. (L),L_DELmed,6,166.79904686287728,174.79904686287728,199.15885623544705,,,none,30.0,110,3,monophasic
Modulated_autosave_20260717_151033_569ms,Deltoid med. (L),L_DELmed,7,200.15885623544705,208.15885623544705,232.51866560756207,,,none,30.0,110,3,monophasic
Modulated_autosave_20260717_151033_569ms,Deltoid med. (L),L_DELmed,8,233.51866560756207,241.51866560756207,265.87847498013184,,,none,30.0,110,3,monophasic
Modulated_autosave_20260717_151033_569ms,Deltoid med. (L),L_DELmed,9,266.87847498013184,274.87847498013184,299.2382843527016,,,none,30.0,110,3,monophasic
Modulated_autosave_20260717_151033_569ms,Deltoid med. (L),L_DELmed,10,300.2382843527016,308.2382843527016,332.5980937252714,,,none,30.0,110,3,monophasic
Modulated_autosave_20260717_151033_569ms,Deltoid med. (L),L_DELmed,1,0.7942811758425705,8.79428117584257,32.35980937256977,,,none,30.0,115,3,monophasic
Modulated_autosave_20260717_151033_569ms,Deltoid med. (L),L_DELmed,2,33.35980937256977,41.35980937256977,65.71961874516796,,,none,30.0,115,3,monophasic
Modulated_autosave_20260717_151033_569ms,Deltoid med. (L),L_DELmed,3,66.71961874516796,74.71961874516796,99.07942811773773,,,none,30.0,115,3,monophasic
Modulated_autosave_20260717_151033_569ms,Deltoid med. (L),L_DELmed,4,100.07942811773773,108.07942811773773,132.4392374903075,,,none,30.0,115,3,monophasic
Modulated_autosave_20260717_151033_569ms,Deltoid med. (L),L_DELmed,5,133.4392374903075,141.4392374903075,165.79904686287728,,,none,30.0,115,3,monophasic
Modulated_autosave_20260717_151033_569ms,Deltoid med. (L),L_DELmed,6,166.79904686287728,174.79904686287728,199.15885623544705,,,none,30.0,115,3,monophasic
Modulated_autosave_20260717_151033_569ms,Deltoid med. (L),L_DELmed,7,200.15885623544705,208.15885623544705,232.51866560756207,,,none,30.0,115,3,monophasic
Modulated_autosave_20260717_151033_569ms,Deltoid med. (L),L_DELmed,8,233.51866560756207,241.51866560756207,265.87847498013184,,,none,30.0,115,3,monophasic
Modulated_autosave_20260717_151033_569ms,Deltoid med. (L),L_DELmed,9,266.87847498013184,274.87847498013184,299.2382843527016,,,none,30.0,115,3,monophasic
Modulated_autosave_20260717_151033_569ms,Deltoid med. (L),L_DELmed,10,300.2382843527016,308.2382843527016,332.5980937252714,,,none,30.0,115,3,monophasic
Modulated_autosave_20260717_151033_569ms,Deltoid med. (L),L_DELmed,1,0.7942811758425705,8.79428117584257,32.35980937256977,,,none,30.0,120,3,monophasic
Modulated_autosave_20260717_151033_569ms,Deltoid med. (L),L_DELmed,2,33.35980937256977,41.35980937256977,65.71961874516796,,,none,30.0,120,3,monophasic
Modulated_autosave_20260717_151033_569ms,Deltoid med. (L),L_DELmed,3,66.71961874516796,74.71961874516796,99.07942811773773,,,none,30.0,120,3,monophasic
Modulated_autosave_20260717_151033_569ms,Deltoid med. (L),L_DELmed,4,100.07942811773773,108.07942811773773,132.4392374903075,,,none,30.0,120,3,monophasic
Modulated_autosave_20260717_151033_569ms,Deltoid med. (L),L_DELmed,5,133.4392374903075,141.4392374903075,165.79904686287728,,,none,30.0,120,3,monophasic
Modulated_autosave_20260717_151033_569ms,Deltoid med. (L),L_DELmed,6,166.79904686287728,174.79904686287728,199.15885623544705,,,none,30.0,120,3,monophasic
Modulated_autosave_20260717_151033_569ms,Deltoid med. (L),L_DELmed,7,200.15885623544705,208.15885623544705,232.51866560756207,,,none,30.0,120,3,monophasic
Modulated_autosave_20260717_151033_569ms,Deltoid med. (L),L_DELmed,8,233.51866560756207,241.51866560756207,265.87847498013184,,,none,30.0,120,3,monophasic
Modulated_autosave_20260717_151033_569ms,Deltoid med. (L),L_DELmed,9,266.87847498013184,274.87847498013184,299.2382843527016,,,none,30.0,120,3,monophasic
Modulated_autosave_20260717_151033_569ms,Deltoid med. (L),L_DELmed,10,300.2382843527016,308.2382843527016,332.5980937252714,,,none,30.0,120,3,monophasic
Modulated_autosave_20260717_151033_569ms,Deltoid med. (L),L_DELmed,1,0.7942811758425705,8.79428117584257,32.35980937256977,,,none,30.0,125,3,monophasic
Modulated_autosave_20260717_151033_569ms,Deltoid med. (L),L_DELmed,2,33.35980937256977,41.35980937256977,65.71961874516796,,,none,30.0,125,3,monophasic
Modulated_autosave_20260717_151033_569ms,Deltoid med. (L),L_DELmed,3,66.71961874516796,74.71961874516796,99.07942811773773,,,none,30.0,125,3,monophasic
Modulated_autosave_20260717_151033_569ms,Deltoid med. (L),L_DELmed,4,100.07942811773773,108.07942811773773,132.4392374903075,,,none,30.0,125,3,monophasic
Modulated_autosave_20260717_151033_569ms,Deltoid med. (L),L_DELmed,5,133.4392374903075,141.4392374903075,165.79904686287728,,,none,30.0,125,3,monophasic
Modulated_autosave_20260717_151033_569ms,Deltoid med. (L),L_DELmed,6,166.79904686287728,174.79904686287728,199.15885623544705,,,none,30.0,125,3,monophasic
Modulated_autosave_20260717_151033_569ms,Deltoid med. (L),L_DELmed,7,200.15885623544705,208.15885623544705,232.51866560756207,,,none,30.0,125,3,monophasic
Modulated_autosave_20260717_151033_569ms,Deltoid med. (L),L_DELmed,8,233.51866560756207,241.51866560756207,265.87847498013184,,,none,30.0,125,3,monophasic
Modulated_autosave_20260717_151033_569ms,Deltoid med. (L),L_DELmed,9,266.87847498013184,274.87847498013184,299.2382843527016,,,none,30.0,125,3,monophasic
Modulated_autosave_20260717_151033_569ms,Deltoid med. (L),L_DELmed,10,300.2382843527016,308.2382843527016,332.5980937252714,,,none,30.0,125,3,monophasic
Modulated_autosave_20260717_151033_569ms,Deltoid med. (L),L_DELmed,1,0.7942811758425705,8.79428117584257,32.35980937256977,,,none,30.0,130,3,monophasic
Modulated_autosave_20260717_151033_569ms,Deltoid med. (L),L_DELmed,2,33.35980937256977,41.35980937256977,65.71961874516796,,,none,30.0,130,3,monophasic
Modulated_autosave_20260717_151033_569ms,Deltoid med. (L),L_DELmed,3,66.71961874516796,74.71961874516796,99.07942811773773,,,none,30.0,130,3,monophasic
Modulated_autosave_20260717_151033_569ms,Deltoid med. (L),L_DELmed,4,100.07942811773773,108.07942811773773,132.4392374903075,,,none,30.0,130,3,monophasic
Modulated_autosave_20260717_151033_569ms,Deltoid med. (L),L_DELmed,5,133.4392374903075,141.4392374903075,165.79904686287728,,,none,30.0,130,3,monophasic
Modulated_autosave_20260717_151033_569ms,Deltoid med. (L),L_DELmed,6,166.79904686287728,174.79904686287728,199.15885623544705,,,none,30.0,130,3,monophasic
Modulated_autosave_20260717_151033_569ms,Deltoid med. (L),L_DELmed,7,200.15885623544705,208.15885623544705,232.51866560756207,,,none,30.0,130,3,monophasic
Modulated_autosave_20260717_151033_569ms,Deltoid med. (L),L_DELmed,8,233.51866560756207,241.51866560756207,265.87847498013184,,,none,30.0,130,3,monophasic
Modulated_autosave_20260717_151033_569ms,Deltoid med. (L),L_DELmed,9,266.87847498013184,274.87847498013184,299.2382843527016,,,none,30.0,130,3,monophasic
Modulated_autosave_20260717_151033_569ms,Deltoid med. (L),L_DELmed,10,300.2382843527016,308.2382843527016,332.5980937252714,,,none,30.0,130,3,monophasic
Modulated_autosave_20260717_151033_569ms,Deltoid med. (L),L_DELmed,1,0.7942811758425705,8.79428117584257,32.35980937256977,,,none,30.0,135,3,monophasic
Modulated_autosave_20260717_151033_569ms,Deltoid med. (L),L_DELmed,2,33.35980937256977,41.35980937256977,65.71961874516796,,,none,30.0,135,3,monophasic
Modulated_autosave_20260717_151033_569ms,Deltoid med. (L),L_DELmed,3,66.71961874516796,74.71961874516796,99.07942811773773,,,none,30.0,135,3,monophasic
Modulated_autosave_20260717_151033_569ms,Deltoid med. (L),L_DELmed,4,100.07942811773773,108.07942811773773,132.4392374903075,,,none,30.0,135,3,monophasic
Modulated_autosave_20260717_151033_569ms,Deltoid med. (L),L_DELmed,5,133.4392374903075,141.4392374903075,165.79904686287728,,,none,30.0,135,3,monophasic
Modulated_autosave_20260717_151033_569ms,Deltoid med. (L),L_DELmed,6,166.79904686287728,174.79904686287728,199.15885623544705,,,none,30.0,135,3,monophasic
Modulated_autosave_20260717_151033_569ms,Deltoid med. (L),L_DELmed,7,200.15885623544705,208.15885623544705,232.51866560756207,,,none,30.0,135,3,monophasic
Modulated_autosave_20260717_151033_569ms,Deltoid med. (L),L_DELmed,8,233.51866560756207,241.51866560756207,265.87847498013184,,,none,30.0,135,3,monophasic
Modulated_autosave_20260717_151033_569ms,Deltoid med. (L),L_DELmed,9,266.87847498013184,274.87847498013184,299.2382843527016,,,none,30.0,135,3,monophasic
Modulated_autosave_20260717_151033_569ms,Deltoid med. (L),L_DELmed,10,300.2382843527016,308.2382843527016,332.5980937252714,,,none,30.0,135,3,monophasic
Modulated_autosave_20260717_151033_569ms,Deltoid med. (L),L_DELmed,1,0.7942811758425705,8.79428117584257,32.35980937256977,,,none,30.0,140,3,monophasic
Modulated_autosave_20260717_151033_569ms,Deltoid med. (L),L_DELmed,2,33.35980937256977,41.35980937256977,65.71961874516796,,,none,30.0,140,3,monophasic
Modulated_autosave_20260717_151033_569ms,Deltoid med. (L),L_DELmed,3,66.71961874516796,74.71961874516796,99.07942811773773,,,none,30.0,140,3,monophasic
Modulated_autosave_20260717_151033_569ms,Deltoid med. (L),L_DELmed,4,100.07942811773773,108.07942811773773,132.4392374903075,,,none,30.0,140,3,monophasic
Modulated_autosave_20260717_151033_569ms,Deltoid med. (L),L_DELmed,5,133.4392374903075,141.4392374903075,165.79904686287728,,,none,30.0,140,3,monophasic
Modulated_autosave_20260717_151033_569ms,Deltoid med. (L),L_DELmed,6,166.79904686287728,174.79904686287728,199.15885623544705,,,none,30.0,140,3,monophasic
Modulated_autosave_20260717_151033_569ms,Deltoid med. (L),L_DELmed,7,200.15885623544705,208.15885623544705,232.51866560756207,,,none,30.0,140,3,monophasic
Modulated_autosave_20260717_151033_569ms,Deltoid med. (L),L_DELmed,8,233.51866560756207,241.51866560756207,265.87847498013184,,,none,30.0,140,3,monophasic
Modulated_autosave_20260717_151033_569ms,Deltoid med. (L),L_DELmed,9,266.87847498013184,274.87847498013184,299.2382843527016,,,none,30.0,140,3,monophasic
Modulated_autosave_20260717_151033_569ms,Deltoid med. (L),L_DELmed,10,300.2382843527016,308.2382843527016,332.5980937252714,,,none,30.0,140,3,monophasic
Modulated_autosave_20260717_151033_569ms,Biceps (L),L_BB,1,0.7942811758425705,8.79428117584257,32.35980937256977,,,none,30.0,45,3,monophasic
Modulated_autosave_20260717_151033_569ms,Biceps (L),L_BB,2,33.35980937256977,41.35980937256977,65.71961874516796,,,none,30.0,45,3,monophasic
Modulated_autosave_20260717_151033_569ms,Biceps (L),L_BB,3,66.71961874516796,74.71961874516796,99.07942811773773,,,none,30.0,45,3,monophasic
Modulated_autosave_20260717_151033_569ms,Biceps (L),L_BB,4,100.07942811773773,108.07942811773773,132.4392374903075,,,none,30.0,45,3,monophasic
Modulated_autosave_20260717_151033_569ms,Biceps (L),L_BB,5,133.4392374903075,141.4392374903075,165.79904686287728,,,none,30.0,45,3,monophasic
Modulated_autosave_20260717_151033_569ms,Biceps (L),L_BB,6,166.79904686287728,174.79904686287728,199.15885623544705,,,none,30.0,45,3,monophasic
Modulated_autosave_20260717_151033_569ms,Biceps (L),L_BB,7,200.15885623544705,208.15885623544705,232.51866560756207,,,none,30.0,45,3,monophasic
Modulated_autosave_20260717_151033_569ms,Biceps (L),L_BB,8,233.51866560756207,241.51866560756207,265.87847498013184,,,none,30.0,45,3,monophasic
Modulated_autosave_20260717_151033_569ms,Biceps (L),L_BB,9,266.87847498013184,274.87847498013184,299.2382843527016,,,none,30.0,45,3,monophasic
Modulated_autosave_20260717_151033_569ms,Biceps (L),L_BB,10,300.2382843527016,308.2382843527016,332.5980937252714,,,none,30.0,45,3,monophasic
Modulated_autosave_20260717_151033_569ms,Biceps (L),L_BB,1,0.7942811758425705,8.79428117584257,32.35980937256977,,,none,30.0,50,3,monophasic
Modulated_autosave_20260717_151033_569ms,Biceps (L),L_BB,2,33.35980937256977,41.35980937256977,65.71961874516796,,,none,30.0,50,3,monophasic
Modulated_autosave_20260717_151033_569ms,Biceps (L),L_BB,3,66.71961874516796,74.71961874516796,99.07942811773773,,,none,30.0,50,3,monophasic
Modulated_autosave_20260717_151033_569ms,Biceps (L),L_BB,4,100.07942811773773,108.07942811773773,132.4392374903075,,,none,30.0,50,3,monophasic
Modulated_autosave_20260717_151033_569ms,Biceps (L),L_BB,5,133.4392374903075,141.4392374903075,165.79904686287728,,,none,30.0,50,3,monophasic
Modulated_autosave_20260717_151033_569ms,Biceps (L),L_BB,6,166.79904686287728,174.79904686287728,199.15885623544705,,,none,30.0,50,3,monophasic
Modulated_autosave_20260717_151033_569ms,Biceps (L),L_BB,7,200.15885623544705,208.15885623544705,232.51866560756207,,,none,30.0,50,3,monophasic
Modulated_autosave_20260717_151033_569ms,Biceps (L),L_BB,8,233.51866560756207,241.51866560756207,265.87847498013184,,,none,30.0,50,3,monophasic
Modulated_autosave_20260717_151033_569ms,Biceps (L),L_BB,9,266.87847498013184,274.87847498013184,299.2382843527016,,,none,30.0,50,3,monophasic
Modulated_autosave_20260717_151033_569ms,Biceps (L),L_BB,10,300.2382843527016,308.2382843527016,332.5980937252714,,,none,30.0,50,3,monophasic
Modulated_autosave_20260717_151033_569ms,Biceps (L),L_BB,1,0.7942811758425705,8.79428117584257,32.35980937256977,,,none,30.0,55,3,monophasic
Modulated_autosave_20260717_151033_569ms,Biceps (L),L_BB,2,33.35980937256977,41.35980937256977,65.71961874516796,,,none,30.0,55,3,monophasic
Modulated_autosave_20260717_151033_569ms,Biceps (L),L_BB,3,66.71961874516796,74.71961874516796,99.07942811773773,,,none,30.0,55,3,monophasic
Modulated_autosave_20260717_151033_569ms,Biceps (L),L_BB,4,100.07942811773773,108.07942811773773,132.4392374903075,,,none,30.0,55,3,monophasic
Modulated_autosave_20260717_151033_569ms,Biceps (L),L_BB,5,133.4392374903075,141.4392374903075,165.79904686287728,,,none,30.0,55,3,monophasic
Modulated_autosave_20260717_151033_569ms,Biceps (L),L_BB,6,166.79904686287728,174.79904686287728,199.15885623544705,,,none,30.0,55,3,monophasic
Modulated_autosave_20260717_151033_569ms,Biceps (L),L_BB,7,200.15885623544705,208.15885623544705,232.51866560756207,,,none,30.0,55,3,monophasic
Modulated_autosave_20260717_151033_569ms,Biceps (L),L_BB,8,233.51866560756207,241.51866560756207,265.87847498013184,,,none,30.0,55,3,monophasic
Modulated_autosave_20260717_151033_569ms,Biceps (L),L_BB,9,266.87847498013184,274.87847498013184,299.2382843527016,,,none,30.0,55,3,monophasic
Modulated_autosave_20260717_151033_569ms,Biceps (L),L_BB,10,300.2382843527016,308.2382843527016,332.5980937252714,,,none,30.0,55,3,monophasic
Modulated_autosave_20260717_151033_569ms,Biceps (L),L_BB,1,0.7942811758425705,8.79428117584257,32.35980937256977,,,none,30.0,60,3,monophasic
Modulated_autosave_20260717_151033_569ms,Biceps (L),L_BB,2,33.35980937256977,41.35980937256977,65.71961874516796,,,none,30.0,60,3,monophasic
Modulated_autosave_20260717_151033_569ms,Biceps (L),L_BB,3,66.71961874516796,74.71961874516796,99.07942811773773,,,none,30.0,60,3,monophasic
Modulated_autosave_20260717_151033_569ms,Biceps (L),L_BB,4,100.07942811773773,108.07942811773773,132.4392374903075,,,none,30.0,60,3,monophasic
Modulated_autosave_20260717_151033_569ms,Biceps (L),L_BB,5,133.4392374903075,141.4392374903075,165.79904686287728,,,none,30.0,60,3,monophasic
Modulated_autosave_20260717_151033_569ms,Biceps (L),L_BB,6,166.79904686287728,174.79904686287728,199.15885623544705,,,none,30.0,60,3,monophasic
Modulated_autosave_20260717_151033_569ms,Biceps (L),L_BB,7,200.15885623544705,208.15885623544705,232.51866560756207,,,none,30.0,60,3,monophasic
Modulated_autosave_20260717_151033_569ms,Biceps (L),L_BB,8,233.51866560756207,241.51866560756207,265.87847498013184,,,none,30.0,60,3,monophasic
Modulated_autosave_20260717_151033_569ms,Biceps (L),L_BB,9,266.87847498013184,274.87847498013184,299.2382843527016,,,none,30.0,60,3,monophasic
Modulated_autosave_20260717_151033_569ms,Biceps (L),L_BB,10,300.2382843527016,308.2382843527016,332.5980937252714,,,none,30.0,60,3,monophasic
Modulated_autosave_20260717_151033_569ms,Biceps (L),L_BB,1,0.7942811758425705,8.79428117584257,32.35980937256977,,,none,30.0,65,3,monophasic
Modulated_autosave_20260717_151033_569ms,Biceps (L),L_BB,2,33.35980937256977,41.35980937256977,65.71961874516796,,,none,30.0,65,3,monophasic
Modulated_autosave_20260717_151033_569ms,Biceps (L),L_BB,3,66.71961874516796,74.71961874516796,99.07942811773773,,,none,30.0,65,3,monophasic
Modulated_autosave_20260717_151033_569ms,Biceps (L),L_BB,4,100.07942811773773,108.07942811773773,132.4392374903075,,,none,30.0,65,3,monophasic
Modulated_autosave_20260717_151033_569ms,Biceps (L),L_BB,5,133.4392374903075,141.4392374903075,165.79904686287728,,,none,30.0,65,3,monophasic
Modulated_autosave_20260717_151033_569ms,Biceps (L),L_BB,6,166.79904686287728,174.79904686287728,199.15885623544705,,,none,30.0,65,3,monophasic
Modulated_autosave_20260717_151033_569ms,Biceps (L),L_BB,7,200.15885623544705,208.15885623544705,232.51866560756207,,,none,30.0,65,3,monophasic
Modulated_autosave_20260717_151033_569ms,Biceps (L),L_BB,8,233.51866560756207,241.51866560756207,265.87847498013184,,,none,30.0,65,3,monophasic
Modulated_autosave_20260717_151033_569ms,Biceps (L),L_BB,9,266.87847498013184,274.87847498013184,299.2382843527016,,,none,30.0,65,3,monophasic
Modulated_autosave_20260717_151033_569ms,Biceps (L),L_BB,10,300.2382843527016,308.2382843527016,332.5980937252714,,,none,30.0,65,3,monophasic
Modulated_autosave_20260717_151033_569ms,Biceps (L),L_BB,1,0.7942811758425705,8.79428117584257,32.35980937256977,,,none,30.0,70,3,monophasic
Modulated_autosave_20260717_151033_569ms,Biceps (L),L_BB,2,33.35980937256977,41.35980937256977,65.71961874516796,,,none,30.0,70,3,monophasic
Modulated_autosave_20260717_151033_569ms,Biceps (L),L_BB,3,66.71961874516796,74.71961874516796,99.07942811773773,,,none,30.0,70,3,monophasic
Modulated_autosave_20260717_151033_569ms,Biceps (L),L_BB,4,100.07942811773773,108.07942811773773,132.4392374903075,,,none,30.0,70,3,monophasic
Modulated_autosave_20260717_151033_569ms,Biceps (L),L_BB,5,133.4392374903075,141.4392374903075,165.79904686287728,,,none,30.0,70,3,monophasic
Modulated_autosave_20260717_151033_569ms,Biceps (L),L_BB,6,166.79904686287728,174.79904686287728,199.15885623544705,,,none,30.0,70,3,monophasic
Modulated_autosave_20260717_151033_569ms,Biceps (L),L_BB,7,200.15885623544705,208.15885623544705,232.51866560756207,,,none,30.0,70,3,monophasic
Modulated_autosave_20260717_151033_569ms,Biceps (L),L_BB,8,233.51866560756207,241.51866560756207,265.87847498013184,,,none,30.0,70,3,monophasic
Modulated_autosave_20260717_151033_569ms,Biceps (L),L_BB,9,266.87847498013184,274.87847498013184,299.2382843527016,,,none,30.0,70,3,monophasic
Modulated_autosave_20260717_151033_569ms,Biceps (L),L_BB,10,300.2382843527016,308.2382843527016,332.5980937252714,,,none,30.0,70,3,monophasic
Modulated_autosave_20260717_151033_569ms,Biceps (L),L_BB,1,0.7942811758425705,8.79428117584257,32.35980937256977,,,none,30.0,75,3,monophasic
Modulated_autosave_20260717_151033_569ms,Biceps (L),L_BB,2,33.35980937256977,41.35980937256977,65.71961874516796,,,none,30.0,75,3,monophasic
Modulated_autosave_20260717_151033_569ms,Biceps (L),L_BB,3,66.71961874516796,74.71961874516796,99.07942811773773,,,none,30.0,75,3,monophasic
Modulated_autosave_20260717_151033_569ms,Biceps (L),L_BB,4,100.07942811773773,108.07942811773773,132.4392374903075,,,none,30.0,75,3,monophasic
Modulated_autosave_20260717_151033_569ms,Biceps (L),L_BB,5,133.4392374903075,141.4392374903075,165.79904686287728,,,none,30.0,75,3,monophasic
Modulated_autosave_20260717_151033_569ms,Biceps (L),L_BB,6,166.79904686287728,174.79904686287728,199.15885623544705,,,none,30.0,75,3,monophasic
Modulated_autosave_20260717_151033_569ms,Biceps (L),L_BB,7,200.15885623544705,208.15885623544705,232.51866560756207,,,none,30.0,75,3,monophasic
Modulated_autosave_20260717_151033_569ms,Biceps (L),L_BB,8,233.51866560756207,241.51866560756207,265.87847498013184,,,none,30.0,75,3,monophasic
Modulated_autosave_20260717_151033_569ms,Biceps (L),L_BB,9,266.87847498013184,274.87847498013184,299.2382843527016,,,none,30.0,75,3,monophasic
Modulated_autosave_20260717_151033_569ms,Biceps (L),L_BB,10,300.2382843527016,308.2382843527016,332.5980937252714,,,none,30.0,75,3,monophasic
Modulated_autosave_20260717_151033_569ms,Biceps (L),L_BB,1,0.7942811758425705,8.79428117584257,32.35980937256977,,,none,30.0,80,3,monophasic
Modulated_autosave_20260717_151033_569ms,Biceps (L),L_BB,2,33.35980937256977,41.35980937256977,65.71961874516796,,,none,30.0,80,3,monophasic
Modulated_autosave_20260717_151033_569ms,Biceps (L),L_BB,3,66.71961874516796,74.71961874516796,99.07942811773773,,,none,30.0,80,3,monophasic
Modulated_autosave_20260717_151033_569ms,Biceps (L),L_BB,4,100.07942811773773,108.07942811773773,132.4392374903075,,,none,30.0,80,3,monophasic
Modulated_autosave_20260717_151033_569ms,Biceps (L),L_BB,5,133.4392374903075,141.4392374903075,165.79904686287728,,,none,30.0,80,3,monophasic
Modulated_autosave_20260717_151033_569ms,Biceps (L),L_BB,6,166.79904686287728,174.79904686287728,199.15885623544705,,,none,30.0,80,3,monophasic
Modulated_autosave_20260717_151033_569ms,Biceps (L),L_BB,7,200.15885623544705,208.15885623544705,232.51866560756207,,,none,30.0,80,3,monophasic
Modulated_autosave_20260717_151033_569ms,Biceps (L),L_BB,8,233.51866560756207,241.51866560756207,265.87847498013184,,,none,30.0,80,3,monophasic
Modulated_autosave_20260717_151033_569ms,Biceps (L),L_BB,9,266.87847498013184,274.87847498013184,299.2382843527016,,,none,30.0,80,3,monophasic
Modulated_autosave_20260717_151033_569ms,Biceps (L),L_BB,10,300.2382843527016,308.2382843527016,332.5980937252714,,,none,30.0,80,3,monophasic
Modulated_autosave_20260717_151033_569ms,Biceps (L),L_BB,1,0.7942811758425705,8.79428117584257,32.35980937256977,,,none,30.0,85,3,monophasic
Modulated_autosave_20260717_151033_569ms,Biceps (L),L_BB,2,33.35980937256977,41.35980937256977,65.71961874516796,,,none,30.0,85,3,monophasic
Modulated_autosave_20260717_151033_569ms,Biceps (L),L_BB,3,66.71961874516796,74.71961874516796,99.07942811773773,,,none,30.0,85,3,monophasic
Modulated_autosave_20260717_151033_569ms,Biceps (L),L_BB,4,100.07942811773773,108.07942811773773,132.4392374903075,,,none,30.0,85,3,monophasic
Modulated_autosave_20260717_151033_569ms,Biceps (L),L_BB,5,133.4392374903075,141.4392374903075,165.79904686287728,,,none,30.0,85,3,monophasic
Modulated_autosave_20260717_151033_569ms,Biceps (L),L_BB,6,166.79904686287728,174.79904686287728,199.15885623544705,,,none,30.0,85,3,monophasic
Modulated_autosave_20260717_151033_569ms,Biceps (L),L_BB,7,200.15885623544705,208.15885623544705,232.51866560756207,,,none,30.0,85,3,monophasic
Modulated_autosave_20260717_151033_569ms,Biceps (L),L_BB,8,233.51866560756207,241.51866560756207,265.87847498013184,,,none,30.0,85,3,monophasic
Modulated_autosave_20260717_151033_569ms,Biceps (L),L_BB,9,266.87847498013184,274.87847498013184,299.2382843527016,,,none,30.0,85,3,monophasic
Modulated_autosave_20260717_151033_569ms,Biceps (L),L_BB,10,300.2382843527016,308.2382843527016,332.5980937252714,,,none,30.0,85,3,monophasic
Modulated_autosave_20260717_151033_569ms,Biceps (L),L_BB,1,0.7942811758425705,8.79428117584257,32.35980937256977,,,none,30.0,90,3,monophasic
Modulated_autosave_20260717_151033_569ms,Biceps (L),L_BB,2,33.35980937256977,41.35980937256977,65.71961874516796,,,none,30.0,90,3,monophasic
Modulated_autosave_20260717_151033_569ms,Biceps (L),L_BB,3,66.71961874516796,74.71961874516796,99.07942811773773,,,none,30.0,90,3,monophasic
Modulated_autosave_20260717_151033_569ms,Biceps (L),L_BB,4,100.07942811773773,108.07942811773773,132.4392374903075,,,none,30.0,90,3,monophasic
Modulated_autosave_20260717_151033_569ms,Biceps (L),L_BB,5,133.4392374903075,141.4392374903075,165.79904686287728,,,none,30.0,90,3,monophasic
Modulated_autosave_20260717_151033_569ms,Biceps (L),L_BB,6,166.79904686287728,174.79904686287728,199.15885623544705,,,none,30.0,90,3,monophasic
Modulated_autosave_20260717_151033_569ms,Biceps (L),L_BB,7,200.15885623544705,208.15885623544705,232.51866560756207,,,none,30.0,90,3,monophasic
Modulated_autosave_20260717_151033_569ms,Biceps (L),L_BB,8,233.51866560756207,241.51866560756207,265.87847498013184,,,none,30.0,90,3,monophasic
Modulated_autosave_20260717_151033_569ms,Biceps (L),L_BB,9,266.87847498013184,274.87847498013184,299.2382843527016,,,none,30.0,90,3,monophasic
Modulated_autosave_20260717_151033_569ms,Biceps (L),L_BB,10,300.2382843527016,308.2382843527016,332.5980937252714,,,none,30.0,90,3,monophasic
Modulated_autosave_20260717_151033_569ms,Biceps (L),L_BB,1,0.7942811758425705,8.79428117584257,32.35980937256977,,,none,30.0,95,3,monophasic
Modulated_autosave_20260717_151033_569ms,Biceps (L),L_BB,2,33.35980937256977,41.35980937256977,65.71961874516796,,,none,30.0,95,3,monophasic
Modulated_autosave_20260717_151033_569ms,Biceps (L),L_BB,3,66.71961874516796,74.71961874516796,99.07942811773773,,,none,30.0,95,3,monophasic
Modulated_autosave_20260717_151033_569ms,Biceps (L),L_BB,4,100.07942811773773,108.07942811773773,132.4392374903075,,,none,30.0,95,3,monophasic
Modulated_autosave_20260717_151033_569ms,Biceps (L),L_BB,5,133.4392374903075,141.4392374903075,165.79904686287728,,,none,30.0,95,3,monophasic
Modulated_autosave_20260717_151033_569ms,Biceps (L),L_BB,6,166.79904686287728,174.79904686287728,199.15885623544705,,,none,30.0,95,3,monophasic
Modulated_autosave_20260717_151033_569ms,Biceps (L),L_BB,7,200.15885623544705,208.15885623544705,232.51866560756207,,,none,30.0,95,3,monophasic
Modulated_autosave_20260717_151033_569ms,Biceps (L),L_BB,8,233.51866560756207,241.51866560756207,265.87847498013184,,,none,30.0,95,3,monophasic
Modulated_autosave_20260717_151033_569ms,Biceps (L),L_BB,9,266.87847498013184,274.87847498013184,299.2382843527016,,,none,30.0,95,3,monophasic
Modulated_autosave_20260717_151033_569ms,Biceps (L),L_BB,10,300.2382843527016,308.2382843527016,332.5980937252714,,,none,30.0,95,3,monophasic
Modulated_autosave_20260717_151033_569ms,Biceps (L),L_BB,1,0.7942811758425705,8.79428117584257,32.35980937256977,,,none,30.0,100,3,monophasic
Modulated_autosave_20260717_151033_569ms,Biceps (L),L_BB,2,33.35980937256977,41.35980937256977,65.71961874516796,,,none,30.0,100,3,monophasic
Modulated_autosave_20260717_151033_569ms,Biceps (L),L_BB,3,66.71961874516796,74.71961874516796,99.07942811773773,,,none,30.0,100,3,monophasic
Modulated_autosave_20260717_151033_569ms,Biceps (L),L_BB,4,100.07942811773773,108.07942811773773,132.4392374903075,,,none,30.0,100,3,monophasic
Modulated_autosave_20260717_151033_569ms,Biceps (L),L_BB,5,133.4392374903075,141.4392374903075,165.79904686287728,,,none,30.0,100,3,monophasic
Modulated_autosave_20260717_151033_569ms,Biceps (L),L_BB,6,166.79904686287728,174.79904686287728,199.15885623544705,,,none,30.0,100,3,monophasic
Modulated_autosave_20260717_151033_569ms,Biceps (L),L_BB,7,200.15885623544705,208.15885623544705,232.51866560756207,,,none,30.0,100,3,monophasic
Modulated_autosave_20260717_151033_569ms,Biceps (L),L_BB,8,233.51866560756207,241.51866560756207,265.87847498013184,,,none,30.0,100,3,monophasic
Modulated_autosave_20260717_151033_569ms,Biceps (L),L_BB,9,266.87847498013184,274.87847498013184,299.2382843527016,,,none,30.0,100,3,monophasic
Modulated_autosave_20260717_151033_569ms,Biceps (L),L_BB,10,300.2382843527016,308.2382843527016,332.5980937252714,,,none,30.0,100,3,monophasic
Modulated_autosave_20260717_151033_569ms,Biceps (L),L_BB,1,0.7942811758425705,8.79428117584257,32.35980937256977,,,none,30.0,105,3,monophasic
Modulated_autosave_20260717_151033_569ms,Biceps (L),L_BB,2,33.35980937256977,41.35980937256977,65.71961874516796,,,none,30.0,105,3,monophasic
Modulated_autosave_20260717_151033_569ms,Biceps (L),L_BB,3,66.71961874516796,74.71961874516796,99.07942811773773,,,none,30.0,105,3,monophasic
Modulated_autosave_20260717_151033_569ms,Biceps (L),L_BB,4,100.07942811773773,108.07942811773773,132.4392374903075,,,none,30.0,105,3,monophasic
Modulated_autosave_20260717_151033_569ms,Biceps (L),L_BB,5,133.4392374903075,141.4392374903075,165.79904686287728,,,none,30.0,105,3,monophasic
Modulated_autosave_20260717_151033_569ms,Biceps (L),L_BB,6,166.79904686287728,174.79904686287728,199.15885623544705,,,none,30.0,105,3,monophasic
Modulated_autosave_20260717_151033_569ms,Biceps (L),L_BB,7,200.15885623544705,208.15885623544705,232.51866560756207,,,none,30.0,105,3,monophasic
Modulated_autosave_20260717_151033_569ms,Biceps (L),L_BB,8,233.51866560756207,241.51866560756207,265.87847498013184,,,none,30.0,105,3,monophasic
Modulated_autosave_20260717_151033_569ms,Biceps (L),L_BB,9,266.87847498013184,274.87847498013184,299.2382843527016,,,none,30.0,105,3,monophasic
Modulated_autosave_20260717_151033_569ms,Biceps (L),L_BB,10,300.2382843527016,308.2382843527016,332.5980937252714,,,none,30.0,105,3,monophasic
Modulated_autosave_20260717_151033_569ms,Biceps (L),L_BB,1,0.7942811758425705,8.79428117584257,32.35980937256977,,,none,30.0,110,3,monophasic
Modulated_autosave_20260717_151033_569ms,Biceps (L),L_BB,2,33.35980937256977,41.35980937256977,65.71961874516796,,,none,30.0,110,3,monophasic
Modulated_autosave_20260717_151033_569ms,Biceps (L),L_BB,3,66.71961874516796,74.71961874516796,99.07942811773773,,,none,30.0,110,3,monophasic
Modulated_autosave_20260717_151033_569ms,Biceps (L),L_BB,4,100.07942811773773,108.07942811773773,132.4392374903075,,,none,30.0,110,3,monophasic
Modulated_autosave_20260717_151033_569ms,Biceps (L),L_BB,5,133.4392374903075,141.4392374903075,165.79904686287728,,,none,30.0,110,3,monophasic
Modulated_autosave_20260717_151033_569ms,Biceps (L),L_BB,6,166.79904686287728,174.79904686287728,199.15885623544705,,,none,30.0,110,3,monophasic
Modulated_autosave_20260717_151033_569ms,Biceps (L),L_BB,7,200.15885623544705,208.15885623544705,232.51866560756207,,,none,30.0,110,3,monophasic
Modulated_autosave_20260717_151033_569ms,Biceps (L),L_BB,8,233.51866560756207,241.51866560756207,265.87847498013184,,,none,30.0,110,3,monophasic
Modulated_autosave_20260717_151033_569ms,Biceps (L),L_BB,9,266.87847498013184,274.87847498013184,299.2382843527016,,,none,30.0,110,3,monophasic
Modulated_autosave_20260717_151033_569ms,Biceps (L),L_BB,10,300.2382843527016,308.2382843527016,332.5980937252714,,,none,30.0,110,3,monophasic
Modulated_autosave_20260717_151033_569ms,Biceps (L),L_BB,1,0.7942811758425705,8.79428117584257,32.35980937256977,,,none,30.0,115,3,monophasic
Modulated_autosave_20260717_151033_569ms,Biceps (L),L_BB,2,33.35980937256977,41.35980937256977,65.71961874516796,,,none,30.0,115,3,monophasic
Modulated_autosave_20260717_151033_569ms,Biceps (L),L_BB,3,66.71961874516796,74.71961874516796,99.07942811773773,,,none,30.0,115,3,monophasic
Modulated_autosave_20260717_151033_569ms,Biceps (L),L_BB,4,100.07942811773773,108.07942811773773,132.4392374903075,,,none,30.0,115,3,monophasic
Modulated_autosave_20260717_151033_569ms,Biceps (L),L_BB,5,133.4392374903075,141.4392374903075,165.79904686287728,,,none,30.0,115,3,monophasic
Modulated_autosave_20260717_151033_569ms,Biceps (L),L_BB,6,166.79904686287728,174.79904686287728,199.15885623544705,,,none,30.0,115,3,monophasic
Modulated_autosave_20260717_151033_569ms,Biceps (L),L_BB,7,200.15885623544705,208.15885623544705,232.51866560756207,,,none,30.0,115,3,monophasic
Modulated_autosave_20260717_151033_569ms,Biceps (L),L_BB,8,233.51866560756207,241.51866560756207,265.87847498013184,,,none,30.0,115,3,monophasic
Modulated_autosave_20260717_151033_569ms,Biceps (L),L_BB,9,266.87847498013184,274.87847498013184,299.2382843527016,,,none,30.0,115,3,monophasic
Modulated_autosave_20260717_151033_569ms,Biceps (L),L_BB,10,300.2382843527016,308.2382843527016,332.5980937252714,,,none,30.0,115,3,monophasic
Modulated_autosave_20260717_151033_569ms,Biceps (L),L_BB,1,0.7942811758425705,8.79428117584257,32.35980937256977,,,none,30.0,120,3,monophasic
Modulated_autosave_20260717_151033_569ms,Biceps (L),L_BB,2,33.35980937256977,41.35980937256977,65.71961874516796,,,none,30.0,120,3,monophasic
Modulated_autosave_20260717_151033_569ms,Biceps (L),L_BB,3,66.71961874516796,74.71961874516796,99.07942811773773,,,none,30.0,120,3,monophasic
Modulated_autosave_20260717_151033_569ms,Biceps (L),L_BB,4,100.07942811773773,108.07942811773773,132.4392374903075,,,none,30.0,120,3,monophasic
Modulated_autosave_20260717_151033_569ms,Biceps (L),L_BB,5,133.4392374903075,141.4392374903075,165.79904686287728,,,none,30.0,120,3,monophasic
Modulated_autosave_20260717_151033_569ms,Biceps (L),L_BB,6,166.79904686287728,174.79904686287728,199.15885623544705,,,none,30.0,120,3,monophasic
Modulated_autosave_20260717_151033_569ms,Biceps (L),L_BB,7,200.15885623544705,208.15885623544705,232.51866560756207,,,none,30.0,120,3,monophasic
Modulated_autosave_20260717_151033_569ms,Biceps (L),L_BB,8,233.51866560756207,241.51866560756207,265.87847498013184,,,none,30.0,120,3,monophasic
Modulated_autosave_20260717_151033_569ms,Biceps (L),L_BB,9,266.87847498013184,274.87847498013184,299.2382843527016,,,none,30.0,120,3,monophasic
Modulated_autosave_20260717_151033_569ms,Biceps (L),L_BB,10,300.2382843527016,308.2382843527016,332.5980937252714,,,none,30.0,120,3,monophasic
Modulated_autosave_20260717_151033_569ms,Biceps (L),L_BB,1,0.7942811758425705,8.79428117584257,32.35980937256977,,,none,30.0,125,3,monophasic
Modulated_autosave_20260717_151033_569ms,Biceps (L),L_BB,2,33.35980937256977,41.35980937256977,65.71961874516796,,,none,30.0,125,3,monophasic
Modulated_autosave_20260717_151033_569ms,Biceps (L),L_BB,3,66.71961874516796,74.71961874516796,99.07942811773773,,,none,30.0,125,3,monophasic
Modulated_autosave_20260717_151033_569ms,Biceps (L),L_BB,4,100.07942811773773,108.07942811773773,132.4392374903075,,,none,30.0,125,3,monophasic
Modulated_autosave_20260717_151033_569ms,Biceps (L),L_BB,5,133.4392374903075,141.4392374903075,165.79904686287728,,,none,30.0,125,3,monophasic
Modulated_autosave_20260717_151033_569ms,Biceps (L),L_BB,6,166.79904686287728,174.79904686287728,199.15885623544705,,,none,30.0,125,3,monophasic
Modulated_autosave_20260717_151033_569ms,Biceps (L),L_BB,7,200.15885623544705,208.15885623544705,232.51866560756207,,,none,30.0,125,3,monophasic
Modulated_autosave_20260717_151033_569ms,Biceps (L),L_BB,8,233.51866560756207,241.51866560756207,265.87847498013184,,,none,30.0,125,3,monophasic
Modulated_autosave_20260717_151033_569ms,Biceps (L),L_BB,9,266.87847498013184,274.87847498013184,299.2382843527016,,,none,30.0,125,3,monophasic
Modulated_autosave_20260717_151033_569ms,Biceps (L),L_BB,10,300.2382843527016,308.2382843527016,332.5980937252714,,,none,30.0,125,3,monophasic
Modulated_autosave_20260717_151033_569ms,Biceps (L),L_BB,1,0.7942811758425705,8.79428117584257,32.35980937256977,,,none,30.0,130,3,monophasic
Modulated_autosave_20260717_151033_569ms,Biceps (L),L_BB,2,33.35980937256977,41.35980937256977,65.71961874516796,,,none,30.0,130,3,monophasic
Modulated_autosave_20260717_151033_569ms,Biceps (L),L_BB,3,66.71961874516796,74.71961874516796,99.07942811773773,,,none,30.0,130,3,monophasic
Modulated_autosave_20260717_151033_569ms,Biceps (L),L_BB,4,100.07942811773773,108.07942811773773,132.4392374903075,,,none,30.0,130,3,monophasic
Modulated_autosave_20260717_151033_569ms,Biceps (L),L_BB,5,133.4392374903075,141.4392374903075,165.79904686287728,,,none,30.0,130,3,monophasic
Modulated_autosave_20260717_151033_569ms,Biceps (L),L_BB,6,166.79904686287728,174.79904686287728,199.15885623544705,,,none,30.0,130,3,monophasic
Modulated_autosave_20260717_151033_569ms,Biceps (L),L_BB,7,200.15885623544705,208.15885623544705,232.51866560756207,,,none,30.0,130,3,monophasic
Modulated_autosave_20260717_151033_569ms,Biceps (L),L_BB,8,233.51866560756207,241.51866560756207,265.87847498013184,,,none,30.0,130,3,monophasic
Modulated_autosave_20260717_151033_569ms,Biceps (L),L_BB,9,266.87847498013184,274.87847498013184,299.2382843527016,,,none,30.0,130,3,monophasic
Modulated_autosave_20260717_151033_569ms,Biceps (L),L_BB,10,300.2382843527016,308.2382843527016,332.5980937252714,,,none,30.0,130,3,monophasic
Modulated_autosave_20260717_151033_569ms,Biceps (L),L_BB,1,0.7942811758425705,8.79428117584257,32.35980937256977,,,none,30.0,135,3,monophasic
Modulated_autosave_20260717_151033_569ms,Biceps (L),L_BB,2,33.35980937256977,41.35980937256977,65.71961874516796,,,none,30.0,135,3,monophasic
Modulated_autosave_20260717_151033_569ms,Biceps (L),L_BB,3,66.71961874516796,74.71961874516796,99.07942811773773,,,none,30.0,135,3,monophasic
Modulated_autosave_20260717_151033_569ms,Biceps (L),L_BB,4,100.07942811773773,108.07942811773773,132.4392374903075,,,none,30.0,135,3,monophasic
Modulated_autosave_20260717_151033_569ms,Biceps (L),L_BB,5,133.4392374903075,141.4392374903075,165.79904686287728,,,none,30.0,135,3,monophasic
Modulated_autosave_20260717_151033_569ms,Biceps (L),L_BB,6,166.79904686287728,174.79904686287728,199.15885623544705,,,none,30.0,135,3,monophasic
Modulated_autosave_20260717_151033_569ms,Biceps (L),L_BB,7,200.15885623544705,208.15885623544705,232.51866560756207,,,none,30.0,135,3,monophasic
Modulated_autosave_20260717_151033_569ms,Biceps (L),L_BB,8,233.51866560756207,241.51866560756207,265.87847498013184,,,none,30.0,135,3,monophasic
Modulated_autosave_20260717_151033_569ms,Biceps (L),L_BB,9,266.87847498013184,274.87847498013184,299.2382843527016,,,none,30.0,135,3,monophasic
Modulated_autosave_20260717_151033_569ms,Biceps (L),L_BB,10,300.2382843527016,308.2382843527016,332.5980937252714,,,none,30.0,135,3,monophasic
Modulated_autosave_20260717_151033_569ms,Biceps (L),L_BB,1,0.7942811758425705,8.79428117584257,32.35980937256977,,,none,30.0,140,3,monophasic
Modulated_autosave_20260717_151033_569ms,Biceps (L),L_BB,2,33.35980937256977,41.35980937256977,65.71961874516796,,,none,30.0,140,3,monophasic
Modulated_autosave_20260717_151033_569ms,Biceps (L),L_BB,3,66.71961874516796,74.71961874516796,99.07942811773773,,,none,30.0,140,3,monophasic
Modulated_autosave_20260717_151033_569ms,Biceps (L),L_BB,4,100.07942811773773,108.07942811773773,132.4392374903075,,,none,30.0,140,3,monophasic
Modulated_autosave_20260717_151033_569ms,Biceps (L),L_BB,5,133.4392374903075,141.4392374903075,165.79904686287728,,,none,30.0,140,3,monophasic
Modulated_autosave_20260717_151033_569ms,Biceps (L),L_BB,6,166.79904686287728,174.79904686287728,199.15885623544705,,,none,30.0,140,3,monophasic
Modulated_autosave_20260717_151033_569ms,Biceps (L),L_BB,7,200.15885623544705,208.15885623544705,232.51866560756207,,,none,30.0,140,3,monophasic
Modulated_autosave_20260717_151033_569ms,Biceps (L),L_BB,8,233.51866560756207,241.51866560756207,265.87847498013184,,,none,30.0,140,3,monophasic
Modulated_autosave_20260717_151033_569ms,Biceps (L),L_BB,9,266.87847498013184,274.87847498013184,299.2382843527016,,,none,30.0,140,3,monophasic
Modulated_autosave_20260717_151033_569ms,Biceps (L),L_BB,10,300.2382843527016,308.2382843527016,332.5980937252714,,,none,30.0,140,3,monophasic
Modulated_autosave_20260717_151033_569ms,Triceps long (L),L_TBlg,1,0.7942811758425705,8.79428117584257,32.35980937256977,,,none,30.0,45,3,monophasic
Modulated_autosave_20260717_151033_569ms,Triceps long (L),L_TBlg,2,33.35980937256977,41.35980937256977,65.71961874516796,,,none,30.0,45,3,monophasic
Modulated_autosave_20260717_151033_569ms,Triceps long (L),L_TBlg,3,66.71961874516796,74.71961874516796,99.07942811773773,,,none,30.0,45,3,monophasic
Modulated_autosave_20260717_151033_569ms,Triceps long (L),L_TBlg,4,100.07942811773773,108.07942811773773,132.4392374903075,,,none,30.0,45,3,monophasic
Modulated_autosave_20260717_151033_569ms,Triceps long (L),L_TBlg,5,133.4392374903075,141.4392374903075,165.79904686287728,,,none,30.0,45,3,monophasic
Modulated_autosave_20260717_151033_569ms,Triceps long (L),L_TBlg,6,166.79904686287728,174.79904686287728,199.15885623544705,,,none,30.0,45,3,monophasic
Modulated_autosave_20260717_151033_569ms,Triceps long (L),L_TBlg,7,200.15885623544705,208.15885623544705,232.51866560756207,,,none,30.0,45,3,monophasic
Modulated_autosave_20260717_151033_569ms,Triceps long (L),L_TBlg,8,233.51866560756207,241.51866560756207,265.87847498013184,,,none,30.0,45,3,monophasic
Modulated_autosave_20260717_151033_569ms,Triceps long (L),L_TBlg,9,266.87847498013184,274.87847498013184,299.2382843527016,,,none,30.0,45,3,monophasic
Modulated_autosave_20260717_151033_569ms,Triceps long (L),L_TBlg,10,300.2382843527016,308.2382843527016,332.5980937252714,,,none,30.0,45,3,monophasic
Modulated_autosave_20260717_151033_569ms,Triceps long (L),L_TBlg,1,0.7942811758425705,8.79428117584257,32.35980937256977,,,none,30.0,50,3,monophasic
Modulated_autosave_20260717_151033_569ms,Triceps long (L),L_TBlg,2,33.35980937256977,41.35980937256977,65.71961874516796,,,none,30.0,50,3,monophasic
Modulated_autosave_20260717_151033_569ms,Triceps long (L),L_TBlg,3,66.71961874516796,74.71961874516796,99.07942811773773,,,none,30.0,50,3,monophasic
Modulated_autosave_20260717_151033_569ms,Triceps long (L),L_TBlg,4,100.07942811773773,108.07942811773773,132.4392374903075,,,none,30.0,50,3,monophasic
Modulated_autosave_20260717_151033_569ms,Triceps long (L),L_TBlg,5,133.4392374903075,141.4392374903075,165.79904686287728,,,none,30.0,50,3,monophasic
Modulated_autosave_20260717_151033_569ms,Triceps long (L),L_TBlg,6,166.79904686287728,174.79904686287728,199.15885623544705,,,none,30.0,50,3,monophasic
Modulated_autosave_20260717_151033_569ms,Triceps long (L),L_TBlg,7,200.15885623544705,208.15885623544705,232.51866560756207,,,none,30.0,50,3,monophasic
Modulated_autosave_20260717_151033_569ms,Triceps long (L),L_TBlg,8,233.51866560756207,241.51866560756207,265.87847498013184,,,none,30.0,50,3,monophasic
Modulated_autosave_20260717_151033_569ms,Triceps long (L),L_TBlg,9,266.87847498013184,274.87847498013184,299.2382843527016,,,none,30.0,50,3,monophasic
Modulated_autosave_20260717_151033_569ms,Triceps long (L),L_TBlg,10,300.2382843527016,308.2382843527016,332.5980937252714,,,none,30.0,50,3,monophasic
Modulated_autosave_20260717_151033_569ms,Triceps long (L),L_TBlg,1,0.7942811758425705,8.79428117584257,32.35980937256977,,,none,30.0,55,3,monophasic
Modulated_autosave_20260717_151033_569ms,Triceps long (L),L_TBlg,2,33.35980937256977,41.35980937256977,65.71961874516796,,,none,30.0,55,3,monophasic
Modulated_autosave_20260717_151033_569ms,Triceps long (L),L_TBlg,3,66.71961874516796,74.71961874516796,99.07942811773773,,,none,30.0,55,3,monophasic
Modulated_autosave_20260717_151033_569ms,Triceps long (L),L_TBlg,4,100.07942811773773,108.07942811773773,132.4392374903075,,,none,30.0,55,3,monophasic
Modulated_autosave_20260717_151033_569ms,Triceps long (L),L_TBlg,5,133.4392374903075,141.4392374903075,165.79904686287728,,,none,30.0,55,3,monophasic
Modulated_autosave_20260717_151033_569ms,Triceps long (L),L_TBlg,6,166.79904686287728,174.79904686287728,199.15885623544705,,,none,30.0,55,3,monophasic
Modulated_autosave_20260717_151033_569ms,Triceps long (L),L_TBlg,7,200.15885623544705,208.15885623544705,232.51866560756207,,,none,30.0,55,3,monophasic
Modulated_autosave_20260717_151033_569ms,Triceps long (L),L_TBlg,8,233.51866560756207,241.51866560756207,265.87847498013184,,,none,30.0,55,3,monophasic
Modulated_autosave_20260717_151033_569ms,Triceps long (L),L_TBlg,9,266.87847498013184,274.87847498013184,299.2382843527016,,,none,30.0,55,3,monophasic
Modulated_autosave_20260717_151033_569ms,Triceps long (L),L_TBlg,10,300.2382843527016,308.2382843527016,332.5980937252714,,,none,30.0,55,3,monophasic
Modulated_autosave_20260717_151033_569ms,Triceps long (L),L_TBlg,1,0.7942811758425705,8.79428117584257,32.35980937256977,,,none,30.0,60,3,monophasic
Modulated_autosave_20260717_151033_569ms,Triceps long (L),L_TBlg,2,33.35980937256977,41.35980937256977,65.71961874516796,,,none,30.0,60,3,monophasic
Modulated_autosave_20260717_151033_569ms,Triceps long (L),L_TBlg,3,66.71961874516796,74.71961874516796,99.07942811773773,,,none,30.0,60,3,monophasic
Modulated_autosave_20260717_151033_569ms,Triceps long (L),L_TBlg,4,100.07942811773773,108.07942811773773,132.4392374903075,,,none,30.0,60,3,monophasic
Modulated_autosave_20260717_151033_569ms,Triceps long (L),L_TBlg,5,133.4392374903075,141.4392374903075,165.79904686287728,,,none,30.0,60,3,monophasic
Modulated_autosave_20260717_151033_569ms,Triceps long (L),L_TBlg,6,166.79904686287728,174.79904686287728,199.15885623544705,,,none,30.0,60,3,monophasic
Modulated_autosave_20260717_151033_569ms,Triceps long (L),L_TBlg,7,200.15885623544705,208.15885623544705,232.51866560756207,,,none,30.0,60,3,monophasic
Modulated_autosave_20260717_151033_569ms,Triceps long (L),L_TBlg,8,233.51866560756207,241.51866560756207,265.87847498013184,,,none,30.0,60,3,monophasic
Modulated_autosave_20260717_151033_569ms,Triceps long (L),L_TBlg,9,266.87847498013184,274.87847498013184,299.2382843527016,,,none,30.0,60,3,monophasic
Modulated_autosave_20260717_151033_569ms,Triceps long (L),L_TBlg,10,300.2382843527016,308.2382843527016,332.5980937252714,,,none,30.0,60,3,monophasic
Modulated_autosave_20260717_151033_569ms,Triceps long (L),L_TBlg,1,0.7942811758425705,8.79428117584257,32.35980937256977,,,none,30.0,65,3,monophasic
Modulated_autosave_20260717_151033_569ms,Triceps long (L),L_TBlg,2,33.35980937256977,41.35980937256977,65.71961874516796,,,none,30.0,65,3,monophasic
Modulated_autosave_20260717_151033_569ms,Triceps long (L),L_TBlg,3,66.71961874516796,74.71961874516796,99.07942811773773,,,none,30.0,65,3,monophasic
Modulated_autosave_20260717_151033_569ms,Triceps long (L),L_TBlg,4,100.07942811773773,108.07942811773773,132.4392374903075,,,none,30.0,65,3,monophasic
Modulated_autosave_20260717_151033_569ms,Triceps long (L),L_TBlg,5,133.4392374903075,141.4392374903075,165.79904686287728,,,none,30.0,65,3,monophasic
Modulated_autosave_20260717_151033_569ms,Triceps long (L),L_TBlg,6,166.79904686287728,174.79904686287728,199.15885623544705,,,none,30.0,65,3,monophasic
Modulated_autosave_20260717_151033_569ms,Triceps long (L),L_TBlg,7,200.15885623544705,208.15885623544705,232.51866560756207,,,none,30.0,65,3,monophasic
Modulated_autosave_20260717_151033_569ms,Triceps long (L),L_TBlg,8,233.51866560756207,241.51866560756207,265.87847498013184,,,none,30.0,65,3,monophasic
Modulated_autosave_20260717_151033_569ms,Triceps long (L),L_TBlg,9,266.87847498013184,274.87847498013184,299.2382843527016,,,none,30.0,65,3,monophasic
Modulated_autosave_20260717_151033_569ms,Triceps long (L),L_TBlg,10,300.2382843527016,308.2382843527016,332.5980937252714,,,none,30.0,65,3,monophasic
Modulated_autosave_20260717_151033_569ms,Triceps long (L),L_TBlg,1,0.7942811758425705,8.79428117584257,32.35980937256977,,,none,30.0,70,3,monophasic
Modulated_autosave_20260717_151033_569ms,Triceps long (L),L_TBlg,2,33.35980937256977,41.35980937256977,65.71961874516796,,,none,30.0,70,3,monophasic
Modulated_autosave_20260717_151033_569ms,Triceps long (L),L_TBlg,3,66.71961874516796,74.71961874516796,99.07942811773773,,,none,30.0,70,3,monophasic
Modulated_autosave_20260717_151033_569ms,Triceps long (L),L_TBlg,4,100.07942811773773,108.07942811773773,132.4392374903075,,,none,30.0,70,3,monophasic
Modulated_autosave_20260717_151033_569ms,Triceps long (L),L_TBlg,5,133.4392374903075,141.4392374903075,165.79904686287728,,,none,30.0,70,3,monophasic
Modulated_autosave_20260717_151033_569ms,Triceps long (L),L_TBlg,6,166.79904686287728,174.79904686287728,199.15885623544705,,,none,30.0,70,3,monophasic
Modulated_autosave_20260717_151033_569ms,Triceps long (L),L_TBlg,7,200.15885623544705,208.15885623544705,232.51866560756207,,,none,30.0,70,3,monophasic
Modulated_autosave_20260717_151033_569ms,Triceps long (L),L_TBlg,8,233.51866560756207,241.51866560756207,265.87847498013184,,,none,30.0,70,3,monophasic
Modulated_autosave_20260717_151033_569ms,Triceps long (L),L_TBlg,9,266.87847498013184,274.87847498013184,299.2382843527016,,,none,30.0,70,3,monophasic
Modulated_autosave_20260717_151033_569ms,Triceps long (L),L_TBlg,10,300.2382843527016,308.2382843527016,332.5980937252714,,,none,30.0,70,3,monophasic
Modulated_autosave_20260717_151033_569ms,Triceps long (L),L_TBlg,1,0.7942811758425705,8.79428117584257,32.35980937256977,,,none,30.0,75,3,monophasic
Modulated_autosave_20260717_151033_569ms,Triceps long (L),L_TBlg,2,33.35980937256977,41.35980937256977,65.71961874516796,,,none,30.0,75,3,monophasic
Modulated_autosave_20260717_151033_569ms,Triceps long (L),L_TBlg,3,66.71961874516796,74.71961874516796,99.07942811773773,,,none,30.0,75,3,monophasic
Modulated_autosave_20260717_151033_569ms,Triceps long (L),L_TBlg,4,100.07942811773773,108.07942811773773,132.4392374903075,,,none,30.0,75,3,monophasic
Modulated_autosave_20260717_151033_569ms,Triceps long (L),L_TBlg,5,133.4392374903075,141.4392374903075,165.79904686287728,,,none,30.0,75,3,monophasic
Modulated_autosave_20260717_151033_569ms,Triceps long (L),L_TBlg,6,166.79904686287728,174.79904686287728,199.15885623544705,,,none,30.0,75,3,monophasic
Modulated_autosave_20260717_151033_569ms,Triceps long (L),L_TBlg,7,200.15885623544705,208.15885623544705,232.51866560756207,,,none,30.0,75,3,monophasic
Modulated_autosave_20260717_151033_569ms,Triceps long (L),L_TBlg,8,233.51866560756207,241.51866560756207,265.87847498013184,,,none,30.0,75,3,monophasic
Modulated_autosave_20260717_151033_569ms,Triceps long (L),L_TBlg,9,266.87847498013184,274.87847498013184,299.2382843527016,,,none,30.0,75,3,monophasic
Modulated_autosave_20260717_151033_569ms,Triceps long (L),L_TBlg,10,300.2382843527016,308.2382843527016,332.5980937252714,,,none,30.0,75,3,monophasic
Modulated_autosave_20260717_151033_569ms,Triceps long (L),L_TBlg,1,0.7942811758425705,8.79428117584257,32.35980937256977,,,none,30.0,80,3,monophasic
Modulated_autosave_20260717_151033_569ms,Triceps long (L),L_TBlg,2,33.35980937256977,41.35980937256977,65.71961874516796,,,none,30.0,80,3,monophasic
Modulated_autosave_20260717_151033_569ms,Triceps long (L),L_TBlg,3,66.71961874516796,74.71961874516796,99.07942811773773,,,none,30.0,80,3,monophasic
Modulated_autosave_20260717_151033_569ms,Triceps long (L),L_TBlg,4,100.07942811773773,108.07942811773773,132.4392374903075,,,none,30.0,80,3,monophasic
Modulated_autosave_20260717_151033_569ms,Triceps long (L),L_TBlg,5,133.4392374903075,141.4392374903075,165.79904686287728,,,none,30.0,80,3,monophasic
Modulated_autosave_20260717_151033_569ms,Triceps long (L),L_TBlg,6,166.79904686287728,174.79904686287728,199.15885623544705,,,none,30.0,80,3,monophasic
Modulated_autosave_20260717_151033_569ms,Triceps long (L),L_TBlg,7,200.15885623544705,208.15885623544705,232.51866560756207,,,none,30.0,80,3,monophasic
Modulated_autosave_20260717_151033_569ms,Triceps long (L),L_TBlg,8,233.51866560756207,241.51866560756207,265.87847498013184,,,none,30.0,80,3,monophasic
Modulated_autosave_20260717_151033_569ms,Triceps long (L),L_TBlg,9,266.87847498013184,274.87847498013184,299.2382843527016,,,none,30.0,80,3,monophasic
Modulated_autosave_20260717_151033_569ms,Triceps long (L),L_TBlg,10,300.2382843527016,308.2382843527016,332.5980937252714,,,none,30.0,80,3,monophasic
Modulated_autosave_20260717_151033_569ms,Triceps long (L),L_TBlg,1,0.7942811758425705,8.79428117584257,32.35980937256977,,,none,30.0,85,3,monophasic
Modulated_autosave_20260717_151033_569ms,Triceps long (L),L_TBlg,2,33.35980937256977,41.35980937256977,65.71961874516796,,,none,30.0,85,3,monophasic
Modulated_autosave_20260717_151033_569ms,Triceps long (L),L_TBlg,3,66.71961874516796,74.71961874516796,99.07942811773773,,,none,30.0,85,3,monophasic
Modulated_autosave_20260717_151033_569ms,Triceps long (L),L_TBlg,4,100.07942811773773,108.07942811773773,132.4392374903075,,,none,30.0,85,3,monophasic
Modulated_autosave_20260717_151033_569ms,Triceps long (L),L_TBlg,5,133.4392374903075,141.4392374903075,165.79904686287728,,,none,30.0,85,3,monophasic
Modulated_autosave_20260717_151033_569ms,Triceps long (L),L_TBlg,6,166.79904686287728,174.79904686287728,199.15885623544705,,,none,30.0,85,3,monophasic
Modulated_autosave_20260717_151033_569ms,Triceps long (L),L_TBlg,7,200.15885623544705,208.15885623544705,232.51866560756207,,,none,30.0,85,3,monophasic
Modulated_autosave_20260717_151033_569ms,Triceps long (L),L_TBlg,8,233.51866560756207,241.51866560756207,265.87847498013184,,,none,30.0,85,3,monophasic
Modulated_autosave_20260717_151033_569ms,Triceps long (L),L_TBlg,9,266.87847498013184,274.87847498013184,299.2382843527016,,,none,30.0,85,3,monophasic
Modulated_autosave_20260717_151033_569ms,Triceps long (L),L_TBlg,10,300.2382843527016,308.2382843527016,332.5980937252714,,,none,30.0,85,3,monophasic
Modulated_autosave_20260717_151033_569ms,Triceps long (L),L_TBlg,1,0.7942811758425705,8.79428117584257,32.35980937256977,,,none,30.0,90,3,monophasic
Modulated_autosave_20260717_151033_569ms,Triceps long (L),L_TBlg,2,33.35980937256977,41.35980937256977,65.71961874516796,,,none,30.0,90,3,monophasic
Modulated_autosave_20260717_151033_569ms,Triceps long (L),L_TBlg,3,66.71961874516796,74.71961874516796,99.07942811773773,,,none,30.0,90,3,monophasic
Modulated_autosave_20260717_151033_569ms,Triceps long (L),L_TBlg,4,100.07942811773773,108.07942811773773,132.4392374903075,,,none,30.0,90,3,monophasic
Modulated_autosave_20260717_151033_569ms,Triceps long (L),L_TBlg,5,133.4392374903075,141.4392374903075,165.79904686287728,,,none,30.0,90,3,monophasic
Modulated_autosave_20260717_151033_569ms,Triceps long (L),L_TBlg,6,166.79904686287728,174.79904686287728,199.15885623544705,,,none,30.0,90,3,monophasic
Modulated_autosave_20260717_151033_569ms,Triceps long (L),L_TBlg,7,200.15885623544705,208.15885623544705,232.51866560756207,,,none,30.0,90,3,monophasic
Modulated_autosave_20260717_151033_569ms,Triceps long (L),L_TBlg,8,233.51866560756207,241.51866560756207,265.87847498013184,,,none,30.0,90,3,monophasic
Modulated_autosave_20260717_151033_569ms,Triceps long (L),L_TBlg,9,266.87847498013184,274.87847498013184,299.2382843527016,,,none,30.0,90,3,monophasic
Modulated_autosave_20260717_151033_569ms,Triceps long (L),L_TBlg,10,300.2382843527016,308.2382843527016,332.5980937252714,,,none,30.0,90,3,monophasic
Modulated_autosave_20260717_151033_569ms,Triceps long (L),L_TBlg,1,0.7942811758425705,8.79428117584257,32.35980937256977,,,none,30.0,95,3,monophasic
Modulated_autosave_20260717_151033_569ms,Triceps long (L),L_TBlg,2,33.35980937256977,41.35980937256977,65.71961874516796,,,none,30.0,95,3,monophasic
Modulated_autosave_20260717_151033_569ms,Triceps long (L),L_TBlg,3,66.71961874516796,74.71961874516796,99.07942811773773,,,none,30.0,95,3,monophasic
Modulated_autosave_20260717_151033_569ms,Triceps long (L),L_TBlg,4,100.07942811773773,108.07942811773773,132.4392374903075,,,none,30.0,95,3,monophasic
Modulated_autosave_20260717_151033_569ms,Triceps long (L),L_TBlg,5,133.4392374903075,141.4392374903075,165.79904686287728,,,none,30.0,95,3,monophasic
Modulated_autosave_20260717_151033_569ms,Triceps long (L),L_TBlg,6,166.79904686287728,174.79904686287728,199.15885623544705,,,none,30.0,95,3,monophasic
Modulated_autosave_20260717_151033_569ms,Triceps long (L),L_TBlg,7,200.15885623544705,208.15885623544705,232.51866560756207,,,none,30.0,95,3,monophasic
Modulated_autosave_20260717_151033_569ms,Triceps long (L),L_TBlg,8,233.51866560756207,241.51866560756207,265.87847498013184,,,none,30.0,95,3,monophasic
Modulated_autosave_20260717_151033_569ms,Triceps long (L),L_TBlg,9,266.87847498013184,274.87847498013184,299.2382843527016,,,none,30.0,95,3,monophasic
Modulated_autosave_20260717_151033_569ms,Triceps long (L),L_TBlg,10,300.2382843527016,308.2382843527016,332.5980937252714,,,none,30.0,95,3,monophasic
Modulated_autosave_20260717_151033_569ms,Triceps long (L),L_TBlg,1,0.7942811758425705,8.79428117584257,32.35980937256977,,,none,30.0,100,3,monophasic
Modulated_autosave_20260717_151033_569ms,Triceps long (L),L_TBlg,2,33.35980937256977,41.35980937256977,65.71961874516796,,,none,30.0,100,3,monophasic
Modulated_autosave_20260717_151033_569ms,Triceps long (L),L_TBlg,3,66.71961874516796,74.71961874516796,99.07942811773773,,,none,30.0,100,3,monophasic
Modulated_autosave_20260717_151033_569ms,Triceps long (L),L_TBlg,4,100.07942811773773,108.07942811773773,132.4392374903075,,,none,30.0,100,3,monophasic
Modulated_autosave_20260717_151033_569ms,Triceps long (L),L_TBlg,5,133.4392374903075,141.4392374903075,165.79904686287728,,,none,30.0,100,3,monophasic
Modulated_autosave_20260717_151033_569ms,Triceps long (L),L_TBlg,6,166.79904686287728,174.79904686287728,199.15885623544705,,,none,30.0,100,3,monophasic
Modulated_autosave_20260717_151033_569ms,Triceps long (L),L_TBlg,7,200.15885623544705,208.15885623544705,232.51866560756207,,,none,30.0,100,3,monophasic
Modulated_autosave_20260717_151033_569ms,Triceps long (L),L_TBlg,8,233.51866560756207,241.51866560756207,265.87847498013184,,,none,30.0,100,3,monophasic
Modulated_autosave_20260717_151033_569ms,Triceps long (L),L_TBlg,9,266.87847498013184,274.87847498013184,299.2382843527016,,,none,30.0,100,3,monophasic
Modulated_autosave_20260717_151033_569ms,Triceps long (L),L_TBlg,10,300.2382843527016,308.2382843527016,332.5980937252714,,,none,30.0,100,3,monophasic
Modulated_autosave_20260717_151033_569ms,Triceps long (L),L_TBlg,1,0.7942811758425705,8.79428117584257,32.35980937256977,,,none,30.0,105,3,monophasic
Modulated_autosave_20260717_151033_569ms,Triceps long (L),L_TBlg,2,33.35980937256977,41.35980937256977,65.71961874516796,,,none,30.0,105,3,monophasic
Modulated_autosave_20260717_151033_569ms,Triceps long (L),L_TBlg,3,66.71961874516796,74.71961874516796,99.07942811773773,,,none,30.0,105,3,monophasic
Modulated_autosave_20260717_151033_569ms,Triceps long (L),L_TBlg,4,100.07942811773773,108.07942811773773,132.4392374903075,,,none,30.0,105,3,monophasic
Modulated_autosave_20260717_151033_569ms,Triceps long (L),L_TBlg,5,133.4392374903075,141.4392374903075,165.79904686287728,,,none,30.0,105,3,monophasic
Modulated_autosave_20260717_151033_569ms,Triceps long (L),L_TBlg,6,166.79904686287728,174.79904686287728,199.15885623544705,,,none,30.0,105,3,monophasic
Modulated_autosave_20260717_151033_569ms,Triceps long (L),L_TBlg,7,200.15885623544705,208.15885623544705,232.51866560756207,,,none,30.0,105,3,monophasic
Modulated_autosave_20260717_151033_569ms,Triceps long (L),L_TBlg,8,233.51866560756207,241.51866560756207,265.87847498013184,,,none,30.0,105,3,monophasic
Modulated_autosave_20260717_151033_569ms,Triceps long (L),L_TBlg,9,266.87847498013184,274.87847498013184,299.2382843527016,,,none,30.0,105,3,monophasic
Modulated_autosave_20260717_151033_569ms,Triceps long (L),L_TBlg,10,300.2382843527016,308.2382843527016,332.5980937252714,,,none,30.0,105,3,monophasic
Modulated_autosave_20260717_151033_569ms,Triceps long (L),L_TBlg,1,0.7942811758425705,8.79428117584257,32.35980937256977,,,none,30.0,110,3,monophasic
Modulated_autosave_20260717_151033_569ms,Triceps long (L),L_TBlg,2,33.35980937256977,41.35980937256977,65.71961874516796,,,none,30.0,110,3,monophasic
Modulated_autosave_20260717_151033_569ms,Triceps long (L),L_TBlg,3,66.71961874516796,74.71961874516796,99.07942811773773,,,none,30.0,110,3,monophasic
Modulated_autosave_20260717_151033_569ms,Triceps long (L),L_TBlg,4,100.07942811773773,108.07942811773773,132.4392374903075,,,none,30.0,110,3,monophasic
Modulated_autosave_20260717_151033_569ms,Triceps long (L),L_TBlg,5,133.4392374903075,141.4392374903075,165.79904686287728,,,none,30.0,110,3,monophasic
Modulated_autosave_20260717_151033_569ms,Triceps long (L),L_TBlg,6,166.79904686287728,174.79904686287728,199.15885623544705,,,none,30.0,110,3,monophasic
Modulated_autosave_20260717_151033_569ms,Triceps long (L),L_TBlg,7,200.15885623544705,208.15885623544705,232.51866560756207,,,none,30.0,110,3,monophasic
Modulated_autosave_20260717_151033_569ms,Triceps long (L),L_TBlg,8,233.51866560756207,241.51866560756207,265.87847498013184,,,none,30.0,110,3,monophasic
Modulated_autosave_20260717_151033_569ms,Triceps long (L),L_TBlg,9,266.87847498013184,274.87847498013184,299.2382843527016,,,none,30.0,110,3,monophasic
Modulated_autosave_20260717_151033_569ms,Triceps long (L),L_TBlg,10,300.2382843527016,308.2382843527016,332.5980937252714,,,none,30.0,110,3,monophasic
Modulated_autosave_20260717_151033_569ms,Triceps long (L),L_TBlg,1,0.7942811758425705,8.79428117584257,32.35980937256977,,,none,30.0,115,3,monophasic
Modulated_autosave_20260717_151033_569ms,Triceps long (L),L_TBlg,2,33.35980937256977,41.35980937256977,65.71961874516796,,,none,30.0,115,3,monophasic
Modulated_autosave_20260717_151033_569ms,Triceps long (L),L_TBlg,3,66.71961874516796,74.71961874516796,99.07942811773773,,,none,30.0,115,3,monophasic
Modulated_autosave_20260717_151033_569ms,Triceps long (L),L_TBlg,4,100.07942811773773,108.07942811773773,132.4392374903075,,,none,30.0,115,3,monophasic
Modulated_autosave_20260717_151033_569ms,Triceps long (L),L_TBlg,5,133.4392374903075,141.4392374903075,165.79904686287728,,,none,30.0,115,3,monophasic
Modulated_autosave_20260717_151033_569ms,Triceps long (L),L_TBlg,6,166.79904686287728,174.79904686287728,199.15885623544705,,,none,30.0,115,3,monophasic
Modulated_autosave_20260717_151033_569ms,Triceps long (L),L_TBlg,7,200.15885623544705,208.15885623544705,232.51866560756207,,,none,30.0,115,3,monophasic
Modulated_autosave_20260717_151033_569ms,Triceps long (L),L_TBlg,8,233.51866560756207,241.51866560756207,265.87847498013184,,,none,30.0,115,3,monophasic
Modulated_autosave_20260717_151033_569ms,Triceps long (L),L_TBlg,9,266.87847498013184,274.87847498013184,299.2382843527016,,,none,30.0,115,3,monophasic
Modulated_autosave_20260717_151033_569ms,Triceps long (L),L_TBlg,10,300.2382843527016,308.2382843527016,332.5980937252714,,,none,30.0,115,3,monophasic
Modulated_autosave_20260717_151033_569ms,Triceps long (L),L_TBlg,1,0.7942811758425705,8.79428117584257,32.35980937256977,,,none,30.0,120,3,monophasic
Modulated_autosave_20260717_151033_569ms,Triceps long (L),L_TBlg,2,33.35980937256977,41.35980937256977,65.71961874516796,,,none,30.0,120,3,monophasic
Modulated_autosave_20260717_151033_569ms,Triceps long (L),L_TBlg,3,66.71961874516796,74.71961874516796,99.07942811773773,,,none,30.0,120,3,monophasic
Modulated_autosave_20260717_151033_569ms,Triceps long (L),L_TBlg,4,100.07942811773773,108.07942811773773,132.4392374903075,,,none,30.0,120,3,monophasic
Modulated_autosave_20260717_151033_569ms,Triceps long (L),L_TBlg,5,133.4392374903075,141.4392374903075,165.79904686287728,,,none,30.0,120,3,monophasic
Modulated_autosave_20260717_151033_569ms,Triceps long (L),L_TBlg,6,166.79904686287728,174.79904686287728,199.15885623544705,,,none,30.0,120,3,monophasic
Modulated_autosave_20260717_151033_569ms,Triceps long (L),L_TBlg,7,200.15885623544705,208.15885623544705,232.51866560756207,,,none,30.0,120,3,monophasic
Modulated_autosave_20260717_151033_569ms,Triceps long (L),L_TBlg,8,233.51866560756207,241.51866560756207,265.87847498013184,,,none,30.0,120,3,monophasic
Modulated_autosave_20260717_151033_569ms,Triceps long (L),L_TBlg,9,266.87847498013184,274.87847498013184,299.2382843527016,,,none,30.0,120,3,monophasic
Modulated_autosave_20260717_151033_569ms,Triceps long (L),L_TBlg,10,300.2382843527016,308.2382843527016,332.5980937252714,,,none,30.0,120,3,monophasic
Modulated_autosave_20260717_151033_569ms,Triceps long (L),L_TBlg,1,0.7942811758425705,8.79428117584257,32.35980937256977,,,none,30.0,125,3,monophasic
Modulated_autosave_20260717_151033_569ms,Triceps long (L),L_TBlg,2,33.35980937256977,41.35980937256977,65.71961874516796,,,none,30.0,125,3,monophasic
Modulated_autosave_20260717_151033_569ms,Triceps long (L),L_TBlg,3,66.71961874516796,74.71961874516796,99.07942811773773,,,none,30.0,125,3,monophasic
Modulated_autosave_20260717_151033_569ms,Triceps long (L),L_TBlg,4,100.07942811773773,108.07942811773773,132.4392374903075,,,none,30.0,125,3,monophasic
Modulated_autosave_20260717_151033_569ms,Triceps long (L),L_TBlg,5,133.4392374903075,141.4392374903075,165.79904686287728,,,none,30.0,125,3,monophasic
Modulated_autosave_20260717_151033_569ms,Triceps long (L),L_TBlg,6,166.79904686287728,174.79904686287728,199.15885623544705,,,none,30.0,125,3,monophasic
Modulated_autosave_20260717_151033_569ms,Triceps long (L),L_TBlg,7,200.15885623544705,208.15885623544705,232.51866560756207,,,none,30.0,125,3,monophasic
Modulated_autosave_20260717_151033_569ms,Triceps long (L),L_TBlg,8,233.51866560756207,241.51866560756207,265.87847498013184,,,none,30.0,125,3,monophasic
Modulated_autosave_20260717_151033_569ms,Triceps long (L),L_TBlg,9,266.87847498013184,274.87847498013184,299.2382843527016,,,none,30.0,125,3,monophasic
Modulated_autosave_20260717_151033_569ms,Triceps long (L),L_TBlg,10,300.2382843527016,308.2382843527016,332.5980937252714,,,none,30.0,125,3,monophasic
Modulated_autosave_20260717_151033_569ms,Triceps long (L),L_TBlg,1,0.7942811758425705,8.79428117584257,32.35980937256977,,,none,30.0,130,3,monophasic
Modulated_autosave_20260717_151033_569ms,Triceps long (L),L_TBlg,2,33.35980937256977,41.35980937256977,65.71961874516796,,,none,30.0,130,3,monophasic
Modulated_autosave_20260717_151033_569ms,Triceps long (L),L_TBlg,3,66.71961874516796,74.71961874516796,99.07942811773773,,,none,30.0,130,3,monophasic
Modulated_autosave_20260717_151033_569ms,Triceps long (L),L_TBlg,4,100.07942811773773,108.07942811773773,132.4392374903075,,,none,30.0,130,3,monophasic
Modulated_autosave_20260717_151033_569ms,Triceps long (L),L_TBlg,5,133.4392374903075,141.4392374903075,165.79904686287728,,,none,30.0,130,3,monophasic
Modulated_autosave_20260717_151033_569ms,Triceps long (L),L_TBlg,6,166.79904686287728,174.79904686287728,199.15885623544705,,,none,30.0,130,3,monophasic
Modulated_autosave_20260717_151033_569ms,Triceps long (L),L_TBlg,7,200.15885623544705,208.15885623544705,232.51866560756207,,,none,30.0,130,3,monophasic
Modulated_autosave_20260717_151033_569ms,Triceps long (L),L_TBlg,8,233.51866560756207,241.51866560756207,265.87847498013184,,,none,30.0,130,3,monophasic
Modulated_autosave_20260717_151033_569ms,Triceps long (L),L_TBlg,9,266.87847498013184,274.87847498013184,299.2382843527016,,,none,30.0,130,3,monophasic
Modulated_autosave_20260717_151033_569ms,Triceps long (L),L_TBlg,10,300.2382843527016,308.2382843527016,332.5980937252714,,,none,30.0,130,3,monophasic
Modulated_autosave_20260717_151033_569ms,Triceps long (L),L_TBlg,1,0.7942811758425705,8.79428117584257,32.35980937256977,,,none,30.0,135,3,monophasic
Modulated_autosave_20260717_151033_569ms,Triceps long (L),L_TBlg,2,33.35980937256977,41.35980937256977,65.71961874516796,,,none,30.0,135,3,monophasic
Modulated_autosave_20260717_151033_569ms,Triceps long (L),L_TBlg,3,66.71961874516796,74.71961874516796,99.07942811773773,,,none,30.0,135,3,monophasic
Modulated_autosave_20260717_151033_569ms,Triceps long (L),L_TBlg,4,100.07942811773773,108.07942811773773,132.4392374903075,,,none,30.0,135,3,monophasic
Modulated_autosave_20260717_151033_569ms,Triceps long (L),L_TBlg,5,133.4392374903075,141.4392374903075,165.79904686287728,,,none,30.0,135,3,monophasic
Modulated_autosave_20260717_151033_569ms,Triceps long (L),L_TBlg,6,166.79904686287728,174.79904686287728,199.15885623544705,,,none,30.0,135,3,monophasic
Modulated_autosave_20260717_151033_569ms,Triceps long (L),L_TBlg,7,200.15885623544705,208.15885623544705,232.51866560756207,,,none,30.0,135,3,monophasic
Modulated_autosave_20260717_151033_569ms,Triceps long (L),L_TBlg,8,233.51866560756207,241.51866560756207,265.87847498013184,,,none,30.0,135,3,monophasic
Modulated_autosave_20260717_151033_569ms,Triceps long (L),L_TBlg,9,266.87847498013184,274.87847498013184,299.2382843527016,,,none,30.0,135,3,monophasic
Modulated_autosave_20260717_151033_569ms,Triceps long (L),L_TBlg,10,300.2382843527016,308.2382843527016,332.5980937252714,,,none,30.0,135,3,monophasic
Modulated_autosave_20260717_151033_569ms,Triceps long (L),L_TBlg,1,0.7942811758425705,8.79428117584257,32.35980937256977,,,none,30.0,140,3,monophasic
Modulated_autosave_20260717_151033_569ms,Triceps long (L),L_TBlg,2,33.35980937256977,41.35980937256977,65.71961874516796,,,none,30.0,140,3,monophasic
Modulated_autosave_20260717_151033_569ms,Triceps long (L),L_TBlg,3,66.71961874516796,74.71961874516796,99.07942811773773,,,none,30.0,140,3,monophasic
Modulated_autosave_20260717_151033_569ms,Triceps long (L),L_TBlg,4,100.07942811773773,108.07942811773773,132.4392374903075,,,none,30.0,140,3,monophasic
Modulated_autosave_20260717_151033_569ms,Triceps long (L),L_TBlg,5,133.4392374903075,141.4392374903075,165.79904686287728,,,none,30.0,140,3,monophasic
Modulated_autosave_20260717_151033_569ms,Triceps long (L),L_TBlg,6,166.79904686287728,174.79904686287728,199.15885623544705,,,none,30.0,140,3,monophasic
Modulated_autosave_20260717_151033_569ms,Triceps long (L),L_TBlg,7,200.15885623544705,208.15885623544705,232.51866560756207,,,none,30.0,140,3,monophasic
Modulated_autosave_20260717_151033_569ms,Triceps long (L),L_TBlg,8,233.51866560756207,241.51866560756207,265.87847498013184,,,none,30.0,140,3,monophasic
Modulated_autosave_20260717_151033_569ms,Triceps long (L),L_TBlg,9,266.87847498013184,274.87847498013184,299.2382843527016,,,none,30.0,140,3,monophasic
Modulated_autosave_20260717_151033_569ms,Triceps long (L),L_TBlg,10,300.2382843527016,308.2382843527016,332.5980937252714,,,none,30.0,140,3,monophasic
Modulated_autosave_20260717_151033_569ms,Thenar (L),L_The_ED_FD_FCR A,1,0.7942811758425705,8.79428117584257,32.35980937256977,,,none,30.0,45,3,monophasic
Modulated_autosave_20260717_151033_569ms,Thenar (L),L_The_ED_FD_FCR A,2,33.35980937256977,41.35980937256977,65.71961874516796,,,none,30.0,45,3,monophasic
Modulated_autosave_20260717_151033_569ms,Thenar (L),L_The_ED_FD_FCR A,3,66.71961874516796,74.71961874516796,99.07942811773773,,,none,30.0,45,3,monophasic
Modulated_autosave_20260717_151033_569ms,Thenar (L),L_The_ED_FD_FCR A,4,100.07942811773773,108.07942811773773,132.4392374903075,,,none,30.0,45,3,monophasic
Modulated_autosave_20260717_151033_569ms,Thenar (L),L_The_ED_FD_FCR A,5,133.4392374903075,141.4392374903075,165.79904686287728,,,none,30.0,45,3,monophasic
Modulated_autosave_20260717_151033_569ms,Thenar (L),L_The_ED_FD_FCR A,6,166.79904686287728,174.79904686287728,199.15885623544705,,,none,30.0,45,3,monophasic
Modulated_autosave_20260717_151033_569ms,Thenar (L),L_The_ED_FD_FCR A,7,200.15885623544705,208.15885623544705,232.51866560756207,,,none,30.0,45,3,monophasic
Modulated_autosave_20260717_151033_569ms,Thenar (L),L_The_ED_FD_FCR A,8,233.51866560756207,241.51866560756207,265.87847498013184,,,none,30.0,45,3,monophasic
Modulated_autosave_20260717_151033_569ms,Thenar (L),L_The_ED_FD_FCR A,9,266.87847498013184,274.87847498013184,299.2382843527016,,,none,30.0,45,3,monophasic
Modulated_autosave_20260717_151033_569ms,Thenar (L),L_The_ED_FD_FCR A,10,300.2382843527016,308.2382843527016,332.5980937252714,,,none,30.0,45,3,monophasic
Modulated_autosave_20260717_151033_569ms,Thenar (L),L_The_ED_FD_FCR A,1,0.7942811758425705,8.79428117584257,32.35980937256977,,,none,30.0,50,3,monophasic
Modulated_autosave_20260717_151033_569ms,Thenar (L),L_The_ED_FD_FCR A,2,33.35980937256977,41.35980937256977,65.71961874516796,,,none,30.0,50,3,monophasic
Modulated_autosave_20260717_151033_569ms,Thenar (L),L_The_ED_FD_FCR A,3,66.71961874516796,74.71961874516796,99.07942811773773,,,none,30.0,50,3,monophasic
Modulated_autosave_20260717_151033_569ms,Thenar (L),L_The_ED_FD_FCR A,4,100.07942811773773,108.07942811773773,132.4392374903075,,,none,30.0,50,3,monophasic
Modulated_autosave_20260717_151033_569ms,Thenar (L),L_The_ED_FD_FCR A,5,133.4392374903075,141.4392374903075,165.79904686287728,,,none,30.0,50,3,monophasic
Modulated_autosave_20260717_151033_569ms,Thenar (L),L_The_ED_FD_FCR A,6,166.79904686287728,174.79904686287728,199.15885623544705,,,none,30.0,50,3,monophasic
Modulated_autosave_20260717_151033_569ms,Thenar (L),L_The_ED_FD_FCR A,7,200.15885623544705,208.15885623544705,232.51866560756207,,,none,30.0,50,3,monophasic
Modulated_autosave_20260717_151033_569ms,Thenar (L),L_The_ED_FD_FCR A,8,233.51866560756207,241.51866560756207,265.87847498013184,,,none,30.0,50,3,monophasic
Modulated_autosave_20260717_151033_569ms,Thenar (L),L_The_ED_FD_FCR A,9,266.87847498013184,274.87847498013184,299.2382843527016,,,none,30.0,50,3,monophasic
Modulated_autosave_20260717_151033_569ms,Thenar (L),L_The_ED_FD_FCR A,10,300.2382843527016,308.2382843527016,332.5980937252714,,,none,30.0,50,3,monophasic
Modulated_autosave_20260717_151033_569ms,Thenar (L),L_The_ED_FD_FCR A,1,0.7942811758425705,8.79428117584257,32.35980937256977,,,none,30.0,55,3,monophasic
Modulated_autosave_20260717_151033_569ms,Thenar (L),L_The_ED_FD_FCR A,2,33.35980937256977,41.35980937256977,65.71961874516796,,,none,30.0,55,3,monophasic
Modulated_autosave_20260717_151033_569ms,Thenar (L),L_The_ED_FD_FCR A,3,66.71961874516796,74.71961874516796,99.07942811773773,,,none,30.0,55,3,monophasic
Modulated_autosave_20260717_151033_569ms,Thenar (L),L_The_ED_FD_FCR A,4,100.07942811773773,108.07942811773773,132.4392374903075,,,none,30.0,55,3,monophasic
Modulated_autosave_20260717_151033_569ms,Thenar (L),L_The_ED_FD_FCR A,5,133.4392374903075,141.4392374903075,165.79904686287728,,,none,30.0,55,3,monophasic
Modulated_autosave_20260717_151033_569ms,Thenar (L),L_The_ED_FD_FCR A,6,166.79904686287728,174.79904686287728,199.15885623544705,,,none,30.0,55,3,monophasic
Modulated_autosave_20260717_151033_569ms,Thenar (L),L_The_ED_FD_FCR A,7,200.15885623544705,208.15885623544705,232.51866560756207,,,none,30.0,55,3,monophasic
Modulated_autosave_20260717_151033_569ms,Thenar (L),L_The_ED_FD_FCR A,8,233.51866560756207,241.51866560756207,265.87847498013184,,,none,30.0,55,3,monophasic
Modulated_autosave_20260717_151033_569ms,Thenar (L),L_The_ED_FD_FCR A,9,266.87847498013184,274.87847498013184,299.2382843527016,,,none,30.0,55,3,monophasic
Modulated_autosave_20260717_151033_569ms,Thenar (L),L_The_ED_FD_FCR A,10,300.2382843527016,308.2382843527016,332.5980937252714,,,none,30.0,55,3,monophasic
Modulated_autosave_20260717_151033_569ms,Thenar (L),L_The_ED_FD_FCR A,1,0.7942811758425705,8.79428117584257,32.35980937256977,,,none,30.0,60,3,monophasic
Modulated_autosave_20260717_151033_569ms,Thenar (L),L_The_ED_FD_FCR A,2,33.35980937256977,41.35980937256977,65.71961874516796,,,none,30.0,60,3,monophasic
Modulated_autosave_20260717_151033_569ms,Thenar (L),L_The_ED_FD_FCR A,3,66.71961874516796,74.71961874516796,99.07942811773773,,,none,30.0,60,3,monophasic
Modulated_autosave_20260717_151033_569ms,Thenar (L),L_The_ED_FD_FCR A,4,100.07942811773773,108.07942811773773,132.4392374903075,,,none,30.0,60,3,monophasic
Modulated_autosave_20260717_151033_569ms,Thenar (L),L_The_ED_FD_FCR A,5,133.4392374903075,141.4392374903075,165.79904686287728,,,none,30.0,60,3,monophasic
Modulated_autosave_20260717_151033_569ms,Thenar (L),L_The_ED_FD_FCR A,6,166.79904686287728,174.79904686287728,199.15885623544705,,,none,30.0,60,3,monophasic
Modulated_autosave_20260717_151033_569ms,Thenar (L),L_The_ED_FD_FCR A,7,200.15885623544705,208.15885623544705,232.51866560756207,,,none,30.0,60,3,monophasic
Modulated_autosave_20260717_151033_569ms,Thenar (L),L_The_ED_FD_FCR A,8,233.51866560756207,241.51866560756207,265.87847498013184,,,none,30.0,60,3,monophasic
Modulated_autosave_20260717_151033_569ms,Thenar (L),L_The_ED_FD_FCR A,9,266.87847498013184,274.87847498013184,299.2382843527016,,,none,30.0,60,3,monophasic
Modulated_autosave_20260717_151033_569ms,Thenar (L),L_The_ED_FD_FCR A,10,300.2382843527016,308.2382843527016,332.5980937252714,,,none,30.0,60,3,monophasic
Modulated_autosave_20260717_151033_569ms,Thenar (L),L_The_ED_FD_FCR A,1,0.7942811758425705,8.79428117584257,32.35980937256977,,,none,30.0,65,3,monophasic
Modulated_autosave_20260717_151033_569ms,Thenar (L),L_The_ED_FD_FCR A,2,33.35980937256977,41.35980937256977,65.71961874516796,,,none,30.0,65,3,monophasic
Modulated_autosave_20260717_151033_569ms,Thenar (L),L_The_ED_FD_FCR A,3,66.71961874516796,74.71961874516796,99.07942811773773,,,none,30.0,65,3,monophasic
Modulated_autosave_20260717_151033_569ms,Thenar (L),L_The_ED_FD_FCR A,4,100.07942811773773,108.07942811773773,132.4392374903075,,,none,30.0,65,3,monophasic
Modulated_autosave_20260717_151033_569ms,Thenar (L),L_The_ED_FD_FCR A,5,133.4392374903075,141.4392374903075,165.79904686287728,,,none,30.0,65,3,monophasic
Modulated_autosave_20260717_151033_569ms,Thenar (L),L_The_ED_FD_FCR A,6,166.79904686287728,174.79904686287728,199.15885623544705,,,none,30.0,65,3,monophasic
Modulated_autosave_20260717_151033_569ms,Thenar (L),L_The_ED_FD_FCR A,7,200.15885623544705,208.15885623544705,232.51866560756207,,,none,30.0,65,3,monophasic
Modulated_autosave_20260717_151033_569ms,Thenar (L),L_The_ED_FD_FCR A,8,233.51866560756207,241.51866560756207,265.87847498013184,,,none,30.0,65,3,monophasic
Modulated_autosave_20260717_151033_569ms,Thenar (L),L_The_ED_FD_FCR A,9,266.87847498013184,274.87847498013184,299.2382843527016,,,none,30.0,65,3,monophasic
Modulated_autosave_20260717_151033_569ms,Thenar (L),L_The_ED_FD_FCR A,10,300.2382843527016,308.2382843527016,332.5980937252714,,,none,30.0,65,3,monophasic
Modulated_autosave_20260717_151033_569ms,Thenar (L),L_The_ED_FD_FCR A,1,0.7942811758425705,8.79428117584257,32.35980937256977,,,none,30.0,70,3,monophasic
Modulated_autosave_20260717_151033_569ms,Thenar (L),L_The_ED_FD_FCR A,2,33.35980937256977,41.35980937256977,65.71961874516796,,,none,30.0,70,3,monophasic
Modulated_autosave_20260717_151033_569ms,Thenar (L),L_The_ED_FD_FCR A,3,66.71961874516796,74.71961874516796,99.07942811773773,,,none,30.0,70,3,monophasic
Modulated_autosave_20260717_151033_569ms,Thenar (L),L_The_ED_FD_FCR A,4,100.07942811773773,108.07942811773773,132.4392374903075,,,none,30.0,70,3,monophasic
Modulated_autosave_20260717_151033_569ms,Thenar (L),L_The_ED_FD_FCR A,5,133.4392374903075,141.4392374903075,165.79904686287728,,,none,30.0,70,3,monophasic
Modulated_autosave_20260717_151033_569ms,Thenar (L),L_The_ED_FD_FCR A,6,166.79904686287728,174.79904686287728,199.15885623544705,,,none,30.0,70,3,monophasic
Modulated_autosave_20260717_151033_569ms,Thenar (L),L_The_ED_FD_FCR A,7,200.15885623544705,208.15885623544705,232.51866560756207,,,none,30.0,70,3,monophasic
Modulated_autosave_20260717_151033_569ms,Thenar (L),L_The_ED_FD_FCR A,8,233.51866560756207,241.51866560756207,265.87847498013184,,,none,30.0,70,3,monophasic
Modulated_autosave_20260717_151033_569ms,Thenar (L),L_The_ED_FD_FCR A,9,266.87847498013184,274.87847498013184,299.2382843527016,,,none,30.0,70,3,monophasic
Modulated_autosave_20260717_151033_569ms,Thenar (L),L_The_ED_FD_FCR A,10,300.2382843527016,308.2382843527016,332.5980937252714,,,none,30.0,70,3,monophasic
Modulated_autosave_20260717_151033_569ms,Thenar (L),L_The_ED_FD_FCR A,1,0.7942811758425705,8.79428117584257,32.35980937256977,,,none,30.0,75,3,monophasic
Modulated_autosave_20260717_151033_569ms,Thenar (L),L_The_ED_FD_FCR A,2,33.35980937256977,41.35980937256977,65.71961874516796,,,none,30.0,75,3,monophasic
Modulated_autosave_20260717_151033_569ms,Thenar (L),L_The_ED_FD_FCR A,3,66.71961874516796,74.71961874516796,99.07942811773773,,,none,30.0,75,3,monophasic
Modulated_autosave_20260717_151033_569ms,Thenar (L),L_The_ED_FD_FCR A,4,100.07942811773773,108.07942811773773,132.4392374903075,,,none,30.0,75,3,monophasic
Modulated_autosave_20260717_151033_569ms,Thenar (L),L_The_ED_FD_FCR A,5,133.4392374903075,141.4392374903075,165.79904686287728,,,none,30.0,75,3,monophasic
Modulated_autosave_20260717_151033_569ms,Thenar (L),L_The_ED_FD_FCR A,6,166.79904686287728,174.79904686287728,199.15885623544705,,,none,30.0,75,3,monophasic
Modulated_autosave_20260717_151033_569ms,Thenar (L),L_The_ED_FD_FCR A,7,200.15885623544705,208.15885623544705,232.51866560756207,,,none,30.0,75,3,monophasic
Modulated_autosave_20260717_151033_569ms,Thenar (L),L_The_ED_FD_FCR A,8,233.51866560756207,241.51866560756207,265.87847498013184,,,none,30.0,75,3,monophasic
Modulated_autosave_20260717_151033_569ms,Thenar (L),L_The_ED_FD_FCR A,9,266.87847498013184,274.87847498013184,299.2382843527016,,,none,30.0,75,3,monophasic
Modulated_autosave_20260717_151033_569ms,Thenar (L),L_The_ED_FD_FCR A,10,300.2382843527016,308.2382843527016,332.5980937252714,,,none,30.0,75,3,monophasic
Modulated_autosave_20260717_151033_569ms,Thenar (L),L_The_ED_FD_FCR A,1,0.7942811758425705,8.79428117584257,32.35980937256977,0.03826962783932686,0.03826962783932686,none,30.0,80,3,monophasic
Modulated_autosave_20260717_151033_569ms,Thenar (L),L_The_ED_FD_FCR A,2,33.35980937256977,41.35980937256977,65.71961874516796,0.015442129224538803,0.015442129224538803,none,30.0,80,3,monophasic
Modulated_autosave_20260717_151033_569ms,Thenar (L),L_The_ED_FD_FCR A,3,66.71961874516796,74.71961874516796,99.07942811773773,0.00872816052287817,0.00872816052287817,none,30.0,80,3,monophasic
Modulated_autosave_20260717_151033_569ms,Thenar (L),L_The_ED_FD_FCR A,4,100.07942811773773,108.07942811773773,132.4392374903075,0.03625543648377061,0.03625543648377061,none,30.0,80,3,monophasic
Modulated_autosave_20260717_151033_569ms,Thenar (L),L_The_ED_FD_FCR A,5,133.4392374903075,141.4392374903075,165.79904686287728,0.027023728471249342,0.027023728471249342,none,30.0,80,3,monophasic
Modulated_autosave_20260717_151033_569ms,Thenar (L),L_The_ED_FD_FCR A,6,166.79904686287728,174.79904686287728,199.15885623544705,0.024505988927558064,0.024505988927558064,none,30.0,80,3,monophasic
Modulated_autosave_20260717_151033_569ms,Thenar (L),L_The_ED_FD_FCR A,7,200.15885623544705,208.15885623544705,232.51866560756207,0.019638361874967813,0.019638361874967813,none,30.0,80,3,monophasic
Modulated_autosave_20260717_151033_569ms,Thenar (L),L_The_ED_FD_FCR A,8,233.51866560756207,241.51866560756207,265.87847498013184,0.029877164401113987,0.029877164401113987,none,30.0,80,3,monophasic
Modulated_autosave_20260717_151033_569ms,Thenar (L),L_The_ED_FD_FCR A,9,266.87847498013184,274.87847498013184,299.2382843527016,0.03356984769925475,0.03356984769925475,none,30.0,80,3,monophasic
Modulated_autosave_20260717_151033_569ms,Thenar (L),L_The_ED_FD_FCR A,10,300.2382843527016,308.2382843527016,332.5980937252714,0.021149003645405173,0.021149003645405173,none,30.0,80,3,monophasic
Modulated_autosave_20260717_151033_569ms,Thenar (L),L_The_ED_FD_FCR A,1,0.7942811758425705,8.79428117584257,32.35980937256977,,,none,30.0,85,3,monophasic
Modulated_autosave_20260717_151033_569ms,Thenar (L),L_The_ED_FD_FCR A,2,33.35980937256977,41.35980937256977,65.71961874516796,,,none,30.0,85,3,monophasic
Modulated_autosave_20260717_151033_569ms,Thenar (L),L_The_ED_FD_FCR A,3,66.71961874516796,74.71961874516796,99.07942811773773,,,none,30.0,85,3,monophasic
Modulated_autosave_20260717_151033_569ms,Thenar (L),L_The_ED_FD_FCR A,4,100.07942811773773,108.07942811773773,132.4392374903075,,,none,30.0,85,3,monophasic
Modulated_autosave_20260717_151033_569ms,Thenar (L),L_The_ED_FD_FCR A,5,133.4392374903075,141.4392374903075,165.79904686287728,,,none,30.0,85,3,monophasic
Modulated_autosave_20260717_151033_569ms,Thenar (L),L_The_ED_FD_FCR A,6,166.79904686287728,174.79904686287728,199.15885623544705,,,none,30.0,85,3,monophasic
Modulated_autosave_20260717_151033_569ms,Thenar (L),L_The_ED_FD_FCR A,7,200.15885623544705,208.15885623544705,232.51866560756207,,,none,30.0,85,3,monophasic
Modulated_autosave_20260717_151033_569ms,Thenar (L),L_The_ED_FD_FCR A,8,233.51866560756207,241.51866560756207,265.87847498013184,,,none,30.0,85,3,monophasic
Modulated_autosave_20260717_151033_569ms,Thenar (L),L_The_ED_FD_FCR A,9,266.87847498013184,274.87847498013184,299.2382843527016,,,none,30.0,85,3,monophasic
Modulated_autosave_20260717_151033_569ms,Thenar (L),L_The_ED_FD_FCR A,10,300.2382843527016,308.2382843527016,332.5980937252714,,,none,30.0,85,3,monophasic
Modulated_autosave_20260717_151033_569ms,Thenar (L),L_The_ED_FD_FCR A,1,0.7942811758425705,8.79428117584257,32.35980937256977,,,none,30.0,90,3,monophasic
Modulated_autosave_20260717_151033_569ms,Thenar (L),L_The_ED_FD_FCR A,2,33.35980937256977,41.35980937256977,65.71961874516796,,,none,30.0,90,3,monophasic
Modulated_autosave_20260717_151033_569ms,Thenar (L),L_The_ED_FD_FCR A,3,66.71961874516796,74.71961874516796,99.07942811773773,,,none,30.0,90,3,monophasic
Modulated_autosave_20260717_151033_569ms,Thenar (L),L_The_ED_FD_FCR A,4,100.07942811773773,108.07942811773773,132.4392374903075,,,none,30.0,90,3,monophasic
Modulated_autosave_20260717_151033_569ms,Thenar (L),L_The_ED_FD_FCR A,5,133.4392374903075,141.4392374903075,165.79904686287728,,,none,30.0,90,3,monophasic
Modulated_autosave_20260717_151033_569ms,Thenar (L),L_The_ED_FD_FCR A,6,166.79904686287728,174.79904686287728,199.15885623544705,,,none,30.0,90,3,monophasic
Modulated_autosave_20260717_151033_569ms,Thenar (L),L_The_ED_FD_FCR A,7,200.15885623544705,208.15885623544705,232.51866560756207,,,none,30.0,90,3,monophasic
Modulated_autosave_20260717_151033_569ms,Thenar (L),L_The_ED_FD_FCR A,8,233.51866560756207,241.51866560756207,265.87847498013184,,,none,30.0,90,3,monophasic
Modulated_autosave_20260717_151033_569ms,Thenar (L),L_The_ED_FD_FCR A,9,266.87847498013184,274.87847498013184,299.2382843527016,,,none,30.0,90,3,monophasic
Modulated_autosave_20260717_151033_569ms,Thenar (L),L_The_ED_FD_FCR A,10,300.2382843527016,308.2382843527016,332.5980937252714,,,none,30.0,90,3,monophasic
Modulated_autosave_20260717_151033_569ms,Thenar (L),L_The_ED_FD_FCR A,1,0.7942811758425705,8.79428117584257,32.35980937256977,,,none,30.0,95,3,monophasic
Modulated_autosave_20260717_151033_569ms,Thenar (L),L_The_ED_FD_FCR A,2,33.35980937256977,41.35980937256977,65.71961874516796,,,none,30.0,95,3,monophasic
Modulated_autosave_20260717_151033_569ms,Thenar (L),L_The_ED_FD_FCR A,3,66.71961874516796,74.71961874516796,99.07942811773773,,,none,30.0,95,3,monophasic
Modulated_autosave_20260717_151033_569ms,Thenar (L),L_The_ED_FD_FCR A,4,100.07942811773773,108.07942811773773,132.4392374903075,,,none,30.0,95,3,monophasic
Modulated_autosave_20260717_151033_569ms,Thenar (L),L_The_ED_FD_FCR A,5,133.4392374903075,141.4392374903075,165.79904686287728,,,none,30.0,95,3,monophasic
Modulated_autosave_20260717_151033_569ms,Thenar (L),L_The_ED_FD_FCR A,6,166.79904686287728,174.79904686287728,199.15885623544705,,,none,30.0,95,3,monophasic
Modulated_autosave_20260717_151033_569ms,Thenar (L),L_The_ED_FD_FCR A,7,200.15885623544705,208.15885623544705,232.51866560756207,,,none,30.0,95,3,monophasic
Modulated_autosave_20260717_151033_569ms,Thenar (L),L_The_ED_FD_FCR A,8,233.51866560756207,241.51866560756207,265.87847498013184,,,none,30.0,95,3,monophasic
Modulated_autosave_20260717_151033_569ms,Thenar (L),L_The_ED_FD_FCR A,9,266.87847498013184,274.87847498013184,299.2382843527016,,,none,30.0,95,3,monophasic
Modulated_autosave_20260717_151033_569ms,Thenar (L),L_The_ED_FD_FCR A,10,300.2382843527016,308.2382843527016,332.5980937252714,,,none,30.0,95,3,monophasic
Modulated_autosave_20260717_151033_569ms,Thenar (L),L_The_ED_FD_FCR A,1,0.7942811758425705,8.79428117584257,32.35980937256977,,,none,30.0,100,3,monophasic
Modulated_autosave_20260717_151033_569ms,Thenar (L),L_The_ED_FD_FCR A,2,33.35980937256977,41.35980937256977,65.71961874516796,,,none,30.0,100,3,monophasic
Modulated_autosave_20260717_151033_569ms,Thenar (L),L_The_ED_FD_FCR A,3,66.71961874516796,74.71961874516796,99.07942811773773,,,none,30.0,100,3,monophasic
Modulated_autosave_20260717_151033_569ms,Thenar (L),L_The_ED_FD_FCR A,4,100.07942811773773,108.07942811773773,132.4392374903075,,,none,30.0,100,3,monophasic
Modulated_autosave_20260717_151033_569ms,Thenar (L),L_The_ED_FD_FCR A,5,133.4392374903075,141.4392374903075,165.79904686287728,,,none,30.0,100,3,monophasic
Modulated_autosave_20260717_151033_569ms,Thenar (L),L_The_ED_FD_FCR A,6,166.79904686287728,174.79904686287728,199.15885623544705,,,none,30.0,100,3,monophasic
Modulated_autosave_20260717_151033_569ms,Thenar (L),L_The_ED_FD_FCR A,7,200.15885623544705,208.15885623544705,232.51866560756207,,,none,30.0,100,3,monophasic
Modulated_autosave_20260717_151033_569ms,Thenar (L),L_The_ED_FD_FCR A,8,233.51866560756207,241.51866560756207,265.87847498013184,,,none,30.0,100,3,monophasic
Modulated_autosave_20260717_151033_569ms,Thenar (L),L_The_ED_FD_FCR A,9,266.87847498013184,274.87847498013184,299.2382843527016,,,none,30.0,100,3,monophasic
Modulated_autosave_20260717_151033_569ms,Thenar (L),L_The_ED_FD_FCR A,10,300.2382843527016,308.2382843527016,332.5980937252714,,,none,30.0,100,3,monophasic
Modulated_autosave_20260717_151033_569ms,Thenar (L),L_The_ED_FD_FCR A,1,0.7942811758425705,8.79428117584257,32.35980937256977,,,none,30.0,105,3,monophasic
Modulated_autosave_20260717_151033_569ms,Thenar (L),L_The_ED_FD_FCR A,2,33.35980937256977,41.35980937256977,65.71961874516796,,,none,30.0,105,3,monophasic
Modulated_autosave_20260717_151033_569ms,Thenar (L),L_The_ED_FD_FCR A,3,66.71961874516796,74.71961874516796,99.07942811773773,,,none,30.0,105,3,monophasic
Modulated_autosave_20260717_151033_569ms,Thenar (L),L_The_ED_FD_FCR A,4,100.07942811773773,108.07942811773773,132.4392374903075,,,none,30.0,105,3,monophasic
Modulated_autosave_20260717_151033_569ms,Thenar (L),L_The_ED_FD_FCR A,5,133.4392374903075,141.4392374903075,165.79904686287728,,,none,30.0,105,3,monophasic
Modulated_autosave_20260717_151033_569ms,Thenar (L),L_The_ED_FD_FCR A,6,166.79904686287728,174.79904686287728,199.15885623544705,,,none,30.0,105,3,monophasic
Modulated_autosave_20260717_151033_569ms,Thenar (L),L_The_ED_FD_FCR A,7,200.15885623544705,208.15885623544705,232.51866560756207,,,none,30.0,105,3,monophasic
Modulated_autosave_20260717_151033_569ms,Thenar (L),L_The_ED_FD_FCR A,8,233.51866560756207,241.51866560756207,265.87847498013184,,,none,30.0,105,3,monophasic
Modulated_autosave_20260717_151033_569ms,Thenar (L),L_The_ED_FD_FCR A,9,266.87847498013184,274.87847498013184,299.2382843527016,,,none,30.0,105,3,monophasic
Modulated_autosave_20260717_151033_569ms,Thenar (L),L_The_ED_FD_FCR A,10,300.2382843527016,308.2382843527016,332.5980937252714,,,none,30.0,105,3,monophasic
Modulated_autosave_20260717_151033_569ms,Thenar (L),L_The_ED_FD_FCR A,1,0.7942811758425705,8.79428117584257,32.35980937256977,,,none,30.0,110,3,monophasic
Modulated_autosave_20260717_151033_569ms,Thenar (L),L_The_ED_FD_FCR A,2,33.35980937256977,41.35980937256977,65.71961874516796,,,none,30.0,110,3,monophasic
Modulated_autosave_20260717_151033_569ms,Thenar (L),L_The_ED_FD_FCR A,3,66.71961874516796,74.71961874516796,99.07942811773773,,,none,30.0,110,3,monophasic
Modulated_autosave_20260717_151033_569ms,Thenar (L),L_The_ED_FD_FCR A,4,100.07942811773773,108.07942811773773,132.4392374903075,,,none,30.0,110,3,monophasic
Modulated_autosave_20260717_151033_569ms,Thenar (L),L_The_ED_FD_FCR A,5,133.4392374903075,141.4392374903075,165.79904686287728,,,none,30.0,110,3,monophasic
Modulated_autosave_20260717_151033_569ms,Thenar (L),L_The_ED_FD_FCR A,6,166.79904686287728,174.79904686287728,199.15885623544705,,,none,30.0,110,3,monophasic
Modulated_autosave_20260717_151033_569ms,Thenar (L),L_The_ED_FD_FCR A,7,200.15885623544705,208.15885623544705,232.51866560756207,,,none,30.0,110,3,monophasic
Modulated_autosave_20260717_151033_569ms,Thenar (L),L_The_ED_FD_FCR A,8,233.51866560756207,241.51866560756207,265.87847498013184,,,none,30.0,110,3,monophasic
Modulated_autosave_20260717_151033_569ms,Thenar (L),L_The_ED_FD_FCR A,9,266.87847498013184,274.87847498013184,299.2382843527016,,,none,30.0,110,3,monophasic
Modulated_autosave_20260717_151033_569ms,Thenar (L),L_The_ED_FD_FCR A,10,300.2382843527016,308.2382843527016,332.5980937252714,,,none,30.0,110,3,monophasic
Modulated_autosave_20260717_151033_569ms,Thenar (L),L_The_ED_FD_FCR A,1,0.7942811758425705,8.79428117584257,32.35980937256977,,,none,30.0,115,3,monophasic
Modulated_autosave_20260717_151033_569ms,Thenar (L),L_The_ED_FD_FCR A,2,33.35980937256977,41.35980937256977,65.71961874516796,,,none,30.0,115,3,monophasic
Modulated_autosave_20260717_151033_569ms,Thenar (L),L_The_ED_FD_FCR A,3,66.71961874516796,74.71961874516796,99.07942811773773,,,none,30.0,115,3,monophasic
Modulated_autosave_20260717_151033_569ms,Thenar (L),L_The_ED_FD_FCR A,4,100.07942811773773,108.07942811773773,132.4392374903075,,,none,30.0,115,3,monophasic
Modulated_autosave_20260717_151033_569ms,Thenar (L),L_The_ED_FD_FCR A,5,133.4392374903075,141.4392374903075,165.79904686287728,,,none,30.0,115,3,monophasic
Modulated_autosave_20260717_151033_569ms,Thenar (L),L_The_ED_FD_FCR A,6,166.79904686287728,174.79904686287728,199.15885623544705,,,none,30.0,115,3,monophasic
Modulated_autosave_20260717_151033_569ms,Thenar (L),L_The_ED_FD_FCR A,7,200.15885623544705,208.15885623544705,232.51866560756207,,,none,30.0,115,3,monophasic
Modulated_autosave_20260717_151033_569ms,Thenar (L),L_The_ED_FD_FCR A,8,233.51866560756207,241.51866560756207,265.87847498013184,,,none,30.0,115,3,monophasic
Modulated_autosave_20260717_151033_569ms,Thenar (L),L_The_ED_FD_FCR A,9,266.87847498013184,274.87847498013184,299.2382843527016,,,none,30.0,115,3,monophasic
Modulated_autosave_20260717_151033_569ms,Thenar (L),L_The_ED_FD_FCR A,10,300.2382843527016,308.2382843527016,332.5980937252714,,,none,30.0,115,3,monophasic
Modulated_autosave_20260717_151033_569ms,Thenar (L),L_The_ED_FD_FCR A,1,0.7942811758425705,8.79428117584257,32.35980937256977,,,none,30.0,120,3,monophasic
Modulated_autosave_20260717_151033_569ms,Thenar (L),L_The_ED_FD_FCR A,2,33.35980937256977,41.35980937256977,65.71961874516796,,,none,30.0,120,3,monophasic
Modulated_autosave_20260717_151033_569ms,Thenar (L),L_The_ED_FD_FCR A,3,66.71961874516796,74.71961874516796,99.07942811773773,,,none,30.0,120,3,monophasic
Modulated_autosave_20260717_151033_569ms,Thenar (L),L_The_ED_FD_FCR A,4,100.07942811773773,108.07942811773773,132.4392374903075,,,none,30.0,120,3,monophasic
Modulated_autosave_20260717_151033_569ms,Thenar (L),L_The_ED_FD_FCR A,5,133.4392374903075,141.4392374903075,165.79904686287728,,,none,30.0,120,3,monophasic
Modulated_autosave_20260717_151033_569ms,Thenar (L),L_The_ED_FD_FCR A,6,166.79904686287728,174.79904686287728,199.15885623544705,,,none,30.0,120,3,monophasic
Modulated_autosave_20260717_151033_569ms,Thenar (L),L_The_ED_FD_FCR A,7,200.15885623544705,208.15885623544705,232.51866560756207,,,none,30.0,120,3,monophasic
Modulated_autosave_20260717_151033_569ms,Thenar (L),L_The_ED_FD_FCR A,8,233.51866560756207,241.51866560756207,265.87847498013184,,,none,30.0,120,3,monophasic
Modulated_autosave_20260717_151033_569ms,Thenar (L),L_The_ED_FD_FCR A,9,266.87847498013184,274.87847498013184,299.2382843527016,,,none,30.0,120,3,monophasic
Modulated_autosave_20260717_151033_569ms,Thenar (L),L_The_ED_FD_FCR A,10,300.2382843527016,308.2382843527016,332.5980937252714,,,none,30.0,120,3,monophasic
Modulated_autosave_20260717_151033_569ms,Thenar (L),L_The_ED_FD_FCR A,1,0.7942811758425705,8.79428117584257,32.35980937256977,,,none,30.0,125,3,monophasic
Modulated_autosave_20260717_151033_569ms,Thenar (L),L_The_ED_FD_FCR A,2,33.35980937256977,41.35980937256977,65.71961874516796,,,none,30.0,125,3,monophasic
Modulated_autosave_20260717_151033_569ms,Thenar (L),L_The_ED_FD_FCR A,3,66.71961874516796,74.71961874516796,99.07942811773773,,,none,30.0,125,3,monophasic
Modulated_autosave_20260717_151033_569ms,Thenar (L),L_The_ED_FD_FCR A,4,100.07942811773773,108.07942811773773,132.4392374903075,,,none,30.0,125,3,monophasic
Modulated_autosave_20260717_151033_569ms,Thenar (L),L_The_ED_FD_FCR A,5,133.4392374903075,141.4392374903075,165.79904686287728,,,none,30.0,125,3,monophasic
Modulated_autosave_20260717_151033_569ms,Thenar (L),L_The_ED_FD_FCR A,6,166.79904686287728,174.79904686287728,199.15885623544705,,,none,30.0,125,3,monophasic
Modulated_autosave_20260717_151033_569ms,Thenar (L),L_The_ED_FD_FCR A,7,200.15885623544705,208.15885623544705,232.51866560756207,,,none,30.0,125,3,monophasic
Modulated_autosave_20260717_151033_569ms,Thenar (L),L_The_ED_FD_FCR A,8,233.51866560756207,241.51866560756207,265.87847498013184,,,none,30.0,125,3,monophasic
Modulated_autosave_20260717_151033_569ms,Thenar (L),L_The_ED_FD_FCR A,9,266.87847498013184,274.87847498013184,299.2382843527016,,,none,30.0,125,3,monophasic
Modulated_autosave_20260717_151033_569ms,Thenar (L),L_The_ED_FD_FCR A,10,300.2382843527016,308.2382843527016,332.5980937252714,,,none,30.0,125,3,monophasic
Modulated_autosave_20260717_151033_569ms,Thenar (L),L_The_ED_FD_FCR A,1,0.7942811758425705,8.79428117584257,32.35980937256977,,,none,30.0,130,3,monophasic
Modulated_autosave_20260717_151033_569ms,Thenar (L),L_The_ED_FD_FCR A,2,33.35980937256977,41.35980937256977,65.71961874516796,,,none,30.0,130,3,monophasic
Modulated_autosave_20260717_151033_569ms,Thenar (L),L_The_ED_FD_FCR A,3,66.71961874516796,74.71961874516796,99.07942811773773,,,none,30.0,130,3,monophasic
Modulated_autosave_20260717_151033_569ms,Thenar (L),L_The_ED_FD_FCR A,4,100.07942811773773,108.07942811773773,132.4392374903075,,,none,30.0,130,3,monophasic
Modulated_autosave_20260717_151033_569ms,Thenar (L),L_The_ED_FD_FCR A,5,133.4392374903075,141.4392374903075,165.79904686287728,,,none,30.0,130,3,monophasic
Modulated_autosave_20260717_151033_569ms,Thenar (L),L_The_ED_FD_FCR A,6,166.79904686287728,174.79904686287728,199.15885623544705,,,none,30.0,130,3,monophasic
Modulated_autosave_20260717_151033_569ms,Thenar (L),L_The_ED_FD_FCR A,7,200.15885623544705,208.15885623544705,232.51866560756207,,,none,30.0,130,3,monophasic
Modulated_autosave_20260717_151033_569ms,Thenar (L),L_The_ED_FD_FCR A,8,233.51866560756207,241.51866560756207,265.87847498013184,,,none,30.0,130,3,monophasic
Modulated_autosave_20260717_151033_569ms,Thenar (L),L_The_ED_FD_FCR A,9,266.87847498013184,274.87847498013184,299.2382843527016,,,none,30.0,130,3,monophasic
Modulated_autosave_20260717_151033_569ms,Thenar (L),L_The_ED_FD_FCR A,10,300.2382843527016,308.2382843527016,332.5980937252714,,,none,30.0,130,3,monophasic
Modulated_autosave_20260717_151033_569ms,Thenar (L),L_The_ED_FD_FCR A,1,0.7942811758425705,8.79428117584257,32.35980937256977,,,none,30.0,135,3,monophasic
Modulated_autosave_20260717_151033_569ms,Thenar (L),L_The_ED_FD_FCR A,2,33.35980937256977,41.35980937256977,65.71961874516796,,,none,30.0,135,3,monophasic
Modulated_autosave_20260717_151033_569ms,Thenar (L),L_The_ED_FD_FCR A,3,66.71961874516796,74.71961874516796,99.07942811773773,,,none,30.0,135,3,monophasic
Modulated_autosave_20260717_151033_569ms,Thenar (L),L_The_ED_FD_FCR A,4,100.07942811773773,108.07942811773773,132.4392374903075,,,none,30.0,135,3,monophasic
Modulated_autosave_20260717_151033_569ms,Thenar (L),L_The_ED_FD_FCR A,5,133.4392374903075,141.4392374903075,165.79904686287728,,,none,30.0,135,3,monophasic
Modulated_autosave_20260717_151033_569ms,Thenar (L),L_The_ED_FD_FCR A,6,166.79904686287728,174.79904686287728,199.15885623544705,,,none,30.0,135,3,monophasic
Modulated_autosave_20260717_151033_569ms,Thenar (L),L_The_ED_FD_FCR A,7,200.15885623544705,208.15885623544705,232.51866560756207,,,none,30.0,135,3,monophasic
Modulated_autosave_20260717_151033_569ms,Thenar (L),L_The_ED_FD_FCR A,8,233.51866560756207,241.51866560756207,265.87847498013184,,,none,30.0,135,3,monophasic
Modulated_autosave_20260717_151033_569ms,Thenar (L),L_The_ED_FD_FCR A,9,266.87847498013184,274.87847498013184,299.2382843527016,,,none,30.0,135,3,monophasic
Modulated_autosave_20260717_151033_569ms,Thenar (L),L_The_ED_FD_FCR A,10,300.2382843527016,308.2382843527016,332.5980937252714,,,none,30.0,135,3,monophasic
Modulated_autosave_20260717_151033_569ms,Thenar (L),L_The_ED_FD_FCR A,1,0.7942811758425705,8.79428117584257,32.35980937256977,,,none,30.0,140,3,monophasic
Modulated_autosave_20260717_151033_569ms,Thenar (L),L_The_ED_FD_FCR A,2,33.35980937256977,41.35980937256977,65.71961874516796,,,none,30.0,140,3,monophasic
Modulated_autosave_20260717_151033_569ms,Thenar (L),L_The_ED_FD_FCR A,3,66.71961874516796,74.71961874516796,99.07942811773773,,,none,30.0,140,3,monophasic
Modulated_autosave_20260717_151033_569ms,Thenar (L),L_The_ED_FD_FCR A,4,100.07942811773773,108.07942811773773,132.4392374903075,,,none,30.0,140,3,monophasic
Modulated_autosave_20260717_151033_569ms,Thenar (L),L_The_ED_FD_FCR A,5,133.4392374903075,141.4392374903075,165.79904686287728,,,none,30.0,140,3,monophasic
Modulated_autosave_20260717_151033_569ms,Thenar (L),L_The_ED_FD_FCR A,6,166.79904686287728,174.79904686287728,199.15885623544705,,,none,30.0,140,3,monophasic
Modulated_autosave_20260717_151033_569ms,Thenar (L),L_The_ED_FD_FCR A,7,200.15885623544705,208.15885623544705,232.51866560756207,,,none,30.0,140,3,monophasic
Modulated_autosave_20260717_151033_569ms,Thenar (L),L_The_ED_FD_FCR A,8,233.51866560756207,241.51866560756207,265.87847498013184,,,none,30.0,140,3,monophasic
Modulated_autosave_20260717_151033_569ms,Thenar (L),L_The_ED_FD_FCR A,9,266.87847498013184,274.87847498013184,299.2382843527016,,,none,30.0,140,3,monophasic
Modulated_autosave_20260717_151033_569ms,Thenar (L),L_The_ED_FD_FCR A,10,300.2382843527016,308.2382843527016,332.5980937252714,,,none,30.0,140,3,monophasic
Modulated_autosave_20260717_151033_569ms,Ext. digitorum (L),L_The_ED_FD_FCR B,1,0.7942811758425705,8.79428117584257,32.35980937256977,,,none,30.0,45,3,monophasic
Modulated_autosave_20260717_151033_569ms,Ext. digitorum (L),L_The_ED_FD_FCR B,2,33.35980937256977,41.35980937256977,65.71961874516796,,,none,30.0,45,3,monophasic
Modulated_autosave_20260717_151033_569ms,Ext. digitorum (L),L_The_ED_FD_FCR B,3,66.71961874516796,74.71961874516796,99.07942811773773,,,none,30.0,45,3,monophasic
Modulated_autosave_20260717_151033_569ms,Ext. digitorum (L),L_The_ED_FD_FCR B,4,100.07942811773773,108.07942811773773,132.4392374903075,,,none,30.0,45,3,monophasic
Modulated_autosave_20260717_151033_569ms,Ext. digitorum (L),L_The_ED_FD_FCR B,5,133.4392374903075,141.4392374903075,165.79904686287728,,,none,30.0,45,3,monophasic
Modulated_autosave_20260717_151033_569ms,Ext. digitorum (L),L_The_ED_FD_FCR B,6,166.79904686287728,174.79904686287728,199.15885623544705,,,none,30.0,45,3,monophasic
Modulated_autosave_20260717_151033_569ms,Ext. digitorum (L),L_The_ED_FD_FCR B,7,200.15885623544705,208.15885623544705,232.51866560756207,,,none,30.0,45,3,monophasic
Modulated_autosave_20260717_151033_569ms,Ext. digitorum (L),L_The_ED_FD_FCR B,8,233.51866560756207,241.51866560756207,265.87847498013184,,,none,30.0,45,3,monophasic
Modulated_autosave_20260717_151033_569ms,Ext. digitorum (L),L_The_ED_FD_FCR B,9,266.87847498013184,274.87847498013184,299.2382843527016,,,none,30.0,45,3,monophasic
Modulated_autosave_20260717_151033_569ms,Ext. digitorum (L),L_The_ED_FD_FCR B,10,300.2382843527016,308.2382843527016,332.5980937252714,,,none,30.0,45,3,monophasic
Modulated_autosave_20260717_151033_569ms,Ext. digitorum (L),L_The_ED_FD_FCR B,1,0.7942811758425705,8.79428117584257,32.35980937256977,,,none,30.0,50,3,monophasic
Modulated_autosave_20260717_151033_569ms,Ext. digitorum (L),L_The_ED_FD_FCR B,2,33.35980937256977,41.35980937256977,65.71961874516796,,,none,30.0,50,3,monophasic
Modulated_autosave_20260717_151033_569ms,Ext. digitorum (L),L_The_ED_FD_FCR B,3,66.71961874516796,74.71961874516796,99.07942811773773,,,none,30.0,50,3,monophasic
Modulated_autosave_20260717_151033_569ms,Ext. digitorum (L),L_The_ED_FD_FCR B,4,100.07942811773773,108.07942811773773,132.4392374903075,,,none,30.0,50,3,monophasic
Modulated_autosave_20260717_151033_569ms,Ext. digitorum (L),L_The_ED_FD_FCR B,5,133.4392374903075,141.4392374903075,165.79904686287728,,,none,30.0,50,3,monophasic
Modulated_autosave_20260717_151033_569ms,Ext. digitorum (L),L_The_ED_FD_FCR B,6,166.79904686287728,174.79904686287728,199.15885623544705,,,none,30.0,50,3,monophasic
Modulated_autosave_20260717_151033_569ms,Ext. digitorum (L),L_The_ED_FD_FCR B,7,200.15885623544705,208.15885623544705,232.51866560756207,,,none,30.0,50,3,monophasic
Modulated_autosave_20260717_151033_569ms,Ext. digitorum (L),L_The_ED_FD_FCR B,8,233.51866560756207,241.51866560756207,265.87847498013184,,,none,30.0,50,3,monophasic
Modulated_autosave_20260717_151033_569ms,Ext. digitorum (L),L_The_ED_FD_FCR B,9,266.87847498013184,274.87847498013184,299.2382843527016,,,none,30.0,50,3,monophasic
Modulated_autosave_20260717_151033_569ms,Ext. digitorum (L),L_The_ED_FD_FCR B,10,300.2382843527016,308.2382843527016,332.5980937252714,,,none,30.0,50,3,monophasic
Modulated_autosave_20260717_151033_569ms,Ext. digitorum (L),L_The_ED_FD_FCR B,1,0.7942811758425705,8.79428117584257,32.35980937256977,,,none,30.0,55,3,monophasic
Modulated_autosave_20260717_151033_569ms,Ext. digitorum (L),L_The_ED_FD_FCR B,2,33.35980937256977,41.35980937256977,65.71961874516796,,,none,30.0,55,3,monophasic
Modulated_autosave_20260717_151033_569ms,Ext. digitorum (L),L_The_ED_FD_FCR B,3,66.71961874516796,74.71961874516796,99.07942811773773,,,none,30.0,55,3,monophasic
Modulated_autosave_20260717_151033_569ms,Ext. digitorum (L),L_The_ED_FD_FCR B,4,100.07942811773773,108.07942811773773,132.4392374903075,,,none,30.0,55,3,monophasic
Modulated_autosave_20260717_151033_569ms,Ext. digitorum (L),L_The_ED_FD_FCR B,5,133.4392374903075,141.4392374903075,165.79904686287728,,,none,30.0,55,3,monophasic
Modulated_autosave_20260717_151033_569ms,Ext. digitorum (L),L_The_ED_FD_FCR B,6,166.79904686287728,174.79904686287728,199.15885623544705,,,none,30.0,55,3,monophasic
Modulated_autosave_20260717_151033_569ms,Ext. digitorum (L),L_The_ED_FD_FCR B,7,200.15885623544705,208.15885623544705,232.51866560756207,,,none,30.0,55,3,monophasic
Modulated_autosave_20260717_151033_569ms,Ext. digitorum (L),L_The_ED_FD_FCR B,8,233.51866560756207,241.51866560756207,265.87847498013184,,,none,30.0,55,3,monophasic
Modulated_autosave_20260717_151033_569ms,Ext. digitorum (L),L_The_ED_FD_FCR B,9,266.87847498013184,274.87847498013184,299.2382843527016,,,none,30.0,55,3,monophasic
Modulated_autosave_20260717_151033_569ms,Ext. digitorum (L),L_The_ED_FD_FCR B,10,300.2382843527016,308.2382843527016,332.5980937252714,,,none,30.0,55,3,monophasic
Modulated_autosave_20260717_151033_569ms,Ext. digitorum (L),L_The_ED_FD_FCR B,1,0.7942811758425705,8.79428117584257,32.35980937256977,,,none,30.0,60,3,monophasic
Modulated_autosave_20260717_151033_569ms,Ext. digitorum (L),L_The_ED_FD_FCR B,2,33.35980937256977,41.35980937256977,65.71961874516796,,,none,30.0,60,3,monophasic
Modulated_autosave_20260717_151033_569ms,Ext. digitorum (L),L_The_ED_FD_FCR B,3,66.71961874516796,74.71961874516796,99.07942811773773,,,none,30.0,60,3,monophasic
Modulated_autosave_20260717_151033_569ms,Ext. digitorum (L),L_The_ED_FD_FCR B,4,100.07942811773773,108.07942811773773,132.4392374903075,,,none,30.0,60,3,monophasic
Modulated_autosave_20260717_151033_569ms,Ext. digitorum (L),L_The_ED_FD_FCR B,5,133.4392374903075,141.4392374903075,165.79904686287728,,,none,30.0,60,3,monophasic
Modulated_autosave_20260717_151033_569ms,Ext. digitorum (L),L_The_ED_FD_FCR B,6,166.79904686287728,174.79904686287728,199.15885623544705,,,none,30.0,60,3,monophasic
Modulated_autosave_20260717_151033_569ms,Ext. digitorum (L),L_The_ED_FD_FCR B,7,200.15885623544705,208.15885623544705,232.51866560756207,,,none,30.0,60,3,monophasic
Modulated_autosave_20260717_151033_569ms,Ext. digitorum (L),L_The_ED_FD_FCR B,8,233.51866560756207,241.51866560756207,265.87847498013184,,,none,30.0,60,3,monophasic
Modulated_autosave_20260717_151033_569ms,Ext. digitorum (L),L_The_ED_FD_FCR B,9,266.87847498013184,274.87847498013184,299.2382843527016,,,none,30.0,60,3,monophasic
Modulated_autosave_20260717_151033_569ms,Ext. digitorum (L),L_The_ED_FD_FCR B,10,300.2382843527016,308.2382843527016,332.5980937252714,,,none,30.0,60,3,monophasic
Modulated_autosave_20260717_151033_569ms,Ext. digitorum (L),L_The_ED_FD_FCR B,1,0.7942811758425705,8.79428117584257,32.35980937256977,,,none,30.0,65,3,monophasic
Modulated_autosave_20260717_151033_569ms,Ext. digitorum (L),L_The_ED_FD_FCR B,2,33.35980937256977,41.35980937256977,65.71961874516796,,,none,30.0,65,3,monophasic
Modulated_autosave_20260717_151033_569ms,Ext. digitorum (L),L_The_ED_FD_FCR B,3,66.71961874516796,74.71961874516796,99.07942811773773,,,none,30.0,65,3,monophasic
Modulated_autosave_20260717_151033_569ms,Ext. digitorum (L),L_The_ED_FD_FCR B,4,100.07942811773773,108.07942811773773,132.4392374903075,,,none,30.0,65,3,monophasic
Modulated_autosave_20260717_151033_569ms,Ext. digitorum (L),L_The_ED_FD_FCR B,5,133.4392374903075,141.4392374903075,165.79904686287728,,,none,30.0,65,3,monophasic
Modulated_autosave_20260717_151033_569ms,Ext. digitorum (L),L_The_ED_FD_FCR B,6,166.79904686287728,174.79904686287728,199.15885623544705,,,none,30.0,65,3,monophasic
Modulated_autosave_20260717_151033_569ms,Ext. digitorum (L),L_The_ED_FD_FCR B,7,200.15885623544705,208.15885623544705,232.51866560756207,,,none,30.0,65,3,monophasic
Modulated_autosave_20260717_151033_569ms,Ext. digitorum (L),L_The_ED_FD_FCR B,8,233.51866560756207,241.51866560756207,265.87847498013184,,,none,30.0,65,3,monophasic
Modulated_autosave_20260717_151033_569ms,Ext. digitorum (L),L_The_ED_FD_FCR B,9,266.87847498013184,274.87847498013184,299.2382843527016,,,none,30.0,65,3,monophasic
Modulated_autosave_20260717_151033_569ms,Ext. digitorum (L),L_The_ED_FD_FCR B,10,300.2382843527016,308.2382843527016,332.5980937252714,,,none,30.0,65,3,monophasic
Modulated_autosave_20260717_151033_569ms,Ext. digitorum (L),L_The_ED_FD_FCR B,1,0.7942811758425705,8.79428117584257,32.35980937256977,,,none,30.0,70,3,monophasic
Modulated_autosave_20260717_151033_569ms,Ext. digitorum (L),L_The_ED_FD_FCR B,2,33.35980937256977,41.35980937256977,65.71961874516796,,,none,30.0,70,3,monophasic
Modulated_autosave_20260717_151033_569ms,Ext. digitorum (L),L_The_ED_FD_FCR B,3,66.71961874516796,74.71961874516796,99.07942811773773,,,none,30.0,70,3,monophasic
Modulated_autosave_20260717_151033_569ms,Ext. digitorum (L),L_The_ED_FD_FCR B,4,100.07942811773773,108.07942811773773,132.4392374903075,,,none,30.0,70,3,monophasic
Modulated_autosave_20260717_151033_569ms,Ext. digitorum (L),L_The_ED_FD_FCR B,5,133.4392374903075,141.4392374903075,165.79904686287728,,,none,30.0,70,3,monophasic
Modulated_autosave_20260717_151033_569ms,Ext. digitorum (L),L_The_ED_FD_FCR B,6,166.79904686287728,174.79904686287728,199.15885623544705,,,none,30.0,70,3,monophasic
Modulated_autosave_20260717_151033_569ms,Ext. digitorum (L),L_The_ED_FD_FCR B,7,200.15885623544705,208.15885623544705,232.51866560756207,,,none,30.0,70,3,monophasic
Modulated_autosave_20260717_151033_569ms,Ext. digitorum (L),L_The_ED_FD_FCR B,8,233.51866560756207,241.51866560756207,265.87847498013184,,,none,30.0,70,3,monophasic
Modulated_autosave_20260717_151033_569ms,Ext. digitorum (L),L_The_ED_FD_FCR B,9,266.87847498013184,274.87847498013184,299.2382843527016,,,none,30.0,70,3,monophasic
Modulated_autosave_20260717_151033_569ms,Ext. digitorum (L),L_The_ED_FD_FCR B,10,300.2382843527016,308.2382843527016,332.5980937252714,,,none,30.0,70,3,monophasic
Modulated_autosave_20260717_151033_569ms,Ext. digitorum (L),L_The_ED_FD_FCR B,1,0.7942811758425705,8.79428117584257,32.35980937256977,,,none,30.0,75,3,monophasic
Modulated_autosave_20260717_151033_569ms,Ext. digitorum (L),L_The_ED_FD_FCR B,2,33.35980937256977,41.35980937256977,65.71961874516796,,,none,30.0,75,3,monophasic
Modulated_autosave_20260717_151033_569ms,Ext. digitorum (L),L_The_ED_FD_FCR B,3,66.71961874516796,74.71961874516796,99.07942811773773,,,none,30.0,75,3,monophasic
Modulated_autosave_20260717_151033_569ms,Ext. digitorum (L),L_The_ED_FD_FCR B,4,100.07942811773773,108.07942811773773,132.4392374903075,,,none,30.0,75,3,monophasic
Modulated_autosave_20260717_151033_569ms,Ext. digitorum (L),L_The_ED_FD_FCR B,5,133.4392374903075,141.4392374903075,165.79904686287728,,,none,30.0,75,3,monophasic
Modulated_autosave_20260717_151033_569ms,Ext. digitorum (L),L_The_ED_FD_FCR B,6,166.79904686287728,174.79904686287728,199.15885623544705,,,none,30.0,75,3,monophasic
Modulated_autosave_20260717_151033_569ms,Ext. digitorum (L),L_The_ED_FD_FCR B,7,200.15885623544705,208.15885623544705,232.51866560756207,,,none,30.0,75,3,monophasic
Modulated_autosave_20260717_151033_569ms,Ext. digitorum (L),L_The_ED_FD_FCR B,8,233.51866560756207,241.51866560756207,265.87847498013184,,,none,30.0,75,3,monophasic
Modulated_autosave_20260717_151033_569ms,Ext. digitorum (L),L_The_ED_FD_FCR B,9,266.87847498013184,274.87847498013184,299.2382843527016,,,none,30.0,75,3,monophasic
Modulated_autosave_20260717_151033_569ms,Ext. digitorum (L),L_The_ED_FD_FCR B,10,300.2382843527016,308.2382843527016,332.5980937252714,,,none,30.0,75,3,monophasic
Modulated_autosave_20260717_151033_569ms,Ext. digitorum (L),L_The_ED_FD_FCR B,1,0.7942811758425705,8.79428117584257,32.35980937256977,,,none,30.0,80,3,monophasic
Modulated_autosave_20260717_151033_569ms,Ext. digitorum (L),L_The_ED_FD_FCR B,2,33.35980937256977,41.35980937256977,65.71961874516796,,,none,30.0,80,3,monophasic
Modulated_autosave_20260717_151033_569ms,Ext. digitorum (L),L_The_ED_FD_FCR B,3,66.71961874516796,74.71961874516796,99.07942811773773,,,none,30.0,80,3,monophasic
Modulated_autosave_20260717_151033_569ms,Ext. digitorum (L),L_The_ED_FD_FCR B,4,100.07942811773773,108.07942811773773,132.4392374903075,,,none,30.0,80,3,monophasic
Modulated_autosave_20260717_151033_569ms,Ext. digitorum (L),L_The_ED_FD_FCR B,5,133.4392374903075,141.4392374903075,165.79904686287728,,,none,30.0,80,3,monophasic
Modulated_autosave_20260717_151033_569ms,Ext. digitorum (L),L_The_ED_FD_FCR B,6,166.79904686287728,174.79904686287728,199.15885623544705,,,none,30.0,80,3,monophasic
Modulated_autosave_20260717_151033_569ms,Ext. digitorum (L),L_The_ED_FD_FCR B,7,200.15885623544705,208.15885623544705,232.51866560756207,,,none,30.0,80,3,monophasic
Modulated_autosave_20260717_151033_569ms,Ext. digitorum (L),L_The_ED_FD_FCR B,8,233.51866560756207,241.51866560756207,265.87847498013184,,,none,30.0,80,3,monophasic
Modulated_autosave_20260717_151033_569ms,Ext. digitorum (L),L_The_ED_FD_FCR B,9,266.87847498013184,274.87847498013184,299.2382843527016,,,none,30.0,80,3,monophasic
Modulated_autosave_20260717_151033_569ms,Ext. digitorum (L),L_The_ED_FD_FCR B,10,300.2382843527016,308.2382843527016,332.5980937252714,,,none,30.0,80,3,monophasic
Modulated_autosave_20260717_151033_569ms,Ext. digitorum (L),L_The_ED_FD_FCR B,1,0.7942811758425705,8.79428117584257,32.35980937256977,,,none,30.0,85,3,monophasic
Modulated_autosave_20260717_151033_569ms,Ext. digitorum (L),L_The_ED_FD_FCR B,2,33.35980937256977,41.35980937256977,65.71961874516796,,,none,30.0,85,3,monophasic
Modulated_autosave_20260717_151033_569ms,Ext. digitorum (L),L_The_ED_FD_FCR B,3,66.71961874516796,74.71961874516796,99.07942811773773,,,none,30.0,85,3,monophasic
Modulated_autosave_20260717_151033_569ms,Ext. digitorum (L),L_The_ED_FD_FCR B,4,100.07942811773773,108.07942811773773,132.4392374903075,,,none,30.0,85,3,monophasic
Modulated_autosave_20260717_151033_569ms,Ext. digitorum (L),L_The_ED_FD_FCR B,5,133.4392374903075,141.4392374903075,165.79904686287728,,,none,30.0,85,3,monophasic
Modulated_autosave_20260717_151033_569ms,Ext. digitorum (L),L_The_ED_FD_FCR B,6,166.79904686287728,174.79904686287728,199.15885623544705,,,none,30.0,85,3,monophasic
Modulated_autosave_20260717_151033_569ms,Ext. digitorum (L),L_The_ED_FD_FCR B,7,200.15885623544705,208.15885623544705,232.51866560756207,,,none,30.0,85,3,monophasic
Modulated_autosave_20260717_151033_569ms,Ext. digitorum (L),L_The_ED_FD_FCR B,8,233.51866560756207,241.51866560756207,265.87847498013184,,,none,30.0,85,3,monophasic
Modulated_autosave_20260717_151033_569ms,Ext. digitorum (L),L_The_ED_FD_FCR B,9,266.87847498013184,274.87847498013184,299.2382843527016,,,none,30.0,85,3,monophasic
Modulated_autosave_20260717_151033_569ms,Ext. digitorum (L),L_The_ED_FD_FCR B,10,300.2382843527016,308.2382843527016,332.5980937252714,,,none,30.0,85,3,monophasic
Modulated_autosave_20260717_151033_569ms,Ext. digitorum (L),L_The_ED_FD_FCR B,1,0.7942811758425705,8.79428117584257,32.35980937256977,,,none,30.0,90,3,monophasic
Modulated_autosave_20260717_151033_569ms,Ext. digitorum (L),L_The_ED_FD_FCR B,2,33.35980937256977,41.35980937256977,65.71961874516796,,,none,30.0,90,3,monophasic
Modulated_autosave_20260717_151033_569ms,Ext. digitorum (L),L_The_ED_FD_FCR B,3,66.71961874516796,74.71961874516796,99.07942811773773,,,none,30.0,90,3,monophasic
Modulated_autosave_20260717_151033_569ms,Ext. digitorum (L),L_The_ED_FD_FCR B,4,100.07942811773773,108.07942811773773,132.4392374903075,,,none,30.0,90,3,monophasic
Modulated_autosave_20260717_151033_569ms,Ext. digitorum (L),L_The_ED_FD_FCR B,5,133.4392374903075,141.4392374903075,165.79904686287728,,,none,30.0,90,3,monophasic
Modulated_autosave_20260717_151033_569ms,Ext. digitorum (L),L_The_ED_FD_FCR B,6,166.79904686287728,174.79904686287728,199.15885623544705,,,none,30.0,90,3,monophasic
Modulated_autosave_20260717_151033_569ms,Ext. digitorum (L),L_The_ED_FD_FCR B,7,200.15885623544705,208.15885623544705,232.51866560756207,,,none,30.0,90,3,monophasic
Modulated_autosave_20260717_151033_569ms,Ext. digitorum (L),L_The_ED_FD_FCR B,8,233.51866560756207,241.51866560756207,265.87847498013184,,,none,30.0,90,3,monophasic
Modulated_autosave_20260717_151033_569ms,Ext. digitorum (L),L_The_ED_FD_FCR B,9,266.87847498013184,274.87847498013184,299.2382843527016,,,none,30.0,90,3,monophasic
Modulated_autosave_20260717_151033_569ms,Ext. digitorum (L),L_The_ED_FD_FCR B,10,300.2382843527016,308.2382843527016,332.5980937252714,,,none,30.0,90,3,monophasic
Modulated_autosave_20260717_151033_569ms,Ext. digitorum (L),L_The_ED_FD_FCR B,1,0.7942811758425705,8.79428117584257,32.35980937256977,,,none,30.0,95,3,monophasic
Modulated_autosave_20260717_151033_569ms,Ext. digitorum (L),L_The_ED_FD_FCR B,2,33.35980937256977,41.35980937256977,65.71961874516796,,,none,30.0,95,3,monophasic
Modulated_autosave_20260717_151033_569ms,Ext. digitorum (L),L_The_ED_FD_FCR B,3,66.71961874516796,74.71961874516796,99.07942811773773,,,none,30.0,95,3,monophasic
Modulated_autosave_20260717_151033_569ms,Ext. digitorum (L),L_The_ED_FD_FCR B,4,100.07942811773773,108.07942811773773,132.4392374903075,,,none,30.0,95,3,monophasic
Modulated_autosave_20260717_151033_569ms,Ext. digitorum (L),L_The_ED_FD_FCR B,5,133.4392374903075,141.4392374903075,165.79904686287728,,,none,30.0,95,3,monophasic
Modulated_autosave_20260717_151033_569ms,Ext. digitorum (L),L_The_ED_FD_FCR B,6,166.79904686287728,174.79904686287728,199.15885623544705,,,none,30.0,95,3,monophasic
Modulated_autosave_20260717_151033_569ms,Ext. digitorum (L),L_The_ED_FD_FCR B,7,200.15885623544705,208.15885623544705,232.51866560756207,,,none,30.0,95,3,monophasic
Modulated_autosave_20260717_151033_569ms,Ext. digitorum (L),L_The_ED_FD_FCR B,8,233.51866560756207,241.51866560756207,265.87847498013184,,,none,30.0,95,3,monophasic
Modulated_autosave_20260717_151033_569ms,Ext. digitorum (L),L_The_ED_FD_FCR B,9,266.87847498013184,274.87847498013184,299.2382843527016,,,none,30.0,95,3,monophasic
Modulated_autosave_20260717_151033_569ms,Ext. digitorum (L),L_The_ED_FD_FCR B,10,300.2382843527016,308.2382843527016,332.5980937252714,,,none,30.0,95,3,monophasic
Modulated_autosave_20260717_151033_569ms,Ext. digitorum (L),L_The_ED_FD_FCR B,1,0.7942811758425705,8.79428117584257,32.35980937256977,,,none,30.0,100,3,monophasic
Modulated_autosave_20260717_151033_569ms,Ext. digitorum (L),L_The_ED_FD_FCR B,2,33.35980937256977,41.35980937256977,65.71961874516796,,,none,30.0,100,3,monophasic
Modulated_autosave_20260717_151033_569ms,Ext. digitorum (L),L_The_ED_FD_FCR B,3,66.71961874516796,74.71961874516796,99.07942811773773,,,none,30.0,100,3,monophasic
Modulated_autosave_20260717_151033_569ms,Ext. digitorum (L),L_The_ED_FD_FCR B,4,100.07942811773773,108.07942811773773,132.4392374903075,,,none,30.0,100,3,monophasic
Modulated_autosave_20260717_151033_569ms,Ext. digitorum (L),L_The_ED_FD_FCR B,5,133.4392374903075,141.4392374903075,165.79904686287728,,,none,30.0,100,3,monophasic
Modulated_autosave_20260717_151033_569ms,Ext. digitorum (L),L_The_ED_FD_FCR B,6,166.79904686287728,174.79904686287728,199.15885623544705,,,none,30.0,100,3,monophasic
Modulated_autosave_20260717_151033_569ms,Ext. digitorum (L),L_The_ED_FD_FCR B,7,200.15885623544705,208.15885623544705,232.51866560756207,,,none,30.0,100,3,monophasic
Modulated_autosave_20260717_151033_569ms,Ext. digitorum (L),L_The_ED_FD_FCR B,8,233.51866560756207,241.51866560756207,265.87847498013184,,,none,30.0,100,3,monophasic
Modulated_autosave_20260717_151033_569ms,Ext. digitorum (L),L_The_ED_FD_FCR B,9,266.87847498013184,274.87847498013184,299.2382843527016,,,none,30.0,100,3,monophasic
Modulated_autosave_20260717_151033_569ms,Ext. digitorum (L),L_The_ED_FD_FCR B,10,300.2382843527016,308.2382843527016,332.5980937252714,,,none,30.0,100,3,monophasic
Modulated_autosave_20260717_151033_569ms,Ext. digitorum (L),L_The_ED_FD_FCR B,1,0.7942811758425705,8.79428117584257,32.35980937256977,,,none,30.0,105,3,monophasic
Modulated_autosave_20260717_151033_569ms,Ext. digitorum (L),L_The_ED_FD_FCR B,2,33.35980937256977,41.35980937256977,65.71961874516796,,,none,30.0,105,3,monophasic
Modulated_autosave_20260717_151033_569ms,Ext. digitorum (L),L_The_ED_FD_FCR B,3,66.71961874516796,74.71961874516796,99.07942811773773,,,none,30.0,105,3,monophasic
Modulated_autosave_20260717_151033_569ms,Ext. digitorum (L),L_The_ED_FD_FCR B,4,100.07942811773773,108.07942811773773,132.4392374903075,,,none,30.0,105,3,monophasic
Modulated_autosave_20260717_151033_569ms,Ext. digitorum (L),L_The_ED_FD_FCR B,5,133.4392374903075,141.4392374903075,165.79904686287728,,,none,30.0,105,3,monophasic
Modulated_autosave_20260717_151033_569ms,Ext. digitorum (L),L_The_ED_FD_FCR B,6,166.79904686287728,174.79904686287728,199.15885623544705,,,none,30.0,105,3,monophasic
Modulated_autosave_20260717_151033_569ms,Ext. digitorum (L),L_The_ED_FD_FCR B,7,200.15885623544705,208.15885623544705,232.51866560756207,,,none,30.0,105,3,monophasic
Modulated_autosave_20260717_151033_569ms,Ext. digitorum (L),L_The_ED_FD_FCR B,8,233.51866560756207,241.51866560756207,265.87847498013184,,,none,30.0,105,3,monophasic
Modulated_autosave_20260717_151033_569ms,Ext. digitorum (L),L_The_ED_FD_FCR B,9,266.87847498013184,274.87847498013184,299.2382843527016,,,none,30.0,105,3,monophasic
Modulated_autosave_20260717_151033_569ms,Ext. digitorum (L),L_The_ED_FD_FCR B,10,300.2382843527016,308.2382843527016,332.5980937252714,,,none,30.0,105,3,monophasic
Modulated_autosave_20260717_151033_569ms,Ext. digitorum (L),L_The_ED_FD_FCR B,1,0.7942811758425705,8.79428117584257,32.35980937256977,,,none,30.0,110,3,monophasic
Modulated_autosave_20260717_151033_569ms,Ext. digitorum (L),L_The_ED_FD_FCR B,2,33.35980937256977,41.35980937256977,65.71961874516796,,,none,30.0,110,3,monophasic
Modulated_autosave_20260717_151033_569ms,Ext. digitorum (L),L_The_ED_FD_FCR B,3,66.71961874516796,74.71961874516796,99.07942811773773,,,none,30.0,110,3,monophasic
Modulated_autosave_20260717_151033_569ms,Ext. digitorum (L),L_The_ED_FD_FCR B,4,100.07942811773773,108.07942811773773,132.4392374903075,,,none,30.0,110,3,monophasic
Modulated_autosave_20260717_151033_569ms,Ext. digitorum (L),L_The_ED_FD_FCR B,5,133.4392374903075,141.4392374903075,165.79904686287728,,,none,30.0,110,3,monophasic
Modulated_autosave_20260717_151033_569ms,Ext. digitorum (L),L_The_ED_FD_FCR B,6,166.79904686287728,174.79904686287728,199.15885623544705,,,none,30.0,110,3,monophasic
Modulated_autosave_20260717_151033_569ms,Ext. digitorum (L),L_The_ED_FD_FCR B,7,200.15885623544705,208.15885623544705,232.51866560756207,,,none,30.0,110,3,monophasic
Modulated_autosave_20260717_151033_569ms,Ext. digitorum (L),L_The_ED_FD_FCR B,8,233.51866560756207,241.51866560756207,265.87847498013184,,,none,30.0,110,3,monophasic
Modulated_autosave_20260717_151033_569ms,Ext. digitorum (L),L_The_ED_FD_FCR B,9,266.87847498013184,274.87847498013184,299.2382843527016,,,none,30.0,110,3,monophasic
Modulated_autosave_20260717_151033_569ms,Ext. digitorum (L),L_The_ED_FD_FCR B,10,300.2382843527016,308.2382843527016,332.5980937252714,,,none,30.0,110,3,monophasic
Modulated_autosave_20260717_151033_569ms,Ext. digitorum (L),L_The_ED_FD_FCR B,1,0.7942811758425705,8.79428117584257,32.35980937256977,,,none,30.0,115,3,monophasic
Modulated_autosave_20260717_151033_569ms,Ext. digitorum (L),L_The_ED_FD_FCR B,2,33.35980937256977,41.35980937256977,65.71961874516796,,,none,30.0,115,3,monophasic
Modulated_autosave_20260717_151033_569ms,Ext. digitorum (L),L_The_ED_FD_FCR B,3,66.71961874516796,74.71961874516796,99.07942811773773,,,none,30.0,115,3,monophasic
Modulated_autosave_20260717_151033_569ms,Ext. digitorum (L),L_The_ED_FD_FCR B,4,100.07942811773773,108.07942811773773,132.4392374903075,,,none,30.0,115,3,monophasic
Modulated_autosave_20260717_151033_569ms,Ext. digitorum (L),L_The_ED_FD_FCR B,5,133.4392374903075,141.4392374903075,165.79904686287728,,,none,30.0,115,3,monophasic
Modulated_autosave_20260717_151033_569ms,Ext. digitorum (L),L_The_ED_FD_FCR B,6,166.79904686287728,174.79904686287728,199.15885623544705,,,none,30.0,115,3,monophasic
Modulated_autosave_20260717_151033_569ms,Ext. digitorum (L),L_The_ED_FD_FCR B,7,200.15885623544705,208.15885623544705,232.51866560756207,,,none,30.0,115,3,monophasic
Modulated_autosave_20260717_151033_569ms,Ext. digitorum (L),L_The_ED_FD_FCR B,8,233.51866560756207,241.51866560756207,265.87847498013184,,,none,30.0,115,3,monophasic
Modulated_autosave_20260717_151033_569ms,Ext. digitorum (L),L_The_ED_FD_FCR B,9,266.87847498013184,274.87847498013184,299.2382843527016,,,none,30.0,115,3,monophasic
Modulated_autosave_20260717_151033_569ms,Ext. digitorum (L),L_The_ED_FD_FCR B,10,300.2382843527016,308.2382843527016,332.5980937252714,,,none,30.0,115,3,monophasic
Modulated_autosave_20260717_151033_569ms,Ext. digitorum (L),L_The_ED_FD_FCR B,1,0.7942811758425705,8.79428117584257,32.35980937256977,,,none,30.0,120,3,monophasic
Modulated_autosave_20260717_151033_569ms,Ext. digitorum (L),L_The_ED_FD_FCR B,2,33.35980937256977,41.35980937256977,65.71961874516796,,,none,30.0,120,3,monophasic
Modulated_autosave_20260717_151033_569ms,Ext. digitorum (L),L_The_ED_FD_FCR B,3,66.71961874516796,74.71961874516796,99.07942811773773,,,none,30.0,120,3,monophasic
Modulated_autosave_20260717_151033_569ms,Ext. digitorum (L),L_The_ED_FD_FCR B,4,100.07942811773773,108.07942811773773,132.4392374903075,,,none,30.0,120,3,monophasic
Modulated_autosave_20260717_151033_569ms,Ext. digitorum (L),L_The_ED_FD_FCR B,5,133.4392374903075,141.4392374903075,165.79904686287728,,,none,30.0,120,3,monophasic
Modulated_autosave_20260717_151033_569ms,Ext. digitorum (L),L_The_ED_FD_FCR B,6,166.79904686287728,174.79904686287728,199.15885623544705,,,none,30.0,120,3,monophasic
Modulated_autosave_20260717_151033_569ms,Ext. digitorum (L),L_The_ED_FD_FCR B,7,200.15885623544705,208.15885623544705,232.51866560756207,,,none,30.0,120,3,monophasic
Modulated_autosave_20260717_151033_569ms,Ext. digitorum (L),L_The_ED_FD_FCR B,8,233.51866560756207,241.51866560756207,265.87847498013184,,,none,30.0,120,3,monophasic
Modulated_autosave_20260717_151033_569ms,Ext. digitorum (L),L_The_ED_FD_FCR B,9,266.87847498013184,274.87847498013184,299.2382843527016,,,none,30.0,120,3,monophasic
Modulated_autosave_20260717_151033_569ms,Ext. digitorum (L),L_The_ED_FD_FCR B,10,300.2382843527016,308.2382843527016,332.5980937252714,,,none,30.0,120,3,monophasic
Modulated_autosave_20260717_151033_569ms,Ext. digitorum (L),L_The_ED_FD_FCR B,1,0.7942811758425705,8.79428117584257,32.35980937256977,,,none,30.0,125,3,monophasic
Modulated_autosave_20260717_151033_569ms,Ext. digitorum (L),L_The_ED_FD_FCR B,2,33.35980937256977,41.35980937256977,65.71961874516796,,,none,30.0,125,3,monophasic
Modulated_autosave_20260717_151033_569ms,Ext. digitorum (L),L_The_ED_FD_FCR B,3,66.71961874516796,74.71961874516796,99.07942811773773,,,none,30.0,125,3,monophasic
Modulated_autosave_20260717_151033_569ms,Ext. digitorum (L),L_The_ED_FD_FCR B,4,100.07942811773773,108.07942811773773,132.4392374903075,,,none,30.0,125,3,monophasic
Modulated_autosave_20260717_151033_569ms,Ext. digitorum (L),L_The_ED_FD_FCR B,5,133.4392374903075,141.4392374903075,165.79904686287728,,,none,30.0,125,3,monophasic
Modulated_autosave_20260717_151033_569ms,Ext. digitorum (L),L_The_ED_FD_FCR B,6,166.79904686287728,174.79904686287728,199.15885623544705,,,none,30.0,125,3,monophasic
Modulated_autosave_20260717_151033_569ms,Ext. digitorum (L),L_The_ED_FD_FCR B,7,200.15885623544705,208.15885623544705,232.51866560756207,,,none,30.0,125,3,monophasic
Modulated_autosave_20260717_151033_569ms,Ext. digitorum (L),L_The_ED_FD_FCR B,8,233.51866560756207,241.51866560756207,265.87847498013184,,,none,30.0,125,3,monophasic
Modulated_autosave_20260717_151033_569ms,Ext. digitorum (L),L_The_ED_FD_FCR B,9,266.87847498013184,274.87847498013184,299.2382843527016,,,none,30.0,125,3,monophasic
Modulated_autosave_20260717_151033_569ms,Ext. digitorum (L),L_The_ED_FD_FCR B,10,300.2382843527016,308.2382843527016,332.5980937252714,,,none,30.0,125,3,monophasic
Modulated_autosave_20260717_151033_569ms,Ext. digitorum (L),L_The_ED_FD_FCR B,1,0.7942811758425705,8.79428117584257,32.35980937256977,,,none,30.0,130,3,monophasic
Modulated_autosave_20260717_151033_569ms,Ext. digitorum (L),L_The_ED_FD_FCR B,2,33.35980937256977,41.35980937256977,65.71961874516796,,,none,30.0,130,3,monophasic
Modulated_autosave_20260717_151033_569ms,Ext. digitorum (L),L_The_ED_FD_FCR B,3,66.71961874516796,74.71961874516796,99.07942811773773,,,none,30.0,130,3,monophasic
Modulated_autosave_20260717_151033_569ms,Ext. digitorum (L),L_The_ED_FD_FCR B,4,100.07942811773773,108.07942811773773,132.4392374903075,,,none,30.0,130,3,monophasic
Modulated_autosave_20260717_151033_569ms,Ext. digitorum (L),L_The_ED_FD_FCR B,5,133.4392374903075,141.4392374903075,165.79904686287728,,,none,30.0,130,3,monophasic
Modulated_autosave_20260717_151033_569ms,Ext. digitorum (L),L_The_ED_FD_FCR B,6,166.79904686287728,174.79904686287728,199.15885623544705,,,none,30.0,130,3,monophasic
Modulated_autosave_20260717_151033_569ms,Ext. digitorum (L),L_The_ED_FD_FCR B,7,200.15885623544705,208.15885623544705,232.51866560756207,,,none,30.0,130,3,monophasic
Modulated_autosave_20260717_151033_569ms,Ext. digitorum (L),L_The_ED_FD_FCR B,8,233.51866560756207,241.51866560756207,265.87847498013184,,,none,30.0,130,3,monophasic
Modulated_autosave_20260717_151033_569ms,Ext. digitorum (L),L_The_ED_FD_FCR B,9,266.87847498013184,274.87847498013184,299.2382843527016,,,none,30.0,130,3,monophasic
Modulated_autosave_20260717_151033_569ms,Ext. digitorum (L),L_The_ED_FD_FCR B,10,300.2382843527016,308.2382843527016,332.5980937252714,,,none,30.0,130,3,monophasic
Modulated_autosave_20260717_151033_569ms,Ext. digitorum (L),L_The_ED_FD_FCR B,1,0.7942811758425705,8.79428117584257,32.35980937256977,,,none,30.0,135,3,monophasic
Modulated_autosave_20260717_151033_569ms,Ext. digitorum (L),L_The_ED_FD_FCR B,2,33.35980937256977,41.35980937256977,65.71961874516796,,,none,30.0,135,3,monophasic
Modulated_autosave_20260717_151033_569ms,Ext. digitorum (L),L_The_ED_FD_FCR B,3,66.71961874516796,74.71961874516796,99.07942811773773,,,none,30.0,135,3,monophasic
Modulated_autosave_20260717_151033_569ms,Ext. digitorum (L),L_The_ED_FD_FCR B,4,100.07942811773773,108.07942811773773,132.4392374903075,,,none,30.0,135,3,monophasic
Modulated_autosave_20260717_151033_569ms,Ext. digitorum (L),L_The_ED_FD_FCR B,5,133.4392374903075,141.4392374903075,165.79904686287728,,,none,30.0,135,3,monophasic
Modulated_autosave_20260717_151033_569ms,Ext. digitorum (L),L_The_ED_FD_FCR B,6,166.79904686287728,174.79904686287728,199.15885623544705,,,none,30.0,135,3,monophasic
Modulated_autosave_20260717_151033_569ms,Ext. digitorum (L),L_The_ED_FD_FCR B,7,200.15885623544705,208.15885623544705,232.51866560756207,,,none,30.0,135,3,monophasic
Modulated_autosave_20260717_151033_569ms,Ext. digitorum (L),L_The_ED_FD_FCR B,8,233.51866560756207,241.51866560756207,265.87847498013184,,,none,30.0,135,3,monophasic
Modulated_autosave_20260717_151033_569ms,Ext. digitorum (L),L_The_ED_FD_FCR B,9,266.87847498013184,274.87847498013184,299.2382843527016,,,none,30.0,135,3,monophasic
Modulated_autosave_20260717_151033_569ms,Ext. digitorum (L),L_The_ED_FD_FCR B,10,300.2382843527016,308.2382843527016,332.5980937252714,,,none,30.0,135,3,monophasic
Modulated_autosave_20260717_151033_569ms,Ext. digitorum (L),L_The_ED_FD_FCR B,1,0.7942811758425705,8.79428117584257,32.35980937256977,0.10775921121239662,0.10775921121239662,none,30.0,140,3,monophasic
Modulated_autosave_20260717_151033_569ms,Ext. digitorum (L),L_The_ED_FD_FCR B,2,33.35980937256977,41.35980937256977,65.71961874516796,0.006713969865813851,0.006713969865813851,none,30.0,140,3,monophasic
Modulated_autosave_20260717_151033_569ms,Ext. digitorum (L),L_The_ED_FD_FCR B,3,66.71961874516796,74.71961874516796,99.07942811773773,0.11279468983411789,0.11279468983411789,none,30.0,140,3,monophasic
Modulated_autosave_20260717_151033_569ms,Ext. digitorum (L),L_The_ED_FD_FCR B,4,100.07942811773773,108.07942811773773,132.4392374903075,0.0117494473233819,0.0117494473233819,none,30.0,140,3,monophasic
Modulated_autosave_20260717_151033_569ms,Ext. digitorum (L),L_The_ED_FD_FCR B,5,133.4392374903075,141.4392374903075,165.79904686287728,0.10809490829706192,0.10809490829706192,none,30.0,140,3,monophasic
Modulated_autosave_20260717_151033_569ms,Ext. digitorum (L),L_The_ED_FD_FCR B,6,166.79904686287728,174.79904686287728,199.15885623544705,0.014435034710913897,0.014435034710913897,none,30.0,140,3,monophasic
Modulated_autosave_20260717_151033_569ms,Ext. digitorum (L),L_The_ED_FD_FCR B,7,200.15885623544705,208.15885623544705,232.51866560756207,0.008056763792410493,0.008056763792410493,none,30.0,140,3,monophasic
Modulated_autosave_20260717_151033_569ms,Ext. digitorum (L),L_The_ED_FD_FCR B,8,233.51866560756207,241.51866560756207,265.87847498013184,0.11245898902416229,0.11245898902416229,none,30.0,140,3,monophasic
Modulated_autosave_20260717_151033_569ms,Ext. digitorum (L),L_The_ED_FD_FCR B,9,266.87847498013184,274.87847498013184,299.2382843527016,,,none,30.0,140,3,monophasic
Modulated_autosave_20260717_151033_569ms,Ext. digitorum (L),L_The_ED_FD_FCR B,10,300.2382843527016,308.2382843527016,332.5980937252714,0.10238803550601006,0.10238803550601006,none,30.0,140,3,monophasic
Modulated_autosave_20260717_151033_569ms,Flex. digitorum (L),L_The_ED_FD_FCR C,1,0.7942811758425705,8.79428117584257,32.35980937256977,,,none,30.0,45,3,monophasic
Modulated_autosave_20260717_151033_569ms,Flex. digitorum (L),L_The_ED_FD_FCR C,2,33.35980937256977,41.35980937256977,65.71961874516796,,,none,30.0,45,3,monophasic
Modulated_autosave_20260717_151033_569ms,Flex. digitorum (L),L_The_ED_FD_FCR C,3,66.71961874516796,74.71961874516796,99.07942811773773,,,none,30.0,45,3,monophasic
Modulated_autosave_20260717_151033_569ms,Flex. digitorum (L),L_The_ED_FD_FCR C,4,100.07942811773773,108.07942811773773,132.4392374903075,,,none,30.0,45,3,monophasic
Modulated_autosave_20260717_151033_569ms,Flex. digitorum (L),L_The_ED_FD_FCR C,5,133.4392374903075,141.4392374903075,165.79904686287728,,,none,30.0,45,3,monophasic
Modulated_autosave_20260717_151033_569ms,Flex. digitorum (L),L_The_ED_FD_FCR C,6,166.79904686287728,174.79904686287728,199.15885623544705,,,none,30.0,45,3,monophasic
Modulated_autosave_20260717_151033_569ms,Flex. digitorum (L),L_The_ED_FD_FCR C,7,200.15885623544705,208.15885623544705,232.51866560756207,,,none,30.0,45,3,monophasic
Modulated_autosave_20260717_151033_569ms,Flex. digitorum (L),L_The_ED_FD_FCR C,8,233.51866560756207,241.51866560756207,265.87847498013184,,,none,30.0,45,3,monophasic
Modulated_autosave_20260717_151033_569ms,Flex. digitorum (L),L_The_ED_FD_FCR C,9,266.87847498013184,274.87847498013184,299.2382843527016,,,none,30.0,45,3,monophasic
Modulated_autosave_20260717_151033_569ms,Flex. digitorum (L),L_The_ED_FD_FCR C,10,300.2382843527016,308.2382843527016,332.5980937252714,,,none,30.0,45,3,monophasic
Modulated_autosave_20260717_151033_569ms,Flex. digitorum (L),L_The_ED_FD_FCR C,1,0.7942811758425705,8.79428117584257,32.35980937256977,,,none,30.0,50,3,monophasic
Modulated_autosave_20260717_151033_569ms,Flex. digitorum (L),L_The_ED_FD_FCR C,2,33.35980937256977,41.35980937256977,65.71961874516796,,,none,30.0,50,3,monophasic
Modulated_autosave_20260717_151033_569ms,Flex. digitorum (L),L_The_ED_FD_FCR C,3,66.71961874516796,74.71961874516796,99.07942811773773,,,none,30.0,50,3,monophasic
Modulated_autosave_20260717_151033_569ms,Flex. digitorum (L),L_The_ED_FD_FCR C,4,100.07942811773773,108.07942811773773,132.4392374903075,,,none,30.0,50,3,monophasic
Modulated_autosave_20260717_151033_569ms,Flex. digitorum (L),L_The_ED_FD_FCR C,5,133.4392374903075,141.4392374903075,165.79904686287728,,,none,30.0,50,3,monophasic
Modulated_autosave_20260717_151033_569ms,Flex. digitorum (L),L_The_ED_FD_FCR C,6,166.79904686287728,174.79904686287728,199.15885623544705,,,none,30.0,50,3,monophasic
Modulated_autosave_20260717_151033_569ms,Flex. digitorum (L),L_The_ED_FD_FCR C,7,200.15885623544705,208.15885623544705,232.51866560756207,,,none,30.0,50,3,monophasic
Modulated_autosave_20260717_151033_569ms,Flex. digitorum (L),L_The_ED_FD_FCR C,8,233.51866560756207,241.51866560756207,265.87847498013184,,,none,30.0,50,3,monophasic
Modulated_autosave_20260717_151033_569ms,Flex. digitorum (L),L_The_ED_FD_FCR C,9,266.87847498013184,274.87847498013184,299.2382843527016,,,none,30.0,50,3,monophasic
Modulated_autosave_20260717_151033_569ms,Flex. digitorum (L),L_The_ED_FD_FCR C,10,300.2382843527016,308.2382843527016,332.5980937252714,,,none,30.0,50,3,monophasic
Modulated_autosave_20260717_151033_569ms,Flex. digitorum (L),L_The_ED_FD_FCR C,1,0.7942811758425705,8.79428117584257,32.35980937256977,,,none,30.0,55,3,monophasic
Modulated_autosave_20260717_151033_569ms,Flex. digitorum (L),L_The_ED_FD_FCR C,2,33.35980937256977,41.35980937256977,65.71961874516796,,,none,30.0,55,3,monophasic
Modulated_autosave_20260717_151033_569ms,Flex. digitorum (L),L_The_ED_FD_FCR C,3,66.71961874516796,74.71961874516796,99.07942811773773,,,none,30.0,55,3,monophasic
Modulated_autosave_20260717_151033_569ms,Flex. digitorum (L),L_The_ED_FD_FCR C,4,100.07942811773773,108.07942811773773,132.4392374903075,,,none,30.0,55,3,monophasic
Modulated_autosave_20260717_151033_569ms,Flex. digitorum (L),L_The_ED_FD_FCR C,5,133.4392374903075,141.4392374903075,165.79904686287728,,,none,30.0,55,3,monophasic
Modulated_autosave_20260717_151033_569ms,Flex. digitorum (L),L_The_ED_FD_FCR C,6,166.79904686287728,174.79904686287728,199.15885623544705,,,none,30.0,55,3,monophasic
Modulated_autosave_20260717_151033_569ms,Flex. digitorum (L),L_The_ED_FD_FCR C,7,200.15885623544705,208.15885623544705,232.51866560756207,,,none,30.0,55,3,monophasic
Modulated_autosave_20260717_151033_569ms,Flex. digitorum (L),L_The_ED_FD_FCR C,8,233.51866560756207,241.51866560756207,265.87847498013184,,,none,30.0,55,3,monophasic
Modulated_autosave_20260717_151033_569ms,Flex. digitorum (L),L_The_ED_FD_FCR C,9,266.87847498013184,274.87847498013184,299.2382843527016,,,none,30.0,55,3,monophasic
Modulated_autosave_20260717_151033_569ms,Flex. digitorum (L),L_The_ED_FD_FCR C,10,300.2382843527016,308.2382843527016,332.5980937252714,,,none,30.0,55,3,monophasic
Modulated_autosave_20260717_151033_569ms,Flex. digitorum (L),L_The_ED_FD_FCR C,1,0.7942811758425705,8.79428117584257,32.35980937256977,,,none,30.0,60,3,monophasic
Modulated_autosave_20260717_151033_569ms,Flex. digitorum (L),L_The_ED_FD_FCR C,2,33.35980937256977,41.35980937256977,65.71961874516796,,,none,30.0,60,3,monophasic
Modulated_autosave_20260717_151033_569ms,Flex. digitorum (L),L_The_ED_FD_FCR C,3,66.71961874516796,74.71961874516796,99.07942811773773,,,none,30.0,60,3,monophasic
Modulated_autosave_20260717_151033_569ms,Flex. digitorum (L),L_The_ED_FD_FCR C,4,100.07942811773773,108.07942811773773,132.4392374903075,,,none,30.0,60,3,monophasic
Modulated_autosave_20260717_151033_569ms,Flex. digitorum (L),L_The_ED_FD_FCR C,5,133.4392374903075,141.4392374903075,165.79904686287728,,,none,30.0,60,3,monophasic
Modulated_autosave_20260717_151033_569ms,Flex. digitorum (L),L_The_ED_FD_FCR C,6,166.79904686287728,174.79904686287728,199.15885623544705,,,none,30.0,60,3,monophasic
Modulated_autosave_20260717_151033_569ms,Flex. digitorum (L),L_The_ED_FD_FCR C,7,200.15885623544705,208.15885623544705,232.51866560756207,,,none,30.0,60,3,monophasic
Modulated_autosave_20260717_151033_569ms,Flex. digitorum (L),L_The_ED_FD_FCR C,8,233.51866560756207,241.51866560756207,265.87847498013184,,,none,30.0,60,3,monophasic
Modulated_autosave_20260717_151033_569ms,Flex. digitorum (L),L_The_ED_FD_FCR C,9,266.87847498013184,274.87847498013184,299.2382843527016,,,none,30.0,60,3,monophasic
Modulated_autosave_20260717_151033_569ms,Flex. digitorum (L),L_The_ED_FD_FCR C,10,300.2382843527016,308.2382843527016,332.5980937252714,,,none,30.0,60,3,monophasic
Modulated_autosave_20260717_151033_569ms,Flex. digitorum (L),L_The_ED_FD_FCR C,1,0.7942811758425705,8.79428117584257,32.35980937256977,,,none,30.0,65,3,monophasic
Modulated_autosave_20260717_151033_569ms,Flex. digitorum (L),L_The_ED_FD_FCR C,2,33.35980937256977,41.35980937256977,65.71961874516796,,,none,30.0,65,3,monophasic
Modulated_autosave_20260717_151033_569ms,Flex. digitorum (L),L_The_ED_FD_FCR C,3,66.71961874516796,74.71961874516796,99.07942811773773,,,none,30.0,65,3,monophasic
Modulated_autosave_20260717_151033_569ms,Flex. digitorum (L),L_The_ED_FD_FCR C,4,100.07942811773773,108.07942811773773,132.4392374903075,,,none,30.0,65,3,monophasic
Modulated_autosave_20260717_151033_569ms,Flex. digitorum (L),L_The_ED_FD_FCR C,5,133.4392374903075,141.4392374903075,165.79904686287728,,,none,30.0,65,3,monophasic
Modulated_autosave_20260717_151033_569ms,Flex. digitorum (L),L_The_ED_FD_FCR C,6,166.79904686287728,174.79904686287728,199.15885623544705,,,none,30.0,65,3,monophasic
Modulated_autosave_20260717_151033_569ms,Flex. digitorum (L),L_The_ED_FD_FCR C,7,200.15885623544705,208.15885623544705,232.51866560756207,,,none,30.0,65,3,monophasic
Modulated_autosave_20260717_151033_569ms,Flex. digitorum (L),L_The_ED_FD_FCR C,8,233.51866560756207,241.51866560756207,265.87847498013184,,,none,30.0,65,3,monophasic
Modulated_autosave_20260717_151033_569ms,Flex. digitorum (L),L_The_ED_FD_FCR C,9,266.87847498013184,274.87847498013184,299.2382843527016,,,none,30.0,65,3,monophasic
Modulated_autosave_20260717_151033_569ms,Flex. digitorum (L),L_The_ED_FD_FCR C,10,300.2382843527016,308.2382843527016,332.5980937252714,,,none,30.0,65,3,monophasic
Modulated_autosave_20260717_151033_569ms,Flex. digitorum (L),L_The_ED_FD_FCR C,1,0.7942811758425705,8.79428117584257,32.35980937256977,,,none,30.0,70,3,monophasic
Modulated_autosave_20260717_151033_569ms,Flex. digitorum (L),L_The_ED_FD_FCR C,2,33.35980937256977,41.35980937256977,65.71961874516796,,,none,30.0,70,3,monophasic
Modulated_autosave_20260717_151033_569ms,Flex. digitorum (L),L_The_ED_FD_FCR C,3,66.71961874516796,74.71961874516796,99.07942811773773,,,none,30.0,70,3,monophasic
Modulated_autosave_20260717_151033_569ms,Flex. digitorum (L),L_The_ED_FD_FCR C,4,100.07942811773773,108.07942811773773,132.4392374903075,,,none,30.0,70,3,monophasic
Modulated_autosave_20260717_151033_569ms,Flex. digitorum (L),L_The_ED_FD_FCR C,5,133.4392374903075,141.4392374903075,165.79904686287728,,,none,30.0,70,3,monophasic
Modulated_autosave_20260717_151033_569ms,Flex. digitorum (L),L_The_ED_FD_FCR C,6,166.79904686287728,174.79904686287728,199.15885623544705,,,none,30.0,70,3,monophasic
Modulated_autosave_20260717_151033_569ms,Flex. digitorum (L),L_The_ED_FD_FCR C,7,200.15885623544705,208.15885623544705,232.51866560756207,,,none,30.0,70,3,monophasic
Modulated_autosave_20260717_151033_569ms,Flex. digitorum (L),L_The_ED_FD_FCR C,8,233.51866560756207,241.51866560756207,265.87847498013184,,,none,30.0,70,3,monophasic
Modulated_autosave_20260717_151033_569ms,Flex. digitorum (L),L_The_ED_FD_FCR C,9,266.87847498013184,274.87847498013184,299.2382843527016,,,none,30.0,70,3,monophasic
Modulated_autosave_20260717_151033_569ms,Flex. digitorum (L),L_The_ED_FD_FCR C,10,300.2382843527016,308.2382843527016,332.5980937252714,,,none,30.0,70,3,monophasic
Modulated_autosave_20260717_151033_569ms,Flex. digitorum (L),L_The_ED_FD_FCR C,1,0.7942811758425705,8.79428117584257,32.35980937256977,,,none,30.0,75,3,monophasic
Modulated_autosave_20260717_151033_569ms,Flex. digitorum (L),L_The_ED_FD_FCR C,2,33.35980937256977,41.35980937256977,65.71961874516796,,,none,30.0,75,3,monophasic
Modulated_autosave_20260717_151033_569ms,Flex. digitorum (L),L_The_ED_FD_FCR C,3,66.71961874516796,74.71961874516796,99.07942811773773,,,none,30.0,75,3,monophasic
Modulated_autosave_20260717_151033_569ms,Flex. digitorum (L),L_The_ED_FD_FCR C,4,100.07942811773773,108.07942811773773,132.4392374903075,,,none,30.0,75,3,monophasic
Modulated_autosave_20260717_151033_569ms,Flex. digitorum (L),L_The_ED_FD_FCR C,5,133.4392374903075,141.4392374903075,165.79904686287728,,,none,30.0,75,3,monophasic
Modulated_autosave_20260717_151033_569ms,Flex. digitorum (L),L_The_ED_FD_FCR C,6,166.79904686287728,174.79904686287728,199.15885623544705,,,none,30.0,75,3,monophasic
Modulated_autosave_20260717_151033_569ms,Flex. digitorum (L),L_The_ED_FD_FCR C,7,200.15885623544705,208.15885623544705,232.51866560756207,,,none,30.0,75,3,monophasic
Modulated_autosave_20260717_151033_569ms,Flex. digitorum (L),L_The_ED_FD_FCR C,8,233.51866560756207,241.51866560756207,265.87847498013184,,,none,30.0,75,3,monophasic
Modulated_autosave_20260717_151033_569ms,Flex. digitorum (L),L_The_ED_FD_FCR C,9,266.87847498013184,274.87847498013184,299.2382843527016,,,none,30.0,75,3,monophasic
Modulated_autosave_20260717_151033_569ms,Flex. digitorum (L),L_The_ED_FD_FCR C,10,300.2382843527016,308.2382843527016,332.5980937252714,,,none,30.0,75,3,monophasic
Modulated_autosave_20260717_151033_569ms,Flex. digitorum (L),L_The_ED_FD_FCR C,1,0.7942811758425705,8.79428117584257,32.35980937256977,,,none,30.0,80,3,monophasic
Modulated_autosave_20260717_151033_569ms,Flex. digitorum (L),L_The_ED_FD_FCR C,2,33.35980937256977,41.35980937256977,65.71961874516796,,,none,30.0,80,3,monophasic
Modulated_autosave_20260717_151033_569ms,Flex. digitorum (L),L_The_ED_FD_FCR C,3,66.71961874516796,74.71961874516796,99.07942811773773,,,none,30.0,80,3,monophasic
Modulated_autosave_20260717_151033_569ms,Flex. digitorum (L),L_The_ED_FD_FCR C,4,100.07942811773773,108.07942811773773,132.4392374903075,,,none,30.0,80,3,monophasic
Modulated_autosave_20260717_151033_569ms,Flex. digitorum (L),L_The_ED_FD_FCR C,5,133.4392374903075,141.4392374903075,165.79904686287728,,,none,30.0,80,3,monophasic
Modulated_autosave_20260717_151033_569ms,Flex. digitorum (L),L_The_ED_FD_FCR C,6,166.79904686287728,174.79904686287728,199.15885623544705,,,none,30.0,80,3,monophasic
Modulated_autosave_20260717_151033_569ms,Flex. digitorum (L),L_The_ED_FD_FCR C,7,200.15885623544705,208.15885623544705,232.51866560756207,,,none,30.0,80,3,monophasic
Modulated_autosave_20260717_151033_569ms,Flex. digitorum (L),L_The_ED_FD_FCR C,8,233.51866560756207,241.51866560756207,265.87847498013184,,,none,30.0,80,3,monophasic
Modulated_autosave_20260717_151033_569ms,Flex. digitorum (L),L_The_ED_FD_FCR C,9,266.87847498013184,274.87847498013184,299.2382843527016,,,none,30.0,80,3,monophasic
Modulated_autosave_20260717_151033_569ms,Flex. digitorum (L),L_The_ED_FD_FCR C,10,300.2382843527016,308.2382843527016,332.5980937252714,,,none,30.0,80,3,monophasic
Modulated_autosave_20260717_151033_569ms,Flex. digitorum (L),L_The_ED_FD_FCR C,1,0.7942811758425705,8.79428117584257,32.35980937256977,,,none,30.0,85,3,monophasic
Modulated_autosave_20260717_151033_569ms,Flex. digitorum (L),L_The_ED_FD_FCR C,2,33.35980937256977,41.35980937256977,65.71961874516796,,,none,30.0,85,3,monophasic
Modulated_autosave_20260717_151033_569ms,Flex. digitorum (L),L_The_ED_FD_FCR C,3,66.71961874516796,74.71961874516796,99.07942811773773,,,none,30.0,85,3,monophasic
Modulated_autosave_20260717_151033_569ms,Flex. digitorum (L),L_The_ED_FD_FCR C,4,100.07942811773773,108.07942811773773,132.4392374903075,,,none,30.0,85,3,monophasic
Modulated_autosave_20260717_151033_569ms,Flex. digitorum (L),L_The_ED_FD_FCR C,5,133.4392374903075,141.4392374903075,165.79904686287728,,,none,30.0,85,3,monophasic
Modulated_autosave_20260717_151033_569ms,Flex. digitorum (L),L_The_ED_FD_FCR C,6,166.79904686287728,174.79904686287728,199.15885623544705,,,none,30.0,85,3,monophasic
Modulated_autosave_20260717_151033_569ms,Flex. digitorum (L),L_The_ED_FD_FCR C,7,200.15885623544705,208.15885623544705,232.51866560756207,,,none,30.0,85,3,monophasic
Modulated_autosave_20260717_151033_569ms,Flex. digitorum (L),L_The_ED_FD_FCR C,8,233.51866560756207,241.51866560756207,265.87847498013184,,,none,30.0,85,3,monophasic
Modulated_autosave_20260717_151033_569ms,Flex. digitorum (L),L_The_ED_FD_FCR C,9,266.87847498013184,274.87847498013184,299.2382843527016,,,none,30.0,85,3,monophasic
Modulated_autosave_20260717_151033_569ms,Flex. digitorum (L),L_The_ED_FD_FCR C,10,300.2382843527016,308.2382843527016,332.5980937252714,,,none,30.0,85,3,monophasic
Modulated_autosave_20260717_151033_569ms,Flex. digitorum (L),L_The_ED_FD_FCR C,1,0.7942811758425705,8.79428117584257,32.35980937256977,,,none,30.0,90,3,monophasic
Modulated_autosave_20260717_151033_569ms,Flex. digitorum (L),L_The_ED_FD_FCR C,2,33.35980937256977,41.35980937256977,65.71961874516796,,,none,30.0,90,3,monophasic
Modulated_autosave_20260717_151033_569ms,Flex. digitorum (L),L_The_ED_FD_FCR C,3,66.71961874516796,74.71961874516796,99.07942811773773,,,none,30.0,90,3,monophasic
Modulated_autosave_20260717_151033_569ms,Flex. digitorum (L),L_The_ED_FD_FCR C,4,100.07942811773773,108.07942811773773,132.4392374903075,,,none,30.0,90,3,monophasic
Modulated_autosave_20260717_151033_569ms,Flex. digitorum (L),L_The_ED_FD_FCR C,5,133.4392374903075,141.4392374903075,165.79904686287728,,,none,30.0,90,3,monophasic
Modulated_autosave_20260717_151033_569ms,Flex. digitorum (L),L_The_ED_FD_FCR C,6,166.79904686287728,174.79904686287728,199.15885623544705,,,none,30.0,90,3,monophasic
Modulated_autosave_20260717_151033_569ms,Flex. digitorum (L),L_The_ED_FD_FCR C,7,200.15885623544705,208.15885623544705,232.51866560756207,,,none,30.0,90,3,monophasic
Modulated_autosave_20260717_151033_569ms,Flex. digitorum (L),L_The_ED_FD_FCR C,8,233.51866560756207,241.51866560756207,265.87847498013184,,,none,30.0,90,3,monophasic
Modulated_autosave_20260717_151033_569ms,Flex. digitorum (L),L_The_ED_FD_FCR C,9,266.87847498013184,274.87847498013184,299.2382843527016,,,none,30.0,90,3,monophasic
Modulated_autosave_20260717_151033_569ms,Flex. digitorum (L),L_The_ED_FD_FCR C,10,300.2382843527016,308.2382843527016,332.5980937252714,,,none,30.0,90,3,monophasic
Modulated_autosave_20260717_151033_569ms,Flex. digitorum (L),L_The_ED_FD_FCR C,1,0.7942811758425705,8.79428117584257,32.35980937256977,,,none,30.0,95,3,monophasic
Modulated_autosave_20260717_151033_569ms,Flex. digitorum (L),L_The_ED_FD_FCR C,2,33.35980937256977,41.35980937256977,65.71961874516796,,,none,30.0,95,3,monophasic
Modulated_autosave_20260717_151033_569ms,Flex. digitorum (L),L_The_ED_FD_FCR C,3,66.71961874516796,74.71961874516796,99.07942811773773,,,none,30.0,95,3,monophasic
Modulated_autosave_20260717_151033_569ms,Flex. digitorum (L),L_The_ED_FD_FCR C,4,100.07942811773773,108.07942811773773,132.4392374903075,,,none,30.0,95,3,monophasic
Modulated_autosave_20260717_151033_569ms,Flex. digitorum (L),L_The_ED_FD_FCR C,5,133.4392374903075,141.4392374903075,165.79904686287728,,,none,30.0,95,3,monophasic
Modulated_autosave_20260717_151033_569ms,Flex. digitorum (L),L_The_ED_FD_FCR C,6,166.79904686287728,174.79904686287728,199.15885623544705,,,none,30.0,95,3,monophasic
Modulated_autosave_20260717_151033_569ms,Flex. digitorum (L),L_The_ED_FD_FCR C,7,200.15885623544705,208.15885623544705,232.51866560756207,,,none,30.0,95,3,monophasic
Modulated_autosave_20260717_151033_569ms,Flex. digitorum (L),L_The_ED_FD_FCR C,8,233.51866560756207,241.51866560756207,265.87847498013184,,,none,30.0,95,3,monophasic
Modulated_autosave_20260717_151033_569ms,Flex. digitorum (L),L_The_ED_FD_FCR C,9,266.87847498013184,274.87847498013184,299.2382843527016,,,none,30.0,95,3,monophasic
Modulated_autosave_20260717_151033_569ms,Flex. digitorum (L),L_The_ED_FD_FCR C,10,300.2382843527016,308.2382843527016,332.5980937252714,,,none,30.0,95,3,monophasic
Modulated_autosave_20260717_151033_569ms,Flex. digitorum (L),L_The_ED_FD_FCR C,1,0.7942811758425705,8.79428117584257,32.35980937256977,,,none,30.0,100,3,monophasic
Modulated_autosave_20260717_151033_569ms,Flex. digitorum (L),L_The_ED_FD_FCR C,2,33.35980937256977,41.35980937256977,65.71961874516796,,,none,30.0,100,3,monophasic
Modulated_autosave_20260717_151033_569ms,Flex. digitorum (L),L_The_ED_FD_FCR C,3,66.71961874516796,74.71961874516796,99.07942811773773,,,none,30.0,100,3,monophasic
Modulated_autosave_20260717_151033_569ms,Flex. digitorum (L),L_The_ED_FD_FCR C,4,100.07942811773773,108.07942811773773,132.4392374903075,,,none,30.0,100,3,monophasic
Modulated_autosave_20260717_151033_569ms,Flex. digitorum (L),L_The_ED_FD_FCR C,5,133.4392374903075,141.4392374903075,165.79904686287728,,,none,30.0,100,3,monophasic
Modulated_autosave_20260717_151033_569ms,Flex. digitorum (L),L_The_ED_FD_FCR C,6,166.79904686287728,174.79904686287728,199.15885623544705,,,none,30.0,100,3,monophasic
Modulated_autosave_20260717_151033_569ms,Flex. digitorum (L),L_The_ED_FD_FCR C,7,200.15885623544705,208.15885623544705,232.51866560756207,,,none,30.0,100,3,monophasic
Modulated_autosave_20260717_151033_569ms,Flex. digitorum (L),L_The_ED_FD_FCR C,8,233.51866560756207,241.51866560756207,265.87847498013184,,,none,30.0,100,3,monophasic
Modulated_autosave_20260717_151033_569ms,Flex. digitorum (L),L_The_ED_FD_FCR C,9,266.87847498013184,274.87847498013184,299.2382843527016,,,none,30.0,100,3,monophasic
Modulated_autosave_20260717_151033_569ms,Flex. digitorum (L),L_The_ED_FD_FCR C,10,300.2382843527016,308.2382843527016,332.5980937252714,,,none,30.0,100,3,monophasic
Modulated_autosave_20260717_151033_569ms,Flex. digitorum (L),L_The_ED_FD_FCR C,1,0.7942811758425705,8.79428117584257,32.35980937256977,,,none,30.0,105,3,monophasic
Modulated_autosave_20260717_151033_569ms,Flex. digitorum (L),L_The_ED_FD_FCR C,2,33.35980937256977,41.35980937256977,65.71961874516796,,,none,30.0,105,3,monophasic
Modulated_autosave_20260717_151033_569ms,Flex. digitorum (L),L_The_ED_FD_FCR C,3,66.71961874516796,74.71961874516796,99.07942811773773,,,none,30.0,105,3,monophasic
Modulated_autosave_20260717_151033_569ms,Flex. digitorum (L),L_The_ED_FD_FCR C,4,100.07942811773773,108.07942811773773,132.4392374903075,,,none,30.0,105,3,monophasic
Modulated_autosave_20260717_151033_569ms,Flex. digitorum (L),L_The_ED_FD_FCR C,5,133.4392374903075,141.4392374903075,165.79904686287728,,,none,30.0,105,3,monophasic
Modulated_autosave_20260717_151033_569ms,Flex. digitorum (L),L_The_ED_FD_FCR C,6,166.79904686287728,174.79904686287728,199.15885623544705,,,none,30.0,105,3,monophasic
Modulated_autosave_20260717_151033_569ms,Flex. digitorum (L),L_The_ED_FD_FCR C,7,200.15885623544705,208.15885623544705,232.51866560756207,,,none,30.0,105,3,monophasic
Modulated_autosave_20260717_151033_569ms,Flex. digitorum (L),L_The_ED_FD_FCR C,8,233.51866560756207,241.51866560756207,265.87847498013184,,,none,30.0,105,3,monophasic
Modulated_autosave_20260717_151033_569ms,Flex. digitorum (L),L_The_ED_FD_FCR C,9,266.87847498013184,274.87847498013184,299.2382843527016,,,none,30.0,105,3,monophasic
Modulated_autosave_20260717_151033_569ms,Flex. digitorum (L),L_The_ED_FD_FCR C,10,300.2382843527016,308.2382843527016,332.5980937252714,,,none,30.0,105,3,monophasic
Modulated_autosave_20260717_151033_569ms,Flex. digitorum (L),L_The_ED_FD_FCR C,1,0.7942811758425705,8.79428117584257,32.35980937256977,,,none,30.0,110,3,monophasic
Modulated_autosave_20260717_151033_569ms,Flex. digitorum (L),L_The_ED_FD_FCR C,2,33.35980937256977,41.35980937256977,65.71961874516796,,,none,30.0,110,3,monophasic
Modulated_autosave_20260717_151033_569ms,Flex. digitorum (L),L_The_ED_FD_FCR C,3,66.71961874516796,74.71961874516796,99.07942811773773,,,none,30.0,110,3,monophasic
Modulated_autosave_20260717_151033_569ms,Flex. digitorum (L),L_The_ED_FD_FCR C,4,100.07942811773773,108.07942811773773,132.4392374903075,,,none,30.0,110,3,monophasic
Modulated_autosave_20260717_151033_569ms,Flex. digitorum (L),L_The_ED_FD_FCR C,5,133.4392374903075,141.4392374903075,165.79904686287728,,,none,30.0,110,3,monophasic
Modulated_autosave_20260717_151033_569ms,Flex. digitorum (L),L_The_ED_FD_FCR C,6,166.79904686287728,174.79904686287728,199.15885623544705,,,none,30.0,110,3,monophasic
Modulated_autosave_20260717_151033_569ms,Flex. digitorum (L),L_The_ED_FD_FCR C,7,200.15885623544705,208.15885623544705,232.51866560756207,,,none,30.0,110,3,monophasic
Modulated_autosave_20260717_151033_569ms,Flex. digitorum (L),L_The_ED_FD_FCR C,8,233.51866560756207,241.51866560756207,265.87847498013184,,,none,30.0,110,3,monophasic
Modulated_autosave_20260717_151033_569ms,Flex. digitorum (L),L_The_ED_FD_FCR C,9,266.87847498013184,274.87847498013184,299.2382843527016,,,none,30.0,110,3,monophasic
Modulated_autosave_20260717_151033_569ms,Flex. digitorum (L),L_The_ED_FD_FCR C,10,300.2382843527016,308.2382843527016,332.5980937252714,,,none,30.0,110,3,monophasic
Modulated_autosave_20260717_151033_569ms,Flex. digitorum (L),L_The_ED_FD_FCR C,1,0.7942811758425705,8.79428117584257,32.35980937256977,,,none,30.0,115,3,monophasic
Modulated_autosave_20260717_151033_569ms,Flex. digitorum (L),L_The_ED_FD_FCR C,2,33.35980937256977,41.35980937256977,65.71961874516796,,,none,30.0,115,3,monophasic
Modulated_autosave_20260717_151033_569ms,Flex. digitorum (L),L_The_ED_FD_FCR C,3,66.71961874516796,74.71961874516796,99.07942811773773,,,none,30.0,115,3,monophasic
Modulated_autosave_20260717_151033_569ms,Flex. digitorum (L),L_The_ED_FD_FCR C,4,100.07942811773773,108.07942811773773,132.4392374903075,,,none,30.0,115,3,monophasic
Modulated_autosave_20260717_151033_569ms,Flex. digitorum (L),L_The_ED_FD_FCR C,5,133.4392374903075,141.4392374903075,165.79904686287728,,,none,30.0,115,3,monophasic
Modulated_autosave_20260717_151033_569ms,Flex. digitorum (L),L_The_ED_FD_FCR C,6,166.79904686287728,174.79904686287728,199.15885623544705,,,none,30.0,115,3,monophasic
Modulated_autosave_20260717_151033_569ms,Flex. digitorum (L),L_The_ED_FD_FCR C,7,200.15885623544705,208.15885623544705,232.51866560756207,,,none,30.0,115,3,monophasic
Modulated_autosave_20260717_151033_569ms,Flex. digitorum (L),L_The_ED_FD_FCR C,8,233.51866560756207,241.51866560756207,265.87847498013184,,,none,30.0,115,3,monophasic
Modulated_autosave_20260717_151033_569ms,Flex. digitorum (L),L_The_ED_FD_FCR C,9,266.87847498013184,274.87847498013184,299.2382843527016,,,none,30.0,115,3,monophasic
Modulated_autosave_20260717_151033_569ms,Flex. digitorum (L),L_The_ED_FD_FCR C,10,300.2382843527016,308.2382843527016,332.5980937252714,,,none,30.0,115,3,monophasic
Modulated_autosave_20260717_151033_569ms,Flex. digitorum (L),L_The_ED_FD_FCR C,1,0.7942811758425705,8.79428117584257,32.35980937256977,,,none,30.0,120,3,monophasic
Modulated_autosave_20260717_151033_569ms,Flex. digitorum (L),L_The_ED_FD_FCR C,2,33.35980937256977,41.35980937256977,65.71961874516796,,,none,30.0,120,3,monophasic
Modulated_autosave_20260717_151033_569ms,Flex. digitorum (L),L_The_ED_FD_FCR C,3,66.71961874516796,74.71961874516796,99.07942811773773,,,none,30.0,120,3,monophasic
Modulated_autosave_20260717_151033_569ms,Flex. digitorum (L),L_The_ED_FD_FCR C,4,100.07942811773773,108.07942811773773,132.4392374903075,,,none,30.0,120,3,monophasic
Modulated_autosave_20260717_151033_569ms,Flex. digitorum (L),L_The_ED_FD_FCR C,5,133.4392374903075,141.4392374903075,165.79904686287728,,,none,30.0,120,3,monophasic
Modulated_autosave_20260717_151033_569ms,Flex. digitorum (L),L_The_ED_FD_FCR C,6,166.79904686287728,174.79904686287728,199.15885623544705,,,none,30.0,120,3,monophasic
Modulated_autosave_20260717_151033_569ms,Flex. digitorum (L),L_The_ED_FD_FCR C,7,200.15885623544705,208.15885623544705,232.51866560756207,,,none,30.0,120,3,monophasic
Modulated_autosave_20260717_151033_569ms,Flex. digitorum (L),L_The_ED_FD_FCR C,8,233.51866560756207,241.51866560756207,265.87847498013184,,,none,30.0,120,3,monophasic
Modulated_autosave_20260717_151033_569ms,Flex. digitorum (L),L_The_ED_FD_FCR C,9,266.87847498013184,274.87847498013184,299.2382843527016,,,none,30.0,120,3,monophasic
Modulated_autosave_20260717_151033_569ms,Flex. digitorum (L),L_The_ED_FD_FCR C,10,300.2382843527016,308.2382843527016,332.5980937252714,,,none,30.0,120,3,monophasic
Modulated_autosave_20260717_151033_569ms,Flex. digitorum (L),L_The_ED_FD_FCR C,1,0.7942811758425705,8.79428117584257,32.35980937256977,,,none,30.0,125,3,monophasic
Modulated_autosave_20260717_151033_569ms,Flex. digitorum (L),L_The_ED_FD_FCR C,2,33.35980937256977,41.35980937256977,65.71961874516796,,,none,30.0,125,3,monophasic
Modulated_autosave_20260717_151033_569ms,Flex. digitorum (L),L_The_ED_FD_FCR C,3,66.71961874516796,74.71961874516796,99.07942811773773,,,none,30.0,125,3,monophasic
Modulated_autosave_20260717_151033_569ms,Flex. digitorum (L),L_The_ED_FD_FCR C,4,100.07942811773773,108.07942811773773,132.4392374903075,,,none,30.0,125,3,monophasic
Modulated_autosave_20260717_151033_569ms,Flex. digitorum (L),L_The_ED_FD_FCR C,5,133.4392374903075,141.4392374903075,165.79904686287728,,,none,30.0,125,3,monophasic
Modulated_autosave_20260717_151033_569ms,Flex. digitorum (L),L_The_ED_FD_FCR C,6,166.79904686287728,174.79904686287728,199.15885623544705,,,none,30.0,125,3,monophasic
Modulated_autosave_20260717_151033_569ms,Flex. digitorum (L),L_The_ED_FD_FCR C,7,200.15885623544705,208.15885623544705,232.51866560756207,,,none,30.0,125,3,monophasic
Modulated_autosave_20260717_151033_569ms,Flex. digitorum (L),L_The_ED_FD_FCR C,8,233.51866560756207,241.51866560756207,265.87847498013184,,,none,30.0,125,3,monophasic
Modulated_autosave_20260717_151033_569ms,Flex. digitorum (L),L_The_ED_FD_FCR C,9,266.87847498013184,274.87847498013184,299.2382843527016,,,none,30.0,125,3,monophasic
Modulated_autosave_20260717_151033_569ms,Flex. digitorum (L),L_The_ED_FD_FCR C,10,300.2382843527016,308.2382843527016,332.5980937252714,,,none,30.0,125,3,monophasic
Modulated_autosave_20260717_151033_569ms,Flex. digitorum (L),L_The_ED_FD_FCR C,1,0.7942811758425705,8.79428117584257,32.35980937256977,,,none,30.0,130,3,monophasic
Modulated_autosave_20260717_151033_569ms,Flex. digitorum (L),L_The_ED_FD_FCR C,2,33.35980937256977,41.35980937256977,65.71961874516796,,,none,30.0,130,3,monophasic
Modulated_autosave_20260717_151033_569ms,Flex. digitorum (L),L_The_ED_FD_FCR C,3,66.71961874516796,74.71961874516796,99.07942811773773,,,none,30.0,130,3,monophasic
Modulated_autosave_20260717_151033_569ms,Flex. digitorum (L),L_The_ED_FD_FCR C,4,100.07942811773773,108.07942811773773,132.4392374903075,,,none,30.0,130,3,monophasic
Modulated_autosave_20260717_151033_569ms,Flex. digitorum (L),L_The_ED_FD_FCR C,5,133.4392374903075,141.4392374903075,165.79904686287728,,,none,30.0,130,3,monophasic
Modulated_autosave_20260717_151033_569ms,Flex. digitorum (L),L_The_ED_FD_FCR C,6,166.79904686287728,174.79904686287728,199.15885623544705,,,none,30.0,130,3,monophasic
Modulated_autosave_20260717_151033_569ms,Flex. digitorum (L),L_The_ED_FD_FCR C,7,200.15885623544705,208.15885623544705,232.51866560756207,,,none,30.0,130,3,monophasic
Modulated_autosave_20260717_151033_569ms,Flex. digitorum (L),L_The_ED_FD_FCR C,8,233.51866560756207,241.51866560756207,265.87847498013184,,,none,30.0,130,3,monophasic
Modulated_autosave_20260717_151033_569ms,Flex. digitorum (L),L_The_ED_FD_FCR C,9,266.87847498013184,274.87847498013184,299.2382843527016,,,none,30.0,130,3,monophasic
Modulated_autosave_20260717_151033_569ms,Flex. digitorum (L),L_The_ED_FD_FCR C,10,300.2382843527016,308.2382843527016,332.5980937252714,,,none,30.0,130,3,monophasic
Modulated_autosave_20260717_151033_569ms,Flex. digitorum (L),L_The_ED_FD_FCR C,1,0.7942811758425705,8.79428117584257,32.35980937256977,,,none,30.0,135,3,monophasic
Modulated_autosave_20260717_151033_569ms,Flex. digitorum (L),L_The_ED_FD_FCR C,2,33.35980937256977,41.35980937256977,65.71961874516796,,,none,30.0,135,3,monophasic
Modulated_autosave_20260717_151033_569ms,Flex. digitorum (L),L_The_ED_FD_FCR C,3,66.71961874516796,74.71961874516796,99.07942811773773,,,none,30.0,135,3,monophasic
Modulated_autosave_20260717_151033_569ms,Flex. digitorum (L),L_The_ED_FD_FCR C,4,100.07942811773773,108.07942811773773,132.4392374903075,,,none,30.0,135,3,monophasic
Modulated_autosave_20260717_151033_569ms,Flex. digitorum (L),L_The_ED_FD_FCR C,5,133.4392374903075,141.4392374903075,165.79904686287728,,,none,30.0,135,3,monophasic
Modulated_autosave_20260717_151033_569ms,Flex. digitorum (L),L_The_ED_FD_FCR C,6,166.79904686287728,174.79904686287728,199.15885623544705,,,none,30.0,135,3,monophasic
Modulated_autosave_20260717_151033_569ms,Flex. digitorum (L),L_The_ED_FD_FCR C,7,200.15885623544705,208.15885623544705,232.51866560756207,,,none,30.0,135,3,monophasic
Modulated_autosave_20260717_151033_569ms,Flex. digitorum (L),L_The_ED_FD_FCR C,8,233.51866560756207,241.51866560756207,265.87847498013184,,,none,30.0,135,3,monophasic
Modulated_autosave_20260717_151033_569ms,Flex. digitorum (L),L_The_ED_FD_FCR C,9,266.87847498013184,274.87847498013184,299.2382843527016,,,none,30.0,135,3,monophasic
Modulated_autosave_20260717_151033_569ms,Flex. digitorum (L),L_The_ED_FD_FCR C,10,300.2382843527016,308.2382843527016,332.5980937252714,,,none,30.0,135,3,monophasic
Modulated_autosave_20260717_151033_569ms,Flex. digitorum (L),L_The_ED_FD_FCR C,1,0.7942811758425705,8.79428117584257,32.35980937256977,0.014770733658224344,0.014770733658224344,none,30.0,140,3,monophasic
Modulated_autosave_20260717_151033_569ms,Flex. digitorum (L),L_The_ED_FD_FCR C,2,33.35980937256977,41.35980937256977,65.71961874516796,0.010070954682305455,0.010070954682305455,none,30.0,140,3,monophasic
Modulated_autosave_20260717_151033_569ms,Flex. digitorum (L),L_The_ED_FD_FCR C,3,66.71961874516796,74.71961874516796,99.07942811773773,0.012756542768329382,0.012756542768329382,none,30.0,140,3,monophasic
Modulated_autosave_20260717_151033_569ms,Flex. digitorum (L),L_The_ED_FD_FCR C,4,100.07942811773773,108.07942811773773,132.4392374903075,0.008560311514884233,0.008560311514884233,none,30.0,140,3,monophasic
Modulated_autosave_20260717_151033_569ms,Flex. digitorum (L),L_The_ED_FD_FCR C,5,133.4392374903075,141.4392374903075,165.79904686287728,0.010742351645603776,0.010742351645603776,none,30.0,140,3,monophasic
Modulated_autosave_20260717_151033_569ms,Flex. digitorum (L),L_The_ED_FD_FCR C,6,166.79904686287728,174.79904686287728,199.15885623544705,0.010742351412773132,0.010742351412773132,none,30.0,140,3,monophasic
Modulated_autosave_20260717_151033_569ms,Flex. digitorum (L),L_The_ED_FD_FCR C,7,200.15885623544705,208.15885623544705,232.51866560756207,0.009063859470188618,0.009063859470188618,none,30.0,140,3,monophasic
Modulated_autosave_20260717_151033_569ms,Flex. digitorum (L),L_The_ED_FD_FCR C,8,233.51866560756207,241.51866560756207,265.87847498013184,0.009063859237357974,0.009063859237357974,none,30.0,140,3,monophasic
Modulated_autosave_20260717_151033_569ms,Flex. digitorum (L),L_The_ED_FD_FCR C,9,266.87847498013184,274.87847498013184,299.2382843527016,,,none,30.0,140,3,monophasic
Modulated_autosave_20260717_151033_569ms,Flex. digitorum (L),L_The_ED_FD_FCR C,10,300.2382843527016,308.2382843527016,332.5980937252714,0.007385366829112172,0.007385366829112172,none,30.0,140,3,monophasic
Modulated_autosave_20260717_151033_569ms,Flex. carpi rad. (L),L_The_ED_FD_FCR D,1,0.7942811758425705,8.79428117584257,32.35980937256977,,,none,30.0,45,3,monophasic
Modulated_autosave_20260717_151033_569ms,Flex. carpi rad. (L),L_The_ED_FD_FCR D,2,33.35980937256977,41.35980937256977,65.71961874516796,,,none,30.0,45,3,monophasic
Modulated_autosave_20260717_151033_569ms,Flex. carpi rad. (L),L_The_ED_FD_FCR D,3,66.71961874516796,74.71961874516796,99.07942811773773,,,none,30.0,45,3,monophasic
Modulated_autosave_20260717_151033_569ms,Flex. carpi rad. (L),L_The_ED_FD_FCR D,4,100.07942811773773,108.07942811773773,132.4392374903075,,,none,30.0,45,3,monophasic
Modulated_autosave_20260717_151033_569ms,Flex. carpi rad. (L),L_The_ED_FD_FCR D,5,133.4392374903075,141.4392374903075,165.79904686287728,,,none,30.0,45,3,monophasic
Modulated_autosave_20260717_151033_569ms,Flex. carpi rad. (L),L_The_ED_FD_FCR D,6,166.79904686287728,174.79904686287728,199.15885623544705,,,none,30.0,45,3,monophasic
Modulated_autosave_20260717_151033_569ms,Flex. carpi rad. (L),L_The_ED_FD_FCR D,7,200.15885623544705,208.15885623544705,232.51866560756207,,,none,30.0,45,3,monophasic
Modulated_autosave_20260717_151033_569ms,Flex. carpi rad. (L),L_The_ED_FD_FCR D,8,233.51866560756207,241.51866560756207,265.87847498013184,,,none,30.0,45,3,monophasic
Modulated_autosave_20260717_151033_569ms,Flex. carpi rad. (L),L_The_ED_FD_FCR D,9,266.87847498013184,274.87847498013184,299.2382843527016,,,none,30.0,45,3,monophasic
Modulated_autosave_20260717_151033_569ms,Flex. carpi rad. (L),L_The_ED_FD_FCR D,10,300.2382843527016,308.2382843527016,332.5980937252714,,,none,30.0,45,3,monophasic
Modulated_autosave_20260717_151033_569ms,Flex. carpi rad. (L),L_The_ED_FD_FCR D,1,0.7942811758425705,8.79428117584257,32.35980937256977,,,none,30.0,50,3,monophasic
Modulated_autosave_20260717_151033_569ms,Flex. carpi rad. (L),L_The_ED_FD_FCR D,2,33.35980937256977,41.35980937256977,65.71961874516796,,,none,30.0,50,3,monophasic
Modulated_autosave_20260717_151033_569ms,Flex. carpi rad. (L),L_The_ED_FD_FCR D,3,66.71961874516796,74.71961874516796,99.07942811773773,,,none,30.0,50,3,monophasic
Modulated_autosave_20260717_151033_569ms,Flex. carpi rad. (L),L_The_ED_FD_FCR D,4,100.07942811773773,108.07942811773773,132.4392374903075,,,none,30.0,50,3,monophasic
Modulated_autosave_20260717_151033_569ms,Flex. carpi rad. (L),L_The_ED_FD_FCR D,5,133.4392374903075,141.4392374903075,165.79904686287728,,,none,30.0,50,3,monophasic
Modulated_autosave_20260717_151033_569ms,Flex. carpi rad. (L),L_The_ED_FD_FCR D,6,166.79904686287728,174.79904686287728,199.15885623544705,,,none,30.0,50,3,monophasic
Modulated_autosave_20260717_151033_569ms,Flex. carpi rad. (L),L_The_ED_FD_FCR D,7,200.15885623544705,208.15885623544705,232.51866560756207,,,none,30.0,50,3,monophasic
Modulated_autosave_20260717_151033_569ms,Flex. carpi rad. (L),L_The_ED_FD_FCR D,8,233.51866560756207,241.51866560756207,265.87847498013184,,,none,30.0,50,3,monophasic
Modulated_autosave_20260717_151033_569ms,Flex. carpi rad. (L),L_The_ED_FD_FCR D,9,266.87847498013184,274.87847498013184,299.2382843527016,,,none,30.0,50,3,monophasic
Modulated_autosave_20260717_151033_569ms,Flex. carpi rad. (L),L_The_ED_FD_FCR D,10,300.2382843527016,308.2382843527016,332.5980937252714,,,none,30.0,50,3,monophasic
Modulated_autosave_20260717_151033_569ms,Flex. carpi rad. (L),L_The_ED_FD_FCR D,1,0.7942811758425705,8.79428117584257,32.35980937256977,,,none,30.0,55,3,monophasic
Modulated_autosave_20260717_151033_569ms,Flex. carpi rad. (L),L_The_ED_FD_FCR D,2,33.35980937256977,41.35980937256977,65.71961874516796,,,none,30.0,55,3,monophasic
Modulated_autosave_20260717_151033_569ms,Flex. carpi rad. (L),L_The_ED_FD_FCR D,3,66.71961874516796,74.71961874516796,99.07942811773773,,,none,30.0,55,3,monophasic
Modulated_autosave_20260717_151033_569ms,Flex. carpi rad. (L),L_The_ED_FD_FCR D,4,100.07942811773773,108.07942811773773,132.4392374903075,,,none,30.0,55,3,monophasic
Modulated_autosave_20260717_151033_569ms,Flex. carpi rad. (L),L_The_ED_FD_FCR D,5,133.4392374903075,141.4392374903075,165.79904686287728,,,none,30.0,55,3,monophasic
Modulated_autosave_20260717_151033_569ms,Flex. carpi rad. (L),L_The_ED_FD_FCR D,6,166.79904686287728,174.79904686287728,199.15885623544705,,,none,30.0,55,3,monophasic
Modulated_autosave_20260717_151033_569ms,Flex. carpi rad. (L),L_The_ED_FD_FCR D,7,200.15885623544705,208.15885623544705,232.51866560756207,,,none,30.0,55,3,monophasic
Modulated_autosave_20260717_151033_569ms,Flex. carpi rad. (L),L_The_ED_FD_FCR D,8,233.51866560756207,241.51866560756207,265.87847498013184,,,none,30.0,55,3,monophasic
Modulated_autosave_20260717_151033_569ms,Flex. carpi rad. (L),L_The_ED_FD_FCR D,9,266.87847498013184,274.87847498013184,299.2382843527016,,,none,30.0,55,3,monophasic
Modulated_autosave_20260717_151033_569ms,Flex. carpi rad. (L),L_The_ED_FD_FCR D,10,300.2382843527016,308.2382843527016,332.5980937252714,,,none,30.0,55,3,monophasic
Modulated_autosave_20260717_151033_569ms,Flex. carpi rad. (L),L_The_ED_FD_FCR D,1,0.7942811758425705,8.79428117584257,32.35980937256977,,,none,30.0,60,3,monophasic
Modulated_autosave_20260717_151033_569ms,Flex. carpi rad. (L),L_The_ED_FD_FCR D,2,33.35980937256977,41.35980937256977,65.71961874516796,,,none,30.0,60,3,monophasic
Modulated_autosave_20260717_151033_569ms,Flex. carpi rad. (L),L_The_ED_FD_FCR D,3,66.71961874516796,74.71961874516796,99.07942811773773,,,none,30.0,60,3,monophasic
Modulated_autosave_20260717_151033_569ms,Flex. carpi rad. (L),L_The_ED_FD_FCR D,4,100.07942811773773,108.07942811773773,132.4392374903075,,,none,30.0,60,3,monophasic
Modulated_autosave_20260717_151033_569ms,Flex. carpi rad. (L),L_The_ED_FD_FCR D,5,133.4392374903075,141.4392374903075,165.79904686287728,,,none,30.0,60,3,monophasic
Modulated_autosave_20260717_151033_569ms,Flex. carpi rad. (L),L_The_ED_FD_FCR D,6,166.79904686287728,174.79904686287728,199.15885623544705,,,none,30.0,60,3,monophasic
Modulated_autosave_20260717_151033_569ms,Flex. carpi rad. (L),L_The_ED_FD_FCR D,7,200.15885623544705,208.15885623544705,232.51866560756207,,,none,30.0,60,3,monophasic
Modulated_autosave_20260717_151033_569ms,Flex. carpi rad. (L),L_The_ED_FD_FCR D,8,233.51866560756207,241.51866560756207,265.87847498013184,,,none,30.0,60,3,monophasic
Modulated_autosave_20260717_151033_569ms,Flex. carpi rad. (L),L_The_ED_FD_FCR D,9,266.87847498013184,274.87847498013184,299.2382843527016,,,none,30.0,60,3,monophasic
Modulated_autosave_20260717_151033_569ms,Flex. carpi rad. (L),L_The_ED_FD_FCR D,10,300.2382843527016,308.2382843527016,332.5980937252714,,,none,30.0,60,3,monophasic
Modulated_autosave_20260717_151033_569ms,Flex. carpi rad. (L),L_The_ED_FD_FCR D,1,0.7942811758425705,8.79428117584257,32.35980937256977,,,none,30.0,65,3,monophasic
Modulated_autosave_20260717_151033_569ms,Flex. carpi rad. (L),L_The_ED_FD_FCR D,2,33.35980937256977,41.35980937256977,65.71961874516796,,,none,30.0,65,3,monophasic
Modulated_autosave_20260717_151033_569ms,Flex. carpi rad. (L),L_The_ED_FD_FCR D,3,66.71961874516796,74.71961874516796,99.07942811773773,,,none,30.0,65,3,monophasic
Modulated_autosave_20260717_151033_569ms,Flex. carpi rad. (L),L_The_ED_FD_FCR D,4,100.07942811773773,108.07942811773773,132.4392374903075,,,none,30.0,65,3,monophasic
Modulated_autosave_20260717_151033_569ms,Flex. carpi rad. (L),L_The_ED_FD_FCR D,5,133.4392374903075,141.4392374903075,165.79904686287728,,,none,30.0,65,3,monophasic
Modulated_autosave_20260717_151033_569ms,Flex. carpi rad. (L),L_The_ED_FD_FCR D,6,166.79904686287728,174.79904686287728,199.15885623544705,,,none,30.0,65,3,monophasic
Modulated_autosave_20260717_151033_569ms,Flex. carpi rad. (L),L_The_ED_FD_FCR D,7,200.15885623544705,208.15885623544705,232.51866560756207,,,none,30.0,65,3,monophasic
Modulated_autosave_20260717_151033_569ms,Flex. carpi rad. (L),L_The_ED_FD_FCR D,8,233.51866560756207,241.51866560756207,265.87847498013184,,,none,30.0,65,3,monophasic
Modulated_autosave_20260717_151033_569ms,Flex. carpi rad. (L),L_The_ED_FD_FCR D,9,266.87847498013184,274.87847498013184,299.2382843527016,,,none,30.0,65,3,monophasic
Modulated_autosave_20260717_151033_569ms,Flex. carpi rad. (L),L_The_ED_FD_FCR D,10,300.2382843527016,308.2382843527016,332.5980937252714,,,none,30.0,65,3,monophasic
Modulated_autosave_20260717_151033_569ms,Flex. carpi rad. (L),L_The_ED_FD_FCR D,1,0.7942811758425705,8.79428117584257,32.35980937256977,,,none,30.0,70,3,monophasic
Modulated_autosave_20260717_151033_569ms,Flex. carpi rad. (L),L_The_ED_FD_FCR D,2,33.35980937256977,41.35980937256977,65.71961874516796,,,none,30.0,70,3,monophasic
Modulated_autosave_20260717_151033_569ms,Flex. carpi rad. (L),L_The_ED_FD_FCR D,3,66.71961874516796,74.71961874516796,99.07942811773773,,,none,30.0,70,3,monophasic
Modulated_autosave_20260717_151033_569ms,Flex. carpi rad. (L),L_The_ED_FD_FCR D,4,100.07942811773773,108.07942811773773,132.4392374903075,,,none,30.0,70,3,monophasic
Modulated_autosave_20260717_151033_569ms,Flex. carpi rad. (L),L_The_ED_FD_FCR D,5,133.4392374903075,141.4392374903075,165.79904686287728,,,none,30.0,70,3,monophasic
Modulated_autosave_20260717_151033_569ms,Flex. carpi rad. (L),L_The_ED_FD_FCR D,6,166.79904686287728,174.79904686287728,199.15885623544705,,,none,30.0,70,3,monophasic
Modulated_autosave_20260717_151033_569ms,Flex. carpi rad. (L),L_The_ED_FD_FCR D,7,200.15885623544705,208.15885623544705,232.51866560756207,,,none,30.0,70,3,monophasic
Modulated_autosave_20260717_151033_569ms,Flex. carpi rad. (L),L_The_ED_FD_FCR D,8,233.51866560756207,241.51866560756207,265.87847498013184,,,none,30.0,70,3,monophasic
Modulated_autosave_20260717_151033_569ms,Flex. carpi rad. (L),L_The_ED_FD_FCR D,9,266.87847498013184,274.87847498013184,299.2382843527016,,,none,30.0,70,3,monophasic
Modulated_autosave_20260717_151033_569ms,Flex. carpi rad. (L),L_The_ED_FD_FCR D,10,300.2382843527016,308.2382843527016,332.5980937252714,,,none,30.0,70,3,monophasic
Modulated_autosave_20260717_151033_569ms,Flex. carpi rad. (L),L_The_ED_FD_FCR D,1,0.7942811758425705,8.79428117584257,32.35980937256977,,,none,30.0,75,3,monophasic
Modulated_autosave_20260717_151033_569ms,Flex. carpi rad. (L),L_The_ED_FD_FCR D,2,33.35980937256977,41.35980937256977,65.71961874516796,,,none,30.0,75,3,monophasic
Modulated_autosave_20260717_151033_569ms,Flex. carpi rad. (L),L_The_ED_FD_FCR D,3,66.71961874516796,74.71961874516796,99.07942811773773,,,none,30.0,75,3,monophasic
Modulated_autosave_20260717_151033_569ms,Flex. carpi rad. (L),L_The_ED_FD_FCR D,4,100.07942811773773,108.07942811773773,132.4392374903075,,,none,30.0,75,3,monophasic
Modulated_autosave_20260717_151033_569ms,Flex. carpi rad. (L),L_The_ED_FD_FCR D,5,133.4392374903075,141.4392374903075,165.79904686287728,,,none,30.0,75,3,monophasic
Modulated_autosave_20260717_151033_569ms,Flex. carpi rad. (L),L_The_ED_FD_FCR D,6,166.79904686287728,174.79904686287728,199.15885623544705,,,none,30.0,75,3,monophasic
Modulated_autosave_20260717_151033_569ms,Flex. carpi rad. (L),L_The_ED_FD_FCR D,7,200.15885623544705,208.15885623544705,232.51866560756207,,,none,30.0,75,3,monophasic
Modulated_autosave_20260717_151033_569ms,Flex. carpi rad. (L),L_The_ED_FD_FCR D,8,233.51866560756207,241.51866560756207,265.87847498013184,,,none,30.0,75,3,monophasic
Modulated_autosave_20260717_151033_569ms,Flex. carpi rad. (L),L_The_ED_FD_FCR D,9,266.87847498013184,274.87847498013184,299.2382843527016,,,none,30.0,75,3,monophasic
Modulated_autosave_20260717_151033_569ms,Flex. carpi rad. (L),L_The_ED_FD_FCR D,10,300.2382843527016,308.2382843527016,332.5980937252714,,,none,30.0,75,3,monophasic
Modulated_autosave_20260717_151033_569ms,Flex. carpi rad. (L),L_The_ED_FD_FCR D,1,0.7942811758425705,8.79428117584257,32.35980937256977,,,none,30.0,80,3,monophasic
Modulated_autosave_20260717_151033_569ms,Flex. carpi rad. (L),L_The_ED_FD_FCR D,2,33.35980937256977,41.35980937256977,65.71961874516796,,,none,30.0,80,3,monophasic
Modulated_autosave_20260717_151033_569ms,Flex. carpi rad. (L),L_The_ED_FD_FCR D,3,66.71961874516796,74.71961874516796,99.07942811773773,,,none,30.0,80,3,monophasic
Modulated_autosave_20260717_151033_569ms,Flex. carpi rad. (L),L_The_ED_FD_FCR D,4,100.07942811773773,108.07942811773773,132.4392374903075,,,none,30.0,80,3,monophasic
Modulated_autosave_20260717_151033_569ms,Flex. carpi rad. (L),L_The_ED_FD_FCR D,5,133.4392374903075,141.4392374903075,165.79904686287728,,,none,30.0,80,3,monophasic
Modulated_autosave_20260717_151033_569ms,Flex. carpi rad. (L),L_The_ED_FD_FCR D,6,166.79904686287728,174.79904686287728,199.15885623544705,,,none,30.0,80,3,monophasic
Modulated_autosave_20260717_151033_569ms,Flex. carpi rad. (L),L_The_ED_FD_FCR D,7,200.15885623544705,208.15885623544705,232.51866560756207,,,none,30.0,80,3,monophasic
Modulated_autosave_20260717_151033_569ms,Flex. carpi rad. (L),L_The_ED_FD_FCR D,8,233.51866560756207,241.51866560756207,265.87847498013184,,,none,30.0,80,3,monophasic
Modulated_autosave_20260717_151033_569ms,Flex. carpi rad. (L),L_The_ED_FD_FCR D,9,266.87847498013184,274.87847498013184,299.2382843527016,,,none,30.0,80,3,monophasic
Modulated_autosave_20260717_151033_569ms,Flex. carpi rad. (L),L_The_ED_FD_FCR D,10,300.2382843527016,308.2382843527016,332.5980937252714,,,none,30.0,80,3,monophasic
Modulated_autosave_20260717_151033_569ms,Flex. carpi rad. (L),L_The_ED_FD_FCR D,1,0.7942811758425705,8.79428117584257,32.35980937256977,,,none,30.0,85,3,monophasic
Modulated_autosave_20260717_151033_569ms,Flex. carpi rad. (L),L_The_ED_FD_FCR D,2,33.35980937256977,41.35980937256977,65.71961874516796,,,none,30.0,85,3,monophasic
Modulated_autosave_20260717_151033_569ms,Flex. carpi rad. (L),L_The_ED_FD_FCR D,3,66.71961874516796,74.71961874516796,99.07942811773773,,,none,30.0,85,3,monophasic
Modulated_autosave_20260717_151033_569ms,Flex. carpi rad. (L),L_The_ED_FD_FCR D,4,100.07942811773773,108.07942811773773,132.4392374903075,,,none,30.0,85,3,monophasic
Modulated_autosave_20260717_151033_569ms,Flex. carpi rad. (L),L_The_ED_FD_FCR D,5,133.4392374903075,141.4392374903075,165.79904686287728,,,none,30.0,85,3,monophasic
Modulated_autosave_20260717_151033_569ms,Flex. carpi rad. (L),L_The_ED_FD_FCR D,6,166.79904686287728,174.79904686287728,199.15885623544705,,,none,30.0,85,3,monophasic
Modulated_autosave_20260717_151033_569ms,Flex. carpi rad. (L),L_The_ED_FD_FCR D,7,200.15885623544705,208.15885623544705,232.51866560756207,,,none,30.0,85,3,monophasic
Modulated_autosave_20260717_151033_569ms,Flex. carpi rad. (L),L_The_ED_FD_FCR D,8,233.51866560756207,241.51866560756207,265.87847498013184,,,none,30.0,85,3,monophasic
Modulated_autosave_20260717_151033_569ms,Flex. carpi rad. (L),L_The_ED_FD_FCR D,9,266.87847498013184,274.87847498013184,299.2382843527016,,,none,30.0,85,3,monophasic
Modulated_autosave_20260717_151033_569ms,Flex. carpi rad. (L),L_The_ED_FD_FCR D,10,300.2382843527016,308.2382843527016,332.5980937252714,,,none,30.0,85,3,monophasic
Modulated_autosave_20260717_151033_569ms,Flex. carpi rad. (L),L_The_ED_FD_FCR D,1,0.7942811758425705,8.79428117584257,32.35980937256977,,,none,30.0,90,3,monophasic
Modulated_autosave_20260717_151033_569ms,Flex. carpi rad. (L),L_The_ED_FD_FCR D,2,33.35980937256977,41.35980937256977,65.71961874516796,,,none,30.0,90,3,monophasic
Modulated_autosave_20260717_151033_569ms,Flex. carpi rad. (L),L_The_ED_FD_FCR D,3,66.71961874516796,74.71961874516796,99.07942811773773,,,none,30.0,90,3,monophasic
Modulated_autosave_20260717_151033_569ms,Flex. carpi rad. (L),L_The_ED_FD_FCR D,4,100.07942811773773,108.07942811773773,132.4392374903075,,,none,30.0,90,3,monophasic
Modulated_autosave_20260717_151033_569ms,Flex. carpi rad. (L),L_The_ED_FD_FCR D,5,133.4392374903075,141.4392374903075,165.79904686287728,,,none,30.0,90,3,monophasic
Modulated_autosave_20260717_151033_569ms,Flex. carpi rad. (L),L_The_ED_FD_FCR D,6,166.79904686287728,174.79904686287728,199.15885623544705,,,none,30.0,90,3,monophasic
Modulated_autosave_20260717_151033_569ms,Flex. carpi rad. (L),L_The_ED_FD_FCR D,7,200.15885623544705,208.15885623544705,232.51866560756207,,,none,30.0,90,3,monophasic
Modulated_autosave_20260717_151033_569ms,Flex. carpi rad. (L),L_The_ED_FD_FCR D,8,233.51866560756207,241.51866560756207,265.87847498013184,,,none,30.0,90,3,monophasic
Modulated_autosave_20260717_151033_569ms,Flex. carpi rad. (L),L_The_ED_FD_FCR D,9,266.87847498013184,274.87847498013184,299.2382843527016,,,none,30.0,90,3,monophasic
Modulated_autosave_20260717_151033_569ms,Flex. carpi rad. (L),L_The_ED_FD_FCR D,10,300.2382843527016,308.2382843527016,332.5980937252714,,,none,30.0,90,3,monophasic
Modulated_autosave_20260717_151033_569ms,Flex. carpi rad. (L),L_The_ED_FD_FCR D,1,0.7942811758425705,8.79428117584257,32.35980937256977,,,none,30.0,95,3,monophasic
Modulated_autosave_20260717_151033_569ms,Flex. carpi rad. (L),L_The_ED_FD_FCR D,2,33.35980937256977,41.35980937256977,65.71961874516796,,,none,30.0,95,3,monophasic
Modulated_autosave_20260717_151033_569ms,Flex. carpi rad. (L),L_The_ED_FD_FCR D,3,66.71961874516796,74.71961874516796,99.07942811773773,,,none,30.0,95,3,monophasic
Modulated_autosave_20260717_151033_569ms,Flex. carpi rad. (L),L_The_ED_FD_FCR D,4,100.07942811773773,108.07942811773773,132.4392374903075,,,none,30.0,95,3,monophasic
Modulated_autosave_20260717_151033_569ms,Flex. carpi rad. (L),L_The_ED_FD_FCR D,5,133.4392374903075,141.4392374903075,165.79904686287728,,,none,30.0,95,3,monophasic
Modulated_autosave_20260717_151033_569ms,Flex. carpi rad. (L),L_The_ED_FD_FCR D,6,166.79904686287728,174.79904686287728,199.15885623544705,,,none,30.0,95,3,monophasic
Modulated_autosave_20260717_151033_569ms,Flex. carpi rad. (L),L_The_ED_FD_FCR D,7,200.15885623544705,208.15885623544705,232.51866560756207,,,none,30.0,95,3,monophasic
Modulated_autosave_20260717_151033_569ms,Flex. carpi rad. (L),L_The_ED_FD_FCR D,8,233.51866560756207,241.51866560756207,265.87847498013184,,,none,30.0,95,3,monophasic
Modulated_autosave_20260717_151033_569ms,Flex. carpi rad. (L),L_The_ED_FD_FCR D,9,266.87847498013184,274.87847498013184,299.2382843527016,,,none,30.0,95,3,monophasic
Modulated_autosave_20260717_151033_569ms,Flex. carpi rad. (L),L_The_ED_FD_FCR D,10,300.2382843527016,308.2382843527016,332.5980937252714,,,none,30.0,95,3,monophasic
Modulated_autosave_20260717_151033_569ms,Flex. carpi rad. (L),L_The_ED_FD_FCR D,1,0.7942811758425705,8.79428117584257,32.35980937256977,,,none,30.0,100,3,monophasic
Modulated_autosave_20260717_151033_569ms,Flex. carpi rad. (L),L_The_ED_FD_FCR D,2,33.35980937256977,41.35980937256977,65.71961874516796,,,none,30.0,100,3,monophasic
Modulated_autosave_20260717_151033_569ms,Flex. carpi rad. (L),L_The_ED_FD_FCR D,3,66.71961874516796,74.71961874516796,99.07942811773773,,,none,30.0,100,3,monophasic
Modulated_autosave_20260717_151033_569ms,Flex. carpi rad. (L),L_The_ED_FD_FCR D,4,100.07942811773773,108.07942811773773,132.4392374903075,,,none,30.0,100,3,monophasic
Modulated_autosave_20260717_151033_569ms,Flex. carpi rad. (L),L_The_ED_FD_FCR D,5,133.4392374903075,141.4392374903075,165.79904686287728,,,none,30.0,100,3,monophasic
Modulated_autosave_20260717_151033_569ms,Flex. carpi rad. (L),L_The_ED_FD_FCR D,6,166.79904686287728,174.79904686287728,199.15885623544705,,,none,30.0,100,3,monophasic
Modulated_autosave_20260717_151033_569ms,Flex. carpi rad. (L),L_The_ED_FD_FCR D,7,200.15885623544705,208.15885623544705,232.51866560756207,,,none,30.0,100,3,monophasic
Modulated_autosave_20260717_151033_569ms,Flex. carpi rad. (L),L_The_ED_FD_FCR D,8,233.51866560756207,241.51866560756207,265.87847498013184,,,none,30.0,100,3,monophasic
Modulated_autosave_20260717_151033_569ms,Flex. carpi rad. (L),L_The_ED_FD_FCR D,9,266.87847498013184,274.87847498013184,299.2382843527016,,,none,30.0,100,3,monophasic
Modulated_autosave_20260717_151033_569ms,Flex. carpi rad. (L),L_The_ED_FD_FCR D,10,300.2382843527016,308.2382843527016,332.5980937252714,,,none,30.0,100,3,monophasic
Modulated_autosave_20260717_151033_569ms,Flex. carpi rad. (L),L_The_ED_FD_FCR D,1,0.7942811758425705,8.79428117584257,32.35980937256977,,,none,30.0,105,3,monophasic
Modulated_autosave_20260717_151033_569ms,Flex. carpi rad. (L),L_The_ED_FD_FCR D,2,33.35980937256977,41.35980937256977,65.71961874516796,,,none,30.0,105,3,monophasic
Modulated_autosave_20260717_151033_569ms,Flex. carpi rad. (L),L_The_ED_FD_FCR D,3,66.71961874516796,74.71961874516796,99.07942811773773,,,none,30.0,105,3,monophasic
Modulated_autosave_20260717_151033_569ms,Flex. carpi rad. (L),L_The_ED_FD_FCR D,4,100.07942811773773,108.07942811773773,132.4392374903075,,,none,30.0,105,3,monophasic
Modulated_autosave_20260717_151033_569ms,Flex. carpi rad. (L),L_The_ED_FD_FCR D,5,133.4392374903075,141.4392374903075,165.79904686287728,,,none,30.0,105,3,monophasic
Modulated_autosave_20260717_151033_569ms,Flex. carpi rad. (L),L_The_ED_FD_FCR D,6,166.79904686287728,174.79904686287728,199.15885623544705,,,none,30.0,105,3,monophasic
Modulated_autosave_20260717_151033_569ms,Flex. carpi rad. (L),L_The_ED_FD_FCR D,7,200.15885623544705,208.15885623544705,232.51866560756207,,,none,30.0,105,3,monophasic
Modulated_autosave_20260717_151033_569ms,Flex. carpi rad. (L),L_The_ED_FD_FCR D,8,233.51866560756207,241.51866560756207,265.87847498013184,,,none,30.0,105,3,monophasic
Modulated_autosave_20260717_151033_569ms,Flex. carpi rad. (L),L_The_ED_FD_FCR D,9,266.87847498013184,274.87847498013184,299.2382843527016,,,none,30.0,105,3,monophasic
Modulated_autosave_20260717_151033_569ms,Flex. carpi rad. (L),L_The_ED_FD_FCR D,10,300.2382843527016,308.2382843527016,332.5980937252714,,,none,30.0,105,3,monophasic
Modulated_autosave_20260717_151033_569ms,Flex. carpi rad. (L),L_The_ED_FD_FCR D,1,0.7942811758425705,8.79428117584257,32.35980937256977,,,none,30.0,110,3,monophasic
Modulated_autosave_20260717_151033_569ms,Flex. carpi rad. (L),L_The_ED_FD_FCR D,2,33.35980937256977,41.35980937256977,65.71961874516796,,,none,30.0,110,3,monophasic
Modulated_autosave_20260717_151033_569ms,Flex. carpi rad. (L),L_The_ED_FD_FCR D,3,66.71961874516796,74.71961874516796,99.07942811773773,,,none,30.0,110,3,monophasic
Modulated_autosave_20260717_151033_569ms,Flex. carpi rad. (L),L_The_ED_FD_FCR D,4,100.07942811773773,108.07942811773773,132.4392374903075,,,none,30.0,110,3,monophasic
Modulated_autosave_20260717_151033_569ms,Flex. carpi rad. (L),L_The_ED_FD_FCR D,5,133.4392374903075,141.4392374903075,165.79904686287728,,,none,30.0,110,3,monophasic
Modulated_autosave_20260717_151033_569ms,Flex. carpi rad. (L),L_The_ED_FD_FCR D,6,166.79904686287728,174.79904686287728,199.15885623544705,,,none,30.0,110,3,monophasic
Modulated_autosave_20260717_151033_569ms,Flex. carpi rad. (L),L_The_ED_FD_FCR D,7,200.15885623544705,208.15885623544705,232.51866560756207,,,none,30.0,110,3,monophasic
Modulated_autosave_20260717_151033_569ms,Flex. carpi rad. (L),L_The_ED_FD_FCR D,8,233.51866560756207,241.51866560756207,265.87847498013184,,,none,30.0,110,3,monophasic
Modulated_autosave_20260717_151033_569ms,Flex. carpi rad. (L),L_The_ED_FD_FCR D,9,266.87847498013184,274.87847498013184,299.2382843527016,,,none,30.0,110,3,monophasic
Modulated_autosave_20260717_151033_569ms,Flex. carpi rad. (L),L_The_ED_FD_FCR D,10,300.2382843527016,308.2382843527016,332.5980937252714,,,none,30.0,110,3,monophasic
Modulated_autosave_20260717_151033_569ms,Flex. carpi rad. (L),L_The_ED_FD_FCR D,1,0.7942811758425705,8.79428117584257,32.35980937256977,,,none,30.0,115,3,monophasic
Modulated_autosave_20260717_151033_569ms,Flex. carpi rad. (L),L_The_ED_FD_FCR D,2,33.35980937256977,41.35980937256977,65.71961874516796,,,none,30.0,115,3,monophasic
Modulated_autosave_20260717_151033_569ms,Flex. carpi rad. (L),L_The_ED_FD_FCR D,3,66.71961874516796,74.71961874516796,99.07942811773773,,,none,30.0,115,3,monophasic
Modulated_autosave_20260717_151033_569ms,Flex. carpi rad. (L),L_The_ED_FD_FCR D,4,100.07942811773773,108.07942811773773,132.4392374903075,,,none,30.0,115,3,monophasic
Modulated_autosave_20260717_151033_569ms,Flex. carpi rad. (L),L_The_ED_FD_FCR D,5,133.4392374903075,141.4392374903075,165.79904686287728,,,none,30.0,115,3,monophasic
Modulated_autosave_20260717_151033_569ms,Flex. carpi rad. (L),L_The_ED_FD_FCR D,6,166.79904686287728,174.79904686287728,199.15885623544705,,,none,30.0,115,3,monophasic
Modulated_autosave_20260717_151033_569ms,Flex. carpi rad. (L),L_The_ED_FD_FCR D,7,200.15885623544705,208.15885623544705,232.51866560756207,,,none,30.0,115,3,monophasic
Modulated_autosave_20260717_151033_569ms,Flex. carpi rad. (L),L_The_ED_FD_FCR D,8,233.51866560756207,241.51866560756207,265.87847498013184,,,none,30.0,115,3,monophasic
Modulated_autosave_20260717_151033_569ms,Flex. carpi rad. (L),L_The_ED_FD_FCR D,9,266.87847498013184,274.87847498013184,299.2382843527016,,,none,30.0,115,3,monophasic
Modulated_autosave_20260717_151033_569ms,Flex. carpi rad. (L),L_The_ED_FD_FCR D,10,300.2382843527016,308.2382843527016,332.5980937252714,,,none,30.0,115,3,monophasic
Modulated_autosave_20260717_151033_569ms,Flex. carpi rad. (L),L_The_ED_FD_FCR D,1,0.7942811758425705,8.79428117584257,32.35980937256977,,,none,30.0,120,3,monophasic
Modulated_autosave_20260717_151033_569ms,Flex. carpi rad. (L),L_The_ED_FD_FCR D,2,33.35980937256977,41.35980937256977,65.71961874516796,,,none,30.0,120,3,monophasic
Modulated_autosave_20260717_151033_569ms,Flex. carpi rad. (L),L_The_ED_FD_FCR D,3,66.71961874516796,74.71961874516796,99.07942811773773,,,none,30.0,120,3,monophasic
Modulated_autosave_20260717_151033_569ms,Flex. carpi rad. (L),L_The_ED_FD_FCR D,4,100.07942811773773,108.07942811773773,132.4392374903075,,,none,30.0,120,3,monophasic
Modulated_autosave_20260717_151033_569ms,Flex. carpi rad. (L),L_The_ED_FD_FCR D,5,133.4392374903075,141.4392374903075,165.79904686287728,,,none,30.0,120,3,monophasic
Modulated_autosave_20260717_151033_569ms,Flex. carpi rad. (L),L_The_ED_FD_FCR D,6,166.79904686287728,174.79904686287728,199.15885623544705,,,none,30.0,120,3,monophasic
Modulated_autosave_20260717_151033_569ms,Flex. carpi rad. (L),L_The_ED_FD_FCR D,7,200.15885623544705,208.15885623544705,232.51866560756207,,,none,30.0,120,3,monophasic
Modulated_autosave_20260717_151033_569ms,Flex. carpi rad. (L),L_The_ED_FD_FCR D,8,233.51866560756207,241.51866560756207,265.87847498013184,,,none,30.0,120,3,monophasic
Modulated_autosave_20260717_151033_569ms,Flex. carpi rad. (L),L_The_ED_FD_FCR D,9,266.87847498013184,274.87847498013184,299.2382843527016,,,none,30.0,120,3,monophasic
Modulated_autosave_20260717_151033_569ms,Flex. carpi rad. (L),L_The_ED_FD_FCR D,10,300.2382843527016,308.2382843527016,332.5980937252714,,,none,30.0,120,3,monophasic
Modulated_autosave_20260717_151033_569ms,Flex. carpi rad. (L),L_The_ED_FD_FCR D,1,0.7942811758425705,8.79428117584257,32.35980937256977,,,none,30.0,125,3,monophasic
Modulated_autosave_20260717_151033_569ms,Flex. carpi rad. (L),L_The_ED_FD_FCR D,2,33.35980937256977,41.35980937256977,65.71961874516796,,,none,30.0,125,3,monophasic
Modulated_autosave_20260717_151033_569ms,Flex. carpi rad. (L),L_The_ED_FD_FCR D,3,66.71961874516796,74.71961874516796,99.07942811773773,,,none,30.0,125,3,monophasic
Modulated_autosave_20260717_151033_569ms,Flex. carpi rad. (L),L_The_ED_FD_FCR D,4,100.07942811773773,108.07942811773773,132.4392374903075,,,none,30.0,125,3,monophasic
Modulated_autosave_20260717_151033_569ms,Flex. carpi rad. (L),L_The_ED_FD_FCR D,5,133.4392374903075,141.4392374903075,165.79904686287728,,,none,30.0,125,3,monophasic
Modulated_autosave_20260717_151033_569ms,Flex. carpi rad. (L),L_The_ED_FD_FCR D,6,166.79904686287728,174.79904686287728,199.15885623544705,,,none,30.0,125,3,monophasic
Modulated_autosave_20260717_151033_569ms,Flex. carpi rad. (L),L_The_ED_FD_FCR D,7,200.15885623544705,208.15885623544705,232.51866560756207,,,none,30.0,125,3,monophasic
Modulated_autosave_20260717_151033_569ms,Flex. carpi rad. (L),L_The_ED_FD_FCR D,8,233.51866560756207,241.51866560756207,265.87847498013184,,,none,30.0,125,3,monophasic
Modulated_autosave_20260717_151033_569ms,Flex. carpi rad. (L),L_The_ED_FD_FCR D,9,266.87847498013184,274.87847498013184,299.2382843527016,,,none,30.0,125,3,monophasic
Modulated_autosave_20260717_151033_569ms,Flex. carpi rad. (L),L_The_ED_FD_FCR D,10,300.2382843527016,308.2382843527016,332.5980937252714,,,none,30.0,125,3,monophasic
Modulated_autosave_20260717_151033_569ms,Flex. carpi rad. (L),L_The_ED_FD_FCR D,1,0.7942811758425705,8.79428117584257,32.35980937256977,,,none,30.0,130,3,monophasic
Modulated_autosave_20260717_151033_569ms,Flex. carpi rad. (L),L_The_ED_FD_FCR D,2,33.35980937256977,41.35980937256977,65.71961874516796,,,none,30.0,130,3,monophasic
Modulated_autosave_20260717_151033_569ms,Flex. carpi rad. (L),L_The_ED_FD_FCR D,3,66.71961874516796,74.71961874516796,99.07942811773773,,,none,30.0,130,3,monophasic
Modulated_autosave_20260717_151033_569ms,Flex. carpi rad. (L),L_The_ED_FD_FCR D,4,100.07942811773773,108.07942811773773,132.4392374903075,,,none,30.0,130,3,monophasic
Modulated_autosave_20260717_151033_569ms,Flex. carpi rad. (L),L_The_ED_FD_FCR D,5,133.4392374903075,141.4392374903075,165.79904686287728,,,none,30.0,130,3,monophasic
Modulated_autosave_20260717_151033_569ms,Flex. carpi rad. (L),L_The_ED_FD_FCR D,6,166.79904686287728,174.79904686287728,199.15885623544705,,,none,30.0,130,3,monophasic
Modulated_autosave_20260717_151033_569ms,Flex. carpi rad. (L),L_The_ED_FD_FCR D,7,200.15885623544705,208.15885623544705,232.51866560756207,,,none,30.0,130,3,monophasic
Modulated_autosave_20260717_151033_569ms,Flex. carpi rad. (L),L_The_ED_FD_FCR D,8,233.51866560756207,241.51866560756207,265.87847498013184,,,none,30.0,130,3,monophasic
Modulated_autosave_20260717_151033_569ms,Flex. carpi rad. (L),L_The_ED_FD_FCR D,9,266.87847498013184,274.87847498013184,299.2382843527016,,,none,30.0,130,3,monophasic
Modulated_autosave_20260717_151033_569ms,Flex. carpi rad. (L),L_The_ED_FD_FCR D,10,300.2382843527016,308.2382843527016,332.5980937252714,,,none,30.0,130,3,monophasic
Modulated_autosave_20260717_151033_569ms,Flex. carpi rad. (L),L_The_ED_FD_FCR D,1,0.7942811758425705,8.79428117584257,32.35980937256977,,,none,30.0,135,3,monophasic
Modulated_autosave_20260717_151033_569ms,Flex. carpi rad. (L),L_The_ED_FD_FCR D,2,33.35980937256977,41.35980937256977,65.71961874516796,,,none,30.0,135,3,monophasic
Modulated_autosave_20260717_151033_569ms,Flex. carpi rad. (L),L_The_ED_FD_FCR D,3,66.71961874516796,74.71961874516796,99.07942811773773,,,none,30.0,135,3,monophasic
Modulated_autosave_20260717_151033_569ms,Flex. carpi rad. (L),L_The_ED_FD_FCR D,4,100.07942811773773,108.07942811773773,132.4392374903075,,,none,30.0,135,3,monophasic
Modulated_autosave_20260717_151033_569ms,Flex. carpi rad. (L),L_The_ED_FD_FCR D,5,133.4392374903075,141.4392374903075,165.79904686287728,,,none,30.0,135,3,monophasic
Modulated_autosave_20260717_151033_569ms,Flex. carpi rad. (L),L_The_ED_FD_FCR D,6,166.79904686287728,174.79904686287728,199.15885623544705,,,none,30.0,135,3,monophasic
Modulated_autosave_20260717_151033_569ms,Flex. carpi rad. (L),L_The_ED_FD_FCR D,7,200.15885623544705,208.15885623544705,232.51866560756207,,,none,30.0,135,3,monophasic
Modulated_autosave_20260717_151033_569ms,Flex. carpi rad. (L),L_The_ED_FD_FCR D,8,233.51866560756207,241.51866560756207,265.87847498013184,,,none,30.0,135,3,monophasic
Modulated_autosave_20260717_151033_569ms,Flex. carpi rad. (L),L_The_ED_FD_FCR D,9,266.87847498013184,274.87847498013184,299.2382843527016,,,none,30.0,135,3,monophasic
Modulated_autosave_20260717_151033_569ms,Flex. carpi rad. (L),L_The_ED_FD_FCR D,10,300.2382843527016,308.2382843527016,332.5980937252714,,,none,30.0,135,3,monophasic
Modulated_autosave_20260717_151033_569ms,Flex. carpi rad. (L),L_The_ED_FD_FCR D,1,0.7942811758425705,8.79428117584257,32.35980937256977,0.03306630067527294,0.03306630067527294,none,30.0,140,3,monophasic
Modulated_autosave_20260717_151033_569ms,Flex. carpi rad. (L),L_The_ED_FD_FCR D,2,33.35980937256977,41.35980937256977,65.71961874516796,0.008392461808398366,0.008392461808398366,none,30.0,140,3,monophasic
Modulated_autosave_20260717_151033_569ms,Flex. carpi rad. (L),L_The_ED_FD_FCR D,3,66.71961874516796,74.71961874516796,99.07942811773773,0.009063858771696687,0.009063858771696687,none,30.0,140,3,monophasic
Modulated_autosave_20260717_151033_569ms,Flex. carpi rad. (L),L_The_ED_FD_FCR D,4,100.07942811773773,108.07942811773773,132.4392374903075,0.028870069421827793,0.028870069421827793,none,30.0,140,3,monophasic
Modulated_autosave_20260717_151033_569ms,Flex. carpi rad. (L),L_The_ED_FD_FCR D,5,133.4392374903075,141.4392374903075,165.79904686287728,0.0068818191066384315,0.0068818191066384315,none,30.0,140,3,monophasic
Modulated_autosave_20260717_151033_569ms,Flex. carpi rad. (L),L_The_ED_FD_FCR D,6,166.79904686287728,174.79904686287728,199.15885623544705,0.030548561364412308,0.030548561364412308,none,30.0,140,3,monophasic
Modulated_autosave_20260717_151033_569ms,Flex. carpi rad. (L),L_The_ED_FD_FCR D,7,200.15885623544705,208.15885623544705,232.51866560756207,0.00537117593921721,0.00537117593921721,none,30.0,140,3,monophasic
Modulated_autosave_20260717_151033_569ms,Flex. carpi rad. (L),L_The_ED_FD_FCR D,8,233.51866560756207,241.51866560756207,265.87847498013184,0.00570687442086637,0.00570687442086637,none,30.0,140,3,monophasic
Modulated_autosave_20260717_151033_569ms,Flex. carpi rad. (L),L_The_ED_FD_FCR D,9,266.87847498013184,274.87847498013184,299.2382843527016,,,none,30.0,140,3,monophasic
Modulated_autosave_20260717_151033_569ms,Flex. carpi rad. (L),L_The_ED_FD_FCR D,10,300.2382843527016,308.2382843527016,332.5980937252714,0.006210422143340111,0.006210422143340111,none,30.0,140,3,monophasic
Modulated_autosave_20260717_151033_569ms,Deltoid med. (R),R_DELmed,1,0.7942811758425705,8.79428117584257,32.35980937256977,,,none,30.0,45,3,monophasic
Modulated_autosave_20260717_151033_569ms,Deltoid med. (R),R_DELmed,2,33.35980937256977,41.35980937256977,65.71961874516796,,,none,30.0,45,3,monophasic
Modulated_autosave_20260717_151033_569ms,Deltoid med. (R),R_DELmed,3,66.71961874516796,74.71961874516796,99.07942811773773,,,none,30.0,45,3,monophasic
Modulated_autosave_20260717_151033_569ms,Deltoid med. (R),R_DELmed,4,100.07942811773773,108.07942811773773,132.4392374903075,,,none,30.0,45,3,monophasic
Modulated_autosave_20260717_151033_569ms,Deltoid med. (R),R_DELmed,5,133.4392374903075,141.4392374903075,165.79904686287728,,,none,30.0,45,3,monophasic
Modulated_autosave_20260717_151033_569ms,Deltoid med. (R),R_DELmed,6,166.79904686287728,174.79904686287728,199.15885623544705,,,none,30.0,45,3,monophasic
Modulated_autosave_20260717_151033_569ms,Deltoid med. (R),R_DELmed,7,200.15885623544705,208.15885623544705,232.51866560756207,,,none,30.0,45,3,monophasic
Modulated_autosave_20260717_151033_569ms,Deltoid med. (R),R_DELmed,8,233.51866560756207,241.51866560756207,265.87847498013184,,,none,30.0,45,3,monophasic
Modulated_autosave_20260717_151033_569ms,Deltoid med. (R),R_DELmed,9,266.87847498013184,274.87847498013184,299.2382843527016,,,none,30.0,45,3,monophasic
Modulated_autosave_20260717_151033_569ms,Deltoid med. (R),R_DELmed,10,300.2382843527016,308.2382843527016,332.5980937252714,,,none,30.0,45,3,monophasic
Modulated_autosave_20260717_151033_569ms,Deltoid med. (R),R_DELmed,1,0.7942811758425705,8.79428117584257,32.35980937256977,,,none,30.0,50,3,monophasic
Modulated_autosave_20260717_151033_569ms,Deltoid med. (R),R_DELmed,2,33.35980937256977,41.35980937256977,65.71961874516796,,,none,30.0,50,3,monophasic
Modulated_autosave_20260717_151033_569ms,Deltoid med. (R),R_DELmed,3,66.71961874516796,74.71961874516796,99.07942811773773,,,none,30.0,50,3,monophasic
Modulated_autosave_20260717_151033_569ms,Deltoid med. (R),R_DELmed,4,100.07942811773773,108.07942811773773,132.4392374903075,,,none,30.0,50,3,monophasic
Modulated_autosave_20260717_151033_569ms,Deltoid med. (R),R_DELmed,5,133.4392374903075,141.4392374903075,165.79904686287728,,,none,30.0,50,3,monophasic
Modulated_autosave_20260717_151033_569ms,Deltoid med. (R),R_DELmed,6,166.79904686287728,174.79904686287728,199.15885623544705,,,none,30.0,50,3,monophasic
Modulated_autosave_20260717_151033_569ms,Deltoid med. (R),R_DELmed,7,200.15885623544705,208.15885623544705,232.51866560756207,,,none,30.0,50,3,monophasic
Modulated_autosave_20260717_151033_569ms,Deltoid med. (R),R_DELmed,8,233.51866560756207,241.51866560756207,265.87847498013184,,,none,30.0,50,3,monophasic
Modulated_autosave_20260717_151033_569ms,Deltoid med. (R),R_DELmed,9,266.87847498013184,274.87847498013184,299.2382843527016,,,none,30.0,50,3,monophasic
Modulated_autosave_20260717_151033_569ms,Deltoid med. (R),R_DELmed,10,300.2382843527016,308.2382843527016,332.5980937252714,,,none,30.0,50,3,monophasic
Modulated_autosave_20260717_151033_569ms,Deltoid med. (R),R_DELmed,1,0.7942811758425705,8.79428117584257,32.35980937256977,,,none,30.0,55,3,monophasic
Modulated_autosave_20260717_151033_569ms,Deltoid med. (R),R_DELmed,2,33.35980937256977,41.35980937256977,65.71961874516796,,,none,30.0,55,3,monophasic
Modulated_autosave_20260717_151033_569ms,Deltoid med. (R),R_DELmed,3,66.71961874516796,74.71961874516796,99.07942811773773,,,none,30.0,55,3,monophasic
Modulated_autosave_20260717_151033_569ms,Deltoid med. (R),R_DELmed,4,100.07942811773773,108.07942811773773,132.4392374903075,,,none,30.0,55,3,monophasic
Modulated_autosave_20260717_151033_569ms,Deltoid med. (R),R_DELmed,5,133.4392374903075,141.4392374903075,165.79904686287728,,,none,30.0,55,3,monophasic
Modulated_autosave_20260717_151033_569ms,Deltoid med. (R),R_DELmed,6,166.79904686287728,174.79904686287728,199.15885623544705,,,none,30.0,55,3,monophasic
Modulated_autosave_20260717_151033_569ms,Deltoid med. (R),R_DELmed,7,200.15885623544705,208.15885623544705,232.51866560756207,,,none,30.0,55,3,monophasic
Modulated_autosave_20260717_151033_569ms,Deltoid med. (R),R_DELmed,8,233.51866560756207,241.51866560756207,265.87847498013184,,,none,30.0,55,3,monophasic
Modulated_autosave_20260717_151033_569ms,Deltoid med. (R),R_DELmed,9,266.87847498013184,274.87847498013184,299.2382843527016,,,none,30.0,55,3,monophasic
Modulated_autosave_20260717_151033_569ms,Deltoid med. (R),R_DELmed,10,300.2382843527016,308.2382843527016,332.5980937252714,,,none,30.0,55,3,monophasic
Modulated_autosave_20260717_151033_569ms,Deltoid med. (R),R_DELmed,1,0.7942811758425705,8.79428117584257,32.35980937256977,,,none,30.0,60,3,monophasic
Modulated_autosave_20260717_151033_569ms,Deltoid med. (R),R_DELmed,2,33.35980937256977,41.35980937256977,65.71961874516796,,,none,30.0,60,3,monophasic
Modulated_autosave_20260717_151033_569ms,Deltoid med. (R),R_DELmed,3,66.71961874516796,74.71961874516796,99.07942811773773,,,none,30.0,60,3,monophasic
Modulated_autosave_20260717_151033_569ms,Deltoid med. (R),R_DELmed,4,100.07942811773773,108.07942811773773,132.4392374903075,,,none,30.0,60,3,monophasic
Modulated_autosave_20260717_151033_569ms,Deltoid med. (R),R_DELmed,5,133.4392374903075,141.4392374903075,165.79904686287728,,,none,30.0,60,3,monophasic
Modulated_autosave_20260717_151033_569ms,Deltoid med. (R),R_DELmed,6,166.79904686287728,174.79904686287728,199.15885623544705,,,none,30.0,60,3,monophasic
Modulated_autosave_20260717_151033_569ms,Deltoid med. (R),R_DELmed,7,200.15885623544705,208.15885623544705,232.51866560756207,,,none,30.0,60,3,monophasic
Modulated_autosave_20260717_151033_569ms,Deltoid med. (R),R_DELmed,8,233.51866560756207,241.51866560756207,265.87847498013184,,,none,30.0,60,3,monophasic
Modulated_autosave_20260717_151033_569ms,Deltoid med. (R),R_DELmed,9,266.87847498013184,274.87847498013184,299.2382843527016,,,none,30.0,60,3,monophasic
Modulated_autosave_20260717_151033_569ms,Deltoid med. (R),R_DELmed,10,300.2382843527016,308.2382843527016,332.5980937252714,,,none,30.0,60,3,monophasic
Modulated_autosave_20260717_151033_569ms,Deltoid med. (R),R_DELmed,1,0.7942811758425705,8.79428117584257,32.35980937256977,,,none,30.0,65,3,monophasic
Modulated_autosave_20260717_151033_569ms,Deltoid med. (R),R_DELmed,2,33.35980937256977,41.35980937256977,65.71961874516796,,,none,30.0,65,3,monophasic
Modulated_autosave_20260717_151033_569ms,Deltoid med. (R),R_DELmed,3,66.71961874516796,74.71961874516796,99.07942811773773,,,none,30.0,65,3,monophasic
Modulated_autosave_20260717_151033_569ms,Deltoid med. (R),R_DELmed,4,100.07942811773773,108.07942811773773,132.4392374903075,,,none,30.0,65,3,monophasic
Modulated_autosave_20260717_151033_569ms,Deltoid med. (R),R_DELmed,5,133.4392374903075,141.4392374903075,165.79904686287728,,,none,30.0,65,3,monophasic
Modulated_autosave_20260717_151033_569ms,Deltoid med. (R),R_DELmed,6,166.79904686287728,174.79904686287728,199.15885623544705,,,none,30.0,65,3,monophasic
Modulated_autosave_20260717_151033_569ms,Deltoid med. (R),R_DELmed,7,200.15885623544705,208.15885623544705,232.51866560756207,,,none,30.0,65,3,monophasic
Modulated_autosave_20260717_151033_569ms,Deltoid med. (R),R_DELmed,8,233.51866560756207,241.51866560756207,265.87847498013184,,,none,30.0,65,3,monophasic
Modulated_autosave_20260717_151033_569ms,Deltoid med. (R),R_DELmed,9,266.87847498013184,274.87847498013184,299.2382843527016,,,none,30.0,65,3,monophasic
Modulated_autosave_20260717_151033_569ms,Deltoid med. (R),R_DELmed,10,300.2382843527016,308.2382843527016,332.5980937252714,,,none,30.0,65,3,monophasic
Modulated_autosave_20260717_151033_569ms,Deltoid med. (R),R_DELmed,1,0.7942811758425705,8.79428117584257,32.35980937256977,,,none,30.0,70,3,monophasic
Modulated_autosave_20260717_151033_569ms,Deltoid med. (R),R_DELmed,2,33.35980937256977,41.35980937256977,65.71961874516796,,,none,30.0,70,3,monophasic
Modulated_autosave_20260717_151033_569ms,Deltoid med. (R),R_DELmed,3,66.71961874516796,74.71961874516796,99.07942811773773,,,none,30.0,70,3,monophasic
Modulated_autosave_20260717_151033_569ms,Deltoid med. (R),R_DELmed,4,100.07942811773773,108.07942811773773,132.4392374903075,,,none,30.0,70,3,monophasic
Modulated_autosave_20260717_151033_569ms,Deltoid med. (R),R_DELmed,5,133.4392374903075,141.4392374903075,165.79904686287728,,,none,30.0,70,3,monophasic
Modulated_autosave_20260717_151033_569ms,Deltoid med. (R),R_DELmed,6,166.79904686287728,174.79904686287728,199.15885623544705,,,none,30.0,70,3,monophasic
Modulated_autosave_20260717_151033_569ms,Deltoid med. (R),R_DELmed,7,200.15885623544705,208.15885623544705,232.51866560756207,,,none,30.0,70,3,monophasic
Modulated_autosave_20260717_151033_569ms,Deltoid med. (R),R_DELmed,8,233.51866560756207,241.51866560756207,265.87847498013184,,,none,30.0,70,3,monophasic
Modulated_autosave_20260717_151033_569ms,Deltoid med. (R),R_DELmed,9,266.87847498013184,274.87847498013184,299.2382843527016,,,none,30.0,70,3,monophasic
Modulated_autosave_20260717_151033_569ms,Deltoid med. (R),R_DELmed,10,300.2382843527016,308.2382843527016,332.5980937252714,,,none,30.0,70,3,monophasic
Modulated_autosave_20260717_151033_569ms,Deltoid med. (R),R_DELmed,1,0.7942811758425705,8.79428117584257,32.35980937256977,,,none,30.0,75,3,monophasic
Modulated_autosave_20260717_151033_569ms,Deltoid med. (R),R_DELmed,2,33.35980937256977,41.35980937256977,65.71961874516796,,,none,30.0,75,3,monophasic
Modulated_autosave_20260717_151033_569ms,Deltoid med. (R),R_DELmed,3,66.71961874516796,74.71961874516796,99.07942811773773,,,none,30.0,75,3,monophasic
Modulated_autosave_20260717_151033_569ms,Deltoid med. (R),R_DELmed,4,100.07942811773773,108.07942811773773,132.4392374903075,,,none,30.0,75,3,monophasic
Modulated_autosave_20260717_151033_569ms,Deltoid med. (R),R_DELmed,5,133.4392374903075,141.4392374903075,165.79904686287728,,,none,30.0,75,3,monophasic
Modulated_autosave_20260717_151033_569ms,Deltoid med. (R),R_DELmed,6,166.79904686287728,174.79904686287728,199.15885623544705,,,none,30.0,75,3,monophasic
Modulated_autosave_20260717_151033_569ms,Deltoid med. (R),R_DELmed,7,200.15885623544705,208.15885623544705,232.51866560756207,,,none,30.0,75,3,monophasic
Modulated_autosave_20260717_151033_569ms,Deltoid med. (R),R_DELmed,8,233.51866560756207,241.51866560756207,265.87847498013184,,,none,30.0,75,3,monophasic
Modulated_autosave_20260717_151033_569ms,Deltoid med. (R),R_DELmed,9,266.87847498013184,274.87847498013184,299.2382843527016,,,none,30.0,75,3,monophasic
Modulated_autosave_20260717_151033_569ms,Deltoid med. (R),R_DELmed,10,300.2382843527016,308.2382843527016,332.5980937252714,,,none,30.0,75,3,monophasic
Modulated_autosave_20260717_151033_569ms,Deltoid med. (R),R_DELmed,1,0.7942811758425705,8.79428117584257,32.35980937256977,,,none,30.0,80,3,monophasic
Modulated_autosave_20260717_151033_569ms,Deltoid med. (R),R_DELmed,2,33.35980937256977,41.35980937256977,65.71961874516796,,,none,30.0,80,3,monophasic
Modulated_autosave_20260717_151033_569ms,Deltoid med. (R),R_DELmed,3,66.71961874516796,74.71961874516796,99.07942811773773,,,none,30.0,80,3,monophasic
Modulated_autosave_20260717_151033_569ms,Deltoid med. (R),R_DELmed,4,100.07942811773773,108.07942811773773,132.4392374903075,,,none,30.0,80,3,monophasic
Modulated_autosave_20260717_151033_569ms,Deltoid med. (R),R_DELmed,5,133.4392374903075,141.4392374903075,165.79904686287728,,,none,30.0,80,3,monophasic
Modulated_autosave_20260717_151033_569ms,Deltoid med. (R),R_DELmed,6,166.79904686287728,174.79904686287728,199.15885623544705,,,none,30.0,80,3,monophasic
Modulated_autosave_20260717_151033_569ms,Deltoid med. (R),R_DELmed,7,200.15885623544705,208.15885623544705,232.51866560756207,,,none,30.0,80,3,monophasic
Modulated_autosave_20260717_151033_569ms,Deltoid med. (R),R_DELmed,8,233.51866560756207,241.51866560756207,265.87847498013184,,,none,30.0,80,3,monophasic
Modulated_autosave_20260717_151033_569ms,Deltoid med. (R),R_DELmed,9,266.87847498013184,274.87847498013184,299.2382843527016,,,none,30.0,80,3,monophasic
Modulated_autosave_20260717_151033_569ms,Deltoid med. (R),R_DELmed,10,300.2382843527016,308.2382843527016,332.5980937252714,,,none,30.0,80,3,monophasic
Modulated_autosave_20260717_151033_569ms,Deltoid med. (R),R_DELmed,1,0.7942811758425705,8.79428117584257,32.35980937256977,,,none,30.0,85,3,monophasic
Modulated_autosave_20260717_151033_569ms,Deltoid med. (R),R_DELmed,2,33.35980937256977,41.35980937256977,65.71961874516796,,,none,30.0,85,3,monophasic
Modulated_autosave_20260717_151033_569ms,Deltoid med. (R),R_DELmed,3,66.71961874516796,74.71961874516796,99.07942811773773,,,none,30.0,85,3,monophasic
Modulated_autosave_20260717_151033_569ms,Deltoid med. (R),R_DELmed,4,100.07942811773773,108.07942811773773,132.4392374903075,,,none,30.0,85,3,monophasic
Modulated_autosave_20260717_151033_569ms,Deltoid med. (R),R_DELmed,5,133.4392374903075,141.4392374903075,165.79904686287728,,,none,30.0,85,3,monophasic
Modulated_autosave_20260717_151033_569ms,Deltoid med. (R),R_DELmed,6,166.79904686287728,174.79904686287728,199.15885623544705,,,none,30.0,85,3,monophasic
Modulated_autosave_20260717_151033_569ms,Deltoid med. (R),R_DELmed,7,200.15885623544705,208.15885623544705,232.51866560756207,,,none,30.0,85,3,monophasic
Modulated_autosave_20260717_151033_569ms,Deltoid med. (R),R_DELmed,8,233.51866560756207,241.51866560756207,265.87847498013184,,,none,30.0,85,3,monophasic
Modulated_autosave_20260717_151033_569ms,Deltoid med. (R),R_DELmed,9,266.87847498013184,274.87847498013184,299.2382843527016,,,none,30.0,85,3,monophasic
Modulated_autosave_20260717_151033_569ms,Deltoid med. (R),R_DELmed,10,300.2382843527016,308.2382843527016,332.5980937252714,,,none,30.0,85,3,monophasic
Modulated_autosave_20260717_151033_569ms,Deltoid med. (R),R_DELmed,1,0.7942811758425705,8.79428117584257,32.35980937256977,,,none,30.0,90,3,monophasic
Modulated_autosave_20260717_151033_569ms,Deltoid med. (R),R_DELmed,2,33.35980937256977,41.35980937256977,65.71961874516796,,,none,30.0,90,3,monophasic
Modulated_autosave_20260717_151033_569ms,Deltoid med. (R),R_DELmed,3,66.71961874516796,74.71961874516796,99.07942811773773,,,none,30.0,90,3,monophasic
Modulated_autosave_20260717_151033_569ms,Deltoid med. (R),R_DELmed,4,100.07942811773773,108.07942811773773,132.4392374903075,,,none,30.0,90,3,monophasic
Modulated_autosave_20260717_151033_569ms,Deltoid med. (R),R_DELmed,5,133.4392374903075,141.4392374903075,165.79904686287728,,,none,30.0,90,3,monophasic
Modulated_autosave_20260717_151033_569ms,Deltoid med. (R),R_DELmed,6,166.79904686287728,174.79904686287728,199.15885623544705,,,none,30.0,90,3,monophasic
Modulated_autosave_20260717_151033_569ms,Deltoid med. (R),R_DELmed,7,200.15885623544705,208.15885623544705,232.51866560756207,,,none,30.0,90,3,monophasic
Modulated_autosave_20260717_151033_569ms,Deltoid med. (R),R_DELmed,8,233.51866560756207,241.51866560756207,265.87847498013184,,,none,30.0,90,3,monophasic
Modulated_autosave_20260717_151033_569ms,Deltoid med. (R),R_DELmed,9,266.87847498013184,274.87847498013184,299.2382843527016,,,none,30.0,90,3,monophasic
Modulated_autosave_20260717_151033_569ms,Deltoid med. (R),R_DELmed,10,300.2382843527016,308.2382843527016,332.5980937252714,,,none,30.0,90,3,monophasic
Modulated_autosave_20260717_151033_569ms,Deltoid med. (R),R_DELmed,1,0.7942811758425705,8.79428117584257,32.35980937256977,,,none,30.0,95,3,monophasic
Modulated_autosave_20260717_151033_569ms,Deltoid med. (R),R_DELmed,2,33.35980937256977,41.35980937256977,65.71961874516796,,,none,30.0,95,3,monophasic
Modulated_autosave_20260717_151033_569ms,Deltoid med. (R),R_DELmed,3,66.71961874516796,74.71961874516796,99.07942811773773,,,none,30.0,95,3,monophasic
Modulated_autosave_20260717_151033_569ms,Deltoid med. (R),R_DELmed,4,100.07942811773773,108.07942811773773,132.4392374903075,,,none,30.0,95,3,monophasic
Modulated_autosave_20260717_151033_569ms,Deltoid med. (R),R_DELmed,5,133.4392374903075,141.4392374903075,165.79904686287728,,,none,30.0,95,3,monophasic
Modulated_autosave_20260717_151033_569ms,Deltoid med. (R),R_DELmed,6,166.79904686287728,174.79904686287728,199.15885623544705,,,none,30.0,95,3,monophasic
Modulated_autosave_20260717_151033_569ms,Deltoid med. (R),R_DELmed,7,200.15885623544705,208.15885623544705,232.51866560756207,,,none,30.0,95,3,monophasic
Modulated_autosave_20260717_151033_569ms,Deltoid med. (R),R_DELmed,8,233.51866560756207,241.51866560756207,265.87847498013184,,,none,30.0,95,3,monophasic
Modulated_autosave_20260717_151033_569ms,Deltoid med. (R),R_DELmed,9,266.87847498013184,274.87847498013184,299.2382843527016,,,none,30.0,95,3,monophasic
Modulated_autosave_20260717_151033_569ms,Deltoid med. (R),R_DELmed,10,300.2382843527016,308.2382843527016,332.5980937252714,,,none,30.0,95,3,monophasic
Modulated_autosave_20260717_151033_569ms,Deltoid med. (R),R_DELmed,1,0.7942811758425705,8.79428117584257,32.35980937256977,,,none,30.0,100,3,monophasic
Modulated_autosave_20260717_151033_569ms,Deltoid med. (R),R_DELmed,2,33.35980937256977,41.35980937256977,65.71961874516796,,,none,30.0,100,3,monophasic
Modulated_autosave_20260717_151033_569ms,Deltoid med. (R),R_DELmed,3,66.71961874516796,74.71961874516796,99.07942811773773,,,none,30.0,100,3,monophasic
Modulated_autosave_20260717_151033_569ms,Deltoid med. (R),R_DELmed,4,100.07942811773773,108.07942811773773,132.4392374903075,,,none,30.0,100,3,monophasic
Modulated_autosave_20260717_151033_569ms,Deltoid med. (R),R_DELmed,5,133.4392374903075,141.4392374903075,165.79904686287728,,,none,30.0,100,3,monophasic
Modulated_autosave_20260717_151033_569ms,Deltoid med. (R),R_DELmed,6,166.79904686287728,174.79904686287728,199.15885623544705,,,none,30.0,100,3,monophasic
Modulated_autosave_20260717_151033_569ms,Deltoid med. (R),R_DELmed,7,200.15885623544705,208.15885623544705,232.51866560756207,,,none,30.0,100,3,monophasic
Modulated_autosave_20260717_151033_569ms,Deltoid med. (R),R_DELmed,8,233.51866560756207,241.51866560756207,265.87847498013184,,,none,30.0,100,3,monophasic
Modulated_autosave_20260717_151033_569ms,Deltoid med. (R),R_DELmed,9,266.87847498013184,274.87847498013184,299.2382843527016,,,none,30.0,100,3,monophasic
Modulated_autosave_20260717_151033_569ms,Deltoid med. (R),R_DELmed,10,300.2382843527016,308.2382843527016,332.5980937252714,,,none,30.0,100,3,monophasic
Modulated_autosave_20260717_151033_569ms,Deltoid med. (R),R_DELmed,1,0.7942811758425705,8.79428117584257,32.35980937256977,,,none,30.0,105,3,monophasic
Modulated_autosave_20260717_151033_569ms,Deltoid med. (R),R_DELmed,2,33.35980937256977,41.35980937256977,65.71961874516796,,,none,30.0,105,3,monophasic
Modulated_autosave_20260717_151033_569ms,Deltoid med. (R),R_DELmed,3,66.71961874516796,74.71961874516796,99.07942811773773,,,none,30.0,105,3,monophasic
Modulated_autosave_20260717_151033_569ms,Deltoid med. (R),R_DELmed,4,100.07942811773773,108.07942811773773,132.4392374903075,,,none,30.0,105,3,monophasic
Modulated_autosave_20260717_151033_569ms,Deltoid med. (R),R_DELmed,5,133.4392374903075,141.4392374903075,165.79904686287728,,,none,30.0,105,3,monophasic
Modulated_autosave_20260717_151033_569ms,Deltoid med. (R),R_DELmed,6,166.79904686287728,174.79904686287728,199.15885623544705,,,none,30.0,105,3,monophasic
Modulated_autosave_20260717_151033_569ms,Deltoid med. (R),R_DELmed,7,200.15885623544705,208.15885623544705,232.51866560756207,,,none,30.0,105,3,monophasic
Modulated_autosave_20260717_151033_569ms,Deltoid med. (R),R_DELmed,8,233.51866560756207,241.51866560756207,265.87847498013184,,,none,30.0,105,3,monophasic
Modulated_autosave_20260717_151033_569ms,Deltoid med. (R),R_DELmed,9,266.87847498013184,274.87847498013184,299.2382843527016,,,none,30.0,105,3,monophasic
Modulated_autosave_20260717_151033_569ms,Deltoid med. (R),R_DELmed,10,300.2382843527016,308.2382843527016,332.5980937252714,,,none,30.0,105,3,monophasic
Modulated_autosave_20260717_151033_569ms,Deltoid med. (R),R_DELmed,1,0.7942811758425705,8.79428117584257,32.35980937256977,,,none,30.0,110,3,monophasic
Modulated_autosave_20260717_151033_569ms,Deltoid med. (R),R_DELmed,2,33.35980937256977,41.35980937256977,65.71961874516796,,,none,30.0,110,3,monophasic
Modulated_autosave_20260717_151033_569ms,Deltoid med. (R),R_DELmed,3,66.71961874516796,74.71961874516796,99.07942811773773,,,none,30.0,110,3,monophasic
Modulated_autosave_20260717_151033_569ms,Deltoid med. (R),R_DELmed,4,100.07942811773773,108.07942811773773,132.4392374903075,,,none,30.0,110,3,monophasic
Modulated_autosave_20260717_151033_569ms,Deltoid med. (R),R_DELmed,5,133.4392374903075,141.4392374903075,165.79904686287728,,,none,30.0,110,3,monophasic
Modulated_autosave_20260717_151033_569ms,Deltoid med. (R),R_DELmed,6,166.79904686287728,174.79904686287728,199.15885623544705,,,none,30.0,110,3,monophasic
Modulated_autosave_20260717_151033_569ms,Deltoid med. (R),R_DELmed,7,200.15885623544705,208.15885623544705,232.51866560756207,,,none,30.0,110,3,monophasic
Modulated_autosave_20260717_151033_569ms,Deltoid med. (R),R_DELmed,8,233.51866560756207,241.51866560756207,265.87847498013184,,,none,30.0,110,3,monophasic
Modulated_autosave_20260717_151033_569ms,Deltoid med. (R),R_DELmed,9,266.87847498013184,274.87847498013184,299.2382843527016,,,none,30.0,110,3,monophasic
Modulated_autosave_20260717_151033_569ms,Deltoid med. (R),R_DELmed,10,300.2382843527016,308.2382843527016,332.5980937252714,,,none,30.0,110,3,monophasic
Modulated_autosave_20260717_151033_569ms,Deltoid med. (R),R_DELmed,1,0.7942811758425705,8.79428117584257,32.35980937256977,,,none,30.0,115,3,monophasic
Modulated_autosave_20260717_151033_569ms,Deltoid med. (R),R_DELmed,2,33.35980937256977,41.35980937256977,65.71961874516796,,,none,30.0,115,3,monophasic
Modulated_autosave_20260717_151033_569ms,Deltoid med. (R),R_DELmed,3,66.71961874516796,74.71961874516796,99.07942811773773,,,none,30.0,115,3,monophasic
Modulated_autosave_20260717_151033_569ms,Deltoid med. (R),R_DELmed,4,100.07942811773773,108.07942811773773,132.4392374903075,,,none,30.0,115,3,monophasic
Modulated_autosave_20260717_151033_569ms,Deltoid med. (R),R_DELmed,5,133.4392374903075,141.4392374903075,165.79904686287728,,,none,30.0,115,3,monophasic
Modulated_autosave_20260717_151033_569ms,Deltoid med. (R),R_DELmed,6,166.79904686287728,174.79904686287728,199.15885623544705,,,none,30.0,115,3,monophasic
Modulated_autosave_20260717_151033_569ms,Deltoid med. (R),R_DELmed,7,200.15885623544705,208.15885623544705,232.51866560756207,,,none,30.0,115,3,monophasic
Modulated_autosave_20260717_151033_569ms,Deltoid med. (R),R_DELmed,8,233.51866560756207,241.51866560756207,265.87847498013184,,,none,30.0,115,3,monophasic
Modulated_autosave_20260717_151033_569ms,Deltoid med. (R),R_DELmed,9,266.87847498013184,274.87847498013184,299.2382843527016,,,none,30.0,115,3,monophasic
Modulated_autosave_20260717_151033_569ms,Deltoid med. (R),R_DELmed,10,300.2382843527016,308.2382843527016,332.5980937252714,,,none,30.0,115,3,monophasic
Modulated_autosave_20260717_151033_569ms,Deltoid med. (R),R_DELmed,1,0.7942811758425705,8.79428117584257,32.35980937256977,,,none,30.0,120,3,monophasic
Modulated_autosave_20260717_151033_569ms,Deltoid med. (R),R_DELmed,2,33.35980937256977,41.35980937256977,65.71961874516796,,,none,30.0,120,3,monophasic
Modulated_autosave_20260717_151033_569ms,Deltoid med. (R),R_DELmed,3,66.71961874516796,74.71961874516796,99.07942811773773,,,none,30.0,120,3,monophasic
Modulated_autosave_20260717_151033_569ms,Deltoid med. (R),R_DELmed,4,100.07942811773773,108.07942811773773,132.4392374903075,,,none,30.0,120,3,monophasic
Modulated_autosave_20260717_151033_569ms,Deltoid med. (R),R_DELmed,5,133.4392374903075,141.4392374903075,165.79904686287728,,,none,30.0,120,3,monophasic
Modulated_autosave_20260717_151033_569ms,Deltoid med. (R),R_DELmed,6,166.79904686287728,174.79904686287728,199.15885623544705,,,none,30.0,120,3,monophasic
Modulated_autosave_20260717_151033_569ms,Deltoid med. (R),R_DELmed,7,200.15885623544705,208.15885623544705,232.51866560756207,,,none,30.0,120,3,monophasic
Modulated_autosave_20260717_151033_569ms,Deltoid med. (R),R_DELmed,8,233.51866560756207,241.51866560756207,265.87847498013184,,,none,30.0,120,3,monophasic
Modulated_autosave_20260717_151033_569ms,Deltoid med. (R),R_DELmed,9,266.87847498013184,274.87847498013184,299.2382843527016,,,none,30.0,120,3,monophasic
Modulated_autosave_20260717_151033_569ms,Deltoid med. (R),R_DELmed,10,300.2382843527016,308.2382843527016,332.5980937252714,,,none,30.0,120,3,monophasic
Modulated_autosave_20260717_151033_569ms,Deltoid med. (R),R_DELmed,1,0.7942811758425705,8.79428117584257,32.35980937256977,,,none,30.0,125,3,monophasic
Modulated_autosave_20260717_151033_569ms,Deltoid med. (R),R_DELmed,2,33.35980937256977,41.35980937256977,65.71961874516796,,,none,30.0,125,3,monophasic
Modulated_autosave_20260717_151033_569ms,Deltoid med. (R),R_DELmed,3,66.71961874516796,74.71961874516796,99.07942811773773,,,none,30.0,125,3,monophasic
Modulated_autosave_20260717_151033_569ms,Deltoid med. (R),R_DELmed,4,100.07942811773773,108.07942811773773,132.4392374903075,,,none,30.0,125,3,monophasic
Modulated_autosave_20260717_151033_569ms,Deltoid med. (R),R_DELmed,5,133.4392374903075,141.4392374903075,165.79904686287728,,,none,30.0,125,3,monophasic
Modulated_autosave_20260717_151033_569ms,Deltoid med. (R),R_DELmed,6,166.79904686287728,174.79904686287728,199.15885623544705,,,none,30.0,125,3,monophasic
Modulated_autosave_20260717_151033_569ms,Deltoid med. (R),R_DELmed,7,200.15885623544705,208.15885623544705,232.51866560756207,,,none,30.0,125,3,monophasic
Modulated_autosave_20260717_151033_569ms,Deltoid med. (R),R_DELmed,8,233.51866560756207,241.51866560756207,265.87847498013184,,,none,30.0,125,3,monophasic
Modulated_autosave_20260717_151033_569ms,Deltoid med. (R),R_DELmed,9,266.87847498013184,274.87847498013184,299.2382843527016,,,none,30.0,125,3,monophasic
Modulated_autosave_20260717_151033_569ms,Deltoid med. (R),R_DELmed,10,300.2382843527016,308.2382843527016,332.5980937252714,,,none,30.0,125,3,monophasic
Modulated_autosave_20260717_151033_569ms,Deltoid med. (R),R_DELmed,1,0.7942811758425705,8.79428117584257,32.35980937256977,,,none,30.0,130,3,monophasic
Modulated_autosave_20260717_151033_569ms,Deltoid med. (R),R_DELmed,2,33.35980937256977,41.35980937256977,65.71961874516796,,,none,30.0,130,3,monophasic
Modulated_autosave_20260717_151033_569ms,Deltoid med. (R),R_DELmed,3,66.71961874516796,74.71961874516796,99.07942811773773,,,none,30.0,130,3,monophasic
Modulated_autosave_20260717_151033_569ms,Deltoid med. (R),R_DELmed,4,100.07942811773773,108.07942811773773,132.4392374903075,,,none,30.0,130,3,monophasic
Modulated_autosave_20260717_151033_569ms,Deltoid med. (R),R_DELmed,5,133.4392374903075,141.4392374903075,165.79904686287728,,,none,30.0,130,3,monophasic
Modulated_autosave_20260717_151033_569ms,Deltoid med. (R),R_DELmed,6,166.79904686287728,174.79904686287728,199.15885623544705,,,none,30.0,130,3,monophasic
Modulated_autosave_20260717_151033_569ms,Deltoid med. (R),R_DELmed,7,200.15885623544705,208.15885623544705,232.51866560756207,,,none,30.0,130,3,monophasic
Modulated_autosave_20260717_151033_569ms,Deltoid med. (R),R_DELmed,8,233.51866560756207,241.51866560756207,265.87847498013184,,,none,30.0,130,3,monophasic
Modulated_autosave_20260717_151033_569ms,Deltoid med. (R),R_DELmed,9,266.87847498013184,274.87847498013184,299.2382843527016,,,none,30.0,130,3,monophasic
Modulated_autosave_20260717_151033_569ms,Deltoid med. (R),R_DELmed,10,300.2382843527016,308.2382843527016,332.5980937252714,,,none,30.0,130,3,monophasic
Modulated_autosave_20260717_151033_569ms,Deltoid med. (R),R_DELmed,1,0.7942811758425705,8.79428117584257,32.35980937256977,,,none,30.0,135,3,monophasic
Modulated_autosave_20260717_151033_569ms,Deltoid med. (R),R_DELmed,2,33.35980937256977,41.35980937256977,65.71961874516796,,,none,30.0,135,3,monophasic
Modulated_autosave_20260717_151033_569ms,Deltoid med. (R),R_DELmed,3,66.71961874516796,74.71961874516796,99.07942811773773,,,none,30.0,135,3,monophasic
Modulated_autosave_20260717_151033_569ms,Deltoid med. (R),R_DELmed,4,100.07942811773773,108.07942811773773,132.4392374903075,,,none,30.0,135,3,monophasic
Modulated_autosave_20260717_151033_569ms,Deltoid med. (R),R_DELmed,5,133.4392374903075,141.4392374903075,165.79904686287728,,,none,30.0,135,3,monophasic
Modulated_autosave_20260717_151033_569ms,Deltoid med. (R),R_DELmed,6,166.79904686287728,174.79904686287728,199.15885623544705,,,none,30.0,135,3,monophasic
Modulated_autosave_20260717_151033_569ms,Deltoid med. (R),R_DELmed,7,200.15885623544705,208.15885623544705,232.51866560756207,,,none,30.0,135,3,monophasic
Modulated_autosave_20260717_151033_569ms,Deltoid med. (R),R_DELmed,8,233.51866560756207,241.51866560756207,265.87847498013184,,,none,30.0,135,3,monophasic
Modulated_autosave_20260717_151033_569ms,Deltoid med. (R),R_DELmed,9,266.87847498013184,274.87847498013184,299.2382843527016,,,none,30.0,135,3,monophasic
Modulated_autosave_20260717_151033_569ms,Deltoid med. (R),R_DELmed,10,300.2382843527016,308.2382843527016,332.5980937252714,,,none,30.0,135,3,monophasic
Modulated_autosave_20260717_151033_569ms,Deltoid med. (R),R_DELmed,1,0.7942811758425705,8.79428117584257,32.35980937256977,,,none,30.0,140,3,monophasic
Modulated_autosave_20260717_151033_569ms,Deltoid med. (R),R_DELmed,2,33.35980937256977,41.35980937256977,65.71961874516796,,,none,30.0,140,3,monophasic
Modulated_autosave_20260717_151033_569ms,Deltoid med. (R),R_DELmed,3,66.71961874516796,74.71961874516796,99.07942811773773,,,none,30.0,140,3,monophasic
Modulated_autosave_20260717_151033_569ms,Deltoid med. (R),R_DELmed,4,100.07942811773773,108.07942811773773,132.4392374903075,,,none,30.0,140,3,monophasic
Modulated_autosave_20260717_151033_569ms,Deltoid med. (R),R_DELmed,5,133.4392374903075,141.4392374903075,165.79904686287728,,,none,30.0,140,3,monophasic
Modulated_autosave_20260717_151033_569ms,Deltoid med. (R),R_DELmed,6,166.79904686287728,174.79904686287728,199.15885623544705,,,none,30.0,140,3,monophasic
Modulated_autosave_20260717_151033_569ms,Deltoid med. (R),R_DELmed,7,200.15885623544705,208.15885623544705,232.51866560756207,,,none,30.0,140,3,monophasic
Modulated_autosave_20260717_151033_569ms,Deltoid med. (R),R_DELmed,8,233.51866560756207,241.51866560756207,265.87847498013184,,,none,30.0,140,3,monophasic
Modulated_autosave_20260717_151033_569ms,Deltoid med. (R),R_DELmed,9,266.87847498013184,274.87847498013184,299.2382843527016,,,none,30.0,140,3,monophasic
Modulated_autosave_20260717_151033_569ms,Deltoid med. (R),R_DELmed,10,300.2382843527016,308.2382843527016,332.5980937252714,,,none,30.0,140,3,monophasic
Modulated_autosave_20260717_151033_569ms,Biceps (R),R_BB,1,0.7942811758425705,8.79428117584257,32.35980937256977,,,none,30.0,45,3,monophasic
Modulated_autosave_20260717_151033_569ms,Biceps (R),R_BB,2,33.35980937256977,41.35980937256977,65.71961874516796,,,none,30.0,45,3,monophasic
Modulated_autosave_20260717_151033_569ms,Biceps (R),R_BB,3,66.71961874516796,74.71961874516796,99.07942811773773,,,none,30.0,45,3,monophasic
Modulated_autosave_20260717_151033_569ms,Biceps (R),R_BB,4,100.07942811773773,108.07942811773773,132.4392374903075,,,none,30.0,45,3,monophasic
Modulated_autosave_20260717_151033_569ms,Biceps (R),R_BB,5,133.4392374903075,141.4392374903075,165.79904686287728,,,none,30.0,45,3,monophasic
Modulated_autosave_20260717_151033_569ms,Biceps (R),R_BB,6,166.79904686287728,174.79904686287728,199.15885623544705,,,none,30.0,45,3,monophasic
Modulated_autosave_20260717_151033_569ms,Biceps (R),R_BB,7,200.15885623544705,208.15885623544705,232.51866560756207,,,none,30.0,45,3,monophasic
Modulated_autosave_20260717_151033_569ms,Biceps (R),R_BB,8,233.51866560756207,241.51866560756207,265.87847498013184,,,none,30.0,45,3,monophasic
Modulated_autosave_20260717_151033_569ms,Biceps (R),R_BB,9,266.87847498013184,274.87847498013184,299.2382843527016,,,none,30.0,45,3,monophasic
Modulated_autosave_20260717_151033_569ms,Biceps (R),R_BB,10,300.2382843527016,308.2382843527016,332.5980937252714,,,none,30.0,45,3,monophasic
Modulated_autosave_20260717_151033_569ms,Biceps (R),R_BB,1,0.7942811758425705,8.79428117584257,32.35980937256977,,,none,30.0,50,3,monophasic
Modulated_autosave_20260717_151033_569ms,Biceps (R),R_BB,2,33.35980937256977,41.35980937256977,65.71961874516796,,,none,30.0,50,3,monophasic
Modulated_autosave_20260717_151033_569ms,Biceps (R),R_BB,3,66.71961874516796,74.71961874516796,99.07942811773773,,,none,30.0,50,3,monophasic
Modulated_autosave_20260717_151033_569ms,Biceps (R),R_BB,4,100.07942811773773,108.07942811773773,132.4392374903075,,,none,30.0,50,3,monophasic
Modulated_autosave_20260717_151033_569ms,Biceps (R),R_BB,5,133.4392374903075,141.4392374903075,165.79904686287728,,,none,30.0,50,3,monophasic
Modulated_autosave_20260717_151033_569ms,Biceps (R),R_BB,6,166.79904686287728,174.79904686287728,199.15885623544705,,,none,30.0,50,3,monophasic
Modulated_autosave_20260717_151033_569ms,Biceps (R),R_BB,7,200.15885623544705,208.15885623544705,232.51866560756207,,,none,30.0,50,3,monophasic
Modulated_autosave_20260717_151033_569ms,Biceps (R),R_BB,8,233.51866560756207,241.51866560756207,265.87847498013184,,,none,30.0,50,3,monophasic
Modulated_autosave_20260717_151033_569ms,Biceps (R),R_BB,9,266.87847498013184,274.87847498013184,299.2382843527016,,,none,30.0,50,3,monophasic
Modulated_autosave_20260717_151033_569ms,Biceps (R),R_BB,10,300.2382843527016,308.2382843527016,332.5980937252714,,,none,30.0,50,3,monophasic
Modulated_autosave_20260717_151033_569ms,Biceps (R),R_BB,1,0.7942811758425705,8.79428117584257,32.35980937256977,,,none,30.0,55,3,monophasic
Modulated_autosave_20260717_151033_569ms,Biceps (R),R_BB,2,33.35980937256977,41.35980937256977,65.71961874516796,,,none,30.0,55,3,monophasic
Modulated_autosave_20260717_151033_569ms,Biceps (R),R_BB,3,66.71961874516796,74.71961874516796,99.07942811773773,,,none,30.0,55,3,monophasic
Modulated_autosave_20260717_151033_569ms,Biceps (R),R_BB,4,100.07942811773773,108.07942811773773,132.4392374903075,,,none,30.0,55,3,monophasic
Modulated_autosave_20260717_151033_569ms,Biceps (R),R_BB,5,133.4392374903075,141.4392374903075,165.79904686287728,,,none,30.0,55,3,monophasic
Modulated_autosave_20260717_151033_569ms,Biceps (R),R_BB,6,166.79904686287728,174.79904686287728,199.15885623544705,,,none,30.0,55,3,monophasic
Modulated_autosave_20260717_151033_569ms,Biceps (R),R_BB,7,200.15885623544705,208.15885623544705,232.51866560756207,,,none,30.0,55,3,monophasic
Modulated_autosave_20260717_151033_569ms,Biceps (R),R_BB,8,233.51866560756207,241.51866560756207,265.87847498013184,,,none,30.0,55,3,monophasic
Modulated_autosave_20260717_151033_569ms,Biceps (R),R_BB,9,266.87847498013184,274.87847498013184,299.2382843527016,,,none,30.0,55,3,monophasic
Modulated_autosave_20260717_151033_569ms,Biceps (R),R_BB,10,300.2382843527016,308.2382843527016,332.5980937252714,,,none,30.0,55,3,monophasic
Modulated_autosave_20260717_151033_569ms,Biceps (R),R_BB,1,0.7942811758425705,8.79428117584257,32.35980937256977,,,none,30.0,60,3,monophasic
Modulated_autosave_20260717_151033_569ms,Biceps (R),R_BB,2,33.35980937256977,41.35980937256977,65.71961874516796,,,none,30.0,60,3,monophasic
Modulated_autosave_20260717_151033_569ms,Biceps (R),R_BB,3,66.71961874516796,74.71961874516796,99.07942811773773,,,none,30.0,60,3,monophasic
Modulated_autosave_20260717_151033_569ms,Biceps (R),R_BB,4,100.07942811773773,108.07942811773773,132.4392374903075,,,none,30.0,60,3,monophasic
Modulated_autosave_20260717_151033_569ms,Biceps (R),R_BB,5,133.4392374903075,141.4392374903075,165.79904686287728,,,none,30.0,60,3,monophasic
Modulated_autosave_20260717_151033_569ms,Biceps (R),R_BB,6,166.79904686287728,174.79904686287728,199.15885623544705,,,none,30.0,60,3,monophasic
Modulated_autosave_20260717_151033_569ms,Biceps (R),R_BB,7,200.15885623544705,208.15885623544705,232.51866560756207,,,none,30.0,60,3,monophasic
Modulated_autosave_20260717_151033_569ms,Biceps (R),R_BB,8,233.51866560756207,241.51866560756207,265.87847498013184,,,none,30.0,60,3,monophasic
Modulated_autosave_20260717_151033_569ms,Biceps (R),R_BB,9,266.87847498013184,274.87847498013184,299.2382843527016,,,none,30.0,60,3,monophasic
Modulated_autosave_20260717_151033_569ms,Biceps (R),R_BB,10,300.2382843527016,308.2382843527016,332.5980937252714,,,none,30.0,60,3,monophasic
Modulated_autosave_20260717_151033_569ms,Biceps (R),R_BB,1,0.7942811758425705,8.79428117584257,32.35980937256977,,,none,30.0,65,3,monophasic
Modulated_autosave_20260717_151033_569ms,Biceps (R),R_BB,2,33.35980937256977,41.35980937256977,65.71961874516796,,,none,30.0,65,3,monophasic
Modulated_autosave_20260717_151033_569ms,Biceps (R),R_BB,3,66.71961874516796,74.71961874516796,99.07942811773773,,,none,30.0,65,3,monophasic
Modulated_autosave_20260717_151033_569ms,Biceps (R),R_BB,4,100.07942811773773,108.07942811773773,132.4392374903075,,,none,30.0,65,3,monophasic
Modulated_autosave_20260717_151033_569ms,Biceps (R),R_BB,5,133.4392374903075,141.4392374903075,165.79904686287728,,,none,30.0,65,3,monophasic
Modulated_autosave_20260717_151033_569ms,Biceps (R),R_BB,6,166.79904686287728,174.79904686287728,199.15885623544705,,,none,30.0,65,3,monophasic
Modulated_autosave_20260717_151033_569ms,Biceps (R),R_BB,7,200.15885623544705,208.15885623544705,232.51866560756207,,,none,30.0,65,3,monophasic
Modulated_autosave_20260717_151033_569ms,Biceps (R),R_BB,8,233.51866560756207,241.51866560756207,265.87847498013184,,,none,30.0,65,3,monophasic
Modulated_autosave_20260717_151033_569ms,Biceps (R),R_BB,9,266.87847498013184,274.87847498013184,299.2382843527016,,,none,30.0,65,3,monophasic
Modulated_autosave_20260717_151033_569ms,Biceps (R),R_BB,10,300.2382843527016,308.2382843527016,332.5980937252714,,,none,30.0,65,3,monophasic
Modulated_autosave_20260717_151033_569ms,Biceps (R),R_BB,1,0.7942811758425705,8.79428117584257,32.35980937256977,,,none,30.0,70,3,monophasic
Modulated_autosave_20260717_151033_569ms,Biceps (R),R_BB,2,33.35980937256977,41.35980937256977,65.71961874516796,,,none,30.0,70,3,monophasic
Modulated_autosave_20260717_151033_569ms,Biceps (R),R_BB,3,66.71961874516796,74.71961874516796,99.07942811773773,,,none,30.0,70,3,monophasic
Modulated_autosave_20260717_151033_569ms,Biceps (R),R_BB,4,100.07942811773773,108.07942811773773,132.4392374903075,,,none,30.0,70,3,monophasic
Modulated_autosave_20260717_151033_569ms,Biceps (R),R_BB,5,133.4392374903075,141.4392374903075,165.79904686287728,,,none,30.0,70,3,monophasic
Modulated_autosave_20260717_151033_569ms,Biceps (R),R_BB,6,166.79904686287728,174.79904686287728,199.15885623544705,,,none,30.0,70,3,monophasic
Modulated_autosave_20260717_151033_569ms,Biceps (R),R_BB,7,200.15885623544705,208.15885623544705,232.51866560756207,,,none,30.0,70,3,monophasic
Modulated_autosave_20260717_151033_569ms,Biceps (R),R_BB,8,233.51866560756207,241.51866560756207,265.87847498013184,,,none,30.0,70,3,monophasic
Modulated_autosave_20260717_151033_569ms,Biceps (R),R_BB,9,266.87847498013184,274.87847498013184,299.2382843527016,,,none,30.0,70,3,monophasic
Modulated_autosave_20260717_151033_569ms,Biceps (R),R_BB,10,300.2382843527016,308.2382843527016,332.5980937252714,,,none,30.0,70,3,monophasic
Modulated_autosave_20260717_151033_569ms,Biceps (R),R_BB,1,0.7942811758425705,8.79428117584257,32.35980937256977,,,none,30.0,75,3,monophasic
Modulated_autosave_20260717_151033_569ms,Biceps (R),R_BB,2,33.35980937256977,41.35980937256977,65.71961874516796,,,none,30.0,75,3,monophasic
Modulated_autosave_20260717_151033_569ms,Biceps (R),R_BB,3,66.71961874516796,74.71961874516796,99.07942811773773,,,none,30.0,75,3,monophasic
Modulated_autosave_20260717_151033_569ms,Biceps (R),R_BB,4,100.07942811773773,108.07942811773773,132.4392374903075,,,none,30.0,75,3,monophasic
Modulated_autosave_20260717_151033_569ms,Biceps (R),R_BB,5,133.4392374903075,141.4392374903075,165.79904686287728,,,none,30.0,75,3,monophasic
Modulated_autosave_20260717_151033_569ms,Biceps (R),R_BB,6,166.79904686287728,174.79904686287728,199.15885623544705,,,none,30.0,75,3,monophasic
Modulated_autosave_20260717_151033_569ms,Biceps (R),R_BB,7,200.15885623544705,208.15885623544705,232.51866560756207,,,none,30.0,75,3,monophasic
Modulated_autosave_20260717_151033_569ms,Biceps (R),R_BB,8,233.51866560756207,241.51866560756207,265.87847498013184,,,none,30.0,75,3,monophasic
Modulated_autosave_20260717_151033_569ms,Biceps (R),R_BB,9,266.87847498013184,274.87847498013184,299.2382843527016,,,none,30.0,75,3,monophasic
Modulated_autosave_20260717_151033_569ms,Biceps (R),R_BB,10,300.2382843527016,308.2382843527016,332.5980937252714,,,none,30.0,75,3,monophasic
Modulated_autosave_20260717_151033_569ms,Biceps (R),R_BB,1,0.7942811758425705,8.79428117584257,32.35980937256977,,,none,30.0,80,3,monophasic
Modulated_autosave_20260717_151033_569ms,Biceps (R),R_BB,2,33.35980937256977,41.35980937256977,65.71961874516796,,,none,30.0,80,3,monophasic
Modulated_autosave_20260717_151033_569ms,Biceps (R),R_BB,3,66.71961874516796,74.71961874516796,99.07942811773773,,,none,30.0,80,3,monophasic
Modulated_autosave_20260717_151033_569ms,Biceps (R),R_BB,4,100.07942811773773,108.07942811773773,132.4392374903075,,,none,30.0,80,3,monophasic
Modulated_autosave_20260717_151033_569ms,Biceps (R),R_BB,5,133.4392374903075,141.4392374903075,165.79904686287728,,,none,30.0,80,3,monophasic
Modulated_autosave_20260717_151033_569ms,Biceps (R),R_BB,6,166.79904686287728,174.79904686287728,199.15885623544705,,,none,30.0,80,3,monophasic
Modulated_autosave_20260717_151033_569ms,Biceps (R),R_BB,7,200.15885623544705,208.15885623544705,232.51866560756207,,,none,30.0,80,3,monophasic
Modulated_autosave_20260717_151033_569ms,Biceps (R),R_BB,8,233.51866560756207,241.51866560756207,265.87847498013184,,,none,30.0,80,3,monophasic
Modulated_autosave_20260717_151033_569ms,Biceps (R),R_BB,9,266.87847498013184,274.87847498013184,299.2382843527016,,,none,30.0,80,3,monophasic
Modulated_autosave_20260717_151033_569ms,Biceps (R),R_BB,10,300.2382843527016,308.2382843527016,332.5980937252714,,,none,30.0,80,3,monophasic
Modulated_autosave_20260717_151033_569ms,Biceps (R),R_BB,1,0.7942811758425705,8.79428117584257,32.35980937256977,,,none,30.0,85,3,monophasic
Modulated_autosave_20260717_151033_569ms,Biceps (R),R_BB,2,33.35980937256977,41.35980937256977,65.71961874516796,,,none,30.0,85,3,monophasic
Modulated_autosave_20260717_151033_569ms,Biceps (R),R_BB,3,66.71961874516796,74.71961874516796,99.07942811773773,,,none,30.0,85,3,monophasic
Modulated_autosave_20260717_151033_569ms,Biceps (R),R_BB,4,100.07942811773773,108.07942811773773,132.4392374903075,,,none,30.0,85,3,monophasic
Modulated_autosave_20260717_151033_569ms,Biceps (R),R_BB,5,133.4392374903075,141.4392374903075,165.79904686287728,,,none,30.0,85,3,monophasic
Modulated_autosave_20260717_151033_569ms,Biceps (R),R_BB,6,166.79904686287728,174.79904686287728,199.15885623544705,,,none,30.0,85,3,monophasic
Modulated_autosave_20260717_151033_569ms,Biceps (R),R_BB,7,200.15885623544705,208.15885623544705,232.51866560756207,,,none,30.0,85,3,monophasic
Modulated_autosave_20260717_151033_569ms,Biceps (R),R_BB,8,233.51866560756207,241.51866560756207,265.87847498013184,,,none,30.0,85,3,monophasic
Modulated_autosave_20260717_151033_569ms,Biceps (R),R_BB,9,266.87847498013184,274.87847498013184,299.2382843527016,,,none,30.0,85,3,monophasic
Modulated_autosave_20260717_151033_569ms,Biceps (R),R_BB,10,300.2382843527016,308.2382843527016,332.5980937252714,,,none,30.0,85,3,monophasic
Modulated_autosave_20260717_151033_569ms,Biceps (R),R_BB,1,0.7942811758425705,8.79428117584257,32.35980937256977,,,none,30.0,90,3,monophasic
Modulated_autosave_20260717_151033_569ms,Biceps (R),R_BB,2,33.35980937256977,41.35980937256977,65.71961874516796,,,none,30.0,90,3,monophasic
Modulated_autosave_20260717_151033_569ms,Biceps (R),R_BB,3,66.71961874516796,74.71961874516796,99.07942811773773,,,none,30.0,90,3,monophasic
Modulated_autosave_20260717_151033_569ms,Biceps (R),R_BB,4,100.07942811773773,108.07942811773773,132.4392374903075,,,none,30.0,90,3,monophasic
Modulated_autosave_20260717_151033_569ms,Biceps (R),R_BB,5,133.4392374903075,141.4392374903075,165.79904686287728,,,none,30.0,90,3,monophasic
Modulated_autosave_20260717_151033_569ms,Biceps (R),R_BB,6,166.79904686287728,174.79904686287728,199.15885623544705,,,none,30.0,90,3,monophasic
Modulated_autosave_20260717_151033_569ms,Biceps (R),R_BB,7,200.15885623544705,208.15885623544705,232.51866560756207,,,none,30.0,90,3,monophasic
Modulated_autosave_20260717_151033_569ms,Biceps (R),R_BB,8,233.51866560756207,241.51866560756207,265.87847498013184,,,none,30.0,90,3,monophasic
Modulated_autosave_20260717_151033_569ms,Biceps (R),R_BB,9,266.87847498013184,274.87847498013184,299.2382843527016,,,none,30.0,90,3,monophasic
Modulated_autosave_20260717_151033_569ms,Biceps (R),R_BB,10,300.2382843527016,308.2382843527016,332.5980937252714,,,none,30.0,90,3,monophasic
Modulated_autosave_20260717_151033_569ms,Biceps (R),R_BB,1,0.7942811758425705,8.79428117584257,32.35980937256977,,,none,30.0,95,3,monophasic
Modulated_autosave_20260717_151033_569ms,Biceps (R),R_BB,2,33.35980937256977,41.35980937256977,65.71961874516796,,,none,30.0,95,3,monophasic
Modulated_autosave_20260717_151033_569ms,Biceps (R),R_BB,3,66.71961874516796,74.71961874516796,99.07942811773773,,,none,30.0,95,3,monophasic
Modulated_autosave_20260717_151033_569ms,Biceps (R),R_BB,4,100.07942811773773,108.07942811773773,132.4392374903075,,,none,30.0,95,3,monophasic
Modulated_autosave_20260717_151033_569ms,Biceps (R),R_BB,5,133.4392374903075,141.4392374903075,165.79904686287728,,,none,30.0,95,3,monophasic
Modulated_autosave_20260717_151033_569ms,Biceps (R),R_BB,6,166.79904686287728,174.79904686287728,199.15885623544705,,,none,30.0,95,3,monophasic
Modulated_autosave_20260717_151033_569ms,Biceps (R),R_BB,7,200.15885623544705,208.15885623544705,232.51866560756207,,,none,30.0,95,3,monophasic
Modulated_autosave_20260717_151033_569ms,Biceps (R),R_BB,8,233.51866560756207,241.51866560756207,265.87847498013184,,,none,30.0,95,3,monophasic
Modulated_autosave_20260717_151033_569ms,Biceps (R),R_BB,9,266.87847498013184,274.87847498013184,299.2382843527016,,,none,30.0,95,3,monophasic
Modulated_autosave_20260717_151033_569ms,Biceps (R),R_BB,10,300.2382843527016,308.2382843527016,332.5980937252714,,,none,30.0,95,3,monophasic
Modulated_autosave_20260717_151033_569ms,Biceps (R),R_BB,1,0.7942811758425705,8.79428117584257,32.35980937256977,,,none,30.0,100,3,monophasic
Modulated_autosave_20260717_151033_569ms,Biceps (R),R_BB,2,33.35980937256977,41.35980937256977,65.71961874516796,,,none,30.0,100,3,monophasic
Modulated_autosave_20260717_151033_569ms,Biceps (R),R_BB,3,66.71961874516796,74.71961874516796,99.07942811773773,,,none,30.0,100,3,monophasic
Modulated_autosave_20260717_151033_569ms,Biceps (R),R_BB,4,100.07942811773773,108.07942811773773,132.4392374903075,,,none,30.0,100,3,monophasic
Modulated_autosave_20260717_151033_569ms,Biceps (R),R_BB,5,133.4392374903075,141.4392374903075,165.79904686287728,,,none,30.0,100,3,monophasic
Modulated_autosave_20260717_151033_569ms,Biceps (R),R_BB,6,166.79904686287728,174.79904686287728,199.15885623544705,,,none,30.0,100,3,monophasic
Modulated_autosave_20260717_151033_569ms,Biceps (R),R_BB,7,200.15885623544705,208.15885623544705,232.51866560756207,,,none,30.0,100,3,monophasic
Modulated_autosave_20260717_151033_569ms,Biceps (R),R_BB,8,233.51866560756207,241.51866560756207,265.87847498013184,,,none,30.0,100,3,monophasic
Modulated_autosave_20260717_151033_569ms,Biceps (R),R_BB,9,266.87847498013184,274.87847498013184,299.2382843527016,,,none,30.0,100,3,monophasic
Modulated_autosave_20260717_151033_569ms,Biceps (R),R_BB,10,300.2382843527016,308.2382843527016,332.5980937252714,,,none,30.0,100,3,monophasic
Modulated_autosave_20260717_151033_569ms,Biceps (R),R_BB,1,0.7942811758425705,8.79428117584257,32.35980937256977,,,none,30.0,105,3,monophasic
Modulated_autosave_20260717_151033_569ms,Biceps (R),R_BB,2,33.35980937256977,41.35980937256977,65.71961874516796,,,none,30.0,105,3,monophasic
Modulated_autosave_20260717_151033_569ms,Biceps (R),R_BB,3,66.71961874516796,74.71961874516796,99.07942811773773,,,none,30.0,105,3,monophasic
Modulated_autosave_20260717_151033_569ms,Biceps (R),R_BB,4,100.07942811773773,108.07942811773773,132.4392374903075,,,none,30.0,105,3,monophasic
Modulated_autosave_20260717_151033_569ms,Biceps (R),R_BB,5,133.4392374903075,141.4392374903075,165.79904686287728,,,none,30.0,105,3,monophasic
Modulated_autosave_20260717_151033_569ms,Biceps (R),R_BB,6,166.79904686287728,174.79904686287728,199.15885623544705,,,none,30.0,105,3,monophasic
Modulated_autosave_20260717_151033_569ms,Biceps (R),R_BB,7,200.15885623544705,208.15885623544705,232.51866560756207,,,none,30.0,105,3,monophasic
Modulated_autosave_20260717_151033_569ms,Biceps (R),R_BB,8,233.51866560756207,241.51866560756207,265.87847498013184,,,none,30.0,105,3,monophasic
Modulated_autosave_20260717_151033_569ms,Biceps (R),R_BB,9,266.87847498013184,274.87847498013184,299.2382843527016,,,none,30.0,105,3,monophasic
Modulated_autosave_20260717_151033_569ms,Biceps (R),R_BB,10,300.2382843527016,308.2382843527016,332.5980937252714,,,none,30.0,105,3,monophasic
Modulated_autosave_20260717_151033_569ms,Biceps (R),R_BB,1,0.7942811758425705,8.79428117584257,32.35980937256977,,,none,30.0,110,3,monophasic
Modulated_autosave_20260717_151033_569ms,Biceps (R),R_BB,2,33.35980937256977,41.35980937256977,65.71961874516796,,,none,30.0,110,3,monophasic
Modulated_autosave_20260717_151033_569ms,Biceps (R),R_BB,3,66.71961874516796,74.71961874516796,99.07942811773773,,,none,30.0,110,3,monophasic
Modulated_autosave_20260717_151033_569ms,Biceps (R),R_BB,4,100.07942811773773,108.07942811773773,132.4392374903075,,,none,30.0,110,3,monophasic
Modulated_autosave_20260717_151033_569ms,Biceps (R),R_BB,5,133.4392374903075,141.4392374903075,165.79904686287728,,,none,30.0,110,3,monophasic
Modulated_autosave_20260717_151033_569ms,Biceps (R),R_BB,6,166.79904686287728,174.79904686287728,199.15885623544705,,,none,30.0,110,3,monophasic
Modulated_autosave_20260717_151033_569ms,Biceps (R),R_BB,7,200.15885623544705,208.15885623544705,232.51866560756207,,,none,30.0,110,3,monophasic
Modulated_autosave_20260717_151033_569ms,Biceps (R),R_BB,8,233.51866560756207,241.51866560756207,265.87847498013184,,,none,30.0,110,3,monophasic
Modulated_autosave_20260717_151033_569ms,Biceps (R),R_BB,9,266.87847498013184,274.87847498013184,299.2382843527016,,,none,30.0,110,3,monophasic
Modulated_autosave_20260717_151033_569ms,Biceps (R),R_BB,10,300.2382843527016,308.2382843527016,332.5980937252714,,,none,30.0,110,3,monophasic
Modulated_autosave_20260717_151033_569ms,Biceps (R),R_BB,1,0.7942811758425705,8.79428117584257,32.35980937256977,,,none,30.0,115,3,monophasic
Modulated_autosave_20260717_151033_569ms,Biceps (R),R_BB,2,33.35980937256977,41.35980937256977,65.71961874516796,,,none,30.0,115,3,monophasic
Modulated_autosave_20260717_151033_569ms,Biceps (R),R_BB,3,66.71961874516796,74.71961874516796,99.07942811773773,,,none,30.0,115,3,monophasic
Modulated_autosave_20260717_151033_569ms,Biceps (R),R_BB,4,100.07942811773773,108.07942811773773,132.4392374903075,,,none,30.0,115,3,monophasic
Modulated_autosave_20260717_151033_569ms,Biceps (R),R_BB,5,133.4392374903075,141.4392374903075,165.79904686287728,,,none,30.0,115,3,monophasic
Modulated_autosave_20260717_151033_569ms,Biceps (R),R_BB,6,166.79904686287728,174.79904686287728,199.15885623544705,,,none,30.0,115,3,monophasic
Modulated_autosave_20260717_151033_569ms,Biceps (R),R_BB,7,200.15885623544705,208.15885623544705,232.51866560756207,,,none,30.0,115,3,monophasic
Modulated_autosave_20260717_151033_569ms,Biceps (R),R_BB,8,233.51866560756207,241.51866560756207,265.87847498013184,,,none,30.0,115,3,monophasic
Modulated_autosave_20260717_151033_569ms,Biceps (R),R_BB,9,266.87847498013184,274.87847498013184,299.2382843527016,,,none,30.0,115,3,monophasic
Modulated_autosave_20260717_151033_569ms,Biceps (R),R_BB,10,300.2382843527016,308.2382843527016,332.5980937252714,,,none,30.0,115,3,monophasic
Modulated_autosave_20260717_151033_569ms,Biceps (R),R_BB,1,0.7942811758425705,8.79428117584257,32.35980937256977,,,none,30.0,120,3,monophasic
Modulated_autosave_20260717_151033_569ms,Biceps (R),R_BB,2,33.35980937256977,41.35980937256977,65.71961874516796,,,none,30.0,120,3,monophasic
Modulated_autosave_20260717_151033_569ms,Biceps (R),R_BB,3,66.71961874516796,74.71961874516796,99.07942811773773,,,none,30.0,120,3,monophasic
Modulated_autosave_20260717_151033_569ms,Biceps (R),R_BB,4,100.07942811773773,108.07942811773773,132.4392374903075,,,none,30.0,120,3,monophasic
Modulated_autosave_20260717_151033_569ms,Biceps (R),R_BB,5,133.4392374903075,141.4392374903075,165.79904686287728,,,none,30.0,120,3,monophasic
Modulated_autosave_20260717_151033_569ms,Biceps (R),R_BB,6,166.79904686287728,174.79904686287728,199.15885623544705,,,none,30.0,120,3,monophasic
Modulated_autosave_20260717_151033_569ms,Biceps (R),R_BB,7,200.15885623544705,208.15885623544705,232.51866560756207,,,none,30.0,120,3,monophasic
Modulated_autosave_20260717_151033_569ms,Biceps (R),R_BB,8,233.51866560756207,241.51866560756207,265.87847498013184,,,none,30.0,120,3,monophasic
Modulated_autosave_20260717_151033_569ms,Biceps (R),R_BB,9,266.87847498013184,274.87847498013184,299.2382843527016,,,none,30.0,120,3,monophasic
Modulated_autosave_20260717_151033_569ms,Biceps (R),R_BB,10,300.2382843527016,308.2382843527016,332.5980937252714,,,none,30.0,120,3,monophasic
Modulated_autosave_20260717_151033_569ms,Biceps (R),R_BB,1,0.7942811758425705,8.79428117584257,32.35980937256977,,,none,30.0,125,3,monophasic
Modulated_autosave_20260717_151033_569ms,Biceps (R),R_BB,2,33.35980937256977,41.35980937256977,65.71961874516796,,,none,30.0,125,3,monophasic
Modulated_autosave_20260717_151033_569ms,Biceps (R),R_BB,3,66.71961874516796,74.71961874516796,99.07942811773773,,,none,30.0,125,3,monophasic
Modulated_autosave_20260717_151033_569ms,Biceps (R),R_BB,4,100.07942811773773,108.07942811773773,132.4392374903075,,,none,30.0,125,3,monophasic
Modulated_autosave_20260717_151033_569ms,Biceps (R),R_BB,5,133.4392374903075,141.4392374903075,165.79904686287728,,,none,30.0,125,3,monophasic
Modulated_autosave_20260717_151033_569ms,Biceps (R),R_BB,6,166.79904686287728,174.79904686287728,199.15885623544705,,,none,30.0,125,3,monophasic
Modulated_autosave_20260717_151033_569ms,Biceps (R),R_BB,7,200.15885623544705,208.15885623544705,232.51866560756207,,,none,30.0,125,3,monophasic
Modulated_autosave_20260717_151033_569ms,Biceps (R),R_BB,8,233.51866560756207,241.51866560756207,265.87847498013184,,,none,30.0,125,3,monophasic
Modulated_autosave_20260717_151033_569ms,Biceps (R),R_BB,9,266.87847498013184,274.87847498013184,299.2382843527016,,,none,30.0,125,3,monophasic
Modulated_autosave_20260717_151033_569ms,Biceps (R),R_BB,10,300.2382843527016,308.2382843527016,332.5980937252714,,,none,30.0,125,3,monophasic
Modulated_autosave_20260717_151033_569ms,Biceps (R),R_BB,1,0.7942811758425705,8.79428117584257,32.35980937256977,,,none,30.0,130,3,monophasic
Modulated_autosave_20260717_151033_569ms,Biceps (R),R_BB,2,33.35980937256977,41.35980937256977,65.71961874516796,,,none,30.0,130,3,monophasic
Modulated_autosave_20260717_151033_569ms,Biceps (R),R_BB,3,66.71961874516796,74.71961874516796,99.07942811773773,,,none,30.0,130,3,monophasic
Modulated_autosave_20260717_151033_569ms,Biceps (R),R_BB,4,100.07942811773773,108.07942811773773,132.4392374903075,,,none,30.0,130,3,monophasic
Modulated_autosave_20260717_151033_569ms,Biceps (R),R_BB,5,133.4392374903075,141.4392374903075,165.79904686287728,,,none,30.0,130,3,monophasic
Modulated_autosave_20260717_151033_569ms,Biceps (R),R_BB,6,166.79904686287728,174.79904686287728,199.15885623544705,,,none,30.0,130,3,monophasic
Modulated_autosave_20260717_151033_569ms,Biceps (R),R_BB,7,200.15885623544705,208.15885623544705,232.51866560756207,,,none,30.0,130,3,monophasic
Modulated_autosave_20260717_151033_569ms,Biceps (R),R_BB,8,233.51866560756207,241.51866560756207,265.87847498013184,,,none,30.0,130,3,monophasic
Modulated_autosave_20260717_151033_569ms,Biceps (R),R_BB,9,266.87847498013184,274.87847498013184,299.2382843527016,,,none,30.0,130,3,monophasic
Modulated_autosave_20260717_151033_569ms,Biceps (R),R_BB,10,300.2382843527016,308.2382843527016,332.5980937252714,,,none,30.0,130,3,monophasic
Modulated_autosave_20260717_151033_569ms,Biceps (R),R_BB,1,0.7942811758425705,8.79428117584257,32.35980937256977,,,none,30.0,135,3,monophasic
Modulated_autosave_20260717_151033_569ms,Biceps (R),R_BB,2,33.35980937256977,41.35980937256977,65.71961874516796,,,none,30.0,135,3,monophasic
Modulated_autosave_20260717_151033_569ms,Biceps (R),R_BB,3,66.71961874516796,74.71961874516796,99.07942811773773,,,none,30.0,135,3,monophasic
Modulated_autosave_20260717_151033_569ms,Biceps (R),R_BB,4,100.07942811773773,108.07942811773773,132.4392374903075,,,none,30.0,135,3,monophasic
Modulated_autosave_20260717_151033_569ms,Biceps (R),R_BB,5,133.4392374903075,141.4392374903075,165.79904686287728,,,none,30.0,135,3,monophasic
Modulated_autosave_20260717_151033_569ms,Biceps (R),R_BB,6,166.79904686287728,174.79904686287728,199.15885623544705,,,none,30.0,135,3,monophasic
Modulated_autosave_20260717_151033_569ms,Biceps (R),R_BB,7,200.15885623544705,208.15885623544705,232.51866560756207,,,none,30.0,135,3,monophasic
Modulated_autosave_20260717_151033_569ms,Biceps (R),R_BB,8,233.51866560756207,241.51866560756207,265.87847498013184,,,none,30.0,135,3,monophasic
Modulated_autosave_20260717_151033_569ms,Biceps (R),R_BB,9,266.87847498013184,274.87847498013184,299.2382843527016,,,none,30.0,135,3,monophasic
Modulated_autosave_20260717_151033_569ms,Biceps (R),R_BB,10,300.2382843527016,308.2382843527016,332.5980937252714,,,none,30.0,135,3,monophasic
Modulated_autosave_20260717_151033_569ms,Biceps (R),R_BB,1,0.7942811758425705,8.79428117584257,32.35980937256977,,,none,30.0,140,3,monophasic
Modulated_autosave_20260717_151033_569ms,Biceps (R),R_BB,2,33.35980937256977,41.35980937256977,65.71961874516796,,,none,30.0,140,3,monophasic
Modulated_autosave_20260717_151033_569ms,Biceps (R),R_BB,3,66.71961874516796,74.71961874516796,99.07942811773773,,,none,30.0,140,3,monophasic
Modulated_autosave_20260717_151033_569ms,Biceps (R),R_BB,4,100.07942811773773,108.07942811773773,132.4392374903075,,,none,30.0,140,3,monophasic
Modulated_autosave_20260717_151033_569ms,Biceps (R),R_BB,5,133.4392374903075,141.4392374903075,165.79904686287728,,,none,30.0,140,3,monophasic
Modulated_autosave_20260717_151033_569ms,Biceps (R),R_BB,6,166.79904686287728,174.79904686287728,199.15885623544705,,,none,30.0,140,3,monophasic
Modulated_autosave_20260717_151033_569ms,Biceps (R),R_BB,7,200.15885623544705,208.15885623544705,232.51866560756207,,,none,30.0,140,3,monophasic
Modulated_autosave_20260717_151033_569ms,Biceps (R),R_BB,8,233.51866560756207,241.51866560756207,265.87847498013184,,,none,30.0,140,3,monophasic
Modulated_autosave_20260717_151033_569ms,Biceps (R),R_BB,9,266.87847498013184,274.87847498013184,299.2382843527016,,,none,30.0,140,3,monophasic
Modulated_autosave_20260717_151033_569ms,Biceps (R),R_BB,10,300.2382843527016,308.2382843527016,332.5980937252714,,,none,30.0,140,3,monophasic
Modulated_autosave_20260717_151033_569ms,Triceps long (R),R_TBlg,1,0.7942811758425705,8.79428117584257,32.35980937256977,,,none,30.0,45,3,monophasic
Modulated_autosave_20260717_151033_569ms,Triceps long (R),R_TBlg,2,33.35980937256977,41.35980937256977,65.71961874516796,,,none,30.0,45,3,monophasic
Modulated_autosave_20260717_151033_569ms,Triceps long (R),R_TBlg,3,66.71961874516796,74.71961874516796,99.07942811773773,,,none,30.0,45,3,monophasic
Modulated_autosave_20260717_151033_569ms,Triceps long (R),R_TBlg,4,100.07942811773773,108.07942811773773,132.4392374903075,,,none,30.0,45,3,monophasic
Modulated_autosave_20260717_151033_569ms,Triceps long (R),R_TBlg,5,133.4392374903075,141.4392374903075,165.79904686287728,,,none,30.0,45,3,monophasic
Modulated_autosave_20260717_151033_569ms,Triceps long (R),R_TBlg,6,166.79904686287728,174.79904686287728,199.15885623544705,,,none,30.0,45,3,monophasic
Modulated_autosave_20260717_151033_569ms,Triceps long (R),R_TBlg,7,200.15885623544705,208.15885623544705,232.51866560756207,,,none,30.0,45,3,monophasic
Modulated_autosave_20260717_151033_569ms,Triceps long (R),R_TBlg,8,233.51866560756207,241.51866560756207,265.87847498013184,,,none,30.0,45,3,monophasic
Modulated_autosave_20260717_151033_569ms,Triceps long (R),R_TBlg,9,266.87847498013184,274.87847498013184,299.2382843527016,,,none,30.0,45,3,monophasic
Modulated_autosave_20260717_151033_569ms,Triceps long (R),R_TBlg,10,300.2382843527016,308.2382843527016,332.5980937252714,,,none,30.0,45,3,monophasic
Modulated_autosave_20260717_151033_569ms,Triceps long (R),R_TBlg,1,0.7942811758425705,8.79428117584257,32.35980937256977,,,none,30.0,50,3,monophasic
Modulated_autosave_20260717_151033_569ms,Triceps long (R),R_TBlg,2,33.35980937256977,41.35980937256977,65.71961874516796,,,none,30.0,50,3,monophasic
Modulated_autosave_20260717_151033_569ms,Triceps long (R),R_TBlg,3,66.71961874516796,74.71961874516796,99.07942811773773,,,none,30.0,50,3,monophasic
Modulated_autosave_20260717_151033_569ms,Triceps long (R),R_TBlg,4,100.07942811773773,108.07942811773773,132.4392374903075,,,none,30.0,50,3,monophasic
Modulated_autosave_20260717_151033_569ms,Triceps long (R),R_TBlg,5,133.4392374903075,141.4392374903075,165.79904686287728,,,none,30.0,50,3,monophasic
Modulated_autosave_20260717_151033_569ms,Triceps long (R),R_TBlg,6,166.79904686287728,174.79904686287728,199.15885623544705,,,none,30.0,50,3,monophasic
Modulated_autosave_20260717_151033_569ms,Triceps long (R),R_TBlg,7,200.15885623544705,208.15885623544705,232.51866560756207,,,none,30.0,50,3,monophasic
Modulated_autosave_20260717_151033_569ms,Triceps long (R),R_TBlg,8,233.51866560756207,241.51866560756207,265.87847498013184,,,none,30.0,50,3,monophasic
Modulated_autosave_20260717_151033_569ms,Triceps long (R),R_TBlg,9,266.87847498013184,274.87847498013184,299.2382843527016,,,none,30.0,50,3,monophasic
Modulated_autosave_20260717_151033_569ms,Triceps long (R),R_TBlg,10,300.2382843527016,308.2382843527016,332.5980937252714,,,none,30.0,50,3,monophasic
Modulated_autosave_20260717_151033_569ms,Triceps long (R),R_TBlg,1,0.7942811758425705,8.79428117584257,32.35980937256977,,,none,30.0,55,3,monophasic
Modulated_autosave_20260717_151033_569ms,Triceps long (R),R_TBlg,2,33.35980937256977,41.35980937256977,65.71961874516796,,,none,30.0,55,3,monophasic
Modulated_autosave_20260717_151033_569ms,Triceps long (R),R_TBlg,3,66.71961874516796,74.71961874516796,99.07942811773773,,,none,30.0,55,3,monophasic
Modulated_autosave_20260717_151033_569ms,Triceps long (R),R_TBlg,4,100.07942811773773,108.07942811773773,132.4392374903075,,,none,30.0,55,3,monophasic
Modulated_autosave_20260717_151033_569ms,Triceps long (R),R_TBlg,5,133.4392374903075,141.4392374903075,165.79904686287728,,,none,30.0,55,3,monophasic
Modulated_autosave_20260717_151033_569ms,Triceps long (R),R_TBlg,6,166.79904686287728,174.79904686287728,199.15885623544705,,,none,30.0,55,3,monophasic
Modulated_autosave_20260717_151033_569ms,Triceps long (R),R_TBlg,7,200.15885623544705,208.15885623544705,232.51866560756207,,,none,30.0,55,3,monophasic
Modulated_autosave_20260717_151033_569ms,Triceps long (R),R_TBlg,8,233.51866560756207,241.51866560756207,265.87847498013184,,,none,30.0,55,3,monophasic
Modulated_autosave_20260717_151033_569ms,Triceps long (R),R_TBlg,9,266.87847498013184,274.87847498013184,299.2382843527016,,,none,30.0,55,3,monophasic
Modulated_autosave_20260717_151033_569ms,Triceps long (R),R_TBlg,10,300.2382843527016,308.2382843527016,332.5980937252714,,,none,30.0,55,3,monophasic
Modulated_autosave_20260717_151033_569ms,Triceps long (R),R_TBlg,1,0.7942811758425705,8.79428117584257,32.35980937256977,,,none,30.0,60,3,monophasic
Modulated_autosave_20260717_151033_569ms,Triceps long (R),R_TBlg,2,33.35980937256977,41.35980937256977,65.71961874516796,,,none,30.0,60,3,monophasic
Modulated_autosave_20260717_151033_569ms,Triceps long (R),R_TBlg,3,66.71961874516796,74.71961874516796,99.07942811773773,,,none,30.0,60,3,monophasic
Modulated_autosave_20260717_151033_569ms,Triceps long (R),R_TBlg,4,100.07942811773773,108.07942811773773,132.4392374903075,,,none,30.0,60,3,monophasic
Modulated_autosave_20260717_151033_569ms,Triceps long (R),R_TBlg,5,133.4392374903075,141.4392374903075,165.79904686287728,,,none,30.0,60,3,monophasic
Modulated_autosave_20260717_151033_569ms,Triceps long (R),R_TBlg,6,166.79904686287728,174.79904686287728,199.15885623544705,,,none,30.0,60,3,monophasic
Modulated_autosave_20260717_151033_569ms,Triceps long (R),R_TBlg,7,200.15885623544705,208.15885623544705,232.51866560756207,,,none,30.0,60,3,monophasic
Modulated_autosave_20260717_151033_569ms,Triceps long (R),R_TBlg,8,233.51866560756207,241.51866560756207,265.87847498013184,,,none,30.0,60,3,monophasic
Modulated_autosave_20260717_151033_569ms,Triceps long (R),R_TBlg,9,266.87847498013184,274.87847498013184,299.2382843527016,,,none,30.0,60,3,monophasic
Modulated_autosave_20260717_151033_569ms,Triceps long (R),R_TBlg,10,300.2382843527016,308.2382843527016,332.5980937252714,,,none,30.0,60,3,monophasic
Modulated_autosave_20260717_151033_569ms,Triceps long (R),R_TBlg,1,0.7942811758425705,8.79428117584257,32.35980937256977,,,none,30.0,65,3,monophasic
Modulated_autosave_20260717_151033_569ms,Triceps long (R),R_TBlg,2,33.35980937256977,41.35980937256977,65.71961874516796,,,none,30.0,65,3,monophasic
Modulated_autosave_20260717_151033_569ms,Triceps long (R),R_TBlg,3,66.71961874516796,74.71961874516796,99.07942811773773,,,none,30.0,65,3,monophasic
Modulated_autosave_20260717_151033_569ms,Triceps long (R),R_TBlg,4,100.07942811773773,108.07942811773773,132.4392374903075,,,none,30.0,65,3,monophasic
Modulated_autosave_20260717_151033_569ms,Triceps long (R),R_TBlg,5,133.4392374903075,141.4392374903075,165.79904686287728,,,none,30.0,65,3,monophasic
Modulated_autosave_20260717_151033_569ms,Triceps long (R),R_TBlg,6,166.79904686287728,174.79904686287728,199.15885623544705,,,none,30.0,65,3,monophasic
Modulated_autosave_20260717_151033_569ms,Triceps long (R),R_TBlg,7,200.15885623544705,208.15885623544705,232.51866560756207,,,none,30.0,65,3,monophasic
Modulated_autosave_20260717_151033_569ms,Triceps long (R),R_TBlg,8,233.51866560756207,241.51866560756207,265.87847498013184,,,none,30.0,65,3,monophasic
Modulated_autosave_20260717_151033_569ms,Triceps long (R),R_TBlg,9,266.87847498013184,274.87847498013184,299.2382843527016,,,none,30.0,65,3,monophasic
Modulated_autosave_20260717_151033_569ms,Triceps long (R),R_TBlg,10,300.2382843527016,308.2382843527016,332.5980937252714,,,none,30.0,65,3,monophasic
Modulated_autosave_20260717_151033_569ms,Triceps long (R),R_TBlg,1,0.7942811758425705,8.79428117584257,32.35980937256977,,,none,30.0,70,3,monophasic
Modulated_autosave_20260717_151033_569ms,Triceps long (R),R_TBlg,2,33.35980937256977,41.35980937256977,65.71961874516796,,,none,30.0,70,3,monophasic
Modulated_autosave_20260717_151033_569ms,Triceps long (R),R_TBlg,3,66.71961874516796,74.71961874516796,99.07942811773773,,,none,30.0,70,3,monophasic
Modulated_autosave_20260717_151033_569ms,Triceps long (R),R_TBlg,4,100.07942811773773,108.07942811773773,132.4392374903075,,,none,30.0,70,3,monophasic
Modulated_autosave_20260717_151033_569ms,Triceps long (R),R_TBlg,5,133.4392374903075,141.4392374903075,165.79904686287728,,,none,30.0,70,3,monophasic
Modulated_autosave_20260717_151033_569ms,Triceps long (R),R_TBlg,6,166.79904686287728,174.79904686287728,199.15885623544705,,,none,30.0,70,3,monophasic
Modulated_autosave_20260717_151033_569ms,Triceps long (R),R_TBlg,7,200.15885623544705,208.15885623544705,232.51866560756207,,,none,30.0,70,3,monophasic
Modulated_autosave_20260717_151033_569ms,Triceps long (R),R_TBlg,8,233.51866560756207,241.51866560756207,265.87847498013184,,,none,30.0,70,3,monophasic
Modulated_autosave_20260717_151033_569ms,Triceps long (R),R_TBlg,9,266.87847498013184,274.87847498013184,299.2382843527016,,,none,30.0,70,3,monophasic
Modulated_autosave_20260717_151033_569ms,Triceps long (R),R_TBlg,10,300.2382843527016,308.2382843527016,332.5980937252714,,,none,30.0,70,3,monophasic
Modulated_autosave_20260717_151033_569ms,Triceps long (R),R_TBlg,1,0.7942811758425705,8.79428117584257,32.35980937256977,,,none,30.0,75,3,monophasic
Modulated_autosave_20260717_151033_569ms,Triceps long (R),R_TBlg,2,33.35980937256977,41.35980937256977,65.71961874516796,,,none,30.0,75,3,monophasic
Modulated_autosave_20260717_151033_569ms,Triceps long (R),R_TBlg,3,66.71961874516796,74.71961874516796,99.07942811773773,,,none,30.0,75,3,monophasic
Modulated_autosave_20260717_151033_569ms,Triceps long (R),R_TBlg,4,100.07942811773773,108.07942811773773,132.4392374903075,,,none,30.0,75,3,monophasic
Modulated_autosave_20260717_151033_569ms,Triceps long (R),R_TBlg,5,133.4392374903075,141.4392374903075,165.79904686287728,,,none,30.0,75,3,monophasic
Modulated_autosave_20260717_151033_569ms,Triceps long (R),R_TBlg,6,166.79904686287728,174.79904686287728,199.15885623544705,,,none,30.0,75,3,monophasic
Modulated_autosave_20260717_151033_569ms,Triceps long (R),R_TBlg,7,200.15885623544705,208.15885623544705,232.51866560756207,,,none,30.0,75,3,monophasic
Modulated_autosave_20260717_151033_569ms,Triceps long (R),R_TBlg,8,233.51866560756207,241.51866560756207,265.87847498013184,,,none,30.0,75,3,monophasic
Modulated_autosave_20260717_151033_569ms,Triceps long (R),R_TBlg,9,266.87847498013184,274.87847498013184,299.2382843527016,,,none,30.0,75,3,monophasic
Modulated_autosave_20260717_151033_569ms,Triceps long (R),R_TBlg,10,300.2382843527016,308.2382843527016,332.5980937252714,,,none,30.0,75,3,monophasic
Modulated_autosave_20260717_151033_569ms,Triceps long (R),R_TBlg,1,0.7942811758425705,8.79428117584257,32.35980937256977,,,none,30.0,80,3,monophasic
Modulated_autosave_20260717_151033_569ms,Triceps long (R),R_TBlg,2,33.35980937256977,41.35980937256977,65.71961874516796,,,none,30.0,80,3,monophasic
Modulated_autosave_20260717_151033_569ms,Triceps long (R),R_TBlg,3,66.71961874516796,74.71961874516796,99.07942811773773,,,none,30.0,80,3,monophasic
Modulated_autosave_20260717_151033_569ms,Triceps long (R),R_TBlg,4,100.07942811773773,108.07942811773773,132.4392374903075,,,none,30.0,80,3,monophasic
Modulated_autosave_20260717_151033_569ms,Triceps long (R),R_TBlg,5,133.4392374903075,141.4392374903075,165.79904686287728,,,none,30.0,80,3,monophasic
Modulated_autosave_20260717_151033_569ms,Triceps long (R),R_TBlg,6,166.79904686287728,174.79904686287728,199.15885623544705,,,none,30.0,80,3,monophasic
Modulated_autosave_20260717_151033_569ms,Triceps long (R),R_TBlg,7,200.15885623544705,208.15885623544705,232.51866560756207,,,none,30.0,80,3,monophasic
Modulated_autosave_20260717_151033_569ms,Triceps long (R),R_TBlg,8,233.51866560756207,241.51866560756207,265.87847498013184,,,none,30.0,80,3,monophasic
Modulated_autosave_20260717_151033_569ms,Triceps long (R),R_TBlg,9,266.87847498013184,274.87847498013184,299.2382843527016,,,none,30.0,80,3,monophasic
Modulated_autosave_20260717_151033_569ms,Triceps long (R),R_TBlg,10,300.2382843527016,308.2382843527016,332.5980937252714,,,none,30.0,80,3,monophasic
Modulated_autosave_20260717_151033_569ms,Triceps long (R),R_TBlg,1,0.7942811758425705,8.79428117584257,32.35980937256977,,,none,30.0,85,3,monophasic
Modulated_autosave_20260717_151033_569ms,Triceps long (R),R_TBlg,2,33.35980937256977,41.35980937256977,65.71961874516796,,,none,30.0,85,3,monophasic
Modulated_autosave_20260717_151033_569ms,Triceps long (R),R_TBlg,3,66.71961874516796,74.71961874516796,99.07942811773773,,,none,30.0,85,3,monophasic
Modulated_autosave_20260717_151033_569ms,Triceps long (R),R_TBlg,4,100.07942811773773,108.07942811773773,132.4392374903075,,,none,30.0,85,3,monophasic
Modulated_autosave_20260717_151033_569ms,Triceps long (R),R_TBlg,5,133.4392374903075,141.4392374903075,165.79904686287728,,,none,30.0,85,3,monophasic
Modulated_autosave_20260717_151033_569ms,Triceps long (R),R_TBlg,6,166.79904686287728,174.79904686287728,199.15885623544705,,,none,30.0,85,3,monophasic
Modulated_autosave_20260717_151033_569ms,Triceps long (R),R_TBlg,7,200.15885623544705,208.15885623544705,232.51866560756207,,,none,30.0,85,3,monophasic
Modulated_autosave_20260717_151033_569ms,Triceps long (R),R_TBlg,8,233.51866560756207,241.51866560756207,265.87847498013184,,,none,30.0,85,3,monophasic
Modulated_autosave_20260717_151033_569ms,Triceps long (R),R_TBlg,9,266.87847498013184,274.87847498013184,299.2382843527016,,,none,30.0,85,3,monophasic
Modulated_autosave_20260717_151033_569ms,Triceps long (R),R_TBlg,10,300.2382843527016,308.2382843527016,332.5980937252714,,,none,30.0,85,3,monophasic
Modulated_autosave_20260717_151033_569ms,Triceps long (R),R_TBlg,1,0.7942811758425705,8.79428117584257,32.35980937256977,,,none,30.0,90,3,monophasic
Modulated_autosave_20260717_151033_569ms,Triceps long (R),R_TBlg,2,33.35980937256977,41.35980937256977,65.71961874516796,,,none,30.0,90,3,monophasic
Modulated_autosave_20260717_151033_569ms,Triceps long (R),R_TBlg,3,66.71961874516796,74.71961874516796,99.07942811773773,,,none,30.0,90,3,monophasic
Modulated_autosave_20260717_151033_569ms,Triceps long (R),R_TBlg,4,100.07942811773773,108.07942811773773,132.4392374903075,,,none,30.0,90,3,monophasic
Modulated_autosave_20260717_151033_569ms,Triceps long (R),R_TBlg,5,133.4392374903075,141.4392374903075,165.79904686287728,,,none,30.0,90,3,monophasic
Modulated_autosave_20260717_151033_569ms,Triceps long (R),R_TBlg,6,166.79904686287728,174.79904686287728,199.15885623544705,,,none,30.0,90,3,monophasic
Modulated_autosave_20260717_151033_569ms,Triceps long (R),R_TBlg,7,200.15885623544705,208.15885623544705,232.51866560756207,,,none,30.0,90,3,monophasic
Modulated_autosave_20260717_151033_569ms,Triceps long (R),R_TBlg,8,233.51866560756207,241.51866560756207,265.87847498013184,,,none,30.0,90,3,monophasic
Modulated_autosave_20260717_151033_569ms,Triceps long (R),R_TBlg,9,266.87847498013184,274.87847498013184,299.2382843527016,,,none,30.0,90,3,monophasic
Modulated_autosave_20260717_151033_569ms,Triceps long (R),R_TBlg,10,300.2382843527016,308.2382843527016,332.5980937252714,,,none,30.0,90,3,monophasic
Modulated_autosave_20260717_151033_569ms,Triceps long (R),R_TBlg,1,0.7942811758425705,8.79428117584257,32.35980937256977,,,none,30.0,95,3,monophasic
Modulated_autosave_20260717_151033_569ms,Triceps long (R),R_TBlg,2,33.35980937256977,41.35980937256977,65.71961874516796,,,none,30.0,95,3,monophasic
Modulated_autosave_20260717_151033_569ms,Triceps long (R),R_TBlg,3,66.71961874516796,74.71961874516796,99.07942811773773,,,none,30.0,95,3,monophasic
Modulated_autosave_20260717_151033_569ms,Triceps long (R),R_TBlg,4,100.07942811773773,108.07942811773773,132.4392374903075,,,none,30.0,95,3,monophasic
Modulated_autosave_20260717_151033_569ms,Triceps long (R),R_TBlg,5,133.4392374903075,141.4392374903075,165.79904686287728,,,none,30.0,95,3,monophasic
Modulated_autosave_20260717_151033_569ms,Triceps long (R),R_TBlg,6,166.79904686287728,174.79904686287728,199.15885623544705,,,none,30.0,95,3,monophasic
Modulated_autosave_20260717_151033_569ms,Triceps long (R),R_TBlg,7,200.15885623544705,208.15885623544705,232.51866560756207,,,none,30.0,95,3,monophasic
Modulated_autosave_20260717_151033_569ms,Triceps long (R),R_TBlg,8,233.51866560756207,241.51866560756207,265.87847498013184,,,none,30.0,95,3,monophasic
Modulated_autosave_20260717_151033_569ms,Triceps long (R),R_TBlg,9,266.87847498013184,274.87847498013184,299.2382843527016,,,none,30.0,95,3,monophasic
Modulated_autosave_20260717_151033_569ms,Triceps long (R),R_TBlg,10,300.2382843527016,308.2382843527016,332.5980937252714,,,none,30.0,95,3,monophasic
Modulated_autosave_20260717_151033_569ms,Triceps long (R),R_TBlg,1,0.7942811758425705,8.79428117584257,32.35980937256977,,,none,30.0,100,3,monophasic
Modulated_autosave_20260717_151033_569ms,Triceps long (R),R_TBlg,2,33.35980937256977,41.35980937256977,65.71961874516796,,,none,30.0,100,3,monophasic
Modulated_autosave_20260717_151033_569ms,Triceps long (R),R_TBlg,3,66.71961874516796,74.71961874516796,99.07942811773773,,,none,30.0,100,3,monophasic
Modulated_autosave_20260717_151033_569ms,Triceps long (R),R_TBlg,4,100.07942811773773,108.07942811773773,132.4392374903075,,,none,30.0,100,3,monophasic
Modulated_autosave_20260717_151033_569ms,Triceps long (R),R_TBlg,5,133.4392374903075,141.4392374903075,165.79904686287728,,,none,30.0,100,3,monophasic
Modulated_autosave_20260717_151033_569ms,Triceps long (R),R_TBlg,6,166.79904686287728,174.79904686287728,199.15885623544705,,,none,30.0,100,3,monophasic
Modulated_autosave_20260717_151033_569ms,Triceps long (R),R_TBlg,7,200.15885623544705,208.15885623544705,232.51866560756207,,,none,30.0,100,3,monophasic
Modulated_autosave_20260717_151033_569ms,Triceps long (R),R_TBlg,8,233.51866560756207,241.51866560756207,265.87847498013184,,,none,30.0,100,3,monophasic
Modulated_autosave_20260717_151033_569ms,Triceps long (R),R_TBlg,9,266.87847498013184,274.87847498013184,299.2382843527016,,,none,30.0,100,3,monophasic
Modulated_autosave_20260717_151033_569ms,Triceps long (R),R_TBlg,10,300.2382843527016,308.2382843527016,332.5980937252714,,,none,30.0,100,3,monophasic
Modulated_autosave_20260717_151033_569ms,Triceps long (R),R_TBlg,1,0.7942811758425705,8.79428117584257,32.35980937256977,,,none,30.0,105,3,monophasic
Modulated_autosave_20260717_151033_569ms,Triceps long (R),R_TBlg,2,33.35980937256977,41.35980937256977,65.71961874516796,,,none,30.0,105,3,monophasic
Modulated_autosave_20260717_151033_569ms,Triceps long (R),R_TBlg,3,66.71961874516796,74.71961874516796,99.07942811773773,,,none,30.0,105,3,monophasic
Modulated_autosave_20260717_151033_569ms,Triceps long (R),R_TBlg,4,100.07942811773773,108.07942811773773,132.4392374903075,,,none,30.0,105,3,monophasic
Modulated_autosave_20260717_151033_569ms,Triceps long (R),R_TBlg,5,133.4392374903075,141.4392374903075,165.79904686287728,,,none,30.0,105,3,monophasic
Modulated_autosave_20260717_151033_569ms,Triceps long (R),R_TBlg,6,166.79904686287728,174.79904686287728,199.15885623544705,,,none,30.0,105,3,monophasic
Modulated_autosave_20260717_151033_569ms,Triceps long (R),R_TBlg,7,200.15885623544705,208.15885623544705,232.51866560756207,,,none,30.0,105,3,monophasic
Modulated_autosave_20260717_151033_569ms,Triceps long (R),R_TBlg,8,233.51866560756207,241.51866560756207,265.87847498013184,,,none,30.0,105,3,monophasic
Modulated_autosave_20260717_151033_569ms,Triceps long (R),R_TBlg,9,266.87847498013184,274.87847498013184,299.2382843527016,,,none,30.0,105,3,monophasic
Modulated_autosave_20260717_151033_569ms,Triceps long (R),R_TBlg,10,300.2382843527016,308.2382843527016,332.5980937252714,,,none,30.0,105,3,monophasic
Modulated_autosave_20260717_151033_569ms,Triceps long (R),R_TBlg,1,0.7942811758425705,8.79428117584257,32.35980937256977,,,none,30.0,110,3,monophasic
Modulated_autosave_20260717_151033_569ms,Triceps long (R),R_TBlg,2,33.35980937256977,41.35980937256977,65.71961874516796,,,none,30.0,110,3,monophasic
Modulated_autosave_20260717_151033_569ms,Triceps long (R),R_TBlg,3,66.71961874516796,74.71961874516796,99.07942811773773,,,none,30.0,110,3,monophasic
Modulated_autosave_20260717_151033_569ms,Triceps long (R),R_TBlg,4,100.07942811773773,108.07942811773773,132.4392374903075,,,none,30.0,110,3,monophasic
Modulated_autosave_20260717_151033_569ms,Triceps long (R),R_TBlg,5,133.4392374903075,141.4392374903075,165.79904686287728,,,none,30.0,110,3,monophasic
Modulated_autosave_20260717_151033_569ms,Triceps long (R),R_TBlg,6,166.79904686287728,174.79904686287728,199.15885623544705,,,none,30.0,110,3,monophasic
Modulated_autosave_20260717_151033_569ms,Triceps long (R),R_TBlg,7,200.15885623544705,208.15885623544705,232.51866560756207,,,none,30.0,110,3,monophasic
Modulated_autosave_20260717_151033_569ms,Triceps long (R),R_TBlg,8,233.51866560756207,241.51866560756207,265.87847498013184,,,none,30.0,110,3,monophasic
Modulated_autosave_20260717_151033_569ms,Triceps long (R),R_TBlg,9,266.87847498013184,274.87847498013184,299.2382843527016,,,none,30.0,110,3,monophasic
Modulated_autosave_20260717_151033_569ms,Triceps long (R),R_TBlg,10,300.2382843527016,308.2382843527016,332.5980937252714,,,none,30.0,110,3,monophasic
Modulated_autosave_20260717_151033_569ms,Triceps long (R),R_TBlg,1,0.7942811758425705,8.79428117584257,32.35980937256977,,,none,30.0,115,3,monophasic
Modulated_autosave_20260717_151033_569ms,Triceps long (R),R_TBlg,2,33.35980937256977,41.35980937256977,65.71961874516796,,,none,30.0,115,3,monophasic
Modulated_autosave_20260717_151033_569ms,Triceps long (R),R_TBlg,3,66.71961874516796,74.71961874516796,99.07942811773773,,,none,30.0,115,3,monophasic
Modulated_autosave_20260717_151033_569ms,Triceps long (R),R_TBlg,4,100.07942811773773,108.07942811773773,132.4392374903075,,,none,30.0,115,3,monophasic
Modulated_autosave_20260717_151033_569ms,Triceps long (R),R_TBlg,5,133.4392374903075,141.4392374903075,165.79904686287728,,,none,30.0,115,3,monophasic
Modulated_autosave_20260717_151033_569ms,Triceps long (R),R_TBlg,6,166.79904686287728,174.79904686287728,199.15885623544705,,,none,30.0,115,3,monophasic
Modulated_autosave_20260717_151033_569ms,Triceps long (R),R_TBlg,7,200.15885623544705,208.15885623544705,232.51866560756207,,,none,30.0,115,3,monophasic
Modulated_autosave_20260717_151033_569ms,Triceps long (R),R_TBlg,8,233.51866560756207,241.51866560756207,265.87847498013184,,,none,30.0,115,3,monophasic
Modulated_autosave_20260717_151033_569ms,Triceps long (R),R_TBlg,9,266.87847498013184,274.87847498013184,299.2382843527016,,,none,30.0,115,3,monophasic
Modulated_autosave_20260717_151033_569ms,Triceps long (R),R_TBlg,10,300.2382843527016,308.2382843527016,332.5980937252714,,,none,30.0,115,3,monophasic
Modulated_autosave_20260717_151033_569ms,Triceps long (R),R_TBlg,1,0.7942811758425705,8.79428117584257,32.35980937256977,,,none,30.0,120,3,monophasic
Modulated_autosave_20260717_151033_569ms,Triceps long (R),R_TBlg,2,33.35980937256977,41.35980937256977,65.71961874516796,,,none,30.0,120,3,monophasic
Modulated_autosave_20260717_151033_569ms,Triceps long (R),R_TBlg,3,66.71961874516796,74.71961874516796,99.07942811773773,,,none,30.0,120,3,monophasic
Modulated_autosave_20260717_151033_569ms,Triceps long (R),R_TBlg,4,100.07942811773773,108.07942811773773,132.4392374903075,,,none,30.0,120,3,monophasic
Modulated_autosave_20260717_151033_569ms,Triceps long (R),R_TBlg,5,133.4392374903075,141.4392374903075,165.79904686287728,,,none,30.0,120,3,monophasic
Modulated_autosave_20260717_151033_569ms,Triceps long (R),R_TBlg,6,166.79904686287728,174.79904686287728,199.15885623544705,,,none,30.0,120,3,monophasic
Modulated_autosave_20260717_151033_569ms,Triceps long (R),R_TBlg,7,200.15885623544705,208.15885623544705,232.51866560756207,,,none,30.0,120,3,monophasic
Modulated_autosave_20260717_151033_569ms,Triceps long (R),R_TBlg,8,233.51866560756207,241.51866560756207,265.87847498013184,,,none,30.0,120,3,monophasic
Modulated_autosave_20260717_151033_569ms,Triceps long (R),R_TBlg,9,266.87847498013184,274.87847498013184,299.2382843527016,,,none,30.0,120,3,monophasic
Modulated_autosave_20260717_151033_569ms,Triceps long (R),R_TBlg,10,300.2382843527016,308.2382843527016,332.5980937252714,,,none,30.0,120,3,monophasic
Modulated_autosave_20260717_151033_569ms,Triceps long (R),R_TBlg,1,0.7942811758425705,8.79428117584257,32.35980937256977,,,none,30.0,125,3,monophasic
Modulated_autosave_20260717_151033_569ms,Triceps long (R),R_TBlg,2,33.35980937256977,41.35980937256977,65.71961874516796,,,none,30.0,125,3,monophasic
Modulated_autosave_20260717_151033_569ms,Triceps long (R),R_TBlg,3,66.71961874516796,74.71961874516796,99.07942811773773,,,none,30.0,125,3,monophasic
Modulated_autosave_20260717_151033_569ms,Triceps long (R),R_TBlg,4,100.07942811773773,108.07942811773773,132.4392374903075,,,none,30.0,125,3,monophasic
Modulated_autosave_20260717_151033_569ms,Triceps long (R),R_TBlg,5,133.4392374903075,141.4392374903075,165.79904686287728,,,none,30.0,125,3,monophasic
Modulated_autosave_20260717_151033_569ms,Triceps long (R),R_TBlg,6,166.79904686287728,174.79904686287728,199.15885623544705,,,none,30.0,125,3,monophasic
Modulated_autosave_20260717_151033_569ms,Triceps long (R),R_TBlg,7,200.15885623544705,208.15885623544705,232.51866560756207,,,none,30.0,125,3,monophasic
Modulated_autosave_20260717_151033_569ms,Triceps long (R),R_TBlg,8,233.51866560756207,241.51866560756207,265.87847498013184,,,none,30.0,125,3,monophasic
Modulated_autosave_20260717_151033_569ms,Triceps long (R),R_TBlg,9,266.87847498013184,274.87847498013184,299.2382843527016,,,none,30.0,125,3,monophasic
Modulated_autosave_20260717_151033_569ms,Triceps long (R),R_TBlg,10,300.2382843527016,308.2382843527016,332.5980937252714,,,none,30.0,125,3,monophasic
Modulated_autosave_20260717_151033_569ms,Triceps long (R),R_TBlg,1,0.7942811758425705,8.79428117584257,32.35980937256977,,,none,30.0,130,3,monophasic
Modulated_autosave_20260717_151033_569ms,Triceps long (R),R_TBlg,2,33.35980937256977,41.35980937256977,65.71961874516796,,,none,30.0,130,3,monophasic
Modulated_autosave_20260717_151033_569ms,Triceps long (R),R_TBlg,3,66.71961874516796,74.71961874516796,99.07942811773773,,,none,30.0,130,3,monophasic
Modulated_autosave_20260717_151033_569ms,Triceps long (R),R_TBlg,4,100.07942811773773,108.07942811773773,132.4392374903075,,,none,30.0,130,3,monophasic
Modulated_autosave_20260717_151033_569ms,Triceps long (R),R_TBlg,5,133.4392374903075,141.4392374903075,165.79904686287728,,,none,30.0,130,3,monophasic
Modulated_autosave_20260717_151033_569ms,Triceps long (R),R_TBlg,6,166.79904686287728,174.79904686287728,199.15885623544705,,,none,30.0,130,3,monophasic
Modulated_autosave_20260717_151033_569ms,Triceps long (R),R_TBlg,7,200.15885623544705,208.15885623544705,232.51866560756207,,,none,30.0,130,3,monophasic
Modulated_autosave_20260717_151033_569ms,Triceps long (R),R_TBlg,8,233.51866560756207,241.51866560756207,265.87847498013184,,,none,30.0,130,3,monophasic
Modulated_autosave_20260717_151033_569ms,Triceps long (R),R_TBlg,9,266.87847498013184,274.87847498013184,299.2382843527016,,,none,30.0,130,3,monophasic
Modulated_autosave_20260717_151033_569ms,Triceps long (R),R_TBlg,10,300.2382843527016,308.2382843527016,332.5980937252714,,,none,30.0,130,3,monophasic
Modulated_autosave_20260717_151033_569ms,Triceps long (R),R_TBlg,1,0.7942811758425705,8.79428117584257,32.35980937256977,,,none,30.0,135,3,monophasic
Modulated_autosave_20260717_151033_569ms,Triceps long (R),R_TBlg,2,33.35980937256977,41.35980937256977,65.71961874516796,,,none,30.0,135,3,monophasic
Modulated_autosave_20260717_151033_569ms,Triceps long (R),R_TBlg,3,66.71961874516796,74.71961874516796,99.07942811773773,,,none,30.0,135,3,monophasic
Modulated_autosave_20260717_151033_569ms,Triceps long (R),R_TBlg,4,100.07942811773773,108.07942811773773,132.4392374903075,,,none,30.0,135,3,monophasic
Modulated_autosave_20260717_151033_569ms,Triceps long (R),R_TBlg,5,133.4392374903075,141.4392374903075,165.79904686287728,,,none,30.0,135,3,monophasic
Modulated_autosave_20260717_151033_569ms,Triceps long (R),R_TBlg,6,166.79904686287728,174.79904686287728,199.15885623544705,,,none,30.0,135,3,monophasic
Modulated_autosave_20260717_151033_569ms,Triceps long (R),R_TBlg,7,200.15885623544705,208.15885623544705,232.51866560756207,,,none,30.0,135,3,monophasic
Modulated_autosave_20260717_151033_569ms,Triceps long (R),R_TBlg,8,233.51866560756207,241.51866560756207,265.87847498013184,,,none,30.0,135,3,monophasic
Modulated_autosave_20260717_151033_569ms,Triceps long (R),R_TBlg,9,266.87847498013184,274.87847498013184,299.2382843527016,,,none,30.0,135,3,monophasic
Modulated_autosave_20260717_151033_569ms,Triceps long (R),R_TBlg,10,300.2382843527016,308.2382843527016,332.5980937252714,,,none,30.0,135,3,monophasic
Modulated_autosave_20260717_151033_569ms,Triceps long (R),R_TBlg,1,0.7942811758425705,8.79428117584257,32.35980937256977,,,none,30.0,140,3,monophasic
Modulated_autosave_20260717_151033_569ms,Triceps long (R),R_TBlg,2,33.35980937256977,41.35980937256977,65.71961874516796,,,none,30.0,140,3,monophasic
Modulated_autosave_20260717_151033_569ms,Triceps long (R),R_TBlg,3,66.71961874516796,74.71961874516796,99.07942811773773,,,none,30.0,140,3,monophasic
Modulated_autosave_20260717_151033_569ms,Triceps long (R),R_TBlg,4,100.07942811773773,108.07942811773773,132.4392374903075,,,none,30.0,140,3,monophasic
Modulated_autosave_20260717_151033_569ms,Triceps long (R),R_TBlg,5,133.4392374903075,141.4392374903075,165.79904686287728,,,none,30.0,140,3,monophasic
Modulated_autosave_20260717_151033_569ms,Triceps long (R),R_TBlg,6,166.79904686287728,174.79904686287728,199.15885623544705,,,none,30.0,140,3,monophasic
Modulated_autosave_20260717_151033_569ms,Triceps long (R),R_TBlg,7,200.15885623544705,208.15885623544705,232.51866560756207,,,none,30.0,140,3,monophasic
Modulated_autosave_20260717_151033_569ms,Triceps long (R),R_TBlg,8,233.51866560756207,241.51866560756207,265.87847498013184,,,none,30.0,140,3,monophasic
Modulated_autosave_20260717_151033_569ms,Triceps long (R),R_TBlg,9,266.87847498013184,274.87847498013184,299.2382843527016,,,none,30.0,140,3,monophasic
Modulated_autosave_20260717_151033_569ms,Triceps long (R),R_TBlg,10,300.2382843527016,308.2382843527016,332.5980937252714,,,none,30.0,140,3,monophasic
Modulated_autosave_20260717_151033_569ms,Trapezius (R),R_TR,1,0.7942811758425705,8.79428117584257,32.35980937256977,,,none,30.0,45,3,monophasic
Modulated_autosave_20260717_151033_569ms,Trapezius (R),R_TR,2,33.35980937256977,41.35980937256977,65.71961874516796,,,none,30.0,45,3,monophasic
Modulated_autosave_20260717_151033_569ms,Trapezius (R),R_TR,3,66.71961874516796,74.71961874516796,99.07942811773773,,,none,30.0,45,3,monophasic
Modulated_autosave_20260717_151033_569ms,Trapezius (R),R_TR,4,100.07942811773773,108.07942811773773,132.4392374903075,,,none,30.0,45,3,monophasic
Modulated_autosave_20260717_151033_569ms,Trapezius (R),R_TR,5,133.4392374903075,141.4392374903075,165.79904686287728,,,none,30.0,45,3,monophasic
Modulated_autosave_20260717_151033_569ms,Trapezius (R),R_TR,6,166.79904686287728,174.79904686287728,199.15885623544705,,,none,30.0,45,3,monophasic
Modulated_autosave_20260717_151033_569ms,Trapezius (R),R_TR,7,200.15885623544705,208.15885623544705,232.51866560756207,,,none,30.0,45,3,monophasic
Modulated_autosave_20260717_151033_569ms,Trapezius (R),R_TR,8,233.51866560756207,241.51866560756207,265.87847498013184,,,none,30.0,45,3,monophasic
Modulated_autosave_20260717_151033_569ms,Trapezius (R),R_TR,9,266.87847498013184,274.87847498013184,299.2382843527016,,,none,30.0,45,3,monophasic
Modulated_autosave_20260717_151033_569ms,Trapezius (R),R_TR,10,300.2382843527016,308.2382843527016,332.5980937252714,,,none,30.0,45,3,monophasic
Modulated_autosave_20260717_151033_569ms,Trapezius (R),R_TR,1,0.7942811758425705,8.79428117584257,32.35980937256977,,,none,30.0,50,3,monophasic
Modulated_autosave_20260717_151033_569ms,Trapezius (R),R_TR,2,33.35980937256977,41.35980937256977,65.71961874516796,,,none,30.0,50,3,monophasic
Modulated_autosave_20260717_151033_569ms,Trapezius (R),R_TR,3,66.71961874516796,74.71961874516796,99.07942811773773,,,none,30.0,50,3,monophasic
Modulated_autosave_20260717_151033_569ms,Trapezius (R),R_TR,4,100.07942811773773,108.07942811773773,132.4392374903075,,,none,30.0,50,3,monophasic
Modulated_autosave_20260717_151033_569ms,Trapezius (R),R_TR,5,133.4392374903075,141.4392374903075,165.79904686287728,,,none,30.0,50,3,monophasic
Modulated_autosave_20260717_151033_569ms,Trapezius (R),R_TR,6,166.79904686287728,174.79904686287728,199.15885623544705,,,none,30.0,50,3,monophasic
Modulated_autosave_20260717_151033_569ms,Trapezius (R),R_TR,7,200.15885623544705,208.15885623544705,232.51866560756207,,,none,30.0,50,3,monophasic
Modulated_autosave_20260717_151033_569ms,Trapezius (R),R_TR,8,233.51866560756207,241.51866560756207,265.87847498013184,,,none,30.0,50,3,monophasic
Modulated_autosave_20260717_151033_569ms,Trapezius (R),R_TR,9,266.87847498013184,274.87847498013184,299.2382843527016,,,none,30.0,50,3,monophasic
Modulated_autosave_20260717_151033_569ms,Trapezius (R),R_TR,10,300.2382843527016,308.2382843527016,332.5980937252714,,,none,30.0,50,3,monophasic
Modulated_autosave_20260717_151033_569ms,Trapezius (R),R_TR,1,0.7942811758425705,8.79428117584257,32.35980937256977,,,none,30.0,55,3,monophasic
Modulated_autosave_20260717_151033_569ms,Trapezius (R),R_TR,2,33.35980937256977,41.35980937256977,65.71961874516796,,,none,30.0,55,3,monophasic
Modulated_autosave_20260717_151033_569ms,Trapezius (R),R_TR,3,66.71961874516796,74.71961874516796,99.07942811773773,,,none,30.0,55,3,monophasic
Modulated_autosave_20260717_151033_569ms,Trapezius (R),R_TR,4,100.07942811773773,108.07942811773773,132.4392374903075,,,none,30.0,55,3,monophasic
Modulated_autosave_20260717_151033_569ms,Trapezius (R),R_TR,5,133.4392374903075,141.4392374903075,165.79904686287728,,,none,30.0,55,3,monophasic
Modulated_autosave_20260717_151033_569ms,Trapezius (R),R_TR,6,166.79904686287728,174.79904686287728,199.15885623544705,,,none,30.0,55,3,monophasic
Modulated_autosave_20260717_151033_569ms,Trapezius (R),R_TR,7,200.15885623544705,208.15885623544705,232.51866560756207,,,none,30.0,55,3,monophasic
Modulated_autosave_20260717_151033_569ms,Trapezius (R),R_TR,8,233.51866560756207,241.51866560756207,265.87847498013184,,,none,30.0,55,3,monophasic
Modulated_autosave_20260717_151033_569ms,Trapezius (R),R_TR,9,266.87847498013184,274.87847498013184,299.2382843527016,,,none,30.0,55,3,monophasic
Modulated_autosave_20260717_151033_569ms,Trapezius (R),R_TR,10,300.2382843527016,308.2382843527016,332.5980937252714,,,none,30.0,55,3,monophasic
Modulated_autosave_20260717_151033_569ms,Trapezius (R),R_TR,1,0.7942811758425705,8.79428117584257,32.35980937256977,,,none,30.0,60,3,monophasic
Modulated_autosave_20260717_151033_569ms,Trapezius (R),R_TR,2,33.35980937256977,41.35980937256977,65.71961874516796,,,none,30.0,60,3,monophasic
Modulated_autosave_20260717_151033_569ms,Trapezius (R),R_TR,3,66.71961874516796,74.71961874516796,99.07942811773773,,,none,30.0,60,3,monophasic
Modulated_autosave_20260717_151033_569ms,Trapezius (R),R_TR,4,100.07942811773773,108.07942811773773,132.4392374903075,,,none,30.0,60,3,monophasic
Modulated_autosave_20260717_151033_569ms,Trapezius (R),R_TR,5,133.4392374903075,141.4392374903075,165.79904686287728,,,none,30.0,60,3,monophasic
Modulated_autosave_20260717_151033_569ms,Trapezius (R),R_TR,6,166.79904686287728,174.79904686287728,199.15885623544705,,,none,30.0,60,3,monophasic
Modulated_autosave_20260717_151033_569ms,Trapezius (R),R_TR,7,200.15885623544705,208.15885623544705,232.51866560756207,,,none,30.0,60,3,monophasic
Modulated_autosave_20260717_151033_569ms,Trapezius (R),R_TR,8,233.51866560756207,241.51866560756207,265.87847498013184,,,none,30.0,60,3,monophasic
Modulated_autosave_20260717_151033_569ms,Trapezius (R),R_TR,9,266.87847498013184,274.87847498013184,299.2382843527016,,,none,30.0,60,3,monophasic
Modulated_autosave_20260717_151033_569ms,Trapezius (R),R_TR,10,300.2382843527016,308.2382843527016,332.5980937252714,,,none,30.0,60,3,monophasic
Modulated_autosave_20260717_151033_569ms,Trapezius (R),R_TR,1,0.7942811758425705,8.79428117584257,32.35980937256977,,,none,30.0,65,3,monophasic
Modulated_autosave_20260717_151033_569ms,Trapezius (R),R_TR,2,33.35980937256977,41.35980937256977,65.71961874516796,,,none,30.0,65,3,monophasic
Modulated_autosave_20260717_151033_569ms,Trapezius (R),R_TR,3,66.71961874516796,74.71961874516796,99.07942811773773,,,none,30.0,65,3,monophasic
Modulated_autosave_20260717_151033_569ms,Trapezius (R),R_TR,4,100.07942811773773,108.07942811773773,132.4392374903075,,,none,30.0,65,3,monophasic
Modulated_autosave_20260717_151033_569ms,Trapezius (R),R_TR,5,133.4392374903075,141.4392374903075,165.79904686287728,,,none,30.0,65,3,monophasic
Modulated_autosave_20260717_151033_569ms,Trapezius (R),R_TR,6,166.79904686287728,174.79904686287728,199.15885623544705,,,none,30.0,65,3,monophasic
Modulated_autosave_20260717_151033_569ms,Trapezius (R),R_TR,7,200.15885623544705,208.15885623544705,232.51866560756207,,,none,30.0,65,3,monophasic
Modulated_autosave_20260717_151033_569ms,Trapezius (R),R_TR,8,233.51866560756207,241.51866560756207,265.87847498013184,,,none,30.0,65,3,monophasic
Modulated_autosave_20260717_151033_569ms,Trapezius (R),R_TR,9,266.87847498013184,274.87847498013184,299.2382843527016,,,none,30.0,65,3,monophasic
Modulated_autosave_20260717_151033_569ms,Trapezius (R),R_TR,10,300.2382843527016,308.2382843527016,332.5980937252714,,,none,30.0,65,3,monophasic
Modulated_autosave_20260717_151033_569ms,Trapezius (R),R_TR,1,0.7942811758425705,8.79428117584257,32.35980937256977,,,none,30.0,70,3,monophasic
Modulated_autosave_20260717_151033_569ms,Trapezius (R),R_TR,2,33.35980937256977,41.35980937256977,65.71961874516796,,,none,30.0,70,3,monophasic
Modulated_autosave_20260717_151033_569ms,Trapezius (R),R_TR,3,66.71961874516796,74.71961874516796,99.07942811773773,,,none,30.0,70,3,monophasic
Modulated_autosave_20260717_151033_569ms,Trapezius (R),R_TR,4,100.07942811773773,108.07942811773773,132.4392374903075,,,none,30.0,70,3,monophasic
Modulated_autosave_20260717_151033_569ms,Trapezius (R),R_TR,5,133.4392374903075,141.4392374903075,165.79904686287728,,,none,30.0,70,3,monophasic
Modulated_autosave_20260717_151033_569ms,Trapezius (R),R_TR,6,166.79904686287728,174.79904686287728,199.15885623544705,,,none,30.0,70,3,monophasic
Modulated_autosave_20260717_151033_569ms,Trapezius (R),R_TR,7,200.15885623544705,208.15885623544705,232.51866560756207,,,none,30.0,70,3,monophasic
Modulated_autosave_20260717_151033_569ms,Trapezius (R),R_TR,8,233.51866560756207,241.51866560756207,265.87847498013184,,,none,30.0,70,3,monophasic
Modulated_autosave_20260717_151033_569ms,Trapezius (R),R_TR,9,266.87847498013184,274.87847498013184,299.2382843527016,,,none,30.0,70,3,monophasic
Modulated_autosave_20260717_151033_569ms,Trapezius (R),R_TR,10,300.2382843527016,308.2382843527016,332.5980937252714,,,none,30.0,70,3,monophasic
Modulated_autosave_20260717_151033_569ms,Trapezius (R),R_TR,1,0.7942811758425705,8.79428117584257,32.35980937256977,,,none,30.0,75,3,monophasic
Modulated_autosave_20260717_151033_569ms,Trapezius (R),R_TR,2,33.35980937256977,41.35980937256977,65.71961874516796,,,none,30.0,75,3,monophasic
Modulated_autosave_20260717_151033_569ms,Trapezius (R),R_TR,3,66.71961874516796,74.71961874516796,99.07942811773773,,,none,30.0,75,3,monophasic
Modulated_autosave_20260717_151033_569ms,Trapezius (R),R_TR,4,100.07942811773773,108.07942811773773,132.4392374903075,,,none,30.0,75,3,monophasic
Modulated_autosave_20260717_151033_569ms,Trapezius (R),R_TR,5,133.4392374903075,141.4392374903075,165.79904686287728,,,none,30.0,75,3,monophasic
Modulated_autosave_20260717_151033_569ms,Trapezius (R),R_TR,6,166.79904686287728,174.79904686287728,199.15885623544705,,,none,30.0,75,3,monophasic
Modulated_autosave_20260717_151033_569ms,Trapezius (R),R_TR,7,200.15885623544705,208.15885623544705,232.51866560756207,,,none,30.0,75,3,monophasic
Modulated_autosave_20260717_151033_569ms,Trapezius (R),R_TR,8,233.51866560756207,241.51866560756207,265.87847498013184,,,none,30.0,75,3,monophasic
Modulated_autosave_20260717_151033_569ms,Trapezius (R),R_TR,9,266.87847498013184,274.87847498013184,299.2382843527016,,,none,30.0,75,3,monophasic
Modulated_autosave_20260717_151033_569ms,Trapezius (R),R_TR,10,300.2382843527016,308.2382843527016,332.5980937252714,,,none,30.0,75,3,monophasic
Modulated_autosave_20260717_151033_569ms,Trapezius (R),R_TR,1,0.7942811758425705,8.79428117584257,32.35980937256977,,,none,30.0,80,3,monophasic
Modulated_autosave_20260717_151033_569ms,Trapezius (R),R_TR,2,33.35980937256977,41.35980937256977,65.71961874516796,,,none,30.0,80,3,monophasic
Modulated_autosave_20260717_151033_569ms,Trapezius (R),R_TR,3,66.71961874516796,74.71961874516796,99.07942811773773,,,none,30.0,80,3,monophasic
Modulated_autosave_20260717_151033_569ms,Trapezius (R),R_TR,4,100.07942811773773,108.07942811773773,132.4392374903075,,,none,30.0,80,3,monophasic
Modulated_autosave_20260717_151033_569ms,Trapezius (R),R_TR,5,133.4392374903075,141.4392374903075,165.79904686287728,,,none,30.0,80,3,monophasic
Modulated_autosave_20260717_151033_569ms,Trapezius (R),R_TR,6,166.79904686287728,174.79904686287728,199.15885623544705,,,none,30.0,80,3,monophasic
Modulated_autosave_20260717_151033_569ms,Trapezius (R),R_TR,7,200.15885623544705,208.15885623544705,232.51866560756207,,,none,30.0,80,3,monophasic
Modulated_autosave_20260717_151033_569ms,Trapezius (R),R_TR,8,233.51866560756207,241.51866560756207,265.87847498013184,,,none,30.0,80,3,monophasic
Modulated_autosave_20260717_151033_569ms,Trapezius (R),R_TR,9,266.87847498013184,274.87847498013184,299.2382843527016,,,none,30.0,80,3,monophasic
Modulated_autosave_20260717_151033_569ms,Trapezius (R),R_TR,10,300.2382843527016,308.2382843527016,332.5980937252714,,,none,30.0,80,3,monophasic
Modulated_autosave_20260717_151033_569ms,Trapezius (R),R_TR,1,0.7942811758425705,8.79428117584257,32.35980937256977,,,none,30.0,85,3,monophasic
Modulated_autosave_20260717_151033_569ms,Trapezius (R),R_TR,2,33.35980937256977,41.35980937256977,65.71961874516796,,,none,30.0,85,3,monophasic
Modulated_autosave_20260717_151033_569ms,Trapezius (R),R_TR,3,66.71961874516796,74.71961874516796,99.07942811773773,,,none,30.0,85,3,monophasic
Modulated_autosave_20260717_151033_569ms,Trapezius (R),R_TR,4,100.07942811773773,108.07942811773773,132.4392374903075,,,none,30.0,85,3,monophasic
Modulated_autosave_20260717_151033_569ms,Trapezius (R),R_TR,5,133.4392374903075,141.4392374903075,165.79904686287728,,,none,30.0,85,3,monophasic
Modulated_autosave_20260717_151033_569ms,Trapezius (R),R_TR,6,166.79904686287728,174.79904686287728,199.15885623544705,,,none,30.0,85,3,monophasic
Modulated_autosave_20260717_151033_569ms,Trapezius (R),R_TR,7,200.15885623544705,208.15885623544705,232.51866560756207,,,none,30.0,85,3,monophasic
Modulated_autosave_20260717_151033_569ms,Trapezius (R),R_TR,8,233.51866560756207,241.51866560756207,265.87847498013184,,,none,30.0,85,3,monophasic
Modulated_autosave_20260717_151033_569ms,Trapezius (R),R_TR,9,266.87847498013184,274.87847498013184,299.2382843527016,,,none,30.0,85,3,monophasic
Modulated_autosave_20260717_151033_569ms,Trapezius (R),R_TR,10,300.2382843527016,308.2382843527016,332.5980937252714,,,none,30.0,85,3,monophasic
Modulated_autosave_20260717_151033_569ms,Trapezius (R),R_TR,1,0.7942811758425705,8.79428117584257,32.35980937256977,,,none,30.0,90,3,monophasic
Modulated_autosave_20260717_151033_569ms,Trapezius (R),R_TR,2,33.35980937256977,41.35980937256977,65.71961874516796,,,none,30.0,90,3,monophasic
Modulated_autosave_20260717_151033_569ms,Trapezius (R),R_TR,3,66.71961874516796,74.71961874516796,99.07942811773773,,,none,30.0,90,3,monophasic
Modulated_autosave_20260717_151033_569ms,Trapezius (R),R_TR,4,100.07942811773773,108.07942811773773,132.4392374903075,,,none,30.0,90,3,monophasic
Modulated_autosave_20260717_151033_569ms,Trapezius (R),R_TR,5,133.4392374903075,141.4392374903075,165.79904686287728,,,none,30.0,90,3,monophasic
Modulated_autosave_20260717_151033_569ms,Trapezius (R),R_TR,6,166.79904686287728,174.79904686287728,199.15885623544705,,,none,30.0,90,3,monophasic
Modulated_autosave_20260717_151033_569ms,Trapezius (R),R_TR,7,200.15885623544705,208.15885623544705,232.51866560756207,,,none,30.0,90,3,monophasic
Modulated_autosave_20260717_151033_569ms,Trapezius (R),R_TR,8,233.51866560756207,241.51866560756207,265.87847498013184,,,none,30.0,90,3,monophasic
Modulated_autosave_20260717_151033_569ms,Trapezius (R),R_TR,9,266.87847498013184,274.87847498013184,299.2382843527016,,,none,30.0,90,3,monophasic
Modulated_autosave_20260717_151033_569ms,Trapezius (R),R_TR,10,300.2382843527016,308.2382843527016,332.5980937252714,,,none,30.0,90,3,monophasic
Modulated_autosave_20260717_151033_569ms,Trapezius (R),R_TR,1,0.7942811758425705,8.79428117584257,32.35980937256977,,,none,30.0,95,3,monophasic
Modulated_autosave_20260717_151033_569ms,Trapezius (R),R_TR,2,33.35980937256977,41.35980937256977,65.71961874516796,,,none,30.0,95,3,monophasic
Modulated_autosave_20260717_151033_569ms,Trapezius (R),R_TR,3,66.71961874516796,74.71961874516796,99.07942811773773,,,none,30.0,95,3,monophasic
Modulated_autosave_20260717_151033_569ms,Trapezius (R),R_TR,4,100.07942811773773,108.07942811773773,132.4392374903075,,,none,30.0,95,3,monophasic
Modulated_autosave_20260717_151033_569ms,Trapezius (R),R_TR,5,133.4392374903075,141.4392374903075,165.79904686287728,,,none,30.0,95,3,monophasic
Modulated_autosave_20260717_151033_569ms,Trapezius (R),R_TR,6,166.79904686287728,174.79904686287728,199.15885623544705,,,none,30.0,95,3,monophasic
Modulated_autosave_20260717_151033_569ms,Trapezius (R),R_TR,7,200.15885623544705,208.15885623544705,232.51866560756207,,,none,30.0,95,3,monophasic
Modulated_autosave_20260717_151033_569ms,Trapezius (R),R_TR,8,233.51866560756207,241.51866560756207,265.87847498013184,,,none,30.0,95,3,monophasic
Modulated_autosave_20260717_151033_569ms,Trapezius (R),R_TR,9,266.87847498013184,274.87847498013184,299.2382843527016,,,none,30.0,95,3,monophasic
Modulated_autosave_20260717_151033_569ms,Trapezius (R),R_TR,10,300.2382843527016,308.2382843527016,332.5980937252714,,,none,30.0,95,3,monophasic
Modulated_autosave_20260717_151033_569ms,Trapezius (R),R_TR,1,0.7942811758425705,8.79428117584257,32.35980937256977,,,none,30.0,100,3,monophasic
Modulated_autosave_20260717_151033_569ms,Trapezius (R),R_TR,2,33.35980937256977,41.35980937256977,65.71961874516796,,,none,30.0,100,3,monophasic
Modulated_autosave_20260717_151033_569ms,Trapezius (R),R_TR,3,66.71961874516796,74.71961874516796,99.07942811773773,,,none,30.0,100,3,monophasic
Modulated_autosave_20260717_151033_569ms,Trapezius (R),R_TR,4,100.07942811773773,108.07942811773773,132.4392374903075,,,none,30.0,100,3,monophasic
Modulated_autosave_20260717_151033_569ms,Trapezius (R),R_TR,5,133.4392374903075,141.4392374903075,165.79904686287728,,,none,30.0,100,3,monophasic
Modulated_autosave_20260717_151033_569ms,Trapezius (R),R_TR,6,166.79904686287728,174.79904686287728,199.15885623544705,,,none,30.0,100,3,monophasic
Modulated_autosave_20260717_151033_569ms,Trapezius (R),R_TR,7,200.15885623544705,208.15885623544705,232.51866560756207,,,none,30.0,100,3,monophasic
Modulated_autosave_20260717_151033_569ms,Trapezius (R),R_TR,8,233.51866560756207,241.51866560756207,265.87847498013184,,,none,30.0,100,3,monophasic
Modulated_autosave_20260717_151033_569ms,Trapezius (R),R_TR,9,266.87847498013184,274.87847498013184,299.2382843527016,,,none,30.0,100,3,monophasic
Modulated_autosave_20260717_151033_569ms,Trapezius (R),R_TR,10,300.2382843527016,308.2382843527016,332.5980937252714,,,none,30.0,100,3,monophasic
Modulated_autosave_20260717_151033_569ms,Trapezius (R),R_TR,1,0.7942811758425705,8.79428117584257,32.35980937256977,,,none,30.0,105,3,monophasic
Modulated_autosave_20260717_151033_569ms,Trapezius (R),R_TR,2,33.35980937256977,41.35980937256977,65.71961874516796,,,none,30.0,105,3,monophasic
Modulated_autosave_20260717_151033_569ms,Trapezius (R),R_TR,3,66.71961874516796,74.71961874516796,99.07942811773773,,,none,30.0,105,3,monophasic
Modulated_autosave_20260717_151033_569ms,Trapezius (R),R_TR,4,100.07942811773773,108.07942811773773,132.4392374903075,,,none,30.0,105,3,monophasic
Modulated_autosave_20260717_151033_569ms,Trapezius (R),R_TR,5,133.4392374903075,141.4392374903075,165.79904686287728,,,none,30.0,105,3,monophasic
Modulated_autosave_20260717_151033_569ms,Trapezius (R),R_TR,6,166.79904686287728,174.79904686287728,199.15885623544705,,,none,30.0,105,3,monophasic
Modulated_autosave_20260717_151033_569ms,Trapezius (R),R_TR,7,200.15885623544705,208.15885623544705,232.51866560756207,,,none,30.0,105,3,monophasic
Modulated_autosave_20260717_151033_569ms,Trapezius (R),R_TR,8,233.51866560756207,241.51866560756207,265.87847498013184,,,none,30.0,105,3,monophasic
Modulated_autosave_20260717_151033_569ms,Trapezius (R),R_TR,9,266.87847498013184,274.87847498013184,299.2382843527016,,,none,30.0,105,3,monophasic
Modulated_autosave_20260717_151033_569ms,Trapezius (R),R_TR,10,300.2382843527016,308.2382843527016,332.5980937252714,,,none,30.0,105,3,monophasic
Modulated_autosave_20260717_151033_569ms,Trapezius (R),R_TR,1,0.7942811758425705,8.79428117584257,32.35980937256977,,,none,30.0,110,3,monophasic
Modulated_autosave_20260717_151033_569ms,Trapezius (R),R_TR,2,33.35980937256977,41.35980937256977,65.71961874516796,,,none,30.0,110,3,monophasic
Modulated_autosave_20260717_151033_569ms,Trapezius (R),R_TR,3,66.71961874516796,74.71961874516796,99.07942811773773,,,none,30.0,110,3,monophasic
Modulated_autosave_20260717_151033_569ms,Trapezius (R),R_TR,4,100.07942811773773,108.07942811773773,132.4392374903075,,,none,30.0,110,3,monophasic
Modulated_autosave_20260717_151033_569ms,Trapezius (R),R_TR,5,133.4392374903075,141.4392374903075,165.79904686287728,,,none,30.0,110,3,monophasic
Modulated_autosave_20260717_151033_569ms,Trapezius (R),R_TR,6,166.79904686287728,174.79904686287728,199.15885623544705,,,none,30.0,110,3,monophasic
Modulated_autosave_20260717_151033_569ms,Trapezius (R),R_TR,7,200.15885623544705,208.15885623544705,232.51866560756207,,,none,30.0,110,3,monophasic
Modulated_autosave_20260717_151033_569ms,Trapezius (R),R_TR,8,233.51866560756207,241.51866560756207,265.87847498013184,,,none,30.0,110,3,monophasic
Modulated_autosave_20260717_151033_569ms,Trapezius (R),R_TR,9,266.87847498013184,274.87847498013184,299.2382843527016,,,none,30.0,110,3,monophasic
Modulated_autosave_20260717_151033_569ms,Trapezius (R),R_TR,10,300.2382843527016,308.2382843527016,332.5980937252714,,,none,30.0,110,3,monophasic
Modulated_autosave_20260717_151033_569ms,Trapezius (R),R_TR,1,0.7942811758425705,8.79428117584257,32.35980937256977,,,none,30.0,115,3,monophasic
Modulated_autosave_20260717_151033_569ms,Trapezius (R),R_TR,2,33.35980937256977,41.35980937256977,65.71961874516796,,,none,30.0,115,3,monophasic
Modulated_autosave_20260717_151033_569ms,Trapezius (R),R_TR,3,66.71961874516796,74.71961874516796,99.07942811773773,,,none,30.0,115,3,monophasic
Modulated_autosave_20260717_151033_569ms,Trapezius (R),R_TR,4,100.07942811773773,108.07942811773773,132.4392374903075,,,none,30.0,115,3,monophasic
Modulated_autosave_20260717_151033_569ms,Trapezius (R),R_TR,5,133.4392374903075,141.4392374903075,165.79904686287728,,,none,30.0,115,3,monophasic
Modulated_autosave_20260717_151033_569ms,Trapezius (R),R_TR,6,166.79904686287728,174.79904686287728,199.15885623544705,,,none,30.0,115,3,monophasic
Modulated_autosave_20260717_151033_569ms,Trapezius (R),R_TR,7,200.15885623544705,208.15885623544705,232.51866560756207,,,none,30.0,115,3,monophasic
Modulated_autosave_20260717_151033_569ms,Trapezius (R),R_TR,8,233.51866560756207,241.51866560756207,265.87847498013184,,,none,30.0,115,3,monophasic
Modulated_autosave_20260717_151033_569ms,Trapezius (R),R_TR,9,266.87847498013184,274.87847498013184,299.2382843527016,,,none,30.0,115,3,monophasic
Modulated_autosave_20260717_151033_569ms,Trapezius (R),R_TR,10,300.2382843527016,308.2382843527016,332.5980937252714,,,none,30.0,115,3,monophasic
Modulated_autosave_20260717_151033_569ms,Trapezius (R),R_TR,1,0.7942811758425705,8.79428117584257,32.35980937256977,,,none,30.0,120,3,monophasic
Modulated_autosave_20260717_151033_569ms,Trapezius (R),R_TR,2,33.35980937256977,41.35980937256977,65.71961874516796,,,none,30.0,120,3,monophasic
Modulated_autosave_20260717_151033_569ms,Trapezius (R),R_TR,3,66.71961874516796,74.71961874516796,99.07942811773773,,,none,30.0,120,3,monophasic
Modulated_autosave_20260717_151033_569ms,Trapezius (R),R_TR,4,100.07942811773773,108.07942811773773,132.4392374903075,,,none,30.0,120,3,monophasic
Modulated_autosave_20260717_151033_569ms,Trapezius (R),R_TR,5,133.4392374903075,141.4392374903075,165.79904686287728,,,none,30.0,120,3,monophasic
Modulated_autosave_20260717_151033_569ms,Trapezius (R),R_TR,6,166.79904686287728,174.79904686287728,199.15885623544705,,,none,30.0,120,3,monophasic
Modulated_autosave_20260717_151033_569ms,Trapezius (R),R_TR,7,200.15885623544705,208.15885623544705,232.51866560756207,,,none,30.0,120,3,monophasic
Modulated_autosave_20260717_151033_569ms,Trapezius (R),R_TR,8,233.51866560756207,241.51866560756207,265.87847498013184,,,none,30.0,120,3,monophasic
Modulated_autosave_20260717_151033_569ms,Trapezius (R),R_TR,9,266.87847498013184,274.87847498013184,299.2382843527016,,,none,30.0,120,3,monophasic
Modulated_autosave_20260717_151033_569ms,Trapezius (R),R_TR,10,300.2382843527016,308.2382843527016,332.5980937252714,,,none,30.0,120,3,monophasic
Modulated_autosave_20260717_151033_569ms,Trapezius (R),R_TR,1,0.7942811758425705,8.79428117584257,32.35980937256977,,,none,30.0,125,3,monophasic
Modulated_autosave_20260717_151033_569ms,Trapezius (R),R_TR,2,33.35980937256977,41.35980937256977,65.71961874516796,,,none,30.0,125,3,monophasic
Modulated_autosave_20260717_151033_569ms,Trapezius (R),R_TR,3,66.71961874516796,74.71961874516796,99.07942811773773,,,none,30.0,125,3,monophasic
Modulated_autosave_20260717_151033_569ms,Trapezius (R),R_TR,4,100.07942811773773,108.07942811773773,132.4392374903075,,,none,30.0,125,3,monophasic
Modulated_autosave_20260717_151033_569ms,Trapezius (R),R_TR,5,133.4392374903075,141.4392374903075,165.79904686287728,,,none,30.0,125,3,monophasic
Modulated_autosave_20260717_151033_569ms,Trapezius (R),R_TR,6,166.79904686287728,174.79904686287728,199.15885623544705,,,none,30.0,125,3,monophasic
Modulated_autosave_20260717_151033_569ms,Trapezius (R),R_TR,7,200.15885623544705,208.15885623544705,232.51866560756207,,,none,30.0,125,3,monophasic
Modulated_autosave_20260717_151033_569ms,Trapezius (R),R_TR,8,233.51866560756207,241.51866560756207,265.87847498013184,,,none,30.0,125,3,monophasic
Modulated_autosave_20260717_151033_569ms,Trapezius (R),R_TR,9,266.87847498013184,274.87847498013184,299.2382843527016,,,none,30.0,125,3,monophasic
Modulated_autosave_20260717_151033_569ms,Trapezius (R),R_TR,10,300.2382843527016,308.2382843527016,332.5980937252714,,,none,30.0,125,3,monophasic
Modulated_autosave_20260717_151033_569ms,Trapezius (R),R_TR,1,0.7942811758425705,8.79428117584257,32.35980937256977,,,none,30.0,130,3,monophasic
Modulated_autosave_20260717_151033_569ms,Trapezius (R),R_TR,2,33.35980937256977,41.35980937256977,65.71961874516796,,,none,30.0,130,3,monophasic
Modulated_autosave_20260717_151033_569ms,Trapezius (R),R_TR,3,66.71961874516796,74.71961874516796,99.07942811773773,,,none,30.0,130,3,monophasic
Modulated_autosave_20260717_151033_569ms,Trapezius (R),R_TR,4,100.07942811773773,108.07942811773773,132.4392374903075,,,none,30.0,130,3,monophasic
Modulated_autosave_20260717_151033_569ms,Trapezius (R),R_TR,5,133.4392374903075,141.4392374903075,165.79904686287728,,,none,30.0,130,3,monophasic
Modulated_autosave_20260717_151033_569ms,Trapezius (R),R_TR,6,166.79904686287728,174.79904686287728,199.15885623544705,,,none,30.0,130,3,monophasic
Modulated_autosave_20260717_151033_569ms,Trapezius (R),R_TR,7,200.15885623544705,208.15885623544705,232.51866560756207,,,none,30.0,130,3,monophasic
Modulated_autosave_20260717_151033_569ms,Trapezius (R),R_TR,8,233.51866560756207,241.51866560756207,265.87847498013184,,,none,30.0,130,3,monophasic
Modulated_autosave_20260717_151033_569ms,Trapezius (R),R_TR,9,266.87847498013184,274.87847498013184,299.2382843527016,,,none,30.0,130,3,monophasic
Modulated_autosave_20260717_151033_569ms,Trapezius (R),R_TR,10,300.2382843527016,308.2382843527016,332.5980937252714,,,none,30.0,130,3,monophasic
Modulated_autosave_20260717_151033_569ms,Trapezius (R),R_TR,1,0.7942811758425705,8.79428117584257,32.35980937256977,,,none,30.0,135,3,monophasic
Modulated_autosave_20260717_151033_569ms,Trapezius (R),R_TR,2,33.35980937256977,41.35980937256977,65.71961874516796,,,none,30.0,135,3,monophasic
Modulated_autosave_20260717_151033_569ms,Trapezius (R),R_TR,3,66.71961874516796,74.71961874516796,99.07942811773773,,,none,30.0,135,3,monophasic
Modulated_autosave_20260717_151033_569ms,Trapezius (R),R_TR,4,100.07942811773773,108.07942811773773,132.4392374903075,,,none,30.0,135,3,monophasic
Modulated_autosave_20260717_151033_569ms,Trapezius (R),R_TR,5,133.4392374903075,141.4392374903075,165.79904686287728,,,none,30.0,135,3,monophasic
Modulated_autosave_20260717_151033_569ms,Trapezius (R),R_TR,6,166.79904686287728,174.79904686287728,199.15885623544705,,,none,30.0,135,3,monophasic
Modulated_autosave_20260717_151033_569ms,Trapezius (R),R_TR,7,200.15885623544705,208.15885623544705,232.51866560756207,,,none,30.0,135,3,monophasic
Modulated_autosave_20260717_151033_569ms,Trapezius (R),R_TR,8,233.51866560756207,241.51866560756207,265.87847498013184,,,none,30.0,135,3,monophasic
Modulated_autosave_20260717_151033_569ms,Trapezius (R),R_TR,9,266.87847498013184,274.87847498013184,299.2382843527016,,,none,30.0,135,3,monophasic
Modulated_autosave_20260717_151033_569ms,Trapezius (R),R_TR,10,300.2382843527016,308.2382843527016,332.5980937252714,,,none,30.0,135,3,monophasic
Modulated_autosave_20260717_151033_569ms,Trapezius (R),R_TR,1,0.7942811758425705,8.79428117584257,32.35980937256977,,,none,30.0,140,3,monophasic
Modulated_autosave_20260717_151033_569ms,Trapezius (R),R_TR,2,33.35980937256977,41.35980937256977,65.71961874516796,,,none,30.0,140,3,monophasic
Modulated_autosave_20260717_151033_569ms,Trapezius (R),R_TR,3,66.71961874516796,74.71961874516796,99.07942811773773,,,none,30.0,140,3,monophasic
Modulated_autosave_20260717_151033_569ms,Trapezius (R),R_TR,4,100.07942811773773,108.07942811773773,132.4392374903075,,,none,30.0,140,3,monophasic
Modulated_autosave_20260717_151033_569ms,Trapezius (R),R_TR,5,133.4392374903075,141.4392374903075,165.79904686287728,,,none,30.0,140,3,monophasic
Modulated_autosave_20260717_151033_569ms,Trapezius (R),R_TR,6,166.79904686287728,174.79904686287728,199.15885623544705,,,none,30.0,140,3,monophasic
Modulated_autosave_20260717_151033_569ms,Trapezius (R),R_TR,7,200.15885623544705,208.15885623544705,232.51866560756207,,,none,30.0,140,3,monophasic
Modulated_autosave_20260717_151033_569ms,Trapezius (R),R_TR,8,233.51866560756207,241.51866560756207,265.87847498013184,,,none,30.0,140,3,monophasic
Modulated_autosave_20260717_151033_569ms,Trapezius (R),R_TR,9,266.87847498013184,274.87847498013184,299.2382843527016,,,none,30.0,140,3,monophasic
Modulated_autosave_20260717_151033_569ms,Trapezius (R),R_TR,10,300.2382843527016,308.2382843527016,332.5980937252714,,,none,30.0,140,3,monophasic
Modulated_autosave_20260717_151033_569ms,Thenar (R),R_The_ED_FD_FCR A,1,0.7942811758425705,8.79428117584257,32.35980937256977,,,none,30.0,45,3,monophasic
Modulated_autosave_20260717_151033_569ms,Thenar (R),R_The_ED_FD_FCR A,2,33.35980937256977,41.35980937256977,65.71961874516796,,,none,30.0,45,3,monophasic
Modulated_autosave_20260717_151033_569ms,Thenar (R),R_The_ED_FD_FCR A,3,66.71961874516796,74.71961874516796,99.07942811773773,,,none,30.0,45,3,monophasic
Modulated_autosave_20260717_151033_569ms,Thenar (R),R_The_ED_FD_FCR A,4,100.07942811773773,108.07942811773773,132.4392374903075,,,none,30.0,45,3,monophasic
Modulated_autosave_20260717_151033_569ms,Thenar (R),R_The_ED_FD_FCR A,5,133.4392374903075,141.4392374903075,165.79904686287728,,,none,30.0,45,3,monophasic
Modulated_autosave_20260717_151033_569ms,Thenar (R),R_The_ED_FD_FCR A,6,166.79904686287728,174.79904686287728,199.15885623544705,,,none,30.0,45,3,monophasic
Modulated_autosave_20260717_151033_569ms,Thenar (R),R_The_ED_FD_FCR A,7,200.15885623544705,208.15885623544705,232.51866560756207,,,none,30.0,45,3,monophasic
Modulated_autosave_20260717_151033_569ms,Thenar (R),R_The_ED_FD_FCR A,8,233.51866560756207,241.51866560756207,265.87847498013184,,,none,30.0,45,3,monophasic
Modulated_autosave_20260717_151033_569ms,Thenar (R),R_The_ED_FD_FCR A,9,266.87847498013184,274.87847498013184,299.2382843527016,,,none,30.0,45,3,monophasic
Modulated_autosave_20260717_151033_569ms,Thenar (R),R_The_ED_FD_FCR A,10,300.2382843527016,308.2382843527016,332.5980937252714,,,none,30.0,45,3,monophasic
Modulated_autosave_20260717_151033_569ms,Thenar (R),R_The_ED_FD_FCR A,1,0.7942811758425705,8.79428117584257,32.35980937256977,,,none,30.0,50,3,monophasic
Modulated_autosave_20260717_151033_569ms,Thenar (R),R_The_ED_FD_FCR A,2,33.35980937256977,41.35980937256977,65.71961874516796,,,none,30.0,50,3,monophasic
Modulated_autosave_20260717_151033_569ms,Thenar (R),R_The_ED_FD_FCR A,3,66.71961874516796,74.71961874516796,99.07942811773773,,,none,30.0,50,3,monophasic
Modulated_autosave_20260717_151033_569ms,Thenar (R),R_The_ED_FD_FCR A,4,100.07942811773773,108.07942811773773,132.4392374903075,,,none,30.0,50,3,monophasic
Modulated_autosave_20260717_151033_569ms,Thenar (R),R_The_ED_FD_FCR A,5,133.4392374903075,141.4392374903075,165.79904686287728,,,none,30.0,50,3,monophasic
Modulated_autosave_20260717_151033_569ms,Thenar (R),R_The_ED_FD_FCR A,6,166.79904686287728,174.79904686287728,199.15885623544705,,,none,30.0,50,3,monophasic
Modulated_autosave_20260717_151033_569ms,Thenar (R),R_The_ED_FD_FCR A,7,200.15885623544705,208.15885623544705,232.51866560756207,,,none,30.0,50,3,monophasic
Modulated_autosave_20260717_151033_569ms,Thenar (R),R_The_ED_FD_FCR A,8,233.51866560756207,241.51866560756207,265.87847498013184,,,none,30.0,50,3,monophasic
Modulated_autosave_20260717_151033_569ms,Thenar (R),R_The_ED_FD_FCR A,9,266.87847498013184,274.87847498013184,299.2382843527016,,,none,30.0,50,3,monophasic
Modulated_autosave_20260717_151033_569ms,Thenar (R),R_The_ED_FD_FCR A,10,300.2382843527016,308.2382843527016,332.5980937252714,,,none,30.0,50,3,monophasic
Modulated_autosave_20260717_151033_569ms,Thenar (R),R_The_ED_FD_FCR A,1,0.7942811758425705,8.79428117584257,32.35980937256977,,,none,30.0,55,3,monophasic
Modulated_autosave_20260717_151033_569ms,Thenar (R),R_The_ED_FD_FCR A,2,33.35980937256977,41.35980937256977,65.71961874516796,,,none,30.0,55,3,monophasic
Modulated_autosave_20260717_151033_569ms,Thenar (R),R_The_ED_FD_FCR A,3,66.71961874516796,74.71961874516796,99.07942811773773,,,none,30.0,55,3,monophasic
Modulated_autosave_20260717_151033_569ms,Thenar (R),R_The_ED_FD_FCR A,4,100.07942811773773,108.07942811773773,132.4392374903075,,,none,30.0,55,3,monophasic
Modulated_autosave_20260717_151033_569ms,Thenar (R),R_The_ED_FD_FCR A,5,133.4392374903075,141.4392374903075,165.79904686287728,,,none,30.0,55,3,monophasic
Modulated_autosave_20260717_151033_569ms,Thenar (R),R_The_ED_FD_FCR A,6,166.79904686287728,174.79904686287728,199.15885623544705,,,none,30.0,55,3,monophasic
Modulated_autosave_20260717_151033_569ms,Thenar (R),R_The_ED_FD_FCR A,7,200.15885623544705,208.15885623544705,232.51866560756207,,,none,30.0,55,3,monophasic
Modulated_autosave_20260717_151033_569ms,Thenar (R),R_The_ED_FD_FCR A,8,233.51866560756207,241.51866560756207,265.87847498013184,,,none,30.0,55,3,monophasic
Modulated_autosave_20260717_151033_569ms,Thenar (R),R_The_ED_FD_FCR A,9,266.87847498013184,274.87847498013184,299.2382843527016,,,none,30.0,55,3,monophasic
Modulated_autosave_20260717_151033_569ms,Thenar (R),R_The_ED_FD_FCR A,10,300.2382843527016,308.2382843527016,332.5980937252714,,,none,30.0,55,3,monophasic
Modulated_autosave_20260717_151033_569ms,Thenar (R),R_The_ED_FD_FCR A,1,0.7942811758425705,8.79428117584257,32.35980937256977,,,none,30.0,60,3,monophasic
Modulated_autosave_20260717_151033_569ms,Thenar (R),R_The_ED_FD_FCR A,2,33.35980937256977,41.35980937256977,65.71961874516796,,,none,30.0,60,3,monophasic
Modulated_autosave_20260717_151033_569ms,Thenar (R),R_The_ED_FD_FCR A,3,66.71961874516796,74.71961874516796,99.07942811773773,,,none,30.0,60,3,monophasic
Modulated_autosave_20260717_151033_569ms,Thenar (R),R_The_ED_FD_FCR A,4,100.07942811773773,108.07942811773773,132.4392374903075,,,none,30.0,60,3,monophasic
Modulated_autosave_20260717_151033_569ms,Thenar (R),R_The_ED_FD_FCR A,5,133.4392374903075,141.4392374903075,165.79904686287728,,,none,30.0,60,3,monophasic
Modulated_autosave_20260717_151033_569ms,Thenar (R),R_The_ED_FD_FCR A,6,166.79904686287728,174.79904686287728,199.15885623544705,,,none,30.0,60,3,monophasic
Modulated_autosave_20260717_151033_569ms,Thenar (R),R_The_ED_FD_FCR A,7,200.15885623544705,208.15885623544705,232.51866560756207,,,none,30.0,60,3,monophasic
Modulated_autosave_20260717_151033_569ms,Thenar (R),R_The_ED_FD_FCR A,8,233.51866560756207,241.51866560756207,265.87847498013184,,,none,30.0,60,3,monophasic
Modulated_autosave_20260717_151033_569ms,Thenar (R),R_The_ED_FD_FCR A,9,266.87847498013184,274.87847498013184,299.2382843527016,,,none,30.0,60,3,monophasic
Modulated_autosave_20260717_151033_569ms,Thenar (R),R_The_ED_FD_FCR A,10,300.2382843527016,308.2382843527016,332.5980937252714,,,none,30.0,60,3,monophasic
Modulated_autosave_20260717_151033_569ms,Thenar (R),R_The_ED_FD_FCR A,1,0.7942811758425705,8.79428117584257,32.35980937256977,,,none,30.0,65,3,monophasic
Modulated_autosave_20260717_151033_569ms,Thenar (R),R_The_ED_FD_FCR A,2,33.35980937256977,41.35980937256977,65.71961874516796,,,none,30.0,65,3,monophasic
Modulated_autosave_20260717_151033_569ms,Thenar (R),R_The_ED_FD_FCR A,3,66.71961874516796,74.71961874516796,99.07942811773773,,,none,30.0,65,3,monophasic
Modulated_autosave_20260717_151033_569ms,Thenar (R),R_The_ED_FD_FCR A,4,100.07942811773773,108.07942811773773,132.4392374903075,,,none,30.0,65,3,monophasic
Modulated_autosave_20260717_151033_569ms,Thenar (R),R_The_ED_FD_FCR A,5,133.4392374903075,141.4392374903075,165.79904686287728,,,none,30.0,65,3,monophasic
Modulated_autosave_20260717_151033_569ms,Thenar (R),R_The_ED_FD_FCR A,6,166.79904686287728,174.79904686287728,199.15885623544705,,,none,30.0,65,3,monophasic
Modulated_autosave_20260717_151033_569ms,Thenar (R),R_The_ED_FD_FCR A,7,200.15885623544705,208.15885623544705,232.51866560756207,,,none,30.0,65,3,monophasic
Modulated_autosave_20260717_151033_569ms,Thenar (R),R_The_ED_FD_FCR A,8,233.51866560756207,241.51866560756207,265.87847498013184,,,none,30.0,65,3,monophasic
Modulated_autosave_20260717_151033_569ms,Thenar (R),R_The_ED_FD_FCR A,9,266.87847498013184,274.87847498013184,299.2382843527016,,,none,30.0,65,3,monophasic
Modulated_autosave_20260717_151033_569ms,Thenar (R),R_The_ED_FD_FCR A,10,300.2382843527016,308.2382843527016,332.5980937252714,,,none,30.0,65,3,monophasic
Modulated_autosave_20260717_151033_569ms,Thenar (R),R_The_ED_FD_FCR A,1,0.7942811758425705,8.79428117584257,32.35980937256977,0.03088425938040018,0.03088425938040018,none,30.0,70,3,monophasic
Modulated_autosave_20260717_151033_569ms,Thenar (R),R_The_ED_FD_FCR A,2,33.35980937256977,41.35980937256977,65.71961874516796,0.010070954449474812,0.010070954449474812,none,30.0,70,3,monophasic
Modulated_autosave_20260717_151033_569ms,Thenar (R),R_The_ED_FD_FCR A,3,66.71961874516796,74.71961874516796,99.07942811773773,0.005371175706386566,0.005371175706386566,none,30.0,70,3,monophasic
Modulated_autosave_20260717_151033_569ms,Thenar (R),R_The_ED_FD_FCR A,4,100.07942811773773,108.07942811773773,132.4392374903075,0.006378271384164691,0.006378271384164691,none,30.0,70,3,monophasic
Modulated_autosave_20260717_151033_569ms,Thenar (R),R_The_ED_FD_FCR A,5,133.4392374903075,141.4392374903075,165.79904686287728,0.006042572669684887,0.006042572669684887,none,30.0,70,3,monophasic
Modulated_autosave_20260717_151033_569ms,Thenar (R),R_The_ED_FD_FCR A,6,166.79904686287728,174.79904686287728,199.15885623544705,0.007049667648971081,0.007049667648971081,none,30.0,70,3,monophasic
Modulated_autosave_20260717_151033_569ms,Thenar (R),R_The_ED_FD_FCR A,7,200.15885623544705,208.15885623544705,232.51866560756207,0.03457694407552481,0.03457694407552481,none,30.0,70,3,monophasic
Modulated_autosave_20260717_151033_569ms,Thenar (R),R_The_ED_FD_FCR A,8,233.51866560756207,241.51866560756207,265.87847498013184,0.007049667648971081,0.007049667648971081,none,30.0,70,3,monophasic
Modulated_autosave_20260717_151033_569ms,Thenar (R),R_The_ED_FD_FCR A,9,266.87847498013184,274.87847498013184,299.2382843527016,0.007049667648971081,0.007049667648971081,none,30.0,70,3,monophasic
Modulated_autosave_20260717_151033_569ms,Thenar (R),R_The_ED_FD_FCR A,10,300.2382843527016,308.2382843527016,332.5980937252714,0.0073853665962815285,0.0073853665962815285,none,30.0,70,3,monophasic
Modulated_autosave_20260717_151033_569ms,Thenar (R),R_The_ED_FD_FCR A,1,0.7942811758425705,8.79428117584257,32.35980937256977,,,none,30.0,75,3,monophasic
Modulated_autosave_20260717_151033_569ms,Thenar (R),R_The_ED_FD_FCR A,2,33.35980937256977,41.35980937256977,65.71961874516796,,,none,30.0,75,3,monophasic
Modulated_autosave_20260717_151033_569ms,Thenar (R),R_The_ED_FD_FCR A,3,66.71961874516796,74.71961874516796,99.07942811773773,,,none,30.0,75,3,monophasic
Modulated_autosave_20260717_151033_569ms,Thenar (R),R_The_ED_FD_FCR A,4,100.07942811773773,108.07942811773773,132.4392374903075,,,none,30.0,75,3,monophasic
Modulated_autosave_20260717_151033_569ms,Thenar (R),R_The_ED_FD_FCR A,5,133.4392374903075,141.4392374903075,165.79904686287728,,,none,30.0,75,3,monophasic
Modulated_autosave_20260717_151033_569ms,Thenar (R),R_The_ED_FD_FCR A,6,166.79904686287728,174.79904686287728,199.15885623544705,,,none,30.0,75,3,monophasic
Modulated_autosave_20260717_151033_569ms,Thenar (R),R_The_ED_FD_FCR A,7,200.15885623544705,208.15885623544705,232.51866560756207,,,none,30.0,75,3,monophasic
Modulated_autosave_20260717_151033_569ms,Thenar (R),R_The_ED_FD_FCR A,8,233.51866560756207,241.51866560756207,265.87847498013184,,,none,30.0,75,3,monophasic
Modulated_autosave_20260717_151033_569ms,Thenar (R),R_The_ED_FD_FCR A,9,266.87847498013184,274.87847498013184,299.2382843527016,,,none,30.0,75,3,monophasic
Modulated_autosave_20260717_151033_569ms,Thenar (R),R_The_ED_FD_FCR A,10,300.2382843527016,308.2382843527016,332.5980937252714,,,none,30.0,75,3,monophasic
Modulated_autosave_20260717_151033_569ms,Thenar (R),R_The_ED_FD_FCR A,1,0.7942811758425705,8.79428117584257,32.35980937256977,,,none,30.0,80,3,monophasic
Modulated_autosave_20260717_151033_569ms,Thenar (R),R_The_ED_FD_FCR A,2,33.35980937256977,41.35980937256977,65.71961874516796,,,none,30.0,80,3,monophasic
Modulated_autosave_20260717_151033_569ms,Thenar (R),R_The_ED_FD_FCR A,3,66.71961874516796,74.71961874516796,99.07942811773773,,,none,30.0,80,3,monophasic
Modulated_autosave_20260717_151033_569ms,Thenar (R),R_The_ED_FD_FCR A,4,100.07942811773773,108.07942811773773,132.4392374903075,,,none,30.0,80,3,monophasic
Modulated_autosave_20260717_151033_569ms,Thenar (R),R_The_ED_FD_FCR A,5,133.4392374903075,141.4392374903075,165.79904686287728,,,none,30.0,80,3,monophasic
Modulated_autosave_20260717_151033_569ms,Thenar (R),R_The_ED_FD_FCR A,6,166.79904686287728,174.79904686287728,199.15885623544705,,,none,30.0,80,3,monophasic
Modulated_autosave_20260717_151033_569ms,Thenar (R),R_The_ED_FD_FCR A,7,200.15885623544705,208.15885623544705,232.51866560756207,,,none,30.0,80,3,monophasic
Modulated_autosave_20260717_151033_569ms,Thenar (R),R_The_ED_FD_FCR A,8,233.51866560756207,241.51866560756207,265.87847498013184,,,none,30.0,80,3,monophasic
Modulated_autosave_20260717_151033_569ms,Thenar (R),R_The_ED_FD_FCR A,9,266.87847498013184,274.87847498013184,299.2382843527016,,,none,30.0,80,3,monophasic
Modulated_autosave_20260717_151033_569ms,Thenar (R),R_The_ED_FD_FCR A,10,300.2382843527016,308.2382843527016,332.5980937252714,,,none,30.0,80,3,monophasic
Modulated_autosave_20260717_151033_569ms,Thenar (R),R_The_ED_FD_FCR A,1,0.7942811758425705,8.79428117584257,32.35980937256977,,,none,30.0,85,3,monophasic
Modulated_autosave_20260717_151033_569ms,Thenar (R),R_The_ED_FD_FCR A,2,33.35980937256977,41.35980937256977,65.71961874516796,,,none,30.0,85,3,monophasic
Modulated_autosave_20260717_151033_569ms,Thenar (R),R_The_ED_FD_FCR A,3,66.71961874516796,74.71961874516796,99.07942811773773,,,none,30.0,85,3,monophasic
Modulated_autosave_20260717_151033_569ms,Thenar (R),R_The_ED_FD_FCR A,4,100.07942811773773,108.07942811773773,132.4392374903075,,,none,30.0,85,3,monophasic
Modulated_autosave_20260717_151033_569ms,Thenar (R),R_The_ED_FD_FCR A,5,133.4392374903075,141.4392374903075,165.79904686287728,,,none,30.0,85,3,monophasic
Modulated_autosave_20260717_151033_569ms,Thenar (R),R_The_ED_FD_FCR A,6,166.79904686287728,174.79904686287728,199.15885623544705,,,none,30.0,85,3,monophasic
Modulated_autosave_20260717_151033_569ms,Thenar (R),R_The_ED_FD_FCR A,7,200.15885623544705,208.15885623544705,232.51866560756207,,,none,30.0,85,3,monophasic
Modulated_autosave_20260717_151033_569ms,Thenar (R),R_The_ED_FD_FCR A,8,233.51866560756207,241.51866560756207,265.87847498013184,,,none,30.0,85,3,monophasic
Modulated_autosave_20260717_151033_569ms,Thenar (R),R_The_ED_FD_FCR A,9,266.87847498013184,274.87847498013184,299.2382843527016,,,none,30.0,85,3,monophasic
Modulated_autosave_20260717_151033_569ms,Thenar (R),R_The_ED_FD_FCR A,10,300.2382843527016,308.2382843527016,332.5980937252714,,,none,30.0,85,3,monophasic
Modulated_autosave_20260717_151033_569ms,Thenar (R),R_The_ED_FD_FCR A,1,0.7942811758425705,8.79428117584257,32.35980937256977,,,none,30.0,90,3,monophasic
Modulated_autosave_20260717_151033_569ms,Thenar (R),R_The_ED_FD_FCR A,2,33.35980937256977,41.35980937256977,65.71961874516796,,,none,30.0,90,3,monophasic
Modulated_autosave_20260717_151033_569ms,Thenar (R),R_The_ED_FD_FCR A,3,66.71961874516796,74.71961874516796,99.07942811773773,,,none,30.0,90,3,monophasic
Modulated_autosave_20260717_151033_569ms,Thenar (R),R_The_ED_FD_FCR A,4,100.07942811773773,108.07942811773773,132.4392374903075,,,none,30.0,90,3,monophasic
Modulated_autosave_20260717_151033_569ms,Thenar (R),R_The_ED_FD_FCR A,5,133.4392374903075,141.4392374903075,165.79904686287728,,,none,30.0,90,3,monophasic
Modulated_autosave_20260717_151033_569ms,Thenar (R),R_The_ED_FD_FCR A,6,166.79904686287728,174.79904686287728,199.15885623544705,,,none,30.0,90,3,monophasic
Modulated_autosave_20260717_151033_569ms,Thenar (R),R_The_ED_FD_FCR A,7,200.15885623544705,208.15885623544705,232.51866560756207,,,none,30.0,90,3,monophasic
Modulated_autosave_20260717_151033_569ms,Thenar (R),R_The_ED_FD_FCR A,8,233.51866560756207,241.51866560756207,265.87847498013184,,,none,30.0,90,3,monophasic
Modulated_autosave_20260717_151033_569ms,Thenar (R),R_The_ED_FD_FCR A,9,266.87847498013184,274.87847498013184,299.2382843527016,,,none,30.0,90,3,monophasic
Modulated_autosave_20260717_151033_569ms,Thenar (R),R_The_ED_FD_FCR A,10,300.2382843527016,308.2382843527016,332.5980937252714,,,none,30.0,90,3,monophasic
Modulated_autosave_20260717_151033_569ms,Thenar (R),R_The_ED_FD_FCR A,1,0.7942811758425705,8.79428117584257,32.35980937256977,,,none,30.0,95,3,monophasic
Modulated_autosave_20260717_151033_569ms,Thenar (R),R_The_ED_FD_FCR A,2,33.35980937256977,41.35980937256977,65.71961874516796,,,none,30.0,95,3,monophasic
Modulated_autosave_20260717_151033_569ms,Thenar (R),R_The_ED_FD_FCR A,3,66.71961874516796,74.71961874516796,99.07942811773773,,,none,30.0,95,3,monophasic
Modulated_autosave_20260717_151033_569ms,Thenar (R),R_The_ED_FD_FCR A,4,100.07942811773773,108.07942811773773,132.4392374903075,,,none,30.0,95,3,monophasic
Modulated_autosave_20260717_151033_569ms,Thenar (R),R_The_ED_FD_FCR A,5,133.4392374903075,141.4392374903075,165.79904686287728,,,none,30.0,95,3,monophasic
Modulated_autosave_20260717_151033_569ms,Thenar (R),R_The_ED_FD_FCR A,6,166.79904686287728,174.79904686287728,199.15885623544705,,,none,30.0,95,3,monophasic
Modulated_autosave_20260717_151033_569ms,Thenar (R),R_The_ED_FD_FCR A,7,200.15885623544705,208.15885623544705,232.51866560756207,,,none,30.0,95,3,monophasic
Modulated_autosave_20260717_151033_569ms,Thenar (R),R_The_ED_FD_FCR A,8,233.51866560756207,241.51866560756207,265.87847498013184,,,none,30.0,95,3,monophasic
Modulated_autosave_20260717_151033_569ms,Thenar (R),R_The_ED_FD_FCR A,9,266.87847498013184,274.87847498013184,299.2382843527016,,,none,30.0,95,3,monophasic
Modulated_autosave_20260717_151033_569ms,Thenar (R),R_The_ED_FD_FCR A,10,300.2382843527016,308.2382843527016,332.5980937252714,,,none,30.0,95,3,monophasic
Modulated_autosave_20260717_151033_569ms,Thenar (R),R_The_ED_FD_FCR A,1,0.7942811758425705,8.79428117584257,32.35980937256977,,,none,30.0,100,3,monophasic
Modulated_autosave_20260717_151033_569ms,Thenar (R),R_The_ED_FD_FCR A,2,33.35980937256977,41.35980937256977,65.71961874516796,,,none,30.0,100,3,monophasic
Modulated_autosave_20260717_151033_569ms,Thenar (R),R_The_ED_FD_FCR A,3,66.71961874516796,74.71961874516796,99.07942811773773,,,none,30.0,100,3,monophasic
Modulated_autosave_20260717_151033_569ms,Thenar (R),R_The_ED_FD_FCR A,4,100.07942811773773,108.07942811773773,132.4392374903075,,,none,30.0,100,3,monophasic
Modulated_autosave_20260717_151033_569ms,Thenar (R),R_The_ED_FD_FCR A,5,133.4392374903075,141.4392374903075,165.79904686287728,,,none,30.0,100,3,monophasic
Modulated_autosave_20260717_151033_569ms,Thenar (R),R_The_ED_FD_FCR A,6,166.79904686287728,174.79904686287728,199.15885623544705,,,none,30.0,100,3,monophasic
Modulated_autosave_20260717_151033_569ms,Thenar (R),R_The_ED_FD_FCR A,7,200.15885623544705,208.15885623544705,232.51866560756207,,,none,30.0,100,3,monophasic
Modulated_autosave_20260717_151033_569ms,Thenar (R),R_The_ED_FD_FCR A,8,233.51866560756207,241.51866560756207,265.87847498013184,,,none,30.0,100,3,monophasic
Modulated_autosave_20260717_151033_569ms,Thenar (R),R_The_ED_FD_FCR A,9,266.87847498013184,274.87847498013184,299.2382843527016,,,none,30.0,100,3,monophasic
Modulated_autosave_20260717_151033_569ms,Thenar (R),R_The_ED_FD_FCR A,10,300.2382843527016,308.2382843527016,332.5980937252714,,,none,30.0,100,3,monophasic
Modulated_autosave_20260717_151033_569ms,Thenar (R),R_The_ED_FD_FCR A,1,0.7942811758425705,8.79428117584257,32.35980937256977,,,none,30.0,105,3,monophasic
Modulated_autosave_20260717_151033_569ms,Thenar (R),R_The_ED_FD_FCR A,2,33.35980937256977,41.35980937256977,65.71961874516796,,,none,30.0,105,3,monophasic
Modulated_autosave_20260717_151033_569ms,Thenar (R),R_The_ED_FD_FCR A,3,66.71961874516796,74.71961874516796,99.07942811773773,,,none,30.0,105,3,monophasic
Modulated_autosave_20260717_151033_569ms,Thenar (R),R_The_ED_FD_FCR A,4,100.07942811773773,108.07942811773773,132.4392374903075,,,none,30.0,105,3,monophasic
Modulated_autosave_20260717_151033_569ms,Thenar (R),R_The_ED_FD_FCR A,5,133.4392374903075,141.4392374903075,165.79904686287728,,,none,30.0,105,3,monophasic
Modulated_autosave_20260717_151033_569ms,Thenar (R),R_The_ED_FD_FCR A,6,166.79904686287728,174.79904686287728,199.15885623544705,,,none,30.0,105,3,monophasic
Modulated_autosave_20260717_151033_569ms,Thenar (R),R_The_ED_FD_FCR A,7,200.15885623544705,208.15885623544705,232.51866560756207,,,none,30.0,105,3,monophasic
Modulated_autosave_20260717_151033_569ms,Thenar (R),R_The_ED_FD_FCR A,8,233.51866560756207,241.51866560756207,265.87847498013184,,,none,30.0,105,3,monophasic
Modulated_autosave_20260717_151033_569ms,Thenar (R),R_The_ED_FD_FCR A,9,266.87847498013184,274.87847498013184,299.2382843527016,,,none,30.0,105,3,monophasic
Modulated_autosave_20260717_151033_569ms,Thenar (R),R_The_ED_FD_FCR A,10,300.2382843527016,308.2382843527016,332.5980937252714,,,none,30.0,105,3,monophasic
Modulated_autosave_20260717_151033_569ms,Thenar (R),R_The_ED_FD_FCR A,1,0.7942811758425705,8.79428117584257,32.35980937256977,,,none,30.0,110,3,monophasic
Modulated_autosave_20260717_151033_569ms,Thenar (R),R_The_ED_FD_FCR A,2,33.35980937256977,41.35980937256977,65.71961874516796,,,none,30.0,110,3,monophasic
Modulated_autosave_20260717_151033_569ms,Thenar (R),R_The_ED_FD_FCR A,3,66.71961874516796,74.71961874516796,99.07942811773773,,,none,30.0,110,3,monophasic
Modulated_autosave_20260717_151033_569ms,Thenar (R),R_The_ED_FD_FCR A,4,100.07942811773773,108.07942811773773,132.4392374903075,,,none,30.0,110,3,monophasic
Modulated_autosave_20260717_151033_569ms,Thenar (R),R_The_ED_FD_FCR A,5,133.4392374903075,141.4392374903075,165.79904686287728,,,none,30.0,110,3,monophasic
Modulated_autosave_20260717_151033_569ms,Thenar (R),R_The_ED_FD_FCR A,6,166.79904686287728,174.79904686287728,199.15885623544705,,,none,30.0,110,3,monophasic
Modulated_autosave_20260717_151033_569ms,Thenar (R),R_The_ED_FD_FCR A,7,200.15885623544705,208.15885623544705,232.51866560756207,,,none,30.0,110,3,monophasic
Modulated_autosave_20260717_151033_569ms,Thenar (R),R_The_ED_FD_FCR A,8,233.51866560756207,241.51866560756207,265.87847498013184,,,none,30.0,110,3,monophasic
Modulated_autosave_20260717_151033_569ms,Thenar (R),R_The_ED_FD_FCR A,9,266.87847498013184,274.87847498013184,299.2382843527016,,,none,30.0,110,3,monophasic
Modulated_autosave_20260717_151033_569ms,Thenar (R),R_The_ED_FD_FCR A,10,300.2382843527016,308.2382843527016,332.5980937252714,,,none,30.0,110,3,monophasic
Modulated_autosave_20260717_151033_569ms,Thenar (R),R_The_ED_FD_FCR A,1,0.7942811758425705,8.79428117584257,32.35980937256977,,,none,30.0,115,3,monophasic
Modulated_autosave_20260717_151033_569ms,Thenar (R),R_The_ED_FD_FCR A,2,33.35980937256977,41.35980937256977,65.71961874516796,,,none,30.0,115,3,monophasic
Modulated_autosave_20260717_151033_569ms,Thenar (R),R_The_ED_FD_FCR A,3,66.71961874516796,74.71961874516796,99.07942811773773,,,none,30.0,115,3,monophasic
Modulated_autosave_20260717_151033_569ms,Thenar (R),R_The_ED_FD_FCR A,4,100.07942811773773,108.07942811773773,132.4392374903075,,,none,30.0,115,3,monophasic
Modulated_autosave_20260717_151033_569ms,Thenar (R),R_The_ED_FD_FCR A,5,133.4392374903075,141.4392374903075,165.79904686287728,,,none,30.0,115,3,monophasic
Modulated_autosave_20260717_151033_569ms,Thenar (R),R_The_ED_FD_FCR A,6,166.79904686287728,174.79904686287728,199.15885623544705,,,none,30.0,115,3,monophasic
Modulated_autosave_20260717_151033_569ms,Thenar (R),R_The_ED_FD_FCR A,7,200.15885623544705,208.15885623544705,232.51866560756207,,,none,30.0,115,3,monophasic
Modulated_autosave_20260717_151033_569ms,Thenar (R),R_The_ED_FD_FCR A,8,233.51866560756207,241.51866560756207,265.87847498013184,,,none,30.0,115,3,monophasic
Modulated_autosave_20260717_151033_569ms,Thenar (R),R_The_ED_FD_FCR A,9,266.87847498013184,274.87847498013184,299.2382843527016,,,none,30.0,115,3,monophasic
Modulated_autosave_20260717_151033_569ms,Thenar (R),R_The_ED_FD_FCR A,10,300.2382843527016,308.2382843527016,332.5980937252714,,,none,30.0,115,3,monophasic
Modulated_autosave_20260717_151033_569ms,Thenar (R),R_The_ED_FD_FCR A,1,0.7942811758425705,8.79428117584257,32.35980937256977,,,none,30.0,120,3,monophasic
Modulated_autosave_20260717_151033_569ms,Thenar (R),R_The_ED_FD_FCR A,2,33.35980937256977,41.35980937256977,65.71961874516796,,,none,30.0,120,3,monophasic
Modulated_autosave_20260717_151033_569ms,Thenar (R),R_The_ED_FD_FCR A,3,66.71961874516796,74.71961874516796,99.07942811773773,,,none,30.0,120,3,monophasic
Modulated_autosave_20260717_151033_569ms,Thenar (R),R_The_ED_FD_FCR A,4,100.07942811773773,108.07942811773773,132.4392374903075,,,none,30.0,120,3,monophasic
Modulated_autosave_20260717_151033_569ms,Thenar (R),R_The_ED_FD_FCR A,5,133.4392374903075,141.4392374903075,165.79904686287728,,,none,30.0,120,3,monophasic
Modulated_autosave_20260717_151033_569ms,Thenar (R),R_The_ED_FD_FCR A,6,166.79904686287728,174.79904686287728,199.15885623544705,,,none,30.0,120,3,monophasic
Modulated_autosave_20260717_151033_569ms,Thenar (R),R_The_ED_FD_FCR A,7,200.15885623544705,208.15885623544705,232.51866560756207,,,none,30.0,120,3,monophasic
Modulated_autosave_20260717_151033_569ms,Thenar (R),R_The_ED_FD_FCR A,8,233.51866560756207,241.51866560756207,265.87847498013184,,,none,30.0,120,3,monophasic
Modulated_autosave_20260717_151033_569ms,Thenar (R),R_The_ED_FD_FCR A,9,266.87847498013184,274.87847498013184,299.2382843527016,,,none,30.0,120,3,monophasic
Modulated_autosave_20260717_151033_569ms,Thenar (R),R_The_ED_FD_FCR A,10,300.2382843527016,308.2382843527016,332.5980937252714,,,none,30.0,120,3,monophasic
Modulated_autosave_20260717_151033_569ms,Thenar (R),R_The_ED_FD_FCR A,1,0.7942811758425705,8.79428117584257,32.35980937256977,,,none,30.0,125,3,monophasic
Modulated_autosave_20260717_151033_569ms,Thenar (R),R_The_ED_FD_FCR A,2,33.35980937256977,41.35980937256977,65.71961874516796,,,none,30.0,125,3,monophasic
Modulated_autosave_20260717_151033_569ms,Thenar (R),R_The_ED_FD_FCR A,3,66.71961874516796,74.71961874516796,99.07942811773773,,,none,30.0,125,3,monophasic
Modulated_autosave_20260717_151033_569ms,Thenar (R),R_The_ED_FD_FCR A,4,100.07942811773773,108.07942811773773,132.4392374903075,,,none,30.0,125,3,monophasic
Modulated_autosave_20260717_151033_569ms,Thenar (R),R_The_ED_FD_FCR A,5,133.4392374903075,141.4392374903075,165.79904686287728,,,none,30.0,125,3,monophasic
Modulated_autosave_20260717_151033_569ms,Thenar (R),R_The_ED_FD_FCR A,6,166.79904686287728,174.79904686287728,199.15885623544705,,,none,30.0,125,3,monophasic
Modulated_autosave_20260717_151033_569ms,Thenar (R),R_The_ED_FD_FCR A,7,200.15885623544705,208.15885623544705,232.51866560756207,,,none,30.0,125,3,monophasic
Modulated_autosave_20260717_151033_569ms,Thenar (R),R_The_ED_FD_FCR A,8,233.51866560756207,241.51866560756207,265.87847498013184,,,none,30.0,125,3,monophasic
Modulated_autosave_20260717_151033_569ms,Thenar (R),R_The_ED_FD_FCR A,9,266.87847498013184,274.87847498013184,299.2382843527016,,,none,30.0,125,3,monophasic
Modulated_autosave_20260717_151033_569ms,Thenar (R),R_The_ED_FD_FCR A,10,300.2382843527016,308.2382843527016,332.5980937252714,,,none,30.0,125,3,monophasic
Modulated_autosave_20260717_151033_569ms,Thenar (R),R_The_ED_FD_FCR A,1,0.7942811758425705,8.79428117584257,32.35980937256977,,,none,30.0,130,3,monophasic
Modulated_autosave_20260717_151033_569ms,Thenar (R),R_The_ED_FD_FCR A,2,33.35980937256977,41.35980937256977,65.71961874516796,,,none,30.0,130,3,monophasic
Modulated_autosave_20260717_151033_569ms,Thenar (R),R_The_ED_FD_FCR A,3,66.71961874516796,74.71961874516796,99.07942811773773,,,none,30.0,130,3,monophasic
Modulated_autosave_20260717_151033_569ms,Thenar (R),R_The_ED_FD_FCR A,4,100.07942811773773,108.07942811773773,132.4392374903075,,,none,30.0,130,3,monophasic
Modulated_autosave_20260717_151033_569ms,Thenar (R),R_The_ED_FD_FCR A,5,133.4392374903075,141.4392374903075,165.79904686287728,,,none,30.0,130,3,monophasic
Modulated_autosave_20260717_151033_569ms,Thenar (R),R_The_ED_FD_FCR A,6,166.79904686287728,174.79904686287728,199.15885623544705,,,none,30.0,130,3,monophasic
Modulated_autosave_20260717_151033_569ms,Thenar (R),R_The_ED_FD_FCR A,7,200.15885623544705,208.15885623544705,232.51866560756207,,,none,30.0,130,3,monophasic
Modulated_autosave_20260717_151033_569ms,Thenar (R),R_The_ED_FD_FCR A,8,233.51866560756207,241.51866560756207,265.87847498013184,,,none,30.0,130,3,monophasic
Modulated_autosave_20260717_151033_569ms,Thenar (R),R_The_ED_FD_FCR A,9,266.87847498013184,274.87847498013184,299.2382843527016,,,none,30.0,130,3,monophasic
Modulated_autosave_20260717_151033_569ms,Thenar (R),R_The_ED_FD_FCR A,10,300.2382843527016,308.2382843527016,332.5980937252714,,,none,30.0,130,3,monophasic
Modulated_autosave_20260717_151033_569ms,Thenar (R),R_The_ED_FD_FCR A,1,0.7942811758425705,8.79428117584257,32.35980937256977,,,none,30.0,135,3,monophasic
Modulated_autosave_20260717_151033_569ms,Thenar (R),R_The_ED_FD_FCR A,2,33.35980937256977,41.35980937256977,65.71961874516796,,,none,30.0,135,3,monophasic
Modulated_autosave_20260717_151033_569ms,Thenar (R),R_The_ED_FD_FCR A,3,66.71961874516796,74.71961874516796,99.07942811773773,,,none,30.0,135,3,monophasic
Modulated_autosave_20260717_151033_569ms,Thenar (R),R_The_ED_FD_FCR A,4,100.07942811773773,108.07942811773773,132.4392374903075,,,none,30.0,135,3,monophasic
Modulated_autosave_20260717_151033_569ms,Thenar (R),R_The_ED_FD_FCR A,5,133.4392374903075,141.4392374903075,165.79904686287728,,,none,30.0,135,3,monophasic
Modulated_autosave_20260717_151033_569ms,Thenar (R),R_The_ED_FD_FCR A,6,166.79904686287728,174.79904686287728,199.15885623544705,,,none,30.0,135,3,monophasic
Modulated_autosave_20260717_151033_569ms,Thenar (R),R_The_ED_FD_FCR A,7,200.15885623544705,208.15885623544705,232.51866560756207,,,none,30.0,135,3,monophasic
Modulated_autosave_20260717_151033_569ms,Thenar (R),R_The_ED_FD_FCR A,8,233.51866560756207,241.51866560756207,265.87847498013184,,,none,30.0,135,3,monophasic
Modulated_autosave_20260717_151033_569ms,Thenar (R),R_The_ED_FD_FCR A,9,266.87847498013184,274.87847498013184,299.2382843527016,,,none,30.0,135,3,monophasic
Modulated_autosave_20260717_151033_569ms,Thenar (R),R_The_ED_FD_FCR A,10,300.2382843527016,308.2382843527016,332.5980937252714,,,none,30.0,135,3,monophasic
Modulated_autosave_20260717_151033_569ms,Thenar (R),R_The_ED_FD_FCR A,1,0.7942811758425705,8.79428117584257,32.35980937256977,,,none,30.0,140,3,monophasic
Modulated_autosave_20260717_151033_569ms,Thenar (R),R_The_ED_FD_FCR A,2,33.35980937256977,41.35980937256977,65.71961874516796,,,none,30.0,140,3,monophasic
Modulated_autosave_20260717_151033_569ms,Thenar (R),R_The_ED_FD_FCR A,3,66.71961874516796,74.71961874516796,99.07942811773773,,,none,30.0,140,3,monophasic
Modulated_autosave_20260717_151033_569ms,Thenar (R),R_The_ED_FD_FCR A,4,100.07942811773773,108.07942811773773,132.4392374903075,,,none,30.0,140,3,monophasic
Modulated_autosave_20260717_151033_569ms,Thenar (R),R_The_ED_FD_FCR A,5,133.4392374903075,141.4392374903075,165.79904686287728,,,none,30.0,140,3,monophasic
Modulated_autosave_20260717_151033_569ms,Thenar (R),R_The_ED_FD_FCR A,6,166.79904686287728,174.79904686287728,199.15885623544705,,,none,30.0,140,3,monophasic
Modulated_autosave_20260717_151033_569ms,Thenar (R),R_The_ED_FD_FCR A,7,200.15885623544705,208.15885623544705,232.51866560756207,,,none,30.0,140,3,monophasic
Modulated_autosave_20260717_151033_569ms,Thenar (R),R_The_ED_FD_FCR A,8,233.51866560756207,241.51866560756207,265.87847498013184,,,none,30.0,140,3,monophasic
Modulated_autosave_20260717_151033_569ms,Thenar (R),R_The_ED_FD_FCR A,9,266.87847498013184,274.87847498013184,299.2382843527016,,,none,30.0,140,3,monophasic
Modulated_autosave_20260717_151033_569ms,Thenar (R),R_The_ED_FD_FCR A,10,300.2382843527016,308.2382843527016,332.5980937252714,,,none,30.0,140,3,monophasic
Modulated_autosave_20260717_151033_569ms,Ext. digitorum (R),R_The_ED_FD_FCR B,1,0.7942811758425705,8.79428117584257,32.35980937256977,,,none,30.0,45,3,monophasic
Modulated_autosave_20260717_151033_569ms,Ext. digitorum (R),R_The_ED_FD_FCR B,2,33.35980937256977,41.35980937256977,65.71961874516796,,,none,30.0,45,3,monophasic
Modulated_autosave_20260717_151033_569ms,Ext. digitorum (R),R_The_ED_FD_FCR B,3,66.71961874516796,74.71961874516796,99.07942811773773,,,none,30.0,45,3,monophasic
Modulated_autosave_20260717_151033_569ms,Ext. digitorum (R),R_The_ED_FD_FCR B,4,100.07942811773773,108.07942811773773,132.4392374903075,,,none,30.0,45,3,monophasic
Modulated_autosave_20260717_151033_569ms,Ext. digitorum (R),R_The_ED_FD_FCR B,5,133.4392374903075,141.4392374903075,165.79904686287728,,,none,30.0,45,3,monophasic
Modulated_autosave_20260717_151033_569ms,Ext. digitorum (R),R_The_ED_FD_FCR B,6,166.79904686287728,174.79904686287728,199.15885623544705,,,none,30.0,45,3,monophasic
Modulated_autosave_20260717_151033_569ms,Ext. digitorum (R),R_The_ED_FD_FCR B,7,200.15885623544705,208.15885623544705,232.51866560756207,,,none,30.0,45,3,monophasic
Modulated_autosave_20260717_151033_569ms,Ext. digitorum (R),R_The_ED_FD_FCR B,8,233.51866560756207,241.51866560756207,265.87847498013184,,,none,30.0,45,3,monophasic
Modulated_autosave_20260717_151033_569ms,Ext. digitorum (R),R_The_ED_FD_FCR B,9,266.87847498013184,274.87847498013184,299.2382843527016,,,none,30.0,45,3,monophasic
Modulated_autosave_20260717_151033_569ms,Ext. digitorum (R),R_The_ED_FD_FCR B,10,300.2382843527016,308.2382843527016,332.5980937252714,,,none,30.0,45,3,monophasic
Modulated_autosave_20260717_151033_569ms,Ext. digitorum (R),R_The_ED_FD_FCR B,1,0.7942811758425705,8.79428117584257,32.35980937256977,,,none,30.0,50,3,monophasic
Modulated_autosave_20260717_151033_569ms,Ext. digitorum (R),R_The_ED_FD_FCR B,2,33.35980937256977,41.35980937256977,65.71961874516796,,,none,30.0,50,3,monophasic
Modulated_autosave_20260717_151033_569ms,Ext. digitorum (R),R_The_ED_FD_FCR B,3,66.71961874516796,74.71961874516796,99.07942811773773,,,none,30.0,50,3,monophasic
Modulated_autosave_20260717_151033_569ms,Ext. digitorum (R),R_The_ED_FD_FCR B,4,100.07942811773773,108.07942811773773,132.4392374903075,,,none,30.0,50,3,monophasic
Modulated_autosave_20260717_151033_569ms,Ext. digitorum (R),R_The_ED_FD_FCR B,5,133.4392374903075,141.4392374903075,165.79904686287728,,,none,30.0,50,3,monophasic
Modulated_autosave_20260717_151033_569ms,Ext. digitorum (R),R_The_ED_FD_FCR B,6,166.79904686287728,174.79904686287728,199.15885623544705,,,none,30.0,50,3,monophasic
Modulated_autosave_20260717_151033_569ms,Ext. digitorum (R),R_The_ED_FD_FCR B,7,200.15885623544705,208.15885623544705,232.51866560756207,,,none,30.0,50,3,monophasic
Modulated_autosave_20260717_151033_569ms,Ext. digitorum (R),R_The_ED_FD_FCR B,8,233.51866560756207,241.51866560756207,265.87847498013184,,,none,30.0,50,3,monophasic
Modulated_autosave_20260717_151033_569ms,Ext. digitorum (R),R_The_ED_FD_FCR B,9,266.87847498013184,274.87847498013184,299.2382843527016,,,none,30.0,50,3,monophasic
Modulated_autosave_20260717_151033_569ms,Ext. digitorum (R),R_The_ED_FD_FCR B,10,300.2382843527016,308.2382843527016,332.5980937252714,,,none,30.0,50,3,monophasic
Modulated_autosave_20260717_151033_569ms,Ext. digitorum (R),R_The_ED_FD_FCR B,1,0.7942811758425705,8.79428117584257,32.35980937256977,,,none,30.0,55,3,monophasic
Modulated_autosave_20260717_151033_569ms,Ext. digitorum (R),R_The_ED_FD_FCR B,2,33.35980937256977,41.35980937256977,65.71961874516796,,,none,30.0,55,3,monophasic
Modulated_autosave_20260717_151033_569ms,Ext. digitorum (R),R_The_ED_FD_FCR B,3,66.71961874516796,74.71961874516796,99.07942811773773,,,none,30.0,55,3,monophasic
Modulated_autosave_20260717_151033_569ms,Ext. digitorum (R),R_The_ED_FD_FCR B,4,100.07942811773773,108.07942811773773,132.4392374903075,,,none,30.0,55,3,monophasic
Modulated_autosave_20260717_151033_569ms,Ext. digitorum (R),R_The_ED_FD_FCR B,5,133.4392374903075,141.4392374903075,165.79904686287728,,,none,30.0,55,3,monophasic
Modulated_autosave_20260717_151033_569ms,Ext. digitorum (R),R_The_ED_FD_FCR B,6,166.79904686287728,174.79904686287728,199.15885623544705,,,none,30.0,55,3,monophasic
Modulated_autosave_20260717_151033_569ms,Ext. digitorum (R),R_The_ED_FD_FCR B,7,200.15885623544705,208.15885623544705,232.51866560756207,,,none,30.0,55,3,monophasic
Modulated_autosave_20260717_151033_569ms,Ext. digitorum (R),R_The_ED_FD_FCR B,8,233.51866560756207,241.51866560756207,265.87847498013184,,,none,30.0,55,3,monophasic
Modulated_autosave_20260717_151033_569ms,Ext. digitorum (R),R_The_ED_FD_FCR B,9,266.87847498013184,274.87847498013184,299.2382843527016,,,none,30.0,55,3,monophasic
Modulated_autosave_20260717_151033_569ms,Ext. digitorum (R),R_The_ED_FD_FCR B,10,300.2382843527016,308.2382843527016,332.5980937252714,,,none,30.0,55,3,monophasic
Modulated_autosave_20260717_151033_569ms,Ext. digitorum (R),R_The_ED_FD_FCR B,1,0.7942811758425705,8.79428117584257,32.35980937256977,,,none,30.0,60,3,monophasic
Modulated_autosave_20260717_151033_569ms,Ext. digitorum (R),R_The_ED_FD_FCR B,2,33.35980937256977,41.35980937256977,65.71961874516796,,,none,30.0,60,3,monophasic
Modulated_autosave_20260717_151033_569ms,Ext. digitorum (R),R_The_ED_FD_FCR B,3,66.71961874516796,74.71961874516796,99.07942811773773,,,none,30.0,60,3,monophasic
Modulated_autosave_20260717_151033_569ms,Ext. digitorum (R),R_The_ED_FD_FCR B,4,100.07942811773773,108.07942811773773,132.4392374903075,,,none,30.0,60,3,monophasic
Modulated_autosave_20260717_151033_569ms,Ext. digitorum (R),R_The_ED_FD_FCR B,5,133.4392374903075,141.4392374903075,165.79904686287728,,,none,30.0,60,3,monophasic
Modulated_autosave_20260717_151033_569ms,Ext. digitorum (R),R_The_ED_FD_FCR B,6,166.79904686287728,174.79904686287728,199.15885623544705,,,none,30.0,60,3,monophasic
Modulated_autosave_20260717_151033_569ms,Ext. digitorum (R),R_The_ED_FD_FCR B,7,200.15885623544705,208.15885623544705,232.51866560756207,,,none,30.0,60,3,monophasic
Modulated_autosave_20260717_151033_569ms,Ext. digitorum (R),R_The_ED_FD_FCR B,8,233.51866560756207,241.51866560756207,265.87847498013184,,,none,30.0,60,3,monophasic
Modulated_autosave_20260717_151033_569ms,Ext. digitorum (R),R_The_ED_FD_FCR B,9,266.87847498013184,274.87847498013184,299.2382843527016,,,none,30.0,60,3,monophasic
Modulated_autosave_20260717_151033_569ms,Ext. digitorum (R),R_The_ED_FD_FCR B,10,300.2382843527016,308.2382843527016,332.5980937252714,,,none,30.0,60,3,monophasic
Modulated_autosave_20260717_151033_569ms,Ext. digitorum (R),R_The_ED_FD_FCR B,1,0.7942811758425705,8.79428117584257,32.35980937256977,,,none,30.0,65,3,monophasic
Modulated_autosave_20260717_151033_569ms,Ext. digitorum (R),R_The_ED_FD_FCR B,2,33.35980937256977,41.35980937256977,65.71961874516796,,,none,30.0,65,3,monophasic
Modulated_autosave_20260717_151033_569ms,Ext. digitorum (R),R_The_ED_FD_FCR B,3,66.71961874516796,74.71961874516796,99.07942811773773,,,none,30.0,65,3,monophasic
Modulated_autosave_20260717_151033_569ms,Ext. digitorum (R),R_The_ED_FD_FCR B,4,100.07942811773773,108.07942811773773,132.4392374903075,,,none,30.0,65,3,monophasic
Modulated_autosave_20260717_151033_569ms,Ext. digitorum (R),R_The_ED_FD_FCR B,5,133.4392374903075,141.4392374903075,165.79904686287728,,,none,30.0,65,3,monophasic
Modulated_autosave_20260717_151033_569ms,Ext. digitorum (R),R_The_ED_FD_FCR B,6,166.79904686287728,174.79904686287728,199.15885623544705,,,none,30.0,65,3,monophasic
Modulated_autosave_20260717_151033_569ms,Ext. digitorum (R),R_The_ED_FD_FCR B,7,200.15885623544705,208.15885623544705,232.51866560756207,,,none,30.0,65,3,monophasic
Modulated_autosave_20260717_151033_569ms,Ext. digitorum (R),R_The_ED_FD_FCR B,8,233.51866560756207,241.51866560756207,265.87847498013184,,,none,30.0,65,3,monophasic
Modulated_autosave_20260717_151033_569ms,Ext. digitorum (R),R_The_ED_FD_FCR B,9,266.87847498013184,274.87847498013184,299.2382843527016,,,none,30.0,65,3,monophasic
Modulated_autosave_20260717_151033_569ms,Ext. digitorum (R),R_The_ED_FD_FCR B,10,300.2382843527016,308.2382843527016,332.5980937252714,,,none,30.0,65,3,monophasic
Modulated_autosave_20260717_151033_569ms,Ext. digitorum (R),R_The_ED_FD_FCR B,1,0.7942811758425705,8.79428117584257,32.35980937256977,,,none,30.0,70,3,monophasic
Modulated_autosave_20260717_151033_569ms,Ext. digitorum (R),R_The_ED_FD_FCR B,2,33.35980937256977,41.35980937256977,65.71961874516796,,,none,30.0,70,3,monophasic
Modulated_autosave_20260717_151033_569ms,Ext. digitorum (R),R_The_ED_FD_FCR B,3,66.71961874516796,74.71961874516796,99.07942811773773,,,none,30.0,70,3,monophasic
Modulated_autosave_20260717_151033_569ms,Ext. digitorum (R),R_The_ED_FD_FCR B,4,100.07942811773773,108.07942811773773,132.4392374903075,,,none,30.0,70,3,monophasic
Modulated_autosave_20260717_151033_569ms,Ext. digitorum (R),R_The_ED_FD_FCR B,5,133.4392374903075,141.4392374903075,165.79904686287728,,,none,30.0,70,3,monophasic
Modulated_autosave_20260717_151033_569ms,Ext. digitorum (R),R_The_ED_FD_FCR B,6,166.79904686287728,174.79904686287728,199.15885623544705,,,none,30.0,70,3,monophasic
Modulated_autosave_20260717_151033_569ms,Ext. digitorum (R),R_The_ED_FD_FCR B,7,200.15885623544705,208.15885623544705,232.51866560756207,,,none,30.0,70,3,monophasic
Modulated_autosave_20260717_151033_569ms,Ext. digitorum (R),R_The_ED_FD_FCR B,8,233.51866560756207,241.51866560756207,265.87847498013184,,,none,30.0,70,3,monophasic
Modulated_autosave_20260717_151033_569ms,Ext. digitorum (R),R_The_ED_FD_FCR B,9,266.87847498013184,274.87847498013184,299.2382843527016,,,none,30.0,70,3,monophasic
Modulated_autosave_20260717_151033_569ms,Ext. digitorum (R),R_The_ED_FD_FCR B,10,300.2382843527016,308.2382843527016,332.5980937252714,,,none,30.0,70,3,monophasic
Modulated_autosave_20260717_151033_569ms,Ext. digitorum (R),R_The_ED_FD_FCR B,1,0.7942811758425705,8.79428117584257,32.35980937256977,,,none,30.0,75,3,monophasic
Modulated_autosave_20260717_151033_569ms,Ext. digitorum (R),R_The_ED_FD_FCR B,2,33.35980937256977,41.35980937256977,65.71961874516796,,,none,30.0,75,3,monophasic
Modulated_autosave_20260717_151033_569ms,Ext. digitorum (R),R_The_ED_FD_FCR B,3,66.71961874516796,74.71961874516796,99.07942811773773,,,none,30.0,75,3,monophasic
Modulated_autosave_20260717_151033_569ms,Ext. digitorum (R),R_The_ED_FD_FCR B,4,100.07942811773773,108.07942811773773,132.4392374903075,,,none,30.0,75,3,monophasic
Modulated_autosave_20260717_151033_569ms,Ext. digitorum (R),R_The_ED_FD_FCR B,5,133.4392374903075,141.4392374903075,165.79904686287728,,,none,30.0,75,3,monophasic
Modulated_autosave_20260717_151033_569ms,Ext. digitorum (R),R_The_ED_FD_FCR B,6,166.79904686287728,174.79904686287728,199.15885623544705,,,none,30.0,75,3,monophasic
Modulated_autosave_20260717_151033_569ms,Ext. digitorum (R),R_The_ED_FD_FCR B,7,200.15885623544705,208.15885623544705,232.51866560756207,,,none,30.0,75,3,monophasic
Modulated_autosave_20260717_151033_569ms,Ext. digitorum (R),R_The_ED_FD_FCR B,8,233.51866560756207,241.51866560756207,265.87847498013184,,,none,30.0,75,3,monophasic
Modulated_autosave_20260717_151033_569ms,Ext. digitorum (R),R_The_ED_FD_FCR B,9,266.87847498013184,274.87847498013184,299.2382843527016,,,none,30.0,75,3,monophasic
Modulated_autosave_20260717_151033_569ms,Ext. digitorum (R),R_The_ED_FD_FCR B,10,300.2382843527016,308.2382843527016,332.5980937252714,,,none,30.0,75,3,monophasic
Modulated_autosave_20260717_151033_569ms,Ext. digitorum (R),R_The_ED_FD_FCR B,1,0.7942811758425705,8.79428117584257,32.35980937256977,,,none,30.0,80,3,monophasic
Modulated_autosave_20260717_151033_569ms,Ext. digitorum (R),R_The_ED_FD_FCR B,2,33.35980937256977,41.35980937256977,65.71961874516796,,,none,30.0,80,3,monophasic
Modulated_autosave_20260717_151033_569ms,Ext. digitorum (R),R_The_ED_FD_FCR B,3,66.71961874516796,74.71961874516796,99.07942811773773,,,none,30.0,80,3,monophasic
Modulated_autosave_20260717_151033_569ms,Ext. digitorum (R),R_The_ED_FD_FCR B,4,100.07942811773773,108.07942811773773,132.4392374903075,,,none,30.0,80,3,monophasic
Modulated_autosave_20260717_151033_569ms,Ext. digitorum (R),R_The_ED_FD_FCR B,5,133.4392374903075,141.4392374903075,165.79904686287728,,,none,30.0,80,3,monophasic
Modulated_autosave_20260717_151033_569ms,Ext. digitorum (R),R_The_ED_FD_FCR B,6,166.79904686287728,174.79904686287728,199.15885623544705,,,none,30.0,80,3,monophasic
Modulated_autosave_20260717_151033_569ms,Ext. digitorum (R),R_The_ED_FD_FCR B,7,200.15885623544705,208.15885623544705,232.51866560756207,,,none,30.0,80,3,monophasic
Modulated_autosave_20260717_151033_569ms,Ext. digitorum (R),R_The_ED_FD_FCR B,8,233.51866560756207,241.51866560756207,265.87847498013184,,,none,30.0,80,3,monophasic
Modulated_autosave_20260717_151033_569ms,Ext. digitorum (R),R_The_ED_FD_FCR B,9,266.87847498013184,274.87847498013184,299.2382843527016,,,none,30.0,80,3,monophasic
Modulated_autosave_20260717_151033_569ms,Ext. digitorum (R),R_The_ED_FD_FCR B,10,300.2382843527016,308.2382843527016,332.5980937252714,,,none,30.0,80,3,monophasic
Modulated_autosave_20260717_151033_569ms,Ext. digitorum (R),R_The_ED_FD_FCR B,1,0.7942811758425705,8.79428117584257,32.35980937256977,,,none,30.0,85,3,monophasic
Modulated_autosave_20260717_151033_569ms,Ext. digitorum (R),R_The_ED_FD_FCR B,2,33.35980937256977,41.35980937256977,65.71961874516796,,,none,30.0,85,3,monophasic
Modulated_autosave_20260717_151033_569ms,Ext. digitorum (R),R_The_ED_FD_FCR B,3,66.71961874516796,74.71961874516796,99.07942811773773,,,none,30.0,85,3,monophasic
Modulated_autosave_20260717_151033_569ms,Ext. digitorum (R),R_The_ED_FD_FCR B,4,100.07942811773773,108.07942811773773,132.4392374903075,,,none,30.0,85,3,monophasic
Modulated_autosave_20260717_151033_569ms,Ext. digitorum (R),R_The_ED_FD_FCR B,5,133.4392374903075,141.4392374903075,165.79904686287728,,,none,30.0,85,3,monophasic
Modulated_autosave_20260717_151033_569ms,Ext. digitorum (R),R_The_ED_FD_FCR B,6,166.79904686287728,174.79904686287728,199.15885623544705,,,none,30.0,85,3,monophasic
Modulated_autosave_20260717_151033_569ms,Ext. digitorum (R),R_The_ED_FD_FCR B,7,200.15885623544705,208.15885623544705,232.51866560756207,,,none,30.0,85,3,monophasic
Modulated_autosave_20260717_151033_569ms,Ext. digitorum (R),R_The_ED_FD_FCR B,8,233.51866560756207,241.51866560756207,265.87847498013184,,,none,30.0,85,3,monophasic
Modulated_autosave_20260717_151033_569ms,Ext. digitorum (R),R_The_ED_FD_FCR B,9,266.87847498013184,274.87847498013184,299.2382843527016,,,none,30.0,85,3,monophasic
Modulated_autosave_20260717_151033_569ms,Ext. digitorum (R),R_The_ED_FD_FCR B,10,300.2382843527016,308.2382843527016,332.5980937252714,,,none,30.0,85,3,monophasic
Modulated_autosave_20260717_151033_569ms,Ext. digitorum (R),R_The_ED_FD_FCR B,1,0.7942811758425705,8.79428117584257,32.35980937256977,,,none,30.0,90,3,monophasic
Modulated_autosave_20260717_151033_569ms,Ext. digitorum (R),R_The_ED_FD_FCR B,2,33.35980937256977,41.35980937256977,65.71961874516796,,,none,30.0,90,3,monophasic
Modulated_autosave_20260717_151033_569ms,Ext. digitorum (R),R_The_ED_FD_FCR B,3,66.71961874516796,74.71961874516796,99.07942811773773,,,none,30.0,90,3,monophasic
Modulated_autosave_20260717_151033_569ms,Ext. digitorum (R),R_The_ED_FD_FCR B,4,100.07942811773773,108.07942811773773,132.4392374903075,,,none,30.0,90,3,monophasic
Modulated_autosave_20260717_151033_569ms,Ext. digitorum (R),R_The_ED_FD_FCR B,5,133.4392374903075,141.4392374903075,165.79904686287728,,,none,30.0,90,3,monophasic
Modulated_autosave_20260717_151033_569ms,Ext. digitorum (R),R_The_ED_FD_FCR B,6,166.79904686287728,174.79904686287728,199.15885623544705,,,none,30.0,90,3,monophasic
Modulated_autosave_20260717_151033_569ms,Ext. digitorum (R),R_The_ED_FD_FCR B,7,200.15885623544705,208.15885623544705,232.51866560756207,,,none,30.0,90,3,monophasic
Modulated_autosave_20260717_151033_569ms,Ext. digitorum (R),R_The_ED_FD_FCR B,8,233.51866560756207,241.51866560756207,265.87847498013184,,,none,30.0,90,3,monophasic
Modulated_autosave_20260717_151033_569ms,Ext. digitorum (R),R_The_ED_FD_FCR B,9,266.87847498013184,274.87847498013184,299.2382843527016,,,none,30.0,90,3,monophasic
Modulated_autosave_20260717_151033_569ms,Ext. digitorum (R),R_The_ED_FD_FCR B,10,300.2382843527016,308.2382843527016,332.5980937252714,,,none,30.0,90,3,monophasic
Modulated_autosave_20260717_151033_569ms,Ext. digitorum (R),R_The_ED_FD_FCR B,1,0.7942811758425705,8.79428117584257,32.35980937256977,,,none,30.0,95,3,monophasic
Modulated_autosave_20260717_151033_569ms,Ext. digitorum (R),R_The_ED_FD_FCR B,2,33.35980937256977,41.35980937256977,65.71961874516796,,,none,30.0,95,3,monophasic
Modulated_autosave_20260717_151033_569ms,Ext. digitorum (R),R_The_ED_FD_FCR B,3,66.71961874516796,74.71961874516796,99.07942811773773,,,none,30.0,95,3,monophasic
Modulated_autosave_20260717_151033_569ms,Ext. digitorum (R),R_The_ED_FD_FCR B,4,100.07942811773773,108.07942811773773,132.4392374903075,,,none,30.0,95,3,monophasic
Modulated_autosave_20260717_151033_569ms,Ext. digitorum (R),R_The_ED_FD_FCR B,5,133.4392374903075,141.4392374903075,165.79904686287728,,,none,30.0,95,3,monophasic
Modulated_autosave_20260717_151033_569ms,Ext. digitorum (R),R_The_ED_FD_FCR B,6,166.79904686287728,174.79904686287728,199.15885623544705,,,none,30.0,95,3,monophasic
Modulated_autosave_20260717_151033_569ms,Ext. digitorum (R),R_The_ED_FD_FCR B,7,200.15885623544705,208.15885623544705,232.51866560756207,,,none,30.0,95,3,monophasic
Modulated_autosave_20260717_151033_569ms,Ext. digitorum (R),R_The_ED_FD_FCR B,8,233.51866560756207,241.51866560756207,265.87847498013184,,,none,30.0,95,3,monophasic
Modulated_autosave_20260717_151033_569ms,Ext. digitorum (R),R_The_ED_FD_FCR B,9,266.87847498013184,274.87847498013184,299.2382843527016,,,none,30.0,95,3,monophasic
Modulated_autosave_20260717_151033_569ms,Ext. digitorum (R),R_The_ED_FD_FCR B,10,300.2382843527016,308.2382843527016,332.5980937252714,,,none,30.0,95,3,monophasic
Modulated_autosave_20260717_151033_569ms,Ext. digitorum (R),R_The_ED_FD_FCR B,1,0.7942811758425705,8.79428117584257,32.35980937256977,,,none,30.0,100,3,monophasic
Modulated_autosave_20260717_151033_569ms,Ext. digitorum (R),R_The_ED_FD_FCR B,2,33.35980937256977,41.35980937256977,65.71961874516796,,,none,30.0,100,3,monophasic
Modulated_autosave_20260717_151033_569ms,Ext. digitorum (R),R_The_ED_FD_FCR B,3,66.71961874516796,74.71961874516796,99.07942811773773,,,none,30.0,100,3,monophasic
Modulated_autosave_20260717_151033_569ms,Ext. digitorum (R),R_The_ED_FD_FCR B,4,100.07942811773773,108.07942811773773,132.4392374903075,,,none,30.0,100,3,monophasic
Modulated_autosave_20260717_151033_569ms,Ext. digitorum (R),R_The_ED_FD_FCR B,5,133.4392374903075,141.4392374903075,165.79904686287728,,,none,30.0,100,3,monophasic
Modulated_autosave_20260717_151033_569ms,Ext. digitorum (R),R_The_ED_FD_FCR B,6,166.79904686287728,174.79904686287728,199.15885623544705,,,none,30.0,100,3,monophasic
Modulated_autosave_20260717_151033_569ms,Ext. digitorum (R),R_The_ED_FD_FCR B,7,200.15885623544705,208.15885623544705,232.51866560756207,,,none,30.0,100,3,monophasic
Modulated_autosave_20260717_151033_569ms,Ext. digitorum (R),R_The_ED_FD_FCR B,8,233.51866560756207,241.51866560756207,265.87847498013184,,,none,30.0,100,3,monophasic
Modulated_autosave_20260717_151033_569ms,Ext. digitorum (R),R_The_ED_FD_FCR B,9,266.87847498013184,274.87847498013184,299.2382843527016,,,none,30.0,100,3,monophasic
Modulated_autosave_20260717_151033_569ms,Ext. digitorum (R),R_The_ED_FD_FCR B,10,300.2382843527016,308.2382843527016,332.5980937252714,,,none,30.0,100,3,monophasic
Modulated_autosave_20260717_151033_569ms,Ext. digitorum (R),R_The_ED_FD_FCR B,1,0.7942811758425705,8.79428117584257,32.35980937256977,,,none,30.0,105,3,monophasic
Modulated_autosave_20260717_151033_569ms,Ext. digitorum (R),R_The_ED_FD_FCR B,2,33.35980937256977,41.35980937256977,65.71961874516796,,,none,30.0,105,3,monophasic
Modulated_autosave_20260717_151033_569ms,Ext. digitorum (R),R_The_ED_FD_FCR B,3,66.71961874516796,74.71961874516796,99.07942811773773,,,none,30.0,105,3,monophasic
Modulated_autosave_20260717_151033_569ms,Ext. digitorum (R),R_The_ED_FD_FCR B,4,100.07942811773773,108.07942811773773,132.4392374903075,,,none,30.0,105,3,monophasic
Modulated_autosave_20260717_151033_569ms,Ext. digitorum (R),R_The_ED_FD_FCR B,5,133.4392374903075,141.4392374903075,165.79904686287728,,,none,30.0,105,3,monophasic
Modulated_autosave_20260717_151033_569ms,Ext. digitorum (R),R_The_ED_FD_FCR B,6,166.79904686287728,174.79904686287728,199.15885623544705,,,none,30.0,105,3,monophasic
Modulated_autosave_20260717_151033_569ms,Ext. digitorum (R),R_The_ED_FD_FCR B,7,200.15885623544705,208.15885623544705,232.51866560756207,,,none,30.0,105,3,monophasic
Modulated_autosave_20260717_151033_569ms,Ext. digitorum (R),R_The_ED_FD_FCR B,8,233.51866560756207,241.51866560756207,265.87847498013184,,,none,30.0,105,3,monophasic
Modulated_autosave_20260717_151033_569ms,Ext. digitorum (R),R_The_ED_FD_FCR B,9,266.87847498013184,274.87847498013184,299.2382843527016,,,none,30.0,105,3,monophasic
Modulated_autosave_20260717_151033_569ms,Ext. digitorum (R),R_The_ED_FD_FCR B,10,300.2382843527016,308.2382843527016,332.5980937252714,,,none,30.0,105,3,monophasic
Modulated_autosave_20260717_151033_569ms,Ext. digitorum (R),R_The_ED_FD_FCR B,1,0.7942811758425705,8.79428117584257,32.35980937256977,,,none,30.0,110,3,monophasic
Modulated_autosave_20260717_151033_569ms,Ext. digitorum (R),R_The_ED_FD_FCR B,2,33.35980937256977,41.35980937256977,65.71961874516796,,,none,30.0,110,3,monophasic
Modulated_autosave_20260717_151033_569ms,Ext. digitorum (R),R_The_ED_FD_FCR B,3,66.71961874516796,74.71961874516796,99.07942811773773,,,none,30.0,110,3,monophasic
Modulated_autosave_20260717_151033_569ms,Ext. digitorum (R),R_The_ED_FD_FCR B,4,100.07942811773773,108.07942811773773,132.4392374903075,,,none,30.0,110,3,monophasic
Modulated_autosave_20260717_151033_569ms,Ext. digitorum (R),R_The_ED_FD_FCR B,5,133.4392374903075,141.4392374903075,165.79904686287728,,,none,30.0,110,3,monophasic
Modulated_autosave_20260717_151033_569ms,Ext. digitorum (R),R_The_ED_FD_FCR B,6,166.79904686287728,174.79904686287728,199.15885623544705,,,none,30.0,110,3,monophasic
Modulated_autosave_20260717_151033_569ms,Ext. digitorum (R),R_The_ED_FD_FCR B,7,200.15885623544705,208.15885623544705,232.51866560756207,,,none,30.0,110,3,monophasic
Modulated_autosave_20260717_151033_569ms,Ext. digitorum (R),R_The_ED_FD_FCR B,8,233.51866560756207,241.51866560756207,265.87847498013184,,,none,30.0,110,3,monophasic
Modulated_autosave_20260717_151033_569ms,Ext. digitorum (R),R_The_ED_FD_FCR B,9,266.87847498013184,274.87847498013184,299.2382843527016,,,none,30.0,110,3,monophasic
Modulated_autosave_20260717_151033_569ms,Ext. digitorum (R),R_The_ED_FD_FCR B,10,300.2382843527016,308.2382843527016,332.5980937252714,,,none,30.0,110,3,monophasic
Modulated_autosave_20260717_151033_569ms,Ext. digitorum (R),R_The_ED_FD_FCR B,1,0.7942811758425705,8.79428117584257,32.35980937256977,,,none,30.0,115,3,monophasic
Modulated_autosave_20260717_151033_569ms,Ext. digitorum (R),R_The_ED_FD_FCR B,2,33.35980937256977,41.35980937256977,65.71961874516796,,,none,30.0,115,3,monophasic
Modulated_autosave_20260717_151033_569ms,Ext. digitorum (R),R_The_ED_FD_FCR B,3,66.71961874516796,74.71961874516796,99.07942811773773,,,none,30.0,115,3,monophasic
Modulated_autosave_20260717_151033_569ms,Ext. digitorum (R),R_The_ED_FD_FCR B,4,100.07942811773773,108.07942811773773,132.4392374903075,,,none,30.0,115,3,monophasic
Modulated_autosave_20260717_151033_569ms,Ext. digitorum (R),R_The_ED_FD_FCR B,5,133.4392374903075,141.4392374903075,165.79904686287728,,,none,30.0,115,3,monophasic
Modulated_autosave_20260717_151033_569ms,Ext. digitorum (R),R_The_ED_FD_FCR B,6,166.79904686287728,174.79904686287728,199.15885623544705,,,none,30.0,115,3,monophasic
Modulated_autosave_20260717_151033_569ms,Ext. digitorum (R),R_The_ED_FD_FCR B,7,200.15885623544705,208.15885623544705,232.51866560756207,,,none,30.0,115,3,monophasic
Modulated_autosave_20260717_151033_569ms,Ext. digitorum (R),R_The_ED_FD_FCR B,8,233.51866560756207,241.51866560756207,265.87847498013184,,,none,30.0,115,3,monophasic
Modulated_autosave_20260717_151033_569ms,Ext. digitorum (R),R_The_ED_FD_FCR B,9,266.87847498013184,274.87847498013184,299.2382843527016,,,none,30.0,115,3,monophasic
Modulated_autosave_20260717_151033_569ms,Ext. digitorum (R),R_The_ED_FD_FCR B,10,300.2382843527016,308.2382843527016,332.5980937252714,,,none,30.0,115,3,monophasic
Modulated_autosave_20260717_151033_569ms,Ext. digitorum (R),R_The_ED_FD_FCR B,1,0.7942811758425705,8.79428117584257,32.35980937256977,,,none,30.0,120,3,monophasic
Modulated_autosave_20260717_151033_569ms,Ext. digitorum (R),R_The_ED_FD_FCR B,2,33.35980937256977,41.35980937256977,65.71961874516796,,,none,30.0,120,3,monophasic
Modulated_autosave_20260717_151033_569ms,Ext. digitorum (R),R_The_ED_FD_FCR B,3,66.71961874516796,74.71961874516796,99.07942811773773,,,none,30.0,120,3,monophasic
Modulated_autosave_20260717_151033_569ms,Ext. digitorum (R),R_The_ED_FD_FCR B,4,100.07942811773773,108.07942811773773,132.4392374903075,,,none,30.0,120,3,monophasic
Modulated_autosave_20260717_151033_569ms,Ext. digitorum (R),R_The_ED_FD_FCR B,5,133.4392374903075,141.4392374903075,165.79904686287728,,,none,30.0,120,3,monophasic
Modulated_autosave_20260717_151033_569ms,Ext. digitorum (R),R_The_ED_FD_FCR B,6,166.79904686287728,174.79904686287728,199.15885623544705,,,none,30.0,120,3,monophasic
Modulated_autosave_20260717_151033_569ms,Ext. digitorum (R),R_The_ED_FD_FCR B,7,200.15885623544705,208.15885623544705,232.51866560756207,,,none,30.0,120,3,monophasic
Modulated_autosave_20260717_151033_569ms,Ext. digitorum (R),R_The_ED_FD_FCR B,8,233.51866560756207,241.51866560756207,265.87847498013184,,,none,30.0,120,3,monophasic
Modulated_autosave_20260717_151033_569ms,Ext. digitorum (R),R_The_ED_FD_FCR B,9,266.87847498013184,274.87847498013184,299.2382843527016,,,none,30.0,120,3,monophasic
Modulated_autosave_20260717_151033_569ms,Ext. digitorum (R),R_The_ED_FD_FCR B,10,300.2382843527016,308.2382843527016,332.5980937252714,,,none,30.0,120,3,monophasic
Modulated_autosave_20260717_151033_569ms,Ext. digitorum (R),R_The_ED_FD_FCR B,1,0.7942811758425705,8.79428117584257,32.35980937256977,,,none,30.0,125,3,monophasic
Modulated_autosave_20260717_151033_569ms,Ext. digitorum (R),R_The_ED_FD_FCR B,2,33.35980937256977,41.35980937256977,65.71961874516796,,,none,30.0,125,3,monophasic
Modulated_autosave_20260717_151033_569ms,Ext. digitorum (R),R_The_ED_FD_FCR B,3,66.71961874516796,74.71961874516796,99.07942811773773,,,none,30.0,125,3,monophasic
Modulated_autosave_20260717_151033_569ms,Ext. digitorum (R),R_The_ED_FD_FCR B,4,100.07942811773773,108.07942811773773,132.4392374903075,,,none,30.0,125,3,monophasic
Modulated_autosave_20260717_151033_569ms,Ext. digitorum (R),R_The_ED_FD_FCR B,5,133.4392374903075,141.4392374903075,165.79904686287728,,,none,30.0,125,3,monophasic
Modulated_autosave_20260717_151033_569ms,Ext. digitorum (R),R_The_ED_FD_FCR B,6,166.79904686287728,174.79904686287728,199.15885623544705,,,none,30.0,125,3,monophasic
Modulated_autosave_20260717_151033_569ms,Ext. digitorum (R),R_The_ED_FD_FCR B,7,200.15885623544705,208.15885623544705,232.51866560756207,,,none,30.0,125,3,monophasic
Modulated_autosave_20260717_151033_569ms,Ext. digitorum (R),R_The_ED_FD_FCR B,8,233.51866560756207,241.51866560756207,265.87847498013184,,,none,30.0,125,3,monophasic
Modulated_autosave_20260717_151033_569ms,Ext. digitorum (R),R_The_ED_FD_FCR B,9,266.87847498013184,274.87847498013184,299.2382843527016,,,none,30.0,125,3,monophasic
Modulated_autosave_20260717_151033_569ms,Ext. digitorum (R),R_The_ED_FD_FCR B,10,300.2382843527016,308.2382843527016,332.5980937252714,,,none,30.0,125,3,monophasic
Modulated_autosave_20260717_151033_569ms,Ext. digitorum (R),R_The_ED_FD_FCR B,1,0.7942811758425705,8.79428117584257,32.35980937256977,,,none,30.0,130,3,monophasic
Modulated_autosave_20260717_151033_569ms,Ext. digitorum (R),R_The_ED_FD_FCR B,2,33.35980937256977,41.35980937256977,65.71961874516796,,,none,30.0,130,3,monophasic
Modulated_autosave_20260717_151033_569ms,Ext. digitorum (R),R_The_ED_FD_FCR B,3,66.71961874516796,74.71961874516796,99.07942811773773,,,none,30.0,130,3,monophasic
Modulated_autosave_20260717_151033_569ms,Ext. digitorum (R),R_The_ED_FD_FCR B,4,100.07942811773773,108.07942811773773,132.4392374903075,,,none,30.0,130,3,monophasic
Modulated_autosave_20260717_151033_569ms,Ext. digitorum (R),R_The_ED_FD_FCR B,5,133.4392374903075,141.4392374903075,165.79904686287728,,,none,30.0,130,3,monophasic
Modulated_autosave_20260717_151033_569ms,Ext. digitorum (R),R_The_ED_FD_FCR B,6,166.79904686287728,174.79904686287728,199.15885623544705,,,none,30.0,130,3,monophasic
Modulated_autosave_20260717_151033_569ms,Ext. digitorum (R),R_The_ED_FD_FCR B,7,200.15885623544705,208.15885623544705,232.51866560756207,,,none,30.0,130,3,monophasic
Modulated_autosave_20260717_151033_569ms,Ext. digitorum (R),R_The_ED_FD_FCR B,8,233.51866560756207,241.51866560756207,265.87847498013184,,,none,30.0,130,3,monophasic
Modulated_autosave_20260717_151033_569ms,Ext. digitorum (R),R_The_ED_FD_FCR B,9,266.87847498013184,274.87847498013184,299.2382843527016,,,none,30.0,130,3,monophasic
Modulated_autosave_20260717_151033_569ms,Ext. digitorum (R),R_The_ED_FD_FCR B,10,300.2382843527016,308.2382843527016,332.5980937252714,,,none,30.0,130,3,monophasic
Modulated_autosave_20260717_151033_569ms,Ext. digitorum (R),R_The_ED_FD_FCR B,1,0.7942811758425705,8.79428117584257,32.35980937256977,0.06344701163470745,0.06344701163470745,none,30.0,135,3,monophasic
Modulated_autosave_20260717_151033_569ms,Ext. digitorum (R),R_The_ED_FD_FCR B,2,33.35980937256977,41.35980937256977,65.71961874516796,0.039612420834600925,0.039612420834600925,none,30.0,135,3,monophasic
Modulated_autosave_20260717_151033_569ms,Ext. digitorum (R),R_The_ED_FD_FCR B,3,66.71961874516796,74.71961874516796,99.07942811773773,0.04481574892997742,0.04481574892997742,none,30.0,135,3,monophasic
Modulated_autosave_20260717_151033_569ms,Ext. digitorum (R),R_The_ED_FD_FCR B,4,100.07942811773773,108.07942811773773,132.4392374903075,0.0552224013954401,0.0552224013954401,none,30.0,135,3,monophasic
Modulated_autosave_20260717_151033_569ms,Ext. digitorum (R),R_The_ED_FD_FCR B,5,133.4392374903075,141.4392374903075,165.79904686287728,0.030380711890757084,0.030380711890757084,none,30.0,135,3,monophasic
Modulated_autosave_20260717_151033_569ms,Ext. digitorum (R),R_The_ED_FD_FCR B,6,166.79904686287728,174.79904686287728,199.15885623544705,0.04498359560966492,0.04498359560966492,none,30.0,135,3,monophasic
Modulated_autosave_20260717_151033_569ms,Ext. digitorum (R),R_The_ED_FD_FCR B,7,200.15885623544705,208.15885623544705,232.51866560756207,0.03625543648377061,0.03625543648377061,none,30.0,135,3,monophasic
Modulated_autosave_20260717_151033_569ms,Ext. digitorum (R),R_The_ED_FD_FCR B,8,233.51866560756207,241.51866560756207,265.87847498013184,0.03457694314420223,0.03457694314420223,none,30.0,135,3,monophasic
Modulated_autosave_20260717_151033_569ms,Ext. digitorum (R),R_The_ED_FD_FCR B,9,266.87847498013184,274.87847498013184,299.2382843527016,0.045319296419620514,0.045319296419620514,none,30.0,135,3,monophasic
Modulated_autosave_20260717_151033_569ms,Ext. digitorum (R),R_The_ED_FD_FCR B,10,300.2382843527016,308.2382843527016,332.5980937252714,0.03994812071323395,0.03994812071323395,none,30.0,135,3,monophasic
Modulated_autosave_20260717_151033_569ms,Ext. digitorum (R),R_The_ED_FD_FCR B,1,0.7942811758425705,8.79428117584257,32.35980937256977,0.06579690426588058,0.06579690426588058,none,30.0,140,3,monophasic
Modulated_autosave_20260717_151033_569ms,Ext. digitorum (R),R_The_ED_FD_FCR B,2,33.35980937256977,41.35980937256977,65.71961874516796,0.056565193459391594,0.056565193459391594,none,30.0,140,3,monophasic
Modulated_autosave_20260717_151033_569ms,Ext. digitorum (R),R_The_ED_FD_FCR B,3,66.71961874516796,74.71961874516796,99.07942811773773,0.05186541564762592,0.05186541564762592,none,30.0,140,3,monophasic
Modulated_autosave_20260717_151033_569ms,Ext. digitorum (R),R_The_ED_FD_FCR B,4,100.07942811773773,108.07942811773773,132.4392374903075,0.06747539527714252,0.06747539527714252,none,30.0,140,3,monophasic
Modulated_autosave_20260717_151033_569ms,Ext. digitorum (R),R_The_ED_FD_FCR B,5,133.4392374903075,141.4392374903075,165.79904686287728,0.0553902518004179,0.0553902518004179,none,30.0,140,3,monophasic
Modulated_autosave_20260717_151033_569ms,Ext. digitorum (R),R_The_ED_FD_FCR B,6,166.79904686287728,174.79904686287728,199.15885623544705,0.13427938893437386,0.13427938893437386,none,30.0,140,3,monophasic
Modulated_autosave_20260717_151033_569ms,Ext. digitorum (R),R_The_ED_FD_FCR B,7,200.15885623544705,208.15885623544705,232.51866560756207,0.056229496374726295,0.056229496374726295,none,30.0,140,3,monophasic
Modulated_autosave_20260717_151033_569ms,Ext. digitorum (R),R_The_ED_FD_FCR B,8,233.51866560756207,241.51866560756207,265.87847498013184,0.05236896313726902,0.05236896313726902,none,30.0,140,3,monophasic
Modulated_autosave_20260717_151033_569ms,Ext. digitorum (R),R_The_ED_FD_FCR B,9,266.87847498013184,274.87847498013184,299.2382843527016,0.054718852043151855,0.054718852043151855,none,30.0,140,3,monophasic
Modulated_autosave_20260717_151033_569ms,Ext. digitorum (R),R_The_ED_FD_FCR B,10,300.2382843527016,308.2382843527016,332.5980937252714,0.06042572483420372,0.06042572483420372,none,30.0,140,3,monophasic
Modulated_autosave_20260717_151033_569ms,Flex. digitorum (R),R_The_ED_FD_FCR C,1,0.7942811758425705,8.79428117584257,32.35980937256977,,,none,30.0,45,3,monophasic
Modulated_autosave_20260717_151033_569ms,Flex. digitorum (R),R_The_ED_FD_FCR C,2,33.35980937256977,41.35980937256977,65.71961874516796,,,none,30.0,45,3,monophasic
Modulated_autosave_20260717_151033_569ms,Flex. digitorum (R),R_The_ED_FD_FCR C,3,66.71961874516796,74.71961874516796,99.07942811773773,,,none,30.0,45,3,monophasic
Modulated_autosave_20260717_151033_569ms,Flex. digitorum (R),R_The_ED_FD_FCR C,4,100.07942811773773,108.07942811773773,132.4392374903075,,,none,30.0,45,3,monophasic
Modulated_autosave_20260717_151033_569ms,Flex. digitorum (R),R_The_ED_FD_FCR C,5,133.4392374903075,141.4392374903075,165.79904686287728,,,none,30.0,45,3,monophasic
Modulated_autosave_20260717_151033_569ms,Flex. digitorum (R),R_The_ED_FD_FCR C,6,166.79904686287728,174.79904686287728,199.15885623544705,,,none,30.0,45,3,monophasic
Modulated_autosave_20260717_151033_569ms,Flex. digitorum (R),R_The_ED_FD_FCR C,7,200.15885623544705,208.15885623544705,232.51866560756207,,,none,30.0,45,3,monophasic
Modulated_autosave_20260717_151033_569ms,Flex. digitorum (R),R_The_ED_FD_FCR C,8,233.51866560756207,241.51866560756207,265.87847498013184,,,none,30.0,45,3,monophasic
Modulated_autosave_20260717_151033_569ms,Flex. digitorum (R),R_The_ED_FD_FCR C,9,266.87847498013184,274.87847498013184,299.2382843527016,,,none,30.0,45,3,monophasic
Modulated_autosave_20260717_151033_569ms,Flex. digitorum (R),R_The_ED_FD_FCR C,10,300.2382843527016,308.2382843527016,332.5980937252714,,,none,30.0,45,3,monophasic
Modulated_autosave_20260717_151033_569ms,Flex. digitorum (R),R_The_ED_FD_FCR C,1,0.7942811758425705,8.79428117584257,32.35980937256977,,,none,30.0,50,3,monophasic
Modulated_autosave_20260717_151033_569ms,Flex. digitorum (R),R_The_ED_FD_FCR C,2,33.35980937256977,41.35980937256977,65.71961874516796,,,none,30.0,50,3,monophasic
Modulated_autosave_20260717_151033_569ms,Flex. digitorum (R),R_The_ED_FD_FCR C,3,66.71961874516796,74.71961874516796,99.07942811773773,,,none,30.0,50,3,monophasic
Modulated_autosave_20260717_151033_569ms,Flex. digitorum (R),R_The_ED_FD_FCR C,4,100.07942811773773,108.07942811773773,132.4392374903075,,,none,30.0,50,3,monophasic
Modulated_autosave_20260717_151033_569ms,Flex. digitorum (R),R_The_ED_FD_FCR C,5,133.4392374903075,141.4392374903075,165.79904686287728,,,none,30.0,50,3,monophasic
Modulated_autosave_20260717_151033_569ms,Flex. digitorum (R),R_The_ED_FD_FCR C,6,166.79904686287728,174.79904686287728,199.15885623544705,,,none,30.0,50,3,monophasic
Modulated_autosave_20260717_151033_569ms,Flex. digitorum (R),R_The_ED_FD_FCR C,7,200.15885623544705,208.15885623544705,232.51866560756207,,,none,30.0,50,3,monophasic
Modulated_autosave_20260717_151033_569ms,Flex. digitorum (R),R_The_ED_FD_FCR C,8,233.51866560756207,241.51866560756207,265.87847498013184,,,none,30.0,50,3,monophasic
Modulated_autosave_20260717_151033_569ms,Flex. digitorum (R),R_The_ED_FD_FCR C,9,266.87847498013184,274.87847498013184,299.2382843527016,,,none,30.0,50,3,monophasic
Modulated_autosave_20260717_151033_569ms,Flex. digitorum (R),R_The_ED_FD_FCR C,10,300.2382843527016,308.2382843527016,332.5980937252714,,,none,30.0,50,3,monophasic
Modulated_autosave_20260717_151033_569ms,Flex. digitorum (R),R_The_ED_FD_FCR C,1,0.7942811758425705,8.79428117584257,32.35980937256977,,,none,30.0,55,3,monophasic
Modulated_autosave_20260717_151033_569ms,Flex. digitorum (R),R_The_ED_FD_FCR C,2,33.35980937256977,41.35980937256977,65.71961874516796,,,none,30.0,55,3,monophasic
Modulated_autosave_20260717_151033_569ms,Flex. digitorum (R),R_The_ED_FD_FCR C,3,66.71961874516796,74.71961874516796,99.07942811773773,,,none,30.0,55,3,monophasic
Modulated_autosave_20260717_151033_569ms,Flex. digitorum (R),R_The_ED_FD_FCR C,4,100.07942811773773,108.07942811773773,132.4392374903075,,,none,30.0,55,3,monophasic
Modulated_autosave_20260717_151033_569ms,Flex. digitorum (R),R_The_ED_FD_FCR C,5,133.4392374903075,141.4392374903075,165.79904686287728,,,none,30.0,55,3,monophasic
Modulated_autosave_20260717_151033_569ms,Flex. digitorum (R),R_The_ED_FD_FCR C,6,166.79904686287728,174.79904686287728,199.15885623544705,,,none,30.0,55,3,monophasic
Modulated_autosave_20260717_151033_569ms,Flex. digitorum (R),R_The_ED_FD_FCR C,7,200.15885623544705,208.15885623544705,232.51866560756207,,,none,30.0,55,3,monophasic
Modulated_autosave_20260717_151033_569ms,Flex. digitorum (R),R_The_ED_FD_FCR C,8,233.51866560756207,241.51866560756207,265.87847498013184,,,none,30.0,55,3,monophasic
Modulated_autosave_20260717_151033_569ms,Flex. digitorum (R),R_The_ED_FD_FCR C,9,266.87847498013184,274.87847498013184,299.2382843527016,,,none,30.0,55,3,monophasic
Modulated_autosave_20260717_151033_569ms,Flex. digitorum (R),R_The_ED_FD_FCR C,10,300.2382843527016,308.2382843527016,332.5980937252714,,,none,30.0,55,3,monophasic
Modulated_autosave_20260717_151033_569ms,Flex. digitorum (R),R_The_ED_FD_FCR C,1,0.7942811758425705,8.79428117584257,32.35980937256977,,,none,30.0,60,3,monophasic
Modulated_autosave_20260717_151033_569ms,Flex. digitorum (R),R_The_ED_FD_FCR C,2,33.35980937256977,41.35980937256977,65.71961874516796,,,none,30.0,60,3,monophasic
Modulated_autosave_20260717_151033_569ms,Flex. digitorum (R),R_The_ED_FD_FCR C,3,66.71961874516796,74.71961874516796,99.07942811773773,,,none,30.0,60,3,monophasic
Modulated_autosave_20260717_151033_569ms,Flex. digitorum (R),R_The_ED_FD_FCR C,4,100.07942811773773,108.07942811773773,132.4392374903075,,,none,30.0,60,3,monophasic
Modulated_autosave_20260717_151033_569ms,Flex. digitorum (R),R_The_ED_FD_FCR C,5,133.4392374903075,141.4392374903075,165.79904686287728,,,none,30.0,60,3,monophasic
Modulated_autosave_20260717_151033_569ms,Flex. digitorum (R),R_The_ED_FD_FCR C,6,166.79904686287728,174.79904686287728,199.15885623544705,,,none,30.0,60,3,monophasic
Modulated_autosave_20260717_151033_569ms,Flex. digitorum (R),R_The_ED_FD_FCR C,7,200.15885623544705,208.15885623544705,232.51866560756207,,,none,30.0,60,3,monophasic
Modulated_autosave_20260717_151033_569ms,Flex. digitorum (R),R_The_ED_FD_FCR C,8,233.51866560756207,241.51866560756207,265.87847498013184,,,none,30.0,60,3,monophasic
Modulated_autosave_20260717_151033_569ms,Flex. digitorum (R),R_The_ED_FD_FCR C,9,266.87847498013184,274.87847498013184,299.2382843527016,,,none,30.0,60,3,monophasic
Modulated_autosave_20260717_151033_569ms,Flex. digitorum (R),R_The_ED_FD_FCR C,10,300.2382843527016,308.2382843527016,332.5980937252714,,,none,30.0,60,3,monophasic
Modulated_autosave_20260717_151033_569ms,Flex. digitorum (R),R_The_ED_FD_FCR C,1,0.7942811758425705,8.79428117584257,32.35980937256977,,,none,30.0,65,3,monophasic
Modulated_autosave_20260717_151033_569ms,Flex. digitorum (R),R_The_ED_FD_FCR C,2,33.35980937256977,41.35980937256977,65.71961874516796,,,none,30.0,65,3,monophasic
Modulated_autosave_20260717_151033_569ms,Flex. digitorum (R),R_The_ED_FD_FCR C,3,66.71961874516796,74.71961874516796,99.07942811773773,,,none,30.0,65,3,monophasic
Modulated_autosave_20260717_151033_569ms,Flex. digitorum (R),R_The_ED_FD_FCR C,4,100.07942811773773,108.07942811773773,132.4392374903075,,,none,30.0,65,3,monophasic
Modulated_autosave_20260717_151033_569ms,Flex. digitorum (R),R_The_ED_FD_FCR C,5,133.4392374903075,141.4392374903075,165.79904686287728,,,none,30.0,65,3,monophasic
Modulated_autosave_20260717_151033_569ms,Flex. digitorum (R),R_The_ED_FD_FCR C,6,166.79904686287728,174.79904686287728,199.15885623544705,,,none,30.0,65,3,monophasic
Modulated_autosave_20260717_151033_569ms,Flex. digitorum (R),R_The_ED_FD_FCR C,7,200.15885623544705,208.15885623544705,232.51866560756207,,,none,30.0,65,3,monophasic
Modulated_autosave_20260717_151033_569ms,Flex. digitorum (R),R_The_ED_FD_FCR C,8,233.51866560756207,241.51866560756207,265.87847498013184,,,none,30.0,65,3,monophasic
Modulated_autosave_20260717_151033_569ms,Flex. digitorum (R),R_The_ED_FD_FCR C,9,266.87847498013184,274.87847498013184,299.2382843527016,,,none,30.0,65,3,monophasic
Modulated_autosave_20260717_151033_569ms,Flex. digitorum (R),R_The_ED_FD_FCR C,10,300.2382843527016,308.2382843527016,332.5980937252714,,,none,30.0,65,3,monophasic
Modulated_autosave_20260717_151033_569ms,Flex. digitorum (R),R_The_ED_FD_FCR C,1,0.7942811758425705,8.79428117584257,32.35980937256977,,,none,30.0,70,3,monophasic
Modulated_autosave_20260717_151033_569ms,Flex. digitorum (R),R_The_ED_FD_FCR C,2,33.35980937256977,41.35980937256977,65.71961874516796,,,none,30.0,70,3,monophasic
Modulated_autosave_20260717_151033_569ms,Flex. digitorum (R),R_The_ED_FD_FCR C,3,66.71961874516796,74.71961874516796,99.07942811773773,,,none,30.0,70,3,monophasic
Modulated_autosave_20260717_151033_569ms,Flex. digitorum (R),R_The_ED_FD_FCR C,4,100.07942811773773,108.07942811773773,132.4392374903075,,,none,30.0,70,3,monophasic
Modulated_autosave_20260717_151033_569ms,Flex. digitorum (R),R_The_ED_FD_FCR C,5,133.4392374903075,141.4392374903075,165.79904686287728,,,none,30.0,70,3,monophasic
Modulated_autosave_20260717_151033_569ms,Flex. digitorum (R),R_The_ED_FD_FCR C,6,166.79904686287728,174.79904686287728,199.15885623544705,,,none,30.0,70,3,monophasic
Modulated_autosave_20260717_151033_569ms,Flex. digitorum (R),R_The_ED_FD_FCR C,7,200.15885623544705,208.15885623544705,232.51866560756207,,,none,30.0,70,3,monophasic
Modulated_autosave_20260717_151033_569ms,Flex. digitorum (R),R_The_ED_FD_FCR C,8,233.51866560756207,241.51866560756207,265.87847498013184,,,none,30.0,70,3,monophasic
Modulated_autosave_20260717_151033_569ms,Flex. digitorum (R),R_The_ED_FD_FCR C,9,266.87847498013184,274.87847498013184,299.2382843527016,,,none,30.0,70,3,monophasic
Modulated_autosave_20260717_151033_569ms,Flex. digitorum (R),R_The_ED_FD_FCR C,10,300.2382843527016,308.2382843527016,332.5980937252714,,,none,30.0,70,3,monophasic
Modulated_autosave_20260717_151033_569ms,Flex. digitorum (R),R_The_ED_FD_FCR C,1,0.7942811758425705,8.79428117584257,32.35980937256977,,,none,30.0,75,3,monophasic
Modulated_autosave_20260717_151033_569ms,Flex. digitorum (R),R_The_ED_FD_FCR C,2,33.35980937256977,41.35980937256977,65.71961874516796,,,none,30.0,75,3,monophasic
Modulated_autosave_20260717_151033_569ms,Flex. digitorum (R),R_The_ED_FD_FCR C,3,66.71961874516796,74.71961874516796,99.07942811773773,,,none,30.0,75,3,monophasic
Modulated_autosave_20260717_151033_569ms,Flex. digitorum (R),R_The_ED_FD_FCR C,4,100.07942811773773,108.07942811773773,132.4392374903075,,,none,30.0,75,3,monophasic
Modulated_autosave_20260717_151033_569ms,Flex. digitorum (R),R_The_ED_FD_FCR C,5,133.4392374903075,141.4392374903075,165.79904686287728,,,none,30.0,75,3,monophasic
Modulated_autosave_20260717_151033_569ms,Flex. digitorum (R),R_The_ED_FD_FCR C,6,166.79904686287728,174.79904686287728,199.15885623544705,,,none,30.0,75,3,monophasic
Modulated_autosave_20260717_151033_569ms,Flex. digitorum (R),R_The_ED_FD_FCR C,7,200.15885623544705,208.15885623544705,232.51866560756207,,,none,30.0,75,3,monophasic
Modulated_autosave_20260717_151033_569ms,Flex. digitorum (R),R_The_ED_FD_FCR C,8,233.51866560756207,241.51866560756207,265.87847498013184,,,none,30.0,75,3,monophasic
Modulated_autosave_20260717_151033_569ms,Flex. digitorum (R),R_The_ED_FD_FCR C,9,266.87847498013184,274.87847498013184,299.2382843527016,,,none,30.0,75,3,monophasic
Modulated_autosave_20260717_151033_569ms,Flex. digitorum (R),R_The_ED_FD_FCR C,10,300.2382843527016,308.2382843527016,332.5980937252714,,,none,30.0,75,3,monophasic
Modulated_autosave_20260717_151033_569ms,Flex. digitorum (R),R_The_ED_FD_FCR C,1,0.7942811758425705,8.79428117584257,32.35980937256977,,,none,30.0,80,3,monophasic
Modulated_autosave_20260717_151033_569ms,Flex. digitorum (R),R_The_ED_FD_FCR C,2,33.35980937256977,41.35980937256977,65.71961874516796,,,none,30.0,80,3,monophasic
Modulated_autosave_20260717_151033_569ms,Flex. digitorum (R),R_The_ED_FD_FCR C,3,66.71961874516796,74.71961874516796,99.07942811773773,,,none,30.0,80,3,monophasic
Modulated_autosave_20260717_151033_569ms,Flex. digitorum (R),R_The_ED_FD_FCR C,4,100.07942811773773,108.07942811773773,132.4392374903075,,,none,30.0,80,3,monophasic
Modulated_autosave_20260717_151033_569ms,Flex. digitorum (R),R_The_ED_FD_FCR C,5,133.4392374903075,141.4392374903075,165.79904686287728,,,none,30.0,80,3,monophasic
Modulated_autosave_20260717_151033_569ms,Flex. digitorum (R),R_The_ED_FD_FCR C,6,166.79904686287728,174.79904686287728,199.15885623544705,,,none,30.0,80,3,monophasic
Modulated_autosave_20260717_151033_569ms,Flex. digitorum (R),R_The_ED_FD_FCR C,7,200.15885623544705,208.15885623544705,232.51866560756207,,,none,30.0,80,3,monophasic
Modulated_autosave_20260717_151033_569ms,Flex. digitorum (R),R_The_ED_FD_FCR C,8,233.51866560756207,241.51866560756207,265.87847498013184,,,none,30.0,80,3,monophasic
Modulated_autosave_20260717_151033_569ms,Flex. digitorum (R),R_The_ED_FD_FCR C,9,266.87847498013184,274.87847498013184,299.2382843527016,,,none,30.0,80,3,monophasic
Modulated_autosave_20260717_151033_569ms,Flex. digitorum (R),R_The_ED_FD_FCR C,10,300.2382843527016,308.2382843527016,332.5980937252714,,,none,30.0,80,3,monophasic
Modulated_autosave_20260717_151033_569ms,Flex. digitorum (R),R_The_ED_FD_FCR C,1,0.7942811758425705,8.79428117584257,32.35980937256977,,,none,30.0,85,3,monophasic
Modulated_autosave_20260717_151033_569ms,Flex. digitorum (R),R_The_ED_FD_FCR C,2,33.35980937256977,41.35980937256977,65.71961874516796,,,none,30.0,85,3,monophasic
Modulated_autosave_20260717_151033_569ms,Flex. digitorum (R),R_The_ED_FD_FCR C,3,66.71961874516796,74.71961874516796,99.07942811773773,,,none,30.0,85,3,monophasic
Modulated_autosave_20260717_151033_569ms,Flex. digitorum (R),R_The_ED_FD_FCR C,4,100.07942811773773,108.07942811773773,132.4392374903075,,,none,30.0,85,3,monophasic
Modulated_autosave_20260717_151033_569ms,Flex. digitorum (R),R_The_ED_FD_FCR C,5,133.4392374903075,141.4392374903075,165.79904686287728,,,none,30.0,85,3,monophasic
Modulated_autosave_20260717_151033_569ms,Flex. digitorum (R),R_The_ED_FD_FCR C,6,166.79904686287728,174.79904686287728,199.15885623544705,,,none,30.0,85,3,monophasic
Modulated_autosave_20260717_151033_569ms,Flex. digitorum (R),R_The_ED_FD_FCR C,7,200.15885623544705,208.15885623544705,232.51866560756207,,,none,30.0,85,3,monophasic
Modulated_autosave_20260717_151033_569ms,Flex. digitorum (R),R_The_ED_FD_FCR C,8,233.51866560756207,241.51866560756207,265.87847498013184,,,none,30.0,85,3,monophasic
Modulated_autosave_20260717_151033_569ms,Flex. digitorum (R),R_The_ED_FD_FCR C,9,266.87847498013184,274.87847498013184,299.2382843527016,,,none,30.0,85,3,monophasic
Modulated_autosave_20260717_151033_569ms,Flex. digitorum (R),R_The_ED_FD_FCR C,10,300.2382843527016,308.2382843527016,332.5980937252714,,,none,30.0,85,3,monophasic
Modulated_autosave_20260717_151033_569ms,Flex. digitorum (R),R_The_ED_FD_FCR C,1,0.7942811758425705,8.79428117584257,32.35980937256977,,,none,30.0,90,3,monophasic
Modulated_autosave_20260717_151033_569ms,Flex. digitorum (R),R_The_ED_FD_FCR C,2,33.35980937256977,41.35980937256977,65.71961874516796,,,none,30.0,90,3,monophasic
Modulated_autosave_20260717_151033_569ms,Flex. digitorum (R),R_The_ED_FD_FCR C,3,66.71961874516796,74.71961874516796,99.07942811773773,,,none,30.0,90,3,monophasic
Modulated_autosave_20260717_151033_569ms,Flex. digitorum (R),R_The_ED_FD_FCR C,4,100.07942811773773,108.07942811773773,132.4392374903075,,,none,30.0,90,3,monophasic
Modulated_autosave_20260717_151033_569ms,Flex. digitorum (R),R_The_ED_FD_FCR C,5,133.4392374903075,141.4392374903075,165.79904686287728,,,none,30.0,90,3,monophasic
Modulated_autosave_20260717_151033_569ms,Flex. digitorum (R),R_The_ED_FD_FCR C,6,166.79904686287728,174.79904686287728,199.15885623544705,,,none,30.0,90,3,monophasic
Modulated_autosave_20260717_151033_569ms,Flex. digitorum (R),R_The_ED_FD_FCR C,7,200.15885623544705,208.15885623544705,232.51866560756207,,,none,30.0,90,3,monophasic
Modulated_autosave_20260717_151033_569ms,Flex. digitorum (R),R_The_ED_FD_FCR C,8,233.51866560756207,241.51866560756207,265.87847498013184,,,none,30.0,90,3,monophasic
Modulated_autosave_20260717_151033_569ms,Flex. digitorum (R),R_The_ED_FD_FCR C,9,266.87847498013184,274.87847498013184,299.2382843527016,,,none,30.0,90,3,monophasic
Modulated_autosave_20260717_151033_569ms,Flex. digitorum (R),R_The_ED_FD_FCR C,10,300.2382843527016,308.2382843527016,332.5980937252714,,,none,30.0,90,3,monophasic
Modulated_autosave_20260717_151033_569ms,Flex. digitorum (R),R_The_ED_FD_FCR C,1,0.7942811758425705,8.79428117584257,32.35980937256977,,,none,30.0,95,3,monophasic
Modulated_autosave_20260717_151033_569ms,Flex. digitorum (R),R_The_ED_FD_FCR C,2,33.35980937256977,41.35980937256977,65.71961874516796,,,none,30.0,95,3,monophasic
Modulated_autosave_20260717_151033_569ms,Flex. digitorum (R),R_The_ED_FD_FCR C,3,66.71961874516796,74.71961874516796,99.07942811773773,,,none,30.0,95,3,monophasic
Modulated_autosave_20260717_151033_569ms,Flex. digitorum (R),R_The_ED_FD_FCR C,4,100.07942811773773,108.07942811773773,132.4392374903075,,,none,30.0,95,3,monophasic
Modulated_autosave_20260717_151033_569ms,Flex. digitorum (R),R_The_ED_FD_FCR C,5,133.4392374903075,141.4392374903075,165.79904686287728,,,none,30.0,95,3,monophasic
Modulated_autosave_20260717_151033_569ms,Flex. digitorum (R),R_The_ED_FD_FCR C,6,166.79904686287728,174.79904686287728,199.15885623544705,,,none,30.0,95,3,monophasic
Modulated_autosave_20260717_151033_569ms,Flex. digitorum (R),R_The_ED_FD_FCR C,7,200.15885623544705,208.15885623544705,232.51866560756207,,,none,30.0,95,3,monophasic
Modulated_autosave_20260717_151033_569ms,Flex. digitorum (R),R_The_ED_FD_FCR C,8,233.51866560756207,241.51866560756207,265.87847498013184,,,none,30.0,95,3,monophasic
Modulated_autosave_20260717_151033_569ms,Flex. digitorum (R),R_The_ED_FD_FCR C,9,266.87847498013184,274.87847498013184,299.2382843527016,,,none,30.0,95,3,monophasic
Modulated_autosave_20260717_151033_569ms,Flex. digitorum (R),R_The_ED_FD_FCR C,10,300.2382843527016,308.2382843527016,332.5980937252714,,,none,30.0,95,3,monophasic
Modulated_autosave_20260717_151033_569ms,Flex. digitorum (R),R_The_ED_FD_FCR C,1,0.7942811758425705,8.79428117584257,32.35980937256977,,,none,30.0,100,3,monophasic
Modulated_autosave_20260717_151033_569ms,Flex. digitorum (R),R_The_ED_FD_FCR C,2,33.35980937256977,41.35980937256977,65.71961874516796,,,none,30.0,100,3,monophasic
Modulated_autosave_20260717_151033_569ms,Flex. digitorum (R),R_The_ED_FD_FCR C,3,66.71961874516796,74.71961874516796,99.07942811773773,,,none,30.0,100,3,monophasic
Modulated_autosave_20260717_151033_569ms,Flex. digitorum (R),R_The_ED_FD_FCR C,4,100.07942811773773,108.07942811773773,132.4392374903075,,,none,30.0,100,3,monophasic
Modulated_autosave_20260717_151033_569ms,Flex. digitorum (R),R_The_ED_FD_FCR C,5,133.4392374903075,141.4392374903075,165.79904686287728,,,none,30.0,100,3,monophasic
Modulated_autosave_20260717_151033_569ms,Flex. digitorum (R),R_The_ED_FD_FCR C,6,166.79904686287728,174.79904686287728,199.15885623544705,,,none,30.0,100,3,monophasic
Modulated_autosave_20260717_151033_569ms,Flex. digitorum (R),R_The_ED_FD_FCR C,7,200.15885623544705,208.15885623544705,232.51866560756207,,,none,30.0,100,3,monophasic
Modulated_autosave_20260717_151033_569ms,Flex. digitorum (R),R_The_ED_FD_FCR C,8,233.51866560756207,241.51866560756207,265.87847498013184,,,none,30.0,100,3,monophasic
Modulated_autosave_20260717_151033_569ms,Flex. digitorum (R),R_The_ED_FD_FCR C,9,266.87847498013184,274.87847498013184,299.2382843527016,,,none,30.0,100,3,monophasic
Modulated_autosave_20260717_151033_569ms,Flex. digitorum (R),R_The_ED_FD_FCR C,10,300.2382843527016,308.2382843527016,332.5980937252714,,,none,30.0,100,3,monophasic
Modulated_autosave_20260717_151033_569ms,Flex. digitorum (R),R_The_ED_FD_FCR C,1,0.7942811758425705,8.79428117584257,32.35980937256977,,,none,30.0,105,3,monophasic
Modulated_autosave_20260717_151033_569ms,Flex. digitorum (R),R_The_ED_FD_FCR C,2,33.35980937256977,41.35980937256977,65.71961874516796,,,none,30.0,105,3,monophasic
Modulated_autosave_20260717_151033_569ms,Flex. digitorum (R),R_The_ED_FD_FCR C,3,66.71961874516796,74.71961874516796,99.07942811773773,,,none,30.0,105,3,monophasic
Modulated_autosave_20260717_151033_569ms,Flex. digitorum (R),R_The_ED_FD_FCR C,4,100.07942811773773,108.07942811773773,132.4392374903075,,,none,30.0,105,3,monophasic
Modulated_autosave_20260717_151033_569ms,Flex. digitorum (R),R_The_ED_FD_FCR C,5,133.4392374903075,141.4392374903075,165.79904686287728,,,none,30.0,105,3,monophasic
Modulated_autosave_20260717_151033_569ms,Flex. digitorum (R),R_The_ED_FD_FCR C,6,166.79904686287728,174.79904686287728,199.15885623544705,,,none,30.0,105,3,monophasic
Modulated_autosave_20260717_151033_569ms,Flex. digitorum (R),R_The_ED_FD_FCR C,7,200.15885623544705,208.15885623544705,232.51866560756207,,,none,30.0,105,3,monophasic
Modulated_autosave_20260717_151033_569ms,Flex. digitorum (R),R_The_ED_FD_FCR C,8,233.51866560756207,241.51866560756207,265.87847498013184,,,none,30.0,105,3,monophasic
Modulated_autosave_20260717_151033_569ms,Flex. digitorum (R),R_The_ED_FD_FCR C,9,266.87847498013184,274.87847498013184,299.2382843527016,,,none,30.0,105,3,monophasic
Modulated_autosave_20260717_151033_569ms,Flex. digitorum (R),R_The_ED_FD_FCR C,10,300.2382843527016,308.2382843527016,332.5980937252714,,,none,30.0,105,3,monophasic
Modulated_autosave_20260717_151033_569ms,Flex. digitorum (R),R_The_ED_FD_FCR C,1,0.7942811758425705,8.79428117584257,32.35980937256977,,,none,30.0,110,3,monophasic
Modulated_autosave_20260717_151033_569ms,Flex. digitorum (R),R_The_ED_FD_FCR C,2,33.35980937256977,41.35980937256977,65.71961874516796,,,none,30.0,110,3,monophasic
Modulated_autosave_20260717_151033_569ms,Flex. digitorum (R),R_The_ED_FD_FCR C,3,66.71961874516796,74.71961874516796,99.07942811773773,,,none,30.0,110,3,monophasic
Modulated_autosave_20260717_151033_569ms,Flex. digitorum (R),R_The_ED_FD_FCR C,4,100.07942811773773,108.07942811773773,132.4392374903075,,,none,30.0,110,3,monophasic
Modulated_autosave_20260717_151033_569ms,Flex. digitorum (R),R_The_ED_FD_FCR C,5,133.4392374903075,141.4392374903075,165.79904686287728,,,none,30.0,110,3,monophasic
Modulated_autosave_20260717_151033_569ms,Flex. digitorum (R),R_The_ED_FD_FCR C,6,166.79904686287728,174.79904686287728,199.15885623544705,,,none,30.0,110,3,monophasic
Modulated_autosave_20260717_151033_569ms,Flex. digitorum (R),R_The_ED_FD_FCR C,7,200.15885623544705,208.15885623544705,232.51866560756207,,,none,30.0,110,3,monophasic
Modulated_autosave_20260717_151033_569ms,Flex. digitorum (R),R_The_ED_FD_FCR C,8,233.51866560756207,241.51866560756207,265.87847498013184,,,none,30.0,110,3,monophasic
Modulated_autosave_20260717_151033_569ms,Flex. digitorum (R),R_The_ED_FD_FCR C,9,266.87847498013184,274.87847498013184,299.2382843527016,,,none,30.0,110,3,monophasic
Modulated_autosave_20260717_151033_569ms,Flex. digitorum (R),R_The_ED_FD_FCR C,10,300.2382843527016,308.2382843527016,332.5980937252714,,,none,30.0,110,3,monophasic
Modulated_autosave_20260717_151033_569ms,Flex. digitorum (R),R_The_ED_FD_FCR C,1,0.7942811758425705,8.79428117584257,32.35980937256977,,,none,30.0,115,3,monophasic
Modulated_autosave_20260717_151033_569ms,Flex. digitorum (R),R_The_ED_FD_FCR C,2,33.35980937256977,41.35980937256977,65.71961874516796,,,none,30.0,115,3,monophasic
Modulated_autosave_20260717_151033_569ms,Flex. digitorum (R),R_The_ED_FD_FCR C,3,66.71961874516796,74.71961874516796,99.07942811773773,,,none,30.0,115,3,monophasic
Modulated_autosave_20260717_151033_569ms,Flex. digitorum (R),R_The_ED_FD_FCR C,4,100.07942811773773,108.07942811773773,132.4392374903075,,,none,30.0,115,3,monophasic
Modulated_autosave_20260717_151033_569ms,Flex. digitorum (R),R_The_ED_FD_FCR C,5,133.4392374903075,141.4392374903075,165.79904686287728,,,none,30.0,115,3,monophasic
Modulated_autosave_20260717_151033_569ms,Flex. digitorum (R),R_The_ED_FD_FCR C,6,166.79904686287728,174.79904686287728,199.15885623544705,,,none,30.0,115,3,monophasic
Modulated_autosave_20260717_151033_569ms,Flex. digitorum (R),R_The_ED_FD_FCR C,7,200.15885623544705,208.15885623544705,232.51866560756207,,,none,30.0,115,3,monophasic
Modulated_autosave_20260717_151033_569ms,Flex. digitorum (R),R_The_ED_FD_FCR C,8,233.51866560756207,241.51866560756207,265.87847498013184,,,none,30.0,115,3,monophasic
Modulated_autosave_20260717_151033_569ms,Flex. digitorum (R),R_The_ED_FD_FCR C,9,266.87847498013184,274.87847498013184,299.2382843527016,,,none,30.0,115,3,monophasic
Modulated_autosave_20260717_151033_569ms,Flex. digitorum (R),R_The_ED_FD_FCR C,10,300.2382843527016,308.2382843527016,332.5980937252714,,,none,30.0,115,3,monophasic
Modulated_autosave_20260717_151033_569ms,Flex. digitorum (R),R_The_ED_FD_FCR C,1,0.7942811758425705,8.79428117584257,32.35980937256977,,,none,30.0,120,3,monophasic
Modulated_autosave_20260717_151033_569ms,Flex. digitorum (R),R_The_ED_FD_FCR C,2,33.35980937256977,41.35980937256977,65.71961874516796,,,none,30.0,120,3,monophasic
Modulated_autosave_20260717_151033_569ms,Flex. digitorum (R),R_The_ED_FD_FCR C,3,66.71961874516796,74.71961874516796,99.07942811773773,,,none,30.0,120,3,monophasic
Modulated_autosave_20260717_151033_569ms,Flex. digitorum (R),R_The_ED_FD_FCR C,4,100.07942811773773,108.07942811773773,132.4392374903075,,,none,30.0,120,3,monophasic
Modulated_autosave_20260717_151033_569ms,Flex. digitorum (R),R_The_ED_FD_FCR C,5,133.4392374903075,141.4392374903075,165.79904686287728,,,none,30.0,120,3,monophasic
Modulated_autosave_20260717_151033_569ms,Flex. digitorum (R),R_The_ED_FD_FCR C,6,166.79904686287728,174.79904686287728,199.15885623544705,,,none,30.0,120,3,monophasic
Modulated_autosave_20260717_151033_569ms,Flex. digitorum (R),R_The_ED_FD_FCR C,7,200.15885623544705,208.15885623544705,232.51866560756207,,,none,30.0,120,3,monophasic
Modulated_autosave_20260717_151033_569ms,Flex. digitorum (R),R_The_ED_FD_FCR C,8,233.51866560756207,241.51866560756207,265.87847498013184,,,none,30.0,120,3,monophasic
Modulated_autosave_20260717_151033_569ms,Flex. digitorum (R),R_The_ED_FD_FCR C,9,266.87847498013184,274.87847498013184,299.2382843527016,,,none,30.0,120,3,monophasic
Modulated_autosave_20260717_151033_569ms,Flex. digitorum (R),R_The_ED_FD_FCR C,10,300.2382843527016,308.2382843527016,332.5980937252714,,,none,30.0,120,3,monophasic
Modulated_autosave_20260717_151033_569ms,Flex. digitorum (R),R_The_ED_FD_FCR C,1,0.7942811758425705,8.79428117584257,32.35980937256977,,,none,30.0,125,3,monophasic
Modulated_autosave_20260717_151033_569ms,Flex. digitorum (R),R_The_ED_FD_FCR C,2,33.35980937256977,41.35980937256977,65.71961874516796,,,none,30.0,125,3,monophasic
Modulated_autosave_20260717_151033_569ms,Flex. digitorum (R),R_The_ED_FD_FCR C,3,66.71961874516796,74.71961874516796,99.07942811773773,,,none,30.0,125,3,monophasic
Modulated_autosave_20260717_151033_569ms,Flex. digitorum (R),R_The_ED_FD_FCR C,4,100.07942811773773,108.07942811773773,132.4392374903075,,,none,30.0,125,3,monophasic
Modulated_autosave_20260717_151033_569ms,Flex. digitorum (R),R_The_ED_FD_FCR C,5,133.4392374903075,141.4392374903075,165.79904686287728,,,none,30.0,125,3,monophasic
Modulated_autosave_20260717_151033_569ms,Flex. digitorum (R),R_The_ED_FD_FCR C,6,166.79904686287728,174.79904686287728,199.15885623544705,,,none,30.0,125,3,monophasic
Modulated_autosave_20260717_151033_569ms,Flex. digitorum (R),R_The_ED_FD_FCR C,7,200.15885623544705,208.15885623544705,232.51866560756207,,,none,30.0,125,3,monophasic
Modulated_autosave_20260717_151033_569ms,Flex. digitorum (R),R_The_ED_FD_FCR C,8,233.51866560756207,241.51866560756207,265.87847498013184,,,none,30.0,125,3,monophasic
Modulated_autosave_20260717_151033_569ms,Flex. digitorum (R),R_The_ED_FD_FCR C,9,266.87847498013184,274.87847498013184,299.2382843527016,,,none,30.0,125,3,monophasic
Modulated_autosave_20260717_151033_569ms,Flex. digitorum (R),R_The_ED_FD_FCR C,10,300.2382843527016,308.2382843527016,332.5980937252714,,,none,30.0,125,3,monophasic
Modulated_autosave_20260717_151033_569ms,Flex. digitorum (R),R_The_ED_FD_FCR C,1,0.7942811758425705,8.79428117584257,32.35980937256977,,,none,30.0,130,3,monophasic
Modulated_autosave_20260717_151033_569ms,Flex. digitorum (R),R_The_ED_FD_FCR C,2,33.35980937256977,41.35980937256977,65.71961874516796,,,none,30.0,130,3,monophasic
Modulated_autosave_20260717_151033_569ms,Flex. digitorum (R),R_The_ED_FD_FCR C,3,66.71961874516796,74.71961874516796,99.07942811773773,,,none,30.0,130,3,monophasic
Modulated_autosave_20260717_151033_569ms,Flex. digitorum (R),R_The_ED_FD_FCR C,4,100.07942811773773,108.07942811773773,132.4392374903075,,,none,30.0,130,3,monophasic
Modulated_autosave_20260717_151033_569ms,Flex. digitorum (R),R_The_ED_FD_FCR C,5,133.4392374903075,141.4392374903075,165.79904686287728,,,none,30.0,130,3,monophasic
Modulated_autosave_20260717_151033_569ms,Flex. digitorum (R),R_The_ED_FD_FCR C,6,166.79904686287728,174.79904686287728,199.15885623544705,,,none,30.0,130,3,monophasic
Modulated_autosave_20260717_151033_569ms,Flex. digitorum (R),R_The_ED_FD_FCR C,7,200.15885623544705,208.15885623544705,232.51866560756207,,,none,30.0,130,3,monophasic
Modulated_autosave_20260717_151033_569ms,Flex. digitorum (R),R_The_ED_FD_FCR C,8,233.51866560756207,241.51866560756207,265.87847498013184,,,none,30.0,130,3,monophasic
Modulated_autosave_20260717_151033_569ms,Flex. digitorum (R),R_The_ED_FD_FCR C,9,266.87847498013184,274.87847498013184,299.2382843527016,,,none,30.0,130,3,monophasic
Modulated_autosave_20260717_151033_569ms,Flex. digitorum (R),R_The_ED_FD_FCR C,10,300.2382843527016,308.2382843527016,332.5980937252714,,,none,30.0,130,3,monophasic
Modulated_autosave_20260717_151033_569ms,Flex. digitorum (R),R_The_ED_FD_FCR C,1,0.7942811758425705,8.79428117584257,32.35980937256977,0.08728160336613655,0.08728160336613655,none,30.0,135,3,monophasic
Modulated_autosave_20260717_151033_569ms,Flex. digitorum (R),R_The_ED_FD_FCR C,2,33.35980937256977,41.35980937256977,65.71961874516796,0.09869535639882088,0.09869535639882088,none,30.0,135,3,monophasic
Modulated_autosave_20260717_151033_569ms,Flex. digitorum (R),R_The_ED_FD_FCR C,3,66.71961874516796,74.71961874516796,99.07942811773773,0.03558404021896422,0.03558404021896422,none,30.0,135,3,monophasic
Modulated_autosave_20260717_151033_569ms,Flex. digitorum (R),R_The_ED_FD_FCR C,4,100.07942811773773,108.07942811773773,132.4392374903075,0.18228427320718765,0.18228427320718765,none,30.0,135,3,monophasic
Modulated_autosave_20260717_151033_569ms,Flex. digitorum (R),R_The_ED_FD_FCR C,5,133.4392374903075,141.4392374903075,165.79904686287728,0.09903105348348618,0.09903105348348618,none,30.0,135,3,monophasic
Modulated_autosave_20260717_151033_569ms,Flex. digitorum (R),R_The_ED_FD_FCR C,6,166.79904686287728,174.79904686287728,199.15885623544705,0.013595788273960352,0.013595788273960352,none,30.0,135,3,monophasic
Modulated_autosave_20260717_151033_569ms,Flex. digitorum (R),R_The_ED_FD_FCR C,7,200.15885623544705,208.15885623544705,232.51866560756207,0.02148470259271562,0.02148470259271562,none,30.0,135,3,monophasic
Modulated_autosave_20260717_151033_569ms,Flex. digitorum (R),R_The_ED_FD_FCR C,8,233.51866560756207,241.51866560756207,265.87847498013184,0.0798962377011776,0.0798962377011776,none,30.0,135,3,monophasic
Modulated_autosave_20260717_151033_569ms,Flex. digitorum (R),R_The_ED_FD_FCR C,9,266.87847498013184,274.87847498013184,299.2382843527016,0.09298847988247871,0.09298847988247871,none,30.0,135,3,monophasic
Modulated_autosave_20260717_151033_569ms,Flex. digitorum (R),R_The_ED_FD_FCR C,10,300.2382843527016,308.2382843527016,332.5980937252714,0.015609979163855314,0.015609979163855314,none,30.0,135,3,monophasic
Modulated_autosave_20260717_151033_569ms,Flex. digitorum (R),R_The_ED_FD_FCR C,1,0.7942811758425705,8.79428117584257,32.35980937256977,0.24573129415512085,0.24573129415512085,none,30.0,140,3,monophasic
Modulated_autosave_20260717_151033_569ms,Flex. digitorum (R),R_The_ED_FD_FCR C,2,33.35980937256977,41.35980937256977,65.71961874516796,0.16113527119159698,0.16113527119159698,none,30.0,140,3,monophasic
Modulated_autosave_20260717_151033_569ms,Flex. digitorum (R),R_The_ED_FD_FCR C,3,66.71961874516796,74.71961874516796,99.07942811773773,0.19839779660105705,0.19839779660105705,none,30.0,140,3,monophasic
Modulated_autosave_20260717_151033_569ms,Flex. digitorum (R),R_The_ED_FD_FCR C,4,100.07942811773773,108.07942811773773,132.4392374903075,0.09668116271495819,0.09668116271495819,none,30.0,140,3,monophasic
Modulated_autosave_20260717_151033_569ms,Flex. digitorum (R),R_The_ED_FD_FCR C,5,133.4392374903075,141.4392374903075,165.79904686287728,0.19739070534706116,0.19739070534706116,none,30.0,140,3,monophasic
Modulated_autosave_20260717_151033_569ms,Flex. digitorum (R),R_The_ED_FD_FCR C,6,166.79904686287728,174.79904686287728,199.15885623544705,0.09802395850419998,0.09802395850419998,none,30.0,140,3,monophasic
Modulated_autosave_20260717_151033_569ms,Flex. digitorum (R),R_The_ED_FD_FCR C,7,200.15885623544705,208.15885623544705,232.51866560756207,0.09063858911395073,0.09063858911395073,none,30.0,140,3,monophasic
Modulated_autosave_20260717_151033_569ms,Flex. digitorum (R),R_The_ED_FD_FCR C,8,233.51866560756207,241.51866560756207,265.87847498013184,0.2504310682415962,0.2504310682415962,none,30.0,140,3,monophasic
Modulated_autosave_20260717_151033_569ms,Flex. digitorum (R),R_The_ED_FD_FCR C,9,266.87847498013184,274.87847498013184,299.2382843527016,0.16516365110874176,0.16516365110874176,none,30.0,140,3,monophasic
Modulated_autosave_20260717_151033_569ms,Flex. digitorum (R),R_The_ED_FD_FCR C,10,300.2382843527016,308.2382843527016,332.5980937252714,0.08593881130218506,0.08593881130218506,none,30.0,140,3,monophasic
Modulated_autosave_20260717_151033_569ms,Flex. carpi rad. (R),R_The_ED_FD_FCR D,1,0.7942811758425705,8.79428117584257,32.35980937256977,,,none,30.0,45,3,monophasic
Modulated_autosave_20260717_151033_569ms,Flex. carpi rad. (R),R_The_ED_FD_FCR D,2,33.35980937256977,41.35980937256977,65.71961874516796,,,none,30.0,45,3,monophasic
Modulated_autosave_20260717_151033_569ms,Flex. carpi rad. (R),R_The_ED_FD_FCR D,3,66.71961874516796,74.71961874516796,99.07942811773773,,,none,30.0,45,3,monophasic
Modulated_autosave_20260717_151033_569ms,Flex. carpi rad. (R),R_The_ED_FD_FCR D,4,100.07942811773773,108.07942811773773,132.4392374903075,,,none,30.0,45,3,monophasic
Modulated_autosave_20260717_151033_569ms,Flex. carpi rad. (R),R_The_ED_FD_FCR D,5,133.4392374903075,141.4392374903075,165.79904686287728,,,none,30.0,45,3,monophasic
Modulated_autosave_20260717_151033_569ms,Flex. carpi rad. (R),R_The_ED_FD_FCR D,6,166.79904686287728,174.79904686287728,199.15885623544705,,,none,30.0,45,3,monophasic
Modulated_autosave_20260717_151033_569ms,Flex. carpi rad. (R),R_The_ED_FD_FCR D,7,200.15885623544705,208.15885623544705,232.51866560756207,,,none,30.0,45,3,monophasic
Modulated_autosave_20260717_151033_569ms,Flex. carpi rad. (R),R_The_ED_FD_FCR D,8,233.51866560756207,241.51866560756207,265.87847498013184,,,none,30.0,45,3,monophasic
Modulated_autosave_20260717_151033_569ms,Flex. carpi rad. (R),R_The_ED_FD_FCR D,9,266.87847498013184,274.87847498013184,299.2382843527016,,,none,30.0,45,3,monophasic
Modulated_autosave_20260717_151033_569ms,Flex. carpi rad. (R),R_The_ED_FD_FCR D,10,300.2382843527016,308.2382843527016,332.5980937252714,,,none,30.0,45,3,monophasic
Modulated_autosave_20260717_151033_569ms,Flex. carpi rad. (R),R_The_ED_FD_FCR D,1,0.7942811758425705,8.79428117584257,32.35980937256977,,,none,30.0,50,3,monophasic
Modulated_autosave_20260717_151033_569ms,Flex. carpi rad. (R),R_The_ED_FD_FCR D,2,33.35980937256977,41.35980937256977,65.71961874516796,,,none,30.0,50,3,monophasic
Modulated_autosave_20260717_151033_569ms,Flex. carpi rad. (R),R_The_ED_FD_FCR D,3,66.71961874516796,74.71961874516796,99.07942811773773,,,none,30.0,50,3,monophasic
Modulated_autosave_20260717_151033_569ms,Flex. carpi rad. (R),R_The_ED_FD_FCR D,4,100.07942811773773,108.07942811773773,132.4392374903075,,,none,30.0,50,3,monophasic
Modulated_autosave_20260717_151033_569ms,Flex. carpi rad. (R),R_The_ED_FD_FCR D,5,133.4392374903075,141.4392374903075,165.79904686287728,,,none,30.0,50,3,monophasic
Modulated_autosave_20260717_151033_569ms,Flex. carpi rad. (R),R_The_ED_FD_FCR D,6,166.79904686287728,174.79904686287728,199.15885623544705,,,none,30.0,50,3,monophasic
Modulated_autosave_20260717_151033_569ms,Flex. carpi rad. (R),R_The_ED_FD_FCR D,7,200.15885623544705,208.15885623544705,232.51866560756207,,,none,30.0,50,3,monophasic
Modulated_autosave_20260717_151033_569ms,Flex. carpi rad. (R),R_The_ED_FD_FCR D,8,233.51866560756207,241.51866560756207,265.87847498013184,,,none,30.0,50,3,monophasic
Modulated_autosave_20260717_151033_569ms,Flex. carpi rad. (R),R_The_ED_FD_FCR D,9,266.87847498013184,274.87847498013184,299.2382843527016,,,none,30.0,50,3,monophasic
Modulated_autosave_20260717_151033_569ms,Flex. carpi rad. (R),R_The_ED_FD_FCR D,10,300.2382843527016,308.2382843527016,332.5980937252714,,,none,30.0,50,3,monophasic
Modulated_autosave_20260717_151033_569ms,Flex. carpi rad. (R),R_The_ED_FD_FCR D,1,0.7942811758425705,8.79428117584257,32.35980937256977,,,none,30.0,55,3,monophasic
Modulated_autosave_20260717_151033_569ms,Flex. carpi rad. (R),R_The_ED_FD_FCR D,2,33.35980937256977,41.35980937256977,65.71961874516796,,,none,30.0,55,3,monophasic
Modulated_autosave_20260717_151033_569ms,Flex. carpi rad. (R),R_The_ED_FD_FCR D,3,66.71961874516796,74.71961874516796,99.07942811773773,,,none,30.0,55,3,monophasic
Modulated_autosave_20260717_151033_569ms,Flex. carpi rad. (R),R_The_ED_FD_FCR D,4,100.07942811773773,108.07942811773773,132.4392374903075,,,none,30.0,55,3,monophasic
Modulated_autosave_20260717_151033_569ms,Flex. carpi rad. (R),R_The_ED_FD_FCR D,5,133.4392374903075,141.4392374903075,165.79904686287728,,,none,30.0,55,3,monophasic
Modulated_autosave_20260717_151033_569ms,Flex. carpi rad. (R),R_The_ED_FD_FCR D,6,166.79904686287728,174.79904686287728,199.15885623544705,,,none,30.0,55,3,monophasic
Modulated_autosave_20260717_151033_569ms,Flex. carpi rad. (R),R_The_ED_FD_FCR D,7,200.15885623544705,208.15885623544705,232.51866560756207,,,none,30.0,55,3,monophasic
Modulated_autosave_20260717_151033_569ms,Flex. carpi rad. (R),R_The_ED_FD_FCR D,8,233.51866560756207,241.51866560756207,265.87847498013184,,,none,30.0,55,3,monophasic
Modulated_autosave_20260717_151033_569ms,Flex. carpi rad. (R),R_The_ED_FD_FCR D,9,266.87847498013184,274.87847498013184,299.2382843527016,,,none,30.0,55,3,monophasic
Modulated_autosave_20260717_151033_569ms,Flex. carpi rad. (R),R_The_ED_FD_FCR D,10,300.2382843527016,308.2382843527016,332.5980937252714,,,none,30.0,55,3,monophasic
Modulated_autosave_20260717_151033_569ms,Flex. carpi rad. (R),R_The_ED_FD_FCR D,1,0.7942811758425705,8.79428117584257,32.35980937256977,,,none,30.0,60,3,monophasic
Modulated_autosave_20260717_151033_569ms,Flex. carpi rad. (R),R_The_ED_FD_FCR D,2,33.35980937256977,41.35980937256977,65.71961874516796,,,none,30.0,60,3,monophasic
Modulated_autosave_20260717_151033_569ms,Flex. carpi rad. (R),R_The_ED_FD_FCR D,3,66.71961874516796,74.71961874516796,99.07942811773773,,,none,30.0,60,3,monophasic
Modulated_autosave_20260717_151033_569ms,Flex. carpi rad. (R),R_The_ED_FD_FCR D,4,100.07942811773773,108.07942811773773,132.4392374903075,,,none,30.0,60,3,monophasic
Modulated_autosave_20260717_151033_569ms,Flex. carpi rad. (R),R_The_ED_FD_FCR D,5,133.4392374903075,141.4392374903075,165.79904686287728,,,none,30.0,60,3,monophasic
Modulated_autosave_20260717_151033_569ms,Flex. carpi rad. (R),R_The_ED_FD_FCR D,6,166.79904686287728,174.79904686287728,199.15885623544705,,,none,30.0,60,3,monophasic
Modulated_autosave_20260717_151033_569ms,Flex. carpi rad. (R),R_The_ED_FD_FCR D,7,200.15885623544705,208.15885623544705,232.51866560756207,,,none,30.0,60,3,monophasic
Modulated_autosave_20260717_151033_569ms,Flex. carpi rad. (R),R_The_ED_FD_FCR D,8,233.51866560756207,241.51866560756207,265.87847498013184,,,none,30.0,60,3,monophasic
Modulated_autosave_20260717_151033_569ms,Flex. carpi rad. (R),R_The_ED_FD_FCR D,9,266.87847498013184,274.87847498013184,299.2382843527016,,,none,30.0,60,3,monophasic
Modulated_autosave_20260717_151033_569ms,Flex. carpi rad. (R),R_The_ED_FD_FCR D,10,300.2382843527016,308.2382843527016,332.5980937252714,,,none,30.0,60,3,monophasic
Modulated_autosave_20260717_151033_569ms,Flex. carpi rad. (R),R_The_ED_FD_FCR D,1,0.7942811758425705,8.79428117584257,32.35980937256977,,,none,30.0,65,3,monophasic
Modulated_autosave_20260717_151033_569ms,Flex. carpi rad. (R),R_The_ED_FD_FCR D,2,33.35980937256977,41.35980937256977,65.71961874516796,,,none,30.0,65,3,monophasic
Modulated_autosave_20260717_151033_569ms,Flex. carpi rad. (R),R_The_ED_FD_FCR D,3,66.71961874516796,74.71961874516796,99.07942811773773,,,none,30.0,65,3,monophasic
Modulated_autosave_20260717_151033_569ms,Flex. carpi rad. (R),R_The_ED_FD_FCR D,4,100.07942811773773,108.07942811773773,132.4392374903075,,,none,30.0,65,3,monophasic
Modulated_autosave_20260717_151033_569ms,Flex. carpi rad. (R),R_The_ED_FD_FCR D,5,133.4392374903075,141.4392374903075,165.79904686287728,,,none,30.0,65,3,monophasic
Modulated_autosave_20260717_151033_569ms,Flex. carpi rad. (R),R_The_ED_FD_FCR D,6,166.79904686287728,174.79904686287728,199.15885623544705,,,none,30.0,65,3,monophasic
Modulated_autosave_20260717_151033_569ms,Flex. carpi rad. (R),R_The_ED_FD_FCR D,7,200.15885623544705,208.15885623544705,232.51866560756207,,,none,30.0,65,3,monophasic
Modulated_autosave_20260717_151033_569ms,Flex. carpi rad. (R),R_The_ED_FD_FCR D,8,233.51866560756207,241.51866560756207,265.87847498013184,,,none,30.0,65,3,monophasic
Modulated_autosave_20260717_151033_569ms,Flex. carpi rad. (R),R_The_ED_FD_FCR D,9,266.87847498013184,274.87847498013184,299.2382843527016,,,none,30.0,65,3,monophasic
Modulated_autosave_20260717_151033_569ms,Flex. carpi rad. (R),R_The_ED_FD_FCR D,10,300.2382843527016,308.2382843527016,332.5980937252714,,,none,30.0,65,3,monophasic
Modulated_autosave_20260717_151033_569ms,Flex. carpi rad. (R),R_The_ED_FD_FCR D,1,0.7942811758425705,8.79428117584257,32.35980937256977,,,none,30.0,70,3,monophasic
Modulated_autosave_20260717_151033_569ms,Flex. carpi rad. (R),R_The_ED_FD_FCR D,2,33.35980937256977,41.35980937256977,65.71961874516796,,,none,30.0,70,3,monophasic
Modulated_autosave_20260717_151033_569ms,Flex. carpi rad. (R),R_The_ED_FD_FCR D,3,66.71961874516796,74.71961874516796,99.07942811773773,,,none,30.0,70,3,monophasic
Modulated_autosave_20260717_151033_569ms,Flex. carpi rad. (R),R_The_ED_FD_FCR D,4,100.07942811773773,108.07942811773773,132.4392374903075,,,none,30.0,70,3,monophasic
Modulated_autosave_20260717_151033_569ms,Flex. carpi rad. (R),R_The_ED_FD_FCR D,5,133.4392374903075,141.4392374903075,165.79904686287728,,,none,30.0,70,3,monophasic
Modulated_autosave_20260717_151033_569ms,Flex. carpi rad. (R),R_The_ED_FD_FCR D,6,166.79904686287728,174.79904686287728,199.15885623544705,,,none,30.0,70,3,monophasic
Modulated_autosave_20260717_151033_569ms,Flex. carpi rad. (R),R_The_ED_FD_FCR D,7,200.15885623544705,208.15885623544705,232.51866560756207,,,none,30.0,70,3,monophasic
Modulated_autosave_20260717_151033_569ms,Flex. carpi rad. (R),R_The_ED_FD_FCR D,8,233.51866560756207,241.51866560756207,265.87847498013184,,,none,30.0,70,3,monophasic
Modulated_autosave_20260717_151033_569ms,Flex. carpi rad. (R),R_The_ED_FD_FCR D,9,266.87847498013184,274.87847498013184,299.2382843527016,,,none,30.0,70,3,monophasic
Modulated_autosave_20260717_151033_569ms,Flex. carpi rad. (R),R_The_ED_FD_FCR D,10,300.2382843527016,308.2382843527016,332.5980937252714,,,none,30.0,70,3,monophasic
Modulated_autosave_20260717_151033_569ms,Flex. carpi rad. (R),R_The_ED_FD_FCR D,1,0.7942811758425705,8.79428117584257,32.35980937256977,,,none,30.0,75,3,monophasic
Modulated_autosave_20260717_151033_569ms,Flex. carpi rad. (R),R_The_ED_FD_FCR D,2,33.35980937256977,41.35980937256977,65.71961874516796,,,none,30.0,75,3,monophasic
Modulated_autosave_20260717_151033_569ms,Flex. carpi rad. (R),R_The_ED_FD_FCR D,3,66.71961874516796,74.71961874516796,99.07942811773773,,,none,30.0,75,3,monophasic
Modulated_autosave_20260717_151033_569ms,Flex. carpi rad. (R),R_The_ED_FD_FCR D,4,100.07942811773773,108.07942811773773,132.4392374903075,,,none,30.0,75,3,monophasic
Modulated_autosave_20260717_151033_569ms,Flex. carpi rad. (R),R_The_ED_FD_FCR D,5,133.4392374903075,141.4392374903075,165.79904686287728,,,none,30.0,75,3,monophasic
Modulated_autosave_20260717_151033_569ms,Flex. carpi rad. (R),R_The_ED_FD_FCR D,6,166.79904686287728,174.79904686287728,199.15885623544705,,,none,30.0,75,3,monophasic
Modulated_autosave_20260717_151033_569ms,Flex. carpi rad. (R),R_The_ED_FD_FCR D,7,200.15885623544705,208.15885623544705,232.51866560756207,,,none,30.0,75,3,monophasic
Modulated_autosave_20260717_151033_569ms,Flex. carpi rad. (R),R_The_ED_FD_FCR D,8,233.51866560756207,241.51866560756207,265.87847498013184,,,none,30.0,75,3,monophasic
Modulated_autosave_20260717_151033_569ms,Flex. carpi rad. (R),R_The_ED_FD_FCR D,9,266.87847498013184,274.87847498013184,299.2382843527016,,,none,30.0,75,3,monophasic
Modulated_autosave_20260717_151033_569ms,Flex. carpi rad. (R),R_The_ED_FD_FCR D,10,300.2382843527016,308.2382843527016,332.5980937252714,,,none,30.0,75,3,monophasic
Modulated_autosave_20260717_151033_569ms,Flex. carpi rad. (R),R_The_ED_FD_FCR D,1,0.7942811758425705,8.79428117584257,32.35980937256977,,,none,30.0,80,3,monophasic
Modulated_autosave_20260717_151033_569ms,Flex. carpi rad. (R),R_The_ED_FD_FCR D,2,33.35980937256977,41.35980937256977,65.71961874516796,,,none,30.0,80,3,monophasic
Modulated_autosave_20260717_151033_569ms,Flex. carpi rad. (R),R_The_ED_FD_FCR D,3,66.71961874516796,74.71961874516796,99.07942811773773,,,none,30.0,80,3,monophasic
Modulated_autosave_20260717_151033_569ms,Flex. carpi rad. (R),R_The_ED_FD_FCR D,4,100.07942811773773,108.07942811773773,132.4392374903075,,,none,30.0,80,3,monophasic
Modulated_autosave_20260717_151033_569ms,Flex. carpi rad. (R),R_The_ED_FD_FCR D,5,133.4392374903075,141.4392374903075,165.79904686287728,,,none,30.0,80,3,monophasic
Modulated_autosave_20260717_151033_569ms,Flex. carpi rad. (R),R_The_ED_FD_FCR D,6,166.79904686287728,174.79904686287728,199.15885623544705,,,none,30.0,80,3,monophasic
Modulated_autosave_20260717_151033_569ms,Flex. carpi rad. (R),R_The_ED_FD_FCR D,7,200.15885623544705,208.15885623544705,232.51866560756207,,,none,30.0,80,3,monophasic
Modulated_autosave_20260717_151033_569ms,Flex. carpi rad. (R),R_The_ED_FD_FCR D,8,233.51866560756207,241.51866560756207,265.87847498013184,,,none,30.0,80,3,monophasic
Modulated_autosave_20260717_151033_569ms,Flex. carpi rad. (R),R_The_ED_FD_FCR D,9,266.87847498013184,274.87847498013184,299.2382843527016,,,none,30.0,80,3,monophasic
Modulated_autosave_20260717_151033_569ms,Flex. carpi rad. (R),R_The_ED_FD_FCR D,10,300.2382843527016,308.2382843527016,332.5980937252714,,,none,30.0,80,3,monophasic
Modulated_autosave_20260717_151033_569ms,Flex. carpi rad. (R),R_The_ED_FD_FCR D,1,0.7942811758425705,8.79428117584257,32.35980937256977,,,none,30.0,85,3,monophasic
Modulated_autosave_20260717_151033_569ms,Flex. carpi rad. (R),R_The_ED_FD_FCR D,2,33.35980937256977,41.35980937256977,65.71961874516796,,,none,30.0,85,3,monophasic
Modulated_autosave_20260717_151033_569ms,Flex. carpi rad. (R),R_The_ED_FD_FCR D,3,66.71961874516796,74.71961874516796,99.07942811773773,,,none,30.0,85,3,monophasic
Modulated_autosave_20260717_151033_569ms,Flex. carpi rad. (R),R_The_ED_FD_FCR D,4,100.07942811773773,108.07942811773773,132.4392374903075,,,none,30.0,85,3,monophasic
Modulated_autosave_20260717_151033_569ms,Flex. carpi rad. (R),R_The_ED_FD_FCR D,5,133.4392374903075,141.4392374903075,165.79904686287728,,,none,30.0,85,3,monophasic
Modulated_autosave_20260717_151033_569ms,Flex. carpi rad. (R),R_The_ED_FD_FCR D,6,166.79904686287728,174.79904686287728,199.15885623544705,,,none,30.0,85,3,monophasic
Modulated_autosave_20260717_151033_569ms,Flex. carpi rad. (R),R_The_ED_FD_FCR D,7,200.15885623544705,208.15885623544705,232.51866560756207,,,none,30.0,85,3,monophasic
Modulated_autosave_20260717_151033_569ms,Flex. carpi rad. (R),R_The_ED_FD_FCR D,8,233.51866560756207,241.51866560756207,265.87847498013184,,,none,30.0,85,3,monophasic
Modulated_autosave_20260717_151033_569ms,Flex. carpi rad. (R),R_The_ED_FD_FCR D,9,266.87847498013184,274.87847498013184,299.2382843527016,,,none,30.0,85,3,monophasic
Modulated_autosave_20260717_151033_569ms,Flex. carpi rad. (R),R_The_ED_FD_FCR D,10,300.2382843527016,308.2382843527016,332.5980937252714,,,none,30.0,85,3,monophasic
Modulated_autosave_20260717_151033_569ms,Flex. carpi rad. (R),R_The_ED_FD_FCR D,1,0.7942811758425705,8.79428117584257,32.35980937256977,,,none,30.0,90,3,monophasic
Modulated_autosave_20260717_151033_569ms,Flex. carpi rad. (R),R_The_ED_FD_FCR D,2,33.35980937256977,41.35980937256977,65.71961874516796,,,none,30.0,90,3,monophasic
Modulated_autosave_20260717_151033_569ms,Flex. carpi rad. (R),R_The_ED_FD_FCR D,3,66.71961874516796,74.71961874516796,99.07942811773773,,,none,30.0,90,3,monophasic
Modulated_autosave_20260717_151033_569ms,Flex. carpi rad. (R),R_The_ED_FD_FCR D,4,100.07942811773773,108.07942811773773,132.4392374903075,,,none,30.0,90,3,monophasic
Modulated_autosave_20260717_151033_569ms,Flex. carpi rad. (R),R_The_ED_FD_FCR D,5,133.4392374903075,141.4392374903075,165.79904686287728,,,none,30.0,90,3,monophasic
Modulated_autosave_20260717_151033_569ms,Flex. carpi rad. (R),R_The_ED_FD_FCR D,6,166.79904686287728,174.79904686287728,199.15885623544705,,,none,30.0,90,3,monophasic
Modulated_autosave_20260717_151033_569ms,Flex. carpi rad. (R),R_The_ED_FD_FCR D,7,200.15885623544705,208.15885623544705,232.51866560756207,,,none,30.0,90,3,monophasic
Modulated_autosave_20260717_151033_569ms,Flex. carpi rad. (R),R_The_ED_FD_FCR D,8,233.51866560756207,241.51866560756207,265.87847498013184,,,none,30.0,90,3,monophasic
Modulated_autosave_20260717_151033_569ms,Flex. carpi rad. (R),R_The_ED_FD_FCR D,9,266.87847498013184,274.87847498013184,299.2382843527016,,,none,30.0,90,3,monophasic
Modulated_autosave_20260717_151033_569ms,Flex. carpi rad. (R),R_The_ED_FD_FCR D,10,300.2382843527016,308.2382843527016,332.5980937252714,,,none,30.0,90,3,monophasic
Modulated_autosave_20260717_151033_569ms,Flex. carpi rad. (R),R_The_ED_FD_FCR D,1,0.7942811758425705,8.79428117584257,32.35980937256977,,,none,30.0,95,3,monophasic
Modulated_autosave_20260717_151033_569ms,Flex. carpi rad. (R),R_The_ED_FD_FCR D,2,33.35980937256977,41.35980937256977,65.71961874516796,,,none,30.0,95,3,monophasic
Modulated_autosave_20260717_151033_569ms,Flex. carpi rad. (R),R_The_ED_FD_FCR D,3,66.71961874516796,74.71961874516796,99.07942811773773,,,none,30.0,95,3,monophasic
Modulated_autosave_20260717_151033_569ms,Flex. carpi rad. (R),R_The_ED_FD_FCR D,4,100.07942811773773,108.07942811773773,132.4392374903075,,,none,30.0,95,3,monophasic
Modulated_autosave_20260717_151033_569ms,Flex. carpi rad. (R),R_The_ED_FD_FCR D,5,133.4392374903075,141.4392374903075,165.79904686287728,,,none,30.0,95,3,monophasic
Modulated_autosave_20260717_151033_569ms,Flex. carpi rad. (R),R_The_ED_FD_FCR D,6,166.79904686287728,174.79904686287728,199.15885623544705,,,none,30.0,95,3,monophasic
Modulated_autosave_20260717_151033_569ms,Flex. carpi rad. (R),R_The_ED_FD_FCR D,7,200.15885623544705,208.15885623544705,232.51866560756207,,,none,30.0,95,3,monophasic
Modulated_autosave_20260717_151033_569ms,Flex. carpi rad. (R),R_The_ED_FD_FCR D,8,233.51866560756207,241.51866560756207,265.87847498013184,,,none,30.0,95,3,monophasic
Modulated_autosave_20260717_151033_569ms,Flex. carpi rad. (R),R_The_ED_FD_FCR D,9,266.87847498013184,274.87847498013184,299.2382843527016,,,none,30.0,95,3,monophasic
Modulated_autosave_20260717_151033_569ms,Flex. carpi rad. (R),R_The_ED_FD_FCR D,10,300.2382843527016,308.2382843527016,332.5980937252714,,,none,30.0,95,3,monophasic
Modulated_autosave_20260717_151033_569ms,Flex. carpi rad. (R),R_The_ED_FD_FCR D,1,0.7942811758425705,8.79428117584257,32.35980937256977,,,none,30.0,100,3,monophasic
Modulated_autosave_20260717_151033_569ms,Flex. carpi rad. (R),R_The_ED_FD_FCR D,2,33.35980937256977,41.35980937256977,65.71961874516796,,,none,30.0,100,3,monophasic
Modulated_autosave_20260717_151033_569ms,Flex. carpi rad. (R),R_The_ED_FD_FCR D,3,66.71961874516796,74.71961874516796,99.07942811773773,,,none,30.0,100,3,monophasic
Modulated_autosave_20260717_151033_569ms,Flex. carpi rad. (R),R_The_ED_FD_FCR D,4,100.07942811773773,108.07942811773773,132.4392374903075,,,none,30.0,100,3,monophasic
Modulated_autosave_20260717_151033_569ms,Flex. carpi rad. (R),R_The_ED_FD_FCR D,5,133.4392374903075,141.4392374903075,165.79904686287728,,,none,30.0,100,3,monophasic
Modulated_autosave_20260717_151033_569ms,Flex. carpi rad. (R),R_The_ED_FD_FCR D,6,166.79904686287728,174.79904686287728,199.15885623544705,,,none,30.0,100,3,monophasic
Modulated_autosave_20260717_151033_569ms,Flex. carpi rad. (R),R_The_ED_FD_FCR D,7,200.15885623544705,208.15885623544705,232.51866560756207,,,none,30.0,100,3,monophasic
Modulated_autosave_20260717_151033_569ms,Flex. carpi rad. (R),R_The_ED_FD_FCR D,8,233.51866560756207,241.51866560756207,265.87847498013184,,,none,30.0,100,3,monophasic
Modulated_autosave_20260717_151033_569ms,Flex. carpi rad. (R),R_The_ED_FD_FCR D,9,266.87847498013184,274.87847498013184,299.2382843527016,,,none,30.0,100,3,monophasic
Modulated_autosave_20260717_151033_569ms,Flex. carpi rad. (R),R_The_ED_FD_FCR D,10,300.2382843527016,308.2382843527016,332.5980937252714,,,none,30.0,100,3,monophasic
Modulated_autosave_20260717_151033_569ms,Flex. carpi rad. (R),R_The_ED_FD_FCR D,1,0.7942811758425705,8.79428117584257,32.35980937256977,,,none,30.0,105,3,monophasic
Modulated_autosave_20260717_151033_569ms,Flex. carpi rad. (R),R_The_ED_FD_FCR D,2,33.35980937256977,41.35980937256977,65.71961874516796,,,none,30.0,105,3,monophasic
Modulated_autosave_20260717_151033_569ms,Flex. carpi rad. (R),R_The_ED_FD_FCR D,3,66.71961874516796,74.71961874516796,99.07942811773773,,,none,30.0,105,3,monophasic
Modulated_autosave_20260717_151033_569ms,Flex. carpi rad. (R),R_The_ED_FD_FCR D,4,100.07942811773773,108.07942811773773,132.4392374903075,,,none,30.0,105,3,monophasic
Modulated_autosave_20260717_151033_569ms,Flex. carpi rad. (R),R_The_ED_FD_FCR D,5,133.4392374903075,141.4392374903075,165.79904686287728,,,none,30.0,105,3,monophasic
Modulated_autosave_20260717_151033_569ms,Flex. carpi rad. (R),R_The_ED_FD_FCR D,6,166.79904686287728,174.79904686287728,199.15885623544705,,,none,30.0,105,3,monophasic
Modulated_autosave_20260717_151033_569ms,Flex. carpi rad. (R),R_The_ED_FD_FCR D,7,200.15885623544705,208.15885623544705,232.51866560756207,,,none,30.0,105,3,monophasic
Modulated_autosave_20260717_151033_569ms,Flex. carpi rad. (R),R_The_ED_FD_FCR D,8,233.51866560756207,241.51866560756207,265.87847498013184,,,none,30.0,105,3,monophasic
Modulated_autosave_20260717_151033_569ms,Flex. carpi rad. (R),R_The_ED_FD_FCR D,9,266.87847498013184,274.87847498013184,299.2382843527016,,,none,30.0,105,3,monophasic
Modulated_autosave_20260717_151033_569ms,Flex. carpi rad. (R),R_The_ED_FD_FCR D,10,300.2382843527016,308.2382843527016,332.5980937252714,,,none,30.0,105,3,monophasic
Modulated_autosave_20260717_151033_569ms,Flex. carpi rad. (R),R_The_ED_FD_FCR D,1,0.7942811758425705,8.79428117584257,32.35980937256977,,,none,30.0,110,3,monophasic
Modulated_autosave_20260717_151033_569ms,Flex. carpi rad. (R),R_The_ED_FD_FCR D,2,33.35980937256977,41.35980937256977,65.71961874516796,,,none,30.0,110,3,monophasic
Modulated_autosave_20260717_151033_569ms,Flex. carpi rad. (R),R_The_ED_FD_FCR D,3,66.71961874516796,74.71961874516796,99.07942811773773,,,none,30.0,110,3,monophasic
Modulated_autosave_20260717_151033_569ms,Flex. carpi rad. (R),R_The_ED_FD_FCR D,4,100.07942811773773,108.07942811773773,132.4392374903075,,,none,30.0,110,3,monophasic
Modulated_autosave_20260717_151033_569ms,Flex. carpi rad. (R),R_The_ED_FD_FCR D,5,133.4392374903075,141.4392374903075,165.79904686287728,,,none,30.0,110,3,monophasic
Modulated_autosave_20260717_151033_569ms,Flex. carpi rad. (R),R_The_ED_FD_FCR D,6,166.79904686287728,174.79904686287728,199.15885623544705,,,none,30.0,110,3,monophasic
Modulated_autosave_20260717_151033_569ms,Flex. carpi rad. (R),R_The_ED_FD_FCR D,7,200.15885623544705,208.15885623544705,232.51866560756207,,,none,30.0,110,3,monophasic
Modulated_autosave_20260717_151033_569ms,Flex. carpi rad. (R),R_The_ED_FD_FCR D,8,233.51866560756207,241.51866560756207,265.87847498013184,,,none,30.0,110,3,monophasic
Modulated_autosave_20260717_151033_569ms,Flex. carpi rad. (R),R_The_ED_FD_FCR D,9,266.87847498013184,274.87847498013184,299.2382843527016,,,none,30.0,110,3,monophasic
Modulated_autosave_20260717_151033_569ms,Flex. carpi rad. (R),R_The_ED_FD_FCR D,10,300.2382843527016,308.2382843527016,332.5980937252714,,,none,30.0,110,3,monophasic
Modulated_autosave_20260717_151033_569ms,Flex. carpi rad. (R),R_The_ED_FD_FCR D,1,0.7942811758425705,8.79428117584257,32.35980937256977,,,none,30.0,115,3,monophasic
Modulated_autosave_20260717_151033_569ms,Flex. carpi rad. (R),R_The_ED_FD_FCR D,2,33.35980937256977,41.35980937256977,65.71961874516796,,,none,30.0,115,3,monophasic
Modulated_autosave_20260717_151033_569ms,Flex. carpi rad. (R),R_The_ED_FD_FCR D,3,66.71961874516796,74.71961874516796,99.07942811773773,,,none,30.0,115,3,monophasic
Modulated_autosave_20260717_151033_569ms,Flex. carpi rad. (R),R_The_ED_FD_FCR D,4,100.07942811773773,108.07942811773773,132.4392374903075,,,none,30.0,115,3,monophasic
Modulated_autosave_20260717_151033_569ms,Flex. carpi rad. (R),R_The_ED_FD_FCR D,5,133.4392374903075,141.4392374903075,165.79904686287728,,,none,30.0,115,3,monophasic
Modulated_autosave_20260717_151033_569ms,Flex. carpi rad. (R),R_The_ED_FD_FCR D,6,166.79904686287728,174.79904686287728,199.15885623544705,,,none,30.0,115,3,monophasic
Modulated_autosave_20260717_151033_569ms,Flex. carpi rad. (R),R_The_ED_FD_FCR D,7,200.15885623544705,208.15885623544705,232.51866560756207,,,none,30.0,115,3,monophasic
Modulated_autosave_20260717_151033_569ms,Flex. carpi rad. (R),R_The_ED_FD_FCR D,8,233.51866560756207,241.51866560756207,265.87847498013184,,,none,30.0,115,3,monophasic
Modulated_autosave_20260717_151033_569ms,Flex. carpi rad. (R),R_The_ED_FD_FCR D,9,266.87847498013184,274.87847498013184,299.2382843527016,,,none,30.0,115,3,monophasic
Modulated_autosave_20260717_151033_569ms,Flex. carpi rad. (R),R_The_ED_FD_FCR D,10,300.2382843527016,308.2382843527016,332.5980937252714,,,none,30.0,115,3,monophasic
Modulated_autosave_20260717_151033_569ms,Flex. carpi rad. (R),R_The_ED_FD_FCR D,1,0.7942811758425705,8.79428117584257,32.35980937256977,,,none,30.0,120,3,monophasic
Modulated_autosave_20260717_151033_569ms,Flex. carpi rad. (R),R_The_ED_FD_FCR D,2,33.35980937256977,41.35980937256977,65.71961874516796,,,none,30.0,120,3,monophasic
Modulated_autosave_20260717_151033_569ms,Flex. carpi rad. (R),R_The_ED_FD_FCR D,3,66.71961874516796,74.71961874516796,99.07942811773773,,,none,30.0,120,3,monophasic
Modulated_autosave_20260717_151033_569ms,Flex. carpi rad. (R),R_The_ED_FD_FCR D,4,100.07942811773773,108.07942811773773,132.4392374903075,,,none,30.0,120,3,monophasic
Modulated_autosave_20260717_151033_569ms,Flex. carpi rad. (R),R_The_ED_FD_FCR D,5,133.4392374903075,141.4392374903075,165.79904686287728,,,none,30.0,120,3,monophasic
Modulated_autosave_20260717_151033_569ms,Flex. carpi rad. (R),R_The_ED_FD_FCR D,6,166.79904686287728,174.79904686287728,199.15885623544705,,,none,30.0,120,3,monophasic
Modulated_autosave_20260717_151033_569ms,Flex. carpi rad. (R),R_The_ED_FD_FCR D,7,200.15885623544705,208.15885623544705,232.51866560756207,,,none,30.0,120,3,monophasic
Modulated_autosave_20260717_151033_569ms,Flex. carpi rad. (R),R_The_ED_FD_FCR D,8,233.51866560756207,241.51866560756207,265.87847498013184,,,none,30.0,120,3,monophasic
Modulated_autosave_20260717_151033_569ms,Flex. carpi rad. (R),R_The_ED_FD_FCR D,9,266.87847498013184,274.87847498013184,299.2382843527016,,,none,30.0,120,3,monophasic
Modulated_autosave_20260717_151033_569ms,Flex. carpi rad. (R),R_The_ED_FD_FCR D,10,300.2382843527016,308.2382843527016,332.5980937252714,,,none,30.0,120,3,monophasic
Modulated_autosave_20260717_151033_569ms,Flex. carpi rad. (R),R_The_ED_FD_FCR D,1,0.7942811758425705,8.79428117584257,32.35980937256977,,,none,30.0,125,3,monophasic
Modulated_autosave_20260717_151033_569ms,Flex. carpi rad. (R),R_The_ED_FD_FCR D,2,33.35980937256977,41.35980937256977,65.71961874516796,,,none,30.0,125,3,monophasic
Modulated_autosave_20260717_151033_569ms,Flex. carpi rad. (R),R_The_ED_FD_FCR D,3,66.71961874516796,74.71961874516796,99.07942811773773,,,none,30.0,125,3,monophasic
Modulated_autosave_20260717_151033_569ms,Flex. carpi rad. (R),R_The_ED_FD_FCR D,4,100.07942811773773,108.07942811773773,132.4392374903075,,,none,30.0,125,3,monophasic
Modulated_autosave_20260717_151033_569ms,Flex. carpi rad. (R),R_The_ED_FD_FCR D,5,133.4392374903075,141.4392374903075,165.79904686287728,,,none,30.0,125,3,monophasic
Modulated_autosave_20260717_151033_569ms,Flex. carpi rad. (R),R_The_ED_FD_FCR D,6,166.79904686287728,174.79904686287728,199.15885623544705,,,none,30.0,125,3,monophasic
Modulated_autosave_20260717_151033_569ms,Flex. carpi rad. (R),R_The_ED_FD_FCR D,7,200.15885623544705,208.15885623544705,232.51866560756207,,,none,30.0,125,3,monophasic
Modulated_autosave_20260717_151033_569ms,Flex. carpi rad. (R),R_The_ED_FD_FCR D,8,233.51866560756207,241.51866560756207,265.87847498013184,,,none,30.0,125,3,monophasic
Modulated_autosave_20260717_151033_569ms,Flex. carpi rad. (R),R_The_ED_FD_FCR D,9,266.87847498013184,274.87847498013184,299.2382843527016,,,none,30.0,125,3,monophasic
Modulated_autosave_20260717_151033_569ms,Flex. carpi rad. (R),R_The_ED_FD_FCR D,10,300.2382843527016,308.2382843527016,332.5980937252714,,,none,30.0,125,3,monophasic
Modulated_autosave_20260717_151033_569ms,Flex. carpi rad. (R),R_The_ED_FD_FCR D,1,0.7942811758425705,8.79428117584257,32.35980937256977,0.02114900341257453,0.02114900341257453,none,30.0,130,3,monophasic
Modulated_autosave_20260717_151033_569ms,Flex. carpi rad. (R),R_The_ED_FD_FCR D,2,33.35980937256977,41.35980937256977,65.71961874516796,0.00889600906521082,0.00889600906521082,none,30.0,130,3,monophasic
Modulated_autosave_20260717_151033_569ms,Flex. carpi rad. (R),R_The_ED_FD_FCR D,3,66.71961874516796,74.71961874516796,99.07942811773773,0.005035477690398693,0.005035477690398693,none,30.0,130,3,monophasic
Modulated_autosave_20260717_151033_569ms,Flex. carpi rad. (R),R_The_ED_FD_FCR D,4,100.07942811773773,108.07942811773773,132.4392374903075,0.021484703291207552,0.021484703291207552,none,30.0,130,3,monophasic
Modulated_autosave_20260717_151033_569ms,Flex. carpi rad. (R),R_The_ED_FD_FCR D,5,133.4392374903075,141.4392374903075,165.79904686287728,0.007049668580293655,0.007049668580293655,none,30.0,130,3,monophasic
Modulated_autosave_20260717_151033_569ms,Flex. carpi rad. (R),R_The_ED_FD_FCR D,6,166.79904686287728,174.79904686287728,199.15885623544705,0.006378271616995335,0.006378271616995335,none,30.0,130,3,monophasic
Modulated_autosave_20260717_151033_569ms,Flex. carpi rad. (R),R_The_ED_FD_FCR D,7,200.15885623544705,208.15885623544705,232.51866560756207,0.004699778743088245,0.004699778743088245,none,30.0,130,3,monophasic
Modulated_autosave_20260717_151033_569ms,Flex. carpi rad. (R),R_The_ED_FD_FCR D,8,233.51866560756207,241.51866560756207,265.87847498013184,0.019806209951639175,0.019806209951639175,none,30.0,130,3,monophasic
Modulated_autosave_20260717_151033_569ms,Flex. carpi rad. (R),R_The_ED_FD_FCR D,9,266.87847498013184,274.87847498013184,299.2382843527016,0.00939955748617649,0.00939955748617649,none,30.0,130,3,monophasic
Modulated_autosave_20260717_151033_569ms,Flex. carpi rad. (R),R_The_ED_FD_FCR D,10,300.2382843527016,308.2382843527016,332.5980937252714,0.018631266430020332,0.018631266430020332,none,30.0,130,3,monophasic
Modulated_autosave_20260717_151033_569ms,Flex. carpi rad. (R),R_The_ED_FD_FCR D,1,0.7942811758425705,8.79428117584257,32.35980937256977,0.04951552674174309,0.04951552674174309,none,30.0,135,3,monophasic
Modulated_autosave_20260717_151033_569ms,Flex. carpi rad. (R),R_The_ED_FD_FCR D,2,33.35980937256977,41.35980937256977,65.71961874516796,0.015777829568833113,0.015777829568833113,none,30.0,135,3,monophasic
Modulated_autosave_20260717_151033_569ms,Flex. carpi rad. (R),R_The_ED_FD_FCR D,3,66.71961874516796,74.71961874516796,99.07942811773773,0.007049668580293655,0.007049668580293655,none,30.0,135,3,monophasic
Modulated_autosave_20260717_151033_569ms,Flex. carpi rad. (R),R_The_ED_FD_FCR D,4,100.07942811773773,108.07942811773773,132.4392374903075,0.7093309164047241,0.7093309164047241,none,30.0,135,3,monophasic
Modulated_autosave_20260717_151033_569ms,Flex. carpi rad. (R),R_The_ED_FD_FCR D,5,133.4392374903075,141.4392374903075,165.79904686287728,0.013763637281954288,0.013763637281954288,none,30.0,135,3,monophasic
Modulated_autosave_20260717_151033_569ms,Flex. carpi rad. (R),R_The_ED_FD_FCR D,6,166.79904686287728,174.79904686287728,199.15885623544705,0.02333104400895536,0.02333104400895536,none,30.0,135,3,monophasic
Modulated_autosave_20260717_151033_569ms,Flex. carpi rad. (R),R_The_ED_FD_FCR D,7,200.15885623544705,208.15885623544705,232.51866560756207,0.6643472909927368,0.6643472909927368,none,30.0,135,3,monophasic
Modulated_autosave_20260717_151033_569ms,Flex. carpi rad. (R),R_The_ED_FD_FCR D,8,233.51866560756207,241.51866560756207,265.87847498013184,0.05622949544340372,0.05622949544340372,none,30.0,135,3,monophasic
Modulated_autosave_20260717_151033_569ms,Flex. carpi rad. (R),R_The_ED_FD_FCR D,9,266.87847498013184,274.87847498013184,299.2382843527016,0.07318226993083954,0.07318226993083954,none,30.0,135,3,monophasic
Modulated_autosave_20260717_151033_569ms,Flex. carpi rad. (R),R_The_ED_FD_FCR D,10,300.2382843527016,308.2382843527016,332.5980937252714,0.6124818921089172,0.6124818921089172,none,30.0,135,3,monophasic
Modulated_autosave_20260717_151033_569ms,Flex. carpi rad. (R),R_The_ED_FD_FCR D,1,0.7942811758425705,8.79428117584257,32.35980937256977,0.7136949598789215,0.7136949598789215,none,30.0,140,3,monophasic
Modulated_autosave_20260717_151033_569ms,Flex. carpi rad. (R),R_The_ED_FD_FCR D,2,33.35980937256977,41.35980937256977,65.71961874516796,0.7230945229530334,0.7230945229530334,none,30.0,140,3,monophasic
Modulated_autosave_20260717_151033_569ms,Flex. carpi rad. (R),R_The_ED_FD_FCR D,3,66.71961874516796,74.71961874516796,99.07942811773773,0.050858318572863936,0.050858318572863936,none,30.0,140,3,monophasic
Modulated_autosave_20260717_151033_569ms,Flex. carpi rad. (R),R_The_ED_FD_FCR D,4,100.07942811773773,108.07942811773773,132.4392374903075,0.7106736898422241,0.7106736898422241,none,30.0,140,3,monophasic
Modulated_autosave_20260717_151033_569ms,Flex. carpi rad. (R),R_The_ED_FD_FCR D,5,133.4392374903075,141.4392374903075,165.79904686287728,0.06898603774607182,0.06898603774607182,none,30.0,140,3,monophasic
Modulated_autosave_20260717_151033_569ms,Flex. carpi rad. (R),R_The_ED_FD_FCR D,6,166.79904686287728,174.79904686287728,199.15885623544705,0.6450446248054504,0.6450446248054504,none,30.0,140,3,monophasic
Modulated_autosave_20260717_151033_569ms,Flex. carpi rad. (R),R_The_ED_FD_FCR D,7,200.15885623544705,208.15885623544705,232.51866560756207,0.04565499350428581,0.04565499350428581,none,30.0,140,3,monophasic
Modulated_autosave_20260717_151033_569ms,Flex. carpi rad. (R),R_The_ED_FD_FCR D,8,233.51866560756207,241.51866560756207,265.87847498013184,0.6645151376724243,0.6645151376724243,none,30.0,140,3,monophasic
Modulated_autosave_20260717_151033_569ms,Flex. carpi rad. (R),R_The_ED_FD_FCR D,9,266.87847498013184,274.87847498013184,299.2382843527016,0.05337605718523264,0.05337605718523264,none,30.0,140,3,monophasic
Modulated_autosave_20260717_151033_569ms,Flex. carpi rad. (R),R_The_ED_FD_FCR D,10,300.2382843527016,308.2382843527016,332.5980937252714,0.6431982815265656,0.6431982815265656,none,30.0,140,3,monophasic
