source_file,muscle,channel,pulse,pulse_t_ms,win_start_ms,win_stop_ms,p2p,p2p_norm_pct,norm_mode,freq_hz,amp_ma,electrode,mode
Burst_autosave_20260717_150503_708ms,Deltoid med. (L),L_DELmed,1,0.0,8.0,32.35980937256977,,,none,30.0,10,3,monophasic
Burst_autosave_20260717_150503_708ms,Deltoid med. (L),L_DELmed,2,33.35980937256977,41.35980937256977,65.71961874513954,,,none,30.0,10,3,monophasic
Burst_autosave_20260717_150503_708ms,Deltoid med. (L),L_DELmed,3,66.71961874513954,74.71961874513954,99.07942811770931,,,none,30.0,10,3,monophasic
Burst_autosave_20260717_150503_708ms,Deltoid med. (L),L_DELmed,4,100.07942811770931,108.07942811770931,132.43923749027908,,,none,30.0,10,3,monophasic
Burst_autosave_20260717_150503_708ms,Deltoid med. (L),L_DELmed,5,133.43923749027908,141.43923749027908,165.79904686284885,,,none,30.0,10,3,monophasic
Burst_autosave_20260717_150503_708ms,Deltoid med. (L),L_DELmed,6,166.79904686284885,174.79904686284885,199.15885623544705,,,none,30.0,10,3,monophasic
Burst_autosave_20260717_150503_708ms,Deltoid med. (L),L_DELmed,7,200.15885623544705,208.15885623544705,232.51866560801682,,,none,30.0,10,3,monophasic
Burst_autosave_20260717_150503_708ms,Deltoid med. (L),L_DELmed,8,233.51866560801682,241.51866560801682,265.08419380477244,,,none,30.0,10,3,monophasic
Burst_autosave_20260717_150503_708ms,Deltoid med. (L),L_DELmed,9,266.08419380477244,274.08419380477244,299.2382843527016,,,none,30.0,10,3,monophasic
Burst_autosave_20260717_150503_708ms,Deltoid med. (L),L_DELmed,10,300.2382843527016,308.2382843527016,332.5980937252714,,,none,30.0,10,3,monophasic
Burst_autosave_20260717_150503_708ms,Deltoid med. (L),L_DELmed,1,0.0,8.0,32.35980937256977,,,none,30.0,15,3,monophasic
Burst_autosave_20260717_150503_708ms,Deltoid med. (L),L_DELmed,2,33.35980937256977,41.35980937256977,65.71961874513954,,,none,30.0,15,3,monophasic
Burst_autosave_20260717_150503_708ms,Deltoid med. (L),L_DELmed,3,66.71961874513954,74.71961874513954,99.07942811770931,,,none,30.0,15,3,monophasic
Burst_autosave_20260717_150503_708ms,Deltoid med. (L),L_DELmed,4,100.07942811770931,108.07942811770931,132.43923749027908,,,none,30.0,15,3,monophasic
Burst_autosave_20260717_150503_708ms,Deltoid med. (L),L_DELmed,5,133.43923749027908,141.43923749027908,165.79904686284885,,,none,30.0,15,3,monophasic
Burst_autosave_20260717_150503_708ms,Deltoid med. (L),L_DELmed,6,166.79904686284885,174.79904686284885,199.15885623544705,,,none,30.0,15,3,monophasic
Burst_autosave_20260717_150503_708ms,Deltoid med. (L),L_DELmed,7,200.15885623544705,208.15885623544705,232.51866560801682,,,none,30.0,15,3,monophasic
Burst_autosave_20260717_150503_708ms,Deltoid med. (L),L_DELmed,8,233.51866560801682,241.51866560801682,265.08419380477244,,,none,30.0,15,3,monophasic
Burst_autosave_20260717_150503_708ms,Deltoid med. (L),L_DELmed,9,266.08419380477244,274.08419380477244,299.2382843527016,,,none,30.0,15,3,monophasic
Burst_autosave_20260717_150503_708ms,Deltoid med. (L),L_DELmed,10,300.2382843527016,308.2382843527016,332.5980937252714,,,none,30.0,15,3,monophasic
Burst_autosave_20260717_150503_708ms,Deltoid med. (L),L_DELmed,1,0.0,8.0,32.35980937256977,,,none,30.0,20,3,monophasic
Burst_autosave_20260717_150503_708ms,Deltoid med. (L),L_DELmed,2,33.35980937256977,41.35980937256977,65.71961874513954,,,none,30.0,20,3,monophasic
Burst_autosave_20260717_150503_708ms,Deltoid med. (L),L_DELmed,3,66.71961874513954,74.71961874513954,99.07942811770931,,,none,30.0,20,3,monophasic
Burst_autosave_20260717_150503_708ms,Deltoid med. (L),L_DELmed,4,100.07942811770931,108.07942811770931,132.43923749027908,,,none,30.0,20,3,monophasic
Burst_autosave_20260717_150503_708ms,Deltoid med. (L),L_DELmed,5,133.43923749027908,141.43923749027908,165.79904686284885,,,none,30.0,20,3,monophasic
Burst_autosave_20260717_150503_708ms,Deltoid med. (L),L_DELmed,6,166.79904686284885,174.79904686284885,199.15885623544705,,,none,30.0,20,3,monophasic
Burst_autosave_20260717_150503_708ms,Deltoid med. (L),L_DELmed,7,200.15885623544705,208.15885623544705,232.51866560801682,,,none,30.0,20,3,monophasic
Burst_autosave_20260717_150503_708ms,Deltoid med. (L),L_DELmed,8,233.51866560801682,241.51866560801682,265.08419380477244,,,none,30.0,20,3,monophasic
Burst_autosave_20260717_150503_708ms,Deltoid med. (L),L_DELmed,9,266.08419380477244,274.08419380477244,299.2382843527016,,,none,30.0,20,3,monophasic
Burst_autosave_20260717_150503_708ms,Deltoid med. (L),L_DELmed,10,300.2382843527016,308.2382843527016,332.5980937252714,,,none,30.0,20,3,monophasic
Burst_autosave_20260717_150503_708ms,Deltoid med. (L),L_DELmed,1,0.0,8.0,32.35980937256977,,,none,30.0,25,3,monophasic
Burst_autosave_20260717_150503_708ms,Deltoid med. (L),L_DELmed,2,33.35980937256977,41.35980937256977,65.71961874513954,,,none,30.0,25,3,monophasic
Burst_autosave_20260717_150503_708ms,Deltoid med. (L),L_DELmed,3,66.71961874513954,74.71961874513954,99.07942811770931,,,none,30.0,25,3,monophasic
Burst_autosave_20260717_150503_708ms,Deltoid med. (L),L_DELmed,4,100.07942811770931,108.07942811770931,132.43923749027908,,,none,30.0,25,3,monophasic
Burst_autosave_20260717_150503_708ms,Deltoid med. (L),L_DELmed,5,133.43923749027908,141.43923749027908,165.79904686284885,,,none,30.0,25,3,monophasic
Burst_autosave_20260717_150503_708ms,Deltoid med. (L),L_DELmed,6,166.79904686284885,174.79904686284885,199.15885623544705,,,none,30.0,25,3,monophasic
Burst_autosave_20260717_150503_708ms,Deltoid med. (L),L_DELmed,7,200.15885623544705,208.15885623544705,232.51866560801682,,,none,30.0,25,3,monophasic
Burst_autosave_20260717_150503_708ms,Deltoid med. (L),L_DELmed,8,233.51866560801682,241.51866560801682,265.08419380477244,,,none,30.0,25,3,monophasic
Burst_autosave_20260717_150503_708ms,Deltoid med. (L),L_DELmed,9,266.08419380477244,274.08419380477244,299.2382843527016,,,none,30.0,25,3,monophasic
Burst_autosave_20260717_150503_708ms,Deltoid med. (L),L_DELmed,10,300.2382843527016,308.2382843527016,332.5980937252714,,,none,30.0,25,3,monophasic
Burst_autosave_20260717_150503_708ms,Deltoid med. (L),L_DELmed,1,0.0,8.0,32.35980937256977,,,none,30.0,30,3,monophasic
Burst_autosave_20260717_150503_708ms,Deltoid med. (L),L_DELmed,2,33.35980937256977,41.35980937256977,65.71961874513954,,,none,30.0,30,3,monophasic
Burst_autosave_20260717_150503_708ms,Deltoid med. (L),L_DELmed,3,66.71961874513954,74.71961874513954,99.07942811770931,,,none,30.0,30,3,monophasic
Burst_autosave_20260717_150503_708ms,Deltoid med. (L),L_DELmed,4,100.07942811770931,108.07942811770931,132.43923749027908,,,none,30.0,30,3,monophasic
Burst_autosave_20260717_150503_708ms,Deltoid med. (L),L_DELmed,5,133.43923749027908,141.43923749027908,165.79904686284885,,,none,30.0,30,3,monophasic
Burst_autosave_20260717_150503_708ms,Deltoid med. (L),L_DELmed,6,166.79904686284885,174.79904686284885,199.15885623544705,,,none,30.0,30,3,monophasic
Burst_autosave_20260717_150503_708ms,Deltoid med. (L),L_DELmed,7,200.15885623544705,208.15885623544705,232.51866560801682,,,none,30.0,30,3,monophasic
Burst_autosave_20260717_150503_708ms,Deltoid med. (L),L_DELmed,8,233.51866560801682,241.51866560801682,265.08419380477244,,,none,30.0,30,3,monophasic
Burst_autosave_20260717_150503_708ms,Deltoid med. (L),L_DELmed,9,266.08419380477244,274.08419380477244,299.2382843527016,,,none,30.0,30,3,monophasic
Burst_autosave_20260717_150503_708ms,Deltoid med. (L),L_DELmed,10,300.2382843527016,308.2382843527016,332.5980937252714,,,none,30.0,30,3,monophasic
Burst_autosave_20260717_150503_708ms,Deltoid med. (L),L_DELmed,1,0.0,8.0,32.35980937256977,,,none,30.0,35,3,monophasic
Burst_autosave_20260717_150503_708ms,Deltoid med. (L),L_DELmed,2,33.35980937256977,41.35980937256977,65.71961874513954,,,none,30.0,35,3,monophasic
Burst_autosave_20260717_150503_708ms,Deltoid med. (L),L_DELmed,3,66.71961874513954,74.71961874513954,99.07942811770931,,,none,30.0,35,3,monophasic
Burst_autosave_20260717_150503_708ms,Deltoid med. (L),L_DELmed,4,100.07942811770931,108.07942811770931,132.43923749027908,,,none,30.0,35,3,monophasic
Burst_autosave_20260717_150503_708ms,Deltoid med. (L),L_DELmed,5,133.43923749027908,141.43923749027908,165.79904686284885,,,none,30.0,35,3,monophasic
Burst_autosave_20260717_150503_708ms,Deltoid med. (L),L_DELmed,6,166.79904686284885,174.79904686284885,199.15885623544705,,,none,30.0,35,3,monophasic
Burst_autosave_20260717_150503_708ms,Deltoid med. (L),L_DELmed,7,200.15885623544705,208.15885623544705,232.51866560801682,,,none,30.0,35,3,monophasic
Burst_autosave_20260717_150503_708ms,Deltoid med. (L),L_DELmed,8,233.51866560801682,241.51866560801682,265.08419380477244,,,none,30.0,35,3,monophasic
Burst_autosave_20260717_150503_708ms,Deltoid med. (L),L_DELmed,9,266.08419380477244,274.08419380477244,299.2382843527016,,,none,30.0,35,3,monophasic
Burst_autosave_20260717_150503_708ms,Deltoid med. (L),L_DELmed,10,300.2382843527016,308.2382843527016,332.5980937252714,,,none,30.0,35,3,monophasic
Burst_autosave_20260717_150503_708ms,Deltoid med. (L),L_DELmed,1,0.0,8.0,32.35980937256977,,,none,30.0,40,3,monophasic
Burst_autosave_20260717_150503_708ms,Deltoid med. (L),L_DELmed,2,33.35980937256977,41.35980937256977,65.71961874513954,,,none,30.0,40,3,monophasic
Burst_autosave_20260717_150503_708ms,Deltoid med. (L),L_DELmed,3,66.71961874513954,74.71961874513954,99.07942811770931,,,none,30.0,40,3,monophasic
Burst_autosave_20260717_150503_708ms,Deltoid med. (L),L_DELmed,4,100.07942811770931,108.07942811770931,132.43923749027908,,,none,30.0,40,3,monophasic
Burst_autosave_20260717_150503_708ms,Deltoid med. (L),L_DELmed,5,133.43923749027908,141.43923749027908,165.79904686284885,,,none,30.0,40,3,monophasic
Burst_autosave_20260717_150503_708ms,Deltoid med. (L),L_DELmed,6,166.79904686284885,174.79904686284885,199.15885623544705,,,none,30.0,40,3,monophasic
Burst_autosave_20260717_150503_708ms,Deltoid med. (L),L_DELmed,7,200.15885623544705,208.15885623544705,232.51866560801682,,,none,30.0,40,3,monophasic
Burst_autosave_20260717_150503_708ms,Deltoid med. (L),L_DELmed,8,233.51866560801682,241.51866560801682,265.08419380477244,,,none,30.0,40,3,monophasic
Burst_autosave_20260717_150503_708ms,Deltoid med. (L),L_DELmed,9,266.08419380477244,274.08419380477244,299.2382843527016,,,none,30.0,40,3,monophasic
Burst_autosave_20260717_150503_708ms,Deltoid med. (L),L_DELmed,10,300.2382843527016,308.2382843527016,332.5980937252714,,,none,30.0,40,3,monophasic
Burst_autosave_20260717_150503_708ms,Deltoid med. (L),L_DELmed,1,0.0,8.0,32.35980937256977,,,none,30.0,45,3,monophasic
Burst_autosave_20260717_150503_708ms,Deltoid med. (L),L_DELmed,2,33.35980937256977,41.35980937256977,65.71961874513954,,,none,30.0,45,3,monophasic
Burst_autosave_20260717_150503_708ms,Deltoid med. (L),L_DELmed,3,66.71961874513954,74.71961874513954,99.07942811770931,,,none,30.0,45,3,monophasic
Burst_autosave_20260717_150503_708ms,Deltoid med. (L),L_DELmed,4,100.07942811770931,108.07942811770931,132.43923749027908,,,none,30.0,45,3,monophasic
Burst_autosave_20260717_150503_708ms,Deltoid med. (L),L_DELmed,5,133.43923749027908,141.43923749027908,165.79904686284885,,,none,30.0,45,3,monophasic
Burst_autosave_20260717_150503_708ms,Deltoid med. (L),L_DELmed,6,166.79904686284885,174.79904686284885,199.15885623544705,,,none,30.0,45,3,monophasic
Burst_autosave_20260717_150503_708ms,Deltoid med. (L),L_DELmed,7,200.15885623544705,208.15885623544705,232.51866560801682,,,none,30.0,45,3,monophasic
Burst_autosave_20260717_150503_708ms,Deltoid med. (L),L_DELmed,8,233.51866560801682,241.51866560801682,265.08419380477244,,,none,30.0,45,3,monophasic
Burst_autosave_20260717_150503_708ms,Deltoid med. (L),L_DELmed,9,266.08419380477244,274.08419380477244,299.2382843527016,,,none,30.0,45,3,monophasic
Burst_autosave_20260717_150503_708ms,Deltoid med. (L),L_DELmed,10,300.2382843527016,308.2382843527016,332.5980937252714,,,none,30.0,45,3,monophasic
Burst_autosave_20260717_150503_708ms,Deltoid med. (L),L_DELmed,1,0.0,8.0,32.35980937256977,,,none,30.0,50,3,monophasic
Burst_autosave_20260717_150503_708ms,Deltoid med. (L),L_DELmed,2,33.35980937256977,41.35980937256977,65.71961874513954,,,none,30.0,50,3,monophasic
Burst_autosave_20260717_150503_708ms,Deltoid med. (L),L_DELmed,3,66.71961874513954,74.71961874513954,99.07942811770931,,,none,30.0,50,3,monophasic
Burst_autosave_20260717_150503_708ms,Deltoid med. (L),L_DELmed,4,100.07942811770931,108.07942811770931,132.43923749027908,,,none,30.0,50,3,monophasic
Burst_autosave_20260717_150503_708ms,Deltoid med. (L),L_DELmed,5,133.43923749027908,141.43923749027908,165.79904686284885,,,none,30.0,50,3,monophasic
Burst_autosave_20260717_150503_708ms,Deltoid med. (L),L_DELmed,6,166.79904686284885,174.79904686284885,199.15885623544705,,,none,30.0,50,3,monophasic
Burst_autosave_20260717_150503_708ms,Deltoid med. (L),L_DELmed,7,200.15885623544705,208.15885623544705,232.51866560801682,,,none,30.0,50,3,monophasic
Burst_autosave_20260717_150503_708ms,Deltoid med. (L),L_DELmed,8,233.51866560801682,241.51866560801682,265.08419380477244,,,none,30.0,50,3,monophasic
Burst_autosave_20260717_150503_708ms,Deltoid med. (L),L_DELmed,9,266.08419380477244,274.08419380477244,299.2382843527016,,,none,30.0,50,3,monophasic
Burst_autosave_20260717_150503_708ms,Deltoid med. (L),L_DELmed,10,300.2382843527016,308.2382843527016,332.5980937252714,,,none,30.0,50,3,monophasic
Burst_autosave_20260717_150503_708ms,Deltoid med. (L),L_DELmed,1,0.0,8.0,32.35980937256977,,,none,30.0,55,3,monophasic
Burst_autosave_20260717_150503_708ms,Deltoid med. (L),L_DELmed,2,33.35980937256977,41.35980937256977,65.71961874513954,,,none,30.0,55,3,monophasic
Burst_autosave_20260717_150503_708ms,Deltoid med. (L),L_DELmed,3,66.71961874513954,74.71961874513954,99.07942811770931,,,none,30.0,55,3,monophasic
Burst_autosave_20260717_150503_708ms,Deltoid med. (L),L_DELmed,4,100.07942811770931,108.07942811770931,132.43923749027908,,,none,30.0,55,3,monophasic
Burst_autosave_20260717_150503_708ms,Deltoid med. (L),L_DELmed,5,133.43923749027908,141.43923749027908,165.79904686284885,,,none,30.0,55,3,monophasic
Burst_autosave_20260717_150503_708ms,Deltoid med. (L),L_DELmed,6,166.79904686284885,174.79904686284885,199.15885623544705,,,none,30.0,55,3,monophasic
Burst_autosave_20260717_150503_708ms,Deltoid med. (L),L_DELmed,7,200.15885623544705,208.15885623544705,232.51866560801682,,,none,30.0,55,3,monophasic
Burst_autosave_20260717_150503_708ms,Deltoid med. (L),L_DELmed,8,233.51866560801682,241.51866560801682,265.08419380477244,,,none,30.0,55,3,monophasic
Burst_autosave_20260717_150503_708ms,Deltoid med. (L),L_DELmed,9,266.08419380477244,274.08419380477244,299.2382843527016,,,none,30.0,55,3,monophasic
Burst_autosave_20260717_150503_708ms,Deltoid med. (L),L_DELmed,10,300.2382843527016,308.2382843527016,332.5980937252714,,,none,30.0,55,3,monophasic
Burst_autosave_20260717_150503_708ms,Biceps (L),L_BB,1,0.0,8.0,32.35980937256977,,,none,30.0,10,3,monophasic
Burst_autosave_20260717_150503_708ms,Biceps (L),L_BB,2,33.35980937256977,41.35980937256977,65.71961874513954,,,none,30.0,10,3,monophasic
Burst_autosave_20260717_150503_708ms,Biceps (L),L_BB,3,66.71961874513954,74.71961874513954,99.07942811770931,,,none,30.0,10,3,monophasic
Burst_autosave_20260717_150503_708ms,Biceps (L),L_BB,4,100.07942811770931,108.07942811770931,132.43923749027908,,,none,30.0,10,3,monophasic
Burst_autosave_20260717_150503_708ms,Biceps (L),L_BB,5,133.43923749027908,141.43923749027908,165.79904686284885,,,none,30.0,10,3,monophasic
Burst_autosave_20260717_150503_708ms,Biceps (L),L_BB,6,166.79904686284885,174.79904686284885,199.15885623544705,,,none,30.0,10,3,monophasic
Burst_autosave_20260717_150503_708ms,Biceps (L),L_BB,7,200.15885623544705,208.15885623544705,232.51866560801682,,,none,30.0,10,3,monophasic
Burst_autosave_20260717_150503_708ms,Biceps (L),L_BB,8,233.51866560801682,241.51866560801682,265.08419380477244,,,none,30.0,10,3,monophasic
Burst_autosave_20260717_150503_708ms,Biceps (L),L_BB,9,266.08419380477244,274.08419380477244,299.2382843527016,,,none,30.0,10,3,monophasic
Burst_autosave_20260717_150503_708ms,Biceps (L),L_BB,10,300.2382843527016,308.2382843527016,332.5980937252714,,,none,30.0,10,3,monophasic
Burst_autosave_20260717_150503_708ms,Biceps (L),L_BB,1,0.0,8.0,32.35980937256977,,,none,30.0,15,3,monophasic
Burst_autosave_20260717_150503_708ms,Biceps (L),L_BB,2,33.35980937256977,41.35980937256977,65.71961874513954,,,none,30.0,15,3,monophasic
Burst_autosave_20260717_150503_708ms,Biceps (L),L_BB,3,66.71961874513954,74.71961874513954,99.07942811770931,,,none,30.0,15,3,monophasic
Burst_autosave_20260717_150503_708ms,Biceps (L),L_BB,4,100.07942811770931,108.07942811770931,132.43923749027908,,,none,30.0,15,3,monophasic
Burst_autosave_20260717_150503_708ms,Biceps (L),L_BB,5,133.43923749027908,141.43923749027908,165.79904686284885,,,none,30.0,15,3,monophasic
Burst_autosave_20260717_150503_708ms,Biceps (L),L_BB,6,166.79904686284885,174.79904686284885,199.15885623544705,,,none,30.0,15,3,monophasic
Burst_autosave_20260717_150503_708ms,Biceps (L),L_BB,7,200.15885623544705,208.15885623544705,232.51866560801682,,,none,30.0,15,3,monophasic
Burst_autosave_20260717_150503_708ms,Biceps (L),L_BB,8,233.51866560801682,241.51866560801682,265.08419380477244,,,none,30.0,15,3,monophasic
Burst_autosave_20260717_150503_708ms,Biceps (L),L_BB,9,266.08419380477244,274.08419380477244,299.2382843527016,,,none,30.0,15,3,monophasic
Burst_autosave_20260717_150503_708ms,Biceps (L),L_BB,10,300.2382843527016,308.2382843527016,332.5980937252714,,,none,30.0,15,3,monophasic
Burst_autosave_20260717_150503_708ms,Biceps (L),L_BB,1,0.0,8.0,32.35980937256977,,,none,30.0,20,3,monophasic
Burst_autosave_20260717_150503_708ms,Biceps (L),L_BB,2,33.35980937256977,41.35980937256977,65.71961874513954,,,none,30.0,20,3,monophasic
Burst_autosave_20260717_150503_708ms,Biceps (L),L_BB,3,66.71961874513954,74.71961874513954,99.07942811770931,,,none,30.0,20,3,monophasic
Burst_autosave_20260717_150503_708ms,Biceps (L),L_BB,4,100.07942811770931,108.07942811770931,132.43923749027908,,,none,30.0,20,3,monophasic
Burst_autosave_20260717_150503_708ms,Biceps (L),L_BB,5,133.43923749027908,141.43923749027908,165.79904686284885,,,none,30.0,20,3,monophasic
Burst_autosave_20260717_150503_708ms,Biceps (L),L_BB,6,166.79904686284885,174.79904686284885,199.15885623544705,,,none,30.0,20,3,monophasic
Burst_autosave_20260717_150503_708ms,Biceps (L),L_BB,7,200.15885623544705,208.15885623544705,232.51866560801682,,,none,30.0,20,3,monophasic
Burst_autosave_20260717_150503_708ms,Biceps (L),L_BB,8,233.51866560801682,241.51866560801682,265.08419380477244,,,none,30.0,20,3,monophasic
Burst_autosave_20260717_150503_708ms,Biceps (L),L_BB,9,266.08419380477244,274.08419380477244,299.2382843527016,,,none,30.0,20,3,monophasic
Burst_autosave_20260717_150503_708ms,Biceps (L),L_BB,10,300.2382843527016,308.2382843527016,332.5980937252714,,,none,30.0,20,3,monophasic
Burst_autosave_20260717_150503_708ms,Biceps (L),L_BB,1,0.0,8.0,32.35980937256977,,,none,30.0,25,3,monophasic
Burst_autosave_20260717_150503_708ms,Biceps (L),L_BB,2,33.35980937256977,41.35980937256977,65.71961874513954,,,none,30.0,25,3,monophasic
Burst_autosave_20260717_150503_708ms,Biceps (L),L_BB,3,66.71961874513954,74.71961874513954,99.07942811770931,,,none,30.0,25,3,monophasic
Burst_autosave_20260717_150503_708ms,Biceps (L),L_BB,4,100.07942811770931,108.07942811770931,132.43923749027908,,,none,30.0,25,3,monophasic
Burst_autosave_20260717_150503_708ms,Biceps (L),L_BB,5,133.43923749027908,141.43923749027908,165.79904686284885,,,none,30.0,25,3,monophasic
Burst_autosave_20260717_150503_708ms,Biceps (L),L_BB,6,166.79904686284885,174.79904686284885,199.15885623544705,,,none,30.0,25,3,monophasic
Burst_autosave_20260717_150503_708ms,Biceps (L),L_BB,7,200.15885623544705,208.15885623544705,232.51866560801682,,,none,30.0,25,3,monophasic
Burst_autosave_20260717_150503_708ms,Biceps (L),L_BB,8,233.51866560801682,241.51866560801682,265.08419380477244,,,none,30.0,25,3,monophasic
Burst_autosave_20260717_150503_708ms,Biceps (L),L_BB,9,266.08419380477244,274.08419380477244,299.2382843527016,,,none,30.0,25,3,monophasic
Burst_autosave_20260717_150503_708ms,Biceps (L),L_BB,10,300.2382843527016,308.2382843527016,332.5980937252714,,,none,30.0,25,3,monophasic
Burst_autosave_20260717_150503_708ms,Biceps (L),L_BB,1,0.0,8.0,32.35980937256977,,,none,30.0,30,3,monophasic
Burst_autosave_20260717_150503_708ms,Biceps (L),L_BB,2,33.35980937256977,41.35980937256977,65.71961874513954,,,none,30.0,30,3,monophasic
Burst_autosave_20260717_150503_708ms,Biceps (L),L_BB,3,66.71961874513954,74.71961874513954,99.07942811770931,,,none,30.0,30,3,monophasic
Burst_autosave_20260717_150503_708ms,Biceps (L),L_BB,4,100.07942811770931,108.07942811770931,132.43923749027908,,,none,30.0,30,3,monophasic
Burst_autosave_20260717_150503_708ms,Biceps (L),L_BB,5,133.43923749027908,141.43923749027908,165.79904686284885,,,none,30.0,30,3,monophasic
Burst_autosave_20260717_150503_708ms,Biceps (L),L_BB,6,166.79904686284885,174.79904686284885,199.15885623544705,,,none,30.0,30,3,monophasic
Burst_autosave_20260717_150503_708ms,Biceps (L),L_BB,7,200.15885623544705,208.15885623544705,232.51866560801682,,,none,30.0,30,3,monophasic
Burst_autosave_20260717_150503_708ms,Biceps (L),L_BB,8,233.51866560801682,241.51866560801682,265.08419380477244,,,none,30.0,30,3,monophasic
Burst_autosave_20260717_150503_708ms,Biceps (L),L_BB,9,266.08419380477244,274.08419380477244,299.2382843527016,,,none,30.0,30,3,monophasic
Burst_autosave_20260717_150503_708ms,Biceps (L),L_BB,10,300.2382843527016,308.2382843527016,332.5980937252714,,,none,30.0,30,3,monophasic
Burst_autosave_20260717_150503_708ms,Biceps (L),L_BB,1,0.0,8.0,32.35980937256977,,,none,30.0,35,3,monophasic
Burst_autosave_20260717_150503_708ms,Biceps (L),L_BB,2,33.35980937256977,41.35980937256977,65.71961874513954,,,none,30.0,35,3,monophasic
Burst_autosave_20260717_150503_708ms,Biceps (L),L_BB,3,66.71961874513954,74.71961874513954,99.07942811770931,,,none,30.0,35,3,monophasic
Burst_autosave_20260717_150503_708ms,Biceps (L),L_BB,4,100.07942811770931,108.07942811770931,132.43923749027908,,,none,30.0,35,3,monophasic
Burst_autosave_20260717_150503_708ms,Biceps (L),L_BB,5,133.43923749027908,141.43923749027908,165.79904686284885,,,none,30.0,35,3,monophasic
Burst_autosave_20260717_150503_708ms,Biceps (L),L_BB,6,166.79904686284885,174.79904686284885,199.15885623544705,,,none,30.0,35,3,monophasic
Burst_autosave_20260717_150503_708ms,Biceps (L),L_BB,7,200.15885623544705,208.15885623544705,232.51866560801682,,,none,30.0,35,3,monophasic
Burst_autosave_20260717_150503_708ms,Biceps (L),L_BB,8,233.51866560801682,241.51866560801682,265.08419380477244,,,none,30.0,35,3,monophasic
Burst_autosave_20260717_150503_708ms,Biceps (L),L_BB,9,266.08419380477244,274.08419380477244,299.2382843527016,,,none,30.0,35,3,monophasic
Burst_autosave_20260717_150503_708ms,Biceps (L),L_BB,10,300.2382843527016,308.2382843527016,332.5980937252714,,,none,30.0,35,3,monophasic
Burst_autosave_20260717_150503_708ms,Biceps (L),L_BB,1,0.0,8.0,32.35980937256977,,,none,30.0,40,3,monophasic
Burst_autosave_20260717_150503_708ms,Biceps (L),L_BB,2,33.35980937256977,41.35980937256977,65.71961874513954,,,none,30.0,40,3,monophasic
Burst_autosave_20260717_150503_708ms,Biceps (L),L_BB,3,66.71961874513954,74.71961874513954,99.07942811770931,,,none,30.0,40,3,monophasic
Burst_autosave_20260717_150503_708ms,Biceps (L),L_BB,4,100.07942811770931,108.07942811770931,132.43923749027908,,,none,30.0,40,3,monophasic
Burst_autosave_20260717_150503_708ms,Biceps (L),L_BB,5,133.43923749027908,141.43923749027908,165.79904686284885,,,none,30.0,40,3,monophasic
Burst_autosave_20260717_150503_708ms,Biceps (L),L_BB,6,166.79904686284885,174.79904686284885,199.15885623544705,,,none,30.0,40,3,monophasic
Burst_autosave_20260717_150503_708ms,Biceps (L),L_BB,7,200.15885623544705,208.15885623544705,232.51866560801682,,,none,30.0,40,3,monophasic
Burst_autosave_20260717_150503_708ms,Biceps (L),L_BB,8,233.51866560801682,241.51866560801682,265.08419380477244,,,none,30.0,40,3,monophasic
Burst_autosave_20260717_150503_708ms,Biceps (L),L_BB,9,266.08419380477244,274.08419380477244,299.2382843527016,,,none,30.0,40,3,monophasic
Burst_autosave_20260717_150503_708ms,Biceps (L),L_BB,10,300.2382843527016,308.2382843527016,332.5980937252714,,,none,30.0,40,3,monophasic
Burst_autosave_20260717_150503_708ms,Biceps (L),L_BB,1,0.0,8.0,32.35980937256977,,,none,30.0,45,3,monophasic
Burst_autosave_20260717_150503_708ms,Biceps (L),L_BB,2,33.35980937256977,41.35980937256977,65.71961874513954,,,none,30.0,45,3,monophasic
Burst_autosave_20260717_150503_708ms,Biceps (L),L_BB,3,66.71961874513954,74.71961874513954,99.07942811770931,,,none,30.0,45,3,monophasic
Burst_autosave_20260717_150503_708ms,Biceps (L),L_BB,4,100.07942811770931,108.07942811770931,132.43923749027908,,,none,30.0,45,3,monophasic
Burst_autosave_20260717_150503_708ms,Biceps (L),L_BB,5,133.43923749027908,141.43923749027908,165.79904686284885,,,none,30.0,45,3,monophasic
Burst_autosave_20260717_150503_708ms,Biceps (L),L_BB,6,166.79904686284885,174.79904686284885,199.15885623544705,,,none,30.0,45,3,monophasic
Burst_autosave_20260717_150503_708ms,Biceps (L),L_BB,7,200.15885623544705,208.15885623544705,232.51866560801682,,,none,30.0,45,3,monophasic
Burst_autosave_20260717_150503_708ms,Biceps (L),L_BB,8,233.51866560801682,241.51866560801682,265.08419380477244,,,none,30.0,45,3,monophasic
Burst_autosave_20260717_150503_708ms,Biceps (L),L_BB,9,266.08419380477244,274.08419380477244,299.2382843527016,,,none,30.0,45,3,monophasic
Burst_autosave_20260717_150503_708ms,Biceps (L),L_BB,10,300.2382843527016,308.2382843527016,332.5980937252714,,,none,30.0,45,3,monophasic
Burst_autosave_20260717_150503_708ms,Biceps (L),L_BB,1,0.0,8.0,32.35980937256977,,,none,30.0,50,3,monophasic
Burst_autosave_20260717_150503_708ms,Biceps (L),L_BB,2,33.35980937256977,41.35980937256977,65.71961874513954,,,none,30.0,50,3,monophasic
Burst_autosave_20260717_150503_708ms,Biceps (L),L_BB,3,66.71961874513954,74.71961874513954,99.07942811770931,,,none,30.0,50,3,monophasic
Burst_autosave_20260717_150503_708ms,Biceps (L),L_BB,4,100.07942811770931,108.07942811770931,132.43923749027908,,,none,30.0,50,3,monophasic
Burst_autosave_20260717_150503_708ms,Biceps (L),L_BB,5,133.43923749027908,141.43923749027908,165.79904686284885,,,none,30.0,50,3,monophasic
Burst_autosave_20260717_150503_708ms,Biceps (L),L_BB,6,166.79904686284885,174.79904686284885,199.15885623544705,,,none,30.0,50,3,monophasic
Burst_autosave_20260717_150503_708ms,Biceps (L),L_BB,7,200.15885623544705,208.15885623544705,232.51866560801682,,,none,30.0,50,3,monophasic
Burst_autosave_20260717_150503_708ms,Biceps (L),L_BB,8,233.51866560801682,241.51866560801682,265.08419380477244,,,none,30.0,50,3,monophasic
Burst_autosave_20260717_150503_708ms,Biceps (L),L_BB,9,266.08419380477244,274.08419380477244,299.2382843527016,,,none,30.0,50,3,monophasic
Burst_autosave_20260717_150503_708ms,Biceps (L),L_BB,10,300.2382843527016,308.2382843527016,332.5980937252714,,,none,30.0,50,3,monophasic
Burst_autosave_20260717_150503_708ms,Biceps (L),L_BB,1,0.0,8.0,32.35980937256977,,,none,30.0,55,3,monophasic
Burst_autosave_20260717_150503_708ms,Biceps (L),L_BB,2,33.35980937256977,41.35980937256977,65.71961874513954,,,none,30.0,55,3,monophasic
Burst_autosave_20260717_150503_708ms,Biceps (L),L_BB,3,66.71961874513954,74.71961874513954,99.07942811770931,,,none,30.0,55,3,monophasic
Burst_autosave_20260717_150503_708ms,Biceps (L),L_BB,4,100.07942811770931,108.07942811770931,132.43923749027908,,,none,30.0,55,3,monophasic
Burst_autosave_20260717_150503_708ms,Biceps (L),L_BB,5,133.43923749027908,141.43923749027908,165.79904686284885,,,none,30.0,55,3,monophasic
Burst_autosave_20260717_150503_708ms,Biceps (L),L_BB,6,166.79904686284885,174.79904686284885,199.15885623544705,,,none,30.0,55,3,monophasic
Burst_autosave_20260717_150503_708ms,Biceps (L),L_BB,7,200.15885623544705,208.15885623544705,232.51866560801682,,,none,30.0,55,3,monophasic
Burst_autosave_20260717_150503_708ms,Biceps (L),L_BB,8,233.51866560801682,241.51866560801682,265.08419380477244,,,none,30.0,55,3,monophasic
Burst_autosave_20260717_150503_708ms,Biceps (L),L_BB,9,266.08419380477244,274.08419380477244,299.2382843527016,,,none,30.0,55,3,monophasic
Burst_autosave_20260717_150503_708ms,Biceps (L),L_BB,10,300.2382843527016,308.2382843527016,332.5980937252714,,,none,30.0,55,3,monophasic
Burst_autosave_20260717_150503_708ms,Triceps long (L),L_TBlg,1,0.0,8.0,32.35980937256977,,,none,30.0,10,3,monophasic
Burst_autosave_20260717_150503_708ms,Triceps long (L),L_TBlg,2,33.35980937256977,41.35980937256977,65.71961874513954,,,none,30.0,10,3,monophasic
Burst_autosave_20260717_150503_708ms,Triceps long (L),L_TBlg,3,66.71961874513954,74.71961874513954,99.07942811770931,,,none,30.0,10,3,monophasic
Burst_autosave_20260717_150503_708ms,Triceps long (L),L_TBlg,4,100.07942811770931,108.07942811770931,132.43923749027908,,,none,30.0,10,3,monophasic
Burst_autosave_20260717_150503_708ms,Triceps long (L),L_TBlg,5,133.43923749027908,141.43923749027908,165.79904686284885,,,none,30.0,10,3,monophasic
Burst_autosave_20260717_150503_708ms,Triceps long (L),L_TBlg,6,166.79904686284885,174.79904686284885,199.15885623544705,,,none,30.0,10,3,monophasic
Burst_autosave_20260717_150503_708ms,Triceps long (L),L_TBlg,7,200.15885623544705,208.15885623544705,232.51866560801682,,,none,30.0,10,3,monophasic
Burst_autosave_20260717_150503_708ms,Triceps long (L),L_TBlg,8,233.51866560801682,241.51866560801682,265.08419380477244,,,none,30.0,10,3,monophasic
Burst_autosave_20260717_150503_708ms,Triceps long (L),L_TBlg,9,266.08419380477244,274.08419380477244,299.2382843527016,,,none,30.0,10,3,monophasic
Burst_autosave_20260717_150503_708ms,Triceps long (L),L_TBlg,10,300.2382843527016,308.2382843527016,332.5980937252714,,,none,30.0,10,3,monophasic
Burst_autosave_20260717_150503_708ms,Triceps long (L),L_TBlg,1,0.0,8.0,32.35980937256977,,,none,30.0,15,3,monophasic
Burst_autosave_20260717_150503_708ms,Triceps long (L),L_TBlg,2,33.35980937256977,41.35980937256977,65.71961874513954,,,none,30.0,15,3,monophasic
Burst_autosave_20260717_150503_708ms,Triceps long (L),L_TBlg,3,66.71961874513954,74.71961874513954,99.07942811770931,,,none,30.0,15,3,monophasic
Burst_autosave_20260717_150503_708ms,Triceps long (L),L_TBlg,4,100.07942811770931,108.07942811770931,132.43923749027908,,,none,30.0,15,3,monophasic
Burst_autosave_20260717_150503_708ms,Triceps long (L),L_TBlg,5,133.43923749027908,141.43923749027908,165.79904686284885,,,none,30.0,15,3,monophasic
Burst_autosave_20260717_150503_708ms,Triceps long (L),L_TBlg,6,166.79904686284885,174.79904686284885,199.15885623544705,,,none,30.0,15,3,monophasic
Burst_autosave_20260717_150503_708ms,Triceps long (L),L_TBlg,7,200.15885623544705,208.15885623544705,232.51866560801682,,,none,30.0,15,3,monophasic
Burst_autosave_20260717_150503_708ms,Triceps long (L),L_TBlg,8,233.51866560801682,241.51866560801682,265.08419380477244,,,none,30.0,15,3,monophasic
Burst_autosave_20260717_150503_708ms,Triceps long (L),L_TBlg,9,266.08419380477244,274.08419380477244,299.2382843527016,,,none,30.0,15,3,monophasic
Burst_autosave_20260717_150503_708ms,Triceps long (L),L_TBlg,10,300.2382843527016,308.2382843527016,332.5980937252714,,,none,30.0,15,3,monophasic
Burst_autosave_20260717_150503_708ms,Triceps long (L),L_TBlg,1,0.0,8.0,32.35980937256977,,,none,30.0,20,3,monophasic
Burst_autosave_20260717_150503_708ms,Triceps long (L),L_TBlg,2,33.35980937256977,41.35980937256977,65.71961874513954,,,none,30.0,20,3,monophasic
Burst_autosave_20260717_150503_708ms,Triceps long (L),L_TBlg,3,66.71961874513954,74.71961874513954,99.07942811770931,,,none,30.0,20,3,monophasic
Burst_autosave_20260717_150503_708ms,Triceps long (L),L_TBlg,4,100.07942811770931,108.07942811770931,132.43923749027908,,,none,30.0,20,3,monophasic
Burst_autosave_20260717_150503_708ms,Triceps long (L),L_TBlg,5,133.43923749027908,141.43923749027908,165.79904686284885,,,none,30.0,20,3,monophasic
Burst_autosave_20260717_150503_708ms,Triceps long (L),L_TBlg,6,166.79904686284885,174.79904686284885,199.15885623544705,,,none,30.0,20,3,monophasic
Burst_autosave_20260717_150503_708ms,Triceps long (L),L_TBlg,7,200.15885623544705,208.15885623544705,232.51866560801682,,,none,30.0,20,3,monophasic
Burst_autosave_20260717_150503_708ms,Triceps long (L),L_TBlg,8,233.51866560801682,241.51866560801682,265.08419380477244,,,none,30.0,20,3,monophasic
Burst_autosave_20260717_150503_708ms,Triceps long (L),L_TBlg,9,266.08419380477244,274.08419380477244,299.2382843527016,,,none,30.0,20,3,monophasic
Burst_autosave_20260717_150503_708ms,Triceps long (L),L_TBlg,10,300.2382843527016,308.2382843527016,332.5980937252714,,,none,30.0,20,3,monophasic
Burst_autosave_20260717_150503_708ms,Triceps long (L),L_TBlg,1,0.0,8.0,32.35980937256977,,,none,30.0,25,3,monophasic
Burst_autosave_20260717_150503_708ms,Triceps long (L),L_TBlg,2,33.35980937256977,41.35980937256977,65.71961874513954,,,none,30.0,25,3,monophasic
Burst_autosave_20260717_150503_708ms,Triceps long (L),L_TBlg,3,66.71961874513954,74.71961874513954,99.07942811770931,,,none,30.0,25,3,monophasic
Burst_autosave_20260717_150503_708ms,Triceps long (L),L_TBlg,4,100.07942811770931,108.07942811770931,132.43923749027908,,,none,30.0,25,3,monophasic
Burst_autosave_20260717_150503_708ms,Triceps long (L),L_TBlg,5,133.43923749027908,141.43923749027908,165.79904686284885,,,none,30.0,25,3,monophasic
Burst_autosave_20260717_150503_708ms,Triceps long (L),L_TBlg,6,166.79904686284885,174.79904686284885,199.15885623544705,,,none,30.0,25,3,monophasic
Burst_autosave_20260717_150503_708ms,Triceps long (L),L_TBlg,7,200.15885623544705,208.15885623544705,232.51866560801682,,,none,30.0,25,3,monophasic
Burst_autosave_20260717_150503_708ms,Triceps long (L),L_TBlg,8,233.51866560801682,241.51866560801682,265.08419380477244,,,none,30.0,25,3,monophasic
Burst_autosave_20260717_150503_708ms,Triceps long (L),L_TBlg,9,266.08419380477244,274.08419380477244,299.2382843527016,,,none,30.0,25,3,monophasic
Burst_autosave_20260717_150503_708ms,Triceps long (L),L_TBlg,10,300.2382843527016,308.2382843527016,332.5980937252714,,,none,30.0,25,3,monophasic
Burst_autosave_20260717_150503_708ms,Triceps long (L),L_TBlg,1,0.0,8.0,32.35980937256977,,,none,30.0,30,3,monophasic
Burst_autosave_20260717_150503_708ms,Triceps long (L),L_TBlg,2,33.35980937256977,41.35980937256977,65.71961874513954,,,none,30.0,30,3,monophasic
Burst_autosave_20260717_150503_708ms,Triceps long (L),L_TBlg,3,66.71961874513954,74.71961874513954,99.07942811770931,,,none,30.0,30,3,monophasic
Burst_autosave_20260717_150503_708ms,Triceps long (L),L_TBlg,4,100.07942811770931,108.07942811770931,132.43923749027908,,,none,30.0,30,3,monophasic
Burst_autosave_20260717_150503_708ms,Triceps long (L),L_TBlg,5,133.43923749027908,141.43923749027908,165.79904686284885,,,none,30.0,30,3,monophasic
Burst_autosave_20260717_150503_708ms,Triceps long (L),L_TBlg,6,166.79904686284885,174.79904686284885,199.15885623544705,,,none,30.0,30,3,monophasic
Burst_autosave_20260717_150503_708ms,Triceps long (L),L_TBlg,7,200.15885623544705,208.15885623544705,232.51866560801682,,,none,30.0,30,3,monophasic
Burst_autosave_20260717_150503_708ms,Triceps long (L),L_TBlg,8,233.51866560801682,241.51866560801682,265.08419380477244,,,none,30.0,30,3,monophasic
Burst_autosave_20260717_150503_708ms,Triceps long (L),L_TBlg,9,266.08419380477244,274.08419380477244,299.2382843527016,,,none,30.0,30,3,monophasic
Burst_autosave_20260717_150503_708ms,Triceps long (L),L_TBlg,10,300.2382843527016,308.2382843527016,332.5980937252714,,,none,30.0,30,3,monophasic
Burst_autosave_20260717_150503_708ms,Triceps long (L),L_TBlg,1,0.0,8.0,32.35980937256977,,,none,30.0,35,3,monophasic
Burst_autosave_20260717_150503_708ms,Triceps long (L),L_TBlg,2,33.35980937256977,41.35980937256977,65.71961874513954,,,none,30.0,35,3,monophasic
Burst_autosave_20260717_150503_708ms,Triceps long (L),L_TBlg,3,66.71961874513954,74.71961874513954,99.07942811770931,,,none,30.0,35,3,monophasic
Burst_autosave_20260717_150503_708ms,Triceps long (L),L_TBlg,4,100.07942811770931,108.07942811770931,132.43923749027908,,,none,30.0,35,3,monophasic
Burst_autosave_20260717_150503_708ms,Triceps long (L),L_TBlg,5,133.43923749027908,141.43923749027908,165.79904686284885,,,none,30.0,35,3,monophasic
Burst_autosave_20260717_150503_708ms,Triceps long (L),L_TBlg,6,166.79904686284885,174.79904686284885,199.15885623544705,,,none,30.0,35,3,monophasic
Burst_autosave_20260717_150503_708ms,Triceps long (L),L_TBlg,7,200.15885623544705,208.15885623544705,232.51866560801682,,,none,30.0,35,3,monophasic
Burst_autosave_20260717_150503_708ms,Triceps long (L),L_TBlg,8,233.51866560801682,241.51866560801682,265.08419380477244,,,none,30.0,35,3,monophasic
Burst_autosave_20260717_150503_708ms,Triceps long (L),L_TBlg,9,266.08419380477244,274.08419380477244,299.2382843527016,,,none,30.0,35,3,monophasic
Burst_autosave_20260717_150503_708ms,Triceps long (L),L_TBlg,10,300.2382843527016,308.2382843527016,332.5980937252714,,,none,30.0,35,3,monophasic
Burst_autosave_20260717_150503_708ms,Triceps long (L),L_TBlg,1,0.0,8.0,32.35980937256977,,,none,30.0,40,3,monophasic
Burst_autosave_20260717_150503_708ms,Triceps long (L),L_TBlg,2,33.35980937256977,41.35980937256977,65.71961874513954,,,none,30.0,40,3,monophasic
Burst_autosave_20260717_150503_708ms,Triceps long (L),L_TBlg,3,66.71961874513954,74.71961874513954,99.07942811770931,,,none,30.0,40,3,monophasic
Burst_autosave_20260717_150503_708ms,Triceps long (L),L_TBlg,4,100.07942811770931,108.07942811770931,132.43923749027908,,,none,30.0,40,3,monophasic
Burst_autosave_20260717_150503_708ms,Triceps long (L),L_TBlg,5,133.43923749027908,141.43923749027908,165.79904686284885,,,none,30.0,40,3,monophasic
Burst_autosave_20260717_150503_708ms,Triceps long (L),L_TBlg,6,166.79904686284885,174.79904686284885,199.15885623544705,,,none,30.0,40,3,monophasic
Burst_autosave_20260717_150503_708ms,Triceps long (L),L_TBlg,7,200.15885623544705,208.15885623544705,232.51866560801682,,,none,30.0,40,3,monophasic
Burst_autosave_20260717_150503_708ms,Triceps long (L),L_TBlg,8,233.51866560801682,241.51866560801682,265.08419380477244,,,none,30.0,40,3,monophasic
Burst_autosave_20260717_150503_708ms,Triceps long (L),L_TBlg,9,266.08419380477244,274.08419380477244,299.2382843527016,,,none,30.0,40,3,monophasic
Burst_autosave_20260717_150503_708ms,Triceps long (L),L_TBlg,10,300.2382843527016,308.2382843527016,332.5980937252714,,,none,30.0,40,3,monophasic
Burst_autosave_20260717_150503_708ms,Triceps long (L),L_TBlg,1,0.0,8.0,32.35980937256977,,,none,30.0,45,3,monophasic
Burst_autosave_20260717_150503_708ms,Triceps long (L),L_TBlg,2,33.35980937256977,41.35980937256977,65.71961874513954,,,none,30.0,45,3,monophasic
Burst_autosave_20260717_150503_708ms,Triceps long (L),L_TBlg,3,66.71961874513954,74.71961874513954,99.07942811770931,,,none,30.0,45,3,monophasic
Burst_autosave_20260717_150503_708ms,Triceps long (L),L_TBlg,4,100.07942811770931,108.07942811770931,132.43923749027908,,,none,30.0,45,3,monophasic
Burst_autosave_20260717_150503_708ms,Triceps long (L),L_TBlg,5,133.43923749027908,141.43923749027908,165.79904686284885,,,none,30.0,45,3,monophasic
Burst_autosave_20260717_150503_708ms,Triceps long (L),L_TBlg,6,166.79904686284885,174.79904686284885,199.15885623544705,,,none,30.0,45,3,monophasic
Burst_autosave_20260717_150503_708ms,Triceps long (L),L_TBlg,7,200.15885623544705,208.15885623544705,232.51866560801682,,,none,30.0,45,3,monophasic
Burst_autosave_20260717_150503_708ms,Triceps long (L),L_TBlg,8,233.51866560801682,241.51866560801682,265.08419380477244,,,none,30.0,45,3,monophasic
Burst_autosave_20260717_150503_708ms,Triceps long (L),L_TBlg,9,266.08419380477244,274.08419380477244,299.2382843527016,,,none,30.0,45,3,monophasic
Burst_autosave_20260717_150503_708ms,Triceps long (L),L_TBlg,10,300.2382843527016,308.2382843527016,332.5980937252714,,,none,30.0,45,3,monophasic
Burst_autosave_20260717_150503_708ms,Triceps long (L),L_TBlg,1,0.0,8.0,32.35980937256977,,,none,30.0,50,3,monophasic
Burst_autosave_20260717_150503_708ms,Triceps long (L),L_TBlg,2,33.35980937256977,41.35980937256977,65.71961874513954,,,none,30.0,50,3,monophasic
Burst_autosave_20260717_150503_708ms,Triceps long (L),L_TBlg,3,66.71961874513954,74.71961874513954,99.07942811770931,,,none,30.0,50,3,monophasic
Burst_autosave_20260717_150503_708ms,Triceps long (L),L_TBlg,4,100.07942811770931,108.07942811770931,132.43923749027908,,,none,30.0,50,3,monophasic
Burst_autosave_20260717_150503_708ms,Triceps long (L),L_TBlg,5,133.43923749027908,141.43923749027908,165.79904686284885,,,none,30.0,50,3,monophasic
Burst_autosave_20260717_150503_708ms,Triceps long (L),L_TBlg,6,166.79904686284885,174.79904686284885,199.15885623544705,,,none,30.0,50,3,monophasic
Burst_autosave_20260717_150503_708ms,Triceps long (L),L_TBlg,7,200.15885623544705,208.15885623544705,232.51866560801682,,,none,30.0,50,3,monophasic
Burst_autosave_20260717_150503_708ms,Triceps long (L),L_TBlg,8,233.51866560801682,241.51866560801682,265.08419380477244,,,none,30.0,50,3,monophasic
Burst_autosave_20260717_150503_708ms,Triceps long (L),L_TBlg,9,266.08419380477244,274.08419380477244,299.2382843527016,,,none,30.0,50,3,monophasic
Burst_autosave_20260717_150503_708ms,Triceps long (L),L_TBlg,10,300.2382843527016,308.2382843527016,332.5980937252714,,,none,30.0,50,3,monophasic
Burst_autosave_20260717_150503_708ms,Triceps long (L),L_TBlg,1,0.0,8.0,32.35980937256977,,,none,30.0,55,3,monophasic
Burst_autosave_20260717_150503_708ms,Triceps long (L),L_TBlg,2,33.35980937256977,41.35980937256977,65.71961874513954,,,none,30.0,55,3,monophasic
Burst_autosave_20260717_150503_708ms,Triceps long (L),L_TBlg,3,66.71961874513954,74.71961874513954,99.07942811770931,,,none,30.0,55,3,monophasic
Burst_autosave_20260717_150503_708ms,Triceps long (L),L_TBlg,4,100.07942811770931,108.07942811770931,132.43923749027908,,,none,30.0,55,3,monophasic
Burst_autosave_20260717_150503_708ms,Triceps long (L),L_TBlg,5,133.43923749027908,141.43923749027908,165.79904686284885,,,none,30.0,55,3,monophasic
Burst_autosave_20260717_150503_708ms,Triceps long (L),L_TBlg,6,166.79904686284885,174.79904686284885,199.15885623544705,,,none,30.0,55,3,monophasic
Burst_autosave_20260717_150503_708ms,Triceps long (L),L_TBlg,7,200.15885623544705,208.15885623544705,232.51866560801682,,,none,30.0,55,3,monophasic
Burst_autosave_20260717_150503_708ms,Triceps long (L),L_TBlg,8,233.51866560801682,241.51866560801682,265.08419380477244,,,none,30.0,55,3,monophasic
Burst_autosave_20260717_150503_708ms,Triceps long (L),L_TBlg,9,266.08419380477244,274.08419380477244,299.2382843527016,,,none,30.0,55,3,monophasic
Burst_autosave_20260717_150503_708ms,Triceps long (L),L_TBlg,10,300.2382843527016,308.2382843527016,332.5980937252714,,,none,30.0,55,3,monophasic
Burst_autosave_20260717_150503_708ms,Thenar (L),L_The_ED_FD_FCR A,1,0.0,8.0,32.35980937256977,,,none,30.0,10,3,monophasic
Burst_autosave_20260717_150503_708ms,Thenar (L),L_The_ED_FD_FCR A,2,33.35980937256977,41.35980937256977,65.71961874513954,,,none,30.0,10,3,monophasic
Burst_autosave_20260717_150503_708ms,Thenar (L),L_The_ED_FD_FCR A,3,66.71961874513954,74.71961874513954,99.07942811770931,,,none,30.0,10,3,monophasic
Burst_autosave_20260717_150503_708ms,Thenar (L),L_The_ED_FD_FCR A,4,100.07942811770931,108.07942811770931,132.43923749027908,,,none,30.0,10,3,monophasic
Burst_autosave_20260717_150503_708ms,Thenar (L),L_The_ED_FD_FCR A,5,133.43923749027908,141.43923749027908,165.79904686284885,,,none,30.0,10,3,monophasic
Burst_autosave_20260717_150503_708ms,Thenar (L),L_The_ED_FD_FCR A,6,166.79904686284885,174.79904686284885,199.15885623544705,,,none,30.0,10,3,monophasic
Burst_autosave_20260717_150503_708ms,Thenar (L),L_The_ED_FD_FCR A,7,200.15885623544705,208.15885623544705,232.51866560801682,,,none,30.0,10,3,monophasic
Burst_autosave_20260717_150503_708ms,Thenar (L),L_The_ED_FD_FCR A,8,233.51866560801682,241.51866560801682,265.08419380477244,,,none,30.0,10,3,monophasic
Burst_autosave_20260717_150503_708ms,Thenar (L),L_The_ED_FD_FCR A,9,266.08419380477244,274.08419380477244,299.2382843527016,,,none,30.0,10,3,monophasic
Burst_autosave_20260717_150503_708ms,Thenar (L),L_The_ED_FD_FCR A,10,300.2382843527016,308.2382843527016,332.5980937252714,,,none,30.0,10,3,monophasic
Burst_autosave_20260717_150503_708ms,Thenar (L),L_The_ED_FD_FCR A,1,0.0,8.0,32.35980937256977,,,none,30.0,15,3,monophasic
Burst_autosave_20260717_150503_708ms,Thenar (L),L_The_ED_FD_FCR A,2,33.35980937256977,41.35980937256977,65.71961874513954,,,none,30.0,15,3,monophasic
Burst_autosave_20260717_150503_708ms,Thenar (L),L_The_ED_FD_FCR A,3,66.71961874513954,74.71961874513954,99.07942811770931,,,none,30.0,15,3,monophasic
Burst_autosave_20260717_150503_708ms,Thenar (L),L_The_ED_FD_FCR A,4,100.07942811770931,108.07942811770931,132.43923749027908,,,none,30.0,15,3,monophasic
Burst_autosave_20260717_150503_708ms,Thenar (L),L_The_ED_FD_FCR A,5,133.43923749027908,141.43923749027908,165.79904686284885,,,none,30.0,15,3,monophasic
Burst_autosave_20260717_150503_708ms,Thenar (L),L_The_ED_FD_FCR A,6,166.79904686284885,174.79904686284885,199.15885623544705,,,none,30.0,15,3,monophasic
Burst_autosave_20260717_150503_708ms,Thenar (L),L_The_ED_FD_FCR A,7,200.15885623544705,208.15885623544705,232.51866560801682,,,none,30.0,15,3,monophasic
Burst_autosave_20260717_150503_708ms,Thenar (L),L_The_ED_FD_FCR A,8,233.51866560801682,241.51866560801682,265.08419380477244,,,none,30.0,15,3,monophasic
Burst_autosave_20260717_150503_708ms,Thenar (L),L_The_ED_FD_FCR A,9,266.08419380477244,274.08419380477244,299.2382843527016,,,none,30.0,15,3,monophasic
Burst_autosave_20260717_150503_708ms,Thenar (L),L_The_ED_FD_FCR A,10,300.2382843527016,308.2382843527016,332.5980937252714,,,none,30.0,15,3,monophasic
Burst_autosave_20260717_150503_708ms,Thenar (L),L_The_ED_FD_FCR A,1,0.0,8.0,32.35980937256977,,,none,30.0,20,3,monophasic
Burst_autosave_20260717_150503_708ms,Thenar (L),L_The_ED_FD_FCR A,2,33.35980937256977,41.35980937256977,65.71961874513954,,,none,30.0,20,3,monophasic
Burst_autosave_20260717_150503_708ms,Thenar (L),L_The_ED_FD_FCR A,3,66.71961874513954,74.71961874513954,99.07942811770931,,,none,30.0,20,3,monophasic
Burst_autosave_20260717_150503_708ms,Thenar (L),L_The_ED_FD_FCR A,4,100.07942811770931,108.07942811770931,132.43923749027908,,,none,30.0,20,3,monophasic
Burst_autosave_20260717_150503_708ms,Thenar (L),L_The_ED_FD_FCR A,5,133.43923749027908,141.43923749027908,165.79904686284885,,,none,30.0,20,3,monophasic
Burst_autosave_20260717_150503_708ms,Thenar (L),L_The_ED_FD_FCR A,6,166.79904686284885,174.79904686284885,199.15885623544705,,,none,30.0,20,3,monophasic
Burst_autosave_20260717_150503_708ms,Thenar (L),L_The_ED_FD_FCR A,7,200.15885623544705,208.15885623544705,232.51866560801682,,,none,30.0,20,3,monophasic
Burst_autosave_20260717_150503_708ms,Thenar (L),L_The_ED_FD_FCR A,8,233.51866560801682,241.51866560801682,265.08419380477244,,,none,30.0,20,3,monophasic
Burst_autosave_20260717_150503_708ms,Thenar (L),L_The_ED_FD_FCR A,9,266.08419380477244,274.08419380477244,299.2382843527016,,,none,30.0,20,3,monophasic
Burst_autosave_20260717_150503_708ms,Thenar (L),L_The_ED_FD_FCR A,10,300.2382843527016,308.2382843527016,332.5980937252714,,,none,30.0,20,3,monophasic
Burst_autosave_20260717_150503_708ms,Thenar (L),L_The_ED_FD_FCR A,1,0.0,8.0,32.35980937256977,,,none,30.0,25,3,monophasic
Burst_autosave_20260717_150503_708ms,Thenar (L),L_The_ED_FD_FCR A,2,33.35980937256977,41.35980937256977,65.71961874513954,,,none,30.0,25,3,monophasic
Burst_autosave_20260717_150503_708ms,Thenar (L),L_The_ED_FD_FCR A,3,66.71961874513954,74.71961874513954,99.07942811770931,,,none,30.0,25,3,monophasic
Burst_autosave_20260717_150503_708ms,Thenar (L),L_The_ED_FD_FCR A,4,100.07942811770931,108.07942811770931,132.43923749027908,,,none,30.0,25,3,monophasic
Burst_autosave_20260717_150503_708ms,Thenar (L),L_The_ED_FD_FCR A,5,133.43923749027908,141.43923749027908,165.79904686284885,,,none,30.0,25,3,monophasic
Burst_autosave_20260717_150503_708ms,Thenar (L),L_The_ED_FD_FCR A,6,166.79904686284885,174.79904686284885,199.15885623544705,,,none,30.0,25,3,monophasic
Burst_autosave_20260717_150503_708ms,Thenar (L),L_The_ED_FD_FCR A,7,200.15885623544705,208.15885623544705,232.51866560801682,,,none,30.0,25,3,monophasic
Burst_autosave_20260717_150503_708ms,Thenar (L),L_The_ED_FD_FCR A,8,233.51866560801682,241.51866560801682,265.08419380477244,,,none,30.0,25,3,monophasic
Burst_autosave_20260717_150503_708ms,Thenar (L),L_The_ED_FD_FCR A,9,266.08419380477244,274.08419380477244,299.2382843527016,,,none,30.0,25,3,monophasic
Burst_autosave_20260717_150503_708ms,Thenar (L),L_The_ED_FD_FCR A,10,300.2382843527016,308.2382843527016,332.5980937252714,,,none,30.0,25,3,monophasic
Burst_autosave_20260717_150503_708ms,Thenar (L),L_The_ED_FD_FCR A,1,0.0,8.0,32.35980937256977,,,none,30.0,30,3,monophasic
Burst_autosave_20260717_150503_708ms,Thenar (L),L_The_ED_FD_FCR A,2,33.35980937256977,41.35980937256977,65.71961874513954,,,none,30.0,30,3,monophasic
Burst_autosave_20260717_150503_708ms,Thenar (L),L_The_ED_FD_FCR A,3,66.71961874513954,74.71961874513954,99.07942811770931,,,none,30.0,30,3,monophasic
Burst_autosave_20260717_150503_708ms,Thenar (L),L_The_ED_FD_FCR A,4,100.07942811770931,108.07942811770931,132.43923749027908,,,none,30.0,30,3,monophasic
Burst_autosave_20260717_150503_708ms,Thenar (L),L_The_ED_FD_FCR A,5,133.43923749027908,141.43923749027908,165.79904686284885,,,none,30.0,30,3,monophasic
Burst_autosave_20260717_150503_708ms,Thenar (L),L_The_ED_FD_FCR A,6,166.79904686284885,174.79904686284885,199.15885623544705,,,none,30.0,30,3,monophasic
Burst_autosave_20260717_150503_708ms,Thenar (L),L_The_ED_FD_FCR A,7,200.15885623544705,208.15885623544705,232.51866560801682,,,none,30.0,30,3,monophasic
Burst_autosave_20260717_150503_708ms,Thenar (L),L_The_ED_FD_FCR A,8,233.51866560801682,241.51866560801682,265.08419380477244,,,none,30.0,30,3,monophasic
Burst_autosave_20260717_150503_708ms,Thenar (L),L_The_ED_FD_FCR A,9,266.08419380477244,274.08419380477244,299.2382843527016,,,none,30.0,30,3,monophasic
Burst_autosave_20260717_150503_708ms,Thenar (L),L_The_ED_FD_FCR A,10,300.2382843527016,308.2382843527016,332.5980937252714,,,none,30.0,30,3,monophasic
Burst_autosave_20260717_150503_708ms,Thenar (L),L_The_ED_FD_FCR A,1,0.0,8.0,32.35980937256977,,,none,30.0,35,3,monophasic
Burst_autosave_20260717_150503_708ms,Thenar (L),L_The_ED_FD_FCR A,2,33.35980937256977,41.35980937256977,65.71961874513954,,,none,30.0,35,3,monophasic
Burst_autosave_20260717_150503_708ms,Thenar (L),L_The_ED_FD_FCR A,3,66.71961874513954,74.71961874513954,99.07942811770931,,,none,30.0,35,3,monophasic
Burst_autosave_20260717_150503_708ms,Thenar (L),L_The_ED_FD_FCR A,4,100.07942811770931,108.07942811770931,132.43923749027908,,,none,30.0,35,3,monophasic
Burst_autosave_20260717_150503_708ms,Thenar (L),L_The_ED_FD_FCR A,5,133.43923749027908,141.43923749027908,165.79904686284885,,,none,30.0,35,3,monophasic
Burst_autosave_20260717_150503_708ms,Thenar (L),L_The_ED_FD_FCR A,6,166.79904686284885,174.79904686284885,199.15885623544705,,,none,30.0,35,3,monophasic
Burst_autosave_20260717_150503_708ms,Thenar (L),L_The_ED_FD_FCR A,7,200.15885623544705,208.15885623544705,232.51866560801682,,,none,30.0,35,3,monophasic
Burst_autosave_20260717_150503_708ms,Thenar (L),L_The_ED_FD_FCR A,8,233.51866560801682,241.51866560801682,265.08419380477244,,,none,30.0,35,3,monophasic
Burst_autosave_20260717_150503_708ms,Thenar (L),L_The_ED_FD_FCR A,9,266.08419380477244,274.08419380477244,299.2382843527016,,,none,30.0,35,3,monophasic
Burst_autosave_20260717_150503_708ms,Thenar (L),L_The_ED_FD_FCR A,10,300.2382843527016,308.2382843527016,332.5980937252714,,,none,30.0,35,3,monophasic
Burst_autosave_20260717_150503_708ms,Thenar (L),L_The_ED_FD_FCR A,1,0.0,8.0,32.35980937256977,,,none,30.0,40,3,monophasic
Burst_autosave_20260717_150503_708ms,Thenar (L),L_The_ED_FD_FCR A,2,33.35980937256977,41.35980937256977,65.71961874513954,,,none,30.0,40,3,monophasic
Burst_autosave_20260717_150503_708ms,Thenar (L),L_The_ED_FD_FCR A,3,66.71961874513954,74.71961874513954,99.07942811770931,,,none,30.0,40,3,monophasic
Burst_autosave_20260717_150503_708ms,Thenar (L),L_The_ED_FD_FCR A,4,100.07942811770931,108.07942811770931,132.43923749027908,,,none,30.0,40,3,monophasic
Burst_autosave_20260717_150503_708ms,Thenar (L),L_The_ED_FD_FCR A,5,133.43923749027908,141.43923749027908,165.79904686284885,,,none,30.0,40,3,monophasic
Burst_autosave_20260717_150503_708ms,Thenar (L),L_The_ED_FD_FCR A,6,166.79904686284885,174.79904686284885,199.15885623544705,,,none,30.0,40,3,monophasic
Burst_autosave_20260717_150503_708ms,Thenar (L),L_The_ED_FD_FCR A,7,200.15885623544705,208.15885623544705,232.51866560801682,,,none,30.0,40,3,monophasic
Burst_autosave_20260717_150503_708ms,Thenar (L),L_The_ED_FD_FCR A,8,233.51866560801682,241.51866560801682,265.08419380477244,,,none,30.0,40,3,monophasic
Burst_autosave_20260717_150503_708ms,Thenar (L),L_The_ED_FD_FCR A,9,266.08419380477244,274.08419380477244,299.2382843527016,,,none,30.0,40,3,monophasic
Burst_autosave_20260717_150503_708ms,Thenar (L),L_The_ED_FD_FCR A,10,300.2382843527016,308.2382843527016,332.5980937252714,,,none,30.0,40,3,monophasic
Burst_autosave_20260717_150503_708ms,Thenar (L),L_The_ED_FD_FCR A,1,0.0,8.0,32.35980937256977,,,none,30.0,45,3,monophasic
Burst_autosave_20260717_150503_708ms,Thenar (L),L_The_ED_FD_FCR A,2,33.35980937256977,41.35980937256977,65.71961874513954,,,none,30.0,45,3,monophasic
Burst_autosave_20260717_150503_708ms,Thenar (L),L_The_ED_FD_FCR A,3,66.71961874513954,74.71961874513954,99.07942811770931,,,none,30.0,45,3,monophasic
Burst_autosave_20260717_150503_708ms,Thenar (L),L_The_ED_FD_FCR A,4,100.07942811770931,108.07942811770931,132.43923749027908,,,none,30.0,45,3,monophasic
Burst_autosave_20260717_150503_708ms,Thenar (L),L_The_ED_FD_FCR A,5,133.43923749027908,141.43923749027908,165.79904686284885,,,none,30.0,45,3,monophasic
Burst_autosave_20260717_150503_708ms,Thenar (L),L_The_ED_FD_FCR A,6,166.79904686284885,174.79904686284885,199.15885623544705,,,none,30.0,45,3,monophasic
Burst_autosave_20260717_150503_708ms,Thenar (L),L_The_ED_FD_FCR A,7,200.15885623544705,208.15885623544705,232.51866560801682,,,none,30.0,45,3,monophasic
Burst_autosave_20260717_150503_708ms,Thenar (L),L_The_ED_FD_FCR A,8,233.51866560801682,241.51866560801682,265.08419380477244,,,none,30.0,45,3,monophasic
Burst_autosave_20260717_150503_708ms,Thenar (L),L_The_ED_FD_FCR A,9,266.08419380477244,274.08419380477244,299.2382843527016,,,none,30.0,45,3,monophasic
Burst_autosave_20260717_150503_708ms,Thenar (L),L_The_ED_FD_FCR A,10,300.2382843527016,308.2382843527016,332.5980937252714,,,none,30.0,45,3,monophasic
Burst_autosave_20260717_150503_708ms,Thenar (L),L_The_ED_FD_FCR A,1,0.0,8.0,32.35980937256977,0.031891356222331524,0.031891356222331524,none,30.0,50,3,monophasic
Burst_autosave_20260717_150503_708ms,Thenar (L),L_The_ED_FD_FCR A,2,33.35980937256977,41.35980937256977,65.71961874513954,0.03356984839774668,0.03356984839774668,none,30.0,50,3,monophasic
Burst_autosave_20260717_150503_708ms,Thenar (L),L_The_ED_FD_FCR A,3,66.71961874513954,74.71961874513954,99.07942811770931,0.00805676355957985,0.00805676355957985,none,30.0,50,3,monophasic
Burst_autosave_20260717_150503_708ms,Thenar (L),L_The_ED_FD_FCR A,4,100.07942811770931,108.07942811770931,132.43923749027908,0.011413748608902097,0.011413748608902097,none,30.0,50,3,monophasic
Burst_autosave_20260717_150503_708ms,Thenar (L),L_The_ED_FD_FCR A,5,133.43923749027908,141.43923749027908,165.79904686284885,0.028534370474517345,0.028534370474517345,none,30.0,50,3,monophasic
Burst_autosave_20260717_150503_708ms,Thenar (L),L_The_ED_FD_FCR A,6,166.79904686284885,174.79904686284885,199.15885623544705,0.011245899368077517,0.011245899368077517,none,30.0,50,3,monophasic
Burst_autosave_20260717_150503_708ms,Thenar (L),L_The_ED_FD_FCR A,7,200.15885623544705,208.15885623544705,232.51866560801682,0.011413748376071453,0.011413748376071453,none,30.0,50,3,monophasic
Burst_autosave_20260717_150503_708ms,Thenar (L),L_The_ED_FD_FCR A,8,233.51866560801682,241.51866560801682,265.08419380477244,0.031052108854055405,0.031052108854055405,none,30.0,50,3,monophasic
Burst_autosave_20260717_150503_708ms,Thenar (L),L_The_ED_FD_FCR A,9,266.08419380477244,274.08419380477244,299.2382843527016,0.01023880299180746,0.01023880299180746,none,30.0,50,3,monophasic
Burst_autosave_20260717_150503_708ms,Thenar (L),L_The_ED_FD_FCR A,10,300.2382843527016,308.2382843527016,332.5980937252714,0.015106431441381574,0.015106431441381574,none,30.0,50,3,monophasic
Burst_autosave_20260717_150503_708ms,Thenar (L),L_The_ED_FD_FCR A,1,0.0,8.0,32.35980937256977,,,none,30.0,55,3,monophasic
Burst_autosave_20260717_150503_708ms,Thenar (L),L_The_ED_FD_FCR A,2,33.35980937256977,41.35980937256977,65.71961874513954,,,none,30.0,55,3,monophasic
Burst_autosave_20260717_150503_708ms,Thenar (L),L_The_ED_FD_FCR A,3,66.71961874513954,74.71961874513954,99.07942811770931,,,none,30.0,55,3,monophasic
Burst_autosave_20260717_150503_708ms,Thenar (L),L_The_ED_FD_FCR A,4,100.07942811770931,108.07942811770931,132.43923749027908,,,none,30.0,55,3,monophasic
Burst_autosave_20260717_150503_708ms,Thenar (L),L_The_ED_FD_FCR A,5,133.43923749027908,141.43923749027908,165.79904686284885,,,none,30.0,55,3,monophasic
Burst_autosave_20260717_150503_708ms,Thenar (L),L_The_ED_FD_FCR A,6,166.79904686284885,174.79904686284885,199.15885623544705,,,none,30.0,55,3,monophasic
Burst_autosave_20260717_150503_708ms,Thenar (L),L_The_ED_FD_FCR A,7,200.15885623544705,208.15885623544705,232.51866560801682,,,none,30.0,55,3,monophasic
Burst_autosave_20260717_150503_708ms,Thenar (L),L_The_ED_FD_FCR A,8,233.51866560801682,241.51866560801682,265.08419380477244,,,none,30.0,55,3,monophasic
Burst_autosave_20260717_150503_708ms,Thenar (L),L_The_ED_FD_FCR A,9,266.08419380477244,274.08419380477244,299.2382843527016,,,none,30.0,55,3,monophasic
Burst_autosave_20260717_150503_708ms,Thenar (L),L_The_ED_FD_FCR A,10,300.2382843527016,308.2382843527016,332.5980937252714,,,none,30.0,55,3,monophasic
Burst_autosave_20260717_150503_708ms,Ext. digitorum (L),L_The_ED_FD_FCR B,1,0.0,8.0,32.35980937256977,,,none,30.0,10,3,monophasic
Burst_autosave_20260717_150503_708ms,Ext. digitorum (L),L_The_ED_FD_FCR B,2,33.35980937256977,41.35980937256977,65.71961874513954,,,none,30.0,10,3,monophasic
Burst_autosave_20260717_150503_708ms,Ext. digitorum (L),L_The_ED_FD_FCR B,3,66.71961874513954,74.71961874513954,99.07942811770931,,,none,30.0,10,3,monophasic
Burst_autosave_20260717_150503_708ms,Ext. digitorum (L),L_The_ED_FD_FCR B,4,100.07942811770931,108.07942811770931,132.43923749027908,,,none,30.0,10,3,monophasic
Burst_autosave_20260717_150503_708ms,Ext. digitorum (L),L_The_ED_FD_FCR B,5,133.43923749027908,141.43923749027908,165.79904686284885,,,none,30.0,10,3,monophasic
Burst_autosave_20260717_150503_708ms,Ext. digitorum (L),L_The_ED_FD_FCR B,6,166.79904686284885,174.79904686284885,199.15885623544705,,,none,30.0,10,3,monophasic
Burst_autosave_20260717_150503_708ms,Ext. digitorum (L),L_The_ED_FD_FCR B,7,200.15885623544705,208.15885623544705,232.51866560801682,,,none,30.0,10,3,monophasic
Burst_autosave_20260717_150503_708ms,Ext. digitorum (L),L_The_ED_FD_FCR B,8,233.51866560801682,241.51866560801682,265.08419380477244,,,none,30.0,10,3,monophasic
Burst_autosave_20260717_150503_708ms,Ext. digitorum (L),L_The_ED_FD_FCR B,9,266.08419380477244,274.08419380477244,299.2382843527016,,,none,30.0,10,3,monophasic
Burst_autosave_20260717_150503_708ms,Ext. digitorum (L),L_The_ED_FD_FCR B,10,300.2382843527016,308.2382843527016,332.5980937252714,,,none,30.0,10,3,monophasic
Burst_autosave_20260717_150503_708ms,Ext. digitorum (L),L_The_ED_FD_FCR B,1,0.0,8.0,32.35980937256977,,,none,30.0,15,3,monophasic
Burst_autosave_20260717_150503_708ms,Ext. digitorum (L),L_The_ED_FD_FCR B,2,33.35980937256977,41.35980937256977,65.71961874513954,,,none,30.0,15,3,monophasic
Burst_autosave_20260717_150503_708ms,Ext. digitorum (L),L_The_ED_FD_FCR B,3,66.71961874513954,74.71961874513954,99.07942811770931,,,none,30.0,15,3,monophasic
Burst_autosave_20260717_150503_708ms,Ext. digitorum (L),L_The_ED_FD_FCR B,4,100.07942811770931,108.07942811770931,132.43923749027908,,,none,30.0,15,3,monophasic
Burst_autosave_20260717_150503_708ms,Ext. digitorum (L),L_The_ED_FD_FCR B,5,133.43923749027908,141.43923749027908,165.79904686284885,,,none,30.0,15,3,monophasic
Burst_autosave_20260717_150503_708ms,Ext. digitorum (L),L_The_ED_FD_FCR B,6,166.79904686284885,174.79904686284885,199.15885623544705,,,none,30.0,15,3,monophasic
Burst_autosave_20260717_150503_708ms,Ext. digitorum (L),L_The_ED_FD_FCR B,7,200.15885623544705,208.15885623544705,232.51866560801682,,,none,30.0,15,3,monophasic
Burst_autosave_20260717_150503_708ms,Ext. digitorum (L),L_The_ED_FD_FCR B,8,233.51866560801682,241.51866560801682,265.08419380477244,,,none,30.0,15,3,monophasic
Burst_autosave_20260717_150503_708ms,Ext. digitorum (L),L_The_ED_FD_FCR B,9,266.08419380477244,274.08419380477244,299.2382843527016,,,none,30.0,15,3,monophasic
Burst_autosave_20260717_150503_708ms,Ext. digitorum (L),L_The_ED_FD_FCR B,10,300.2382843527016,308.2382843527016,332.5980937252714,,,none,30.0,15,3,monophasic
Burst_autosave_20260717_150503_708ms,Ext. digitorum (L),L_The_ED_FD_FCR B,1,0.0,8.0,32.35980937256977,,,none,30.0,20,3,monophasic
Burst_autosave_20260717_150503_708ms,Ext. digitorum (L),L_The_ED_FD_FCR B,2,33.35980937256977,41.35980937256977,65.71961874513954,,,none,30.0,20,3,monophasic
Burst_autosave_20260717_150503_708ms,Ext. digitorum (L),L_The_ED_FD_FCR B,3,66.71961874513954,74.71961874513954,99.07942811770931,,,none,30.0,20,3,monophasic
Burst_autosave_20260717_150503_708ms,Ext. digitorum (L),L_The_ED_FD_FCR B,4,100.07942811770931,108.07942811770931,132.43923749027908,,,none,30.0,20,3,monophasic
Burst_autosave_20260717_150503_708ms,Ext. digitorum (L),L_The_ED_FD_FCR B,5,133.43923749027908,141.43923749027908,165.79904686284885,,,none,30.0,20,3,monophasic
Burst_autosave_20260717_150503_708ms,Ext. digitorum (L),L_The_ED_FD_FCR B,6,166.79904686284885,174.79904686284885,199.15885623544705,,,none,30.0,20,3,monophasic
Burst_autosave_20260717_150503_708ms,Ext. digitorum (L),L_The_ED_FD_FCR B,7,200.15885623544705,208.15885623544705,232.51866560801682,,,none,30.0,20,3,monophasic
Burst_autosave_20260717_150503_708ms,Ext. digitorum (L),L_The_ED_FD_FCR B,8,233.51866560801682,241.51866560801682,265.08419380477244,,,none,30.0,20,3,monophasic
Burst_autosave_20260717_150503_708ms,Ext. digitorum (L),L_The_ED_FD_FCR B,9,266.08419380477244,274.08419380477244,299.2382843527016,,,none,30.0,20,3,monophasic
Burst_autosave_20260717_150503_708ms,Ext. digitorum (L),L_The_ED_FD_FCR B,10,300.2382843527016,308.2382843527016,332.5980937252714,,,none,30.0,20,3,monophasic
Burst_autosave_20260717_150503_708ms,Ext. digitorum (L),L_The_ED_FD_FCR B,1,0.0,8.0,32.35980937256977,,,none,30.0,25,3,monophasic
Burst_autosave_20260717_150503_708ms,Ext. digitorum (L),L_The_ED_FD_FCR B,2,33.35980937256977,41.35980937256977,65.71961874513954,,,none,30.0,25,3,monophasic
Burst_autosave_20260717_150503_708ms,Ext. digitorum (L),L_The_ED_FD_FCR B,3,66.71961874513954,74.71961874513954,99.07942811770931,,,none,30.0,25,3,monophasic
Burst_autosave_20260717_150503_708ms,Ext. digitorum (L),L_The_ED_FD_FCR B,4,100.07942811770931,108.07942811770931,132.43923749027908,,,none,30.0,25,3,monophasic
Burst_autosave_20260717_150503_708ms,Ext. digitorum (L),L_The_ED_FD_FCR B,5,133.43923749027908,141.43923749027908,165.79904686284885,,,none,30.0,25,3,monophasic
Burst_autosave_20260717_150503_708ms,Ext. digitorum (L),L_The_ED_FD_FCR B,6,166.79904686284885,174.79904686284885,199.15885623544705,,,none,30.0,25,3,monophasic
Burst_autosave_20260717_150503_708ms,Ext. digitorum (L),L_The_ED_FD_FCR B,7,200.15885623544705,208.15885623544705,232.51866560801682,,,none,30.0,25,3,monophasic
Burst_autosave_20260717_150503_708ms,Ext. digitorum (L),L_The_ED_FD_FCR B,8,233.51866560801682,241.51866560801682,265.08419380477244,,,none,30.0,25,3,monophasic
Burst_autosave_20260717_150503_708ms,Ext. digitorum (L),L_The_ED_FD_FCR B,9,266.08419380477244,274.08419380477244,299.2382843527016,,,none,30.0,25,3,monophasic
Burst_autosave_20260717_150503_708ms,Ext. digitorum (L),L_The_ED_FD_FCR B,10,300.2382843527016,308.2382843527016,332.5980937252714,,,none,30.0,25,3,monophasic
Burst_autosave_20260717_150503_708ms,Ext. digitorum (L),L_The_ED_FD_FCR B,1,0.0,8.0,32.35980937256977,,,none,30.0,30,3,monophasic
Burst_autosave_20260717_150503_708ms,Ext. digitorum (L),L_The_ED_FD_FCR B,2,33.35980937256977,41.35980937256977,65.71961874513954,,,none,30.0,30,3,monophasic
Burst_autosave_20260717_150503_708ms,Ext. digitorum (L),L_The_ED_FD_FCR B,3,66.71961874513954,74.71961874513954,99.07942811770931,,,none,30.0,30,3,monophasic
Burst_autosave_20260717_150503_708ms,Ext. digitorum (L),L_The_ED_FD_FCR B,4,100.07942811770931,108.07942811770931,132.43923749027908,,,none,30.0,30,3,monophasic
Burst_autosave_20260717_150503_708ms,Ext. digitorum (L),L_The_ED_FD_FCR B,5,133.43923749027908,141.43923749027908,165.79904686284885,,,none,30.0,30,3,monophasic
Burst_autosave_20260717_150503_708ms,Ext. digitorum (L),L_The_ED_FD_FCR B,6,166.79904686284885,174.79904686284885,199.15885623544705,,,none,30.0,30,3,monophasic
Burst_autosave_20260717_150503_708ms,Ext. digitorum (L),L_The_ED_FD_FCR B,7,200.15885623544705,208.15885623544705,232.51866560801682,,,none,30.0,30,3,monophasic
Burst_autosave_20260717_150503_708ms,Ext. digitorum (L),L_The_ED_FD_FCR B,8,233.51866560801682,241.51866560801682,265.08419380477244,,,none,30.0,30,3,monophasic
Burst_autosave_20260717_150503_708ms,Ext. digitorum (L),L_The_ED_FD_FCR B,9,266.08419380477244,274.08419380477244,299.2382843527016,,,none,30.0,30,3,monophasic
Burst_autosave_20260717_150503_708ms,Ext. digitorum (L),L_The_ED_FD_FCR B,10,300.2382843527016,308.2382843527016,332.5980937252714,,,none,30.0,30,3,monophasic
Burst_autosave_20260717_150503_708ms,Ext. digitorum (L),L_The_ED_FD_FCR B,1,0.0,8.0,32.35980937256977,,,none,30.0,35,3,monophasic
Burst_autosave_20260717_150503_708ms,Ext. digitorum (L),L_The_ED_FD_FCR B,2,33.35980937256977,41.35980937256977,65.71961874513954,,,none,30.0,35,3,monophasic
Burst_autosave_20260717_150503_708ms,Ext. digitorum (L),L_The_ED_FD_FCR B,3,66.71961874513954,74.71961874513954,99.07942811770931,,,none,30.0,35,3,monophasic
Burst_autosave_20260717_150503_708ms,Ext. digitorum (L),L_The_ED_FD_FCR B,4,100.07942811770931,108.07942811770931,132.43923749027908,,,none,30.0,35,3,monophasic
Burst_autosave_20260717_150503_708ms,Ext. digitorum (L),L_The_ED_FD_FCR B,5,133.43923749027908,141.43923749027908,165.79904686284885,,,none,30.0,35,3,monophasic
Burst_autosave_20260717_150503_708ms,Ext. digitorum (L),L_The_ED_FD_FCR B,6,166.79904686284885,174.79904686284885,199.15885623544705,,,none,30.0,35,3,monophasic
Burst_autosave_20260717_150503_708ms,Ext. digitorum (L),L_The_ED_FD_FCR B,7,200.15885623544705,208.15885623544705,232.51866560801682,,,none,30.0,35,3,monophasic
Burst_autosave_20260717_150503_708ms,Ext. digitorum (L),L_The_ED_FD_FCR B,8,233.51866560801682,241.51866560801682,265.08419380477244,,,none,30.0,35,3,monophasic
Burst_autosave_20260717_150503_708ms,Ext. digitorum (L),L_The_ED_FD_FCR B,9,266.08419380477244,274.08419380477244,299.2382843527016,,,none,30.0,35,3,monophasic
Burst_autosave_20260717_150503_708ms,Ext. digitorum (L),L_The_ED_FD_FCR B,10,300.2382843527016,308.2382843527016,332.5980937252714,,,none,30.0,35,3,monophasic
Burst_autosave_20260717_150503_708ms,Ext. digitorum (L),L_The_ED_FD_FCR B,1,0.0,8.0,32.35980937256977,,,none,30.0,40,3,monophasic
Burst_autosave_20260717_150503_708ms,Ext. digitorum (L),L_The_ED_FD_FCR B,2,33.35980937256977,41.35980937256977,65.71961874513954,,,none,30.0,40,3,monophasic
Burst_autosave_20260717_150503_708ms,Ext. digitorum (L),L_The_ED_FD_FCR B,3,66.71961874513954,74.71961874513954,99.07942811770931,,,none,30.0,40,3,monophasic
Burst_autosave_20260717_150503_708ms,Ext. digitorum (L),L_The_ED_FD_FCR B,4,100.07942811770931,108.07942811770931,132.43923749027908,,,none,30.0,40,3,monophasic
Burst_autosave_20260717_150503_708ms,Ext. digitorum (L),L_The_ED_FD_FCR B,5,133.43923749027908,141.43923749027908,165.79904686284885,,,none,30.0,40,3,monophasic
Burst_autosave_20260717_150503_708ms,Ext. digitorum (L),L_The_ED_FD_FCR B,6,166.79904686284885,174.79904686284885,199.15885623544705,,,none,30.0,40,3,monophasic
Burst_autosave_20260717_150503_708ms,Ext. digitorum (L),L_The_ED_FD_FCR B,7,200.15885623544705,208.15885623544705,232.51866560801682,,,none,30.0,40,3,monophasic
Burst_autosave_20260717_150503_708ms,Ext. digitorum (L),L_The_ED_FD_FCR B,8,233.51866560801682,241.51866560801682,265.08419380477244,,,none,30.0,40,3,monophasic
Burst_autosave_20260717_150503_708ms,Ext. digitorum (L),L_The_ED_FD_FCR B,9,266.08419380477244,274.08419380477244,299.2382843527016,,,none,30.0,40,3,monophasic
Burst_autosave_20260717_150503_708ms,Ext. digitorum (L),L_The_ED_FD_FCR B,10,300.2382843527016,308.2382843527016,332.5980937252714,,,none,30.0,40,3,monophasic
Burst_autosave_20260717_150503_708ms,Ext. digitorum (L),L_The_ED_FD_FCR B,1,0.0,8.0,32.35980937256977,0.11900511384010315,0.11900511384010315,none,30.0,45,3,monophasic
Burst_autosave_20260717_150503_708ms,Ext. digitorum (L),L_The_ED_FD_FCR B,2,33.35980937256977,41.35980937256977,65.71961874513954,0.006713969865813851,0.006713969865813851,none,30.0,45,3,monophasic
Burst_autosave_20260717_150503_708ms,Ext. digitorum (L),L_The_ED_FD_FCR B,3,66.71961874513954,74.71961874513954,99.07942811770931,0.10507362335920334,0.10507362335920334,none,30.0,45,3,monophasic
Burst_autosave_20260717_150503_708ms,Ext. digitorum (L),L_The_ED_FD_FCR B,4,100.07942811770931,108.07942811770931,132.43923749027908,0.010238803923130035,0.010238803923130035,none,30.0,45,3,monophasic
Burst_autosave_20260717_150503_708ms,Ext. digitorum (L),L_The_ED_FD_FCR B,5,133.43923749027908,141.43923749027908,165.79904686284885,0.10775921121239662,0.10775921121239662,none,30.0,45,3,monophasic
Burst_autosave_20260717_150503_708ms,Ext. digitorum (L),L_The_ED_FD_FCR B,6,166.79904686284885,174.79904686284885,199.15885623544705,0.010070954915136099,0.010070954915136099,none,30.0,45,3,monophasic
Burst_autosave_20260717_150503_708ms,Ext. digitorum (L),L_The_ED_FD_FCR B,7,200.15885623544705,208.15885623544705,232.51866560801682,0.010238803457468748,0.010238803457468748,none,30.0,45,3,monophasic
Burst_autosave_20260717_150503_708ms,Ext. digitorum (L),L_The_ED_FD_FCR B,8,233.51866560801682,241.51866560801682,265.08419380477244,0.10775921493768692,0.10775921493768692,none,30.0,45,3,monophasic
Burst_autosave_20260717_150503_708ms,Ext. digitorum (L),L_The_ED_FD_FCR B,9,266.08419380477244,274.08419380477244,299.2382843527016,0.010070954682305455,0.010070954682305455,none,30.0,45,3,monophasic
Burst_autosave_20260717_150503_708ms,Ext. digitorum (L),L_The_ED_FD_FCR B,10,300.2382843527016,308.2382843527016,332.5980937252714,0.11447318270802498,0.11447318270802498,none,30.0,45,3,monophasic
Burst_autosave_20260717_150503_708ms,Ext. digitorum (L),L_The_ED_FD_FCR B,1,0.0,8.0,32.35980937256977,0.13159380480647087,0.13159380480647087,none,30.0,50,3,monophasic
Burst_autosave_20260717_150503_708ms,Ext. digitorum (L),L_The_ED_FD_FCR B,2,33.35980937256977,41.35980937256977,65.71961874513954,0.1101091019809246,0.1101091019809246,none,30.0,50,3,monophasic
Burst_autosave_20260717_150503_708ms,Ext. digitorum (L),L_The_ED_FD_FCR B,3,66.71961874513954,74.71961874513954,99.07942811770931,0.13192950189113617,0.13192950189113617,none,30.0,50,3,monophasic
Burst_autosave_20260717_150503_708ms,Ext. digitorum (L),L_The_ED_FD_FCR B,4,100.07942811770931,108.07942811770931,132.43923749027908,0.11447317898273468,0.11447317898273468,none,30.0,50,3,monophasic
Burst_autosave_20260717_150503_708ms,Ext. digitorum (L),L_The_ED_FD_FCR B,5,133.43923749027908,141.43923749027908,165.79904686284885,0.0943312719464302,0.0943312719464302,none,30.0,50,3,monophasic
Burst_autosave_20260717_150503_708ms,Ext. digitorum (L),L_The_ED_FD_FCR B,6,166.79904686284885,174.79904686284885,199.15885623544705,0.12152285128831863,0.12152285128831863,none,30.0,50,3,monophasic
Burst_autosave_20260717_150503_708ms,Ext. digitorum (L),L_The_ED_FD_FCR B,7,200.15885623544705,208.15885623544705,232.51866560801682,0.10305943340063095,0.10305943340063095,none,30.0,50,3,monophasic
Burst_autosave_20260717_150503_708ms,Ext. digitorum (L),L_The_ED_FD_FCR B,8,233.51866560801682,241.51866560801682,265.08419380477244,0.09147783368825912,0.09147783368825912,none,30.0,50,3,monophasic
Burst_autosave_20260717_150503_708ms,Ext. digitorum (L),L_The_ED_FD_FCR B,9,266.08419380477244,274.08419380477244,299.2382843527016,0.1121232882142067,0.1121232882142067,none,30.0,50,3,monophasic
Burst_autosave_20260717_150503_708ms,Ext. digitorum (L),L_The_ED_FD_FCR B,10,300.2382843527016,308.2382843527016,332.5980937252714,0.09970244765281677,0.09970244765281677,none,30.0,50,3,monophasic
Burst_autosave_20260717_150503_708ms,Ext. digitorum (L),L_The_ED_FD_FCR B,1,0.0,8.0,32.35980937256977,0.12991530820727348,0.12991530820727348,none,30.0,55,3,monophasic
Burst_autosave_20260717_150503_708ms,Ext. digitorum (L),L_The_ED_FD_FCR B,2,33.35980937256977,41.35980937256977,65.71961874513954,0.09869535267353058,0.09869535267353058,none,30.0,55,3,monophasic
Burst_autosave_20260717_150503_708ms,Ext. digitorum (L),L_The_ED_FD_FCR B,3,66.71961874513954,74.71961874513954,99.07942811770931,0.09903104975819588,0.09903104975819588,none,30.0,55,3,monophasic
Burst_autosave_20260717_150503_708ms,Ext. digitorum (L),L_The_ED_FD_FCR B,4,100.07942811770931,108.07942811770931,132.43923749027908,0.09768825769424438,0.09768825769424438,none,30.0,55,3,monophasic
Burst_autosave_20260717_150503_708ms,Ext. digitorum (L),L_The_ED_FD_FCR B,5,133.43923749027908,141.43923749027908,165.79904686284885,0.0960097685456276,0.0960097685456276,none,30.0,55,3,monophasic
Burst_autosave_20260717_150503_708ms,Ext. digitorum (L),L_The_ED_FD_FCR B,6,166.79904686284885,174.79904686284885,199.15885623544705,0.09013504162430763,0.09013504162430763,none,30.0,55,3,monophasic
Burst_autosave_20260717_150503_708ms,Ext. digitorum (L),L_The_ED_FD_FCR B,7,200.15885623544705,208.15885623544705,232.51866560801682,0.08543526381254196,0.08543526381254196,none,30.0,55,3,monophasic
Burst_autosave_20260717_150503_708ms,Ext. digitorum (L),L_The_ED_FD_FCR B,8,233.51866560801682,241.51866560801682,265.08419380477244,0.08174258098006248,0.08174258098006248,none,30.0,55,3,monophasic
Burst_autosave_20260717_150503_708ms,Ext. digitorum (L),L_The_ED_FD_FCR B,9,266.08419380477244,274.08419380477244,299.2382843527016,0.09198138117790222,0.09198138117790222,none,30.0,55,3,monophasic
Burst_autosave_20260717_150503_708ms,Ext. digitorum (L),L_The_ED_FD_FCR B,10,300.2382843527016,308.2382843527016,332.5980937252714,0.0943312719464302,0.0943312719464302,none,30.0,55,3,monophasic
Burst_autosave_20260717_150503_708ms,Flex. digitorum (L),L_The_ED_FD_FCR C,1,0.0,8.0,32.35980937256977,,,none,30.0,10,3,monophasic
Burst_autosave_20260717_150503_708ms,Flex. digitorum (L),L_The_ED_FD_FCR C,2,33.35980937256977,41.35980937256977,65.71961874513954,,,none,30.0,10,3,monophasic
Burst_autosave_20260717_150503_708ms,Flex. digitorum (L),L_The_ED_FD_FCR C,3,66.71961874513954,74.71961874513954,99.07942811770931,,,none,30.0,10,3,monophasic
Burst_autosave_20260717_150503_708ms,Flex. digitorum (L),L_The_ED_FD_FCR C,4,100.07942811770931,108.07942811770931,132.43923749027908,,,none,30.0,10,3,monophasic
Burst_autosave_20260717_150503_708ms,Flex. digitorum (L),L_The_ED_FD_FCR C,5,133.43923749027908,141.43923749027908,165.79904686284885,,,none,30.0,10,3,monophasic
Burst_autosave_20260717_150503_708ms,Flex. digitorum (L),L_The_ED_FD_FCR C,6,166.79904686284885,174.79904686284885,199.15885623544705,,,none,30.0,10,3,monophasic
Burst_autosave_20260717_150503_708ms,Flex. digitorum (L),L_The_ED_FD_FCR C,7,200.15885623544705,208.15885623544705,232.51866560801682,,,none,30.0,10,3,monophasic
Burst_autosave_20260717_150503_708ms,Flex. digitorum (L),L_The_ED_FD_FCR C,8,233.51866560801682,241.51866560801682,265.08419380477244,,,none,30.0,10,3,monophasic
Burst_autosave_20260717_150503_708ms,Flex. digitorum (L),L_The_ED_FD_FCR C,9,266.08419380477244,274.08419380477244,299.2382843527016,,,none,30.0,10,3,monophasic
Burst_autosave_20260717_150503_708ms,Flex. digitorum (L),L_The_ED_FD_FCR C,10,300.2382843527016,308.2382843527016,332.5980937252714,,,none,30.0,10,3,monophasic
Burst_autosave_20260717_150503_708ms,Flex. digitorum (L),L_The_ED_FD_FCR C,1,0.0,8.0,32.35980937256977,,,none,30.0,15,3,monophasic
Burst_autosave_20260717_150503_708ms,Flex. digitorum (L),L_The_ED_FD_FCR C,2,33.35980937256977,41.35980937256977,65.71961874513954,,,none,30.0,15,3,monophasic
Burst_autosave_20260717_150503_708ms,Flex. digitorum (L),L_The_ED_FD_FCR C,3,66.71961874513954,74.71961874513954,99.07942811770931,,,none,30.0,15,3,monophasic
Burst_autosave_20260717_150503_708ms,Flex. digitorum (L),L_The_ED_FD_FCR C,4,100.07942811770931,108.07942811770931,132.43923749027908,,,none,30.0,15,3,monophasic
Burst_autosave_20260717_150503_708ms,Flex. digitorum (L),L_The_ED_FD_FCR C,5,133.43923749027908,141.43923749027908,165.79904686284885,,,none,30.0,15,3,monophasic
Burst_autosave_20260717_150503_708ms,Flex. digitorum (L),L_The_ED_FD_FCR C,6,166.79904686284885,174.79904686284885,199.15885623544705,,,none,30.0,15,3,monophasic
Burst_autosave_20260717_150503_708ms,Flex. digitorum (L),L_The_ED_FD_FCR C,7,200.15885623544705,208.15885623544705,232.51866560801682,,,none,30.0,15,3,monophasic
Burst_autosave_20260717_150503_708ms,Flex. digitorum (L),L_The_ED_FD_FCR C,8,233.51866560801682,241.51866560801682,265.08419380477244,,,none,30.0,15,3,monophasic
Burst_autosave_20260717_150503_708ms,Flex. digitorum (L),L_The_ED_FD_FCR C,9,266.08419380477244,274.08419380477244,299.2382843527016,,,none,30.0,15,3,monophasic
Burst_autosave_20260717_150503_708ms,Flex. digitorum (L),L_The_ED_FD_FCR C,10,300.2382843527016,308.2382843527016,332.5980937252714,,,none,30.0,15,3,monophasic
Burst_autosave_20260717_150503_708ms,Flex. digitorum (L),L_The_ED_FD_FCR C,1,0.0,8.0,32.35980937256977,,,none,30.0,20,3,monophasic
Burst_autosave_20260717_150503_708ms,Flex. digitorum (L),L_The_ED_FD_FCR C,2,33.35980937256977,41.35980937256977,65.71961874513954,,,none,30.0,20,3,monophasic
Burst_autosave_20260717_150503_708ms,Flex. digitorum (L),L_The_ED_FD_FCR C,3,66.71961874513954,74.71961874513954,99.07942811770931,,,none,30.0,20,3,monophasic
Burst_autosave_20260717_150503_708ms,Flex. digitorum (L),L_The_ED_FD_FCR C,4,100.07942811770931,108.07942811770931,132.43923749027908,,,none,30.0,20,3,monophasic
Burst_autosave_20260717_150503_708ms,Flex. digitorum (L),L_The_ED_FD_FCR C,5,133.43923749027908,141.43923749027908,165.79904686284885,,,none,30.0,20,3,monophasic
Burst_autosave_20260717_150503_708ms,Flex. digitorum (L),L_The_ED_FD_FCR C,6,166.79904686284885,174.79904686284885,199.15885623544705,,,none,30.0,20,3,monophasic
Burst_autosave_20260717_150503_708ms,Flex. digitorum (L),L_The_ED_FD_FCR C,7,200.15885623544705,208.15885623544705,232.51866560801682,,,none,30.0,20,3,monophasic
Burst_autosave_20260717_150503_708ms,Flex. digitorum (L),L_The_ED_FD_FCR C,8,233.51866560801682,241.51866560801682,265.08419380477244,,,none,30.0,20,3,monophasic
Burst_autosave_20260717_150503_708ms,Flex. digitorum (L),L_The_ED_FD_FCR C,9,266.08419380477244,274.08419380477244,299.2382843527016,,,none,30.0,20,3,monophasic
Burst_autosave_20260717_150503_708ms,Flex. digitorum (L),L_The_ED_FD_FCR C,10,300.2382843527016,308.2382843527016,332.5980937252714,,,none,30.0,20,3,monophasic
Burst_autosave_20260717_150503_708ms,Flex. digitorum (L),L_The_ED_FD_FCR C,1,0.0,8.0,32.35980937256977,0.020981155335903168,0.020981155335903168,none,30.0,25,3,monophasic
Burst_autosave_20260717_150503_708ms,Flex. digitorum (L),L_The_ED_FD_FCR C,2,33.35980937256977,41.35980937256977,65.71961874513954,0.00822461280040443,0.00822461280040443,none,30.0,25,3,monophasic
Burst_autosave_20260717_150503_708ms,Flex. digitorum (L),L_The_ED_FD_FCR C,3,66.71961874513954,74.71961874513954,99.07942811770931,0.007385366829112172,0.007385366829112172,none,30.0,25,3,monophasic
Burst_autosave_20260717_150503_708ms,Flex. digitorum (L),L_The_ED_FD_FCR C,4,100.07942811770931,108.07942811770931,132.43923749027908,0.010070954682305455,0.010070954682305455,none,30.0,25,3,monophasic
Burst_autosave_20260717_150503_708ms,Flex. digitorum (L),L_The_ED_FD_FCR C,5,133.43923749027908,141.43923749027908,165.79904686284885,0.014770733658224344,0.014770733658224344,none,30.0,25,3,monophasic
Burst_autosave_20260717_150503_708ms,Flex. digitorum (L),L_The_ED_FD_FCR C,6,166.79904686284885,174.79904686284885,199.15885623544705,0.008728160988539457,0.008728160988539457,none,30.0,25,3,monophasic
Burst_autosave_20260717_150503_708ms,Flex. digitorum (L),L_The_ED_FD_FCR C,7,200.15885623544705,208.15885623544705,232.51866560801682,0.006042572669684887,0.006042572669684887,none,30.0,25,3,monophasic
Burst_autosave_20260717_150503_708ms,Flex. digitorum (L),L_The_ED_FD_FCR C,8,233.51866560801682,241.51866560801682,265.08419380477244,0.009735256200656295,0.009735256200656295,none,30.0,25,3,monophasic
Burst_autosave_20260717_150503_708ms,Flex. digitorum (L),L_The_ED_FD_FCR C,9,266.08419380477244,274.08419380477244,299.2382843527016,0.01493858266621828,0.01493858266621828,none,30.0,25,3,monophasic
Burst_autosave_20260717_150503_708ms,Flex. digitorum (L),L_The_ED_FD_FCR C,10,300.2382843527016,308.2382843527016,332.5980937252714,0.008896009996533394,0.008896009996533394,none,30.0,25,3,monophasic
Burst_autosave_20260717_150503_708ms,Flex. digitorum (L),L_The_ED_FD_FCR C,1,0.0,8.0,32.35980937256977,,,none,30.0,30,3,monophasic
Burst_autosave_20260717_150503_708ms,Flex. digitorum (L),L_The_ED_FD_FCR C,2,33.35980937256977,41.35980937256977,65.71961874513954,,,none,30.0,30,3,monophasic
Burst_autosave_20260717_150503_708ms,Flex. digitorum (L),L_The_ED_FD_FCR C,3,66.71961874513954,74.71961874513954,99.07942811770931,,,none,30.0,30,3,monophasic
Burst_autosave_20260717_150503_708ms,Flex. digitorum (L),L_The_ED_FD_FCR C,4,100.07942811770931,108.07942811770931,132.43923749027908,,,none,30.0,30,3,monophasic
Burst_autosave_20260717_150503_708ms,Flex. digitorum (L),L_The_ED_FD_FCR C,5,133.43923749027908,141.43923749027908,165.79904686284885,,,none,30.0,30,3,monophasic
Burst_autosave_20260717_150503_708ms,Flex. digitorum (L),L_The_ED_FD_FCR C,6,166.79904686284885,174.79904686284885,199.15885623544705,,,none,30.0,30,3,monophasic
Burst_autosave_20260717_150503_708ms,Flex. digitorum (L),L_The_ED_FD_FCR C,7,200.15885623544705,208.15885623544705,232.51866560801682,,,none,30.0,30,3,monophasic
Burst_autosave_20260717_150503_708ms,Flex. digitorum (L),L_The_ED_FD_FCR C,8,233.51866560801682,241.51866560801682,265.08419380477244,,,none,30.0,30,3,monophasic
Burst_autosave_20260717_150503_708ms,Flex. digitorum (L),L_The_ED_FD_FCR C,9,266.08419380477244,274.08419380477244,299.2382843527016,,,none,30.0,30,3,monophasic
Burst_autosave_20260717_150503_708ms,Flex. digitorum (L),L_The_ED_FD_FCR C,10,300.2382843527016,308.2382843527016,332.5980937252714,,,none,30.0,30,3,monophasic
Burst_autosave_20260717_150503_708ms,Flex. digitorum (L),L_The_ED_FD_FCR C,1,0.0,8.0,32.35980937256977,,,none,30.0,35,3,monophasic
Burst_autosave_20260717_150503_708ms,Flex. digitorum (L),L_The_ED_FD_FCR C,2,33.35980937256977,41.35980937256977,65.71961874513954,,,none,30.0,35,3,monophasic
Burst_autosave_20260717_150503_708ms,Flex. digitorum (L),L_The_ED_FD_FCR C,3,66.71961874513954,74.71961874513954,99.07942811770931,,,none,30.0,35,3,monophasic
Burst_autosave_20260717_150503_708ms,Flex. digitorum (L),L_The_ED_FD_FCR C,4,100.07942811770931,108.07942811770931,132.43923749027908,,,none,30.0,35,3,monophasic
Burst_autosave_20260717_150503_708ms,Flex. digitorum (L),L_The_ED_FD_FCR C,5,133.43923749027908,141.43923749027908,165.79904686284885,,,none,30.0,35,3,monophasic
Burst_autosave_20260717_150503_708ms,Flex. digitorum (L),L_The_ED_FD_FCR C,6,166.79904686284885,174.79904686284885,199.15885623544705,,,none,30.0,35,3,monophasic
Burst_autosave_20260717_150503_708ms,Flex. digitorum (L),L_The_ED_FD_FCR C,7,200.15885623544705,208.15885623544705,232.51866560801682,,,none,30.0,35,3,monophasic
Burst_autosave_20260717_150503_708ms,Flex. digitorum (L),L_The_ED_FD_FCR C,8,233.51866560801682,241.51866560801682,265.08419380477244,,,none,30.0,35,3,monophasic
Burst_autosave_20260717_150503_708ms,Flex. digitorum (L),L_The_ED_FD_FCR C,9,266.08419380477244,274.08419380477244,299.2382843527016,,,none,30.0,35,3,monophasic
Burst_autosave_20260717_150503_708ms,Flex. digitorum (L),L_The_ED_FD_FCR C,10,300.2382843527016,308.2382843527016,332.5980937252714,,,none,30.0,35,3,monophasic
Burst_autosave_20260717_150503_708ms,Flex. digitorum (L),L_The_ED_FD_FCR C,1,0.0,8.0,32.35980937256977,,,none,30.0,40,3,monophasic
Burst_autosave_20260717_150503_708ms,Flex. digitorum (L),L_The_ED_FD_FCR C,2,33.35980937256977,41.35980937256977,65.71961874513954,,,none,30.0,40,3,monophasic
Burst_autosave_20260717_150503_708ms,Flex. digitorum (L),L_The_ED_FD_FCR C,3,66.71961874513954,74.71961874513954,99.07942811770931,,,none,30.0,40,3,monophasic
Burst_autosave_20260717_150503_708ms,Flex. digitorum (L),L_The_ED_FD_FCR C,4,100.07942811770931,108.07942811770931,132.43923749027908,,,none,30.0,40,3,monophasic
Burst_autosave_20260717_150503_708ms,Flex. digitorum (L),L_The_ED_FD_FCR C,5,133.43923749027908,141.43923749027908,165.79904686284885,,,none,30.0,40,3,monophasic
Burst_autosave_20260717_150503_708ms,Flex. digitorum (L),L_The_ED_FD_FCR C,6,166.79904686284885,174.79904686284885,199.15885623544705,,,none,30.0,40,3,monophasic
Burst_autosave_20260717_150503_708ms,Flex. digitorum (L),L_The_ED_FD_FCR C,7,200.15885623544705,208.15885623544705,232.51866560801682,,,none,30.0,40,3,monophasic
Burst_autosave_20260717_150503_708ms,Flex. digitorum (L),L_The_ED_FD_FCR C,8,233.51866560801682,241.51866560801682,265.08419380477244,,,none,30.0,40,3,monophasic
Burst_autosave_20260717_150503_708ms,Flex. digitorum (L),L_The_ED_FD_FCR C,9,266.08419380477244,274.08419380477244,299.2382843527016,,,none,30.0,40,3,monophasic
Burst_autosave_20260717_150503_708ms,Flex. digitorum (L),L_The_ED_FD_FCR C,10,300.2382843527016,308.2382843527016,332.5980937252714,,,none,30.0,40,3,monophasic
Burst_autosave_20260717_150503_708ms,Flex. digitorum (L),L_The_ED_FD_FCR C,1,0.0,8.0,32.35980937256977,,,none,30.0,45,3,monophasic
Burst_autosave_20260717_150503_708ms,Flex. digitorum (L),L_The_ED_FD_FCR C,2,33.35980937256977,41.35980937256977,65.71961874513954,,,none,30.0,45,3,monophasic
Burst_autosave_20260717_150503_708ms,Flex. digitorum (L),L_The_ED_FD_FCR C,3,66.71961874513954,74.71961874513954,99.07942811770931,,,none,30.0,45,3,monophasic
Burst_autosave_20260717_150503_708ms,Flex. digitorum (L),L_The_ED_FD_FCR C,4,100.07942811770931,108.07942811770931,132.43923749027908,,,none,30.0,45,3,monophasic
Burst_autosave_20260717_150503_708ms,Flex. digitorum (L),L_The_ED_FD_FCR C,5,133.43923749027908,141.43923749027908,165.79904686284885,,,none,30.0,45,3,monophasic
Burst_autosave_20260717_150503_708ms,Flex. digitorum (L),L_The_ED_FD_FCR C,6,166.79904686284885,174.79904686284885,199.15885623544705,,,none,30.0,45,3,monophasic
Burst_autosave_20260717_150503_708ms,Flex. digitorum (L),L_The_ED_FD_FCR C,7,200.15885623544705,208.15885623544705,232.51866560801682,,,none,30.0,45,3,monophasic
Burst_autosave_20260717_150503_708ms,Flex. digitorum (L),L_The_ED_FD_FCR C,8,233.51866560801682,241.51866560801682,265.08419380477244,,,none,30.0,45,3,monophasic
Burst_autosave_20260717_150503_708ms,Flex. digitorum (L),L_The_ED_FD_FCR C,9,266.08419380477244,274.08419380477244,299.2382843527016,,,none,30.0,45,3,monophasic
Burst_autosave_20260717_150503_708ms,Flex. digitorum (L),L_The_ED_FD_FCR C,10,300.2382843527016,308.2382843527016,332.5980937252714,,,none,30.0,45,3,monophasic
Burst_autosave_20260717_150503_708ms,Flex. digitorum (L),L_The_ED_FD_FCR C,1,0.0,8.0,32.35980937256977,0.015442130388692021,0.015442130388692021,none,30.0,50,3,monophasic
Burst_autosave_20260717_150503_708ms,Flex. digitorum (L),L_The_ED_FD_FCR C,2,33.35980937256977,41.35980937256977,65.71961874513954,0.018127718474715948,0.018127718474715948,none,30.0,50,3,monophasic
Burst_autosave_20260717_150503_708ms,Flex. digitorum (L),L_The_ED_FD_FCR C,3,66.71961874513954,74.71961874513954,99.07942811770931,0.015442130621522665,0.015442130621522665,none,30.0,50,3,monophasic
Burst_autosave_20260717_150503_708ms,Flex. digitorum (L),L_The_ED_FD_FCR C,4,100.07942811770931,108.07942811770931,132.43923749027908,0.01460288418456912,0.01460288418456912,none,30.0,50,3,monophasic
Burst_autosave_20260717_150503_708ms,Flex. digitorum (L),L_The_ED_FD_FCR C,5,133.43923749027908,141.43923749027908,165.79904686284885,0.01460288418456912,0.01460288418456912,none,30.0,50,3,monophasic
Burst_autosave_20260717_150503_708ms,Flex. digitorum (L),L_The_ED_FD_FCR C,6,166.79904686284885,174.79904686284885,199.15885623544705,0.014770733658224344,0.014770733658224344,none,30.0,50,3,monophasic
Burst_autosave_20260717_150503_708ms,Flex. digitorum (L),L_The_ED_FD_FCR C,7,200.15885623544705,208.15885623544705,232.51866560801682,0.013427939265966415,0.013427939265966415,none,30.0,50,3,monophasic
Burst_autosave_20260717_150503_708ms,Flex. digitorum (L),L_The_ED_FD_FCR C,8,233.51866560801682,241.51866560801682,265.08419380477244,0.013763638213276863,0.013763638213276863,none,30.0,50,3,monophasic
Burst_autosave_20260717_150503_708ms,Flex. digitorum (L),L_The_ED_FD_FCR C,9,266.08419380477244,274.08419380477244,299.2382843527016,0.02433814015239477,0.02433814015239477,none,30.0,50,3,monophasic
Burst_autosave_20260717_150503_708ms,Flex. digitorum (L),L_The_ED_FD_FCR C,10,300.2382843527016,308.2382843527016,332.5980937252714,0.015274281147867441,0.015274281147867441,none,30.0,50,3,monophasic
Burst_autosave_20260717_150503_708ms,Flex. digitorum (L),L_The_ED_FD_FCR C,1,0.0,8.0,32.35980937256977,0.03088425938040018,0.03088425938040018,none,30.0,55,3,monophasic
Burst_autosave_20260717_150503_708ms,Flex. digitorum (L),L_The_ED_FD_FCR C,2,33.35980937256977,41.35980937256977,65.71961874513954,0.03424124466255307,0.03424124466255307,none,30.0,55,3,monophasic
Burst_autosave_20260717_150503_708ms,Flex. digitorum (L),L_The_ED_FD_FCR C,3,66.71961874513954,74.71961874513954,99.07942811770931,0.025680934078991413,0.025680934078991413,none,30.0,55,3,monophasic
Burst_autosave_20260717_150503_708ms,Flex. digitorum (L),L_The_ED_FD_FCR C,4,100.07942811770931,108.07942811770931,132.43923749027908,0.023498893715441227,0.023498893715441227,none,30.0,55,3,monophasic
Burst_autosave_20260717_150503_708ms,Flex. digitorum (L),L_The_ED_FD_FCR C,5,133.43923749027908,141.43923749027908,165.79904686284885,0.015106432139873505,0.015106432139873505,none,30.0,55,3,monophasic
Burst_autosave_20260717_150503_708ms,Flex. digitorum (L),L_The_ED_FD_FCR C,6,166.79904686284885,174.79904686284885,199.15885623544705,0.023834592662751675,0.023834592662751675,none,30.0,55,3,monophasic
Burst_autosave_20260717_150503_708ms,Flex. digitorum (L),L_The_ED_FD_FCR C,7,200.15885623544705,208.15885623544705,232.51866560801682,0.033905547112226486,0.033905547112226486,none,30.0,55,3,monophasic
Burst_autosave_20260717_150503_708ms,Flex. digitorum (L),L_The_ED_FD_FCR C,8,233.51866560801682,241.51866560801682,265.08419380477244,0.018799115205183625,0.018799115205183625,none,30.0,55,3,monophasic
Burst_autosave_20260717_150503_708ms,Flex. digitorum (L),L_The_ED_FD_FCR C,9,266.08419380477244,274.08419380477244,299.2382843527016,0.019134812988340855,0.019134812988340855,none,30.0,55,3,monophasic
Burst_autosave_20260717_150503_708ms,Flex. digitorum (L),L_The_ED_FD_FCR C,10,300.2382843527016,308.2382843527016,332.5980937252714,0.015106432139873505,0.015106432139873505,none,30.0,55,3,monophasic
Burst_autosave_20260717_150503_708ms,Flex. carpi rad. (L),L_The_ED_FD_FCR D,1,0.0,8.0,32.35980937256977,,,none,30.0,10,3,monophasic
Burst_autosave_20260717_150503_708ms,Flex. carpi rad. (L),L_The_ED_FD_FCR D,2,33.35980937256977,41.35980937256977,65.71961874513954,,,none,30.0,10,3,monophasic
Burst_autosave_20260717_150503_708ms,Flex. carpi rad. (L),L_The_ED_FD_FCR D,3,66.71961874513954,74.71961874513954,99.07942811770931,,,none,30.0,10,3,monophasic
Burst_autosave_20260717_150503_708ms,Flex. carpi rad. (L),L_The_ED_FD_FCR D,4,100.07942811770931,108.07942811770931,132.43923749027908,,,none,30.0,10,3,monophasic
Burst_autosave_20260717_150503_708ms,Flex. carpi rad. (L),L_The_ED_FD_FCR D,5,133.43923749027908,141.43923749027908,165.79904686284885,,,none,30.0,10,3,monophasic
Burst_autosave_20260717_150503_708ms,Flex. carpi rad. (L),L_The_ED_FD_FCR D,6,166.79904686284885,174.79904686284885,199.15885623544705,,,none,30.0,10,3,monophasic
Burst_autosave_20260717_150503_708ms,Flex. carpi rad. (L),L_The_ED_FD_FCR D,7,200.15885623544705,208.15885623544705,232.51866560801682,,,none,30.0,10,3,monophasic
Burst_autosave_20260717_150503_708ms,Flex. carpi rad. (L),L_The_ED_FD_FCR D,8,233.51866560801682,241.51866560801682,265.08419380477244,,,none,30.0,10,3,monophasic
Burst_autosave_20260717_150503_708ms,Flex. carpi rad. (L),L_The_ED_FD_FCR D,9,266.08419380477244,274.08419380477244,299.2382843527016,,,none,30.0,10,3,monophasic
Burst_autosave_20260717_150503_708ms,Flex. carpi rad. (L),L_The_ED_FD_FCR D,10,300.2382843527016,308.2382843527016,332.5980937252714,,,none,30.0,10,3,monophasic
Burst_autosave_20260717_150503_708ms,Flex. carpi rad. (L),L_The_ED_FD_FCR D,1,0.0,8.0,32.35980937256977,,,none,30.0,15,3,monophasic
Burst_autosave_20260717_150503_708ms,Flex. carpi rad. (L),L_The_ED_FD_FCR D,2,33.35980937256977,41.35980937256977,65.71961874513954,,,none,30.0,15,3,monophasic
Burst_autosave_20260717_150503_708ms,Flex. carpi rad. (L),L_The_ED_FD_FCR D,3,66.71961874513954,74.71961874513954,99.07942811770931,,,none,30.0,15,3,monophasic
Burst_autosave_20260717_150503_708ms,Flex. carpi rad. (L),L_The_ED_FD_FCR D,4,100.07942811770931,108.07942811770931,132.43923749027908,,,none,30.0,15,3,monophasic
Burst_autosave_20260717_150503_708ms,Flex. carpi rad. (L),L_The_ED_FD_FCR D,5,133.43923749027908,141.43923749027908,165.79904686284885,,,none,30.0,15,3,monophasic
Burst_autosave_20260717_150503_708ms,Flex. carpi rad. (L),L_The_ED_FD_FCR D,6,166.79904686284885,174.79904686284885,199.15885623544705,,,none,30.0,15,3,monophasic
Burst_autosave_20260717_150503_708ms,Flex. carpi rad. (L),L_The_ED_FD_FCR D,7,200.15885623544705,208.15885623544705,232.51866560801682,,,none,30.0,15,3,monophasic
Burst_autosave_20260717_150503_708ms,Flex. carpi rad. (L),L_The_ED_FD_FCR D,8,233.51866560801682,241.51866560801682,265.08419380477244,,,none,30.0,15,3,monophasic
Burst_autosave_20260717_150503_708ms,Flex. carpi rad. (L),L_The_ED_FD_FCR D,9,266.08419380477244,274.08419380477244,299.2382843527016,,,none,30.0,15,3,monophasic
Burst_autosave_20260717_150503_708ms,Flex. carpi rad. (L),L_The_ED_FD_FCR D,10,300.2382843527016,308.2382843527016,332.5980937252714,,,none,30.0,15,3,monophasic
Burst_autosave_20260717_150503_708ms,Flex. carpi rad. (L),L_The_ED_FD_FCR D,1,0.0,8.0,32.35980937256977,,,none,30.0,20,3,monophasic
Burst_autosave_20260717_150503_708ms,Flex. carpi rad. (L),L_The_ED_FD_FCR D,2,33.35980937256977,41.35980937256977,65.71961874513954,,,none,30.0,20,3,monophasic
Burst_autosave_20260717_150503_708ms,Flex. carpi rad. (L),L_The_ED_FD_FCR D,3,66.71961874513954,74.71961874513954,99.07942811770931,,,none,30.0,20,3,monophasic
Burst_autosave_20260717_150503_708ms,Flex. carpi rad. (L),L_The_ED_FD_FCR D,4,100.07942811770931,108.07942811770931,132.43923749027908,,,none,30.0,20,3,monophasic
Burst_autosave_20260717_150503_708ms,Flex. carpi rad. (L),L_The_ED_FD_FCR D,5,133.43923749027908,141.43923749027908,165.79904686284885,,,none,30.0,20,3,monophasic
Burst_autosave_20260717_150503_708ms,Flex. carpi rad. (L),L_The_ED_FD_FCR D,6,166.79904686284885,174.79904686284885,199.15885623544705,,,none,30.0,20,3,monophasic
Burst_autosave_20260717_150503_708ms,Flex. carpi rad. (L),L_The_ED_FD_FCR D,7,200.15885623544705,208.15885623544705,232.51866560801682,,,none,30.0,20,3,monophasic
Burst_autosave_20260717_150503_708ms,Flex. carpi rad. (L),L_The_ED_FD_FCR D,8,233.51866560801682,241.51866560801682,265.08419380477244,,,none,30.0,20,3,monophasic
Burst_autosave_20260717_150503_708ms,Flex. carpi rad. (L),L_The_ED_FD_FCR D,9,266.08419380477244,274.08419380477244,299.2382843527016,,,none,30.0,20,3,monophasic
Burst_autosave_20260717_150503_708ms,Flex. carpi rad. (L),L_The_ED_FD_FCR D,10,300.2382843527016,308.2382843527016,332.5980937252714,,,none,30.0,20,3,monophasic
Burst_autosave_20260717_150503_708ms,Flex. carpi rad. (L),L_The_ED_FD_FCR D,1,0.0,8.0,32.35980937256977,,,none,30.0,25,3,monophasic
Burst_autosave_20260717_150503_708ms,Flex. carpi rad. (L),L_The_ED_FD_FCR D,2,33.35980937256977,41.35980937256977,65.71961874513954,,,none,30.0,25,3,monophasic
Burst_autosave_20260717_150503_708ms,Flex. carpi rad. (L),L_The_ED_FD_FCR D,3,66.71961874513954,74.71961874513954,99.07942811770931,,,none,30.0,25,3,monophasic
Burst_autosave_20260717_150503_708ms,Flex. carpi rad. (L),L_The_ED_FD_FCR D,4,100.07942811770931,108.07942811770931,132.43923749027908,,,none,30.0,25,3,monophasic
Burst_autosave_20260717_150503_708ms,Flex. carpi rad. (L),L_The_ED_FD_FCR D,5,133.43923749027908,141.43923749027908,165.79904686284885,,,none,30.0,25,3,monophasic
Burst_autosave_20260717_150503_708ms,Flex. carpi rad. (L),L_The_ED_FD_FCR D,6,166.79904686284885,174.79904686284885,199.15885623544705,,,none,30.0,25,3,monophasic
Burst_autosave_20260717_150503_708ms,Flex. carpi rad. (L),L_The_ED_FD_FCR D,7,200.15885623544705,208.15885623544705,232.51866560801682,,,none,30.0,25,3,monophasic
Burst_autosave_20260717_150503_708ms,Flex. carpi rad. (L),L_The_ED_FD_FCR D,8,233.51866560801682,241.51866560801682,265.08419380477244,,,none,30.0,25,3,monophasic
Burst_autosave_20260717_150503_708ms,Flex. carpi rad. (L),L_The_ED_FD_FCR D,9,266.08419380477244,274.08419380477244,299.2382843527016,,,none,30.0,25,3,monophasic
Burst_autosave_20260717_150503_708ms,Flex. carpi rad. (L),L_The_ED_FD_FCR D,10,300.2382843527016,308.2382843527016,332.5980937252714,,,none,30.0,25,3,monophasic
Burst_autosave_20260717_150503_708ms,Flex. carpi rad. (L),L_The_ED_FD_FCR D,1,0.0,8.0,32.35980937256977,,,none,30.0,30,3,monophasic
Burst_autosave_20260717_150503_708ms,Flex. carpi rad. (L),L_The_ED_FD_FCR D,2,33.35980937256977,41.35980937256977,65.71961874513954,,,none,30.0,30,3,monophasic
Burst_autosave_20260717_150503_708ms,Flex. carpi rad. (L),L_The_ED_FD_FCR D,3,66.71961874513954,74.71961874513954,99.07942811770931,,,none,30.0,30,3,monophasic
Burst_autosave_20260717_150503_708ms,Flex. carpi rad. (L),L_The_ED_FD_FCR D,4,100.07942811770931,108.07942811770931,132.43923749027908,,,none,30.0,30,3,monophasic
Burst_autosave_20260717_150503_708ms,Flex. carpi rad. (L),L_The_ED_FD_FCR D,5,133.43923749027908,141.43923749027908,165.79904686284885,,,none,30.0,30,3,monophasic
Burst_autosave_20260717_150503_708ms,Flex. carpi rad. (L),L_The_ED_FD_FCR D,6,166.79904686284885,174.79904686284885,199.15885623544705,,,none,30.0,30,3,monophasic
Burst_autosave_20260717_150503_708ms,Flex. carpi rad. (L),L_The_ED_FD_FCR D,7,200.15885623544705,208.15885623544705,232.51866560801682,,,none,30.0,30,3,monophasic
Burst_autosave_20260717_150503_708ms,Flex. carpi rad. (L),L_The_ED_FD_FCR D,8,233.51866560801682,241.51866560801682,265.08419380477244,,,none,30.0,30,3,monophasic
Burst_autosave_20260717_150503_708ms,Flex. carpi rad. (L),L_The_ED_FD_FCR D,9,266.08419380477244,274.08419380477244,299.2382843527016,,,none,30.0,30,3,monophasic
Burst_autosave_20260717_150503_708ms,Flex. carpi rad. (L),L_The_ED_FD_FCR D,10,300.2382843527016,308.2382843527016,332.5980937252714,,,none,30.0,30,3,monophasic
Burst_autosave_20260717_150503_708ms,Flex. carpi rad. (L),L_The_ED_FD_FCR D,1,0.0,8.0,32.35980937256977,,,none,30.0,35,3,monophasic
Burst_autosave_20260717_150503_708ms,Flex. carpi rad. (L),L_The_ED_FD_FCR D,2,33.35980937256977,41.35980937256977,65.71961874513954,,,none,30.0,35,3,monophasic
Burst_autosave_20260717_150503_708ms,Flex. carpi rad. (L),L_The_ED_FD_FCR D,3,66.71961874513954,74.71961874513954,99.07942811770931,,,none,30.0,35,3,monophasic
Burst_autosave_20260717_150503_708ms,Flex. carpi rad. (L),L_The_ED_FD_FCR D,4,100.07942811770931,108.07942811770931,132.43923749027908,,,none,30.0,35,3,monophasic
Burst_autosave_20260717_150503_708ms,Flex. carpi rad. (L),L_The_ED_FD_FCR D,5,133.43923749027908,141.43923749027908,165.79904686284885,,,none,30.0,35,3,monophasic
Burst_autosave_20260717_150503_708ms,Flex. carpi rad. (L),L_The_ED_FD_FCR D,6,166.79904686284885,174.79904686284885,199.15885623544705,,,none,30.0,35,3,monophasic
Burst_autosave_20260717_150503_708ms,Flex. carpi rad. (L),L_The_ED_FD_FCR D,7,200.15885623544705,208.15885623544705,232.51866560801682,,,none,30.0,35,3,monophasic
Burst_autosave_20260717_150503_708ms,Flex. carpi rad. (L),L_The_ED_FD_FCR D,8,233.51866560801682,241.51866560801682,265.08419380477244,,,none,30.0,35,3,monophasic
Burst_autosave_20260717_150503_708ms,Flex. carpi rad. (L),L_The_ED_FD_FCR D,9,266.08419380477244,274.08419380477244,299.2382843527016,,,none,30.0,35,3,monophasic
Burst_autosave_20260717_150503_708ms,Flex. carpi rad. (L),L_The_ED_FD_FCR D,10,300.2382843527016,308.2382843527016,332.5980937252714,,,none,30.0,35,3,monophasic
Burst_autosave_20260717_150503_708ms,Flex. carpi rad. (L),L_The_ED_FD_FCR D,1,0.0,8.0,32.35980937256977,,,none,30.0,40,3,monophasic
Burst_autosave_20260717_150503_708ms,Flex. carpi rad. (L),L_The_ED_FD_FCR D,2,33.35980937256977,41.35980937256977,65.71961874513954,,,none,30.0,40,3,monophasic
Burst_autosave_20260717_150503_708ms,Flex. carpi rad. (L),L_The_ED_FD_FCR D,3,66.71961874513954,74.71961874513954,99.07942811770931,,,none,30.0,40,3,monophasic
Burst_autosave_20260717_150503_708ms,Flex. carpi rad. (L),L_The_ED_FD_FCR D,4,100.07942811770931,108.07942811770931,132.43923749027908,,,none,30.0,40,3,monophasic
Burst_autosave_20260717_150503_708ms,Flex. carpi rad. (L),L_The_ED_FD_FCR D,5,133.43923749027908,141.43923749027908,165.79904686284885,,,none,30.0,40,3,monophasic
Burst_autosave_20260717_150503_708ms,Flex. carpi rad. (L),L_The_ED_FD_FCR D,6,166.79904686284885,174.79904686284885,199.15885623544705,,,none,30.0,40,3,monophasic
Burst_autosave_20260717_150503_708ms,Flex. carpi rad. (L),L_The_ED_FD_FCR D,7,200.15885623544705,208.15885623544705,232.51866560801682,,,none,30.0,40,3,monophasic
Burst_autosave_20260717_150503_708ms,Flex. carpi rad. (L),L_The_ED_FD_FCR D,8,233.51866560801682,241.51866560801682,265.08419380477244,,,none,30.0,40,3,monophasic
Burst_autosave_20260717_150503_708ms,Flex. carpi rad. (L),L_The_ED_FD_FCR D,9,266.08419380477244,274.08419380477244,299.2382843527016,,,none,30.0,40,3,monophasic
Burst_autosave_20260717_150503_708ms,Flex. carpi rad. (L),L_The_ED_FD_FCR D,10,300.2382843527016,308.2382843527016,332.5980937252714,,,none,30.0,40,3,monophasic
Burst_autosave_20260717_150503_708ms,Flex. carpi rad. (L),L_The_ED_FD_FCR D,1,0.0,8.0,32.35980937256977,0.027191576547920704,0.027191576547920704,none,30.0,45,3,monophasic
Burst_autosave_20260717_150503_708ms,Flex. carpi rad. (L),L_The_ED_FD_FCR D,2,33.35980937256977,41.35980937256977,65.71961874513954,0.007888914551585913,0.007888914551585913,none,30.0,45,3,monophasic
Burst_autosave_20260717_150503_708ms,Flex. carpi rad. (L),L_The_ED_FD_FCR D,3,66.71961874513954,74.71961874513954,99.07942811770931,0.0077210653107613325,0.0077210653107613325,none,30.0,45,3,monophasic
Burst_autosave_20260717_150503_708ms,Flex. carpi rad. (L),L_The_ED_FD_FCR D,4,100.07942811770931,108.07942811770931,132.43923749027908,0.03189135529100895,0.03189135529100895,none,30.0,45,3,monophasic
Burst_autosave_20260717_150503_708ms,Flex. carpi rad. (L),L_The_ED_FD_FCR D,5,133.43923749027908,141.43923749027908,165.79904686284885,0.0065461203921586275,0.0065461203921586275,none,30.0,45,3,monophasic
Burst_autosave_20260717_150503_708ms,Flex. carpi rad. (L),L_The_ED_FD_FCR D,6,166.79904686284885,174.79904686284885,199.15885623544705,0.03121995832771063,0.03121995832771063,none,30.0,45,3,monophasic
Burst_autosave_20260717_150503_708ms,Flex. carpi rad. (L),L_The_ED_FD_FCR D,7,200.15885623544705,208.15885623544705,232.51866560801682,0.007888914318755269,0.007888914318755269,none,30.0,45,3,monophasic
Burst_autosave_20260717_150503_708ms,Flex. carpi rad. (L),L_The_ED_FD_FCR D,8,233.51866560801682,241.51866560801682,265.08419380477244,0.02685587853193283,0.02685587853193283,none,30.0,45,3,monophasic
Burst_autosave_20260717_150503_708ms,Flex. carpi rad. (L),L_The_ED_FD_FCR D,9,266.08419380477244,274.08419380477244,299.2382843527016,0.007385366829112172,0.007385366829112172,none,30.0,45,3,monophasic
Burst_autosave_20260717_150503_708ms,Flex. carpi rad. (L),L_The_ED_FD_FCR D,10,300.2382843527016,308.2382843527016,332.5980937252714,0.02685587853193283,0.02685587853193283,none,30.0,45,3,monophasic
Burst_autosave_20260717_150503_708ms,Flex. carpi rad. (L),L_The_ED_FD_FCR D,1,0.0,8.0,32.35980937256977,0.03524834103882313,0.03524834103882313,none,30.0,50,3,monophasic
Burst_autosave_20260717_150503_708ms,Flex. carpi rad. (L),L_The_ED_FD_FCR D,2,33.35980937256977,41.35980937256977,65.71961874513954,0.03675898350775242,0.03675898350775242,none,30.0,50,3,monophasic
Burst_autosave_20260717_150503_708ms,Flex. carpi rad. (L),L_The_ED_FD_FCR D,3,66.71961874513954,74.71961874513954,99.07942811770931,0.031219959259033203,0.031219959259033203,none,30.0,50,3,monophasic
Burst_autosave_20260717_150503_708ms,Flex. carpi rad. (L),L_The_ED_FD_FCR D,4,100.07942811770931,108.07942811770931,132.43923749027908,0.03491264209151268,0.03491264209151268,none,30.0,50,3,monophasic
Burst_autosave_20260717_150503_708ms,Flex. carpi rad. (L),L_The_ED_FD_FCR D,5,133.43923749027908,141.43923749027908,165.79904686284885,0.03524834010750055,0.03524834010750055,none,30.0,50,3,monophasic
Burst_autosave_20260717_150503_708ms,Flex. carpi rad. (L),L_The_ED_FD_FCR D,6,166.79904686284885,174.79904686284885,199.15885623544705,0.034241244196891785,0.034241244196891785,none,30.0,50,3,monophasic
Burst_autosave_20260717_150503_708ms,Flex. carpi rad. (L),L_The_ED_FD_FCR D,7,200.15885623544705,208.15885623544705,232.51866560801682,0.02987716533243656,0.02987716533243656,none,30.0,50,3,monophasic
Burst_autosave_20260717_150503_708ms,Flex. carpi rad. (L),L_The_ED_FD_FCR D,8,233.51866560801682,241.51866560801682,265.08419380477244,0.009063859237357974,0.009063859237357974,none,30.0,50,3,monophasic
Burst_autosave_20260717_150503_708ms,Flex. carpi rad. (L),L_The_ED_FD_FCR D,9,266.08419380477244,274.08419380477244,299.2382843527016,0.024170290678739548,0.024170290678739548,none,30.0,50,3,monophasic
Burst_autosave_20260717_150503_708ms,Flex. carpi rad. (L),L_The_ED_FD_FCR D,10,300.2382843527016,308.2382843527016,332.5980937252714,0.0322270542383194,0.0322270542383194,none,30.0,50,3,monophasic
Burst_autosave_20260717_150503_708ms,Flex. carpi rad. (L),L_The_ED_FD_FCR D,1,0.0,8.0,32.35980937256977,,,none,30.0,55,3,monophasic
Burst_autosave_20260717_150503_708ms,Flex. carpi rad. (L),L_The_ED_FD_FCR D,2,33.35980937256977,41.35980937256977,65.71961874513954,,,none,30.0,55,3,monophasic
Burst_autosave_20260717_150503_708ms,Flex. carpi rad. (L),L_The_ED_FD_FCR D,3,66.71961874513954,74.71961874513954,99.07942811770931,,,none,30.0,55,3,monophasic
Burst_autosave_20260717_150503_708ms,Flex. carpi rad. (L),L_The_ED_FD_FCR D,4,100.07942811770931,108.07942811770931,132.43923749027908,,,none,30.0,55,3,monophasic
Burst_autosave_20260717_150503_708ms,Flex. carpi rad. (L),L_The_ED_FD_FCR D,5,133.43923749027908,141.43923749027908,165.79904686284885,,,none,30.0,55,3,monophasic
Burst_autosave_20260717_150503_708ms,Flex. carpi rad. (L),L_The_ED_FD_FCR D,6,166.79904686284885,174.79904686284885,199.15885623544705,,,none,30.0,55,3,monophasic
Burst_autosave_20260717_150503_708ms,Flex. carpi rad. (L),L_The_ED_FD_FCR D,7,200.15885623544705,208.15885623544705,232.51866560801682,,,none,30.0,55,3,monophasic
Burst_autosave_20260717_150503_708ms,Flex. carpi rad. (L),L_The_ED_FD_FCR D,8,233.51866560801682,241.51866560801682,265.08419380477244,,,none,30.0,55,3,monophasic
Burst_autosave_20260717_150503_708ms,Flex. carpi rad. (L),L_The_ED_FD_FCR D,9,266.08419380477244,274.08419380477244,299.2382843527016,,,none,30.0,55,3,monophasic
Burst_autosave_20260717_150503_708ms,Flex. carpi rad. (L),L_The_ED_FD_FCR D,10,300.2382843527016,308.2382843527016,332.5980937252714,,,none,30.0,55,3,monophasic
Burst_autosave_20260717_150503_708ms,Deltoid med. (R),R_DELmed,1,0.0,8.0,32.35980937256977,,,none,30.0,10,3,monophasic
Burst_autosave_20260717_150503_708ms,Deltoid med. (R),R_DELmed,2,33.35980937256977,41.35980937256977,65.71961874513954,,,none,30.0,10,3,monophasic
Burst_autosave_20260717_150503_708ms,Deltoid med. (R),R_DELmed,3,66.71961874513954,74.71961874513954,99.07942811770931,,,none,30.0,10,3,monophasic
Burst_autosave_20260717_150503_708ms,Deltoid med. (R),R_DELmed,4,100.07942811770931,108.07942811770931,132.43923749027908,,,none,30.0,10,3,monophasic
Burst_autosave_20260717_150503_708ms,Deltoid med. (R),R_DELmed,5,133.43923749027908,141.43923749027908,165.79904686284885,,,none,30.0,10,3,monophasic
Burst_autosave_20260717_150503_708ms,Deltoid med. (R),R_DELmed,6,166.79904686284885,174.79904686284885,199.15885623544705,,,none,30.0,10,3,monophasic
Burst_autosave_20260717_150503_708ms,Deltoid med. (R),R_DELmed,7,200.15885623544705,208.15885623544705,232.51866560801682,,,none,30.0,10,3,monophasic
Burst_autosave_20260717_150503_708ms,Deltoid med. (R),R_DELmed,8,233.51866560801682,241.51866560801682,265.08419380477244,,,none,30.0,10,3,monophasic
Burst_autosave_20260717_150503_708ms,Deltoid med. (R),R_DELmed,9,266.08419380477244,274.08419380477244,299.2382843527016,,,none,30.0,10,3,monophasic
Burst_autosave_20260717_150503_708ms,Deltoid med. (R),R_DELmed,10,300.2382843527016,308.2382843527016,332.5980937252714,,,none,30.0,10,3,monophasic
Burst_autosave_20260717_150503_708ms,Deltoid med. (R),R_DELmed,1,0.0,8.0,32.35980937256977,,,none,30.0,15,3,monophasic
Burst_autosave_20260717_150503_708ms,Deltoid med. (R),R_DELmed,2,33.35980937256977,41.35980937256977,65.71961874513954,,,none,30.0,15,3,monophasic
Burst_autosave_20260717_150503_708ms,Deltoid med. (R),R_DELmed,3,66.71961874513954,74.71961874513954,99.07942811770931,,,none,30.0,15,3,monophasic
Burst_autosave_20260717_150503_708ms,Deltoid med. (R),R_DELmed,4,100.07942811770931,108.07942811770931,132.43923749027908,,,none,30.0,15,3,monophasic
Burst_autosave_20260717_150503_708ms,Deltoid med. (R),R_DELmed,5,133.43923749027908,141.43923749027908,165.79904686284885,,,none,30.0,15,3,monophasic
Burst_autosave_20260717_150503_708ms,Deltoid med. (R),R_DELmed,6,166.79904686284885,174.79904686284885,199.15885623544705,,,none,30.0,15,3,monophasic
Burst_autosave_20260717_150503_708ms,Deltoid med. (R),R_DELmed,7,200.15885623544705,208.15885623544705,232.51866560801682,,,none,30.0,15,3,monophasic
Burst_autosave_20260717_150503_708ms,Deltoid med. (R),R_DELmed,8,233.51866560801682,241.51866560801682,265.08419380477244,,,none,30.0,15,3,monophasic
Burst_autosave_20260717_150503_708ms,Deltoid med. (R),R_DELmed,9,266.08419380477244,274.08419380477244,299.2382843527016,,,none,30.0,15,3,monophasic
Burst_autosave_20260717_150503_708ms,Deltoid med. (R),R_DELmed,10,300.2382843527016,308.2382843527016,332.5980937252714,,,none,30.0,15,3,monophasic
Burst_autosave_20260717_150503_708ms,Deltoid med. (R),R_DELmed,1,0.0,8.0,32.35980937256977,,,none,30.0,20,3,monophasic
Burst_autosave_20260717_150503_708ms,Deltoid med. (R),R_DELmed,2,33.35980937256977,41.35980937256977,65.71961874513954,,,none,30.0,20,3,monophasic
Burst_autosave_20260717_150503_708ms,Deltoid med. (R),R_DELmed,3,66.71961874513954,74.71961874513954,99.07942811770931,,,none,30.0,20,3,monophasic
Burst_autosave_20260717_150503_708ms,Deltoid med. (R),R_DELmed,4,100.07942811770931,108.07942811770931,132.43923749027908,,,none,30.0,20,3,monophasic
Burst_autosave_20260717_150503_708ms,Deltoid med. (R),R_DELmed,5,133.43923749027908,141.43923749027908,165.79904686284885,,,none,30.0,20,3,monophasic
Burst_autosave_20260717_150503_708ms,Deltoid med. (R),R_DELmed,6,166.79904686284885,174.79904686284885,199.15885623544705,,,none,30.0,20,3,monophasic
Burst_autosave_20260717_150503_708ms,Deltoid med. (R),R_DELmed,7,200.15885623544705,208.15885623544705,232.51866560801682,,,none,30.0,20,3,monophasic
Burst_autosave_20260717_150503_708ms,Deltoid med. (R),R_DELmed,8,233.51866560801682,241.51866560801682,265.08419380477244,,,none,30.0,20,3,monophasic
Burst_autosave_20260717_150503_708ms,Deltoid med. (R),R_DELmed,9,266.08419380477244,274.08419380477244,299.2382843527016,,,none,30.0,20,3,monophasic
Burst_autosave_20260717_150503_708ms,Deltoid med. (R),R_DELmed,10,300.2382843527016,308.2382843527016,332.5980937252714,,,none,30.0,20,3,monophasic
Burst_autosave_20260717_150503_708ms,Deltoid med. (R),R_DELmed,1,0.0,8.0,32.35980937256977,,,none,30.0,25,3,monophasic
Burst_autosave_20260717_150503_708ms,Deltoid med. (R),R_DELmed,2,33.35980937256977,41.35980937256977,65.71961874513954,,,none,30.0,25,3,monophasic
Burst_autosave_20260717_150503_708ms,Deltoid med. (R),R_DELmed,3,66.71961874513954,74.71961874513954,99.07942811770931,,,none,30.0,25,3,monophasic
Burst_autosave_20260717_150503_708ms,Deltoid med. (R),R_DELmed,4,100.07942811770931,108.07942811770931,132.43923749027908,,,none,30.0,25,3,monophasic
Burst_autosave_20260717_150503_708ms,Deltoid med. (R),R_DELmed,5,133.43923749027908,141.43923749027908,165.79904686284885,,,none,30.0,25,3,monophasic
Burst_autosave_20260717_150503_708ms,Deltoid med. (R),R_DELmed,6,166.79904686284885,174.79904686284885,199.15885623544705,,,none,30.0,25,3,monophasic
Burst_autosave_20260717_150503_708ms,Deltoid med. (R),R_DELmed,7,200.15885623544705,208.15885623544705,232.51866560801682,,,none,30.0,25,3,monophasic
Burst_autosave_20260717_150503_708ms,Deltoid med. (R),R_DELmed,8,233.51866560801682,241.51866560801682,265.08419380477244,,,none,30.0,25,3,monophasic
Burst_autosave_20260717_150503_708ms,Deltoid med. (R),R_DELmed,9,266.08419380477244,274.08419380477244,299.2382843527016,,,none,30.0,25,3,monophasic
Burst_autosave_20260717_150503_708ms,Deltoid med. (R),R_DELmed,10,300.2382843527016,308.2382843527016,332.5980937252714,,,none,30.0,25,3,monophasic
Burst_autosave_20260717_150503_708ms,Deltoid med. (R),R_DELmed,1,0.0,8.0,32.35980937256977,,,none,30.0,30,3,monophasic
Burst_autosave_20260717_150503_708ms,Deltoid med. (R),R_DELmed,2,33.35980937256977,41.35980937256977,65.71961874513954,,,none,30.0,30,3,monophasic
Burst_autosave_20260717_150503_708ms,Deltoid med. (R),R_DELmed,3,66.71961874513954,74.71961874513954,99.07942811770931,,,none,30.0,30,3,monophasic
Burst_autosave_20260717_150503_708ms,Deltoid med. (R),R_DELmed,4,100.07942811770931,108.07942811770931,132.43923749027908,,,none,30.0,30,3,monophasic
Burst_autosave_20260717_150503_708ms,Deltoid med. (R),R_DELmed,5,133.43923749027908,141.43923749027908,165.79904686284885,,,none,30.0,30,3,monophasic
Burst_autosave_20260717_150503_708ms,Deltoid med. (R),R_DELmed,6,166.79904686284885,174.79904686284885,199.15885623544705,,,none,30.0,30,3,monophasic
Burst_autosave_20260717_150503_708ms,Deltoid med. (R),R_DELmed,7,200.15885623544705,208.15885623544705,232.51866560801682,,,none,30.0,30,3,monophasic
Burst_autosave_20260717_150503_708ms,Deltoid med. (R),R_DELmed,8,233.51866560801682,241.51866560801682,265.08419380477244,,,none,30.0,30,3,monophasic
Burst_autosave_20260717_150503_708ms,Deltoid med. (R),R_DELmed,9,266.08419380477244,274.08419380477244,299.2382843527016,,,none,30.0,30,3,monophasic
Burst_autosave_20260717_150503_708ms,Deltoid med. (R),R_DELmed,10,300.2382843527016,308.2382843527016,332.5980937252714,,,none,30.0,30,3,monophasic
Burst_autosave_20260717_150503_708ms,Deltoid med. (R),R_DELmed,1,0.0,8.0,32.35980937256977,,,none,30.0,35,3,monophasic
Burst_autosave_20260717_150503_708ms,Deltoid med. (R),R_DELmed,2,33.35980937256977,41.35980937256977,65.71961874513954,,,none,30.0,35,3,monophasic
Burst_autosave_20260717_150503_708ms,Deltoid med. (R),R_DELmed,3,66.71961874513954,74.71961874513954,99.07942811770931,,,none,30.0,35,3,monophasic
Burst_autosave_20260717_150503_708ms,Deltoid med. (R),R_DELmed,4,100.07942811770931,108.07942811770931,132.43923749027908,,,none,30.0,35,3,monophasic
Burst_autosave_20260717_150503_708ms,Deltoid med. (R),R_DELmed,5,133.43923749027908,141.43923749027908,165.79904686284885,,,none,30.0,35,3,monophasic
Burst_autosave_20260717_150503_708ms,Deltoid med. (R),R_DELmed,6,166.79904686284885,174.79904686284885,199.15885623544705,,,none,30.0,35,3,monophasic
Burst_autosave_20260717_150503_708ms,Deltoid med. (R),R_DELmed,7,200.15885623544705,208.15885623544705,232.51866560801682,,,none,30.0,35,3,monophasic
Burst_autosave_20260717_150503_708ms,Deltoid med. (R),R_DELmed,8,233.51866560801682,241.51866560801682,265.08419380477244,,,none,30.0,35,3,monophasic
Burst_autosave_20260717_150503_708ms,Deltoid med. (R),R_DELmed,9,266.08419380477244,274.08419380477244,299.2382843527016,,,none,30.0,35,3,monophasic
Burst_autosave_20260717_150503_708ms,Deltoid med. (R),R_DELmed,10,300.2382843527016,308.2382843527016,332.5980937252714,,,none,30.0,35,3,monophasic
Burst_autosave_20260717_150503_708ms,Deltoid med. (R),R_DELmed,1,0.0,8.0,32.35980937256977,,,none,30.0,40,3,monophasic
Burst_autosave_20260717_150503_708ms,Deltoid med. (R),R_DELmed,2,33.35980937256977,41.35980937256977,65.71961874513954,,,none,30.0,40,3,monophasic
Burst_autosave_20260717_150503_708ms,Deltoid med. (R),R_DELmed,3,66.71961874513954,74.71961874513954,99.07942811770931,,,none,30.0,40,3,monophasic
Burst_autosave_20260717_150503_708ms,Deltoid med. (R),R_DELmed,4,100.07942811770931,108.07942811770931,132.43923749027908,,,none,30.0,40,3,monophasic
Burst_autosave_20260717_150503_708ms,Deltoid med. (R),R_DELmed,5,133.43923749027908,141.43923749027908,165.79904686284885,,,none,30.0,40,3,monophasic
Burst_autosave_20260717_150503_708ms,Deltoid med. (R),R_DELmed,6,166.79904686284885,174.79904686284885,199.15885623544705,,,none,30.0,40,3,monophasic
Burst_autosave_20260717_150503_708ms,Deltoid med. (R),R_DELmed,7,200.15885623544705,208.15885623544705,232.51866560801682,,,none,30.0,40,3,monophasic
Burst_autosave_20260717_150503_708ms,Deltoid med. (R),R_DELmed,8,233.51866560801682,241.51866560801682,265.08419380477244,,,none,30.0,40,3,monophasic
Burst_autosave_20260717_150503_708ms,Deltoid med. (R),R_DELmed,9,266.08419380477244,274.08419380477244,299.2382843527016,,,none,30.0,40,3,monophasic
Burst_autosave_20260717_150503_708ms,Deltoid med. (R),R_DELmed,10,300.2382843527016,308.2382843527016,332.5980937252714,,,none,30.0,40,3,monophasic
Burst_autosave_20260717_150503_708ms,Deltoid med. (R),R_DELmed,1,0.0,8.0,32.35980937256977,,,none,30.0,45,3,monophasic
Burst_autosave_20260717_150503_708ms,Deltoid med. (R),R_DELmed,2,33.35980937256977,41.35980937256977,65.71961874513954,,,none,30.0,45,3,monophasic
Burst_autosave_20260717_150503_708ms,Deltoid med. (R),R_DELmed,3,66.71961874513954,74.71961874513954,99.07942811770931,,,none,30.0,45,3,monophasic
Burst_autosave_20260717_150503_708ms,Deltoid med. (R),R_DELmed,4,100.07942811770931,108.07942811770931,132.43923749027908,,,none,30.0,45,3,monophasic
Burst_autosave_20260717_150503_708ms,Deltoid med. (R),R_DELmed,5,133.43923749027908,141.43923749027908,165.79904686284885,,,none,30.0,45,3,monophasic
Burst_autosave_20260717_150503_708ms,Deltoid med. (R),R_DELmed,6,166.79904686284885,174.79904686284885,199.15885623544705,,,none,30.0,45,3,monophasic
Burst_autosave_20260717_150503_708ms,Deltoid med. (R),R_DELmed,7,200.15885623544705,208.15885623544705,232.51866560801682,,,none,30.0,45,3,monophasic
Burst_autosave_20260717_150503_708ms,Deltoid med. (R),R_DELmed,8,233.51866560801682,241.51866560801682,265.08419380477244,,,none,30.0,45,3,monophasic
Burst_autosave_20260717_150503_708ms,Deltoid med. (R),R_DELmed,9,266.08419380477244,274.08419380477244,299.2382843527016,,,none,30.0,45,3,monophasic
Burst_autosave_20260717_150503_708ms,Deltoid med. (R),R_DELmed,10,300.2382843527016,308.2382843527016,332.5980937252714,,,none,30.0,45,3,monophasic
Burst_autosave_20260717_150503_708ms,Deltoid med. (R),R_DELmed,1,0.0,8.0,32.35980937256977,,,none,30.0,50,3,monophasic
Burst_autosave_20260717_150503_708ms,Deltoid med. (R),R_DELmed,2,33.35980937256977,41.35980937256977,65.71961874513954,,,none,30.0,50,3,monophasic
Burst_autosave_20260717_150503_708ms,Deltoid med. (R),R_DELmed,3,66.71961874513954,74.71961874513954,99.07942811770931,,,none,30.0,50,3,monophasic
Burst_autosave_20260717_150503_708ms,Deltoid med. (R),R_DELmed,4,100.07942811770931,108.07942811770931,132.43923749027908,,,none,30.0,50,3,monophasic
Burst_autosave_20260717_150503_708ms,Deltoid med. (R),R_DELmed,5,133.43923749027908,141.43923749027908,165.79904686284885,,,none,30.0,50,3,monophasic
Burst_autosave_20260717_150503_708ms,Deltoid med. (R),R_DELmed,6,166.79904686284885,174.79904686284885,199.15885623544705,,,none,30.0,50,3,monophasic
Burst_autosave_20260717_150503_708ms,Deltoid med. (R),R_DELmed,7,200.15885623544705,208.15885623544705,232.51866560801682,,,none,30.0,50,3,monophasic
Burst_autosave_20260717_150503_708ms,Deltoid med. (R),R_DELmed,8,233.51866560801682,241.51866560801682,265.08419380477244,,,none,30.0,50,3,monophasic
Burst_autosave_20260717_150503_708ms,Deltoid med. (R),R_DELmed,9,266.08419380477244,274.08419380477244,299.2382843527016,,,none,30.0,50,3,monophasic
Burst_autosave_20260717_150503_708ms,Deltoid med. (R),R_DELmed,10,300.2382843527016,308.2382843527016,332.5980937252714,,,none,30.0,50,3,monophasic
Burst_autosave_20260717_150503_708ms,Deltoid med. (R),R_DELmed,1,0.0,8.0,32.35980937256977,,,none,30.0,55,3,monophasic
Burst_autosave_20260717_150503_708ms,Deltoid med. (R),R_DELmed,2,33.35980937256977,41.35980937256977,65.71961874513954,,,none,30.0,55,3,monophasic
Burst_autosave_20260717_150503_708ms,Deltoid med. (R),R_DELmed,3,66.71961874513954,74.71961874513954,99.07942811770931,,,none,30.0,55,3,monophasic
Burst_autosave_20260717_150503_708ms,Deltoid med. (R),R_DELmed,4,100.07942811770931,108.07942811770931,132.43923749027908,,,none,30.0,55,3,monophasic
Burst_autosave_20260717_150503_708ms,Deltoid med. (R),R_DELmed,5,133.43923749027908,141.43923749027908,165.79904686284885,,,none,30.0,55,3,monophasic
Burst_autosave_20260717_150503_708ms,Deltoid med. (R),R_DELmed,6,166.79904686284885,174.79904686284885,199.15885623544705,,,none,30.0,55,3,monophasic
Burst_autosave_20260717_150503_708ms,Deltoid med. (R),R_DELmed,7,200.15885623544705,208.15885623544705,232.51866560801682,,,none,30.0,55,3,monophasic
Burst_autosave_20260717_150503_708ms,Deltoid med. (R),R_DELmed,8,233.51866560801682,241.51866560801682,265.08419380477244,,,none,30.0,55,3,monophasic
Burst_autosave_20260717_150503_708ms,Deltoid med. (R),R_DELmed,9,266.08419380477244,274.08419380477244,299.2382843527016,,,none,30.0,55,3,monophasic
Burst_autosave_20260717_150503_708ms,Deltoid med. (R),R_DELmed,10,300.2382843527016,308.2382843527016,332.5980937252714,,,none,30.0,55,3,monophasic
Burst_autosave_20260717_150503_708ms,Biceps (R),R_BB,1,0.0,8.0,32.35980937256977,,,none,30.0,10,3,monophasic
Burst_autosave_20260717_150503_708ms,Biceps (R),R_BB,2,33.35980937256977,41.35980937256977,65.71961874513954,,,none,30.0,10,3,monophasic
Burst_autosave_20260717_150503_708ms,Biceps (R),R_BB,3,66.71961874513954,74.71961874513954,99.07942811770931,,,none,30.0,10,3,monophasic
Burst_autosave_20260717_150503_708ms,Biceps (R),R_BB,4,100.07942811770931,108.07942811770931,132.43923749027908,,,none,30.0,10,3,monophasic
Burst_autosave_20260717_150503_708ms,Biceps (R),R_BB,5,133.43923749027908,141.43923749027908,165.79904686284885,,,none,30.0,10,3,monophasic
Burst_autosave_20260717_150503_708ms,Biceps (R),R_BB,6,166.79904686284885,174.79904686284885,199.15885623544705,,,none,30.0,10,3,monophasic
Burst_autosave_20260717_150503_708ms,Biceps (R),R_BB,7,200.15885623544705,208.15885623544705,232.51866560801682,,,none,30.0,10,3,monophasic
Burst_autosave_20260717_150503_708ms,Biceps (R),R_BB,8,233.51866560801682,241.51866560801682,265.08419380477244,,,none,30.0,10,3,monophasic
Burst_autosave_20260717_150503_708ms,Biceps (R),R_BB,9,266.08419380477244,274.08419380477244,299.2382843527016,,,none,30.0,10,3,monophasic
Burst_autosave_20260717_150503_708ms,Biceps (R),R_BB,10,300.2382843527016,308.2382843527016,332.5980937252714,,,none,30.0,10,3,monophasic
Burst_autosave_20260717_150503_708ms,Biceps (R),R_BB,1,0.0,8.0,32.35980937256977,,,none,30.0,15,3,monophasic
Burst_autosave_20260717_150503_708ms,Biceps (R),R_BB,2,33.35980937256977,41.35980937256977,65.71961874513954,,,none,30.0,15,3,monophasic
Burst_autosave_20260717_150503_708ms,Biceps (R),R_BB,3,66.71961874513954,74.71961874513954,99.07942811770931,,,none,30.0,15,3,monophasic
Burst_autosave_20260717_150503_708ms,Biceps (R),R_BB,4,100.07942811770931,108.07942811770931,132.43923749027908,,,none,30.0,15,3,monophasic
Burst_autosave_20260717_150503_708ms,Biceps (R),R_BB,5,133.43923749027908,141.43923749027908,165.79904686284885,,,none,30.0,15,3,monophasic
Burst_autosave_20260717_150503_708ms,Biceps (R),R_BB,6,166.79904686284885,174.79904686284885,199.15885623544705,,,none,30.0,15,3,monophasic
Burst_autosave_20260717_150503_708ms,Biceps (R),R_BB,7,200.15885623544705,208.15885623544705,232.51866560801682,,,none,30.0,15,3,monophasic
Burst_autosave_20260717_150503_708ms,Biceps (R),R_BB,8,233.51866560801682,241.51866560801682,265.08419380477244,,,none,30.0,15,3,monophasic
Burst_autosave_20260717_150503_708ms,Biceps (R),R_BB,9,266.08419380477244,274.08419380477244,299.2382843527016,,,none,30.0,15,3,monophasic
Burst_autosave_20260717_150503_708ms,Biceps (R),R_BB,10,300.2382843527016,308.2382843527016,332.5980937252714,,,none,30.0,15,3,monophasic
Burst_autosave_20260717_150503_708ms,Biceps (R),R_BB,1,0.0,8.0,32.35980937256977,,,none,30.0,20,3,monophasic
Burst_autosave_20260717_150503_708ms,Biceps (R),R_BB,2,33.35980937256977,41.35980937256977,65.71961874513954,,,none,30.0,20,3,monophasic
Burst_autosave_20260717_150503_708ms,Biceps (R),R_BB,3,66.71961874513954,74.71961874513954,99.07942811770931,,,none,30.0,20,3,monophasic
Burst_autosave_20260717_150503_708ms,Biceps (R),R_BB,4,100.07942811770931,108.07942811770931,132.43923749027908,,,none,30.0,20,3,monophasic
Burst_autosave_20260717_150503_708ms,Biceps (R),R_BB,5,133.43923749027908,141.43923749027908,165.79904686284885,,,none,30.0,20,3,monophasic
Burst_autosave_20260717_150503_708ms,Biceps (R),R_BB,6,166.79904686284885,174.79904686284885,199.15885623544705,,,none,30.0,20,3,monophasic
Burst_autosave_20260717_150503_708ms,Biceps (R),R_BB,7,200.15885623544705,208.15885623544705,232.51866560801682,,,none,30.0,20,3,monophasic
Burst_autosave_20260717_150503_708ms,Biceps (R),R_BB,8,233.51866560801682,241.51866560801682,265.08419380477244,,,none,30.0,20,3,monophasic
Burst_autosave_20260717_150503_708ms,Biceps (R),R_BB,9,266.08419380477244,274.08419380477244,299.2382843527016,,,none,30.0,20,3,monophasic
Burst_autosave_20260717_150503_708ms,Biceps (R),R_BB,10,300.2382843527016,308.2382843527016,332.5980937252714,,,none,30.0,20,3,monophasic
Burst_autosave_20260717_150503_708ms,Biceps (R),R_BB,1,0.0,8.0,32.35980937256977,,,none,30.0,25,3,monophasic
Burst_autosave_20260717_150503_708ms,Biceps (R),R_BB,2,33.35980937256977,41.35980937256977,65.71961874513954,,,none,30.0,25,3,monophasic
Burst_autosave_20260717_150503_708ms,Biceps (R),R_BB,3,66.71961874513954,74.71961874513954,99.07942811770931,,,none,30.0,25,3,monophasic
Burst_autosave_20260717_150503_708ms,Biceps (R),R_BB,4,100.07942811770931,108.07942811770931,132.43923749027908,,,none,30.0,25,3,monophasic
Burst_autosave_20260717_150503_708ms,Biceps (R),R_BB,5,133.43923749027908,141.43923749027908,165.79904686284885,,,none,30.0,25,3,monophasic
Burst_autosave_20260717_150503_708ms,Biceps (R),R_BB,6,166.79904686284885,174.79904686284885,199.15885623544705,,,none,30.0,25,3,monophasic
Burst_autosave_20260717_150503_708ms,Biceps (R),R_BB,7,200.15885623544705,208.15885623544705,232.51866560801682,,,none,30.0,25,3,monophasic
Burst_autosave_20260717_150503_708ms,Biceps (R),R_BB,8,233.51866560801682,241.51866560801682,265.08419380477244,,,none,30.0,25,3,monophasic
Burst_autosave_20260717_150503_708ms,Biceps (R),R_BB,9,266.08419380477244,274.08419380477244,299.2382843527016,,,none,30.0,25,3,monophasic
Burst_autosave_20260717_150503_708ms,Biceps (R),R_BB,10,300.2382843527016,308.2382843527016,332.5980937252714,,,none,30.0,25,3,monophasic
Burst_autosave_20260717_150503_708ms,Biceps (R),R_BB,1,0.0,8.0,32.35980937256977,,,none,30.0,30,3,monophasic
Burst_autosave_20260717_150503_708ms,Biceps (R),R_BB,2,33.35980937256977,41.35980937256977,65.71961874513954,,,none,30.0,30,3,monophasic
Burst_autosave_20260717_150503_708ms,Biceps (R),R_BB,3,66.71961874513954,74.71961874513954,99.07942811770931,,,none,30.0,30,3,monophasic
Burst_autosave_20260717_150503_708ms,Biceps (R),R_BB,4,100.07942811770931,108.07942811770931,132.43923749027908,,,none,30.0,30,3,monophasic
Burst_autosave_20260717_150503_708ms,Biceps (R),R_BB,5,133.43923749027908,141.43923749027908,165.79904686284885,,,none,30.0,30,3,monophasic
Burst_autosave_20260717_150503_708ms,Biceps (R),R_BB,6,166.79904686284885,174.79904686284885,199.15885623544705,,,none,30.0,30,3,monophasic
Burst_autosave_20260717_150503_708ms,Biceps (R),R_BB,7,200.15885623544705,208.15885623544705,232.51866560801682,,,none,30.0,30,3,monophasic
Burst_autosave_20260717_150503_708ms,Biceps (R),R_BB,8,233.51866560801682,241.51866560801682,265.08419380477244,,,none,30.0,30,3,monophasic
Burst_autosave_20260717_150503_708ms,Biceps (R),R_BB,9,266.08419380477244,274.08419380477244,299.2382843527016,,,none,30.0,30,3,monophasic
Burst_autosave_20260717_150503_708ms,Biceps (R),R_BB,10,300.2382843527016,308.2382843527016,332.5980937252714,,,none,30.0,30,3,monophasic
Burst_autosave_20260717_150503_708ms,Biceps (R),R_BB,1,0.0,8.0,32.35980937256977,,,none,30.0,35,3,monophasic
Burst_autosave_20260717_150503_708ms,Biceps (R),R_BB,2,33.35980937256977,41.35980937256977,65.71961874513954,,,none,30.0,35,3,monophasic
Burst_autosave_20260717_150503_708ms,Biceps (R),R_BB,3,66.71961874513954,74.71961874513954,99.07942811770931,,,none,30.0,35,3,monophasic
Burst_autosave_20260717_150503_708ms,Biceps (R),R_BB,4,100.07942811770931,108.07942811770931,132.43923749027908,,,none,30.0,35,3,monophasic
Burst_autosave_20260717_150503_708ms,Biceps (R),R_BB,5,133.43923749027908,141.43923749027908,165.79904686284885,,,none,30.0,35,3,monophasic
Burst_autosave_20260717_150503_708ms,Biceps (R),R_BB,6,166.79904686284885,174.79904686284885,199.15885623544705,,,none,30.0,35,3,monophasic
Burst_autosave_20260717_150503_708ms,Biceps (R),R_BB,7,200.15885623544705,208.15885623544705,232.51866560801682,,,none,30.0,35,3,monophasic
Burst_autosave_20260717_150503_708ms,Biceps (R),R_BB,8,233.51866560801682,241.51866560801682,265.08419380477244,,,none,30.0,35,3,monophasic
Burst_autosave_20260717_150503_708ms,Biceps (R),R_BB,9,266.08419380477244,274.08419380477244,299.2382843527016,,,none,30.0,35,3,monophasic
Burst_autosave_20260717_150503_708ms,Biceps (R),R_BB,10,300.2382843527016,308.2382843527016,332.5980937252714,,,none,30.0,35,3,monophasic
Burst_autosave_20260717_150503_708ms,Biceps (R),R_BB,1,0.0,8.0,32.35980937256977,,,none,30.0,40,3,monophasic
Burst_autosave_20260717_150503_708ms,Biceps (R),R_BB,2,33.35980937256977,41.35980937256977,65.71961874513954,,,none,30.0,40,3,monophasic
Burst_autosave_20260717_150503_708ms,Biceps (R),R_BB,3,66.71961874513954,74.71961874513954,99.07942811770931,,,none,30.0,40,3,monophasic
Burst_autosave_20260717_150503_708ms,Biceps (R),R_BB,4,100.07942811770931,108.07942811770931,132.43923749027908,,,none,30.0,40,3,monophasic
Burst_autosave_20260717_150503_708ms,Biceps (R),R_BB,5,133.43923749027908,141.43923749027908,165.79904686284885,,,none,30.0,40,3,monophasic
Burst_autosave_20260717_150503_708ms,Biceps (R),R_BB,6,166.79904686284885,174.79904686284885,199.15885623544705,,,none,30.0,40,3,monophasic
Burst_autosave_20260717_150503_708ms,Biceps (R),R_BB,7,200.15885623544705,208.15885623544705,232.51866560801682,,,none,30.0,40,3,monophasic
Burst_autosave_20260717_150503_708ms,Biceps (R),R_BB,8,233.51866560801682,241.51866560801682,265.08419380477244,,,none,30.0,40,3,monophasic
Burst_autosave_20260717_150503_708ms,Biceps (R),R_BB,9,266.08419380477244,274.08419380477244,299.2382843527016,,,none,30.0,40,3,monophasic
Burst_autosave_20260717_150503_708ms,Biceps (R),R_BB,10,300.2382843527016,308.2382843527016,332.5980937252714,,,none,30.0,40,3,monophasic
Burst_autosave_20260717_150503_708ms,Biceps (R),R_BB,1,0.0,8.0,32.35980937256977,,,none,30.0,45,3,monophasic
Burst_autosave_20260717_150503_708ms,Biceps (R),R_BB,2,33.35980937256977,41.35980937256977,65.71961874513954,,,none,30.0,45,3,monophasic
Burst_autosave_20260717_150503_708ms,Biceps (R),R_BB,3,66.71961874513954,74.71961874513954,99.07942811770931,,,none,30.0,45,3,monophasic
Burst_autosave_20260717_150503_708ms,Biceps (R),R_BB,4,100.07942811770931,108.07942811770931,132.43923749027908,,,none,30.0,45,3,monophasic
Burst_autosave_20260717_150503_708ms,Biceps (R),R_BB,5,133.43923749027908,141.43923749027908,165.79904686284885,,,none,30.0,45,3,monophasic
Burst_autosave_20260717_150503_708ms,Biceps (R),R_BB,6,166.79904686284885,174.79904686284885,199.15885623544705,,,none,30.0,45,3,monophasic
Burst_autosave_20260717_150503_708ms,Biceps (R),R_BB,7,200.15885623544705,208.15885623544705,232.51866560801682,,,none,30.0,45,3,monophasic
Burst_autosave_20260717_150503_708ms,Biceps (R),R_BB,8,233.51866560801682,241.51866560801682,265.08419380477244,,,none,30.0,45,3,monophasic
Burst_autosave_20260717_150503_708ms,Biceps (R),R_BB,9,266.08419380477244,274.08419380477244,299.2382843527016,,,none,30.0,45,3,monophasic
Burst_autosave_20260717_150503_708ms,Biceps (R),R_BB,10,300.2382843527016,308.2382843527016,332.5980937252714,,,none,30.0,45,3,monophasic
Burst_autosave_20260717_150503_708ms,Biceps (R),R_BB,1,0.0,8.0,32.35980937256977,,,none,30.0,50,3,monophasic
Burst_autosave_20260717_150503_708ms,Biceps (R),R_BB,2,33.35980937256977,41.35980937256977,65.71961874513954,,,none,30.0,50,3,monophasic
Burst_autosave_20260717_150503_708ms,Biceps (R),R_BB,3,66.71961874513954,74.71961874513954,99.07942811770931,,,none,30.0,50,3,monophasic
Burst_autosave_20260717_150503_708ms,Biceps (R),R_BB,4,100.07942811770931,108.07942811770931,132.43923749027908,,,none,30.0,50,3,monophasic
Burst_autosave_20260717_150503_708ms,Biceps (R),R_BB,5,133.43923749027908,141.43923749027908,165.79904686284885,,,none,30.0,50,3,monophasic
Burst_autosave_20260717_150503_708ms,Biceps (R),R_BB,6,166.79904686284885,174.79904686284885,199.15885623544705,,,none,30.0,50,3,monophasic
Burst_autosave_20260717_150503_708ms,Biceps (R),R_BB,7,200.15885623544705,208.15885623544705,232.51866560801682,,,none,30.0,50,3,monophasic
Burst_autosave_20260717_150503_708ms,Biceps (R),R_BB,8,233.51866560801682,241.51866560801682,265.08419380477244,,,none,30.0,50,3,monophasic
Burst_autosave_20260717_150503_708ms,Biceps (R),R_BB,9,266.08419380477244,274.08419380477244,299.2382843527016,,,none,30.0,50,3,monophasic
Burst_autosave_20260717_150503_708ms,Biceps (R),R_BB,10,300.2382843527016,308.2382843527016,332.5980937252714,,,none,30.0,50,3,monophasic
Burst_autosave_20260717_150503_708ms,Biceps (R),R_BB,1,0.0,8.0,32.35980937256977,,,none,30.0,55,3,monophasic
Burst_autosave_20260717_150503_708ms,Biceps (R),R_BB,2,33.35980937256977,41.35980937256977,65.71961874513954,,,none,30.0,55,3,monophasic
Burst_autosave_20260717_150503_708ms,Biceps (R),R_BB,3,66.71961874513954,74.71961874513954,99.07942811770931,,,none,30.0,55,3,monophasic
Burst_autosave_20260717_150503_708ms,Biceps (R),R_BB,4,100.07942811770931,108.07942811770931,132.43923749027908,,,none,30.0,55,3,monophasic
Burst_autosave_20260717_150503_708ms,Biceps (R),R_BB,5,133.43923749027908,141.43923749027908,165.79904686284885,,,none,30.0,55,3,monophasic
Burst_autosave_20260717_150503_708ms,Biceps (R),R_BB,6,166.79904686284885,174.79904686284885,199.15885623544705,,,none,30.0,55,3,monophasic
Burst_autosave_20260717_150503_708ms,Biceps (R),R_BB,7,200.15885623544705,208.15885623544705,232.51866560801682,,,none,30.0,55,3,monophasic
Burst_autosave_20260717_150503_708ms,Biceps (R),R_BB,8,233.51866560801682,241.51866560801682,265.08419380477244,,,none,30.0,55,3,monophasic
Burst_autosave_20260717_150503_708ms,Biceps (R),R_BB,9,266.08419380477244,274.08419380477244,299.2382843527016,,,none,30.0,55,3,monophasic
Burst_autosave_20260717_150503_708ms,Biceps (R),R_BB,10,300.2382843527016,308.2382843527016,332.5980937252714,,,none,30.0,55,3,monophasic
Burst_autosave_20260717_150503_708ms,Triceps long (R),R_TBlg,1,0.0,8.0,32.35980937256977,,,none,30.0,10,3,monophasic
Burst_autosave_20260717_150503_708ms,Triceps long (R),R_TBlg,2,33.35980937256977,41.35980937256977,65.71961874513954,,,none,30.0,10,3,monophasic
Burst_autosave_20260717_150503_708ms,Triceps long (R),R_TBlg,3,66.71961874513954,74.71961874513954,99.07942811770931,,,none,30.0,10,3,monophasic
Burst_autosave_20260717_150503_708ms,Triceps long (R),R_TBlg,4,100.07942811770931,108.07942811770931,132.43923749027908,,,none,30.0,10,3,monophasic
Burst_autosave_20260717_150503_708ms,Triceps long (R),R_TBlg,5,133.43923749027908,141.43923749027908,165.79904686284885,,,none,30.0,10,3,monophasic
Burst_autosave_20260717_150503_708ms,Triceps long (R),R_TBlg,6,166.79904686284885,174.79904686284885,199.15885623544705,,,none,30.0,10,3,monophasic
Burst_autosave_20260717_150503_708ms,Triceps long (R),R_TBlg,7,200.15885623544705,208.15885623544705,232.51866560801682,,,none,30.0,10,3,monophasic
Burst_autosave_20260717_150503_708ms,Triceps long (R),R_TBlg,8,233.51866560801682,241.51866560801682,265.08419380477244,,,none,30.0,10,3,monophasic
Burst_autosave_20260717_150503_708ms,Triceps long (R),R_TBlg,9,266.08419380477244,274.08419380477244,299.2382843527016,,,none,30.0,10,3,monophasic
Burst_autosave_20260717_150503_708ms,Triceps long (R),R_TBlg,10,300.2382843527016,308.2382843527016,332.5980937252714,,,none,30.0,10,3,monophasic
Burst_autosave_20260717_150503_708ms,Triceps long (R),R_TBlg,1,0.0,8.0,32.35980937256977,,,none,30.0,15,3,monophasic
Burst_autosave_20260717_150503_708ms,Triceps long (R),R_TBlg,2,33.35980937256977,41.35980937256977,65.71961874513954,,,none,30.0,15,3,monophasic
Burst_autosave_20260717_150503_708ms,Triceps long (R),R_TBlg,3,66.71961874513954,74.71961874513954,99.07942811770931,,,none,30.0,15,3,monophasic
Burst_autosave_20260717_150503_708ms,Triceps long (R),R_TBlg,4,100.07942811770931,108.07942811770931,132.43923749027908,,,none,30.0,15,3,monophasic
Burst_autosave_20260717_150503_708ms,Triceps long (R),R_TBlg,5,133.43923749027908,141.43923749027908,165.79904686284885,,,none,30.0,15,3,monophasic
Burst_autosave_20260717_150503_708ms,Triceps long (R),R_TBlg,6,166.79904686284885,174.79904686284885,199.15885623544705,,,none,30.0,15,3,monophasic
Burst_autosave_20260717_150503_708ms,Triceps long (R),R_TBlg,7,200.15885623544705,208.15885623544705,232.51866560801682,,,none,30.0,15,3,monophasic
Burst_autosave_20260717_150503_708ms,Triceps long (R),R_TBlg,8,233.51866560801682,241.51866560801682,265.08419380477244,,,none,30.0,15,3,monophasic
Burst_autosave_20260717_150503_708ms,Triceps long (R),R_TBlg,9,266.08419380477244,274.08419380477244,299.2382843527016,,,none,30.0,15,3,monophasic
Burst_autosave_20260717_150503_708ms,Triceps long (R),R_TBlg,10,300.2382843527016,308.2382843527016,332.5980937252714,,,none,30.0,15,3,monophasic
Burst_autosave_20260717_150503_708ms,Triceps long (R),R_TBlg,1,0.0,8.0,32.35980937256977,,,none,30.0,20,3,monophasic
Burst_autosave_20260717_150503_708ms,Triceps long (R),R_TBlg,2,33.35980937256977,41.35980937256977,65.71961874513954,,,none,30.0,20,3,monophasic
Burst_autosave_20260717_150503_708ms,Triceps long (R),R_TBlg,3,66.71961874513954,74.71961874513954,99.07942811770931,,,none,30.0,20,3,monophasic
Burst_autosave_20260717_150503_708ms,Triceps long (R),R_TBlg,4,100.07942811770931,108.07942811770931,132.43923749027908,,,none,30.0,20,3,monophasic
Burst_autosave_20260717_150503_708ms,Triceps long (R),R_TBlg,5,133.43923749027908,141.43923749027908,165.79904686284885,,,none,30.0,20,3,monophasic
Burst_autosave_20260717_150503_708ms,Triceps long (R),R_TBlg,6,166.79904686284885,174.79904686284885,199.15885623544705,,,none,30.0,20,3,monophasic
Burst_autosave_20260717_150503_708ms,Triceps long (R),R_TBlg,7,200.15885623544705,208.15885623544705,232.51866560801682,,,none,30.0,20,3,monophasic
Burst_autosave_20260717_150503_708ms,Triceps long (R),R_TBlg,8,233.51866560801682,241.51866560801682,265.08419380477244,,,none,30.0,20,3,monophasic
Burst_autosave_20260717_150503_708ms,Triceps long (R),R_TBlg,9,266.08419380477244,274.08419380477244,299.2382843527016,,,none,30.0,20,3,monophasic
Burst_autosave_20260717_150503_708ms,Triceps long (R),R_TBlg,10,300.2382843527016,308.2382843527016,332.5980937252714,,,none,30.0,20,3,monophasic
Burst_autosave_20260717_150503_708ms,Triceps long (R),R_TBlg,1,0.0,8.0,32.35980937256977,,,none,30.0,25,3,monophasic
Burst_autosave_20260717_150503_708ms,Triceps long (R),R_TBlg,2,33.35980937256977,41.35980937256977,65.71961874513954,,,none,30.0,25,3,monophasic
Burst_autosave_20260717_150503_708ms,Triceps long (R),R_TBlg,3,66.71961874513954,74.71961874513954,99.07942811770931,,,none,30.0,25,3,monophasic
Burst_autosave_20260717_150503_708ms,Triceps long (R),R_TBlg,4,100.07942811770931,108.07942811770931,132.43923749027908,,,none,30.0,25,3,monophasic
Burst_autosave_20260717_150503_708ms,Triceps long (R),R_TBlg,5,133.43923749027908,141.43923749027908,165.79904686284885,,,none,30.0,25,3,monophasic
Burst_autosave_20260717_150503_708ms,Triceps long (R),R_TBlg,6,166.79904686284885,174.79904686284885,199.15885623544705,,,none,30.0,25,3,monophasic
Burst_autosave_20260717_150503_708ms,Triceps long (R),R_TBlg,7,200.15885623544705,208.15885623544705,232.51866560801682,,,none,30.0,25,3,monophasic
Burst_autosave_20260717_150503_708ms,Triceps long (R),R_TBlg,8,233.51866560801682,241.51866560801682,265.08419380477244,,,none,30.0,25,3,monophasic
Burst_autosave_20260717_150503_708ms,Triceps long (R),R_TBlg,9,266.08419380477244,274.08419380477244,299.2382843527016,,,none,30.0,25,3,monophasic
Burst_autosave_20260717_150503_708ms,Triceps long (R),R_TBlg,10,300.2382843527016,308.2382843527016,332.5980937252714,,,none,30.0,25,3,monophasic
Burst_autosave_20260717_150503_708ms,Triceps long (R),R_TBlg,1,0.0,8.0,32.35980937256977,,,none,30.0,30,3,monophasic
Burst_autosave_20260717_150503_708ms,Triceps long (R),R_TBlg,2,33.35980937256977,41.35980937256977,65.71961874513954,,,none,30.0,30,3,monophasic
Burst_autosave_20260717_150503_708ms,Triceps long (R),R_TBlg,3,66.71961874513954,74.71961874513954,99.07942811770931,,,none,30.0,30,3,monophasic
Burst_autosave_20260717_150503_708ms,Triceps long (R),R_TBlg,4,100.07942811770931,108.07942811770931,132.43923749027908,,,none,30.0,30,3,monophasic
Burst_autosave_20260717_150503_708ms,Triceps long (R),R_TBlg,5,133.43923749027908,141.43923749027908,165.79904686284885,,,none,30.0,30,3,monophasic
Burst_autosave_20260717_150503_708ms,Triceps long (R),R_TBlg,6,166.79904686284885,174.79904686284885,199.15885623544705,,,none,30.0,30,3,monophasic
Burst_autosave_20260717_150503_708ms,Triceps long (R),R_TBlg,7,200.15885623544705,208.15885623544705,232.51866560801682,,,none,30.0,30,3,monophasic
Burst_autosave_20260717_150503_708ms,Triceps long (R),R_TBlg,8,233.51866560801682,241.51866560801682,265.08419380477244,,,none,30.0,30,3,monophasic
Burst_autosave_20260717_150503_708ms,Triceps long (R),R_TBlg,9,266.08419380477244,274.08419380477244,299.2382843527016,,,none,30.0,30,3,monophasic
Burst_autosave_20260717_150503_708ms,Triceps long (R),R_TBlg,10,300.2382843527016,308.2382843527016,332.5980937252714,,,none,30.0,30,3,monophasic
Burst_autosave_20260717_150503_708ms,Triceps long (R),R_TBlg,1,0.0,8.0,32.35980937256977,,,none,30.0,35,3,monophasic
Burst_autosave_20260717_150503_708ms,Triceps long (R),R_TBlg,2,33.35980937256977,41.35980937256977,65.71961874513954,,,none,30.0,35,3,monophasic
Burst_autosave_20260717_150503_708ms,Triceps long (R),R_TBlg,3,66.71961874513954,74.71961874513954,99.07942811770931,,,none,30.0,35,3,monophasic
Burst_autosave_20260717_150503_708ms,Triceps long (R),R_TBlg,4,100.07942811770931,108.07942811770931,132.43923749027908,,,none,30.0,35,3,monophasic
Burst_autosave_20260717_150503_708ms,Triceps long (R),R_TBlg,5,133.43923749027908,141.43923749027908,165.79904686284885,,,none,30.0,35,3,monophasic
Burst_autosave_20260717_150503_708ms,Triceps long (R),R_TBlg,6,166.79904686284885,174.79904686284885,199.15885623544705,,,none,30.0,35,3,monophasic
Burst_autosave_20260717_150503_708ms,Triceps long (R),R_TBlg,7,200.15885623544705,208.15885623544705,232.51866560801682,,,none,30.0,35,3,monophasic
Burst_autosave_20260717_150503_708ms,Triceps long (R),R_TBlg,8,233.51866560801682,241.51866560801682,265.08419380477244,,,none,30.0,35,3,monophasic
Burst_autosave_20260717_150503_708ms,Triceps long (R),R_TBlg,9,266.08419380477244,274.08419380477244,299.2382843527016,,,none,30.0,35,3,monophasic
Burst_autosave_20260717_150503_708ms,Triceps long (R),R_TBlg,10,300.2382843527016,308.2382843527016,332.5980937252714,,,none,30.0,35,3,monophasic
Burst_autosave_20260717_150503_708ms,Triceps long (R),R_TBlg,1,0.0,8.0,32.35980937256977,,,none,30.0,40,3,monophasic
Burst_autosave_20260717_150503_708ms,Triceps long (R),R_TBlg,2,33.35980937256977,41.35980937256977,65.71961874513954,,,none,30.0,40,3,monophasic
Burst_autosave_20260717_150503_708ms,Triceps long (R),R_TBlg,3,66.71961874513954,74.71961874513954,99.07942811770931,,,none,30.0,40,3,monophasic
Burst_autosave_20260717_150503_708ms,Triceps long (R),R_TBlg,4,100.07942811770931,108.07942811770931,132.43923749027908,,,none,30.0,40,3,monophasic
Burst_autosave_20260717_150503_708ms,Triceps long (R),R_TBlg,5,133.43923749027908,141.43923749027908,165.79904686284885,,,none,30.0,40,3,monophasic
Burst_autosave_20260717_150503_708ms,Triceps long (R),R_TBlg,6,166.79904686284885,174.79904686284885,199.15885623544705,,,none,30.0,40,3,monophasic
Burst_autosave_20260717_150503_708ms,Triceps long (R),R_TBlg,7,200.15885623544705,208.15885623544705,232.51866560801682,,,none,30.0,40,3,monophasic
Burst_autosave_20260717_150503_708ms,Triceps long (R),R_TBlg,8,233.51866560801682,241.51866560801682,265.08419380477244,,,none,30.0,40,3,monophasic
Burst_autosave_20260717_150503_708ms,Triceps long (R),R_TBlg,9,266.08419380477244,274.08419380477244,299.2382843527016,,,none,30.0,40,3,monophasic
Burst_autosave_20260717_150503_708ms,Triceps long (R),R_TBlg,10,300.2382843527016,308.2382843527016,332.5980937252714,,,none,30.0,40,3,monophasic
Burst_autosave_20260717_150503_708ms,Triceps long (R),R_TBlg,1,0.0,8.0,32.35980937256977,,,none,30.0,45,3,monophasic
Burst_autosave_20260717_150503_708ms,Triceps long (R),R_TBlg,2,33.35980937256977,41.35980937256977,65.71961874513954,,,none,30.0,45,3,monophasic
Burst_autosave_20260717_150503_708ms,Triceps long (R),R_TBlg,3,66.71961874513954,74.71961874513954,99.07942811770931,,,none,30.0,45,3,monophasic
Burst_autosave_20260717_150503_708ms,Triceps long (R),R_TBlg,4,100.07942811770931,108.07942811770931,132.43923749027908,,,none,30.0,45,3,monophasic
Burst_autosave_20260717_150503_708ms,Triceps long (R),R_TBlg,5,133.43923749027908,141.43923749027908,165.79904686284885,,,none,30.0,45,3,monophasic
Burst_autosave_20260717_150503_708ms,Triceps long (R),R_TBlg,6,166.79904686284885,174.79904686284885,199.15885623544705,,,none,30.0,45,3,monophasic
Burst_autosave_20260717_150503_708ms,Triceps long (R),R_TBlg,7,200.15885623544705,208.15885623544705,232.51866560801682,,,none,30.0,45,3,monophasic
Burst_autosave_20260717_150503_708ms,Triceps long (R),R_TBlg,8,233.51866560801682,241.51866560801682,265.08419380477244,,,none,30.0,45,3,monophasic
Burst_autosave_20260717_150503_708ms,Triceps long (R),R_TBlg,9,266.08419380477244,274.08419380477244,299.2382843527016,,,none,30.0,45,3,monophasic
Burst_autosave_20260717_150503_708ms,Triceps long (R),R_TBlg,10,300.2382843527016,308.2382843527016,332.5980937252714,,,none,30.0,45,3,monophasic
Burst_autosave_20260717_150503_708ms,Triceps long (R),R_TBlg,1,0.0,8.0,32.35980937256977,,,none,30.0,50,3,monophasic
Burst_autosave_20260717_150503_708ms,Triceps long (R),R_TBlg,2,33.35980937256977,41.35980937256977,65.71961874513954,,,none,30.0,50,3,monophasic
Burst_autosave_20260717_150503_708ms,Triceps long (R),R_TBlg,3,66.71961874513954,74.71961874513954,99.07942811770931,,,none,30.0,50,3,monophasic
Burst_autosave_20260717_150503_708ms,Triceps long (R),R_TBlg,4,100.07942811770931,108.07942811770931,132.43923749027908,,,none,30.0,50,3,monophasic
Burst_autosave_20260717_150503_708ms,Triceps long (R),R_TBlg,5,133.43923749027908,141.43923749027908,165.79904686284885,,,none,30.0,50,3,monophasic
Burst_autosave_20260717_150503_708ms,Triceps long (R),R_TBlg,6,166.79904686284885,174.79904686284885,199.15885623544705,,,none,30.0,50,3,monophasic
Burst_autosave_20260717_150503_708ms,Triceps long (R),R_TBlg,7,200.15885623544705,208.15885623544705,232.51866560801682,,,none,30.0,50,3,monophasic
Burst_autosave_20260717_150503_708ms,Triceps long (R),R_TBlg,8,233.51866560801682,241.51866560801682,265.08419380477244,,,none,30.0,50,3,monophasic
Burst_autosave_20260717_150503_708ms,Triceps long (R),R_TBlg,9,266.08419380477244,274.08419380477244,299.2382843527016,,,none,30.0,50,3,monophasic
Burst_autosave_20260717_150503_708ms,Triceps long (R),R_TBlg,10,300.2382843527016,308.2382843527016,332.5980937252714,,,none,30.0,50,3,monophasic
Burst_autosave_20260717_150503_708ms,Triceps long (R),R_TBlg,1,0.0,8.0,32.35980937256977,,,none,30.0,55,3,monophasic
Burst_autosave_20260717_150503_708ms,Triceps long (R),R_TBlg,2,33.35980937256977,41.35980937256977,65.71961874513954,,,none,30.0,55,3,monophasic
Burst_autosave_20260717_150503_708ms,Triceps long (R),R_TBlg,3,66.71961874513954,74.71961874513954,99.07942811770931,,,none,30.0,55,3,monophasic
Burst_autosave_20260717_150503_708ms,Triceps long (R),R_TBlg,4,100.07942811770931,108.07942811770931,132.43923749027908,,,none,30.0,55,3,monophasic
Burst_autosave_20260717_150503_708ms,Triceps long (R),R_TBlg,5,133.43923749027908,141.43923749027908,165.79904686284885,,,none,30.0,55,3,monophasic
Burst_autosave_20260717_150503_708ms,Triceps long (R),R_TBlg,6,166.79904686284885,174.79904686284885,199.15885623544705,,,none,30.0,55,3,monophasic
Burst_autosave_20260717_150503_708ms,Triceps long (R),R_TBlg,7,200.15885623544705,208.15885623544705,232.51866560801682,,,none,30.0,55,3,monophasic
Burst_autosave_20260717_150503_708ms,Triceps long (R),R_TBlg,8,233.51866560801682,241.51866560801682,265.08419380477244,,,none,30.0,55,3,monophasic
Burst_autosave_20260717_150503_708ms,Triceps long (R),R_TBlg,9,266.08419380477244,274.08419380477244,299.2382843527016,,,none,30.0,55,3,monophasic
Burst_autosave_20260717_150503_708ms,Triceps long (R),R_TBlg,10,300.2382843527016,308.2382843527016,332.5980937252714,,,none,30.0,55,3,monophasic
Burst_autosave_20260717_150503_708ms,Trapezius (R),R_TR,1,0.0,8.0,32.35980937256977,,,none,30.0,10,3,monophasic
Burst_autosave_20260717_150503_708ms,Trapezius (R),R_TR,2,33.35980937256977,41.35980937256977,65.71961874513954,,,none,30.0,10,3,monophasic
Burst_autosave_20260717_150503_708ms,Trapezius (R),R_TR,3,66.71961874513954,74.71961874513954,99.07942811770931,,,none,30.0,10,3,monophasic
Burst_autosave_20260717_150503_708ms,Trapezius (R),R_TR,4,100.07942811770931,108.07942811770931,132.43923749027908,,,none,30.0,10,3,monophasic
Burst_autosave_20260717_150503_708ms,Trapezius (R),R_TR,5,133.43923749027908,141.43923749027908,165.79904686284885,,,none,30.0,10,3,monophasic
Burst_autosave_20260717_150503_708ms,Trapezius (R),R_TR,6,166.79904686284885,174.79904686284885,199.15885623544705,,,none,30.0,10,3,monophasic
Burst_autosave_20260717_150503_708ms,Trapezius (R),R_TR,7,200.15885623544705,208.15885623544705,232.51866560801682,,,none,30.0,10,3,monophasic
Burst_autosave_20260717_150503_708ms,Trapezius (R),R_TR,8,233.51866560801682,241.51866560801682,265.08419380477244,,,none,30.0,10,3,monophasic
Burst_autosave_20260717_150503_708ms,Trapezius (R),R_TR,9,266.08419380477244,274.08419380477244,299.2382843527016,,,none,30.0,10,3,monophasic
Burst_autosave_20260717_150503_708ms,Trapezius (R),R_TR,10,300.2382843527016,308.2382843527016,332.5980937252714,,,none,30.0,10,3,monophasic
Burst_autosave_20260717_150503_708ms,Trapezius (R),R_TR,1,0.0,8.0,32.35980937256977,,,none,30.0,15,3,monophasic
Burst_autosave_20260717_150503_708ms,Trapezius (R),R_TR,2,33.35980937256977,41.35980937256977,65.71961874513954,,,none,30.0,15,3,monophasic
Burst_autosave_20260717_150503_708ms,Trapezius (R),R_TR,3,66.71961874513954,74.71961874513954,99.07942811770931,,,none,30.0,15,3,monophasic
Burst_autosave_20260717_150503_708ms,Trapezius (R),R_TR,4,100.07942811770931,108.07942811770931,132.43923749027908,,,none,30.0,15,3,monophasic
Burst_autosave_20260717_150503_708ms,Trapezius (R),R_TR,5,133.43923749027908,141.43923749027908,165.79904686284885,,,none,30.0,15,3,monophasic
Burst_autosave_20260717_150503_708ms,Trapezius (R),R_TR,6,166.79904686284885,174.79904686284885,199.15885623544705,,,none,30.0,15,3,monophasic
Burst_autosave_20260717_150503_708ms,Trapezius (R),R_TR,7,200.15885623544705,208.15885623544705,232.51866560801682,,,none,30.0,15,3,monophasic
Burst_autosave_20260717_150503_708ms,Trapezius (R),R_TR,8,233.51866560801682,241.51866560801682,265.08419380477244,,,none,30.0,15,3,monophasic
Burst_autosave_20260717_150503_708ms,Trapezius (R),R_TR,9,266.08419380477244,274.08419380477244,299.2382843527016,,,none,30.0,15,3,monophasic
Burst_autosave_20260717_150503_708ms,Trapezius (R),R_TR,10,300.2382843527016,308.2382843527016,332.5980937252714,,,none,30.0,15,3,monophasic
Burst_autosave_20260717_150503_708ms,Trapezius (R),R_TR,1,0.0,8.0,32.35980937256977,,,none,30.0,20,3,monophasic
Burst_autosave_20260717_150503_708ms,Trapezius (R),R_TR,2,33.35980937256977,41.35980937256977,65.71961874513954,,,none,30.0,20,3,monophasic
Burst_autosave_20260717_150503_708ms,Trapezius (R),R_TR,3,66.71961874513954,74.71961874513954,99.07942811770931,,,none,30.0,20,3,monophasic
Burst_autosave_20260717_150503_708ms,Trapezius (R),R_TR,4,100.07942811770931,108.07942811770931,132.43923749027908,,,none,30.0,20,3,monophasic
Burst_autosave_20260717_150503_708ms,Trapezius (R),R_TR,5,133.43923749027908,141.43923749027908,165.79904686284885,,,none,30.0,20,3,monophasic
Burst_autosave_20260717_150503_708ms,Trapezius (R),R_TR,6,166.79904686284885,174.79904686284885,199.15885623544705,,,none,30.0,20,3,monophasic
Burst_autosave_20260717_150503_708ms,Trapezius (R),R_TR,7,200.15885623544705,208.15885623544705,232.51866560801682,,,none,30.0,20,3,monophasic
Burst_autosave_20260717_150503_708ms,Trapezius (R),R_TR,8,233.51866560801682,241.51866560801682,265.08419380477244,,,none,30.0,20,3,monophasic
Burst_autosave_20260717_150503_708ms,Trapezius (R),R_TR,9,266.08419380477244,274.08419380477244,299.2382843527016,,,none,30.0,20,3,monophasic
Burst_autosave_20260717_150503_708ms,Trapezius (R),R_TR,10,300.2382843527016,308.2382843527016,332.5980937252714,,,none,30.0,20,3,monophasic
Burst_autosave_20260717_150503_708ms,Trapezius (R),R_TR,1,0.0,8.0,32.35980937256977,,,none,30.0,25,3,monophasic
Burst_autosave_20260717_150503_708ms,Trapezius (R),R_TR,2,33.35980937256977,41.35980937256977,65.71961874513954,,,none,30.0,25,3,monophasic
Burst_autosave_20260717_150503_708ms,Trapezius (R),R_TR,3,66.71961874513954,74.71961874513954,99.07942811770931,,,none,30.0,25,3,monophasic
Burst_autosave_20260717_150503_708ms,Trapezius (R),R_TR,4,100.07942811770931,108.07942811770931,132.43923749027908,,,none,30.0,25,3,monophasic
Burst_autosave_20260717_150503_708ms,Trapezius (R),R_TR,5,133.43923749027908,141.43923749027908,165.79904686284885,,,none,30.0,25,3,monophasic
Burst_autosave_20260717_150503_708ms,Trapezius (R),R_TR,6,166.79904686284885,174.79904686284885,199.15885623544705,,,none,30.0,25,3,monophasic
Burst_autosave_20260717_150503_708ms,Trapezius (R),R_TR,7,200.15885623544705,208.15885623544705,232.51866560801682,,,none,30.0,25,3,monophasic
Burst_autosave_20260717_150503_708ms,Trapezius (R),R_TR,8,233.51866560801682,241.51866560801682,265.08419380477244,,,none,30.0,25,3,monophasic
Burst_autosave_20260717_150503_708ms,Trapezius (R),R_TR,9,266.08419380477244,274.08419380477244,299.2382843527016,,,none,30.0,25,3,monophasic
Burst_autosave_20260717_150503_708ms,Trapezius (R),R_TR,10,300.2382843527016,308.2382843527016,332.5980937252714,,,none,30.0,25,3,monophasic
Burst_autosave_20260717_150503_708ms,Trapezius (R),R_TR,1,0.0,8.0,32.35980937256977,,,none,30.0,30,3,monophasic
Burst_autosave_20260717_150503_708ms,Trapezius (R),R_TR,2,33.35980937256977,41.35980937256977,65.71961874513954,,,none,30.0,30,3,monophasic
Burst_autosave_20260717_150503_708ms,Trapezius (R),R_TR,3,66.71961874513954,74.71961874513954,99.07942811770931,,,none,30.0,30,3,monophasic
Burst_autosave_20260717_150503_708ms,Trapezius (R),R_TR,4,100.07942811770931,108.07942811770931,132.43923749027908,,,none,30.0,30,3,monophasic
Burst_autosave_20260717_150503_708ms,Trapezius (R),R_TR,5,133.43923749027908,141.43923749027908,165.79904686284885,,,none,30.0,30,3,monophasic
Burst_autosave_20260717_150503_708ms,Trapezius (R),R_TR,6,166.79904686284885,174.79904686284885,199.15885623544705,,,none,30.0,30,3,monophasic
Burst_autosave_20260717_150503_708ms,Trapezius (R),R_TR,7,200.15885623544705,208.15885623544705,232.51866560801682,,,none,30.0,30,3,monophasic
Burst_autosave_20260717_150503_708ms,Trapezius (R),R_TR,8,233.51866560801682,241.51866560801682,265.08419380477244,,,none,30.0,30,3,monophasic
Burst_autosave_20260717_150503_708ms,Trapezius (R),R_TR,9,266.08419380477244,274.08419380477244,299.2382843527016,,,none,30.0,30,3,monophasic
Burst_autosave_20260717_150503_708ms,Trapezius (R),R_TR,10,300.2382843527016,308.2382843527016,332.5980937252714,,,none,30.0,30,3,monophasic
Burst_autosave_20260717_150503_708ms,Trapezius (R),R_TR,1,0.0,8.0,32.35980937256977,,,none,30.0,35,3,monophasic
Burst_autosave_20260717_150503_708ms,Trapezius (R),R_TR,2,33.35980937256977,41.35980937256977,65.71961874513954,,,none,30.0,35,3,monophasic
Burst_autosave_20260717_150503_708ms,Trapezius (R),R_TR,3,66.71961874513954,74.71961874513954,99.07942811770931,,,none,30.0,35,3,monophasic
Burst_autosave_20260717_150503_708ms,Trapezius (R),R_TR,4,100.07942811770931,108.07942811770931,132.43923749027908,,,none,30.0,35,3,monophasic
Burst_autosave_20260717_150503_708ms,Trapezius (R),R_TR,5,133.43923749027908,141.43923749027908,165.79904686284885,,,none,30.0,35,3,monophasic
Burst_autosave_20260717_150503_708ms,Trapezius (R),R_TR,6,166.79904686284885,174.79904686284885,199.15885623544705,,,none,30.0,35,3,monophasic
Burst_autosave_20260717_150503_708ms,Trapezius (R),R_TR,7,200.15885623544705,208.15885623544705,232.51866560801682,,,none,30.0,35,3,monophasic
Burst_autosave_20260717_150503_708ms,Trapezius (R),R_TR,8,233.51866560801682,241.51866560801682,265.08419380477244,,,none,30.0,35,3,monophasic
Burst_autosave_20260717_150503_708ms,Trapezius (R),R_TR,9,266.08419380477244,274.08419380477244,299.2382843527016,,,none,30.0,35,3,monophasic
Burst_autosave_20260717_150503_708ms,Trapezius (R),R_TR,10,300.2382843527016,308.2382843527016,332.5980937252714,,,none,30.0,35,3,monophasic
Burst_autosave_20260717_150503_708ms,Trapezius (R),R_TR,1,0.0,8.0,32.35980937256977,,,none,30.0,40,3,monophasic
Burst_autosave_20260717_150503_708ms,Trapezius (R),R_TR,2,33.35980937256977,41.35980937256977,65.71961874513954,,,none,30.0,40,3,monophasic
Burst_autosave_20260717_150503_708ms,Trapezius (R),R_TR,3,66.71961874513954,74.71961874513954,99.07942811770931,,,none,30.0,40,3,monophasic
Burst_autosave_20260717_150503_708ms,Trapezius (R),R_TR,4,100.07942811770931,108.07942811770931,132.43923749027908,,,none,30.0,40,3,monophasic
Burst_autosave_20260717_150503_708ms,Trapezius (R),R_TR,5,133.43923749027908,141.43923749027908,165.79904686284885,,,none,30.0,40,3,monophasic
Burst_autosave_20260717_150503_708ms,Trapezius (R),R_TR,6,166.79904686284885,174.79904686284885,199.15885623544705,,,none,30.0,40,3,monophasic
Burst_autosave_20260717_150503_708ms,Trapezius (R),R_TR,7,200.15885623544705,208.15885623544705,232.51866560801682,,,none,30.0,40,3,monophasic
Burst_autosave_20260717_150503_708ms,Trapezius (R),R_TR,8,233.51866560801682,241.51866560801682,265.08419380477244,,,none,30.0,40,3,monophasic
Burst_autosave_20260717_150503_708ms,Trapezius (R),R_TR,9,266.08419380477244,274.08419380477244,299.2382843527016,,,none,30.0,40,3,monophasic
Burst_autosave_20260717_150503_708ms,Trapezius (R),R_TR,10,300.2382843527016,308.2382843527016,332.5980937252714,,,none,30.0,40,3,monophasic
Burst_autosave_20260717_150503_708ms,Trapezius (R),R_TR,1,0.0,8.0,32.35980937256977,,,none,30.0,45,3,monophasic
Burst_autosave_20260717_150503_708ms,Trapezius (R),R_TR,2,33.35980937256977,41.35980937256977,65.71961874513954,,,none,30.0,45,3,monophasic
Burst_autosave_20260717_150503_708ms,Trapezius (R),R_TR,3,66.71961874513954,74.71961874513954,99.07942811770931,,,none,30.0,45,3,monophasic
Burst_autosave_20260717_150503_708ms,Trapezius (R),R_TR,4,100.07942811770931,108.07942811770931,132.43923749027908,,,none,30.0,45,3,monophasic
Burst_autosave_20260717_150503_708ms,Trapezius (R),R_TR,5,133.43923749027908,141.43923749027908,165.79904686284885,,,none,30.0,45,3,monophasic
Burst_autosave_20260717_150503_708ms,Trapezius (R),R_TR,6,166.79904686284885,174.79904686284885,199.15885623544705,,,none,30.0,45,3,monophasic
Burst_autosave_20260717_150503_708ms,Trapezius (R),R_TR,7,200.15885623544705,208.15885623544705,232.51866560801682,,,none,30.0,45,3,monophasic
Burst_autosave_20260717_150503_708ms,Trapezius (R),R_TR,8,233.51866560801682,241.51866560801682,265.08419380477244,,,none,30.0,45,3,monophasic
Burst_autosave_20260717_150503_708ms,Trapezius (R),R_TR,9,266.08419380477244,274.08419380477244,299.2382843527016,,,none,30.0,45,3,monophasic
Burst_autosave_20260717_150503_708ms,Trapezius (R),R_TR,10,300.2382843527016,308.2382843527016,332.5980937252714,,,none,30.0,45,3,monophasic
Burst_autosave_20260717_150503_708ms,Trapezius (R),R_TR,1,0.0,8.0,32.35980937256977,,,none,30.0,50,3,monophasic
Burst_autosave_20260717_150503_708ms,Trapezius (R),R_TR,2,33.35980937256977,41.35980937256977,65.71961874513954,,,none,30.0,50,3,monophasic
Burst_autosave_20260717_150503_708ms,Trapezius (R),R_TR,3,66.71961874513954,74.71961874513954,99.07942811770931,,,none,30.0,50,3,monophasic
Burst_autosave_20260717_150503_708ms,Trapezius (R),R_TR,4,100.07942811770931,108.07942811770931,132.43923749027908,,,none,30.0,50,3,monophasic
Burst_autosave_20260717_150503_708ms,Trapezius (R),R_TR,5,133.43923749027908,141.43923749027908,165.79904686284885,,,none,30.0,50,3,monophasic
Burst_autosave_20260717_150503_708ms,Trapezius (R),R_TR,6,166.79904686284885,174.79904686284885,199.15885623544705,,,none,30.0,50,3,monophasic
Burst_autosave_20260717_150503_708ms,Trapezius (R),R_TR,7,200.15885623544705,208.15885623544705,232.51866560801682,,,none,30.0,50,3,monophasic
Burst_autosave_20260717_150503_708ms,Trapezius (R),R_TR,8,233.51866560801682,241.51866560801682,265.08419380477244,,,none,30.0,50,3,monophasic
Burst_autosave_20260717_150503_708ms,Trapezius (R),R_TR,9,266.08419380477244,274.08419380477244,299.2382843527016,,,none,30.0,50,3,monophasic
Burst_autosave_20260717_150503_708ms,Trapezius (R),R_TR,10,300.2382843527016,308.2382843527016,332.5980937252714,,,none,30.0,50,3,monophasic
Burst_autosave_20260717_150503_708ms,Trapezius (R),R_TR,1,0.0,8.0,32.35980937256977,,,none,30.0,55,3,monophasic
Burst_autosave_20260717_150503_708ms,Trapezius (R),R_TR,2,33.35980937256977,41.35980937256977,65.71961874513954,,,none,30.0,55,3,monophasic
Burst_autosave_20260717_150503_708ms,Trapezius (R),R_TR,3,66.71961874513954,74.71961874513954,99.07942811770931,,,none,30.0,55,3,monophasic
Burst_autosave_20260717_150503_708ms,Trapezius (R),R_TR,4,100.07942811770931,108.07942811770931,132.43923749027908,,,none,30.0,55,3,monophasic
Burst_autosave_20260717_150503_708ms,Trapezius (R),R_TR,5,133.43923749027908,141.43923749027908,165.79904686284885,,,none,30.0,55,3,monophasic
Burst_autosave_20260717_150503_708ms,Trapezius (R),R_TR,6,166.79904686284885,174.79904686284885,199.15885623544705,,,none,30.0,55,3,monophasic
Burst_autosave_20260717_150503_708ms,Trapezius (R),R_TR,7,200.15885623544705,208.15885623544705,232.51866560801682,,,none,30.0,55,3,monophasic
Burst_autosave_20260717_150503_708ms,Trapezius (R),R_TR,8,233.51866560801682,241.51866560801682,265.08419380477244,,,none,30.0,55,3,monophasic
Burst_autosave_20260717_150503_708ms,Trapezius (R),R_TR,9,266.08419380477244,274.08419380477244,299.2382843527016,,,none,30.0,55,3,monophasic
Burst_autosave_20260717_150503_708ms,Trapezius (R),R_TR,10,300.2382843527016,308.2382843527016,332.5980937252714,,,none,30.0,55,3,monophasic
Burst_autosave_20260717_150503_708ms,Thenar (R),R_The_ED_FD_FCR A,1,0.0,8.0,32.35980937256977,,,none,30.0,10,3,monophasic
Burst_autosave_20260717_150503_708ms,Thenar (R),R_The_ED_FD_FCR A,2,33.35980937256977,41.35980937256977,65.71961874513954,,,none,30.0,10,3,monophasic
Burst_autosave_20260717_150503_708ms,Thenar (R),R_The_ED_FD_FCR A,3,66.71961874513954,74.71961874513954,99.07942811770931,,,none,30.0,10,3,monophasic
Burst_autosave_20260717_150503_708ms,Thenar (R),R_The_ED_FD_FCR A,4,100.07942811770931,108.07942811770931,132.43923749027908,,,none,30.0,10,3,monophasic
Burst_autosave_20260717_150503_708ms,Thenar (R),R_The_ED_FD_FCR A,5,133.43923749027908,141.43923749027908,165.79904686284885,,,none,30.0,10,3,monophasic
Burst_autosave_20260717_150503_708ms,Thenar (R),R_The_ED_FD_FCR A,6,166.79904686284885,174.79904686284885,199.15885623544705,,,none,30.0,10,3,monophasic
Burst_autosave_20260717_150503_708ms,Thenar (R),R_The_ED_FD_FCR A,7,200.15885623544705,208.15885623544705,232.51866560801682,,,none,30.0,10,3,monophasic
Burst_autosave_20260717_150503_708ms,Thenar (R),R_The_ED_FD_FCR A,8,233.51866560801682,241.51866560801682,265.08419380477244,,,none,30.0,10,3,monophasic
Burst_autosave_20260717_150503_708ms,Thenar (R),R_The_ED_FD_FCR A,9,266.08419380477244,274.08419380477244,299.2382843527016,,,none,30.0,10,3,monophasic
Burst_autosave_20260717_150503_708ms,Thenar (R),R_The_ED_FD_FCR A,10,300.2382843527016,308.2382843527016,332.5980937252714,,,none,30.0,10,3,monophasic
Burst_autosave_20260717_150503_708ms,Thenar (R),R_The_ED_FD_FCR A,1,0.0,8.0,32.35980937256977,,,none,30.0,15,3,monophasic
Burst_autosave_20260717_150503_708ms,Thenar (R),R_The_ED_FD_FCR A,2,33.35980937256977,41.35980937256977,65.71961874513954,,,none,30.0,15,3,monophasic
Burst_autosave_20260717_150503_708ms,Thenar (R),R_The_ED_FD_FCR A,3,66.71961874513954,74.71961874513954,99.07942811770931,,,none,30.0,15,3,monophasic
Burst_autosave_20260717_150503_708ms,Thenar (R),R_The_ED_FD_FCR A,4,100.07942811770931,108.07942811770931,132.43923749027908,,,none,30.0,15,3,monophasic
Burst_autosave_20260717_150503_708ms,Thenar (R),R_The_ED_FD_FCR A,5,133.43923749027908,141.43923749027908,165.79904686284885,,,none,30.0,15,3,monophasic
Burst_autosave_20260717_150503_708ms,Thenar (R),R_The_ED_FD_FCR A,6,166.79904686284885,174.79904686284885,199.15885623544705,,,none,30.0,15,3,monophasic
Burst_autosave_20260717_150503_708ms,Thenar (R),R_The_ED_FD_FCR A,7,200.15885623544705,208.15885623544705,232.51866560801682,,,none,30.0,15,3,monophasic
Burst_autosave_20260717_150503_708ms,Thenar (R),R_The_ED_FD_FCR A,8,233.51866560801682,241.51866560801682,265.08419380477244,,,none,30.0,15,3,monophasic
Burst_autosave_20260717_150503_708ms,Thenar (R),R_The_ED_FD_FCR A,9,266.08419380477244,274.08419380477244,299.2382843527016,,,none,30.0,15,3,monophasic
Burst_autosave_20260717_150503_708ms,Thenar (R),R_The_ED_FD_FCR A,10,300.2382843527016,308.2382843527016,332.5980937252714,,,none,30.0,15,3,monophasic
Burst_autosave_20260717_150503_708ms,Thenar (R),R_The_ED_FD_FCR A,1,0.0,8.0,32.35980937256977,,,none,30.0,20,3,monophasic
Burst_autosave_20260717_150503_708ms,Thenar (R),R_The_ED_FD_FCR A,2,33.35980937256977,41.35980937256977,65.71961874513954,,,none,30.0,20,3,monophasic
Burst_autosave_20260717_150503_708ms,Thenar (R),R_The_ED_FD_FCR A,3,66.71961874513954,74.71961874513954,99.07942811770931,,,none,30.0,20,3,monophasic
Burst_autosave_20260717_150503_708ms,Thenar (R),R_The_ED_FD_FCR A,4,100.07942811770931,108.07942811770931,132.43923749027908,,,none,30.0,20,3,monophasic
Burst_autosave_20260717_150503_708ms,Thenar (R),R_The_ED_FD_FCR A,5,133.43923749027908,141.43923749027908,165.79904686284885,,,none,30.0,20,3,monophasic
Burst_autosave_20260717_150503_708ms,Thenar (R),R_The_ED_FD_FCR A,6,166.79904686284885,174.79904686284885,199.15885623544705,,,none,30.0,20,3,monophasic
Burst_autosave_20260717_150503_708ms,Thenar (R),R_The_ED_FD_FCR A,7,200.15885623544705,208.15885623544705,232.51866560801682,,,none,30.0,20,3,monophasic
Burst_autosave_20260717_150503_708ms,Thenar (R),R_The_ED_FD_FCR A,8,233.51866560801682,241.51866560801682,265.08419380477244,,,none,30.0,20,3,monophasic
Burst_autosave_20260717_150503_708ms,Thenar (R),R_The_ED_FD_FCR A,9,266.08419380477244,274.08419380477244,299.2382843527016,,,none,30.0,20,3,monophasic
Burst_autosave_20260717_150503_708ms,Thenar (R),R_The_ED_FD_FCR A,10,300.2382843527016,308.2382843527016,332.5980937252714,,,none,30.0,20,3,monophasic
Burst_autosave_20260717_150503_708ms,Thenar (R),R_The_ED_FD_FCR A,1,0.0,8.0,32.35980937256977,,,none,30.0,25,3,monophasic
Burst_autosave_20260717_150503_708ms,Thenar (R),R_The_ED_FD_FCR A,2,33.35980937256977,41.35980937256977,65.71961874513954,,,none,30.0,25,3,monophasic
Burst_autosave_20260717_150503_708ms,Thenar (R),R_The_ED_FD_FCR A,3,66.71961874513954,74.71961874513954,99.07942811770931,,,none,30.0,25,3,monophasic
Burst_autosave_20260717_150503_708ms,Thenar (R),R_The_ED_FD_FCR A,4,100.07942811770931,108.07942811770931,132.43923749027908,,,none,30.0,25,3,monophasic
Burst_autosave_20260717_150503_708ms,Thenar (R),R_The_ED_FD_FCR A,5,133.43923749027908,141.43923749027908,165.79904686284885,,,none,30.0,25,3,monophasic
Burst_autosave_20260717_150503_708ms,Thenar (R),R_The_ED_FD_FCR A,6,166.79904686284885,174.79904686284885,199.15885623544705,,,none,30.0,25,3,monophasic
Burst_autosave_20260717_150503_708ms,Thenar (R),R_The_ED_FD_FCR A,7,200.15885623544705,208.15885623544705,232.51866560801682,,,none,30.0,25,3,monophasic
Burst_autosave_20260717_150503_708ms,Thenar (R),R_The_ED_FD_FCR A,8,233.51866560801682,241.51866560801682,265.08419380477244,,,none,30.0,25,3,monophasic
Burst_autosave_20260717_150503_708ms,Thenar (R),R_The_ED_FD_FCR A,9,266.08419380477244,274.08419380477244,299.2382843527016,,,none,30.0,25,3,monophasic
Burst_autosave_20260717_150503_708ms,Thenar (R),R_The_ED_FD_FCR A,10,300.2382843527016,308.2382843527016,332.5980937252714,,,none,30.0,25,3,monophasic
Burst_autosave_20260717_150503_708ms,Thenar (R),R_The_ED_FD_FCR A,1,0.0,8.0,32.35980937256977,,,none,30.0,30,3,monophasic
Burst_autosave_20260717_150503_708ms,Thenar (R),R_The_ED_FD_FCR A,2,33.35980937256977,41.35980937256977,65.71961874513954,,,none,30.0,30,3,monophasic
Burst_autosave_20260717_150503_708ms,Thenar (R),R_The_ED_FD_FCR A,3,66.71961874513954,74.71961874513954,99.07942811770931,,,none,30.0,30,3,monophasic
Burst_autosave_20260717_150503_708ms,Thenar (R),R_The_ED_FD_FCR A,4,100.07942811770931,108.07942811770931,132.43923749027908,,,none,30.0,30,3,monophasic
Burst_autosave_20260717_150503_708ms,Thenar (R),R_The_ED_FD_FCR A,5,133.43923749027908,141.43923749027908,165.79904686284885,,,none,30.0,30,3,monophasic
Burst_autosave_20260717_150503_708ms,Thenar (R),R_The_ED_FD_FCR A,6,166.79904686284885,174.79904686284885,199.15885623544705,,,none,30.0,30,3,monophasic
Burst_autosave_20260717_150503_708ms,Thenar (R),R_The_ED_FD_FCR A,7,200.15885623544705,208.15885623544705,232.51866560801682,,,none,30.0,30,3,monophasic
Burst_autosave_20260717_150503_708ms,Thenar (R),R_The_ED_FD_FCR A,8,233.51866560801682,241.51866560801682,265.08419380477244,,,none,30.0,30,3,monophasic
Burst_autosave_20260717_150503_708ms,Thenar (R),R_The_ED_FD_FCR A,9,266.08419380477244,274.08419380477244,299.2382843527016,,,none,30.0,30,3,monophasic
Burst_autosave_20260717_150503_708ms,Thenar (R),R_The_ED_FD_FCR A,10,300.2382843527016,308.2382843527016,332.5980937252714,,,none,30.0,30,3,monophasic
Burst_autosave_20260717_150503_708ms,Thenar (R),R_The_ED_FD_FCR A,1,0.0,8.0,32.35980937256977,,,none,30.0,35,3,monophasic
Burst_autosave_20260717_150503_708ms,Thenar (R),R_The_ED_FD_FCR A,2,33.35980937256977,41.35980937256977,65.71961874513954,,,none,30.0,35,3,monophasic
Burst_autosave_20260717_150503_708ms,Thenar (R),R_The_ED_FD_FCR A,3,66.71961874513954,74.71961874513954,99.07942811770931,,,none,30.0,35,3,monophasic
Burst_autosave_20260717_150503_708ms,Thenar (R),R_The_ED_FD_FCR A,4,100.07942811770931,108.07942811770931,132.43923749027908,,,none,30.0,35,3,monophasic
Burst_autosave_20260717_150503_708ms,Thenar (R),R_The_ED_FD_FCR A,5,133.43923749027908,141.43923749027908,165.79904686284885,,,none,30.0,35,3,monophasic
Burst_autosave_20260717_150503_708ms,Thenar (R),R_The_ED_FD_FCR A,6,166.79904686284885,174.79904686284885,199.15885623544705,,,none,30.0,35,3,monophasic
Burst_autosave_20260717_150503_708ms,Thenar (R),R_The_ED_FD_FCR A,7,200.15885623544705,208.15885623544705,232.51866560801682,,,none,30.0,35,3,monophasic
Burst_autosave_20260717_150503_708ms,Thenar (R),R_The_ED_FD_FCR A,8,233.51866560801682,241.51866560801682,265.08419380477244,,,none,30.0,35,3,monophasic
Burst_autosave_20260717_150503_708ms,Thenar (R),R_The_ED_FD_FCR A,9,266.08419380477244,274.08419380477244,299.2382843527016,,,none,30.0,35,3,monophasic
Burst_autosave_20260717_150503_708ms,Thenar (R),R_The_ED_FD_FCR A,10,300.2382843527016,308.2382843527016,332.5980937252714,,,none,30.0,35,3,monophasic
Burst_autosave_20260717_150503_708ms,Thenar (R),R_The_ED_FD_FCR A,1,0.0,8.0,32.35980937256977,,,none,30.0,40,3,monophasic
Burst_autosave_20260717_150503_708ms,Thenar (R),R_The_ED_FD_FCR A,2,33.35980937256977,41.35980937256977,65.71961874513954,,,none,30.0,40,3,monophasic
Burst_autosave_20260717_150503_708ms,Thenar (R),R_The_ED_FD_FCR A,3,66.71961874513954,74.71961874513954,99.07942811770931,,,none,30.0,40,3,monophasic
Burst_autosave_20260717_150503_708ms,Thenar (R),R_The_ED_FD_FCR A,4,100.07942811770931,108.07942811770931,132.43923749027908,,,none,30.0,40,3,monophasic
Burst_autosave_20260717_150503_708ms,Thenar (R),R_The_ED_FD_FCR A,5,133.43923749027908,141.43923749027908,165.79904686284885,,,none,30.0,40,3,monophasic
Burst_autosave_20260717_150503_708ms,Thenar (R),R_The_ED_FD_FCR A,6,166.79904686284885,174.79904686284885,199.15885623544705,,,none,30.0,40,3,monophasic
Burst_autosave_20260717_150503_708ms,Thenar (R),R_The_ED_FD_FCR A,7,200.15885623544705,208.15885623544705,232.51866560801682,,,none,30.0,40,3,monophasic
Burst_autosave_20260717_150503_708ms,Thenar (R),R_The_ED_FD_FCR A,8,233.51866560801682,241.51866560801682,265.08419380477244,,,none,30.0,40,3,monophasic
Burst_autosave_20260717_150503_708ms,Thenar (R),R_The_ED_FD_FCR A,9,266.08419380477244,274.08419380477244,299.2382843527016,,,none,30.0,40,3,monophasic
Burst_autosave_20260717_150503_708ms,Thenar (R),R_The_ED_FD_FCR A,10,300.2382843527016,308.2382843527016,332.5980937252714,,,none,30.0,40,3,monophasic
Burst_autosave_20260717_150503_708ms,Thenar (R),R_The_ED_FD_FCR A,1,0.0,8.0,32.35980937256977,,,none,30.0,45,3,monophasic
Burst_autosave_20260717_150503_708ms,Thenar (R),R_The_ED_FD_FCR A,2,33.35980937256977,41.35980937256977,65.71961874513954,,,none,30.0,45,3,monophasic
Burst_autosave_20260717_150503_708ms,Thenar (R),R_The_ED_FD_FCR A,3,66.71961874513954,74.71961874513954,99.07942811770931,,,none,30.0,45,3,monophasic
Burst_autosave_20260717_150503_708ms,Thenar (R),R_The_ED_FD_FCR A,4,100.07942811770931,108.07942811770931,132.43923749027908,,,none,30.0,45,3,monophasic
Burst_autosave_20260717_150503_708ms,Thenar (R),R_The_ED_FD_FCR A,5,133.43923749027908,141.43923749027908,165.79904686284885,,,none,30.0,45,3,monophasic
Burst_autosave_20260717_150503_708ms,Thenar (R),R_The_ED_FD_FCR A,6,166.79904686284885,174.79904686284885,199.15885623544705,,,none,30.0,45,3,monophasic
Burst_autosave_20260717_150503_708ms,Thenar (R),R_The_ED_FD_FCR A,7,200.15885623544705,208.15885623544705,232.51866560801682,,,none,30.0,45,3,monophasic
Burst_autosave_20260717_150503_708ms,Thenar (R),R_The_ED_FD_FCR A,8,233.51866560801682,241.51866560801682,265.08419380477244,,,none,30.0,45,3,monophasic
Burst_autosave_20260717_150503_708ms,Thenar (R),R_The_ED_FD_FCR A,9,266.08419380477244,274.08419380477244,299.2382843527016,,,none,30.0,45,3,monophasic
Burst_autosave_20260717_150503_708ms,Thenar (R),R_The_ED_FD_FCR A,10,300.2382843527016,308.2382843527016,332.5980937252714,,,none,30.0,45,3,monophasic
Burst_autosave_20260717_150503_708ms,Thenar (R),R_The_ED_FD_FCR A,1,0.0,8.0,32.35980937256977,,,none,30.0,50,3,monophasic
Burst_autosave_20260717_150503_708ms,Thenar (R),R_The_ED_FD_FCR A,2,33.35980937256977,41.35980937256977,65.71961874513954,,,none,30.0,50,3,monophasic
Burst_autosave_20260717_150503_708ms,Thenar (R),R_The_ED_FD_FCR A,3,66.71961874513954,74.71961874513954,99.07942811770931,,,none,30.0,50,3,monophasic
Burst_autosave_20260717_150503_708ms,Thenar (R),R_The_ED_FD_FCR A,4,100.07942811770931,108.07942811770931,132.43923749027908,,,none,30.0,50,3,monophasic
Burst_autosave_20260717_150503_708ms,Thenar (R),R_The_ED_FD_FCR A,5,133.43923749027908,141.43923749027908,165.79904686284885,,,none,30.0,50,3,monophasic
Burst_autosave_20260717_150503_708ms,Thenar (R),R_The_ED_FD_FCR A,6,166.79904686284885,174.79904686284885,199.15885623544705,,,none,30.0,50,3,monophasic
Burst_autosave_20260717_150503_708ms,Thenar (R),R_The_ED_FD_FCR A,7,200.15885623544705,208.15885623544705,232.51866560801682,,,none,30.0,50,3,monophasic
Burst_autosave_20260717_150503_708ms,Thenar (R),R_The_ED_FD_FCR A,8,233.51866560801682,241.51866560801682,265.08419380477244,,,none,30.0,50,3,monophasic
Burst_autosave_20260717_150503_708ms,Thenar (R),R_The_ED_FD_FCR A,9,266.08419380477244,274.08419380477244,299.2382843527016,,,none,30.0,50,3,monophasic
Burst_autosave_20260717_150503_708ms,Thenar (R),R_The_ED_FD_FCR A,10,300.2382843527016,308.2382843527016,332.5980937252714,,,none,30.0,50,3,monophasic
Burst_autosave_20260717_150503_708ms,Thenar (R),R_The_ED_FD_FCR A,1,0.0,8.0,32.35980937256977,0.09265278279781342,0.09265278279781342,none,30.0,55,3,monophasic
Burst_autosave_20260717_150503_708ms,Thenar (R),R_The_ED_FD_FCR A,2,33.35980937256977,41.35980937256977,65.71961874513954,0.10037384554743767,0.10037384554743767,none,30.0,55,3,monophasic
Burst_autosave_20260717_150503_708ms,Thenar (R),R_The_ED_FD_FCR A,3,66.71961874513954,74.71961874513954,99.07942811770931,0.016449225367978215,0.016449225367978215,none,30.0,55,3,monophasic
Burst_autosave_20260717_150503_708ms,Thenar (R),R_The_ED_FD_FCR A,4,100.07942811770931,108.07942811770931,132.43923749027908,0.10859845951199532,0.10859845951199532,none,30.0,55,3,monophasic
Burst_autosave_20260717_150503_708ms,Thenar (R),R_The_ED_FD_FCR A,5,133.43923749027908,141.43923749027908,165.79904686284885,0.04095521429553628,0.04095521429553628,none,30.0,55,3,monophasic
Burst_autosave_20260717_150503_708ms,Thenar (R),R_The_ED_FD_FCR A,6,166.79904686284885,174.79904686284885,199.15885623544705,0.11212329566478729,0.11212329566478729,none,30.0,55,3,monophasic
Burst_autosave_20260717_150503_708ms,Thenar (R),R_The_ED_FD_FCR A,7,200.15885623544705,208.15885623544705,232.51866560801682,0.010742351412773132,0.010742351412773132,none,30.0,55,3,monophasic
Burst_autosave_20260717_150503_708ms,Thenar (R),R_The_ED_FD_FCR A,8,233.51866560801682,241.51866560801682,265.08419380477244,0.016281376825645566,0.016281376825645566,none,30.0,55,3,monophasic
Burst_autosave_20260717_150503_708ms,Thenar (R),R_The_ED_FD_FCR A,9,266.08419380477244,274.08419380477244,299.2382843527016,0.1104448027908802,0.1104448027908802,none,30.0,55,3,monophasic
Burst_autosave_20260717_150503_708ms,Thenar (R),R_The_ED_FD_FCR A,10,300.2382843527016,308.2382843527016,332.5980937252714,0.01879911427386105,0.01879911427386105,none,30.0,55,3,monophasic
Burst_autosave_20260717_150503_708ms,Ext. digitorum (R),R_The_ED_FD_FCR B,1,0.0,8.0,32.35980937256977,,,none,30.0,10,3,monophasic
Burst_autosave_20260717_150503_708ms,Ext. digitorum (R),R_The_ED_FD_FCR B,2,33.35980937256977,41.35980937256977,65.71961874513954,,,none,30.0,10,3,monophasic
Burst_autosave_20260717_150503_708ms,Ext. digitorum (R),R_The_ED_FD_FCR B,3,66.71961874513954,74.71961874513954,99.07942811770931,,,none,30.0,10,3,monophasic
Burst_autosave_20260717_150503_708ms,Ext. digitorum (R),R_The_ED_FD_FCR B,4,100.07942811770931,108.07942811770931,132.43923749027908,,,none,30.0,10,3,monophasic
Burst_autosave_20260717_150503_708ms,Ext. digitorum (R),R_The_ED_FD_FCR B,5,133.43923749027908,141.43923749027908,165.79904686284885,,,none,30.0,10,3,monophasic
Burst_autosave_20260717_150503_708ms,Ext. digitorum (R),R_The_ED_FD_FCR B,6,166.79904686284885,174.79904686284885,199.15885623544705,,,none,30.0,10,3,monophasic
Burst_autosave_20260717_150503_708ms,Ext. digitorum (R),R_The_ED_FD_FCR B,7,200.15885623544705,208.15885623544705,232.51866560801682,,,none,30.0,10,3,monophasic
Burst_autosave_20260717_150503_708ms,Ext. digitorum (R),R_The_ED_FD_FCR B,8,233.51866560801682,241.51866560801682,265.08419380477244,,,none,30.0,10,3,monophasic
Burst_autosave_20260717_150503_708ms,Ext. digitorum (R),R_The_ED_FD_FCR B,9,266.08419380477244,274.08419380477244,299.2382843527016,,,none,30.0,10,3,monophasic
Burst_autosave_20260717_150503_708ms,Ext. digitorum (R),R_The_ED_FD_FCR B,10,300.2382843527016,308.2382843527016,332.5980937252714,,,none,30.0,10,3,monophasic
Burst_autosave_20260717_150503_708ms,Ext. digitorum (R),R_The_ED_FD_FCR B,1,0.0,8.0,32.35980937256977,,,none,30.0,15,3,monophasic
Burst_autosave_20260717_150503_708ms,Ext. digitorum (R),R_The_ED_FD_FCR B,2,33.35980937256977,41.35980937256977,65.71961874513954,,,none,30.0,15,3,monophasic
Burst_autosave_20260717_150503_708ms,Ext. digitorum (R),R_The_ED_FD_FCR B,3,66.71961874513954,74.71961874513954,99.07942811770931,,,none,30.0,15,3,monophasic
Burst_autosave_20260717_150503_708ms,Ext. digitorum (R),R_The_ED_FD_FCR B,4,100.07942811770931,108.07942811770931,132.43923749027908,,,none,30.0,15,3,monophasic
Burst_autosave_20260717_150503_708ms,Ext. digitorum (R),R_The_ED_FD_FCR B,5,133.43923749027908,141.43923749027908,165.79904686284885,,,none,30.0,15,3,monophasic
Burst_autosave_20260717_150503_708ms,Ext. digitorum (R),R_The_ED_FD_FCR B,6,166.79904686284885,174.79904686284885,199.15885623544705,,,none,30.0,15,3,monophasic
Burst_autosave_20260717_150503_708ms,Ext. digitorum (R),R_The_ED_FD_FCR B,7,200.15885623544705,208.15885623544705,232.51866560801682,,,none,30.0,15,3,monophasic
Burst_autosave_20260717_150503_708ms,Ext. digitorum (R),R_The_ED_FD_FCR B,8,233.51866560801682,241.51866560801682,265.08419380477244,,,none,30.0,15,3,monophasic
Burst_autosave_20260717_150503_708ms,Ext. digitorum (R),R_The_ED_FD_FCR B,9,266.08419380477244,274.08419380477244,299.2382843527016,,,none,30.0,15,3,monophasic
Burst_autosave_20260717_150503_708ms,Ext. digitorum (R),R_The_ED_FD_FCR B,10,300.2382843527016,308.2382843527016,332.5980937252714,,,none,30.0,15,3,monophasic
Burst_autosave_20260717_150503_708ms,Ext. digitorum (R),R_The_ED_FD_FCR B,1,0.0,8.0,32.35980937256977,,,none,30.0,20,3,monophasic
Burst_autosave_20260717_150503_708ms,Ext. digitorum (R),R_The_ED_FD_FCR B,2,33.35980937256977,41.35980937256977,65.71961874513954,,,none,30.0,20,3,monophasic
Burst_autosave_20260717_150503_708ms,Ext. digitorum (R),R_The_ED_FD_FCR B,3,66.71961874513954,74.71961874513954,99.07942811770931,,,none,30.0,20,3,monophasic
Burst_autosave_20260717_150503_708ms,Ext. digitorum (R),R_The_ED_FD_FCR B,4,100.07942811770931,108.07942811770931,132.43923749027908,,,none,30.0,20,3,monophasic
Burst_autosave_20260717_150503_708ms,Ext. digitorum (R),R_The_ED_FD_FCR B,5,133.43923749027908,141.43923749027908,165.79904686284885,,,none,30.0,20,3,monophasic
Burst_autosave_20260717_150503_708ms,Ext. digitorum (R),R_The_ED_FD_FCR B,6,166.79904686284885,174.79904686284885,199.15885623544705,,,none,30.0,20,3,monophasic
Burst_autosave_20260717_150503_708ms,Ext. digitorum (R),R_The_ED_FD_FCR B,7,200.15885623544705,208.15885623544705,232.51866560801682,,,none,30.0,20,3,monophasic
Burst_autosave_20260717_150503_708ms,Ext. digitorum (R),R_The_ED_FD_FCR B,8,233.51866560801682,241.51866560801682,265.08419380477244,,,none,30.0,20,3,monophasic
Burst_autosave_20260717_150503_708ms,Ext. digitorum (R),R_The_ED_FD_FCR B,9,266.08419380477244,274.08419380477244,299.2382843527016,,,none,30.0,20,3,monophasic
Burst_autosave_20260717_150503_708ms,Ext. digitorum (R),R_The_ED_FD_FCR B,10,300.2382843527016,308.2382843527016,332.5980937252714,,,none,30.0,20,3,monophasic
Burst_autosave_20260717_150503_708ms,Ext. digitorum (R),R_The_ED_FD_FCR B,1,0.0,8.0,32.35980937256977,,,none,30.0,25,3,monophasic
Burst_autosave_20260717_150503_708ms,Ext. digitorum (R),R_The_ED_FD_FCR B,2,33.35980937256977,41.35980937256977,65.71961874513954,,,none,30.0,25,3,monophasic
Burst_autosave_20260717_150503_708ms,Ext. digitorum (R),R_The_ED_FD_FCR B,3,66.71961874513954,74.71961874513954,99.07942811770931,,,none,30.0,25,3,monophasic
Burst_autosave_20260717_150503_708ms,Ext. digitorum (R),R_The_ED_FD_FCR B,4,100.07942811770931,108.07942811770931,132.43923749027908,,,none,30.0,25,3,monophasic
Burst_autosave_20260717_150503_708ms,Ext. digitorum (R),R_The_ED_FD_FCR B,5,133.43923749027908,141.43923749027908,165.79904686284885,,,none,30.0,25,3,monophasic
Burst_autosave_20260717_150503_708ms,Ext. digitorum (R),R_The_ED_FD_FCR B,6,166.79904686284885,174.79904686284885,199.15885623544705,,,none,30.0,25,3,monophasic
Burst_autosave_20260717_150503_708ms,Ext. digitorum (R),R_The_ED_FD_FCR B,7,200.15885623544705,208.15885623544705,232.51866560801682,,,none,30.0,25,3,monophasic
Burst_autosave_20260717_150503_708ms,Ext. digitorum (R),R_The_ED_FD_FCR B,8,233.51866560801682,241.51866560801682,265.08419380477244,,,none,30.0,25,3,monophasic
Burst_autosave_20260717_150503_708ms,Ext. digitorum (R),R_The_ED_FD_FCR B,9,266.08419380477244,274.08419380477244,299.2382843527016,,,none,30.0,25,3,monophasic
Burst_autosave_20260717_150503_708ms,Ext. digitorum (R),R_The_ED_FD_FCR B,10,300.2382843527016,308.2382843527016,332.5980937252714,,,none,30.0,25,3,monophasic
Burst_autosave_20260717_150503_708ms,Ext. digitorum (R),R_The_ED_FD_FCR B,1,0.0,8.0,32.35980937256977,,,none,30.0,30,3,monophasic
Burst_autosave_20260717_150503_708ms,Ext. digitorum (R),R_The_ED_FD_FCR B,2,33.35980937256977,41.35980937256977,65.71961874513954,,,none,30.0,30,3,monophasic
Burst_autosave_20260717_150503_708ms,Ext. digitorum (R),R_The_ED_FD_FCR B,3,66.71961874513954,74.71961874513954,99.07942811770931,,,none,30.0,30,3,monophasic
Burst_autosave_20260717_150503_708ms,Ext. digitorum (R),R_The_ED_FD_FCR B,4,100.07942811770931,108.07942811770931,132.43923749027908,,,none,30.0,30,3,monophasic
Burst_autosave_20260717_150503_708ms,Ext. digitorum (R),R_The_ED_FD_FCR B,5,133.43923749027908,141.43923749027908,165.79904686284885,,,none,30.0,30,3,monophasic
Burst_autosave_20260717_150503_708ms,Ext. digitorum (R),R_The_ED_FD_FCR B,6,166.79904686284885,174.79904686284885,199.15885623544705,,,none,30.0,30,3,monophasic
Burst_autosave_20260717_150503_708ms,Ext. digitorum (R),R_The_ED_FD_FCR B,7,200.15885623544705,208.15885623544705,232.51866560801682,,,none,30.0,30,3,monophasic
Burst_autosave_20260717_150503_708ms,Ext. digitorum (R),R_The_ED_FD_FCR B,8,233.51866560801682,241.51866560801682,265.08419380477244,,,none,30.0,30,3,monophasic
Burst_autosave_20260717_150503_708ms,Ext. digitorum (R),R_The_ED_FD_FCR B,9,266.08419380477244,274.08419380477244,299.2382843527016,,,none,30.0,30,3,monophasic
Burst_autosave_20260717_150503_708ms,Ext. digitorum (R),R_The_ED_FD_FCR B,10,300.2382843527016,308.2382843527016,332.5980937252714,,,none,30.0,30,3,monophasic
Burst_autosave_20260717_150503_708ms,Ext. digitorum (R),R_The_ED_FD_FCR B,1,0.0,8.0,32.35980937256977,,,none,30.0,35,3,monophasic
Burst_autosave_20260717_150503_708ms,Ext. digitorum (R),R_The_ED_FD_FCR B,2,33.35980937256977,41.35980937256977,65.71961874513954,,,none,30.0,35,3,monophasic
Burst_autosave_20260717_150503_708ms,Ext. digitorum (R),R_The_ED_FD_FCR B,3,66.71961874513954,74.71961874513954,99.07942811770931,,,none,30.0,35,3,monophasic
Burst_autosave_20260717_150503_708ms,Ext. digitorum (R),R_The_ED_FD_FCR B,4,100.07942811770931,108.07942811770931,132.43923749027908,,,none,30.0,35,3,monophasic
Burst_autosave_20260717_150503_708ms,Ext. digitorum (R),R_The_ED_FD_FCR B,5,133.43923749027908,141.43923749027908,165.79904686284885,,,none,30.0,35,3,monophasic
Burst_autosave_20260717_150503_708ms,Ext. digitorum (R),R_The_ED_FD_FCR B,6,166.79904686284885,174.79904686284885,199.15885623544705,,,none,30.0,35,3,monophasic
Burst_autosave_20260717_150503_708ms,Ext. digitorum (R),R_The_ED_FD_FCR B,7,200.15885623544705,208.15885623544705,232.51866560801682,,,none,30.0,35,3,monophasic
Burst_autosave_20260717_150503_708ms,Ext. digitorum (R),R_The_ED_FD_FCR B,8,233.51866560801682,241.51866560801682,265.08419380477244,,,none,30.0,35,3,monophasic
Burst_autosave_20260717_150503_708ms,Ext. digitorum (R),R_The_ED_FD_FCR B,9,266.08419380477244,274.08419380477244,299.2382843527016,,,none,30.0,35,3,monophasic
Burst_autosave_20260717_150503_708ms,Ext. digitorum (R),R_The_ED_FD_FCR B,10,300.2382843527016,308.2382843527016,332.5980937252714,,,none,30.0,35,3,monophasic
Burst_autosave_20260717_150503_708ms,Ext. digitorum (R),R_The_ED_FD_FCR B,1,0.0,8.0,32.35980937256977,,,none,30.0,40,3,monophasic
Burst_autosave_20260717_150503_708ms,Ext. digitorum (R),R_The_ED_FD_FCR B,2,33.35980937256977,41.35980937256977,65.71961874513954,,,none,30.0,40,3,monophasic
Burst_autosave_20260717_150503_708ms,Ext. digitorum (R),R_The_ED_FD_FCR B,3,66.71961874513954,74.71961874513954,99.07942811770931,,,none,30.0,40,3,monophasic
Burst_autosave_20260717_150503_708ms,Ext. digitorum (R),R_The_ED_FD_FCR B,4,100.07942811770931,108.07942811770931,132.43923749027908,,,none,30.0,40,3,monophasic
Burst_autosave_20260717_150503_708ms,Ext. digitorum (R),R_The_ED_FD_FCR B,5,133.43923749027908,141.43923749027908,165.79904686284885,,,none,30.0,40,3,monophasic
Burst_autosave_20260717_150503_708ms,Ext. digitorum (R),R_The_ED_FD_FCR B,6,166.79904686284885,174.79904686284885,199.15885623544705,,,none,30.0,40,3,monophasic
Burst_autosave_20260717_150503_708ms,Ext. digitorum (R),R_The_ED_FD_FCR B,7,200.15885623544705,208.15885623544705,232.51866560801682,,,none,30.0,40,3,monophasic
Burst_autosave_20260717_150503_708ms,Ext. digitorum (R),R_The_ED_FD_FCR B,8,233.51866560801682,241.51866560801682,265.08419380477244,,,none,30.0,40,3,monophasic
Burst_autosave_20260717_150503_708ms,Ext. digitorum (R),R_The_ED_FD_FCR B,9,266.08419380477244,274.08419380477244,299.2382843527016,,,none,30.0,40,3,monophasic
Burst_autosave_20260717_150503_708ms,Ext. digitorum (R),R_The_ED_FD_FCR B,10,300.2382843527016,308.2382843527016,332.5980937252714,,,none,30.0,40,3,monophasic
Burst_autosave_20260717_150503_708ms,Ext. digitorum (R),R_The_ED_FD_FCR B,1,0.0,8.0,32.35980937256977,0.10171664133667946,0.10171664133667946,none,30.0,45,3,monophasic
Burst_autosave_20260717_150503_708ms,Ext. digitorum (R),R_The_ED_FD_FCR B,2,33.35980937256977,41.35980937256977,65.71961874513954,0.07116807997226715,0.07116807997226715,none,30.0,45,3,monophasic
Burst_autosave_20260717_150503_708ms,Ext. digitorum (R),R_The_ED_FD_FCR B,3,66.71961874513954,74.71961874513954,99.07942811770931,0.05270466208457947,0.05270466208457947,none,30.0,45,3,monophasic
Burst_autosave_20260717_150503_708ms,Ext. digitorum (R),R_The_ED_FD_FCR B,4,100.07942811770931,108.07942811770931,132.43923749027908,0.039612420834600925,0.039612420834600925,none,30.0,45,3,monophasic
Burst_autosave_20260717_150503_708ms,Ext. digitorum (R),R_The_ED_FD_FCR B,5,133.43923749027908,141.43923749027908,165.79904686284885,0.0637827143073082,0.0637827143073082,none,30.0,45,3,monophasic
Burst_autosave_20260717_150503_708ms,Ext. digitorum (R),R_The_ED_FD_FCR B,6,166.79904686284885,174.79904686284885,199.15885623544705,0.04951552674174309,0.04951552674174309,none,30.0,45,3,monophasic
Burst_autosave_20260717_150503_708ms,Ext. digitorum (R),R_The_ED_FD_FCR B,7,200.15885623544705,208.15885623544705,232.51866560801682,0.04397649993188679,0.04397649993188679,none,30.0,45,3,monophasic
Burst_autosave_20260717_150503_708ms,Ext. digitorum (R),R_The_ED_FD_FCR B,8,233.51866560801682,241.51866560801682,265.08419380477244,0.04968337528407574,0.04968337528407574,none,30.0,45,3,monophasic
Burst_autosave_20260717_150503_708ms,Ext. digitorum (R),R_The_ED_FD_FCR B,9,266.08419380477244,274.08419380477244,299.2382843527016,0.05421530269086361,0.05421530269086361,none,30.0,45,3,monophasic
Burst_autosave_20260717_150503_708ms,Ext. digitorum (R),R_The_ED_FD_FCR B,10,300.2382843527016,308.2382843527016,332.5980937252714,0.04632638953626156,0.04632638953626156,none,30.0,45,3,monophasic
Burst_autosave_20260717_150503_708ms,Ext. digitorum (R),R_The_ED_FD_FCR B,1,0.0,8.0,32.35980937256977,0.10893415659666061,0.10893415659666061,none,30.0,50,3,monophasic
Burst_autosave_20260717_150503_708ms,Ext. digitorum (R),R_The_ED_FD_FCR B,2,33.35980937256977,41.35980937256977,65.71961874513954,0.06982528604567051,0.06982528604567051,none,30.0,50,3,monophasic
Burst_autosave_20260717_150503_708ms,Ext. digitorum (R),R_The_ED_FD_FCR B,3,66.71961874513954,74.71961874513954,99.07942811770931,0.025848782854154706,0.025848782854154706,none,30.0,50,3,monophasic
Burst_autosave_20260717_150503_708ms,Ext. digitorum (R),R_The_ED_FD_FCR B,4,100.07942811770931,108.07942811770931,132.43923749027908,0.09164568781852722,0.09164568781852722,none,30.0,50,3,monophasic
Burst_autosave_20260717_150503_708ms,Ext. digitorum (R),R_The_ED_FD_FCR B,5,133.43923749027908,141.43923749027908,165.79904686284885,0.07754635065793991,0.07754635065793991,none,30.0,50,3,monophasic
Burst_autosave_20260717_150503_708ms,Ext. digitorum (R),R_The_ED_FD_FCR B,6,166.79904686284885,174.79904686284885,199.15885623544705,0.07368581555783749,0.07368581555783749,none,30.0,50,3,monophasic
Burst_autosave_20260717_150503_708ms,Ext. digitorum (R),R_The_ED_FD_FCR B,7,200.15885623544705,208.15885623544705,232.51866560801682,0.04766918532550335,0.04766918532550335,none,30.0,50,3,monophasic
Burst_autosave_20260717_150503_708ms,Ext. digitorum (R),R_The_ED_FD_FCR B,8,233.51866560801682,241.51866560801682,265.08419380477244,0.05371175613254309,0.05371175613254309,none,30.0,50,3,monophasic
Burst_autosave_20260717_150503_708ms,Ext. digitorum (R),R_The_ED_FD_FCR B,9,266.08419380477244,274.08419380477244,299.2382843527016,0.0553902480751276,0.0553902480751276,none,30.0,50,3,monophasic
Burst_autosave_20260717_150503_708ms,Ext. digitorum (R),R_The_ED_FD_FCR B,10,300.2382843527016,308.2382843527016,332.5980937252714,0.0710002277046442,0.0710002277046442,none,30.0,50,3,monophasic
Burst_autosave_20260717_150503_708ms,Ext. digitorum (R),R_The_ED_FD_FCR B,1,0.0,8.0,32.35980937256977,0.15307850390672684,0.15307850390672684,none,30.0,55,3,monophasic
Burst_autosave_20260717_150503_708ms,Ext. digitorum (R),R_The_ED_FD_FCR B,2,33.35980937256977,41.35980937256977,65.71961874513954,0.12404058873653412,0.12404058873653412,none,30.0,55,3,monophasic
Burst_autosave_20260717_150503_708ms,Ext. digitorum (R),R_The_ED_FD_FCR B,3,66.71961874513954,74.71961874513954,99.07942811770931,0.15307851135730743,0.15307851135730743,none,30.0,55,3,monophasic
Burst_autosave_20260717_150503_708ms,Ext. digitorum (R),R_The_ED_FD_FCR B,4,100.07942811770931,108.07942811770931,132.43923749027908,0.11497673019766808,0.11497673019766808,none,30.0,55,3,monophasic
Burst_autosave_20260717_150503_708ms,Ext. digitorum (R),R_The_ED_FD_FCR B,5,133.43923749027908,141.43923749027908,165.79904686284885,0.08224612846970558,0.08224612846970558,none,30.0,55,3,monophasic
Burst_autosave_20260717_150503_708ms,Ext. digitorum (R),R_The_ED_FD_FCR B,6,166.79904686284885,174.79904686284885,199.15885623544705,0.14837872609496117,0.14837872609496117,none,30.0,55,3,monophasic
Burst_autosave_20260717_150503_708ms,Ext. digitorum (R),R_The_ED_FD_FCR B,7,200.15885623544705,208.15885623544705,232.51866560801682,0.054718853905797005,0.054718853905797005,none,30.0,55,3,monophasic
Burst_autosave_20260717_150503_708ms,Ext. digitorum (R),R_The_ED_FD_FCR B,8,233.51866560801682,241.51866560801682,265.08419380477244,0.10675211623311043,0.10675211623311043,none,30.0,55,3,monophasic
Burst_autosave_20260717_150503_708ms,Ext. digitorum (R),R_The_ED_FD_FCR B,9,266.08419380477244,274.08419380477244,299.2382843527016,0.06025787815451622,0.06025787815451622,none,30.0,55,3,monophasic
Burst_autosave_20260717_150503_708ms,Ext. digitorum (R),R_The_ED_FD_FCR B,10,300.2382843527016,308.2382843527016,332.5980937252714,0.12387273833155632,0.12387273833155632,none,30.0,55,3,monophasic
Burst_autosave_20260717_150503_708ms,Flex. digitorum (R),R_The_ED_FD_FCR C,1,0.0,8.0,32.35980937256977,,,none,30.0,10,3,monophasic
Burst_autosave_20260717_150503_708ms,Flex. digitorum (R),R_The_ED_FD_FCR C,2,33.35980937256977,41.35980937256977,65.71961874513954,,,none,30.0,10,3,monophasic
Burst_autosave_20260717_150503_708ms,Flex. digitorum (R),R_The_ED_FD_FCR C,3,66.71961874513954,74.71961874513954,99.07942811770931,,,none,30.0,10,3,monophasic
Burst_autosave_20260717_150503_708ms,Flex. digitorum (R),R_The_ED_FD_FCR C,4,100.07942811770931,108.07942811770931,132.43923749027908,,,none,30.0,10,3,monophasic
Burst_autosave_20260717_150503_708ms,Flex. digitorum (R),R_The_ED_FD_FCR C,5,133.43923749027908,141.43923749027908,165.79904686284885,,,none,30.0,10,3,monophasic
Burst_autosave_20260717_150503_708ms,Flex. digitorum (R),R_The_ED_FD_FCR C,6,166.79904686284885,174.79904686284885,199.15885623544705,,,none,30.0,10,3,monophasic
Burst_autosave_20260717_150503_708ms,Flex. digitorum (R),R_The_ED_FD_FCR C,7,200.15885623544705,208.15885623544705,232.51866560801682,,,none,30.0,10,3,monophasic
Burst_autosave_20260717_150503_708ms,Flex. digitorum (R),R_The_ED_FD_FCR C,8,233.51866560801682,241.51866560801682,265.08419380477244,,,none,30.0,10,3,monophasic
Burst_autosave_20260717_150503_708ms,Flex. digitorum (R),R_The_ED_FD_FCR C,9,266.08419380477244,274.08419380477244,299.2382843527016,,,none,30.0,10,3,monophasic
Burst_autosave_20260717_150503_708ms,Flex. digitorum (R),R_The_ED_FD_FCR C,10,300.2382843527016,308.2382843527016,332.5980937252714,,,none,30.0,10,3,monophasic
Burst_autosave_20260717_150503_708ms,Flex. digitorum (R),R_The_ED_FD_FCR C,1,0.0,8.0,32.35980937256977,,,none,30.0,15,3,monophasic
Burst_autosave_20260717_150503_708ms,Flex. digitorum (R),R_The_ED_FD_FCR C,2,33.35980937256977,41.35980937256977,65.71961874513954,,,none,30.0,15,3,monophasic
Burst_autosave_20260717_150503_708ms,Flex. digitorum (R),R_The_ED_FD_FCR C,3,66.71961874513954,74.71961874513954,99.07942811770931,,,none,30.0,15,3,monophasic
Burst_autosave_20260717_150503_708ms,Flex. digitorum (R),R_The_ED_FD_FCR C,4,100.07942811770931,108.07942811770931,132.43923749027908,,,none,30.0,15,3,monophasic
Burst_autosave_20260717_150503_708ms,Flex. digitorum (R),R_The_ED_FD_FCR C,5,133.43923749027908,141.43923749027908,165.79904686284885,,,none,30.0,15,3,monophasic
Burst_autosave_20260717_150503_708ms,Flex. digitorum (R),R_The_ED_FD_FCR C,6,166.79904686284885,174.79904686284885,199.15885623544705,,,none,30.0,15,3,monophasic
Burst_autosave_20260717_150503_708ms,Flex. digitorum (R),R_The_ED_FD_FCR C,7,200.15885623544705,208.15885623544705,232.51866560801682,,,none,30.0,15,3,monophasic
Burst_autosave_20260717_150503_708ms,Flex. digitorum (R),R_The_ED_FD_FCR C,8,233.51866560801682,241.51866560801682,265.08419380477244,,,none,30.0,15,3,monophasic
Burst_autosave_20260717_150503_708ms,Flex. digitorum (R),R_The_ED_FD_FCR C,9,266.08419380477244,274.08419380477244,299.2382843527016,,,none,30.0,15,3,monophasic
Burst_autosave_20260717_150503_708ms,Flex. digitorum (R),R_The_ED_FD_FCR C,10,300.2382843527016,308.2382843527016,332.5980937252714,,,none,30.0,15,3,monophasic
Burst_autosave_20260717_150503_708ms,Flex. digitorum (R),R_The_ED_FD_FCR C,1,0.0,8.0,32.35980937256977,,,none,30.0,20,3,monophasic
Burst_autosave_20260717_150503_708ms,Flex. digitorum (R),R_The_ED_FD_FCR C,2,33.35980937256977,41.35980937256977,65.71961874513954,,,none,30.0,20,3,monophasic
Burst_autosave_20260717_150503_708ms,Flex. digitorum (R),R_The_ED_FD_FCR C,3,66.71961874513954,74.71961874513954,99.07942811770931,,,none,30.0,20,3,monophasic
Burst_autosave_20260717_150503_708ms,Flex. digitorum (R),R_The_ED_FD_FCR C,4,100.07942811770931,108.07942811770931,132.43923749027908,,,none,30.0,20,3,monophasic
Burst_autosave_20260717_150503_708ms,Flex. digitorum (R),R_The_ED_FD_FCR C,5,133.43923749027908,141.43923749027908,165.79904686284885,,,none,30.0,20,3,monophasic
Burst_autosave_20260717_150503_708ms,Flex. digitorum (R),R_The_ED_FD_FCR C,6,166.79904686284885,174.79904686284885,199.15885623544705,,,none,30.0,20,3,monophasic
Burst_autosave_20260717_150503_708ms,Flex. digitorum (R),R_The_ED_FD_FCR C,7,200.15885623544705,208.15885623544705,232.51866560801682,,,none,30.0,20,3,monophasic
Burst_autosave_20260717_150503_708ms,Flex. digitorum (R),R_The_ED_FD_FCR C,8,233.51866560801682,241.51866560801682,265.08419380477244,,,none,30.0,20,3,monophasic
Burst_autosave_20260717_150503_708ms,Flex. digitorum (R),R_The_ED_FD_FCR C,9,266.08419380477244,274.08419380477244,299.2382843527016,,,none,30.0,20,3,monophasic
Burst_autosave_20260717_150503_708ms,Flex. digitorum (R),R_The_ED_FD_FCR C,10,300.2382843527016,308.2382843527016,332.5980937252714,,,none,30.0,20,3,monophasic
Burst_autosave_20260717_150503_708ms,Flex. digitorum (R),R_The_ED_FD_FCR C,1,0.0,8.0,32.35980937256977,,,none,30.0,25,3,monophasic
Burst_autosave_20260717_150503_708ms,Flex. digitorum (R),R_The_ED_FD_FCR C,2,33.35980937256977,41.35980937256977,65.71961874513954,,,none,30.0,25,3,monophasic
Burst_autosave_20260717_150503_708ms,Flex. digitorum (R),R_The_ED_FD_FCR C,3,66.71961874513954,74.71961874513954,99.07942811770931,,,none,30.0,25,3,monophasic
Burst_autosave_20260717_150503_708ms,Flex. digitorum (R),R_The_ED_FD_FCR C,4,100.07942811770931,108.07942811770931,132.43923749027908,,,none,30.0,25,3,monophasic
Burst_autosave_20260717_150503_708ms,Flex. digitorum (R),R_The_ED_FD_FCR C,5,133.43923749027908,141.43923749027908,165.79904686284885,,,none,30.0,25,3,monophasic
Burst_autosave_20260717_150503_708ms,Flex. digitorum (R),R_The_ED_FD_FCR C,6,166.79904686284885,174.79904686284885,199.15885623544705,,,none,30.0,25,3,monophasic
Burst_autosave_20260717_150503_708ms,Flex. digitorum (R),R_The_ED_FD_FCR C,7,200.15885623544705,208.15885623544705,232.51866560801682,,,none,30.0,25,3,monophasic
Burst_autosave_20260717_150503_708ms,Flex. digitorum (R),R_The_ED_FD_FCR C,8,233.51866560801682,241.51866560801682,265.08419380477244,,,none,30.0,25,3,monophasic
Burst_autosave_20260717_150503_708ms,Flex. digitorum (R),R_The_ED_FD_FCR C,9,266.08419380477244,274.08419380477244,299.2382843527016,,,none,30.0,25,3,monophasic
Burst_autosave_20260717_150503_708ms,Flex. digitorum (R),R_The_ED_FD_FCR C,10,300.2382843527016,308.2382843527016,332.5980937252714,,,none,30.0,25,3,monophasic
Burst_autosave_20260717_150503_708ms,Flex. digitorum (R),R_The_ED_FD_FCR C,1,0.0,8.0,32.35980937256977,,,none,30.0,30,3,monophasic
Burst_autosave_20260717_150503_708ms,Flex. digitorum (R),R_The_ED_FD_FCR C,2,33.35980937256977,41.35980937256977,65.71961874513954,,,none,30.0,30,3,monophasic
Burst_autosave_20260717_150503_708ms,Flex. digitorum (R),R_The_ED_FD_FCR C,3,66.71961874513954,74.71961874513954,99.07942811770931,,,none,30.0,30,3,monophasic
Burst_autosave_20260717_150503_708ms,Flex. digitorum (R),R_The_ED_FD_FCR C,4,100.07942811770931,108.07942811770931,132.43923749027908,,,none,30.0,30,3,monophasic
Burst_autosave_20260717_150503_708ms,Flex. digitorum (R),R_The_ED_FD_FCR C,5,133.43923749027908,141.43923749027908,165.79904686284885,,,none,30.0,30,3,monophasic
Burst_autosave_20260717_150503_708ms,Flex. digitorum (R),R_The_ED_FD_FCR C,6,166.79904686284885,174.79904686284885,199.15885623544705,,,none,30.0,30,3,monophasic
Burst_autosave_20260717_150503_708ms,Flex. digitorum (R),R_The_ED_FD_FCR C,7,200.15885623544705,208.15885623544705,232.51866560801682,,,none,30.0,30,3,monophasic
Burst_autosave_20260717_150503_708ms,Flex. digitorum (R),R_The_ED_FD_FCR C,8,233.51866560801682,241.51866560801682,265.08419380477244,,,none,30.0,30,3,monophasic
Burst_autosave_20260717_150503_708ms,Flex. digitorum (R),R_The_ED_FD_FCR C,9,266.08419380477244,274.08419380477244,299.2382843527016,,,none,30.0,30,3,monophasic
Burst_autosave_20260717_150503_708ms,Flex. digitorum (R),R_The_ED_FD_FCR C,10,300.2382843527016,308.2382843527016,332.5980937252714,,,none,30.0,30,3,monophasic
Burst_autosave_20260717_150503_708ms,Flex. digitorum (R),R_The_ED_FD_FCR C,1,0.0,8.0,32.35980937256977,,,none,30.0,35,3,monophasic
Burst_autosave_20260717_150503_708ms,Flex. digitorum (R),R_The_ED_FD_FCR C,2,33.35980937256977,41.35980937256977,65.71961874513954,,,none,30.0,35,3,monophasic
Burst_autosave_20260717_150503_708ms,Flex. digitorum (R),R_The_ED_FD_FCR C,3,66.71961874513954,74.71961874513954,99.07942811770931,,,none,30.0,35,3,monophasic
Burst_autosave_20260717_150503_708ms,Flex. digitorum (R),R_The_ED_FD_FCR C,4,100.07942811770931,108.07942811770931,132.43923749027908,,,none,30.0,35,3,monophasic
Burst_autosave_20260717_150503_708ms,Flex. digitorum (R),R_The_ED_FD_FCR C,5,133.43923749027908,141.43923749027908,165.79904686284885,,,none,30.0,35,3,monophasic
Burst_autosave_20260717_150503_708ms,Flex. digitorum (R),R_The_ED_FD_FCR C,6,166.79904686284885,174.79904686284885,199.15885623544705,,,none,30.0,35,3,monophasic
Burst_autosave_20260717_150503_708ms,Flex. digitorum (R),R_The_ED_FD_FCR C,7,200.15885623544705,208.15885623544705,232.51866560801682,,,none,30.0,35,3,monophasic
Burst_autosave_20260717_150503_708ms,Flex. digitorum (R),R_The_ED_FD_FCR C,8,233.51866560801682,241.51866560801682,265.08419380477244,,,none,30.0,35,3,monophasic
Burst_autosave_20260717_150503_708ms,Flex. digitorum (R),R_The_ED_FD_FCR C,9,266.08419380477244,274.08419380477244,299.2382843527016,,,none,30.0,35,3,monophasic
Burst_autosave_20260717_150503_708ms,Flex. digitorum (R),R_The_ED_FD_FCR C,10,300.2382843527016,308.2382843527016,332.5980937252714,,,none,30.0,35,3,monophasic
Burst_autosave_20260717_150503_708ms,Flex. digitorum (R),R_The_ED_FD_FCR C,1,0.0,8.0,32.35980937256977,,,none,30.0,40,3,monophasic
Burst_autosave_20260717_150503_708ms,Flex. digitorum (R),R_The_ED_FD_FCR C,2,33.35980937256977,41.35980937256977,65.71961874513954,,,none,30.0,40,3,monophasic
Burst_autosave_20260717_150503_708ms,Flex. digitorum (R),R_The_ED_FD_FCR C,3,66.71961874513954,74.71961874513954,99.07942811770931,,,none,30.0,40,3,monophasic
Burst_autosave_20260717_150503_708ms,Flex. digitorum (R),R_The_ED_FD_FCR C,4,100.07942811770931,108.07942811770931,132.43923749027908,,,none,30.0,40,3,monophasic
Burst_autosave_20260717_150503_708ms,Flex. digitorum (R),R_The_ED_FD_FCR C,5,133.43923749027908,141.43923749027908,165.79904686284885,,,none,30.0,40,3,monophasic
Burst_autosave_20260717_150503_708ms,Flex. digitorum (R),R_The_ED_FD_FCR C,6,166.79904686284885,174.79904686284885,199.15885623544705,,,none,30.0,40,3,monophasic
Burst_autosave_20260717_150503_708ms,Flex. digitorum (R),R_The_ED_FD_FCR C,7,200.15885623544705,208.15885623544705,232.51866560801682,,,none,30.0,40,3,monophasic
Burst_autosave_20260717_150503_708ms,Flex. digitorum (R),R_The_ED_FD_FCR C,8,233.51866560801682,241.51866560801682,265.08419380477244,,,none,30.0,40,3,monophasic
Burst_autosave_20260717_150503_708ms,Flex. digitorum (R),R_The_ED_FD_FCR C,9,266.08419380477244,274.08419380477244,299.2382843527016,,,none,30.0,40,3,monophasic
Burst_autosave_20260717_150503_708ms,Flex. digitorum (R),R_The_ED_FD_FCR C,10,300.2382843527016,308.2382843527016,332.5980937252714,,,none,30.0,40,3,monophasic
Burst_autosave_20260717_150503_708ms,Flex. digitorum (R),R_The_ED_FD_FCR C,1,0.0,8.0,32.35980937256977,0.15274281054735184,0.15274281054735184,none,30.0,45,3,monophasic
Burst_autosave_20260717_150503_708ms,Flex. digitorum (R),R_The_ED_FD_FCR C,2,33.35980937256977,41.35980937256977,65.71961874513954,0.1754024587571621,0.1754024587571621,none,30.0,45,3,monophasic
Burst_autosave_20260717_150503_708ms,Flex. digitorum (R),R_The_ED_FD_FCR C,3,66.71961874513954,74.71961874513954,99.07942811770931,0.1250476874411106,0.1250476874411106,none,30.0,45,3,monophasic
Burst_autosave_20260717_150503_708ms,Flex. digitorum (R),R_The_ED_FD_FCR C,4,100.07942811770931,108.07942811770931,132.43923749027908,0.013763637514784932,0.013763637514784932,none,30.0,45,3,monophasic
Burst_autosave_20260717_150503_708ms,Flex. digitorum (R),R_The_ED_FD_FCR C,5,133.43923749027908,141.43923749027908,165.79904686284885,0.14636453613638878,0.14636453613638878,none,30.0,45,3,monophasic
Burst_autosave_20260717_150503_708ms,Flex. digitorum (R),R_The_ED_FD_FCR C,6,166.79904686284885,174.79904686284885,199.15885623544705,0.08207827992737293,0.08207827992737293,none,30.0,45,3,monophasic
Burst_autosave_20260717_150503_708ms,Flex. digitorum (R),R_The_ED_FD_FCR C,7,200.15885623544705,208.15885623544705,232.51866560801682,0.17070268094539642,0.17070268094539642,none,30.0,45,3,monophasic
Burst_autosave_20260717_150503_708ms,Flex. digitorum (R),R_The_ED_FD_FCR C,8,233.51866560801682,241.51866560801682,265.08419380477244,0.21820401400327682,0.21820401400327682,none,30.0,45,3,monophasic
Burst_autosave_20260717_150503_708ms,Flex. digitorum (R),R_The_ED_FD_FCR C,9,266.08419380477244,274.08419380477244,299.2382843527016,0.05857938528060913,0.05857938528060913,none,30.0,45,3,monophasic
Burst_autosave_20260717_150503_708ms,Flex. digitorum (R),R_The_ED_FD_FCR C,10,300.2382843527016,308.2382843527016,332.5980937252714,0.2088044509291649,0.2088044509291649,none,30.0,45,3,monophasic
Burst_autosave_20260717_150503_708ms,Flex. digitorum (R),R_The_ED_FD_FCR C,1,0.0,8.0,32.35980937256977,0.23079270124435425,0.23079270124435425,none,30.0,50,3,monophasic
Burst_autosave_20260717_150503_708ms,Flex. digitorum (R),R_The_ED_FD_FCR C,2,33.35980937256977,41.35980937256977,65.71961874513954,0.2682230845093727,0.2682230845093727,none,30.0,50,3,monophasic
Burst_autosave_20260717_150503_708ms,Flex. digitorum (R),R_The_ED_FD_FCR C,3,66.71961874513954,74.71961874513954,99.07942811770931,0.23431754112243652,0.23431754112243652,none,30.0,50,3,monophasic
Burst_autosave_20260717_150503_708ms,Flex. digitorum (R),R_The_ED_FD_FCR C,4,100.07942811770931,108.07942811770931,132.43923749027908,0.3044785186648369,0.3044785186648369,none,30.0,50,3,monophasic
Burst_autosave_20260717_150503_708ms,Flex. digitorum (R),R_The_ED_FD_FCR C,5,133.43923749027908,141.43923749027908,165.79904686284885,0.20276188105344772,0.20276188105344772,none,30.0,50,3,monophasic
Burst_autosave_20260717_150503_708ms,Flex. digitorum (R),R_The_ED_FD_FCR C,6,166.79904686284885,174.79904686284885,199.15885623544705,0.16818494349718094,0.16818494349718094,none,30.0,50,3,monophasic
Burst_autosave_20260717_150503_708ms,Flex. digitorum (R),R_The_ED_FD_FCR C,7,200.15885623544705,208.15885623544705,232.51866560801682,0.24774546921253204,0.24774546921253204,none,30.0,50,3,monophasic
Burst_autosave_20260717_150503_708ms,Flex. digitorum (R),R_The_ED_FD_FCR C,8,233.51866560801682,241.51866560801682,265.08419380477244,0.1752346083521843,0.1752346083521843,none,30.0,50,3,monophasic
Burst_autosave_20260717_150503_708ms,Flex. digitorum (R),R_The_ED_FD_FCR C,9,266.08419380477244,274.08419380477244,299.2382843527016,0.20007628947496414,0.20007628947496414,none,30.0,50,3,monophasic
Burst_autosave_20260717_150503_708ms,Flex. digitorum (R),R_The_ED_FD_FCR C,10,300.2382843527016,308.2382843527016,332.5980937252714,0.24069581180810928,0.24069581180810928,none,30.0,50,3,monophasic
Burst_autosave_20260717_150503_708ms,Flex. digitorum (R),R_The_ED_FD_FCR C,1,0.0,8.0,32.35980937256977,0.22928206622600555,0.22928206622600555,none,30.0,55,3,monophasic
Burst_autosave_20260717_150503_708ms,Flex. digitorum (R),R_The_ED_FD_FCR C,2,33.35980937256977,41.35980937256977,65.71961874513954,0.2197146639227867,0.2197146639227867,none,30.0,55,3,monophasic
Burst_autosave_20260717_150503_708ms,Flex. digitorum (R),R_The_ED_FD_FCR C,3,66.71961874513954,74.71961874513954,99.07942811770931,0.189333938062191,0.189333938062191,none,30.0,55,3,monophasic
Burst_autosave_20260717_150503_708ms,Flex. digitorum (R),R_The_ED_FD_FCR C,4,100.07942811770931,108.07942811770931,132.43923749027908,0.21501487493515015,0.21501487493515015,none,30.0,55,3,monophasic
Burst_autosave_20260717_150503_708ms,Flex. digitorum (R),R_The_ED_FD_FCR C,5,133.43923749027908,141.43923749027908,165.79904686284885,0.2051117718219757,0.2051117718219757,none,30.0,55,3,monophasic
Burst_autosave_20260717_150503_708ms,Flex. digitorum (R),R_The_ED_FD_FCR C,6,166.79904686284885,174.79904686284885,199.15885623544705,0.18312352150678635,0.18312352150678635,none,30.0,55,3,monophasic
Burst_autosave_20260717_150503_708ms,Flex. digitorum (R),R_The_ED_FD_FCR C,7,200.15885623544705,208.15885623544705,232.51866560801682,0.16449225693941116,0.16449225693941116,none,30.0,55,3,monophasic
Burst_autosave_20260717_150503_708ms,Flex. digitorum (R),R_The_ED_FD_FCR C,8,233.51866560801682,241.51866560801682,265.08419380477244,0.2504310607910156,0.2504310607910156,none,30.0,55,3,monophasic
Burst_autosave_20260717_150503_708ms,Flex. digitorum (R),R_The_ED_FD_FCR C,9,266.08419380477244,274.08419380477244,299.2382843527016,0.21065079420804977,0.21065079420804977,none,30.0,55,3,monophasic
Burst_autosave_20260717_150503_708ms,Flex. digitorum (R),R_The_ED_FD_FCR C,10,300.2382843527016,308.2382843527016,332.5980937252714,0.1579461395740509,0.1579461395740509,none,30.0,55,3,monophasic
Burst_autosave_20260717_150503_708ms,Flex. carpi rad. (R),R_The_ED_FD_FCR D,1,0.0,8.0,32.35980937256977,,,none,30.0,10,3,monophasic
Burst_autosave_20260717_150503_708ms,Flex. carpi rad. (R),R_The_ED_FD_FCR D,2,33.35980937256977,41.35980937256977,65.71961874513954,,,none,30.0,10,3,monophasic
Burst_autosave_20260717_150503_708ms,Flex. carpi rad. (R),R_The_ED_FD_FCR D,3,66.71961874513954,74.71961874513954,99.07942811770931,,,none,30.0,10,3,monophasic
Burst_autosave_20260717_150503_708ms,Flex. carpi rad. (R),R_The_ED_FD_FCR D,4,100.07942811770931,108.07942811770931,132.43923749027908,,,none,30.0,10,3,monophasic
Burst_autosave_20260717_150503_708ms,Flex. carpi rad. (R),R_The_ED_FD_FCR D,5,133.43923749027908,141.43923749027908,165.79904686284885,,,none,30.0,10,3,monophasic
Burst_autosave_20260717_150503_708ms,Flex. carpi rad. (R),R_The_ED_FD_FCR D,6,166.79904686284885,174.79904686284885,199.15885623544705,,,none,30.0,10,3,monophasic
Burst_autosave_20260717_150503_708ms,Flex. carpi rad. (R),R_The_ED_FD_FCR D,7,200.15885623544705,208.15885623544705,232.51866560801682,,,none,30.0,10,3,monophasic
Burst_autosave_20260717_150503_708ms,Flex. carpi rad. (R),R_The_ED_FD_FCR D,8,233.51866560801682,241.51866560801682,265.08419380477244,,,none,30.0,10,3,monophasic
Burst_autosave_20260717_150503_708ms,Flex. carpi rad. (R),R_The_ED_FD_FCR D,9,266.08419380477244,274.08419380477244,299.2382843527016,,,none,30.0,10,3,monophasic
Burst_autosave_20260717_150503_708ms,Flex. carpi rad. (R),R_The_ED_FD_FCR D,10,300.2382843527016,308.2382843527016,332.5980937252714,,,none,30.0,10,3,monophasic
Burst_autosave_20260717_150503_708ms,Flex. carpi rad. (R),R_The_ED_FD_FCR D,1,0.0,8.0,32.35980937256977,,,none,30.0,15,3,monophasic
Burst_autosave_20260717_150503_708ms,Flex. carpi rad. (R),R_The_ED_FD_FCR D,2,33.35980937256977,41.35980937256977,65.71961874513954,,,none,30.0,15,3,monophasic
Burst_autosave_20260717_150503_708ms,Flex. carpi rad. (R),R_The_ED_FD_FCR D,3,66.71961874513954,74.71961874513954,99.07942811770931,,,none,30.0,15,3,monophasic
Burst_autosave_20260717_150503_708ms,Flex. carpi rad. (R),R_The_ED_FD_FCR D,4,100.07942811770931,108.07942811770931,132.43923749027908,,,none,30.0,15,3,monophasic
Burst_autosave_20260717_150503_708ms,Flex. carpi rad. (R),R_The_ED_FD_FCR D,5,133.43923749027908,141.43923749027908,165.79904686284885,,,none,30.0,15,3,monophasic
Burst_autosave_20260717_150503_708ms,Flex. carpi rad. (R),R_The_ED_FD_FCR D,6,166.79904686284885,174.79904686284885,199.15885623544705,,,none,30.0,15,3,monophasic
Burst_autosave_20260717_150503_708ms,Flex. carpi rad. (R),R_The_ED_FD_FCR D,7,200.15885623544705,208.15885623544705,232.51866560801682,,,none,30.0,15,3,monophasic
Burst_autosave_20260717_150503_708ms,Flex. carpi rad. (R),R_The_ED_FD_FCR D,8,233.51866560801682,241.51866560801682,265.08419380477244,,,none,30.0,15,3,monophasic
Burst_autosave_20260717_150503_708ms,Flex. carpi rad. (R),R_The_ED_FD_FCR D,9,266.08419380477244,274.08419380477244,299.2382843527016,,,none,30.0,15,3,monophasic
Burst_autosave_20260717_150503_708ms,Flex. carpi rad. (R),R_The_ED_FD_FCR D,10,300.2382843527016,308.2382843527016,332.5980937252714,,,none,30.0,15,3,monophasic
Burst_autosave_20260717_150503_708ms,Flex. carpi rad. (R),R_The_ED_FD_FCR D,1,0.0,8.0,32.35980937256977,,,none,30.0,20,3,monophasic
Burst_autosave_20260717_150503_708ms,Flex. carpi rad. (R),R_The_ED_FD_FCR D,2,33.35980937256977,41.35980937256977,65.71961874513954,,,none,30.0,20,3,monophasic
Burst_autosave_20260717_150503_708ms,Flex. carpi rad. (R),R_The_ED_FD_FCR D,3,66.71961874513954,74.71961874513954,99.07942811770931,,,none,30.0,20,3,monophasic
Burst_autosave_20260717_150503_708ms,Flex. carpi rad. (R),R_The_ED_FD_FCR D,4,100.07942811770931,108.07942811770931,132.43923749027908,,,none,30.0,20,3,monophasic
Burst_autosave_20260717_150503_708ms,Flex. carpi rad. (R),R_The_ED_FD_FCR D,5,133.43923749027908,141.43923749027908,165.79904686284885,,,none,30.0,20,3,monophasic
Burst_autosave_20260717_150503_708ms,Flex. carpi rad. (R),R_The_ED_FD_FCR D,6,166.79904686284885,174.79904686284885,199.15885623544705,,,none,30.0,20,3,monophasic
Burst_autosave_20260717_150503_708ms,Flex. carpi rad. (R),R_The_ED_FD_FCR D,7,200.15885623544705,208.15885623544705,232.51866560801682,,,none,30.0,20,3,monophasic
Burst_autosave_20260717_150503_708ms,Flex. carpi rad. (R),R_The_ED_FD_FCR D,8,233.51866560801682,241.51866560801682,265.08419380477244,,,none,30.0,20,3,monophasic
Burst_autosave_20260717_150503_708ms,Flex. carpi rad. (R),R_The_ED_FD_FCR D,9,266.08419380477244,274.08419380477244,299.2382843527016,,,none,30.0,20,3,monophasic
Burst_autosave_20260717_150503_708ms,Flex. carpi rad. (R),R_The_ED_FD_FCR D,10,300.2382843527016,308.2382843527016,332.5980937252714,,,none,30.0,20,3,monophasic
Burst_autosave_20260717_150503_708ms,Flex. carpi rad. (R),R_The_ED_FD_FCR D,1,0.0,8.0,32.35980937256977,,,none,30.0,25,3,monophasic
Burst_autosave_20260717_150503_708ms,Flex. carpi rad. (R),R_The_ED_FD_FCR D,2,33.35980937256977,41.35980937256977,65.71961874513954,,,none,30.0,25,3,monophasic
Burst_autosave_20260717_150503_708ms,Flex. carpi rad. (R),R_The_ED_FD_FCR D,3,66.71961874513954,74.71961874513954,99.07942811770931,,,none,30.0,25,3,monophasic
Burst_autosave_20260717_150503_708ms,Flex. carpi rad. (R),R_The_ED_FD_FCR D,4,100.07942811770931,108.07942811770931,132.43923749027908,,,none,30.0,25,3,monophasic
Burst_autosave_20260717_150503_708ms,Flex. carpi rad. (R),R_The_ED_FD_FCR D,5,133.43923749027908,141.43923749027908,165.79904686284885,,,none,30.0,25,3,monophasic
Burst_autosave_20260717_150503_708ms,Flex. carpi rad. (R),R_The_ED_FD_FCR D,6,166.79904686284885,174.79904686284885,199.15885623544705,,,none,30.0,25,3,monophasic
Burst_autosave_20260717_150503_708ms,Flex. carpi rad. (R),R_The_ED_FD_FCR D,7,200.15885623544705,208.15885623544705,232.51866560801682,,,none,30.0,25,3,monophasic
Burst_autosave_20260717_150503_708ms,Flex. carpi rad. (R),R_The_ED_FD_FCR D,8,233.51866560801682,241.51866560801682,265.08419380477244,,,none,30.0,25,3,monophasic
Burst_autosave_20260717_150503_708ms,Flex. carpi rad. (R),R_The_ED_FD_FCR D,9,266.08419380477244,274.08419380477244,299.2382843527016,,,none,30.0,25,3,monophasic
Burst_autosave_20260717_150503_708ms,Flex. carpi rad. (R),R_The_ED_FD_FCR D,10,300.2382843527016,308.2382843527016,332.5980937252714,,,none,30.0,25,3,monophasic
Burst_autosave_20260717_150503_708ms,Flex. carpi rad. (R),R_The_ED_FD_FCR D,1,0.0,8.0,32.35980937256977,,,none,30.0,30,3,monophasic
Burst_autosave_20260717_150503_708ms,Flex. carpi rad. (R),R_The_ED_FD_FCR D,2,33.35980937256977,41.35980937256977,65.71961874513954,,,none,30.0,30,3,monophasic
Burst_autosave_20260717_150503_708ms,Flex. carpi rad. (R),R_The_ED_FD_FCR D,3,66.71961874513954,74.71961874513954,99.07942811770931,,,none,30.0,30,3,monophasic
Burst_autosave_20260717_150503_708ms,Flex. carpi rad. (R),R_The_ED_FD_FCR D,4,100.07942811770931,108.07942811770931,132.43923749027908,,,none,30.0,30,3,monophasic
Burst_autosave_20260717_150503_708ms,Flex. carpi rad. (R),R_The_ED_FD_FCR D,5,133.43923749027908,141.43923749027908,165.79904686284885,,,none,30.0,30,3,monophasic
Burst_autosave_20260717_150503_708ms,Flex. carpi rad. (R),R_The_ED_FD_FCR D,6,166.79904686284885,174.79904686284885,199.15885623544705,,,none,30.0,30,3,monophasic
Burst_autosave_20260717_150503_708ms,Flex. carpi rad. (R),R_The_ED_FD_FCR D,7,200.15885623544705,208.15885623544705,232.51866560801682,,,none,30.0,30,3,monophasic
Burst_autosave_20260717_150503_708ms,Flex. carpi rad. (R),R_The_ED_FD_FCR D,8,233.51866560801682,241.51866560801682,265.08419380477244,,,none,30.0,30,3,monophasic
Burst_autosave_20260717_150503_708ms,Flex. carpi rad. (R),R_The_ED_FD_FCR D,9,266.08419380477244,274.08419380477244,299.2382843527016,,,none,30.0,30,3,monophasic
Burst_autosave_20260717_150503_708ms,Flex. carpi rad. (R),R_The_ED_FD_FCR D,10,300.2382843527016,308.2382843527016,332.5980937252714,,,none,30.0,30,3,monophasic
Burst_autosave_20260717_150503_708ms,Flex. carpi rad. (R),R_The_ED_FD_FCR D,1,0.0,8.0,32.35980937256977,,,none,30.0,35,3,monophasic
Burst_autosave_20260717_150503_708ms,Flex. carpi rad. (R),R_The_ED_FD_FCR D,2,33.35980937256977,41.35980937256977,65.71961874513954,,,none,30.0,35,3,monophasic
Burst_autosave_20260717_150503_708ms,Flex. carpi rad. (R),R_The_ED_FD_FCR D,3,66.71961874513954,74.71961874513954,99.07942811770931,,,none,30.0,35,3,monophasic
Burst_autosave_20260717_150503_708ms,Flex. carpi rad. (R),R_The_ED_FD_FCR D,4,100.07942811770931,108.07942811770931,132.43923749027908,,,none,30.0,35,3,monophasic
Burst_autosave_20260717_150503_708ms,Flex. carpi rad. (R),R_The_ED_FD_FCR D,5,133.43923749027908,141.43923749027908,165.79904686284885,,,none,30.0,35,3,monophasic
Burst_autosave_20260717_150503_708ms,Flex. carpi rad. (R),R_The_ED_FD_FCR D,6,166.79904686284885,174.79904686284885,199.15885623544705,,,none,30.0,35,3,monophasic
Burst_autosave_20260717_150503_708ms,Flex. carpi rad. (R),R_The_ED_FD_FCR D,7,200.15885623544705,208.15885623544705,232.51866560801682,,,none,30.0,35,3,monophasic
Burst_autosave_20260717_150503_708ms,Flex. carpi rad. (R),R_The_ED_FD_FCR D,8,233.51866560801682,241.51866560801682,265.08419380477244,,,none,30.0,35,3,monophasic
Burst_autosave_20260717_150503_708ms,Flex. carpi rad. (R),R_The_ED_FD_FCR D,9,266.08419380477244,274.08419380477244,299.2382843527016,,,none,30.0,35,3,monophasic
Burst_autosave_20260717_150503_708ms,Flex. carpi rad. (R),R_The_ED_FD_FCR D,10,300.2382843527016,308.2382843527016,332.5980937252714,,,none,30.0,35,3,monophasic
Burst_autosave_20260717_150503_708ms,Flex. carpi rad. (R),R_The_ED_FD_FCR D,1,0.0,8.0,32.35980937256977,0.021149004343897104,0.021149004343897104,none,30.0,40,3,monophasic
Burst_autosave_20260717_150503_708ms,Flex. carpi rad. (R),R_The_ED_FD_FCR D,2,33.35980937256977,41.35980937256977,65.71961874513954,0.003356984816491604,0.003356984816491604,none,30.0,40,3,monophasic
Burst_autosave_20260717_150503_708ms,Flex. carpi rad. (R),R_The_ED_FD_FCR D,3,66.71961874513954,74.71961874513954,99.07942811770931,0.004867628216743469,0.004867628216743469,none,30.0,40,3,monophasic
Burst_autosave_20260717_150503_708ms,Flex. carpi rad. (R),R_The_ED_FD_FCR D,4,100.07942811770931,108.07942811770931,132.43923749027908,0.019470511004328728,0.019470511004328728,none,30.0,40,3,monophasic
Burst_autosave_20260717_150503_708ms,Flex. carpi rad. (R),R_The_ED_FD_FCR D,5,133.43923749027908,141.43923749027908,165.79904686284885,0.020813305862247944,0.020813305862247944,none,30.0,40,3,monophasic
Burst_autosave_20260717_150503_708ms,Flex. carpi rad. (R),R_The_ED_FD_FCR D,6,166.79904686284885,174.79904686284885,199.15885623544705,0.005874723196029663,0.005874723196029663,none,30.0,40,3,monophasic
Burst_autosave_20260717_150503_708ms,Flex. carpi rad. (R),R_The_ED_FD_FCR D,7,200.15885623544705,208.15885623544705,232.51866560801682,0.006210421212017536,0.006210421212017536,none,30.0,40,3,monophasic
Burst_autosave_20260717_150503_708ms,Flex. carpi rad. (R),R_The_ED_FD_FCR D,8,233.51866560801682,241.51866560801682,265.08419380477244,0.018127717077732086,0.018127717077732086,none,30.0,40,3,monophasic
Burst_autosave_20260717_150503_708ms,Flex. carpi rad. (R),R_The_ED_FD_FCR D,9,266.08419380477244,274.08419380477244,299.2382843527016,0.007049668580293655,0.007049668580293655,none,30.0,40,3,monophasic
Burst_autosave_20260717_150503_708ms,Flex. carpi rad. (R),R_The_ED_FD_FCR D,10,300.2382843527016,308.2382843527016,332.5980937252714,0.01846341695636511,0.01846341695636511,none,30.0,40,3,monophasic
Burst_autosave_20260717_150503_708ms,Flex. carpi rad. (R),R_The_ED_FD_FCR D,1,0.0,8.0,32.35980937256977,0.7506217956542969,0.7506217956542969,none,30.0,45,3,monophasic
Burst_autosave_20260717_150503_708ms,Flex. carpi rad. (R),R_The_ED_FD_FCR D,2,33.35980937256977,41.35980937256977,65.71961874513954,0.0234988946467638,0.0234988946467638,none,30.0,45,3,monophasic
Burst_autosave_20260717_150503_708ms,Flex. carpi rad. (R),R_The_ED_FD_FCR D,3,66.71961874513954,74.71961874513954,99.07942811770931,0.01947051123715937,0.01947051123715937,none,30.0,45,3,monophasic
Burst_autosave_20260717_150503_708ms,Flex. carpi rad. (R),R_The_ED_FD_FCR D,4,100.07942811770931,108.07942811770931,132.43923749027908,0.02920576767064631,0.02920576767064631,none,30.0,45,3,monophasic
Burst_autosave_20260717_150503_708ms,Flex. carpi rad. (R),R_The_ED_FD_FCR D,5,133.43923749027908,141.43923749027908,165.79904686284885,0.015777828637510538,0.015777828637510538,none,30.0,45,3,monophasic
Burst_autosave_20260717_150503_708ms,Flex. carpi rad. (R),R_The_ED_FD_FCR D,6,166.79904686284885,174.79904686284885,199.15885623544705,0.02954146615229547,0.02954146615229547,none,30.0,45,3,monophasic
Burst_autosave_20260717_150503_708ms,Flex. carpi rad. (R),R_The_ED_FD_FCR D,7,200.15885623544705,208.15885623544705,232.51866560801682,0.04296940704807639,0.04296940704807639,none,30.0,45,3,monophasic
Burst_autosave_20260717_150503_708ms,Flex. carpi rad. (R),R_The_ED_FD_FCR D,8,233.51866560801682,241.51866560801682,265.08419380477244,0.017792019061744213,0.017792019061744213,none,30.0,45,3,monophasic
Burst_autosave_20260717_150503_708ms,Flex. carpi rad. (R),R_The_ED_FD_FCR D,9,266.08419380477244,274.08419380477244,299.2382843527016,0.7744564116001129,0.7744564116001129,none,30.0,45,3,monophasic
Burst_autosave_20260717_150503_708ms,Flex. carpi rad. (R),R_The_ED_FD_FCR D,10,300.2382843527016,308.2382843527016,332.5980937252714,0.017120623029768467,0.017120623029768467,none,30.0,45,3,monophasic
Burst_autosave_20260717_150503_708ms,Flex. carpi rad. (R),R_The_ED_FD_FCR D,1,0.0,8.0,32.35980937256977,0.8238040506839752,0.8238040506839752,none,30.0,50,3,monophasic
Burst_autosave_20260717_150503_708ms,Flex. carpi rad. (R),R_The_ED_FD_FCR D,2,33.35980937256977,41.35980937256977,65.71961874513954,0.8039978444576263,0.8039978444576263,none,30.0,50,3,monophasic
Burst_autosave_20260717_150503_708ms,Flex. carpi rad. (R),R_The_ED_FD_FCR D,3,66.71961874513954,74.71961874513954,99.07942811770931,0.7472648322582245,0.7472648322582245,none,30.0,50,3,monophasic
Burst_autosave_20260717_150503_708ms,Flex. carpi rad. (R),R_The_ED_FD_FCR D,4,100.07942811770931,108.07942811770931,132.43923749027908,0.7794918715953827,0.7794918715953827,none,30.0,50,3,monophasic
Burst_autosave_20260717_150503_708ms,Flex. carpi rad. (R),R_The_ED_FD_FCR D,5,133.43923749027908,141.43923749027908,165.79904686284885,0.82716104388237,0.82716104388237,none,30.0,50,3,monophasic
Burst_autosave_20260717_150503_708ms,Flex. carpi rad. (R),R_The_ED_FD_FCR D,6,166.79904686284885,174.79904686284885,199.15885623544705,0.7593499720096588,0.7593499720096588,none,30.0,50,3,monophasic
Burst_autosave_20260717_150503_708ms,Flex. carpi rad. (R),R_The_ED_FD_FCR D,7,200.15885623544705,208.15885623544705,232.51866560801682,0.6579690277576447,0.6579690277576447,none,30.0,50,3,monophasic
Burst_autosave_20260717_150503_708ms,Flex. carpi rad. (R),R_The_ED_FD_FCR D,8,233.51866560801682,241.51866560801682,265.08419380477244,0.8107118308544159,0.8107118308544159,none,30.0,50,3,monophasic
Burst_autosave_20260717_150503_708ms,Flex. carpi rad. (R),R_The_ED_FD_FCR D,9,266.08419380477244,274.08419380477244,299.2382843527016,0.6675364375114441,0.6675364375114441,none,30.0,50,3,monophasic
Burst_autosave_20260717_150503_708ms,Flex. carpi rad. (R),R_The_ED_FD_FCR D,10,300.2382843527016,308.2382843527016,332.5980937252714,0.7153734564781189,0.7153734564781189,none,30.0,50,3,monophasic
Burst_autosave_20260717_150503_708ms,Flex. carpi rad. (R),R_The_ED_FD_FCR D,1,0.0,8.0,32.35980937256977,0.8422674834728241,0.8422674834728241,none,30.0,55,3,monophasic
Burst_autosave_20260717_150503_708ms,Flex. carpi rad. (R),R_The_ED_FD_FCR D,2,33.35980937256977,41.35980937256977,65.71961874513954,0.8155794441699982,0.8155794441699982,none,30.0,55,3,monophasic
Burst_autosave_20260717_150503_708ms,Flex. carpi rad. (R),R_The_ED_FD_FCR D,3,66.71961874513954,74.71961874513954,99.07942811770931,0.8266575038433075,0.8266575038433075,none,30.0,55,3,monophasic
Burst_autosave_20260717_150503_708ms,Flex. carpi rad. (R),R_The_ED_FD_FCR D,4,100.07942811770931,108.07942811770931,132.43923749027908,0.8285038471221924,0.8285038471221924,none,30.0,55,3,monophasic
Burst_autosave_20260717_150503_708ms,Flex. carpi rad. (R),R_The_ED_FD_FCR D,5,133.43923749027908,141.43923749027908,165.79904686284885,0.7237659394741058,0.7237659394741058,none,30.0,55,3,monophasic
Burst_autosave_20260717_150503_708ms,Flex. carpi rad. (R),R_The_ED_FD_FCR D,6,166.79904686284885,174.79904686284885,199.15885623544705,0.8073548376560211,0.8073548376560211,none,30.0,55,3,monophasic
Burst_autosave_20260717_150503_708ms,Flex. carpi rad. (R),R_The_ED_FD_FCR D,7,200.15885623544705,208.15885623544705,232.51866560801682,0.7680781185626984,0.7680781185626984,none,30.0,55,3,monophasic
Burst_autosave_20260717_150503_708ms,Flex. carpi rad. (R),R_The_ED_FD_FCR D,8,233.51866560801682,241.51866560801682,265.08419380477244,0.7415579557418823,0.7415579557418823,none,30.0,55,3,monophasic
Burst_autosave_20260717_150503_708ms,Flex. carpi rad. (R),R_The_ED_FD_FCR D,9,266.08419380477244,274.08419380477244,299.2382843527016,0.7670710384845734,0.7670710384845734,none,30.0,55,3,monophasic
Burst_autosave_20260717_150503_708ms,Flex. carpi rad. (R),R_The_ED_FD_FCR D,10,300.2382843527016,308.2382843527016,332.5980937252714,0.8271610736846924,0.8271610736846924,none,30.0,55,3,monophasic
