source_file,muscle,channel,pulse,pulse_t_ms,win_start_ms,win_stop_ms,p2p,p2p_norm_pct,norm_mode,freq_hz,amp_ma,electrode,mode
Burst_autosave_20260716_142311_232ms,Biceps (L),L_BB,1,0.0,8.0,32.35980937251604,,,none,30.0,10,2,monophasic
Burst_autosave_20260716_142311_232ms,Biceps (L),L_BB,2,33.35980937251604,41.35980937251604,65.71961874503162,,,none,30.0,10,2,monophasic
Burst_autosave_20260716_142311_232ms,Biceps (L),L_BB,3,66.71961874503162,74.71961874503162,99.07942811754766,,,none,30.0,10,2,monophasic
Burst_autosave_20260716_142311_232ms,Biceps (L),L_BB,4,100.07942811754766,108.07942811754766,132.4392374900637,,,none,30.0,10,2,monophasic
Burst_autosave_20260716_142311_232ms,Biceps (L),L_BB,5,133.4392374900637,141.4392374900637,165.7990468625793,,,none,30.0,10,2,monophasic
Burst_autosave_20260716_142311_232ms,Biceps (L),L_BB,6,166.7990468625793,174.7990468625793,199.15885623509533,,,none,30.0,10,2,monophasic
Burst_autosave_20260716_142311_232ms,Biceps (L),L_BB,7,200.15885623509533,208.15885623509533,231.72438443207653,,,none,30.0,10,2,monophasic
Burst_autosave_20260716_142311_232ms,Biceps (L),L_BB,8,232.72438443207653,240.72438443207653,265.87847498012695,,,none,30.0,10,2,monophasic
Burst_autosave_20260716_142311_232ms,Biceps (L),L_BB,9,266.87847498012695,274.87847498012695,298.4440031771082,,,none,30.0,10,2,monophasic
Burst_autosave_20260716_142311_232ms,Biceps (L),L_BB,10,299.4440031771082,307.4440031771082,332.5980937251879,,,none,30.0,10,2,monophasic
Burst_autosave_20260716_142311_232ms,Biceps (L),L_BB,1,0.0,8.0,32.35980937251604,,,none,30.0,15,2,monophasic
Burst_autosave_20260716_142311_232ms,Biceps (L),L_BB,2,33.35980937251604,41.35980937251604,65.71961874503162,,,none,30.0,15,2,monophasic
Burst_autosave_20260716_142311_232ms,Biceps (L),L_BB,3,66.71961874503162,74.71961874503162,99.07942811754766,,,none,30.0,15,2,monophasic
Burst_autosave_20260716_142311_232ms,Biceps (L),L_BB,4,100.07942811754766,108.07942811754766,132.4392374900637,,,none,30.0,15,2,monophasic
Burst_autosave_20260716_142311_232ms,Biceps (L),L_BB,5,133.4392374900637,141.4392374900637,165.7990468625793,,,none,30.0,15,2,monophasic
Burst_autosave_20260716_142311_232ms,Biceps (L),L_BB,6,166.7990468625793,174.7990468625793,199.15885623509533,,,none,30.0,15,2,monophasic
Burst_autosave_20260716_142311_232ms,Biceps (L),L_BB,7,200.15885623509533,208.15885623509533,231.72438443207653,,,none,30.0,15,2,monophasic
Burst_autosave_20260716_142311_232ms,Biceps (L),L_BB,8,232.72438443207653,240.72438443207653,265.87847498012695,,,none,30.0,15,2,monophasic
Burst_autosave_20260716_142311_232ms,Biceps (L),L_BB,9,266.87847498012695,274.87847498012695,298.4440031771082,,,none,30.0,15,2,monophasic
Burst_autosave_20260716_142311_232ms,Biceps (L),L_BB,10,299.4440031771082,307.4440031771082,332.5980937251879,,,none,30.0,15,2,monophasic
Burst_autosave_20260716_142311_232ms,Biceps (L),L_BB,1,0.0,8.0,32.35980937251604,,,none,30.0,20,2,monophasic
Burst_autosave_20260716_142311_232ms,Biceps (L),L_BB,2,33.35980937251604,41.35980937251604,65.71961874503162,,,none,30.0,20,2,monophasic
Burst_autosave_20260716_142311_232ms,Biceps (L),L_BB,3,66.71961874503162,74.71961874503162,99.07942811754766,,,none,30.0,20,2,monophasic
Burst_autosave_20260716_142311_232ms,Biceps (L),L_BB,4,100.07942811754766,108.07942811754766,132.4392374900637,,,none,30.0,20,2,monophasic
Burst_autosave_20260716_142311_232ms,Biceps (L),L_BB,5,133.4392374900637,141.4392374900637,165.7990468625793,,,none,30.0,20,2,monophasic
Burst_autosave_20260716_142311_232ms,Biceps (L),L_BB,6,166.7990468625793,174.7990468625793,199.15885623509533,,,none,30.0,20,2,monophasic
Burst_autosave_20260716_142311_232ms,Biceps (L),L_BB,7,200.15885623509533,208.15885623509533,231.72438443207653,,,none,30.0,20,2,monophasic
Burst_autosave_20260716_142311_232ms,Biceps (L),L_BB,8,232.72438443207653,240.72438443207653,265.87847498012695,,,none,30.0,20,2,monophasic
Burst_autosave_20260716_142311_232ms,Biceps (L),L_BB,9,266.87847498012695,274.87847498012695,298.4440031771082,,,none,30.0,20,2,monophasic
Burst_autosave_20260716_142311_232ms,Biceps (L),L_BB,10,299.4440031771082,307.4440031771082,332.5980937251879,,,none,30.0,20,2,monophasic
Burst_autosave_20260716_142311_232ms,Biceps (L),L_BB,1,0.0,8.0,32.35980937251604,,,none,30.0,25,2,monophasic
Burst_autosave_20260716_142311_232ms,Biceps (L),L_BB,2,33.35980937251604,41.35980937251604,65.71961874503162,,,none,30.0,25,2,monophasic
Burst_autosave_20260716_142311_232ms,Biceps (L),L_BB,3,66.71961874503162,74.71961874503162,99.07942811754766,,,none,30.0,25,2,monophasic
Burst_autosave_20260716_142311_232ms,Biceps (L),L_BB,4,100.07942811754766,108.07942811754766,132.4392374900637,,,none,30.0,25,2,monophasic
Burst_autosave_20260716_142311_232ms,Biceps (L),L_BB,5,133.4392374900637,141.4392374900637,165.7990468625793,,,none,30.0,25,2,monophasic
Burst_autosave_20260716_142311_232ms,Biceps (L),L_BB,6,166.7990468625793,174.7990468625793,199.15885623509533,,,none,30.0,25,2,monophasic
Burst_autosave_20260716_142311_232ms,Biceps (L),L_BB,7,200.15885623509533,208.15885623509533,231.72438443207653,,,none,30.0,25,2,monophasic
Burst_autosave_20260716_142311_232ms,Biceps (L),L_BB,8,232.72438443207653,240.72438443207653,265.87847498012695,,,none,30.0,25,2,monophasic
Burst_autosave_20260716_142311_232ms,Biceps (L),L_BB,9,266.87847498012695,274.87847498012695,298.4440031771082,,,none,30.0,25,2,monophasic
Burst_autosave_20260716_142311_232ms,Biceps (L),L_BB,10,299.4440031771082,307.4440031771082,332.5980937251879,,,none,30.0,25,2,monophasic
Burst_autosave_20260716_142311_232ms,Biceps (L),L_BB,1,0.0,8.0,32.35980937251604,,,none,30.0,30,2,monophasic
Burst_autosave_20260716_142311_232ms,Biceps (L),L_BB,2,33.35980937251604,41.35980937251604,65.71961874503162,,,none,30.0,30,2,monophasic
Burst_autosave_20260716_142311_232ms,Biceps (L),L_BB,3,66.71961874503162,74.71961874503162,99.07942811754766,,,none,30.0,30,2,monophasic
Burst_autosave_20260716_142311_232ms,Biceps (L),L_BB,4,100.07942811754766,108.07942811754766,132.4392374900637,,,none,30.0,30,2,monophasic
Burst_autosave_20260716_142311_232ms,Biceps (L),L_BB,5,133.4392374900637,141.4392374900637,165.7990468625793,,,none,30.0,30,2,monophasic
Burst_autosave_20260716_142311_232ms,Biceps (L),L_BB,6,166.7990468625793,174.7990468625793,199.15885623509533,,,none,30.0,30,2,monophasic
Burst_autosave_20260716_142311_232ms,Biceps (L),L_BB,7,200.15885623509533,208.15885623509533,231.72438443207653,,,none,30.0,30,2,monophasic
Burst_autosave_20260716_142311_232ms,Biceps (L),L_BB,8,232.72438443207653,240.72438443207653,265.87847498012695,,,none,30.0,30,2,monophasic
Burst_autosave_20260716_142311_232ms,Biceps (L),L_BB,9,266.87847498012695,274.87847498012695,298.4440031771082,,,none,30.0,30,2,monophasic
Burst_autosave_20260716_142311_232ms,Biceps (L),L_BB,10,299.4440031771082,307.4440031771082,332.5980937251879,,,none,30.0,30,2,monophasic
Burst_autosave_20260716_142311_232ms,Biceps (L),L_BB,1,0.0,8.0,32.35980937251604,0.01879911497235298,0.01879911497235298,none,30.0,35,2,monophasic
Burst_autosave_20260716_142311_232ms,Biceps (L),L_BB,2,33.35980937251604,41.35980937251604,65.71961874503162,0.012924391776321974,0.012924391776321974,none,30.0,35,2,monophasic
Burst_autosave_20260716_142311_232ms,Biceps (L),L_BB,3,66.71961874503162,74.71961874503162,99.07942811754766,0.009063859237357214,0.009063859237357214,none,30.0,35,2,monophasic
Burst_autosave_20260716_142311_232ms,Biceps (L),L_BB,4,100.07942811754766,108.07942811754766,132.4392374900637,0.01477073365822438,0.01477073365822438,none,30.0,35,2,monophasic
Burst_autosave_20260716_142311_232ms,Biceps (L),L_BB,5,133.4392374900637,141.4392374900637,165.7990468625793,0.011749446624889925,0.011749446624889925,none,30.0,35,2,monophasic
Burst_autosave_20260716_142311_232ms,Biceps (L),L_BB,6,166.7990468625793,174.7990468625793,199.15885623509533,0.010070954682305455,0.010070954682305455,none,30.0,35,2,monophasic
Burst_autosave_20260716_142311_232ms,Biceps (L),L_BB,7,200.15885623509533,208.15885623509533,231.72438443207653,0.008392462274047427,0.008392462274047427,none,30.0,35,2,monophasic
Burst_autosave_20260716_142311_232ms,Biceps (L),L_BB,8,232.72438443207653,240.72438443207653,265.87847498012695,0.015609979163849173,0.015609979163849173,none,30.0,35,2,monophasic
Burst_autosave_20260716_142311_232ms,Biceps (L),L_BB,9,266.87847498012695,274.87847498012695,298.4440031771082,0.019134813453832167,0.019134813453832167,none,30.0,35,2,monophasic
Burst_autosave_20260716_142311_232ms,Biceps (L),L_BB,10,299.4440031771082,307.4440031771082,332.5980937251879,0.014770733192465382,0.014770733192465382,none,30.0,35,2,monophasic
Burst_autosave_20260716_142311_232ms,Biceps (L),L_BB,1,0.0,8.0,32.35980937251604,,,none,30.0,40,2,monophasic
Burst_autosave_20260716_142311_232ms,Biceps (L),L_BB,2,33.35980937251604,41.35980937251604,65.71961874503162,,,none,30.0,40,2,monophasic
Burst_autosave_20260716_142311_232ms,Biceps (L),L_BB,3,66.71961874503162,74.71961874503162,99.07942811754766,,,none,30.0,40,2,monophasic
Burst_autosave_20260716_142311_232ms,Biceps (L),L_BB,4,100.07942811754766,108.07942811754766,132.4392374900637,,,none,30.0,40,2,monophasic
Burst_autosave_20260716_142311_232ms,Biceps (L),L_BB,5,133.4392374900637,141.4392374900637,165.7990468625793,,,none,30.0,40,2,monophasic
Burst_autosave_20260716_142311_232ms,Biceps (L),L_BB,6,166.7990468625793,174.7990468625793,199.15885623509533,,,none,30.0,40,2,monophasic
Burst_autosave_20260716_142311_232ms,Biceps (L),L_BB,7,200.15885623509533,208.15885623509533,231.72438443207653,,,none,30.0,40,2,monophasic
Burst_autosave_20260716_142311_232ms,Biceps (L),L_BB,8,232.72438443207653,240.72438443207653,265.87847498012695,,,none,30.0,40,2,monophasic
Burst_autosave_20260716_142311_232ms,Biceps (L),L_BB,9,266.87847498012695,274.87847498012695,298.4440031771082,,,none,30.0,40,2,monophasic
Burst_autosave_20260716_142311_232ms,Biceps (L),L_BB,10,299.4440031771082,307.4440031771082,332.5980937251879,,,none,30.0,40,2,monophasic
Burst_autosave_20260716_142311_232ms,Triceps long (L),L_TBlg,1,0.0,8.0,32.35980937251604,,,none,30.0,10,2,monophasic
Burst_autosave_20260716_142311_232ms,Triceps long (L),L_TBlg,2,33.35980937251604,41.35980937251604,65.71961874503162,,,none,30.0,10,2,monophasic
Burst_autosave_20260716_142311_232ms,Triceps long (L),L_TBlg,3,66.71961874503162,74.71961874503162,99.07942811754766,,,none,30.0,10,2,monophasic
Burst_autosave_20260716_142311_232ms,Triceps long (L),L_TBlg,4,100.07942811754766,108.07942811754766,132.4392374900637,,,none,30.0,10,2,monophasic
Burst_autosave_20260716_142311_232ms,Triceps long (L),L_TBlg,5,133.4392374900637,141.4392374900637,165.7990468625793,,,none,30.0,10,2,monophasic
Burst_autosave_20260716_142311_232ms,Triceps long (L),L_TBlg,6,166.7990468625793,174.7990468625793,199.15885623509533,,,none,30.0,10,2,monophasic
Burst_autosave_20260716_142311_232ms,Triceps long (L),L_TBlg,7,200.15885623509533,208.15885623509533,231.72438443207653,,,none,30.0,10,2,monophasic
Burst_autosave_20260716_142311_232ms,Triceps long (L),L_TBlg,8,232.72438443207653,240.72438443207653,265.87847498012695,,,none,30.0,10,2,monophasic
Burst_autosave_20260716_142311_232ms,Triceps long (L),L_TBlg,9,266.87847498012695,274.87847498012695,298.4440031771082,,,none,30.0,10,2,monophasic
Burst_autosave_20260716_142311_232ms,Triceps long (L),L_TBlg,10,299.4440031771082,307.4440031771082,332.5980937251879,,,none,30.0,10,2,monophasic
Burst_autosave_20260716_142311_232ms,Triceps long (L),L_TBlg,1,0.0,8.0,32.35980937251604,,,none,30.0,15,2,monophasic
Burst_autosave_20260716_142311_232ms,Triceps long (L),L_TBlg,2,33.35980937251604,41.35980937251604,65.71961874503162,,,none,30.0,15,2,monophasic
Burst_autosave_20260716_142311_232ms,Triceps long (L),L_TBlg,3,66.71961874503162,74.71961874503162,99.07942811754766,,,none,30.0,15,2,monophasic
Burst_autosave_20260716_142311_232ms,Triceps long (L),L_TBlg,4,100.07942811754766,108.07942811754766,132.4392374900637,,,none,30.0,15,2,monophasic
Burst_autosave_20260716_142311_232ms,Triceps long (L),L_TBlg,5,133.4392374900637,141.4392374900637,165.7990468625793,,,none,30.0,15,2,monophasic
Burst_autosave_20260716_142311_232ms,Triceps long (L),L_TBlg,6,166.7990468625793,174.7990468625793,199.15885623509533,,,none,30.0,15,2,monophasic
Burst_autosave_20260716_142311_232ms,Triceps long (L),L_TBlg,7,200.15885623509533,208.15885623509533,231.72438443207653,,,none,30.0,15,2,monophasic
Burst_autosave_20260716_142311_232ms,Triceps long (L),L_TBlg,8,232.72438443207653,240.72438443207653,265.87847498012695,,,none,30.0,15,2,monophasic
Burst_autosave_20260716_142311_232ms,Triceps long (L),L_TBlg,9,266.87847498012695,274.87847498012695,298.4440031771082,,,none,30.0,15,2,monophasic
Burst_autosave_20260716_142311_232ms,Triceps long (L),L_TBlg,10,299.4440031771082,307.4440031771082,332.5980937251879,,,none,30.0,15,2,monophasic
Burst_autosave_20260716_142311_232ms,Triceps long (L),L_TBlg,1,0.0,8.0,32.35980937251604,,,none,30.0,20,2,monophasic
Burst_autosave_20260716_142311_232ms,Triceps long (L),L_TBlg,2,33.35980937251604,41.35980937251604,65.71961874503162,,,none,30.0,20,2,monophasic
Burst_autosave_20260716_142311_232ms,Triceps long (L),L_TBlg,3,66.71961874503162,74.71961874503162,99.07942811754766,,,none,30.0,20,2,monophasic
Burst_autosave_20260716_142311_232ms,Triceps long (L),L_TBlg,4,100.07942811754766,108.07942811754766,132.4392374900637,,,none,30.0,20,2,monophasic
Burst_autosave_20260716_142311_232ms,Triceps long (L),L_TBlg,5,133.4392374900637,141.4392374900637,165.7990468625793,,,none,30.0,20,2,monophasic
Burst_autosave_20260716_142311_232ms,Triceps long (L),L_TBlg,6,166.7990468625793,174.7990468625793,199.15885623509533,,,none,30.0,20,2,monophasic
Burst_autosave_20260716_142311_232ms,Triceps long (L),L_TBlg,7,200.15885623509533,208.15885623509533,231.72438443207653,,,none,30.0,20,2,monophasic
Burst_autosave_20260716_142311_232ms,Triceps long (L),L_TBlg,8,232.72438443207653,240.72438443207653,265.87847498012695,,,none,30.0,20,2,monophasic
Burst_autosave_20260716_142311_232ms,Triceps long (L),L_TBlg,9,266.87847498012695,274.87847498012695,298.4440031771082,,,none,30.0,20,2,monophasic
Burst_autosave_20260716_142311_232ms,Triceps long (L),L_TBlg,10,299.4440031771082,307.4440031771082,332.5980937251879,,,none,30.0,20,2,monophasic
Burst_autosave_20260716_142311_232ms,Triceps long (L),L_TBlg,1,0.0,8.0,32.35980937251604,0.01812771800905466,0.01812771800905466,none,30.0,25,2,monophasic
Burst_autosave_20260716_142311_232ms,Triceps long (L),L_TBlg,2,33.35980937251604,41.35980937251604,65.71961874503162,0.013092240784317227,0.013092240784317227,none,30.0,25,2,monophasic
Burst_autosave_20260716_142311_232ms,Triceps long (L),L_TBlg,3,66.71961874503162,74.71961874503162,99.07942811754766,0.018127718009054626,0.018127718009054626,none,30.0,25,2,monophasic
Burst_autosave_20260716_142311_232ms,Triceps long (L),L_TBlg,4,100.07942811754766,108.07942811754766,132.4392374900637,0.010406653396785292,0.010406653396785292,none,30.0,25,2,monophasic
Burst_autosave_20260716_142311_232ms,Triceps long (L),L_TBlg,5,133.4392374900637,141.4392374900637,165.7990468625793,0.015609980095177861,0.015609980095177861,none,30.0,25,2,monophasic
Burst_autosave_20260716_142311_232ms,Triceps long (L),L_TBlg,6,166.7990468625793,174.7990468625793,199.15885623509533,0.012924391776279992,0.012924391776279992,none,30.0,25,2,monophasic
Burst_autosave_20260716_142311_232ms,Triceps long (L),L_TBlg,7,200.15885623509533,208.15885623509533,231.72438443207653,0.021820401772734713,0.021820401772734713,none,30.0,25,2,monophasic
Burst_autosave_20260716_142311_232ms,Triceps long (L),L_TBlg,8,232.72438443207653,240.72438443207653,265.87847498012695,0.013931487221246337,0.013931487221246337,none,30.0,25,2,monophasic
Burst_autosave_20260716_142311_232ms,Triceps long (L),L_TBlg,9,266.87847498012695,274.87847498012695,298.4440031771082,0.01745632104567031,0.01745632104567031,none,30.0,25,2,monophasic
Burst_autosave_20260716_142311_232ms,Triceps long (L),L_TBlg,10,299.4440031771082,307.4440031771082,332.5980937251879,0.018295567948347278,0.018295567948347278,none,30.0,25,2,monophasic
Burst_autosave_20260716_142311_232ms,Triceps long (L),L_TBlg,1,0.0,8.0,32.35980937251604,,,none,30.0,30,2,monophasic
Burst_autosave_20260716_142311_232ms,Triceps long (L),L_TBlg,2,33.35980937251604,41.35980937251604,65.71961874503162,,,none,30.0,30,2,monophasic
Burst_autosave_20260716_142311_232ms,Triceps long (L),L_TBlg,3,66.71961874503162,74.71961874503162,99.07942811754766,,,none,30.0,30,2,monophasic
Burst_autosave_20260716_142311_232ms,Triceps long (L),L_TBlg,4,100.07942811754766,108.07942811754766,132.4392374900637,,,none,30.0,30,2,monophasic
Burst_autosave_20260716_142311_232ms,Triceps long (L),L_TBlg,5,133.4392374900637,141.4392374900637,165.7990468625793,,,none,30.0,30,2,monophasic
Burst_autosave_20260716_142311_232ms,Triceps long (L),L_TBlg,6,166.7990468625793,174.7990468625793,199.15885623509533,,,none,30.0,30,2,monophasic
Burst_autosave_20260716_142311_232ms,Triceps long (L),L_TBlg,7,200.15885623509533,208.15885623509533,231.72438443207653,,,none,30.0,30,2,monophasic
Burst_autosave_20260716_142311_232ms,Triceps long (L),L_TBlg,8,232.72438443207653,240.72438443207653,265.87847498012695,,,none,30.0,30,2,monophasic
Burst_autosave_20260716_142311_232ms,Triceps long (L),L_TBlg,9,266.87847498012695,274.87847498012695,298.4440031771082,,,none,30.0,30,2,monophasic
Burst_autosave_20260716_142311_232ms,Triceps long (L),L_TBlg,10,299.4440031771082,307.4440031771082,332.5980937251879,,,none,30.0,30,2,monophasic
Burst_autosave_20260716_142311_232ms,Triceps long (L),L_TBlg,1,0.0,8.0,32.35980937251604,0.021316854283213615,0.021316854283213615,none,30.0,35,2,monophasic
Burst_autosave_20260716_142311_232ms,Triceps long (L),L_TBlg,2,33.35980937251604,41.35980937251604,65.71961874503162,0.020477607846260015,0.020477607846260015,none,30.0,35,2,monophasic
Burst_autosave_20260716_142311_232ms,Triceps long (L),L_TBlg,3,66.71961874503162,74.71961874503162,99.07942811754766,0.01846341649070439,0.01846341649070439,none,30.0,35,2,monophasic
Burst_autosave_20260716_142311_232ms,Triceps long (L),L_TBlg,4,100.07942811754766,108.07942811754766,132.4392374900637,0.018127718008924598,0.018127718008924598,none,30.0,35,2,monophasic
Burst_autosave_20260716_142311_232ms,Triceps long (L),L_TBlg,5,133.4392374900637,141.4392374900637,165.7990468625793,0.0194705119355598,0.0194705119355598,none,30.0,35,2,monophasic
Burst_autosave_20260716_142311_232ms,Triceps long (L),L_TBlg,6,166.7990468625793,174.7990468625793,199.15885623509533,0.014099336229216244,0.014099336229216244,none,30.0,35,2,monophasic
Burst_autosave_20260716_142311_232ms,Triceps long (L),L_TBlg,7,200.15885623509533,208.15885623509533,231.72438443207653,0.014267185702672207,0.014267185702672207,none,30.0,35,2,monophasic
Burst_autosave_20260716_142311_232ms,Triceps long (L),L_TBlg,8,232.72438443207653,240.72438443207653,265.87847498012695,0.012588693294506953,0.012588693294506953,none,30.0,35,2,monophasic
Burst_autosave_20260716_142311_232ms,Triceps long (L),L_TBlg,9,266.87847498012695,274.87847498012695,298.4440031771082,0.01426718616855878,0.01426718616855878,none,30.0,35,2,monophasic
Burst_autosave_20260716_142311_232ms,Triceps long (L),L_TBlg,10,299.4440031771082,307.4440031771082,332.5980937251879,0.016784924548051416,0.016784924548051416,none,30.0,35,2,monophasic
Burst_autosave_20260716_142311_232ms,Triceps long (L),L_TBlg,1,0.0,8.0,32.35980937251604,0.02165255229920149,0.02165255229920149,none,30.0,40,2,monophasic
Burst_autosave_20260716_142311_232ms,Triceps long (L),L_TBlg,2,33.35980937251604,41.35980937251604,65.71961874503162,0.019806209951636882,0.019806209951636882,none,30.0,40,2,monophasic
Burst_autosave_20260716_142311_232ms,Triceps long (L),L_TBlg,3,66.71961874503162,74.71961874503162,99.07942811754766,0.015945678111164246,0.015945678111164246,none,30.0,40,2,monophasic
Burst_autosave_20260716_142311_232ms,Triceps long (L),L_TBlg,4,100.07942811754766,108.07942811754766,132.4392374900637,0.01695277309034051,0.01695277309034051,none,30.0,40,2,monophasic
Burst_autosave_20260716_142311_232ms,Triceps long (L),L_TBlg,5,133.4392374900637,141.4392374900637,165.7990468625793,0.013260090257929787,0.013260090257929787,none,30.0,40,2,monophasic
Burst_autosave_20260716_142311_232ms,Triceps long (L),L_TBlg,6,166.7990468625793,174.7990468625793,199.15885623509533,0.016617075074424472,0.016617075074424472,none,30.0,40,2,monophasic
Burst_autosave_20260716_142311_232ms,Triceps long (L),L_TBlg,7,200.15885623509533,208.15885623509533,231.72438443207653,0.01779201952733224,0.01779201952733224,none,30.0,40,2,monophasic
Burst_autosave_20260716_142311_232ms,Triceps long (L),L_TBlg,8,232.72438443207653,240.72438443207653,265.87847498012695,0.02735942695297778,0.02735942695297778,none,30.0,40,2,monophasic
Burst_autosave_20260716_142311_232ms,Triceps long (L),L_TBlg,9,266.87847498012695,274.87847498012695,298.4440031771082,0.019806210417245704,0.019806210417245704,none,30.0,40,2,monophasic
Burst_autosave_20260716_142311_232ms,Triceps long (L),L_TBlg,10,299.4440031771082,307.4440031771082,332.5980937251879,0.023163195699453434,0.023163195699453434,none,30.0,40,2,monophasic
Burst_autosave_20260716_142311_232ms,Thenar (L),L_The_ED_FD_FCR A,1,0.0,8.0,32.35980937251604,,,none,30.0,10,2,monophasic
Burst_autosave_20260716_142311_232ms,Thenar (L),L_The_ED_FD_FCR A,2,33.35980937251604,41.35980937251604,65.71961874503162,,,none,30.0,10,2,monophasic
Burst_autosave_20260716_142311_232ms,Thenar (L),L_The_ED_FD_FCR A,3,66.71961874503162,74.71961874503162,99.07942811754766,,,none,30.0,10,2,monophasic
Burst_autosave_20260716_142311_232ms,Thenar (L),L_The_ED_FD_FCR A,4,100.07942811754766,108.07942811754766,132.4392374900637,,,none,30.0,10,2,monophasic
Burst_autosave_20260716_142311_232ms,Thenar (L),L_The_ED_FD_FCR A,5,133.4392374900637,141.4392374900637,165.7990468625793,,,none,30.0,10,2,monophasic
Burst_autosave_20260716_142311_232ms,Thenar (L),L_The_ED_FD_FCR A,6,166.7990468625793,174.7990468625793,199.15885623509533,,,none,30.0,10,2,monophasic
Burst_autosave_20260716_142311_232ms,Thenar (L),L_The_ED_FD_FCR A,7,200.15885623509533,208.15885623509533,231.72438443207653,,,none,30.0,10,2,monophasic
Burst_autosave_20260716_142311_232ms,Thenar (L),L_The_ED_FD_FCR A,8,232.72438443207653,240.72438443207653,265.87847498012695,,,none,30.0,10,2,monophasic
Burst_autosave_20260716_142311_232ms,Thenar (L),L_The_ED_FD_FCR A,9,266.87847498012695,274.87847498012695,298.4440031771082,,,none,30.0,10,2,monophasic
Burst_autosave_20260716_142311_232ms,Thenar (L),L_The_ED_FD_FCR A,10,299.4440031771082,307.4440031771082,332.5980937251879,,,none,30.0,10,2,monophasic
Burst_autosave_20260716_142311_232ms,Thenar (L),L_The_ED_FD_FCR A,1,0.0,8.0,32.35980937251604,,,none,30.0,15,2,monophasic
Burst_autosave_20260716_142311_232ms,Thenar (L),L_The_ED_FD_FCR A,2,33.35980937251604,41.35980937251604,65.71961874503162,,,none,30.0,15,2,monophasic
Burst_autosave_20260716_142311_232ms,Thenar (L),L_The_ED_FD_FCR A,3,66.71961874503162,74.71961874503162,99.07942811754766,,,none,30.0,15,2,monophasic
Burst_autosave_20260716_142311_232ms,Thenar (L),L_The_ED_FD_FCR A,4,100.07942811754766,108.07942811754766,132.4392374900637,,,none,30.0,15,2,monophasic
Burst_autosave_20260716_142311_232ms,Thenar (L),L_The_ED_FD_FCR A,5,133.4392374900637,141.4392374900637,165.7990468625793,,,none,30.0,15,2,monophasic
Burst_autosave_20260716_142311_232ms,Thenar (L),L_The_ED_FD_FCR A,6,166.7990468625793,174.7990468625793,199.15885623509533,,,none,30.0,15,2,monophasic
Burst_autosave_20260716_142311_232ms,Thenar (L),L_The_ED_FD_FCR A,7,200.15885623509533,208.15885623509533,231.72438443207653,,,none,30.0,15,2,monophasic
Burst_autosave_20260716_142311_232ms,Thenar (L),L_The_ED_FD_FCR A,8,232.72438443207653,240.72438443207653,265.87847498012695,,,none,30.0,15,2,monophasic
Burst_autosave_20260716_142311_232ms,Thenar (L),L_The_ED_FD_FCR A,9,266.87847498012695,274.87847498012695,298.4440031771082,,,none,30.0,15,2,monophasic
Burst_autosave_20260716_142311_232ms,Thenar (L),L_The_ED_FD_FCR A,10,299.4440031771082,307.4440031771082,332.5980937251879,,,none,30.0,15,2,monophasic
Burst_autosave_20260716_142311_232ms,Thenar (L),L_The_ED_FD_FCR A,1,0.0,8.0,32.35980937251604,,,none,30.0,20,2,monophasic
Burst_autosave_20260716_142311_232ms,Thenar (L),L_The_ED_FD_FCR A,2,33.35980937251604,41.35980937251604,65.71961874503162,,,none,30.0,20,2,monophasic
Burst_autosave_20260716_142311_232ms,Thenar (L),L_The_ED_FD_FCR A,3,66.71961874503162,74.71961874503162,99.07942811754766,,,none,30.0,20,2,monophasic
Burst_autosave_20260716_142311_232ms,Thenar (L),L_The_ED_FD_FCR A,4,100.07942811754766,108.07942811754766,132.4392374900637,,,none,30.0,20,2,monophasic
Burst_autosave_20260716_142311_232ms,Thenar (L),L_The_ED_FD_FCR A,5,133.4392374900637,141.4392374900637,165.7990468625793,,,none,30.0,20,2,monophasic
Burst_autosave_20260716_142311_232ms,Thenar (L),L_The_ED_FD_FCR A,6,166.7990468625793,174.7990468625793,199.15885623509533,,,none,30.0,20,2,monophasic
Burst_autosave_20260716_142311_232ms,Thenar (L),L_The_ED_FD_FCR A,7,200.15885623509533,208.15885623509533,231.72438443207653,,,none,30.0,20,2,monophasic
Burst_autosave_20260716_142311_232ms,Thenar (L),L_The_ED_FD_FCR A,8,232.72438443207653,240.72438443207653,265.87847498012695,,,none,30.0,20,2,monophasic
Burst_autosave_20260716_142311_232ms,Thenar (L),L_The_ED_FD_FCR A,9,266.87847498012695,274.87847498012695,298.4440031771082,,,none,30.0,20,2,monophasic
Burst_autosave_20260716_142311_232ms,Thenar (L),L_The_ED_FD_FCR A,10,299.4440031771082,307.4440031771082,332.5980937251879,,,none,30.0,20,2,monophasic
Burst_autosave_20260716_142311_232ms,Thenar (L),L_The_ED_FD_FCR A,1,0.0,8.0,32.35980937251604,,,none,30.0,25,2,monophasic
Burst_autosave_20260716_142311_232ms,Thenar (L),L_The_ED_FD_FCR A,2,33.35980937251604,41.35980937251604,65.71961874503162,,,none,30.0,25,2,monophasic
Burst_autosave_20260716_142311_232ms,Thenar (L),L_The_ED_FD_FCR A,3,66.71961874503162,74.71961874503162,99.07942811754766,,,none,30.0,25,2,monophasic
Burst_autosave_20260716_142311_232ms,Thenar (L),L_The_ED_FD_FCR A,4,100.07942811754766,108.07942811754766,132.4392374900637,,,none,30.0,25,2,monophasic
Burst_autosave_20260716_142311_232ms,Thenar (L),L_The_ED_FD_FCR A,5,133.4392374900637,141.4392374900637,165.7990468625793,,,none,30.0,25,2,monophasic
Burst_autosave_20260716_142311_232ms,Thenar (L),L_The_ED_FD_FCR A,6,166.7990468625793,174.7990468625793,199.15885623509533,,,none,30.0,25,2,monophasic
Burst_autosave_20260716_142311_232ms,Thenar (L),L_The_ED_FD_FCR A,7,200.15885623509533,208.15885623509533,231.72438443207653,,,none,30.0,25,2,monophasic
Burst_autosave_20260716_142311_232ms,Thenar (L),L_The_ED_FD_FCR A,8,232.72438443207653,240.72438443207653,265.87847498012695,,,none,30.0,25,2,monophasic
Burst_autosave_20260716_142311_232ms,Thenar (L),L_The_ED_FD_FCR A,9,266.87847498012695,274.87847498012695,298.4440031771082,,,none,30.0,25,2,monophasic
Burst_autosave_20260716_142311_232ms,Thenar (L),L_The_ED_FD_FCR A,10,299.4440031771082,307.4440031771082,332.5980937251879,,,none,30.0,25,2,monophasic
Burst_autosave_20260716_142311_232ms,Thenar (L),L_The_ED_FD_FCR A,1,0.0,8.0,32.35980937251604,,,none,30.0,30,2,monophasic
Burst_autosave_20260716_142311_232ms,Thenar (L),L_The_ED_FD_FCR A,2,33.35980937251604,41.35980937251604,65.71961874503162,,,none,30.0,30,2,monophasic
Burst_autosave_20260716_142311_232ms,Thenar (L),L_The_ED_FD_FCR A,3,66.71961874503162,74.71961874503162,99.07942811754766,,,none,30.0,30,2,monophasic
Burst_autosave_20260716_142311_232ms,Thenar (L),L_The_ED_FD_FCR A,4,100.07942811754766,108.07942811754766,132.4392374900637,,,none,30.0,30,2,monophasic
Burst_autosave_20260716_142311_232ms,Thenar (L),L_The_ED_FD_FCR A,5,133.4392374900637,141.4392374900637,165.7990468625793,,,none,30.0,30,2,monophasic
Burst_autosave_20260716_142311_232ms,Thenar (L),L_The_ED_FD_FCR A,6,166.7990468625793,174.7990468625793,199.15885623509533,,,none,30.0,30,2,monophasic
Burst_autosave_20260716_142311_232ms,Thenar (L),L_The_ED_FD_FCR A,7,200.15885623509533,208.15885623509533,231.72438443207653,,,none,30.0,30,2,monophasic
Burst_autosave_20260716_142311_232ms,Thenar (L),L_The_ED_FD_FCR A,8,232.72438443207653,240.72438443207653,265.87847498012695,,,none,30.0,30,2,monophasic
Burst_autosave_20260716_142311_232ms,Thenar (L),L_The_ED_FD_FCR A,9,266.87847498012695,274.87847498012695,298.4440031771082,,,none,30.0,30,2,monophasic
Burst_autosave_20260716_142311_232ms,Thenar (L),L_The_ED_FD_FCR A,10,299.4440031771082,307.4440031771082,332.5980937251879,,,none,30.0,30,2,monophasic
Burst_autosave_20260716_142311_232ms,Thenar (L),L_The_ED_FD_FCR A,1,0.0,8.0,32.35980937251604,,,none,30.0,35,2,monophasic
Burst_autosave_20260716_142311_232ms,Thenar (L),L_The_ED_FD_FCR A,2,33.35980937251604,41.35980937251604,65.71961874503162,,,none,30.0,35,2,monophasic
Burst_autosave_20260716_142311_232ms,Thenar (L),L_The_ED_FD_FCR A,3,66.71961874503162,74.71961874503162,99.07942811754766,,,none,30.0,35,2,monophasic
Burst_autosave_20260716_142311_232ms,Thenar (L),L_The_ED_FD_FCR A,4,100.07942811754766,108.07942811754766,132.4392374900637,,,none,30.0,35,2,monophasic
Burst_autosave_20260716_142311_232ms,Thenar (L),L_The_ED_FD_FCR A,5,133.4392374900637,141.4392374900637,165.7990468625793,,,none,30.0,35,2,monophasic
Burst_autosave_20260716_142311_232ms,Thenar (L),L_The_ED_FD_FCR A,6,166.7990468625793,174.7990468625793,199.15885623509533,,,none,30.0,35,2,monophasic
Burst_autosave_20260716_142311_232ms,Thenar (L),L_The_ED_FD_FCR A,7,200.15885623509533,208.15885623509533,231.72438443207653,,,none,30.0,35,2,monophasic
Burst_autosave_20260716_142311_232ms,Thenar (L),L_The_ED_FD_FCR A,8,232.72438443207653,240.72438443207653,265.87847498012695,,,none,30.0,35,2,monophasic
Burst_autosave_20260716_142311_232ms,Thenar (L),L_The_ED_FD_FCR A,9,266.87847498012695,274.87847498012695,298.4440031771082,,,none,30.0,35,2,monophasic
Burst_autosave_20260716_142311_232ms,Thenar (L),L_The_ED_FD_FCR A,10,299.4440031771082,307.4440031771082,332.5980937251879,,,none,30.0,35,2,monophasic
Burst_autosave_20260716_142311_232ms,Thenar (L),L_The_ED_FD_FCR A,1,0.0,8.0,32.35980937251604,0.024002441903576255,0.024002441903576255,none,30.0,40,2,monophasic
Burst_autosave_20260716_142311_232ms,Thenar (L),L_The_ED_FD_FCR A,2,33.35980937251604,41.35980937251604,65.71961874503162,0.01644922629930071,0.01644922629930071,none,30.0,40,2,monophasic
Burst_autosave_20260716_142311_232ms,Thenar (L),L_The_ED_FD_FCR A,3,66.71961874503162,74.71961874503162,99.07942811754766,0.015106432372464753,0.015106432372464753,none,30.0,40,2,monophasic
Burst_autosave_20260716_142311_232ms,Thenar (L),L_The_ED_FD_FCR A,4,100.07942811754766,108.07942811754766,132.4392374900637,0.0030212858691811458,0.0030212858691811458,none,30.0,40,2,monophasic
Burst_autosave_20260716_142311_232ms,Thenar (L),L_The_ED_FD_FCR A,5,133.4392374900637,141.4392374900637,165.7990468625793,0.007385366130614408,0.007385366130614408,none,30.0,40,2,monophasic
Burst_autosave_20260716_142311_232ms,Thenar (L),L_The_ED_FD_FCR A,6,166.7990468625793,174.7990468625793,199.15885623509533,0.02450598985865691,0.02450598985865691,none,30.0,40,2,monophasic
Burst_autosave_20260716_142311_232ms,Thenar (L),L_The_ED_FD_FCR A,7,200.15885623509533,208.15885623509533,231.72438443207653,0.0060425722037777225,0.0060425722037777225,none,30.0,40,2,monophasic
Burst_autosave_20260716_142311_232ms,Thenar (L),L_The_ED_FD_FCR A,8,232.72438443207653,240.72438443207653,265.87847498012695,0.003524834289920946,0.003524834289920946,none,30.0,40,2,monophasic
Burst_autosave_20260716_142311_232ms,Thenar (L),L_The_ED_FD_FCR A,9,266.87847498012695,274.87847498012695,298.4440031771082,0.016449226298748783,0.016449226298748783,none,30.0,40,2,monophasic
Burst_autosave_20260716_142311_232ms,Thenar (L),L_The_ED_FD_FCR A,10,299.4440031771082,307.4440031771082,332.5980937251879,0.016449225833435294,0.016449225833435294,none,30.0,40,2,monophasic
Burst_autosave_20260716_142311_232ms,Ext. digitorum (L),L_The_ED_FD_FCR B,1,0.0,8.0,32.35980937251604,,,none,30.0,10,2,monophasic
Burst_autosave_20260716_142311_232ms,Ext. digitorum (L),L_The_ED_FD_FCR B,2,33.35980937251604,41.35980937251604,65.71961874503162,,,none,30.0,10,2,monophasic
Burst_autosave_20260716_142311_232ms,Ext. digitorum (L),L_The_ED_FD_FCR B,3,66.71961874503162,74.71961874503162,99.07942811754766,,,none,30.0,10,2,monophasic
Burst_autosave_20260716_142311_232ms,Ext. digitorum (L),L_The_ED_FD_FCR B,4,100.07942811754766,108.07942811754766,132.4392374900637,,,none,30.0,10,2,monophasic
Burst_autosave_20260716_142311_232ms,Ext. digitorum (L),L_The_ED_FD_FCR B,5,133.4392374900637,141.4392374900637,165.7990468625793,,,none,30.0,10,2,monophasic
Burst_autosave_20260716_142311_232ms,Ext. digitorum (L),L_The_ED_FD_FCR B,6,166.7990468625793,174.7990468625793,199.15885623509533,,,none,30.0,10,2,monophasic
Burst_autosave_20260716_142311_232ms,Ext. digitorum (L),L_The_ED_FD_FCR B,7,200.15885623509533,208.15885623509533,231.72438443207653,,,none,30.0,10,2,monophasic
Burst_autosave_20260716_142311_232ms,Ext. digitorum (L),L_The_ED_FD_FCR B,8,232.72438443207653,240.72438443207653,265.87847498012695,,,none,30.0,10,2,monophasic
Burst_autosave_20260716_142311_232ms,Ext. digitorum (L),L_The_ED_FD_FCR B,9,266.87847498012695,274.87847498012695,298.4440031771082,,,none,30.0,10,2,monophasic
Burst_autosave_20260716_142311_232ms,Ext. digitorum (L),L_The_ED_FD_FCR B,10,299.4440031771082,307.4440031771082,332.5980937251879,,,none,30.0,10,2,monophasic
Burst_autosave_20260716_142311_232ms,Ext. digitorum (L),L_The_ED_FD_FCR B,1,0.0,8.0,32.35980937251604,,,none,30.0,15,2,monophasic
Burst_autosave_20260716_142311_232ms,Ext. digitorum (L),L_The_ED_FD_FCR B,2,33.35980937251604,41.35980937251604,65.71961874503162,,,none,30.0,15,2,monophasic
Burst_autosave_20260716_142311_232ms,Ext. digitorum (L),L_The_ED_FD_FCR B,3,66.71961874503162,74.71961874503162,99.07942811754766,,,none,30.0,15,2,monophasic
Burst_autosave_20260716_142311_232ms,Ext. digitorum (L),L_The_ED_FD_FCR B,4,100.07942811754766,108.07942811754766,132.4392374900637,,,none,30.0,15,2,monophasic
Burst_autosave_20260716_142311_232ms,Ext. digitorum (L),L_The_ED_FD_FCR B,5,133.4392374900637,141.4392374900637,165.7990468625793,,,none,30.0,15,2,monophasic
Burst_autosave_20260716_142311_232ms,Ext. digitorum (L),L_The_ED_FD_FCR B,6,166.7990468625793,174.7990468625793,199.15885623509533,,,none,30.0,15,2,monophasic
Burst_autosave_20260716_142311_232ms,Ext. digitorum (L),L_The_ED_FD_FCR B,7,200.15885623509533,208.15885623509533,231.72438443207653,,,none,30.0,15,2,monophasic
Burst_autosave_20260716_142311_232ms,Ext. digitorum (L),L_The_ED_FD_FCR B,8,232.72438443207653,240.72438443207653,265.87847498012695,,,none,30.0,15,2,monophasic
Burst_autosave_20260716_142311_232ms,Ext. digitorum (L),L_The_ED_FD_FCR B,9,266.87847498012695,274.87847498012695,298.4440031771082,,,none,30.0,15,2,monophasic
Burst_autosave_20260716_142311_232ms,Ext. digitorum (L),L_The_ED_FD_FCR B,10,299.4440031771082,307.4440031771082,332.5980937251879,,,none,30.0,15,2,monophasic
Burst_autosave_20260716_142311_232ms,Ext. digitorum (L),L_The_ED_FD_FCR B,1,0.0,8.0,32.35980937251604,,,none,30.0,20,2,monophasic
Burst_autosave_20260716_142311_232ms,Ext. digitorum (L),L_The_ED_FD_FCR B,2,33.35980937251604,41.35980937251604,65.71961874503162,,,none,30.0,20,2,monophasic
Burst_autosave_20260716_142311_232ms,Ext. digitorum (L),L_The_ED_FD_FCR B,3,66.71961874503162,74.71961874503162,99.07942811754766,,,none,30.0,20,2,monophasic
Burst_autosave_20260716_142311_232ms,Ext. digitorum (L),L_The_ED_FD_FCR B,4,100.07942811754766,108.07942811754766,132.4392374900637,,,none,30.0,20,2,monophasic
Burst_autosave_20260716_142311_232ms,Ext. digitorum (L),L_The_ED_FD_FCR B,5,133.4392374900637,141.4392374900637,165.7990468625793,,,none,30.0,20,2,monophasic
Burst_autosave_20260716_142311_232ms,Ext. digitorum (L),L_The_ED_FD_FCR B,6,166.7990468625793,174.7990468625793,199.15885623509533,,,none,30.0,20,2,monophasic
Burst_autosave_20260716_142311_232ms,Ext. digitorum (L),L_The_ED_FD_FCR B,7,200.15885623509533,208.15885623509533,231.72438443207653,,,none,30.0,20,2,monophasic
Burst_autosave_20260716_142311_232ms,Ext. digitorum (L),L_The_ED_FD_FCR B,8,232.72438443207653,240.72438443207653,265.87847498012695,,,none,30.0,20,2,monophasic
Burst_autosave_20260716_142311_232ms,Ext. digitorum (L),L_The_ED_FD_FCR B,9,266.87847498012695,274.87847498012695,298.4440031771082,,,none,30.0,20,2,monophasic
Burst_autosave_20260716_142311_232ms,Ext. digitorum (L),L_The_ED_FD_FCR B,10,299.4440031771082,307.4440031771082,332.5980937251879,,,none,30.0,20,2,monophasic
Burst_autosave_20260716_142311_232ms,Ext. digitorum (L),L_The_ED_FD_FCR B,1,0.0,8.0,32.35980937251604,,,none,30.0,25,2,monophasic
Burst_autosave_20260716_142311_232ms,Ext. digitorum (L),L_The_ED_FD_FCR B,2,33.35980937251604,41.35980937251604,65.71961874503162,,,none,30.0,25,2,monophasic
Burst_autosave_20260716_142311_232ms,Ext. digitorum (L),L_The_ED_FD_FCR B,3,66.71961874503162,74.71961874503162,99.07942811754766,,,none,30.0,25,2,monophasic
Burst_autosave_20260716_142311_232ms,Ext. digitorum (L),L_The_ED_FD_FCR B,4,100.07942811754766,108.07942811754766,132.4392374900637,,,none,30.0,25,2,monophasic
Burst_autosave_20260716_142311_232ms,Ext. digitorum (L),L_The_ED_FD_FCR B,5,133.4392374900637,141.4392374900637,165.7990468625793,,,none,30.0,25,2,monophasic
Burst_autosave_20260716_142311_232ms,Ext. digitorum (L),L_The_ED_FD_FCR B,6,166.7990468625793,174.7990468625793,199.15885623509533,,,none,30.0,25,2,monophasic
Burst_autosave_20260716_142311_232ms,Ext. digitorum (L),L_The_ED_FD_FCR B,7,200.15885623509533,208.15885623509533,231.72438443207653,,,none,30.0,25,2,monophasic
Burst_autosave_20260716_142311_232ms,Ext. digitorum (L),L_The_ED_FD_FCR B,8,232.72438443207653,240.72438443207653,265.87847498012695,,,none,30.0,25,2,monophasic
Burst_autosave_20260716_142311_232ms,Ext. digitorum (L),L_The_ED_FD_FCR B,9,266.87847498012695,274.87847498012695,298.4440031771082,,,none,30.0,25,2,monophasic
Burst_autosave_20260716_142311_232ms,Ext. digitorum (L),L_The_ED_FD_FCR B,10,299.4440031771082,307.4440031771082,332.5980937251879,,,none,30.0,25,2,monophasic
Burst_autosave_20260716_142311_232ms,Ext. digitorum (L),L_The_ED_FD_FCR B,1,0.0,8.0,32.35980937251604,,,none,30.0,30,2,monophasic
Burst_autosave_20260716_142311_232ms,Ext. digitorum (L),L_The_ED_FD_FCR B,2,33.35980937251604,41.35980937251604,65.71961874503162,,,none,30.0,30,2,monophasic
Burst_autosave_20260716_142311_232ms,Ext. digitorum (L),L_The_ED_FD_FCR B,3,66.71961874503162,74.71961874503162,99.07942811754766,,,none,30.0,30,2,monophasic
Burst_autosave_20260716_142311_232ms,Ext. digitorum (L),L_The_ED_FD_FCR B,4,100.07942811754766,108.07942811754766,132.4392374900637,,,none,30.0,30,2,monophasic
Burst_autosave_20260716_142311_232ms,Ext. digitorum (L),L_The_ED_FD_FCR B,5,133.4392374900637,141.4392374900637,165.7990468625793,,,none,30.0,30,2,monophasic
Burst_autosave_20260716_142311_232ms,Ext. digitorum (L),L_The_ED_FD_FCR B,6,166.7990468625793,174.7990468625793,199.15885623509533,,,none,30.0,30,2,monophasic
Burst_autosave_20260716_142311_232ms,Ext. digitorum (L),L_The_ED_FD_FCR B,7,200.15885623509533,208.15885623509533,231.72438443207653,,,none,30.0,30,2,monophasic
Burst_autosave_20260716_142311_232ms,Ext. digitorum (L),L_The_ED_FD_FCR B,8,232.72438443207653,240.72438443207653,265.87847498012695,,,none,30.0,30,2,monophasic
Burst_autosave_20260716_142311_232ms,Ext. digitorum (L),L_The_ED_FD_FCR B,9,266.87847498012695,274.87847498012695,298.4440031771082,,,none,30.0,30,2,monophasic
Burst_autosave_20260716_142311_232ms,Ext. digitorum (L),L_The_ED_FD_FCR B,10,299.4440031771082,307.4440031771082,332.5980937251879,,,none,30.0,30,2,monophasic
Burst_autosave_20260716_142311_232ms,Ext. digitorum (L),L_The_ED_FD_FCR B,1,0.0,8.0,32.35980937251604,0.042298007756471634,0.042298007756471634,none,30.0,35,2,monophasic
Burst_autosave_20260716_142311_232ms,Ext. digitorum (L),L_The_ED_FD_FCR B,2,33.35980937251604,41.35980937251604,65.71961874503162,0.006713970564303848,0.006713970564303848,none,30.0,35,2,monophasic
Burst_autosave_20260716_142311_232ms,Ext. digitorum (L),L_The_ED_FD_FCR B,3,66.71961874503162,74.71961874503162,99.07942811754766,0.0409552138298723,0.0409552138298723,none,30.0,35,2,monophasic
Burst_autosave_20260716_142311_232ms,Ext. digitorum (L),L_The_ED_FD_FCR B,4,100.07942811754766,108.07942811754766,132.4392374900637,0.010742351179938955,0.010742351179938955,none,30.0,35,2,monophasic
Burst_autosave_20260716_142311_232ms,Ext. digitorum (L),L_The_ED_FD_FCR B,5,133.4392374900637,141.4392374900637,165.7990468625793,0.03356984816490822,0.03356984816490822,none,30.0,35,2,monophasic
Burst_autosave_20260716_142311_232ms,Ext. digitorum (L),L_The_ED_FD_FCR B,6,166.7990468625793,174.7990468625793,199.15885623509533,0.0443121995776879,0.0443121995776879,none,30.0,35,2,monophasic
Burst_autosave_20260716_142311_232ms,Ext. digitorum (L),L_The_ED_FD_FCR B,7,200.15885623509533,208.15885623509533,231.72438443207653,0.021988250780734762,0.021988250780734762,none,30.0,35,2,monophasic
Burst_autosave_20260716_142311_232ms,Ext. digitorum (L),L_The_ED_FD_FCR B,8,232.72438443207653,240.72438443207653,265.87847498012695,0.03340199869055865,0.03340199869055865,none,30.0,35,2,monophasic
Burst_autosave_20260716_142311_232ms,Ext. digitorum (L),L_The_ED_FD_FCR B,9,266.87847498012695,274.87847498012695,298.4440031771082,0.02920576836803561,0.02920576836803561,none,30.0,35,2,monophasic
Burst_autosave_20260716_142311_232ms,Ext. digitorum (L),L_The_ED_FD_FCR B,10,299.4440031771082,307.4440031771082,332.5980937251879,0.01074235234406987,0.01074235234406987,none,30.0,35,2,monophasic
Burst_autosave_20260716_142311_232ms,Ext. digitorum (L),L_The_ED_FD_FCR B,1,0.0,8.0,32.35980937251604,0.287357896566391,0.287357896566391,none,30.0,40,2,monophasic
Burst_autosave_20260716_142311_232ms,Ext. digitorum (L),L_The_ED_FD_FCR B,2,33.35980937251604,41.35980937251604,65.71961874503162,0.28131532669057885,0.28131532669057885,none,30.0,40,2,monophasic
Burst_autosave_20260716_142311_232ms,Ext. digitorum (L),L_The_ED_FD_FCR B,3,66.71961874503162,74.71961874503162,99.07942811754766,0.29742886126035484,0.29742886126035484,none,30.0,40,2,monophasic
Burst_autosave_20260716_142311_232ms,Ext. digitorum (L),L_The_ED_FD_FCR B,4,100.07942811754766,108.07942811754766,132.4392374900637,0.019134813221171616,0.019134813221171616,none,30.0,40,2,monophasic
Burst_autosave_20260716_142311_232ms,Ext. digitorum (L),L_The_ED_FD_FCR B,5,133.4392374900637,141.4392374900637,165.7990468625793,0.3509727567434292,0.3509727567434292,none,30.0,40,2,monophasic
Burst_autosave_20260716_142311_232ms,Ext. digitorum (L),L_The_ED_FD_FCR B,6,166.7990468625793,174.7990468625793,199.15885623509533,0.3927672207354883,0.3927672207354883,none,30.0,40,2,monophasic
Burst_autosave_20260716_142311_232ms,Ext. digitorum (L),L_The_ED_FD_FCR B,7,200.15885623509533,208.15885623509533,231.72438443207653,0.045822842046617906,0.045822842046617906,none,30.0,40,2,monophasic
Burst_autosave_20260716_142311_232ms,Ext. digitorum (L),L_The_ED_FD_FCR B,8,232.72438443207653,240.72438443207653,265.87847498012695,0.3340199887752521,0.3340199887752521,none,30.0,40,2,monophasic
Burst_autosave_20260716_142311_232ms,Ext. digitorum (L),L_The_ED_FD_FCR B,9,266.87847498012695,274.87847498012695,298.4440031771082,0.03625543694826588,0.03625543694826588,none,30.0,40,2,monophasic
Burst_autosave_20260716_142311_232ms,Ext. digitorum (L),L_The_ED_FD_FCR B,10,299.4440031771082,307.4440031771082,332.5980937251879,0.3397268652839901,0.3397268652839901,none,30.0,40,2,monophasic
Burst_autosave_20260716_142311_232ms,Flex. digitorum (L),L_The_ED_FD_FCR C,1,0.0,8.0,32.35980937251604,,,none,30.0,10,2,monophasic
Burst_autosave_20260716_142311_232ms,Flex. digitorum (L),L_The_ED_FD_FCR C,2,33.35980937251604,41.35980937251604,65.71961874503162,,,none,30.0,10,2,monophasic
Burst_autosave_20260716_142311_232ms,Flex. digitorum (L),L_The_ED_FD_FCR C,3,66.71961874503162,74.71961874503162,99.07942811754766,,,none,30.0,10,2,monophasic
Burst_autosave_20260716_142311_232ms,Flex. digitorum (L),L_The_ED_FD_FCR C,4,100.07942811754766,108.07942811754766,132.4392374900637,,,none,30.0,10,2,monophasic
Burst_autosave_20260716_142311_232ms,Flex. digitorum (L),L_The_ED_FD_FCR C,5,133.4392374900637,141.4392374900637,165.7990468625793,,,none,30.0,10,2,monophasic
Burst_autosave_20260716_142311_232ms,Flex. digitorum (L),L_The_ED_FD_FCR C,6,166.7990468625793,174.7990468625793,199.15885623509533,,,none,30.0,10,2,monophasic
Burst_autosave_20260716_142311_232ms,Flex. digitorum (L),L_The_ED_FD_FCR C,7,200.15885623509533,208.15885623509533,231.72438443207653,,,none,30.0,10,2,monophasic
Burst_autosave_20260716_142311_232ms,Flex. digitorum (L),L_The_ED_FD_FCR C,8,232.72438443207653,240.72438443207653,265.87847498012695,,,none,30.0,10,2,monophasic
Burst_autosave_20260716_142311_232ms,Flex. digitorum (L),L_The_ED_FD_FCR C,9,266.87847498012695,274.87847498012695,298.4440031771082,,,none,30.0,10,2,monophasic
Burst_autosave_20260716_142311_232ms,Flex. digitorum (L),L_The_ED_FD_FCR C,10,299.4440031771082,307.4440031771082,332.5980937251879,,,none,30.0,10,2,monophasic
Burst_autosave_20260716_142311_232ms,Flex. digitorum (L),L_The_ED_FD_FCR C,1,0.0,8.0,32.35980937251604,,,none,30.0,15,2,monophasic
Burst_autosave_20260716_142311_232ms,Flex. digitorum (L),L_The_ED_FD_FCR C,2,33.35980937251604,41.35980937251604,65.71961874503162,,,none,30.0,15,2,monophasic
Burst_autosave_20260716_142311_232ms,Flex. digitorum (L),L_The_ED_FD_FCR C,3,66.71961874503162,74.71961874503162,99.07942811754766,,,none,30.0,15,2,monophasic
Burst_autosave_20260716_142311_232ms,Flex. digitorum (L),L_The_ED_FD_FCR C,4,100.07942811754766,108.07942811754766,132.4392374900637,,,none,30.0,15,2,monophasic
Burst_autosave_20260716_142311_232ms,Flex. digitorum (L),L_The_ED_FD_FCR C,5,133.4392374900637,141.4392374900637,165.7990468625793,,,none,30.0,15,2,monophasic
Burst_autosave_20260716_142311_232ms,Flex. digitorum (L),L_The_ED_FD_FCR C,6,166.7990468625793,174.7990468625793,199.15885623509533,,,none,30.0,15,2,monophasic
Burst_autosave_20260716_142311_232ms,Flex. digitorum (L),L_The_ED_FD_FCR C,7,200.15885623509533,208.15885623509533,231.72438443207653,,,none,30.0,15,2,monophasic
Burst_autosave_20260716_142311_232ms,Flex. digitorum (L),L_The_ED_FD_FCR C,8,232.72438443207653,240.72438443207653,265.87847498012695,,,none,30.0,15,2,monophasic
Burst_autosave_20260716_142311_232ms,Flex. digitorum (L),L_The_ED_FD_FCR C,9,266.87847498012695,274.87847498012695,298.4440031771082,,,none,30.0,15,2,monophasic
Burst_autosave_20260716_142311_232ms,Flex. digitorum (L),L_The_ED_FD_FCR C,10,299.4440031771082,307.4440031771082,332.5980937251879,,,none,30.0,15,2,monophasic
Burst_autosave_20260716_142311_232ms,Flex. digitorum (L),L_The_ED_FD_FCR C,1,0.0,8.0,32.35980937251604,,,none,30.0,20,2,monophasic
Burst_autosave_20260716_142311_232ms,Flex. digitorum (L),L_The_ED_FD_FCR C,2,33.35980937251604,41.35980937251604,65.71961874503162,,,none,30.0,20,2,monophasic
Burst_autosave_20260716_142311_232ms,Flex. digitorum (L),L_The_ED_FD_FCR C,3,66.71961874503162,74.71961874503162,99.07942811754766,,,none,30.0,20,2,monophasic
Burst_autosave_20260716_142311_232ms,Flex. digitorum (L),L_The_ED_FD_FCR C,4,100.07942811754766,108.07942811754766,132.4392374900637,,,none,30.0,20,2,monophasic
Burst_autosave_20260716_142311_232ms,Flex. digitorum (L),L_The_ED_FD_FCR C,5,133.4392374900637,141.4392374900637,165.7990468625793,,,none,30.0,20,2,monophasic
Burst_autosave_20260716_142311_232ms,Flex. digitorum (L),L_The_ED_FD_FCR C,6,166.7990468625793,174.7990468625793,199.15885623509533,,,none,30.0,20,2,monophasic
Burst_autosave_20260716_142311_232ms,Flex. digitorum (L),L_The_ED_FD_FCR C,7,200.15885623509533,208.15885623509533,231.72438443207653,,,none,30.0,20,2,monophasic
Burst_autosave_20260716_142311_232ms,Flex. digitorum (L),L_The_ED_FD_FCR C,8,232.72438443207653,240.72438443207653,265.87847498012695,,,none,30.0,20,2,monophasic
Burst_autosave_20260716_142311_232ms,Flex. digitorum (L),L_The_ED_FD_FCR C,9,266.87847498012695,274.87847498012695,298.4440031771082,,,none,30.0,20,2,monophasic
Burst_autosave_20260716_142311_232ms,Flex. digitorum (L),L_The_ED_FD_FCR C,10,299.4440031771082,307.4440031771082,332.5980937251879,,,none,30.0,20,2,monophasic
Burst_autosave_20260716_142311_232ms,Flex. digitorum (L),L_The_ED_FD_FCR C,1,0.0,8.0,32.35980937251604,,,none,30.0,25,2,monophasic
Burst_autosave_20260716_142311_232ms,Flex. digitorum (L),L_The_ED_FD_FCR C,2,33.35980937251604,41.35980937251604,65.71961874503162,,,none,30.0,25,2,monophasic
Burst_autosave_20260716_142311_232ms,Flex. digitorum (L),L_The_ED_FD_FCR C,3,66.71961874503162,74.71961874503162,99.07942811754766,,,none,30.0,25,2,monophasic
Burst_autosave_20260716_142311_232ms,Flex. digitorum (L),L_The_ED_FD_FCR C,4,100.07942811754766,108.07942811754766,132.4392374900637,,,none,30.0,25,2,monophasic
Burst_autosave_20260716_142311_232ms,Flex. digitorum (L),L_The_ED_FD_FCR C,5,133.4392374900637,141.4392374900637,165.7990468625793,,,none,30.0,25,2,monophasic
Burst_autosave_20260716_142311_232ms,Flex. digitorum (L),L_The_ED_FD_FCR C,6,166.7990468625793,174.7990468625793,199.15885623509533,,,none,30.0,25,2,monophasic
Burst_autosave_20260716_142311_232ms,Flex. digitorum (L),L_The_ED_FD_FCR C,7,200.15885623509533,208.15885623509533,231.72438443207653,,,none,30.0,25,2,monophasic
Burst_autosave_20260716_142311_232ms,Flex. digitorum (L),L_The_ED_FD_FCR C,8,232.72438443207653,240.72438443207653,265.87847498012695,,,none,30.0,25,2,monophasic
Burst_autosave_20260716_142311_232ms,Flex. digitorum (L),L_The_ED_FD_FCR C,9,266.87847498012695,274.87847498012695,298.4440031771082,,,none,30.0,25,2,monophasic
Burst_autosave_20260716_142311_232ms,Flex. digitorum (L),L_The_ED_FD_FCR C,10,299.4440031771082,307.4440031771082,332.5980937251879,,,none,30.0,25,2,monophasic
Burst_autosave_20260716_142311_232ms,Flex. digitorum (L),L_The_ED_FD_FCR C,1,0.0,8.0,32.35980937251604,,,none,30.0,30,2,monophasic
Burst_autosave_20260716_142311_232ms,Flex. digitorum (L),L_The_ED_FD_FCR C,2,33.35980937251604,41.35980937251604,65.71961874503162,,,none,30.0,30,2,monophasic
Burst_autosave_20260716_142311_232ms,Flex. digitorum (L),L_The_ED_FD_FCR C,3,66.71961874503162,74.71961874503162,99.07942811754766,,,none,30.0,30,2,monophasic
Burst_autosave_20260716_142311_232ms,Flex. digitorum (L),L_The_ED_FD_FCR C,4,100.07942811754766,108.07942811754766,132.4392374900637,,,none,30.0,30,2,monophasic
Burst_autosave_20260716_142311_232ms,Flex. digitorum (L),L_The_ED_FD_FCR C,5,133.4392374900637,141.4392374900637,165.7990468625793,,,none,30.0,30,2,monophasic
Burst_autosave_20260716_142311_232ms,Flex. digitorum (L),L_The_ED_FD_FCR C,6,166.7990468625793,174.7990468625793,199.15885623509533,,,none,30.0,30,2,monophasic
Burst_autosave_20260716_142311_232ms,Flex. digitorum (L),L_The_ED_FD_FCR C,7,200.15885623509533,208.15885623509533,231.72438443207653,,,none,30.0,30,2,monophasic
Burst_autosave_20260716_142311_232ms,Flex. digitorum (L),L_The_ED_FD_FCR C,8,232.72438443207653,240.72438443207653,265.87847498012695,,,none,30.0,30,2,monophasic
Burst_autosave_20260716_142311_232ms,Flex. digitorum (L),L_The_ED_FD_FCR C,9,266.87847498012695,274.87847498012695,298.4440031771082,,,none,30.0,30,2,monophasic
Burst_autosave_20260716_142311_232ms,Flex. digitorum (L),L_The_ED_FD_FCR C,10,299.4440031771082,307.4440031771082,332.5980937251879,,,none,30.0,30,2,monophasic
Burst_autosave_20260716_142311_232ms,Flex. digitorum (L),L_The_ED_FD_FCR C,1,0.0,8.0,32.35980937251604,0.03726253192871809,0.03726253192871809,none,30.0,35,2,monophasic
Burst_autosave_20260716_142311_232ms,Flex. digitorum (L),L_The_ED_FD_FCR C,2,33.35980937251604,41.35980937251604,65.71961874503162,0.00016784854233340904,0.00016784854233340904,none,30.0,35,2,monophasic
Burst_autosave_20260716_142311_232ms,Flex. digitorum (L),L_The_ED_FD_FCR C,3,66.71961874503162,74.71961874503162,99.07942811754766,0.03524834103881705,0.03524834103881705,none,30.0,35,2,monophasic
Burst_autosave_20260716_142311_232ms,Flex. digitorum (L),L_The_ED_FD_FCR C,4,100.07942811754766,108.07942811754766,132.4392374900637,0.005203326698392581,0.005203326698392581,none,30.0,35,2,monophasic
Burst_autosave_20260716_142311_232ms,Flex. digitorum (L),L_The_ED_FD_FCR C,5,133.4392374900637,141.4392374900637,165.7990468625793,0.023498893715437428,0.023498893715437428,none,30.0,35,2,monophasic
Burst_autosave_20260716_142311_232ms,Flex. digitorum (L),L_The_ED_FD_FCR C,6,166.7990468625793,174.7990468625793,199.15885623509533,0.025513085303824255,0.025513085303824255,none,30.0,35,2,monophasic
Burst_autosave_20260716_142311_232ms,Flex. digitorum (L),L_The_ED_FD_FCR C,7,200.15885623509533,208.15885623509533,231.72438443207653,0.016784923849627355,0.016784923849627355,none,30.0,35,2,monophasic
Burst_autosave_20260716_142311_232ms,Flex. digitorum (L),L_The_ED_FD_FCR C,8,232.72438443207653,240.72438443207653,265.87847498012695,0.021484703058376478,0.021484703058376478,none,30.0,35,2,monophasic
Burst_autosave_20260716_142311_232ms,Flex. digitorum (L),L_The_ED_FD_FCR C,9,266.87847498012695,274.87847498012695,298.4440031771082,0.0033569843508301127,0.0033569843508301127,none,30.0,35,2,monophasic
Burst_autosave_20260716_142311_232ms,Flex. digitorum (L),L_The_ED_FD_FCR C,10,299.4440031771082,307.4440031771082,332.5980937251879,0.04196231067180537,0.04196231067180537,none,30.0,35,2,monophasic
Burst_autosave_20260716_142311_232ms,Flex. digitorum (L),L_The_ED_FD_FCR C,1,0.0,8.0,32.35980937251604,0.04565499350428581,0.04565499350428581,none,30.0,40,2,monophasic
Burst_autosave_20260716_142311_232ms,Flex. digitorum (L),L_The_ED_FD_FCR C,2,33.35980937251604,41.35980937251604,65.71961874503162,0.04934767540543633,0.04934767540543633,none,30.0,40,2,monophasic
Burst_autosave_20260716_142311_232ms,Flex. digitorum (L),L_The_ED_FD_FCR C,3,66.71961874503162,74.71961874503162,99.07942811754766,0.051697565242640124,0.051697565242640124,none,30.0,40,2,monophasic
Burst_autosave_20260716_142311_232ms,Flex. digitorum (L),L_The_ED_FD_FCR C,4,100.07942811754766,108.07942811754766,132.4392374900637,0.04783703386783571,0.04783703386783571,none,30.0,40,2,monophasic
Burst_autosave_20260716_142311_232ms,Flex. digitorum (L),L_The_ED_FD_FCR C,5,133.4392374900637,141.4392374900637,165.7990468625793,0.03860532399266457,0.03860532399266457,none,30.0,40,2,monophasic
Burst_autosave_20260716_142311_232ms,Flex. digitorum (L),L_The_ED_FD_FCR C,6,166.7990468625793,174.7990468625793,199.15885623509533,0.05304036103188291,0.05304036103188291,none,30.0,40,2,monophasic
Burst_autosave_20260716_142311_232ms,Flex. digitorum (L),L_The_ED_FD_FCR C,7,200.15885623509533,208.15885623509533,231.72438443207653,0.05253681354224647,0.05253681354224647,none,30.0,40,2,monophasic
Burst_autosave_20260716_142311_232ms,Flex. digitorum (L),L_The_ED_FD_FCR C,8,232.72438443207653,240.72438443207653,265.87847498012695,0.055725947022437515,0.055725947022437515,none,30.0,40,2,monophasic
Burst_autosave_20260716_142311_232ms,Flex. digitorum (L),L_The_ED_FD_FCR C,9,266.87847498012695,274.87847498012695,298.4440031771082,0.04397650063037026,0.04397650063037026,none,30.0,40,2,monophasic
Burst_autosave_20260716_142311_232ms,Flex. digitorum (L),L_The_ED_FD_FCR C,10,299.4440031771082,307.4440031771082,332.5980937251879,0.059922179207204614,0.059922179207204614,none,30.0,40,2,monophasic
Burst_autosave_20260716_142311_232ms,Flex. carpi rad. (L),L_The_ED_FD_FCR D,1,0.0,8.0,32.35980937251604,,,none,30.0,10,2,monophasic
Burst_autosave_20260716_142311_232ms,Flex. carpi rad. (L),L_The_ED_FD_FCR D,2,33.35980937251604,41.35980937251604,65.71961874503162,,,none,30.0,10,2,monophasic
Burst_autosave_20260716_142311_232ms,Flex. carpi rad. (L),L_The_ED_FD_FCR D,3,66.71961874503162,74.71961874503162,99.07942811754766,,,none,30.0,10,2,monophasic
Burst_autosave_20260716_142311_232ms,Flex. carpi rad. (L),L_The_ED_FD_FCR D,4,100.07942811754766,108.07942811754766,132.4392374900637,,,none,30.0,10,2,monophasic
Burst_autosave_20260716_142311_232ms,Flex. carpi rad. (L),L_The_ED_FD_FCR D,5,133.4392374900637,141.4392374900637,165.7990468625793,,,none,30.0,10,2,monophasic
Burst_autosave_20260716_142311_232ms,Flex. carpi rad. (L),L_The_ED_FD_FCR D,6,166.7990468625793,174.7990468625793,199.15885623509533,,,none,30.0,10,2,monophasic
Burst_autosave_20260716_142311_232ms,Flex. carpi rad. (L),L_The_ED_FD_FCR D,7,200.15885623509533,208.15885623509533,231.72438443207653,,,none,30.0,10,2,monophasic
Burst_autosave_20260716_142311_232ms,Flex. carpi rad. (L),L_The_ED_FD_FCR D,8,232.72438443207653,240.72438443207653,265.87847498012695,,,none,30.0,10,2,monophasic
Burst_autosave_20260716_142311_232ms,Flex. carpi rad. (L),L_The_ED_FD_FCR D,9,266.87847498012695,274.87847498012695,298.4440031771082,,,none,30.0,10,2,monophasic
Burst_autosave_20260716_142311_232ms,Flex. carpi rad. (L),L_The_ED_FD_FCR D,10,299.4440031771082,307.4440031771082,332.5980937251879,,,none,30.0,10,2,monophasic
Burst_autosave_20260716_142311_232ms,Flex. carpi rad. (L),L_The_ED_FD_FCR D,1,0.0,8.0,32.35980937251604,,,none,30.0,15,2,monophasic
Burst_autosave_20260716_142311_232ms,Flex. carpi rad. (L),L_The_ED_FD_FCR D,2,33.35980937251604,41.35980937251604,65.71961874503162,,,none,30.0,15,2,monophasic
Burst_autosave_20260716_142311_232ms,Flex. carpi rad. (L),L_The_ED_FD_FCR D,3,66.71961874503162,74.71961874503162,99.07942811754766,,,none,30.0,15,2,monophasic
Burst_autosave_20260716_142311_232ms,Flex. carpi rad. (L),L_The_ED_FD_FCR D,4,100.07942811754766,108.07942811754766,132.4392374900637,,,none,30.0,15,2,monophasic
Burst_autosave_20260716_142311_232ms,Flex. carpi rad. (L),L_The_ED_FD_FCR D,5,133.4392374900637,141.4392374900637,165.7990468625793,,,none,30.0,15,2,monophasic
Burst_autosave_20260716_142311_232ms,Flex. carpi rad. (L),L_The_ED_FD_FCR D,6,166.7990468625793,174.7990468625793,199.15885623509533,,,none,30.0,15,2,monophasic
Burst_autosave_20260716_142311_232ms,Flex. carpi rad. (L),L_The_ED_FD_FCR D,7,200.15885623509533,208.15885623509533,231.72438443207653,,,none,30.0,15,2,monophasic
Burst_autosave_20260716_142311_232ms,Flex. carpi rad. (L),L_The_ED_FD_FCR D,8,232.72438443207653,240.72438443207653,265.87847498012695,,,none,30.0,15,2,monophasic
Burst_autosave_20260716_142311_232ms,Flex. carpi rad. (L),L_The_ED_FD_FCR D,9,266.87847498012695,274.87847498012695,298.4440031771082,,,none,30.0,15,2,monophasic
Burst_autosave_20260716_142311_232ms,Flex. carpi rad. (L),L_The_ED_FD_FCR D,10,299.4440031771082,307.4440031771082,332.5980937251879,,,none,30.0,15,2,monophasic
Burst_autosave_20260716_142311_232ms,Flex. carpi rad. (L),L_The_ED_FD_FCR D,1,0.0,8.0,32.35980937251604,,,none,30.0,20,2,monophasic
Burst_autosave_20260716_142311_232ms,Flex. carpi rad. (L),L_The_ED_FD_FCR D,2,33.35980937251604,41.35980937251604,65.71961874503162,,,none,30.0,20,2,monophasic
Burst_autosave_20260716_142311_232ms,Flex. carpi rad. (L),L_The_ED_FD_FCR D,3,66.71961874503162,74.71961874503162,99.07942811754766,,,none,30.0,20,2,monophasic
Burst_autosave_20260716_142311_232ms,Flex. carpi rad. (L),L_The_ED_FD_FCR D,4,100.07942811754766,108.07942811754766,132.4392374900637,,,none,30.0,20,2,monophasic
Burst_autosave_20260716_142311_232ms,Flex. carpi rad. (L),L_The_ED_FD_FCR D,5,133.4392374900637,141.4392374900637,165.7990468625793,,,none,30.0,20,2,monophasic
Burst_autosave_20260716_142311_232ms,Flex. carpi rad. (L),L_The_ED_FD_FCR D,6,166.7990468625793,174.7990468625793,199.15885623509533,,,none,30.0,20,2,monophasic
Burst_autosave_20260716_142311_232ms,Flex. carpi rad. (L),L_The_ED_FD_FCR D,7,200.15885623509533,208.15885623509533,231.72438443207653,,,none,30.0,20,2,monophasic
Burst_autosave_20260716_142311_232ms,Flex. carpi rad. (L),L_The_ED_FD_FCR D,8,232.72438443207653,240.72438443207653,265.87847498012695,,,none,30.0,20,2,monophasic
Burst_autosave_20260716_142311_232ms,Flex. carpi rad. (L),L_The_ED_FD_FCR D,9,266.87847498012695,274.87847498012695,298.4440031771082,,,none,30.0,20,2,monophasic
Burst_autosave_20260716_142311_232ms,Flex. carpi rad. (L),L_The_ED_FD_FCR D,10,299.4440031771082,307.4440031771082,332.5980937251879,,,none,30.0,20,2,monophasic
Burst_autosave_20260716_142311_232ms,Flex. carpi rad. (L),L_The_ED_FD_FCR D,1,0.0,8.0,32.35980937251604,,,none,30.0,25,2,monophasic
Burst_autosave_20260716_142311_232ms,Flex. carpi rad. (L),L_The_ED_FD_FCR D,2,33.35980937251604,41.35980937251604,65.71961874503162,,,none,30.0,25,2,monophasic
Burst_autosave_20260716_142311_232ms,Flex. carpi rad. (L),L_The_ED_FD_FCR D,3,66.71961874503162,74.71961874503162,99.07942811754766,,,none,30.0,25,2,monophasic
Burst_autosave_20260716_142311_232ms,Flex. carpi rad. (L),L_The_ED_FD_FCR D,4,100.07942811754766,108.07942811754766,132.4392374900637,,,none,30.0,25,2,monophasic
Burst_autosave_20260716_142311_232ms,Flex. carpi rad. (L),L_The_ED_FD_FCR D,5,133.4392374900637,141.4392374900637,165.7990468625793,,,none,30.0,25,2,monophasic
Burst_autosave_20260716_142311_232ms,Flex. carpi rad. (L),L_The_ED_FD_FCR D,6,166.7990468625793,174.7990468625793,199.15885623509533,,,none,30.0,25,2,monophasic
Burst_autosave_20260716_142311_232ms,Flex. carpi rad. (L),L_The_ED_FD_FCR D,7,200.15885623509533,208.15885623509533,231.72438443207653,,,none,30.0,25,2,monophasic
Burst_autosave_20260716_142311_232ms,Flex. carpi rad. (L),L_The_ED_FD_FCR D,8,232.72438443207653,240.72438443207653,265.87847498012695,,,none,30.0,25,2,monophasic
Burst_autosave_20260716_142311_232ms,Flex. carpi rad. (L),L_The_ED_FD_FCR D,9,266.87847498012695,274.87847498012695,298.4440031771082,,,none,30.0,25,2,monophasic
Burst_autosave_20260716_142311_232ms,Flex. carpi rad. (L),L_The_ED_FD_FCR D,10,299.4440031771082,307.4440031771082,332.5980937251879,,,none,30.0,25,2,monophasic
Burst_autosave_20260716_142311_232ms,Flex. carpi rad. (L),L_The_ED_FD_FCR D,1,0.0,8.0,32.35980937251604,,,none,30.0,30,2,monophasic
Burst_autosave_20260716_142311_232ms,Flex. carpi rad. (L),L_The_ED_FD_FCR D,2,33.35980937251604,41.35980937251604,65.71961874503162,,,none,30.0,30,2,monophasic
Burst_autosave_20260716_142311_232ms,Flex. carpi rad. (L),L_The_ED_FD_FCR D,3,66.71961874503162,74.71961874503162,99.07942811754766,,,none,30.0,30,2,monophasic
Burst_autosave_20260716_142311_232ms,Flex. carpi rad. (L),L_The_ED_FD_FCR D,4,100.07942811754766,108.07942811754766,132.4392374900637,,,none,30.0,30,2,monophasic
Burst_autosave_20260716_142311_232ms,Flex. carpi rad. (L),L_The_ED_FD_FCR D,5,133.4392374900637,141.4392374900637,165.7990468625793,,,none,30.0,30,2,monophasic
Burst_autosave_20260716_142311_232ms,Flex. carpi rad. (L),L_The_ED_FD_FCR D,6,166.7990468625793,174.7990468625793,199.15885623509533,,,none,30.0,30,2,monophasic
Burst_autosave_20260716_142311_232ms,Flex. carpi rad. (L),L_The_ED_FD_FCR D,7,200.15885623509533,208.15885623509533,231.72438443207653,,,none,30.0,30,2,monophasic
Burst_autosave_20260716_142311_232ms,Flex. carpi rad. (L),L_The_ED_FD_FCR D,8,232.72438443207653,240.72438443207653,265.87847498012695,,,none,30.0,30,2,monophasic
Burst_autosave_20260716_142311_232ms,Flex. carpi rad. (L),L_The_ED_FD_FCR D,9,266.87847498012695,274.87847498012695,298.4440031771082,,,none,30.0,30,2,monophasic
Burst_autosave_20260716_142311_232ms,Flex. carpi rad. (L),L_The_ED_FD_FCR D,10,299.4440031771082,307.4440031771082,332.5980937251879,,,none,30.0,30,2,monophasic
Burst_autosave_20260716_142311_232ms,Flex. carpi rad. (L),L_The_ED_FD_FCR D,1,0.0,8.0,32.35980937251604,,,none,30.0,35,2,monophasic
Burst_autosave_20260716_142311_232ms,Flex. carpi rad. (L),L_The_ED_FD_FCR D,2,33.35980937251604,41.35980937251604,65.71961874503162,,,none,30.0,35,2,monophasic
Burst_autosave_20260716_142311_232ms,Flex. carpi rad. (L),L_The_ED_FD_FCR D,3,66.71961874503162,74.71961874503162,99.07942811754766,,,none,30.0,35,2,monophasic
Burst_autosave_20260716_142311_232ms,Flex. carpi rad. (L),L_The_ED_FD_FCR D,4,100.07942811754766,108.07942811754766,132.4392374900637,,,none,30.0,35,2,monophasic
Burst_autosave_20260716_142311_232ms,Flex. carpi rad. (L),L_The_ED_FD_FCR D,5,133.4392374900637,141.4392374900637,165.7990468625793,,,none,30.0,35,2,monophasic
Burst_autosave_20260716_142311_232ms,Flex. carpi rad. (L),L_The_ED_FD_FCR D,6,166.7990468625793,174.7990468625793,199.15885623509533,,,none,30.0,35,2,monophasic
Burst_autosave_20260716_142311_232ms,Flex. carpi rad. (L),L_The_ED_FD_FCR D,7,200.15885623509533,208.15885623509533,231.72438443207653,,,none,30.0,35,2,monophasic
Burst_autosave_20260716_142311_232ms,Flex. carpi rad. (L),L_The_ED_FD_FCR D,8,232.72438443207653,240.72438443207653,265.87847498012695,,,none,30.0,35,2,monophasic
Burst_autosave_20260716_142311_232ms,Flex. carpi rad. (L),L_The_ED_FD_FCR D,9,266.87847498012695,274.87847498012695,298.4440031771082,,,none,30.0,35,2,monophasic
Burst_autosave_20260716_142311_232ms,Flex. carpi rad. (L),L_The_ED_FD_FCR D,10,299.4440031771082,307.4440031771082,332.5980937251879,,,none,30.0,35,2,monophasic
Burst_autosave_20260716_142311_232ms,Flex. carpi rad. (L),L_The_ED_FD_FCR D,1,0.0,8.0,32.35980937251604,0.01997406012378633,0.01997406012378633,none,30.0,40,2,monophasic
Burst_autosave_20260716_142311_232ms,Flex. carpi rad. (L),L_The_ED_FD_FCR D,2,33.35980937251604,41.35980937251604,65.71961874503162,0.018966964678838846,0.018966964678838846,none,30.0,40,2,monophasic
Burst_autosave_20260716_142311_232ms,Flex. carpi rad. (L),L_The_ED_FD_FCR D,3,66.71961874503162,74.71961874503162,99.07942811754766,0.017288472037756235,0.017288472037756235,none,30.0,40,2,monophasic
Burst_autosave_20260716_142311_232ms,Flex. carpi rad. (L),L_The_ED_FD_FCR D,4,100.07942811754766,108.07942811754766,132.4392374900637,0.01947051263414323,0.01947051263414323,none,30.0,40,2,monophasic
Burst_autosave_20260716_142311_232ms,Flex. carpi rad. (L),L_The_ED_FD_FCR D,5,133.4392374900637,141.4392374900637,165.7990468625793,0.012085145106539123,0.012085145106539123,none,30.0,40,2,monophasic
Burst_autosave_20260716_142311_232ms,Flex. carpi rad. (L),L_The_ED_FD_FCR D,6,166.7990468625793,174.7990468625793,199.15885623509533,0.021820402005682596,0.021820402005682596,none,30.0,40,2,monophasic
Burst_autosave_20260716_142311_232ms,Flex. carpi rad. (L),L_The_ED_FD_FCR D,7,200.15885623509533,208.15885623509533,231.72438443207653,0.011413747910410159,0.011413747910410159,none,30.0,40,2,monophasic
Burst_autosave_20260716_142311_232ms,Flex. carpi rad. (L),L_The_ED_FD_FCR D,8,232.72438443207653,240.72438443207653,265.87847498012695,0.01812771870754654,0.01812771870754654,none,30.0,40,2,monophasic
Burst_autosave_20260716_142311_232ms,Flex. carpi rad. (L),L_The_ED_FD_FCR D,9,266.87847498012695,274.87847498012695,298.4440031771082,0.01795986923388958,0.01795986923388958,none,30.0,40,2,monophasic
Burst_autosave_20260716_142311_232ms,Flex. carpi rad. (L),L_The_ED_FD_FCR D,10,299.4440031771082,307.4440031771082,332.5980937251879,0.017288472270345284,0.017288472270345284,none,30.0,40,2,monophasic
Burst_autosave_20260716_142311_232ms,Deltoid med. (R),R_DELmed,1,0.0,8.0,32.35980937251604,0.01611352525651455,0.01611352525651455,none,30.0,10,2,monophasic
Burst_autosave_20260716_142311_232ms,Deltoid med. (R),R_DELmed,2,33.35980937251604,41.35980937251604,65.71961874503162,0.012085145339369725,0.012085145339369725,none,30.0,10,2,monophasic
Burst_autosave_20260716_142311_232ms,Deltoid med. (R),R_DELmed,3,66.71961874503162,74.71961874503162,99.07942811754766,0.018127718940376195,0.018127718940376195,none,30.0,10,2,monophasic
Burst_autosave_20260716_142311_232ms,Deltoid med. (R),R_DELmed,4,100.07942811754766,108.07942811754766,132.4392374900637,0.008728159591555613,0.008728159591555613,none,30.0,10,2,monophasic
Burst_autosave_20260716_142311_232ms,Deltoid med. (R),R_DELmed,5,133.4392374900637,141.4392374900637,165.7990468625793,0.012085147201978313,0.012085147201978313,none,30.0,10,2,monophasic
Burst_autosave_20260716_142311_232ms,Deltoid med. (R),R_DELmed,6,166.7990468625793,174.7990468625793,199.15885623509533,0.011078050359986064,0.011078050359986064,none,30.0,10,2,monophasic
Burst_autosave_20260716_142311_232ms,Deltoid med. (R),R_DELmed,7,200.15885623509533,208.15885623509533,231.72438443207653,0.014099335297844542,0.014099335297844542,none,30.0,10,2,monophasic
Burst_autosave_20260716_142311_232ms,Deltoid med. (R),R_DELmed,8,232.72438443207653,240.72438443207653,265.87847498012695,0.017456319183099055,0.017456319183099055,none,30.0,10,2,monophasic
Burst_autosave_20260716_142311_232ms,Deltoid med. (R),R_DELmed,9,266.87847498012695,274.87847498012695,298.4440031771082,0.007721064612235016,0.007721064612235016,none,30.0,10,2,monophasic
Burst_autosave_20260716_142311_232ms,Deltoid med. (R),R_DELmed,10,299.4440031771082,307.4440031771082,332.5980937251879,0.018127717077731906,0.018127717077731906,none,30.0,10,2,monophasic
Burst_autosave_20260716_142311_232ms,Deltoid med. (R),R_DELmed,1,0.0,8.0,32.35980937251604,0.034241246059536934,0.034241246059536934,none,30.0,15,2,monophasic
Burst_autosave_20260716_142311_232ms,Deltoid med. (R),R_DELmed,2,33.35980937251604,41.35980937251604,65.71961874503162,0.025513084605336148,0.025513084605336148,none,30.0,15,2,monophasic
Burst_autosave_20260716_142311_232ms,Deltoid med. (R),R_DELmed,3,66.71961874503162,74.71961874503162,99.07942811754766,0.02534523606300693,0.02534523606300693,none,30.0,15,2,monophasic
Burst_autosave_20260716_142311_232ms,Deltoid med. (R),R_DELmed,4,100.07942811754766,108.07942811754766,132.4392374900637,0.024338141083717364,0.024338141083717364,none,30.0,15,2,monophasic
Burst_autosave_20260716_142311_232ms,Deltoid med. (R),R_DELmed,5,133.4392374900637,141.4392374900637,165.7990468625793,0.02450598962604978,0.02450598962604978,none,30.0,15,2,monophasic
Burst_autosave_20260716_142311_232ms,Deltoid med. (R),R_DELmed,6,166.7990468625793,174.7990468625793,199.15885623509533,0.022995345294479306,0.022995345294479306,none,30.0,15,2,monophasic
Burst_autosave_20260716_142311_232ms,Deltoid med. (R),R_DELmed,7,200.15885623509533,208.15885623509533,231.72438443207653,0.019470512866949462,0.019470512866949462,none,30.0,15,2,monophasic
Burst_autosave_20260716_142311_232ms,Deltoid med. (R),R_DELmed,8,232.72438443207653,240.72438443207653,265.87847498012695,0.03121995925903334,0.03121995925903334,none,30.0,15,2,monophasic
Burst_autosave_20260716_142311_232ms,Deltoid med. (R),R_DELmed,9,266.87847498012695,274.87847498012695,298.4440031771082,0.024170290678741047,0.024170290678741047,none,30.0,15,2,monophasic
Burst_autosave_20260716_142311_232ms,Deltoid med. (R),R_DELmed,10,299.4440031771082,307.4440031771082,332.5980937251879,0.026184480637277466,0.026184480637277466,none,30.0,15,2,monophasic
Burst_autosave_20260716_142311_232ms,Deltoid med. (R),R_DELmed,1,0.0,8.0,32.35980937251604,0.0396124217659235,0.0396124217659235,none,30.0,20,2,monophasic
Burst_autosave_20260716_142311_232ms,Deltoid med. (R),R_DELmed,2,33.35980937251604,41.35980937251604,65.71961874503162,0.0298771653324365,0.0298771653324365,none,30.0,20,2,monophasic
Burst_autosave_20260716_142311_232ms,Deltoid med. (R),R_DELmed,3,66.71961874503162,74.71961874503162,99.07942811754766,0.03222705423829915,0.03222705423829915,none,30.0,20,2,monophasic
Burst_autosave_20260716_142311_232ms,Deltoid med. (R),R_DELmed,4,100.07942811754766,108.07942811754766,132.4392374900637,0.02987716533241223,0.02987716533241223,none,30.0,20,2,monophasic
Burst_autosave_20260716_142311_232ms,Deltoid med. (R),R_DELmed,5,133.4392374900637,141.4392374900637,165.7990468625793,0.033234149217556776,0.033234149217556776,none,30.0,20,2,monophasic
Burst_autosave_20260716_142311_232ms,Deltoid med. (R),R_DELmed,6,166.7990468625793,174.7990468625793,199.15885623509533,0.033905547112231496,0.033905547112231496,none,30.0,20,2,monophasic
Burst_autosave_20260716_142311_232ms,Deltoid med. (R),R_DELmed,7,200.15885623509533,208.15885623509533,231.72438443207653,0.032562751322948044,0.032562751322948044,none,30.0,20,2,monophasic
Burst_autosave_20260716_142311_232ms,Deltoid med. (R),R_DELmed,8,232.72438443207653,240.72438443207653,265.87847498012695,0.03491264116009268,0.03491264116009268,none,30.0,20,2,monophasic
Burst_autosave_20260716_142311_232ms,Deltoid med. (R),R_DELmed,9,266.87847498012695,274.87847498012695,298.4440031771082,0.029205767437733888,0.029205767437733888,none,30.0,20,2,monophasic
Burst_autosave_20260716_142311_232ms,Deltoid med. (R),R_DELmed,10,299.4440031771082,307.4440031771082,332.5980937251879,0.033234149217541524,0.033234149217541524,none,30.0,20,2,monophasic
Burst_autosave_20260716_142311_232ms,Deltoid med. (R),R_DELmed,1,0.0,8.0,32.35980937251604,0.05304036196321249,0.05304036196321249,none,30.0,25,2,monophasic
Burst_autosave_20260716_142311_232ms,Deltoid med. (R),R_DELmed,2,33.35980937251604,41.35980937251604,65.71961874503162,0.037598231807351064,0.037598231807351064,none,30.0,25,2,monophasic
Burst_autosave_20260716_142311_232ms,Deltoid med. (R),R_DELmed,3,66.71961874503162,74.71961874503162,99.07942811754766,0.04364080168306807,0.04364080168306807,none,30.0,25,2,monophasic
Burst_autosave_20260716_142311_232ms,Deltoid med. (R),R_DELmed,4,100.07942811754766,108.07942811754766,132.4392374900637,0.04632638860493868,0.04632638860493868,none,30.0,25,2,monophasic
Burst_autosave_20260716_142311_232ms,Deltoid med. (R),R_DELmed,5,133.4392374900637,141.4392374900637,165.7990468625793,0.03860532399266955,0.03860532399266955,none,30.0,25,2,monophasic
Burst_autosave_20260716_142311_232ms,Deltoid med. (R),R_DELmed,6,166.7990468625793,174.7990468625793,199.15885623509533,0.038437474519017606,0.038437474519017606,none,30.0,25,2,monophasic
Burst_autosave_20260716_142311_232ms,Deltoid med. (R),R_DELmed,7,200.15885623509533,208.15885623509533,231.72438443207653,0.04296940471967077,0.04296940471967077,none,30.0,25,2,monophasic
Burst_autosave_20260716_142311_232ms,Deltoid med. (R),R_DELmed,8,232.72438443207653,240.72438443207653,265.87847498012695,0.043305104598316435,0.043305104598316435,none,30.0,25,2,monophasic
Burst_autosave_20260716_142311_232ms,Deltoid med. (R),R_DELmed,9,266.87847498012695,274.87847498012695,298.4440031771082,0.04364080075162585,0.04364080075162585,none,30.0,25,2,monophasic
Burst_autosave_20260716_142311_232ms,Deltoid med. (R),R_DELmed,10,299.4440031771082,307.4440031771082,332.5980937251879,0.04565499257293032,0.04565499257293032,none,30.0,25,2,monophasic
Burst_autosave_20260716_142311_232ms,Deltoid med. (R),R_DELmed,1,0.0,8.0,32.35980937251604,0.06948958290740848,0.06948958290740848,none,30.0,30,2,monophasic
Burst_autosave_20260716_142311_232ms,Deltoid med. (R),R_DELmed,2,33.35980937251604,41.35980937251604,65.71961874503162,0.05035477038472881,0.05035477038472881,none,30.0,30,2,monophasic
Burst_autosave_20260716_142311_232ms,Deltoid med. (R),R_DELmed,3,66.71961874503162,74.71961874503162,99.07942811754766,0.0523689612746267,0.0523689612746267,none,30.0,30,2,monophasic
Burst_autosave_20260716_142311_232ms,Deltoid med. (R),R_DELmed,4,100.07942811754766,108.07942811754766,132.4392374900637,0.0560616478322946,0.0560616478322946,none,30.0,30,2,monophasic
Burst_autosave_20260716_142311_232ms,Deltoid med. (R),R_DELmed,5,133.4392374900637,141.4392374900637,165.7990468625793,0.04901197925203893,0.04901197925203893,none,30.0,30,2,monophasic
Burst_autosave_20260716_142311_232ms,Deltoid med. (R),R_DELmed,6,166.7990468625793,174.7990468625793,199.15885623509533,0.04699778556820315,0.04699778556820315,none,30.0,30,2,monophasic
Burst_autosave_20260716_142311_232ms,Deltoid med. (R),R_DELmed,7,200.15885623509533,208.15885623509533,231.72438443207653,0.04867627751078516,0.04867627751078516,none,30.0,30,2,monophasic
Burst_autosave_20260716_142311_232ms,Deltoid med. (R),R_DELmed,8,232.72438443207653,240.72438443207653,265.87847498012695,0.05304035637520296,0.05304035637520296,none,30.0,30,2,monophasic
Burst_autosave_20260716_142311_232ms,Deltoid med. (R),R_DELmed,9,266.87847498012695,274.87847498012695,298.4440031771082,0.04582284204656835,0.04582284204656835,none,30.0,30,2,monophasic
Burst_autosave_20260716_142311_232ms,Deltoid med. (R),R_DELmed,10,299.4440031771082,307.4440031771082,332.5980937251879,0.05639734398567292,0.05639734398567292,none,30.0,30,2,monophasic
Burst_autosave_20260716_142311_232ms,Deltoid med. (R),R_DELmed,1,0.0,8.0,32.35980937251604,0.5223468542098999,0.5223468542098999,none,30.0,35,2,monophasic
Burst_autosave_20260716_142311_232ms,Deltoid med. (R),R_DELmed,2,33.35980937251604,41.35980937251604,65.71961874503162,0.05471885390579695,0.05471885390579695,none,30.0,35,2,monophasic
Burst_autosave_20260716_142311_232ms,Deltoid med. (R),R_DELmed,3,66.71961874503162,74.71961874503162,99.07942811754766,0.04431220144033818,0.04431220144033818,none,30.0,35,2,monophasic
Burst_autosave_20260716_142311_232ms,Deltoid med. (R),R_DELmed,4,100.07942811754766,108.07942811754766,132.4392374900637,0.05639734398573645,0.05639734398573645,none,30.0,35,2,monophasic
Burst_autosave_20260716_142311_232ms,Deltoid med. (R),R_DELmed,5,133.4392374900637,141.4392374900637,165.7990468625793,0.0496833724901079,0.0496833724901079,none,30.0,35,2,monophasic
Burst_autosave_20260716_142311_232ms,Deltoid med. (R),R_DELmed,6,166.7990468625793,174.7990468625793,199.15885623509533,0.0389410238713072,0.0389410238713072,none,30.0,35,2,monophasic
Burst_autosave_20260716_142311_232ms,Deltoid med. (R),R_DELmed,7,200.15885623509533,208.15885623509533,231.72438443207653,0.05001907423138614,0.05001907423138614,none,30.0,35,2,monophasic
Burst_autosave_20260716_142311_232ms,Deltoid med. (R),R_DELmed,8,232.72438443207653,240.72438443207653,265.87847498012695,0.05404745787382147,0.05404745787382147,none,30.0,35,2,monophasic
Burst_autosave_20260716_142311_232ms,Deltoid med. (R),R_DELmed,9,266.87847498012695,274.87847498012695,298.4440031771082,0.03994812071323796,0.03994812071323796,none,30.0,35,2,monophasic
Burst_autosave_20260716_142311_232ms,Deltoid med. (R),R_DELmed,10,299.4440031771082,307.4440031771082,332.5980937251879,0.049347680062060695,0.049347680062060695,none,30.0,35,2,monophasic
Burst_autosave_20260716_142311_232ms,Deltoid med. (R),R_DELmed,1,0.0,8.0,32.35980937251604,0.5461814403533936,0.5461814403533936,none,30.0,40,2,monophasic
Burst_autosave_20260716_142311_232ms,Deltoid med. (R),R_DELmed,2,33.35980937251604,41.35980937251604,65.71961874503162,0.5146257877349791,0.5146257877349791,none,30.0,40,2,monophasic
Burst_autosave_20260716_142311_232ms,Deltoid med. (R),R_DELmed,3,66.71961874503162,74.71961874503162,99.07942811754766,0.49700161814689414,0.49700161814689414,none,30.0,40,2,monophasic
Burst_autosave_20260716_142311_232ms,Deltoid med. (R),R_DELmed,4,100.07942811754766,108.07942811754766,132.4392374900637,0.464942395687103,0.464942395687103,none,30.0,40,2,monophasic
Burst_autosave_20260716_142311_232ms,Deltoid med. (R),R_DELmed,5,133.4392374900637,141.4392374900637,165.7990468625793,0.4521858394145746,0.4521858394145746,none,30.0,40,2,monophasic
Burst_autosave_20260716_142311_232ms,Deltoid med. (R),R_DELmed,6,166.7990468625793,174.7990468625793,199.15885623509533,0.42835126817227775,0.42835126817227775,none,30.0,40,2,monophasic
Burst_autosave_20260716_142311_232ms,Deltoid med. (R),R_DELmed,7,200.15885623509533,208.15885623509533,231.72438443207653,0.4191195666789991,0.4191195666789991,none,30.0,40,2,monophasic
Burst_autosave_20260716_142311_232ms,Deltoid med. (R),R_DELmed,8,232.72438443207653,240.72438443207653,265.87847498012695,0.4448004812002152,0.4448004812002152,none,30.0,40,2,monophasic
Burst_autosave_20260716_142311_232ms,Deltoid med. (R),R_DELmed,9,266.87847498012695,274.87847498012695,298.4440031771082,0.06512550730259595,0.06512550730259595,none,30.0,40,2,monophasic
Burst_autosave_20260716_142311_232ms,Deltoid med. (R),R_DELmed,10,299.4440031771082,307.4440031771082,332.5980937251879,0.4164339601993168,0.4164339601993168,none,30.0,40,2,monophasic
Burst_autosave_20260716_142311_232ms,Biceps (R),R_BB,1,0.0,8.0,32.35980937251604,,,none,30.0,10,2,monophasic
Burst_autosave_20260716_142311_232ms,Biceps (R),R_BB,2,33.35980937251604,41.35980937251604,65.71961874503162,,,none,30.0,10,2,monophasic
Burst_autosave_20260716_142311_232ms,Biceps (R),R_BB,3,66.71961874503162,74.71961874503162,99.07942811754766,,,none,30.0,10,2,monophasic
Burst_autosave_20260716_142311_232ms,Biceps (R),R_BB,4,100.07942811754766,108.07942811754766,132.4392374900637,,,none,30.0,10,2,monophasic
Burst_autosave_20260716_142311_232ms,Biceps (R),R_BB,5,133.4392374900637,141.4392374900637,165.7990468625793,,,none,30.0,10,2,monophasic
Burst_autosave_20260716_142311_232ms,Biceps (R),R_BB,6,166.7990468625793,174.7990468625793,199.15885623509533,,,none,30.0,10,2,monophasic
Burst_autosave_20260716_142311_232ms,Biceps (R),R_BB,7,200.15885623509533,208.15885623509533,231.72438443207653,,,none,30.0,10,2,monophasic
Burst_autosave_20260716_142311_232ms,Biceps (R),R_BB,8,232.72438443207653,240.72438443207653,265.87847498012695,,,none,30.0,10,2,monophasic
Burst_autosave_20260716_142311_232ms,Biceps (R),R_BB,9,266.87847498012695,274.87847498012695,298.4440031771082,,,none,30.0,10,2,monophasic
Burst_autosave_20260716_142311_232ms,Biceps (R),R_BB,10,299.4440031771082,307.4440031771082,332.5980937251879,,,none,30.0,10,2,monophasic
Burst_autosave_20260716_142311_232ms,Biceps (R),R_BB,1,0.0,8.0,32.35980937251604,,,none,30.0,15,2,monophasic
Burst_autosave_20260716_142311_232ms,Biceps (R),R_BB,2,33.35980937251604,41.35980937251604,65.71961874503162,,,none,30.0,15,2,monophasic
Burst_autosave_20260716_142311_232ms,Biceps (R),R_BB,3,66.71961874503162,74.71961874503162,99.07942811754766,,,none,30.0,15,2,monophasic
Burst_autosave_20260716_142311_232ms,Biceps (R),R_BB,4,100.07942811754766,108.07942811754766,132.4392374900637,,,none,30.0,15,2,monophasic
Burst_autosave_20260716_142311_232ms,Biceps (R),R_BB,5,133.4392374900637,141.4392374900637,165.7990468625793,,,none,30.0,15,2,monophasic
Burst_autosave_20260716_142311_232ms,Biceps (R),R_BB,6,166.7990468625793,174.7990468625793,199.15885623509533,,,none,30.0,15,2,monophasic
Burst_autosave_20260716_142311_232ms,Biceps (R),R_BB,7,200.15885623509533,208.15885623509533,231.72438443207653,,,none,30.0,15,2,monophasic
Burst_autosave_20260716_142311_232ms,Biceps (R),R_BB,8,232.72438443207653,240.72438443207653,265.87847498012695,,,none,30.0,15,2,monophasic
Burst_autosave_20260716_142311_232ms,Biceps (R),R_BB,9,266.87847498012695,274.87847498012695,298.4440031771082,,,none,30.0,15,2,monophasic
Burst_autosave_20260716_142311_232ms,Biceps (R),R_BB,10,299.4440031771082,307.4440031771082,332.5980937251879,,,none,30.0,15,2,monophasic
Burst_autosave_20260716_142311_232ms,Biceps (R),R_BB,1,0.0,8.0,32.35980937251604,,,none,30.0,20,2,monophasic
Burst_autosave_20260716_142311_232ms,Biceps (R),R_BB,2,33.35980937251604,41.35980937251604,65.71961874503162,,,none,30.0,20,2,monophasic
Burst_autosave_20260716_142311_232ms,Biceps (R),R_BB,3,66.71961874503162,74.71961874503162,99.07942811754766,,,none,30.0,20,2,monophasic
Burst_autosave_20260716_142311_232ms,Biceps (R),R_BB,4,100.07942811754766,108.07942811754766,132.4392374900637,,,none,30.0,20,2,monophasic
Burst_autosave_20260716_142311_232ms,Biceps (R),R_BB,5,133.4392374900637,141.4392374900637,165.7990468625793,,,none,30.0,20,2,monophasic
Burst_autosave_20260716_142311_232ms,Biceps (R),R_BB,6,166.7990468625793,174.7990468625793,199.15885623509533,,,none,30.0,20,2,monophasic
Burst_autosave_20260716_142311_232ms,Biceps (R),R_BB,7,200.15885623509533,208.15885623509533,231.72438443207653,,,none,30.0,20,2,monophasic
Burst_autosave_20260716_142311_232ms,Biceps (R),R_BB,8,232.72438443207653,240.72438443207653,265.87847498012695,,,none,30.0,20,2,monophasic
Burst_autosave_20260716_142311_232ms,Biceps (R),R_BB,9,266.87847498012695,274.87847498012695,298.4440031771082,,,none,30.0,20,2,monophasic
Burst_autosave_20260716_142311_232ms,Biceps (R),R_BB,10,299.4440031771082,307.4440031771082,332.5980937251879,,,none,30.0,20,2,monophasic
Burst_autosave_20260716_142311_232ms,Biceps (R),R_BB,1,0.0,8.0,32.35980937251604,,,none,30.0,25,2,monophasic
Burst_autosave_20260716_142311_232ms,Biceps (R),R_BB,2,33.35980937251604,41.35980937251604,65.71961874503162,,,none,30.0,25,2,monophasic
Burst_autosave_20260716_142311_232ms,Biceps (R),R_BB,3,66.71961874503162,74.71961874503162,99.07942811754766,,,none,30.0,25,2,monophasic
Burst_autosave_20260716_142311_232ms,Biceps (R),R_BB,4,100.07942811754766,108.07942811754766,132.4392374900637,,,none,30.0,25,2,monophasic
Burst_autosave_20260716_142311_232ms,Biceps (R),R_BB,5,133.4392374900637,141.4392374900637,165.7990468625793,,,none,30.0,25,2,monophasic
Burst_autosave_20260716_142311_232ms,Biceps (R),R_BB,6,166.7990468625793,174.7990468625793,199.15885623509533,,,none,30.0,25,2,monophasic
Burst_autosave_20260716_142311_232ms,Biceps (R),R_BB,7,200.15885623509533,208.15885623509533,231.72438443207653,,,none,30.0,25,2,monophasic
Burst_autosave_20260716_142311_232ms,Biceps (R),R_BB,8,232.72438443207653,240.72438443207653,265.87847498012695,,,none,30.0,25,2,monophasic
Burst_autosave_20260716_142311_232ms,Biceps (R),R_BB,9,266.87847498012695,274.87847498012695,298.4440031771082,,,none,30.0,25,2,monophasic
Burst_autosave_20260716_142311_232ms,Biceps (R),R_BB,10,299.4440031771082,307.4440031771082,332.5980937251879,,,none,30.0,25,2,monophasic
Burst_autosave_20260716_142311_232ms,Biceps (R),R_BB,1,0.0,8.0,32.35980937251604,,,none,30.0,30,2,monophasic
Burst_autosave_20260716_142311_232ms,Biceps (R),R_BB,2,33.35980937251604,41.35980937251604,65.71961874503162,,,none,30.0,30,2,monophasic
Burst_autosave_20260716_142311_232ms,Biceps (R),R_BB,3,66.71961874503162,74.71961874503162,99.07942811754766,,,none,30.0,30,2,monophasic
Burst_autosave_20260716_142311_232ms,Biceps (R),R_BB,4,100.07942811754766,108.07942811754766,132.4392374900637,,,none,30.0,30,2,monophasic
Burst_autosave_20260716_142311_232ms,Biceps (R),R_BB,5,133.4392374900637,141.4392374900637,165.7990468625793,,,none,30.0,30,2,monophasic
Burst_autosave_20260716_142311_232ms,Biceps (R),R_BB,6,166.7990468625793,174.7990468625793,199.15885623509533,,,none,30.0,30,2,monophasic
Burst_autosave_20260716_142311_232ms,Biceps (R),R_BB,7,200.15885623509533,208.15885623509533,231.72438443207653,,,none,30.0,30,2,monophasic
Burst_autosave_20260716_142311_232ms,Biceps (R),R_BB,8,232.72438443207653,240.72438443207653,265.87847498012695,,,none,30.0,30,2,monophasic
Burst_autosave_20260716_142311_232ms,Biceps (R),R_BB,9,266.87847498012695,274.87847498012695,298.4440031771082,,,none,30.0,30,2,monophasic
Burst_autosave_20260716_142311_232ms,Biceps (R),R_BB,10,299.4440031771082,307.4440031771082,332.5980937251879,,,none,30.0,30,2,monophasic
Burst_autosave_20260716_142311_232ms,Biceps (R),R_BB,1,0.0,8.0,32.35980937251604,0.013427939498797059,0.013427939498797059,none,30.0,35,2,monophasic
Burst_autosave_20260716_142311_232ms,Biceps (R),R_BB,2,33.35980937251604,41.35980937251604,65.71961874503162,0.013092240551484518,0.013092240551484518,none,30.0,35,2,monophasic
Burst_autosave_20260716_142311_232ms,Biceps (R),R_BB,3,66.71961874503162,74.71961874503162,99.07942811754766,0.009063859237321748,0.009063859237321748,none,30.0,35,2,monophasic
Burst_autosave_20260716_142311_232ms,Biceps (R),R_BB,4,100.07942811754766,108.07942811754766,132.4392374900637,0.009399557719007127,0.009399557719007127,none,30.0,35,2,monophasic
Burst_autosave_20260716_142311_232ms,Biceps (R),R_BB,5,133.4392374900637,141.4392374900637,165.7990468625793,0.013427939265966204,0.013427939265966204,none,30.0,35,2,monophasic
Burst_autosave_20260716_142311_232ms,Biceps (R),R_BB,6,166.7990468625793,174.7990468625793,199.15885623509533,-0.019134813919725373,-0.019134813919725373,none,30.0,35,2,monophasic
Burst_autosave_20260716_142311_232ms,Biceps (R),R_BB,7,200.15885623509533,208.15885623509533,231.72438443207653,0.011245899368076854,0.011245899368076854,none,30.0,35,2,monophasic
Burst_autosave_20260716_142311_232ms,Biceps (R),R_BB,8,232.72438443207653,240.72438443207653,265.87847498012695,0.014267185237148736,0.014267185237148736,none,30.0,35,2,monophasic
Burst_autosave_20260716_142311_232ms,Biceps (R),R_BB,9,266.87847498012695,274.87847498012695,298.4440031771082,0.006042572436775133,0.006042572436775133,none,30.0,35,2,monophasic
Burst_autosave_20260716_142311_232ms,Biceps (R),R_BB,10,299.4440031771082,307.4440031771082,332.5980937251879,0.013427939498748164,0.013427939498748164,none,30.0,35,2,monophasic
Burst_autosave_20260716_142311_232ms,Biceps (R),R_BB,1,0.0,8.0,32.35980937251604,0.05740444082766771,0.05740444082766771,none,30.0,40,2,monophasic
Burst_autosave_20260716_142311_232ms,Biceps (R),R_BB,2,33.35980937251604,41.35980937251604,65.71961874503162,0.01812772080302233,0.01812772080302233,none,30.0,40,2,monophasic
Burst_autosave_20260716_142311_232ms,Biceps (R),R_BB,3,66.71961874503162,74.71961874503162,99.07942811754766,0.0006713969632983208,0.0006713969632983208,none,30.0,40,2,monophasic
Burst_autosave_20260716_142311_232ms,Biceps (R),R_BB,4,100.07942811754766,108.07942811754766,132.4392374900637,0.0231631938368079,0.0231631938368079,none,30.0,40,2,monophasic
Burst_autosave_20260716_142311_232ms,Biceps (R),R_BB,5,133.4392374900637,141.4392374900637,165.7990468625793,0.023163197562098392,0.023163197562098392,none,30.0,40,2,monophasic
Burst_autosave_20260716_142311_232ms,Biceps (R),R_BB,6,166.7990468625793,174.7990468625793,199.15885623509533,0.002014190889896282,0.002014190889896282,none,30.0,40,2,monophasic
Burst_autosave_20260716_142311_232ms,Biceps (R),R_BB,7,200.15885623509533,208.15885623509533,231.72438443207653,0.00872816075570878,0.00872816075570878,none,30.0,40,2,monophasic
Burst_autosave_20260716_142311_232ms,Biceps (R),R_BB,8,232.72438443207653,240.72438443207653,265.87847498012695,0.014435034245253824,0.014435034245253824,none,30.0,40,2,monophasic
Burst_autosave_20260716_142311_232ms,Biceps (R),R_BB,9,266.87847498012695,274.87847498012695,298.4440031771082,0.022156100720156183,0.022156100720156183,none,30.0,40,2,monophasic
Burst_autosave_20260716_142311_232ms,Biceps (R),R_BB,10,299.4440031771082,307.4440031771082,332.5980937251879,0.0031891355756671447,0.0031891355756671447,none,30.0,40,2,monophasic
Burst_autosave_20260716_142311_232ms,Triceps long (R),R_TBlg,1,0.0,8.0,32.35980937251604,,,none,30.0,10,2,monophasic
Burst_autosave_20260716_142311_232ms,Triceps long (R),R_TBlg,2,33.35980937251604,41.35980937251604,65.71961874503162,,,none,30.0,10,2,monophasic
Burst_autosave_20260716_142311_232ms,Triceps long (R),R_TBlg,3,66.71961874503162,74.71961874503162,99.07942811754766,,,none,30.0,10,2,monophasic
Burst_autosave_20260716_142311_232ms,Triceps long (R),R_TBlg,4,100.07942811754766,108.07942811754766,132.4392374900637,,,none,30.0,10,2,monophasic
Burst_autosave_20260716_142311_232ms,Triceps long (R),R_TBlg,5,133.4392374900637,141.4392374900637,165.7990468625793,,,none,30.0,10,2,monophasic
Burst_autosave_20260716_142311_232ms,Triceps long (R),R_TBlg,6,166.7990468625793,174.7990468625793,199.15885623509533,,,none,30.0,10,2,monophasic
Burst_autosave_20260716_142311_232ms,Triceps long (R),R_TBlg,7,200.15885623509533,208.15885623509533,231.72438443207653,,,none,30.0,10,2,monophasic
Burst_autosave_20260716_142311_232ms,Triceps long (R),R_TBlg,8,232.72438443207653,240.72438443207653,265.87847498012695,,,none,30.0,10,2,monophasic
Burst_autosave_20260716_142311_232ms,Triceps long (R),R_TBlg,9,266.87847498012695,274.87847498012695,298.4440031771082,,,none,30.0,10,2,monophasic
Burst_autosave_20260716_142311_232ms,Triceps long (R),R_TBlg,10,299.4440031771082,307.4440031771082,332.5980937251879,,,none,30.0,10,2,monophasic
Burst_autosave_20260716_142311_232ms,Triceps long (R),R_TBlg,1,0.0,8.0,32.35980937251604,,,none,30.0,15,2,monophasic
Burst_autosave_20260716_142311_232ms,Triceps long (R),R_TBlg,2,33.35980937251604,41.35980937251604,65.71961874503162,,,none,30.0,15,2,monophasic
Burst_autosave_20260716_142311_232ms,Triceps long (R),R_TBlg,3,66.71961874503162,74.71961874503162,99.07942811754766,,,none,30.0,15,2,monophasic
Burst_autosave_20260716_142311_232ms,Triceps long (R),R_TBlg,4,100.07942811754766,108.07942811754766,132.4392374900637,,,none,30.0,15,2,monophasic
Burst_autosave_20260716_142311_232ms,Triceps long (R),R_TBlg,5,133.4392374900637,141.4392374900637,165.7990468625793,,,none,30.0,15,2,monophasic
Burst_autosave_20260716_142311_232ms,Triceps long (R),R_TBlg,6,166.7990468625793,174.7990468625793,199.15885623509533,,,none,30.0,15,2,monophasic
Burst_autosave_20260716_142311_232ms,Triceps long (R),R_TBlg,7,200.15885623509533,208.15885623509533,231.72438443207653,,,none,30.0,15,2,monophasic
Burst_autosave_20260716_142311_232ms,Triceps long (R),R_TBlg,8,232.72438443207653,240.72438443207653,265.87847498012695,,,none,30.0,15,2,monophasic
Burst_autosave_20260716_142311_232ms,Triceps long (R),R_TBlg,9,266.87847498012695,274.87847498012695,298.4440031771082,,,none,30.0,15,2,monophasic
Burst_autosave_20260716_142311_232ms,Triceps long (R),R_TBlg,10,299.4440031771082,307.4440031771082,332.5980937251879,,,none,30.0,15,2,monophasic
Burst_autosave_20260716_142311_232ms,Triceps long (R),R_TBlg,1,0.0,8.0,32.35980937251604,,,none,30.0,20,2,monophasic
Burst_autosave_20260716_142311_232ms,Triceps long (R),R_TBlg,2,33.35980937251604,41.35980937251604,65.71961874503162,,,none,30.0,20,2,monophasic
Burst_autosave_20260716_142311_232ms,Triceps long (R),R_TBlg,3,66.71961874503162,74.71961874503162,99.07942811754766,,,none,30.0,20,2,monophasic
Burst_autosave_20260716_142311_232ms,Triceps long (R),R_TBlg,4,100.07942811754766,108.07942811754766,132.4392374900637,,,none,30.0,20,2,monophasic
Burst_autosave_20260716_142311_232ms,Triceps long (R),R_TBlg,5,133.4392374900637,141.4392374900637,165.7990468625793,,,none,30.0,20,2,monophasic
Burst_autosave_20260716_142311_232ms,Triceps long (R),R_TBlg,6,166.7990468625793,174.7990468625793,199.15885623509533,,,none,30.0,20,2,monophasic
Burst_autosave_20260716_142311_232ms,Triceps long (R),R_TBlg,7,200.15885623509533,208.15885623509533,231.72438443207653,,,none,30.0,20,2,monophasic
Burst_autosave_20260716_142311_232ms,Triceps long (R),R_TBlg,8,232.72438443207653,240.72438443207653,265.87847498012695,,,none,30.0,20,2,monophasic
Burst_autosave_20260716_142311_232ms,Triceps long (R),R_TBlg,9,266.87847498012695,274.87847498012695,298.4440031771082,,,none,30.0,20,2,monophasic
Burst_autosave_20260716_142311_232ms,Triceps long (R),R_TBlg,10,299.4440031771082,307.4440031771082,332.5980937251879,,,none,30.0,20,2,monophasic
Burst_autosave_20260716_142311_232ms,Triceps long (R),R_TBlg,1,0.0,8.0,32.35980937251604,0.0117494473233819,0.0117494473233819,none,30.0,25,2,monophasic
Burst_autosave_20260716_142311_232ms,Triceps long (R),R_TBlg,2,33.35980937251604,41.35980937251604,65.71961874503162,0.014267184771596421,0.014267184771596421,none,30.0,25,2,monophasic
Burst_autosave_20260716_142311_232ms,Triceps long (R),R_TBlg,3,66.71961874503162,74.71961874503162,99.07942811754766,0.02081330586224962,0.02081330586224962,none,30.0,25,2,monophasic
Burst_autosave_20260716_142311_232ms,Triceps long (R),R_TBlg,4,100.07942811754766,108.07942811754766,132.4392374900637,0.0140993352979422,0.0140993352979422,none,30.0,25,2,monophasic
Burst_autosave_20260716_142311_232ms,Triceps long (R),R_TBlg,5,133.4392374900637,141.4392374900637,165.7990468625793,0.013092241249917543,0.013092241249917543,none,30.0,25,2,monophasic
Burst_autosave_20260716_142311_232ms,Triceps long (R),R_TBlg,6,166.7990468625793,174.7990468625793,199.15885623509533,0.007049668580258701,0.007049668580258701,none,30.0,25,2,monophasic
Burst_autosave_20260716_142311_232ms,Triceps long (R),R_TBlg,7,200.15885623509533,208.15885623509533,231.72438443207653,0.014770732726796462,0.014770732726796462,none,30.0,25,2,monophasic
Burst_autosave_20260716_142311_232ms,Triceps long (R),R_TBlg,8,232.72438443207653,240.72438443207653,265.87847498012695,0.013427938334546384,0.013427938334546384,none,30.0,25,2,monophasic
Burst_autosave_20260716_142311_232ms,Triceps long (R),R_TBlg,9,266.87847498012695,274.87847498012695,298.4440031771082,0.018966964678814972,0.018966964678814972,none,30.0,25,2,monophasic
Burst_autosave_20260716_142311_232ms,Triceps long (R),R_TBlg,10,299.4440031771082,307.4440031771082,332.5980937251879,0.007385366596284009,0.007385366596284009,none,30.0,25,2,monophasic
Burst_autosave_20260716_142311_232ms,Triceps long (R),R_TBlg,1,0.0,8.0,32.35980937251604,0.017456320114433765,0.017456320114433765,none,30.0,30,2,monophasic
Burst_autosave_20260716_142311_232ms,Triceps long (R),R_TBlg,2,33.35980937251604,41.35980937251604,65.71961874503162,0.01963836047798389,0.01963836047798389,none,30.0,30,2,monophasic
Burst_autosave_20260716_142311_232ms,Triceps long (R),R_TBlg,3,66.71961874503162,74.71961874503162,99.07942811754766,0.01359578780829782,0.01359578780829782,none,30.0,30,2,monophasic
Burst_autosave_20260716_142311_232ms,Triceps long (R),R_TBlg,4,100.07942811754766,108.07942811754766,132.4392374900637,0.00839246157556769,0.00839246157556769,none,30.0,30,2,monophasic
Burst_autosave_20260716_142311_232ms,Triceps long (R),R_TBlg,5,133.4392374900637,141.4392374900637,165.7990468625793,0.01493858266619386,0.01493858266619386,none,30.0,30,2,monophasic
Burst_autosave_20260716_142311_232ms,Triceps long (R),R_TBlg,6,166.7990468625793,174.7990468625793,199.15885623509533,0.016281375661469626,0.016281375661469626,none,30.0,30,2,monophasic
Burst_autosave_20260716_142311_232ms,Triceps long (R),R_TBlg,7,200.15885623509533,208.15885623509533,231.72438443207653,0.017792019061646604,0.017792019061646604,none,30.0,30,2,monophasic
Burst_autosave_20260716_142311_232ms,Triceps long (R),R_TBlg,8,232.72438443207653,240.72438443207653,265.87847498012695,0.021149003412513512,0.021149003412513512,none,30.0,30,2,monophasic
Burst_autosave_20260716_142311_232ms,Triceps long (R),R_TBlg,9,266.87847498012695,274.87847498012695,298.4440031771082,0.008392461575518146,0.008392461575518146,none,30.0,30,2,monophasic
Burst_autosave_20260716_142311_232ms,Triceps long (R),R_TBlg,10,299.4440031771082,307.4440031771082,332.5980937251879,0.01477073319248235,0.01477073319248235,none,30.0,30,2,monophasic
Burst_autosave_20260716_142311_232ms,Triceps long (R),R_TBlg,1,0.0,8.0,32.35980937251604,0.015274280682206154,0.015274280682206154,none,30.0,35,2,monophasic
Burst_autosave_20260716_142311_232ms,Triceps long (R),R_TBlg,2,33.35980937251604,41.35980937251604,65.71961874503162,0.01074235048145051,0.01074235048145051,none,30.0,35,2,monophasic
Burst_autosave_20260716_142311_232ms,Triceps long (R),R_TBlg,3,66.71961874503162,74.71961874503162,99.07942811754766,0.019470512401311736,0.019470512401311736,none,30.0,35,2,monophasic
Burst_autosave_20260716_142311_232ms,Triceps long (R),R_TBlg,4,100.07942811754766,108.07942811754766,132.4392374900637,0.016784924082371304,0.016784924082371304,none,30.0,35,2,monophasic
Burst_autosave_20260716_142311_232ms,Triceps long (R),R_TBlg,5,133.4392374900637,141.4392374900637,165.7990468625793,,,none,30.0,35,2,monophasic
Burst_autosave_20260716_142311_232ms,Triceps long (R),R_TBlg,6,166.7990468625793,174.7990468625793,199.15885623509533,0.020141909597430847,0.020141909597430847,none,30.0,35,2,monophasic
Burst_autosave_20260716_142311_232ms,Triceps long (R),R_TBlg,7,200.15885623509533,208.15885623509533,231.72438443207653,0.011413747444797666,0.011413747444797666,none,30.0,35,2,monophasic
Burst_autosave_20260716_142311_232ms,Triceps long (R),R_TBlg,8,232.72438443207653,240.72438443207653,265.87847498012695,0.018127717543319113,0.018127717543319113,none,30.0,35,2,monophasic
Burst_autosave_20260716_142311_232ms,Triceps long (R),R_TBlg,9,266.87847498012695,274.87847498012695,298.4440031771082,0.018799114040945294,0.018799114040945294,none,30.0,35,2,monophasic
Burst_autosave_20260716_142311_232ms,Triceps long (R),R_TBlg,10,299.4440031771082,307.4440031771082,332.5980937251879,0.020813304930919173,0.020813304930919173,none,30.0,35,2,monophasic
Burst_autosave_20260716_142311_232ms,Triceps long (R),R_TBlg,1,0.0,8.0,32.35980937251604,0.03356984746642411,0.03356984746642411,none,30.0,40,2,monophasic
Burst_autosave_20260716_142311_232ms,Triceps long (R),R_TBlg,2,33.35980937251604,41.35980937251604,65.71961874503162,0.02215609909035037,0.02215609909035037,none,30.0,40,2,monophasic
Burst_autosave_20260716_142311_232ms,Triceps long (R),R_TBlg,3,66.71961874503162,74.71961874503162,99.07942811754766,0.024338139453900367,0.024338139453900367,none,30.0,40,2,monophasic
Burst_autosave_20260716_142311_232ms,Triceps long (R),R_TBlg,4,100.07942811754766,108.07942811754766,132.4392374900637,0.024505990557372567,0.024505990557372567,none,30.0,40,2,monophasic
Burst_autosave_20260716_142311_232ms,Triceps long (R),R_TBlg,5,133.4392374900637,141.4392374900637,165.7990468625793,0.010910200886330754,0.010910200886330754,none,30.0,40,2,monophasic
Burst_autosave_20260716_142311_232ms,Triceps long (R),R_TBlg,6,166.7990468625793,174.7990468625793,199.15885623509533,0.021484703291170953,0.021484703291170953,none,30.0,40,2,monophasic
Burst_autosave_20260716_142311_232ms,Triceps long (R),R_TBlg,7,200.15885623509533,208.15885623509533,231.72438443207653,0.0224917975719652,0.0224917975719652,none,30.0,40,2,monophasic
Burst_autosave_20260716_142311_232ms,Triceps long (R),R_TBlg,8,232.72438443207653,240.72438443207653,265.87847498012695,0.023163194302408645,0.023163194302408645,none,30.0,40,2,monophasic
Burst_autosave_20260716_142311_232ms,Triceps long (R),R_TBlg,9,266.87847498012695,274.87847498012695,298.4440031771082,0.020813304930828978,0.020813304930828978,none,30.0,40,2,monophasic
Burst_autosave_20260716_142311_232ms,Triceps long (R),R_TBlg,10,299.4440031771082,307.4440031771082,332.5980937251879,0.025513083673954027,0.025513083673954027,none,30.0,40,2,monophasic
Burst_autosave_20260716_142311_232ms,Trapezius (R),R_TR,1,0.0,8.0,32.35980937251604,0.18799114972352982,0.18799114972352982,none,30.0,10,2,monophasic
Burst_autosave_20260716_142311_232ms,Trapezius (R),R_TR,2,33.35980937251604,41.35980937251604,65.71961874503162,0.14300755038857435,0.14300755038857435,none,30.0,10,2,monophasic
Burst_autosave_20260716_142311_232ms,Trapezius (R),R_TR,3,66.71961874503162,74.71961874503162,99.07942811754766,0.14871442317964284,0.14871442317964284,none,30.0,10,2,monophasic
Burst_autosave_20260716_142311_232ms,Trapezius (R),R_TR,4,100.07942811754766,108.07942811754766,132.4392374900637,0.15039291977882413,0.15039291977882413,none,30.0,10,2,monophasic
Burst_autosave_20260716_142311_232ms,Trapezius (R),R_TR,5,133.4392374900637,141.4392374900637,165.7990468625793,0.14569313824176763,0.14569313824176763,none,30.0,10,2,monophasic
Burst_autosave_20260716_142311_232ms,Trapezius (R),R_TR,6,166.7990468625793,174.7990468625793,199.15885623509533,0.14804303273559186,0.14804303273559186,none,30.0,10,2,monophasic
Burst_autosave_20260716_142311_232ms,Trapezius (R),R_TR,7,200.15885623509533,208.15885623509533,231.72438443207653,0.15072862058860576,0.15072862058860576,none,30.0,10,2,monophasic
Burst_autosave_20260716_142311_232ms,Trapezius (R),R_TR,8,232.72438443207653,240.72438443207653,265.87847498012695,0.18866254389282486,0.18866254389282486,none,30.0,10,2,monophasic
Burst_autosave_20260716_142311_232ms,Trapezius (R),R_TR,9,266.87847498012695,274.87847498012695,298.4440031771082,0.1517357118427563,0.1517357118427563,none,30.0,10,2,monophasic
Burst_autosave_20260716_142311_232ms,Trapezius (R),R_TR,10,299.4440031771082,307.4440031771082,332.5980937251879,0.18278782069669192,0.18278782069669192,none,30.0,10,2,monophasic
Burst_autosave_20260716_142311_232ms,Trapezius (R),R_TR,1,0.0,8.0,32.35980937251604,0.38806746155023575,0.38806746155023575,none,30.0,15,2,monophasic
Burst_autosave_20260716_142311_232ms,Trapezius (R),R_TR,2,33.35980937251604,41.35980937251604,65.71961874503162,0.3088425993919368,0.3088425993919368,none,30.0,15,2,monophasic
Burst_autosave_20260716_142311_232ms,Trapezius (R),R_TR,3,66.71961874503162,74.71961874503162,99.07942811754766,0.30514991283419907,0.30514991283419907,none,30.0,15,2,monophasic
Burst_autosave_20260716_142311_232ms,Trapezius (R),R_TR,4,100.07942811754766,108.07942811754766,132.4392374900637,0.30884259939193776,0.30884259939193776,none,30.0,15,2,monophasic
Burst_autosave_20260716_142311_232ms,Trapezius (R),R_TR,5,133.4392374900637,141.4392374900637,165.7990468625793,0.30783550441260177,0.30783550441260177,none,30.0,15,2,monophasic
Burst_autosave_20260716_142311_232ms,Trapezius (R),R_TR,6,166.7990468625793,174.7990468625793,199.15885623509533,0.31471732258791985,0.31471732258791985,none,30.0,15,2,monophasic
Burst_autosave_20260716_142311_232ms,Trapezius (R),R_TR,7,200.15885623509533,208.15885623509533,231.72438443207653,0.3115281909703167,0.3115281909703167,none,30.0,15,2,monophasic
Burst_autosave_20260716_142311_232ms,Trapezius (R),R_TR,8,232.72438443207653,240.72438443207653,265.87847498012695,0.36087587475774385,0.36087587475774385,none,30.0,15,2,monophasic
Burst_autosave_20260716_142311_232ms,Trapezius (R),R_TR,9,266.87847498012695,274.87847498012695,298.4440031771082,0.30615702271462897,0.30615702271462897,none,30.0,15,2,monophasic
Burst_autosave_20260716_142311_232ms,Trapezius (R),R_TR,10,299.4440031771082,307.4440031771082,332.5980937251879,0.3613794147968582,0.3613794147968582,none,30.0,15,2,monophasic
Burst_autosave_20260716_142311_232ms,Trapezius (R),R_TR,1,0.0,8.0,32.35980937251604,0.508247509598732,0.508247509598732,none,30.0,20,2,monophasic
Burst_autosave_20260716_142311_232ms,Trapezius (R),R_TR,2,33.35980937251604,41.35980937251604,65.71961874503162,0.40015259385108876,0.40015259385108876,none,30.0,20,2,monophasic
Burst_autosave_20260716_142311_232ms,Trapezius (R),R_TR,3,66.71961874503162,74.71961874503162,99.07942811754766,0.4008239954710334,0.4008239954710334,none,30.0,20,2,monophasic
Burst_autosave_20260716_142311_232ms,Trapezius (R),R_TR,4,100.07942811754766,108.07942811754766,132.4392374900637,0.39964905381202653,0.39964905381202653,none,30.0,20,2,monophasic
Burst_autosave_20260716_142311_232ms,Trapezius (R),R_TR,5,133.4392374900637,141.4392374900637,165.7990468625793,0.39578850567316404,0.39578850567316404,none,30.0,20,2,monophasic
Burst_autosave_20260716_142311_232ms,Trapezius (R),R_TR,6,166.7990468625793,174.7990468625793,199.15885623509533,0.38739605247965947,0.38739605247965947,none,30.0,20,2,monophasic
Burst_autosave_20260716_142311_232ms,Trapezius (R),R_TR,7,200.15885623509533,208.15885623509533,231.72438443207653,0.39377431571481725,0.39377431571481725,none,30.0,20,2,monophasic
Burst_autosave_20260716_142311_232ms,Trapezius (R),R_TR,8,232.72438443207653,240.72438443207653,265.87847498012695,0.4493324160574832,0.4493324160574832,none,30.0,20,2,monophasic
Burst_autosave_20260716_142311_232ms,Trapezius (R),R_TR,9,266.87847498012695,274.87847498012695,298.4440031771082,0.38739605247974396,0.38739605247974396,none,30.0,20,2,monophasic
Burst_autosave_20260716_142311_232ms,Trapezius (R),R_TR,10,299.4440031771082,307.4440031771082,332.5980937251879,0.445471867918999,0.445471867918999,none,30.0,20,2,monophasic
Burst_autosave_20260716_142311_232ms,Trapezius (R),R_TR,1,0.0,8.0,32.35980937251604,0.678950160741806,0.678950160741806,none,30.0,25,2,monophasic
Burst_autosave_20260716_142311_232ms,Trapezius (R),R_TR,2,33.35980937251604,41.35980937251604,65.71961874503162,0.5250324308872216,0.5250324308872216,none,30.0,25,2,monophasic
Burst_autosave_20260716_142311_232ms,Trapezius (R),R_TR,3,66.71961874503162,74.71961874503162,99.07942811754766,0.5186541527510138,0.5186541527510138,none,30.0,25,2,monophasic
Burst_autosave_20260716_142311_232ms,Trapezius (R),R_TR,4,100.07942811754766,108.07942811754766,132.4392374900637,0.5136186927556994,0.5136186927556994,none,30.0,25,2,monophasic
Burst_autosave_20260716_142311_232ms,Trapezius (R),R_TR,5,133.4392374900637,141.4392374900637,165.7990468625793,0.5035477131603922,0.5035477131603922,none,30.0,25,2,monophasic
Burst_autosave_20260716_142311_232ms,Trapezius (R),R_TR,6,166.7990468625793,174.7990468625793,199.15885623509533,0.500694274902366,0.500694274902366,none,30.0,25,2,monophasic
Burst_autosave_20260716_142311_232ms,Trapezius (R),R_TR,7,200.15885623509533,208.15885623509533,231.72438443207653,0.49414816498752634,0.49414816498752634,none,30.0,25,2,monophasic
Burst_autosave_20260716_142311_232ms,Trapezius (R),R_TR,8,232.72438443207653,240.72438443207653,265.87847498012695,0.5723658949135642,0.5723658949135642,none,30.0,25,2,monophasic
Burst_autosave_20260716_142311_232ms,Trapezius (R),R_TR,9,266.87847498012695,274.87847498012695,298.4440031771082,0.4864271134138568,0.4864271134138568,none,30.0,25,2,monophasic
Burst_autosave_20260716_142311_232ms,Trapezius (R),R_TR,10,299.4440031771082,307.4440031771082,332.5980937251879,0.5584344118833251,0.5584344118833251,none,30.0,25,2,monophasic
Burst_autosave_20260716_142311_232ms,Trapezius (R),R_TR,1,0.0,8.0,32.35980937251604,0.9186388850212097,0.9186388850212097,none,30.0,30,2,monophasic
Burst_autosave_20260716_142311_232ms,Trapezius (R),R_TR,2,33.35980937251604,41.35980937251604,65.71961874503162,0.6818035989999761,0.6818035989999761,none,30.0,30,2,monophasic
Burst_autosave_20260716_142311_232ms,Trapezius (R),R_TR,3,66.71961874503162,74.71961874503162,99.07942811754766,0.6712291091681205,0.6712291091681205,none,30.0,30,2,monophasic
Burst_autosave_20260716_142311_232ms,Trapezius (R),R_TR,4,100.07942811754766,108.07942811754766,132.4392374900637,0.6531013995409023,0.6531013995409023,none,30.0,30,2,monophasic
Burst_autosave_20260716_142311_232ms,Trapezius (R),R_TR,5,133.4392374900637,141.4392374900637,165.7990468625793,0.6364843249320973,0.6364843249320973,none,30.0,30,2,monophasic
Burst_autosave_20260716_142311_232ms,Trapezius (R),R_TR,6,166.7990468625793,174.7990468625793,199.15885623509533,0.6334630101918564,0.6334630101918564,none,30.0,30,2,monophasic
Burst_autosave_20260716_142311_232ms,Trapezius (R),R_TR,7,200.15885623509533,208.15885623509533,231.72438443207653,0.6237277537584174,0.6237277537584174,none,30.0,30,2,monophasic
Burst_autosave_20260716_142311_232ms,Trapezius (R),R_TR,8,232.72438443207653,240.72438443207653,265.87847498012695,0.7345082759855992,0.7345082759855992,none,30.0,30,2,monophasic
Burst_autosave_20260716_142311_232ms,Trapezius (R),R_TR,9,266.87847498012695,274.87847498012695,298.4440031771082,0.6092927381396105,0.6092927381396105,none,30.0,30,2,monophasic
Burst_autosave_20260716_142311_232ms,Trapezius (R),R_TR,10,299.4440031771082,307.4440031771082,332.5980937251879,0.7103379964828336,0.7103379964828336,none,30.0,30,2,monophasic
Burst_autosave_20260716_142311_232ms,Trapezius (R),R_TR,1,0.0,8.0,32.35980937251604,1.2071717083454132,1.2071717083454132,none,30.0,35,2,monophasic
Burst_autosave_20260716_142311_232ms,Trapezius (R),R_TR,2,33.35980937251604,41.35980937251604,65.71961874503162,0.8582131564617144,0.8582131564617144,none,30.0,35,2,monophasic
Burst_autosave_20260716_142311_232ms,Trapezius (R),R_TR,3,66.71961874503162,74.71961874503162,99.07942811754766,0.8452887460590355,0.8452887460590355,none,30.0,35,2,monophasic
Burst_autosave_20260716_142311_232ms,Trapezius (R),R_TR,4,100.07942811754766,108.07942811754766,132.4392374900637,0.8194399848580375,0.8194399848580375,none,30.0,35,2,monophasic
Burst_autosave_20260716_142311_232ms,Trapezius (R),R_TR,5,133.4392374900637,141.4392374900637,165.7990468625793,0.7885557487606989,0.7885557487606989,none,30.0,35,2,monophasic
Burst_autosave_20260716_142311_232ms,Trapezius (R),R_TR,6,166.7990468625793,174.7990468625793,199.15885623509533,0.7872129231692271,0.7872129231692271,none,30.0,35,2,monophasic
Burst_autosave_20260716_142311_232ms,Trapezius (R),R_TR,7,200.15885623509533,208.15885623509533,231.72438443207653,0.7806667909025451,0.7806667909025451,none,30.0,35,2,monophasic
Burst_autosave_20260716_142311_232ms,Trapezius (R),R_TR,8,232.72438443207653,240.72438443207653,265.87847498012695,0.9339132010936297,0.9339132010936297,none,30.0,35,2,monophasic
Burst_autosave_20260716_142311_232ms,Trapezius (R),R_TR,9,266.87847498012695,274.87847498012695,298.4440031771082,0.7570000491105644,0.7570000491105644,none,30.0,35,2,monophasic
Burst_autosave_20260716_142311_232ms,Trapezius (R),R_TR,10,299.4440031771082,307.4440031771082,332.5980937251879,0.9137712568045375,0.9137712568045375,none,30.0,35,2,monophasic
Burst_autosave_20260716_142311_232ms,Trapezius (R),R_TR,1,0.0,8.0,32.35980937251604,1.5668727159500122,1.5668727159500122,none,30.0,40,2,monophasic
Burst_autosave_20260716_142311_232ms,Trapezius (R),R_TR,2,33.35980937251604,41.35980937251604,65.71961874503162,1.1007553189992887,1.1007553189992887,none,30.0,40,2,monophasic
Burst_autosave_20260716_142311_232ms,Trapezius (R),R_TR,3,66.71961874503162,74.71961874503162,99.07942811754766,1.0802776888014158,1.0802776888014158,none,30.0,40,2,monophasic
Burst_autosave_20260716_142311_232ms,Trapezius (R),R_TR,4,100.07942811754766,108.07942811754766,132.4392374900637,1.0356297940015806,1.0356297940015806,none,30.0,40,2,monophasic
Burst_autosave_20260716_142311_232ms,Trapezius (R),R_TR,5,133.4392374900637,141.4392374900637,165.7990468625793,1.0252231396734697,1.0252231396734697,none,30.0,40,2,monophasic
Burst_autosave_20260716_142311_232ms,Trapezius (R),R_TR,6,166.7990468625793,174.7990468625793,199.15885623509533,1.007095461711402,1.007095461711402,none,30.0,40,2,monophasic
Burst_autosave_20260716_142311_232ms,Trapezius (R),R_TR,7,200.15885623509533,208.15885623509533,231.72438443207653,0.9879606021568126,0.9879606021568126,none,30.0,40,2,monophasic
Burst_autosave_20260716_142311_232ms,Trapezius (R),R_TR,8,232.72438443207653,240.72438443207653,265.87847498012695,1.1913939416406745,1.1913939416406745,none,30.0,40,2,monophasic
Burst_autosave_20260716_142311_232ms,Trapezius (R),R_TR,9,266.87847498012695,274.87847498012695,298.4440031771082,0.943648416548952,0.943648416548952,none,30.0,40,2,monophasic
Burst_autosave_20260716_142311_232ms,Trapezius (R),R_TR,10,299.4440031771082,307.4440031771082,332.5980937251879,1.177965939044866,1.177965939044866,none,30.0,40,2,monophasic
Burst_autosave_20260716_142311_232ms,Thenar (R),R_The_ED_FD_FCR A,1,0.0,8.0,32.35980937251604,,,none,30.0,10,2,monophasic
Burst_autosave_20260716_142311_232ms,Thenar (R),R_The_ED_FD_FCR A,2,33.35980937251604,41.35980937251604,65.71961874503162,,,none,30.0,10,2,monophasic
Burst_autosave_20260716_142311_232ms,Thenar (R),R_The_ED_FD_FCR A,3,66.71961874503162,74.71961874503162,99.07942811754766,,,none,30.0,10,2,monophasic
Burst_autosave_20260716_142311_232ms,Thenar (R),R_The_ED_FD_FCR A,4,100.07942811754766,108.07942811754766,132.4392374900637,,,none,30.0,10,2,monophasic
Burst_autosave_20260716_142311_232ms,Thenar (R),R_The_ED_FD_FCR A,5,133.4392374900637,141.4392374900637,165.7990468625793,,,none,30.0,10,2,monophasic
Burst_autosave_20260716_142311_232ms,Thenar (R),R_The_ED_FD_FCR A,6,166.7990468625793,174.7990468625793,199.15885623509533,,,none,30.0,10,2,monophasic
Burst_autosave_20260716_142311_232ms,Thenar (R),R_The_ED_FD_FCR A,7,200.15885623509533,208.15885623509533,231.72438443207653,,,none,30.0,10,2,monophasic
Burst_autosave_20260716_142311_232ms,Thenar (R),R_The_ED_FD_FCR A,8,232.72438443207653,240.72438443207653,265.87847498012695,,,none,30.0,10,2,monophasic
Burst_autosave_20260716_142311_232ms,Thenar (R),R_The_ED_FD_FCR A,9,266.87847498012695,274.87847498012695,298.4440031771082,,,none,30.0,10,2,monophasic
Burst_autosave_20260716_142311_232ms,Thenar (R),R_The_ED_FD_FCR A,10,299.4440031771082,307.4440031771082,332.5980937251879,,,none,30.0,10,2,monophasic
Burst_autosave_20260716_142311_232ms,Thenar (R),R_The_ED_FD_FCR A,1,0.0,8.0,32.35980937251604,,,none,30.0,15,2,monophasic
Burst_autosave_20260716_142311_232ms,Thenar (R),R_The_ED_FD_FCR A,2,33.35980937251604,41.35980937251604,65.71961874503162,,,none,30.0,15,2,monophasic
Burst_autosave_20260716_142311_232ms,Thenar (R),R_The_ED_FD_FCR A,3,66.71961874503162,74.71961874503162,99.07942811754766,,,none,30.0,15,2,monophasic
Burst_autosave_20260716_142311_232ms,Thenar (R),R_The_ED_FD_FCR A,4,100.07942811754766,108.07942811754766,132.4392374900637,,,none,30.0,15,2,monophasic
Burst_autosave_20260716_142311_232ms,Thenar (R),R_The_ED_FD_FCR A,5,133.4392374900637,141.4392374900637,165.7990468625793,,,none,30.0,15,2,monophasic
Burst_autosave_20260716_142311_232ms,Thenar (R),R_The_ED_FD_FCR A,6,166.7990468625793,174.7990468625793,199.15885623509533,,,none,30.0,15,2,monophasic
Burst_autosave_20260716_142311_232ms,Thenar (R),R_The_ED_FD_FCR A,7,200.15885623509533,208.15885623509533,231.72438443207653,,,none,30.0,15,2,monophasic
Burst_autosave_20260716_142311_232ms,Thenar (R),R_The_ED_FD_FCR A,8,232.72438443207653,240.72438443207653,265.87847498012695,,,none,30.0,15,2,monophasic
Burst_autosave_20260716_142311_232ms,Thenar (R),R_The_ED_FD_FCR A,9,266.87847498012695,274.87847498012695,298.4440031771082,,,none,30.0,15,2,monophasic
Burst_autosave_20260716_142311_232ms,Thenar (R),R_The_ED_FD_FCR A,10,299.4440031771082,307.4440031771082,332.5980937251879,,,none,30.0,15,2,monophasic
Burst_autosave_20260716_142311_232ms,Thenar (R),R_The_ED_FD_FCR A,1,0.0,8.0,32.35980937251604,,,none,30.0,20,2,monophasic
Burst_autosave_20260716_142311_232ms,Thenar (R),R_The_ED_FD_FCR A,2,33.35980937251604,41.35980937251604,65.71961874503162,,,none,30.0,20,2,monophasic
Burst_autosave_20260716_142311_232ms,Thenar (R),R_The_ED_FD_FCR A,3,66.71961874503162,74.71961874503162,99.07942811754766,,,none,30.0,20,2,monophasic
Burst_autosave_20260716_142311_232ms,Thenar (R),R_The_ED_FD_FCR A,4,100.07942811754766,108.07942811754766,132.4392374900637,,,none,30.0,20,2,monophasic
Burst_autosave_20260716_142311_232ms,Thenar (R),R_The_ED_FD_FCR A,5,133.4392374900637,141.4392374900637,165.7990468625793,,,none,30.0,20,2,monophasic
Burst_autosave_20260716_142311_232ms,Thenar (R),R_The_ED_FD_FCR A,6,166.7990468625793,174.7990468625793,199.15885623509533,,,none,30.0,20,2,monophasic
Burst_autosave_20260716_142311_232ms,Thenar (R),R_The_ED_FD_FCR A,7,200.15885623509533,208.15885623509533,231.72438443207653,,,none,30.0,20,2,monophasic
Burst_autosave_20260716_142311_232ms,Thenar (R),R_The_ED_FD_FCR A,8,232.72438443207653,240.72438443207653,265.87847498012695,,,none,30.0,20,2,monophasic
Burst_autosave_20260716_142311_232ms,Thenar (R),R_The_ED_FD_FCR A,9,266.87847498012695,274.87847498012695,298.4440031771082,,,none,30.0,20,2,monophasic
Burst_autosave_20260716_142311_232ms,Thenar (R),R_The_ED_FD_FCR A,10,299.4440031771082,307.4440031771082,332.5980937251879,,,none,30.0,20,2,monophasic
Burst_autosave_20260716_142311_232ms,Thenar (R),R_The_ED_FD_FCR A,1,0.0,8.0,32.35980937251604,,,none,30.0,25,2,monophasic
Burst_autosave_20260716_142311_232ms,Thenar (R),R_The_ED_FD_FCR A,2,33.35980937251604,41.35980937251604,65.71961874503162,,,none,30.0,25,2,monophasic
Burst_autosave_20260716_142311_232ms,Thenar (R),R_The_ED_FD_FCR A,3,66.71961874503162,74.71961874503162,99.07942811754766,,,none,30.0,25,2,monophasic
Burst_autosave_20260716_142311_232ms,Thenar (R),R_The_ED_FD_FCR A,4,100.07942811754766,108.07942811754766,132.4392374900637,,,none,30.0,25,2,monophasic
Burst_autosave_20260716_142311_232ms,Thenar (R),R_The_ED_FD_FCR A,5,133.4392374900637,141.4392374900637,165.7990468625793,,,none,30.0,25,2,monophasic
Burst_autosave_20260716_142311_232ms,Thenar (R),R_The_ED_FD_FCR A,6,166.7990468625793,174.7990468625793,199.15885623509533,,,none,30.0,25,2,monophasic
Burst_autosave_20260716_142311_232ms,Thenar (R),R_The_ED_FD_FCR A,7,200.15885623509533,208.15885623509533,231.72438443207653,,,none,30.0,25,2,monophasic
Burst_autosave_20260716_142311_232ms,Thenar (R),R_The_ED_FD_FCR A,8,232.72438443207653,240.72438443207653,265.87847498012695,,,none,30.0,25,2,monophasic
Burst_autosave_20260716_142311_232ms,Thenar (R),R_The_ED_FD_FCR A,9,266.87847498012695,274.87847498012695,298.4440031771082,,,none,30.0,25,2,monophasic
Burst_autosave_20260716_142311_232ms,Thenar (R),R_The_ED_FD_FCR A,10,299.4440031771082,307.4440031771082,332.5980937251879,,,none,30.0,25,2,monophasic
Burst_autosave_20260716_142311_232ms,Thenar (R),R_The_ED_FD_FCR A,1,0.0,8.0,32.35980937251604,,,none,30.0,30,2,monophasic
Burst_autosave_20260716_142311_232ms,Thenar (R),R_The_ED_FD_FCR A,2,33.35980937251604,41.35980937251604,65.71961874503162,,,none,30.0,30,2,monophasic
Burst_autosave_20260716_142311_232ms,Thenar (R),R_The_ED_FD_FCR A,3,66.71961874503162,74.71961874503162,99.07942811754766,,,none,30.0,30,2,monophasic
Burst_autosave_20260716_142311_232ms,Thenar (R),R_The_ED_FD_FCR A,4,100.07942811754766,108.07942811754766,132.4392374900637,,,none,30.0,30,2,monophasic
Burst_autosave_20260716_142311_232ms,Thenar (R),R_The_ED_FD_FCR A,5,133.4392374900637,141.4392374900637,165.7990468625793,,,none,30.0,30,2,monophasic
Burst_autosave_20260716_142311_232ms,Thenar (R),R_The_ED_FD_FCR A,6,166.7990468625793,174.7990468625793,199.15885623509533,,,none,30.0,30,2,monophasic
Burst_autosave_20260716_142311_232ms,Thenar (R),R_The_ED_FD_FCR A,7,200.15885623509533,208.15885623509533,231.72438443207653,,,none,30.0,30,2,monophasic
Burst_autosave_20260716_142311_232ms,Thenar (R),R_The_ED_FD_FCR A,8,232.72438443207653,240.72438443207653,265.87847498012695,,,none,30.0,30,2,monophasic
Burst_autosave_20260716_142311_232ms,Thenar (R),R_The_ED_FD_FCR A,9,266.87847498012695,274.87847498012695,298.4440031771082,,,none,30.0,30,2,monophasic
Burst_autosave_20260716_142311_232ms,Thenar (R),R_The_ED_FD_FCR A,10,299.4440031771082,307.4440031771082,332.5980937251879,,,none,30.0,30,2,monophasic
Burst_autosave_20260716_142311_232ms,Thenar (R),R_The_ED_FD_FCR A,1,0.0,8.0,32.35980937251604,,,none,30.0,35,2,monophasic
Burst_autosave_20260716_142311_232ms,Thenar (R),R_The_ED_FD_FCR A,2,33.35980937251604,41.35980937251604,65.71961874503162,,,none,30.0,35,2,monophasic
Burst_autosave_20260716_142311_232ms,Thenar (R),R_The_ED_FD_FCR A,3,66.71961874503162,74.71961874503162,99.07942811754766,,,none,30.0,35,2,monophasic
Burst_autosave_20260716_142311_232ms,Thenar (R),R_The_ED_FD_FCR A,4,100.07942811754766,108.07942811754766,132.4392374900637,,,none,30.0,35,2,monophasic
Burst_autosave_20260716_142311_232ms,Thenar (R),R_The_ED_FD_FCR A,5,133.4392374900637,141.4392374900637,165.7990468625793,,,none,30.0,35,2,monophasic
Burst_autosave_20260716_142311_232ms,Thenar (R),R_The_ED_FD_FCR A,6,166.7990468625793,174.7990468625793,199.15885623509533,,,none,30.0,35,2,monophasic
Burst_autosave_20260716_142311_232ms,Thenar (R),R_The_ED_FD_FCR A,7,200.15885623509533,208.15885623509533,231.72438443207653,,,none,30.0,35,2,monophasic
Burst_autosave_20260716_142311_232ms,Thenar (R),R_The_ED_FD_FCR A,8,232.72438443207653,240.72438443207653,265.87847498012695,,,none,30.0,35,2,monophasic
Burst_autosave_20260716_142311_232ms,Thenar (R),R_The_ED_FD_FCR A,9,266.87847498012695,274.87847498012695,298.4440031771082,,,none,30.0,35,2,monophasic
Burst_autosave_20260716_142311_232ms,Thenar (R),R_The_ED_FD_FCR A,10,299.4440031771082,307.4440031771082,332.5980937251879,,,none,30.0,35,2,monophasic
Burst_autosave_20260716_142311_232ms,Thenar (R),R_The_ED_FD_FCR A,1,0.0,8.0,32.35980937251604,0.08056763745844364,0.08056763745844364,none,30.0,40,2,monophasic
Burst_autosave_20260716_142311_232ms,Thenar (R),R_The_ED_FD_FCR A,2,33.35980937251604,41.35980937251604,65.71961874503162,0.012085145339369758,0.012085145339369758,none,30.0,40,2,monophasic
Burst_autosave_20260716_142311_232ms,Thenar (R),R_The_ED_FD_FCR A,3,66.71961874503162,74.71961874503162,99.07942811754766,0.0073853656649093755,0.0073853656649093755,none,30.0,40,2,monophasic
Burst_autosave_20260716_142311_232ms,Thenar (R),R_The_ED_FD_FCR A,4,100.07942811754766,108.07942811754766,132.4392374900637,0.07838559709433612,0.07838559709433612,none,30.0,40,2,monophasic
Burst_autosave_20260716_142311_232ms,Thenar (R),R_The_ED_FD_FCR A,5,133.4392374900637,141.4392374900637,165.7990468625793,0.026520179584244227,0.026520179584244227,none,30.0,40,2,monophasic
Burst_autosave_20260716_142311_232ms,Thenar (R),R_The_ED_FD_FCR A,6,166.7990468625793,174.7990468625793,199.15885623509533,0.08123903255834292,0.08123903255834292,none,30.0,40,2,monophasic
Burst_autosave_20260716_142311_232ms,Thenar (R),R_The_ED_FD_FCR A,7,200.15885623509533,208.15885623509533,231.72438443207653,0.0013427939266576344,0.0013427939266576344,none,30.0,40,2,monophasic
Burst_autosave_20260716_142311_232ms,Thenar (R),R_The_ED_FD_FCR A,8,232.72438443207653,240.72438443207653,265.87847498012695,0.014099336693144397,0.014099336693144397,none,30.0,40,2,monophasic
Burst_autosave_20260716_142311_232ms,Thenar (R),R_The_ED_FD_FCR A,9,266.87847498012695,274.87847498012695,298.4440031771082,0.004028381779690799,0.004028381779690799,none,30.0,40,2,monophasic
Burst_autosave_20260716_142311_232ms,Thenar (R),R_The_ED_FD_FCR A,10,299.4440031771082,307.4440031771082,332.5980937251879,0.0020141918211927564,0.0020141918211927564,none,30.0,40,2,monophasic
Burst_autosave_20260716_142311_232ms,Ext. digitorum (R),R_The_ED_FD_FCR B,1,0.0,8.0,32.35980937251604,,,none,30.0,10,2,monophasic
Burst_autosave_20260716_142311_232ms,Ext. digitorum (R),R_The_ED_FD_FCR B,2,33.35980937251604,41.35980937251604,65.71961874503162,,,none,30.0,10,2,monophasic
Burst_autosave_20260716_142311_232ms,Ext. digitorum (R),R_The_ED_FD_FCR B,3,66.71961874503162,74.71961874503162,99.07942811754766,,,none,30.0,10,2,monophasic
Burst_autosave_20260716_142311_232ms,Ext. digitorum (R),R_The_ED_FD_FCR B,4,100.07942811754766,108.07942811754766,132.4392374900637,,,none,30.0,10,2,monophasic
Burst_autosave_20260716_142311_232ms,Ext. digitorum (R),R_The_ED_FD_FCR B,5,133.4392374900637,141.4392374900637,165.7990468625793,,,none,30.0,10,2,monophasic
Burst_autosave_20260716_142311_232ms,Ext. digitorum (R),R_The_ED_FD_FCR B,6,166.7990468625793,174.7990468625793,199.15885623509533,,,none,30.0,10,2,monophasic
Burst_autosave_20260716_142311_232ms,Ext. digitorum (R),R_The_ED_FD_FCR B,7,200.15885623509533,208.15885623509533,231.72438443207653,,,none,30.0,10,2,monophasic
Burst_autosave_20260716_142311_232ms,Ext. digitorum (R),R_The_ED_FD_FCR B,8,232.72438443207653,240.72438443207653,265.87847498012695,,,none,30.0,10,2,monophasic
Burst_autosave_20260716_142311_232ms,Ext. digitorum (R),R_The_ED_FD_FCR B,9,266.87847498012695,274.87847498012695,298.4440031771082,,,none,30.0,10,2,monophasic
Burst_autosave_20260716_142311_232ms,Ext. digitorum (R),R_The_ED_FD_FCR B,10,299.4440031771082,307.4440031771082,332.5980937251879,,,none,30.0,10,2,monophasic
Burst_autosave_20260716_142311_232ms,Ext. digitorum (R),R_The_ED_FD_FCR B,1,0.0,8.0,32.35980937251604,,,none,30.0,15,2,monophasic
Burst_autosave_20260716_142311_232ms,Ext. digitorum (R),R_The_ED_FD_FCR B,2,33.35980937251604,41.35980937251604,65.71961874503162,,,none,30.0,15,2,monophasic
Burst_autosave_20260716_142311_232ms,Ext. digitorum (R),R_The_ED_FD_FCR B,3,66.71961874503162,74.71961874503162,99.07942811754766,,,none,30.0,15,2,monophasic
Burst_autosave_20260716_142311_232ms,Ext. digitorum (R),R_The_ED_FD_FCR B,4,100.07942811754766,108.07942811754766,132.4392374900637,,,none,30.0,15,2,monophasic
Burst_autosave_20260716_142311_232ms,Ext. digitorum (R),R_The_ED_FD_FCR B,5,133.4392374900637,141.4392374900637,165.7990468625793,,,none,30.0,15,2,monophasic
Burst_autosave_20260716_142311_232ms,Ext. digitorum (R),R_The_ED_FD_FCR B,6,166.7990468625793,174.7990468625793,199.15885623509533,,,none,30.0,15,2,monophasic
Burst_autosave_20260716_142311_232ms,Ext. digitorum (R),R_The_ED_FD_FCR B,7,200.15885623509533,208.15885623509533,231.72438443207653,,,none,30.0,15,2,monophasic
Burst_autosave_20260716_142311_232ms,Ext. digitorum (R),R_The_ED_FD_FCR B,8,232.72438443207653,240.72438443207653,265.87847498012695,,,none,30.0,15,2,monophasic
Burst_autosave_20260716_142311_232ms,Ext. digitorum (R),R_The_ED_FD_FCR B,9,266.87847498012695,274.87847498012695,298.4440031771082,,,none,30.0,15,2,monophasic
Burst_autosave_20260716_142311_232ms,Ext. digitorum (R),R_The_ED_FD_FCR B,10,299.4440031771082,307.4440031771082,332.5980937251879,,,none,30.0,15,2,monophasic
Burst_autosave_20260716_142311_232ms,Ext. digitorum (R),R_The_ED_FD_FCR B,1,0.0,8.0,32.35980937251604,,,none,30.0,20,2,monophasic
Burst_autosave_20260716_142311_232ms,Ext. digitorum (R),R_The_ED_FD_FCR B,2,33.35980937251604,41.35980937251604,65.71961874503162,,,none,30.0,20,2,monophasic
Burst_autosave_20260716_142311_232ms,Ext. digitorum (R),R_The_ED_FD_FCR B,3,66.71961874503162,74.71961874503162,99.07942811754766,,,none,30.0,20,2,monophasic
Burst_autosave_20260716_142311_232ms,Ext. digitorum (R),R_The_ED_FD_FCR B,4,100.07942811754766,108.07942811754766,132.4392374900637,,,none,30.0,20,2,monophasic
Burst_autosave_20260716_142311_232ms,Ext. digitorum (R),R_The_ED_FD_FCR B,5,133.4392374900637,141.4392374900637,165.7990468625793,,,none,30.0,20,2,monophasic
Burst_autosave_20260716_142311_232ms,Ext. digitorum (R),R_The_ED_FD_FCR B,6,166.7990468625793,174.7990468625793,199.15885623509533,,,none,30.0,20,2,monophasic
Burst_autosave_20260716_142311_232ms,Ext. digitorum (R),R_The_ED_FD_FCR B,7,200.15885623509533,208.15885623509533,231.72438443207653,,,none,30.0,20,2,monophasic
Burst_autosave_20260716_142311_232ms,Ext. digitorum (R),R_The_ED_FD_FCR B,8,232.72438443207653,240.72438443207653,265.87847498012695,,,none,30.0,20,2,monophasic
Burst_autosave_20260716_142311_232ms,Ext. digitorum (R),R_The_ED_FD_FCR B,9,266.87847498012695,274.87847498012695,298.4440031771082,,,none,30.0,20,2,monophasic
Burst_autosave_20260716_142311_232ms,Ext. digitorum (R),R_The_ED_FD_FCR B,10,299.4440031771082,307.4440031771082,332.5980937251879,,,none,30.0,20,2,monophasic
Burst_autosave_20260716_142311_232ms,Ext. digitorum (R),R_The_ED_FD_FCR B,1,0.0,8.0,32.35980937251604,,,none,30.0,25,2,monophasic
Burst_autosave_20260716_142311_232ms,Ext. digitorum (R),R_The_ED_FD_FCR B,2,33.35980937251604,41.35980937251604,65.71961874503162,,,none,30.0,25,2,monophasic
Burst_autosave_20260716_142311_232ms,Ext. digitorum (R),R_The_ED_FD_FCR B,3,66.71961874503162,74.71961874503162,99.07942811754766,,,none,30.0,25,2,monophasic
Burst_autosave_20260716_142311_232ms,Ext. digitorum (R),R_The_ED_FD_FCR B,4,100.07942811754766,108.07942811754766,132.4392374900637,,,none,30.0,25,2,monophasic
Burst_autosave_20260716_142311_232ms,Ext. digitorum (R),R_The_ED_FD_FCR B,5,133.4392374900637,141.4392374900637,165.7990468625793,,,none,30.0,25,2,monophasic
Burst_autosave_20260716_142311_232ms,Ext. digitorum (R),R_The_ED_FD_FCR B,6,166.7990468625793,174.7990468625793,199.15885623509533,,,none,30.0,25,2,monophasic
Burst_autosave_20260716_142311_232ms,Ext. digitorum (R),R_The_ED_FD_FCR B,7,200.15885623509533,208.15885623509533,231.72438443207653,,,none,30.0,25,2,monophasic
Burst_autosave_20260716_142311_232ms,Ext. digitorum (R),R_The_ED_FD_FCR B,8,232.72438443207653,240.72438443207653,265.87847498012695,,,none,30.0,25,2,monophasic
Burst_autosave_20260716_142311_232ms,Ext. digitorum (R),R_The_ED_FD_FCR B,9,266.87847498012695,274.87847498012695,298.4440031771082,,,none,30.0,25,2,monophasic
Burst_autosave_20260716_142311_232ms,Ext. digitorum (R),R_The_ED_FD_FCR B,10,299.4440031771082,307.4440031771082,332.5980937251879,,,none,30.0,25,2,monophasic
Burst_autosave_20260716_142311_232ms,Ext. digitorum (R),R_The_ED_FD_FCR B,1,0.0,8.0,32.35980937251604,,,none,30.0,30,2,monophasic
Burst_autosave_20260716_142311_232ms,Ext. digitorum (R),R_The_ED_FD_FCR B,2,33.35980937251604,41.35980937251604,65.71961874503162,,,none,30.0,30,2,monophasic
Burst_autosave_20260716_142311_232ms,Ext. digitorum (R),R_The_ED_FD_FCR B,3,66.71961874503162,74.71961874503162,99.07942811754766,,,none,30.0,30,2,monophasic
Burst_autosave_20260716_142311_232ms,Ext. digitorum (R),R_The_ED_FD_FCR B,4,100.07942811754766,108.07942811754766,132.4392374900637,,,none,30.0,30,2,monophasic
Burst_autosave_20260716_142311_232ms,Ext. digitorum (R),R_The_ED_FD_FCR B,5,133.4392374900637,141.4392374900637,165.7990468625793,,,none,30.0,30,2,monophasic
Burst_autosave_20260716_142311_232ms,Ext. digitorum (R),R_The_ED_FD_FCR B,6,166.7990468625793,174.7990468625793,199.15885623509533,,,none,30.0,30,2,monophasic
Burst_autosave_20260716_142311_232ms,Ext. digitorum (R),R_The_ED_FD_FCR B,7,200.15885623509533,208.15885623509533,231.72438443207653,,,none,30.0,30,2,monophasic
Burst_autosave_20260716_142311_232ms,Ext. digitorum (R),R_The_ED_FD_FCR B,8,232.72438443207653,240.72438443207653,265.87847498012695,,,none,30.0,30,2,monophasic
Burst_autosave_20260716_142311_232ms,Ext. digitorum (R),R_The_ED_FD_FCR B,9,266.87847498012695,274.87847498012695,298.4440031771082,,,none,30.0,30,2,monophasic
Burst_autosave_20260716_142311_232ms,Ext. digitorum (R),R_The_ED_FD_FCR B,10,299.4440031771082,307.4440031771082,332.5980937251879,,,none,30.0,30,2,monophasic
Burst_autosave_20260716_142311_232ms,Ext. digitorum (R),R_The_ED_FD_FCR B,1,0.0,8.0,32.35980937251604,,,none,30.0,35,2,monophasic
Burst_autosave_20260716_142311_232ms,Ext. digitorum (R),R_The_ED_FD_FCR B,2,33.35980937251604,41.35980937251604,65.71961874503162,,,none,30.0,35,2,monophasic
Burst_autosave_20260716_142311_232ms,Ext. digitorum (R),R_The_ED_FD_FCR B,3,66.71961874503162,74.71961874503162,99.07942811754766,,,none,30.0,35,2,monophasic
Burst_autosave_20260716_142311_232ms,Ext. digitorum (R),R_The_ED_FD_FCR B,4,100.07942811754766,108.07942811754766,132.4392374900637,,,none,30.0,35,2,monophasic
Burst_autosave_20260716_142311_232ms,Ext. digitorum (R),R_The_ED_FD_FCR B,5,133.4392374900637,141.4392374900637,165.7990468625793,,,none,30.0,35,2,monophasic
Burst_autosave_20260716_142311_232ms,Ext. digitorum (R),R_The_ED_FD_FCR B,6,166.7990468625793,174.7990468625793,199.15885623509533,,,none,30.0,35,2,monophasic
Burst_autosave_20260716_142311_232ms,Ext. digitorum (R),R_The_ED_FD_FCR B,7,200.15885623509533,208.15885623509533,231.72438443207653,,,none,30.0,35,2,monophasic
Burst_autosave_20260716_142311_232ms,Ext. digitorum (R),R_The_ED_FD_FCR B,8,232.72438443207653,240.72438443207653,265.87847498012695,,,none,30.0,35,2,monophasic
Burst_autosave_20260716_142311_232ms,Ext. digitorum (R),R_The_ED_FD_FCR B,9,266.87847498012695,274.87847498012695,298.4440031771082,,,none,30.0,35,2,monophasic
Burst_autosave_20260716_142311_232ms,Ext. digitorum (R),R_The_ED_FD_FCR B,10,299.4440031771082,307.4440031771082,332.5980937251879,,,none,30.0,35,2,monophasic
Burst_autosave_20260716_142311_232ms,Ext. digitorum (R),R_The_ED_FD_FCR B,1,0.0,8.0,32.35980937251604,0.023163194535300136,0.023163194535300136,none,30.0,40,2,monophasic
Burst_autosave_20260716_142311_232ms,Ext. digitorum (R),R_The_ED_FD_FCR B,2,33.35980937251604,41.35980937251604,65.71961874503162,0.0236667436547577,0.0236667436547577,none,30.0,40,2,monophasic
Burst_autosave_20260716_142311_232ms,Ext. digitorum (R),R_The_ED_FD_FCR B,3,66.71961874503162,74.71961874503162,99.07942811754766,0.03390554618089492,0.03390554618089492,none,30.0,40,2,monophasic
Burst_autosave_20260716_142311_232ms,Ext. digitorum (R),R_The_ED_FD_FCR B,4,100.07942811754766,108.07942811754766,132.4392374900637,0.007385366596281515,0.007385366596281515,none,30.0,40,2,monophasic
Burst_autosave_20260716_142311_232ms,Ext. digitorum (R),R_The_ED_FD_FCR B,5,133.4392374900637,141.4392374900637,165.7990468625793,0.02534523489884877,0.02534523489884877,none,30.0,40,2,monophasic
Burst_autosave_20260716_142311_232ms,Ext. digitorum (R),R_The_ED_FD_FCR B,6,166.7990468625793,174.7990468625793,199.15885623509533,0.018799114506687857,0.018799114506687857,none,30.0,40,2,monophasic
Burst_autosave_20260716_142311_232ms,Ext. digitorum (R),R_The_ED_FD_FCR B,7,200.15885623509533,208.15885623509533,231.72438443207653,0.018127718474715903,0.018127718474715903,none,30.0,40,2,monophasic
Burst_autosave_20260716_142311_232ms,Ext. digitorum (R),R_The_ED_FD_FCR B,8,232.72438443207653,240.72438443207653,265.87847498012695,0.018127718707546387,0.018127718707546387,none,30.0,40,2,monophasic
Burst_autosave_20260716_142311_232ms,Ext. digitorum (R),R_The_ED_FD_FCR B,9,266.87847498012695,274.87847498012695,298.4440031771082,0.012756542069836988,0.012756542069836988,none,30.0,40,2,monophasic
Burst_autosave_20260716_142311_232ms,Ext. digitorum (R),R_The_ED_FD_FCR B,10,299.4440031771082,307.4440031771082,332.5980937251879,0.011078049428760778,0.011078049428760778,none,30.0,40,2,monophasic
Burst_autosave_20260716_142311_232ms,Flex. digitorum (R),R_The_ED_FD_FCR C,1,0.0,8.0,32.35980937251604,,,none,30.0,10,2,monophasic
Burst_autosave_20260716_142311_232ms,Flex. digitorum (R),R_The_ED_FD_FCR C,2,33.35980937251604,41.35980937251604,65.71961874503162,,,none,30.0,10,2,monophasic
Burst_autosave_20260716_142311_232ms,Flex. digitorum (R),R_The_ED_FD_FCR C,3,66.71961874503162,74.71961874503162,99.07942811754766,,,none,30.0,10,2,monophasic
Burst_autosave_20260716_142311_232ms,Flex. digitorum (R),R_The_ED_FD_FCR C,4,100.07942811754766,108.07942811754766,132.4392374900637,,,none,30.0,10,2,monophasic
Burst_autosave_20260716_142311_232ms,Flex. digitorum (R),R_The_ED_FD_FCR C,5,133.4392374900637,141.4392374900637,165.7990468625793,,,none,30.0,10,2,monophasic
Burst_autosave_20260716_142311_232ms,Flex. digitorum (R),R_The_ED_FD_FCR C,6,166.7990468625793,174.7990468625793,199.15885623509533,,,none,30.0,10,2,monophasic
Burst_autosave_20260716_142311_232ms,Flex. digitorum (R),R_The_ED_FD_FCR C,7,200.15885623509533,208.15885623509533,231.72438443207653,,,none,30.0,10,2,monophasic
Burst_autosave_20260716_142311_232ms,Flex. digitorum (R),R_The_ED_FD_FCR C,8,232.72438443207653,240.72438443207653,265.87847498012695,,,none,30.0,10,2,monophasic
Burst_autosave_20260716_142311_232ms,Flex. digitorum (R),R_The_ED_FD_FCR C,9,266.87847498012695,274.87847498012695,298.4440031771082,,,none,30.0,10,2,monophasic
Burst_autosave_20260716_142311_232ms,Flex. digitorum (R),R_The_ED_FD_FCR C,10,299.4440031771082,307.4440031771082,332.5980937251879,,,none,30.0,10,2,monophasic
Burst_autosave_20260716_142311_232ms,Flex. digitorum (R),R_The_ED_FD_FCR C,1,0.0,8.0,32.35980937251604,,,none,30.0,15,2,monophasic
Burst_autosave_20260716_142311_232ms,Flex. digitorum (R),R_The_ED_FD_FCR C,2,33.35980937251604,41.35980937251604,65.71961874503162,,,none,30.0,15,2,monophasic
Burst_autosave_20260716_142311_232ms,Flex. digitorum (R),R_The_ED_FD_FCR C,3,66.71961874503162,74.71961874503162,99.07942811754766,,,none,30.0,15,2,monophasic
Burst_autosave_20260716_142311_232ms,Flex. digitorum (R),R_The_ED_FD_FCR C,4,100.07942811754766,108.07942811754766,132.4392374900637,,,none,30.0,15,2,monophasic
Burst_autosave_20260716_142311_232ms,Flex. digitorum (R),R_The_ED_FD_FCR C,5,133.4392374900637,141.4392374900637,165.7990468625793,,,none,30.0,15,2,monophasic
Burst_autosave_20260716_142311_232ms,Flex. digitorum (R),R_The_ED_FD_FCR C,6,166.7990468625793,174.7990468625793,199.15885623509533,,,none,30.0,15,2,monophasic
Burst_autosave_20260716_142311_232ms,Flex. digitorum (R),R_The_ED_FD_FCR C,7,200.15885623509533,208.15885623509533,231.72438443207653,,,none,30.0,15,2,monophasic
Burst_autosave_20260716_142311_232ms,Flex. digitorum (R),R_The_ED_FD_FCR C,8,232.72438443207653,240.72438443207653,265.87847498012695,,,none,30.0,15,2,monophasic
Burst_autosave_20260716_142311_232ms,Flex. digitorum (R),R_The_ED_FD_FCR C,9,266.87847498012695,274.87847498012695,298.4440031771082,,,none,30.0,15,2,monophasic
Burst_autosave_20260716_142311_232ms,Flex. digitorum (R),R_The_ED_FD_FCR C,10,299.4440031771082,307.4440031771082,332.5980937251879,,,none,30.0,15,2,monophasic
Burst_autosave_20260716_142311_232ms,Flex. digitorum (R),R_The_ED_FD_FCR C,1,0.0,8.0,32.35980937251604,,,none,30.0,20,2,monophasic
Burst_autosave_20260716_142311_232ms,Flex. digitorum (R),R_The_ED_FD_FCR C,2,33.35980937251604,41.35980937251604,65.71961874503162,,,none,30.0,20,2,monophasic
Burst_autosave_20260716_142311_232ms,Flex. digitorum (R),R_The_ED_FD_FCR C,3,66.71961874503162,74.71961874503162,99.07942811754766,,,none,30.0,20,2,monophasic
Burst_autosave_20260716_142311_232ms,Flex. digitorum (R),R_The_ED_FD_FCR C,4,100.07942811754766,108.07942811754766,132.4392374900637,,,none,30.0,20,2,monophasic
Burst_autosave_20260716_142311_232ms,Flex. digitorum (R),R_The_ED_FD_FCR C,5,133.4392374900637,141.4392374900637,165.7990468625793,,,none,30.0,20,2,monophasic
Burst_autosave_20260716_142311_232ms,Flex. digitorum (R),R_The_ED_FD_FCR C,6,166.7990468625793,174.7990468625793,199.15885623509533,,,none,30.0,20,2,monophasic
Burst_autosave_20260716_142311_232ms,Flex. digitorum (R),R_The_ED_FD_FCR C,7,200.15885623509533,208.15885623509533,231.72438443207653,,,none,30.0,20,2,monophasic
Burst_autosave_20260716_142311_232ms,Flex. digitorum (R),R_The_ED_FD_FCR C,8,232.72438443207653,240.72438443207653,265.87847498012695,,,none,30.0,20,2,monophasic
Burst_autosave_20260716_142311_232ms,Flex. digitorum (R),R_The_ED_FD_FCR C,9,266.87847498012695,274.87847498012695,298.4440031771082,,,none,30.0,20,2,monophasic
Burst_autosave_20260716_142311_232ms,Flex. digitorum (R),R_The_ED_FD_FCR C,10,299.4440031771082,307.4440031771082,332.5980937251879,,,none,30.0,20,2,monophasic
Burst_autosave_20260716_142311_232ms,Flex. digitorum (R),R_The_ED_FD_FCR C,1,0.0,8.0,32.35980937251604,,,none,30.0,25,2,monophasic
Burst_autosave_20260716_142311_232ms,Flex. digitorum (R),R_The_ED_FD_FCR C,2,33.35980937251604,41.35980937251604,65.71961874503162,,,none,30.0,25,2,monophasic
Burst_autosave_20260716_142311_232ms,Flex. digitorum (R),R_The_ED_FD_FCR C,3,66.71961874503162,74.71961874503162,99.07942811754766,,,none,30.0,25,2,monophasic
Burst_autosave_20260716_142311_232ms,Flex. digitorum (R),R_The_ED_FD_FCR C,4,100.07942811754766,108.07942811754766,132.4392374900637,,,none,30.0,25,2,monophasic
Burst_autosave_20260716_142311_232ms,Flex. digitorum (R),R_The_ED_FD_FCR C,5,133.4392374900637,141.4392374900637,165.7990468625793,,,none,30.0,25,2,monophasic
Burst_autosave_20260716_142311_232ms,Flex. digitorum (R),R_The_ED_FD_FCR C,6,166.7990468625793,174.7990468625793,199.15885623509533,,,none,30.0,25,2,monophasic
Burst_autosave_20260716_142311_232ms,Flex. digitorum (R),R_The_ED_FD_FCR C,7,200.15885623509533,208.15885623509533,231.72438443207653,,,none,30.0,25,2,monophasic
Burst_autosave_20260716_142311_232ms,Flex. digitorum (R),R_The_ED_FD_FCR C,8,232.72438443207653,240.72438443207653,265.87847498012695,,,none,30.0,25,2,monophasic
Burst_autosave_20260716_142311_232ms,Flex. digitorum (R),R_The_ED_FD_FCR C,9,266.87847498012695,274.87847498012695,298.4440031771082,,,none,30.0,25,2,monophasic
Burst_autosave_20260716_142311_232ms,Flex. digitorum (R),R_The_ED_FD_FCR C,10,299.4440031771082,307.4440031771082,332.5980937251879,,,none,30.0,25,2,monophasic
Burst_autosave_20260716_142311_232ms,Flex. digitorum (R),R_The_ED_FD_FCR C,1,0.0,8.0,32.35980937251604,,,none,30.0,30,2,monophasic
Burst_autosave_20260716_142311_232ms,Flex. digitorum (R),R_The_ED_FD_FCR C,2,33.35980937251604,41.35980937251604,65.71961874503162,,,none,30.0,30,2,monophasic
Burst_autosave_20260716_142311_232ms,Flex. digitorum (R),R_The_ED_FD_FCR C,3,66.71961874503162,74.71961874503162,99.07942811754766,,,none,30.0,30,2,monophasic
Burst_autosave_20260716_142311_232ms,Flex. digitorum (R),R_The_ED_FD_FCR C,4,100.07942811754766,108.07942811754766,132.4392374900637,,,none,30.0,30,2,monophasic
Burst_autosave_20260716_142311_232ms,Flex. digitorum (R),R_The_ED_FD_FCR C,5,133.4392374900637,141.4392374900637,165.7990468625793,,,none,30.0,30,2,monophasic
Burst_autosave_20260716_142311_232ms,Flex. digitorum (R),R_The_ED_FD_FCR C,6,166.7990468625793,174.7990468625793,199.15885623509533,,,none,30.0,30,2,monophasic
Burst_autosave_20260716_142311_232ms,Flex. digitorum (R),R_The_ED_FD_FCR C,7,200.15885623509533,208.15885623509533,231.72438443207653,,,none,30.0,30,2,monophasic
Burst_autosave_20260716_142311_232ms,Flex. digitorum (R),R_The_ED_FD_FCR C,8,232.72438443207653,240.72438443207653,265.87847498012695,,,none,30.0,30,2,monophasic
Burst_autosave_20260716_142311_232ms,Flex. digitorum (R),R_The_ED_FD_FCR C,9,266.87847498012695,274.87847498012695,298.4440031771082,,,none,30.0,30,2,monophasic
Burst_autosave_20260716_142311_232ms,Flex. digitorum (R),R_The_ED_FD_FCR C,10,299.4440031771082,307.4440031771082,332.5980937251879,,,none,30.0,30,2,monophasic
Burst_autosave_20260716_142311_232ms,Flex. digitorum (R),R_The_ED_FD_FCR C,1,0.0,8.0,32.35980937251604,0.2860151082277298,0.2860151082277298,none,30.0,35,2,monophasic
Burst_autosave_20260716_142311_232ms,Flex. digitorum (R),R_The_ED_FD_FCR C,2,33.35980937251604,41.35980937251604,65.71961874503162,0.2762798517942421,0.2762798517942421,none,30.0,35,2,monophasic
Burst_autosave_20260716_142311_232ms,Flex. digitorum (R),R_The_ED_FD_FCR C,3,66.71961874503162,74.71961874503162,99.07942811754766,0.06848249211905247,0.06848249211905247,none,30.0,35,2,monophasic
Burst_autosave_20260716_142311_232ms,Flex. digitorum (R),R_The_ED_FD_FCR C,4,100.07942811754766,108.07942811754766,132.4392374900637,0.27090866863727564,0.27090866863727564,none,30.0,35,2,monophasic
Burst_autosave_20260716_142311_232ms,Flex. digitorum (R),R_The_ED_FD_FCR C,5,133.4392374900637,141.4392374900637,165.7990468625793,0.24103151261806488,0.24103151261806488,none,30.0,35,2,monophasic
Burst_autosave_20260716_142311_232ms,Flex. digitorum (R),R_The_ED_FD_FCR C,6,166.7990468625793,174.7990468625793,199.15885623509533,0.07721064984796491,0.07721064984796491,none,30.0,35,2,monophasic
Burst_autosave_20260716_142311_232ms,Flex. digitorum (R),R_The_ED_FD_FCR C,7,200.15885623509533,208.15885623509533,231.72438443207653,0.22961776703596115,0.22961776703596115,none,30.0,35,2,monophasic
Burst_autosave_20260716_142311_232ms,Flex. digitorum (R),R_The_ED_FD_FCR C,8,232.72438443207653,240.72438443207653,265.87847498012695,0.24203860759735066,0.24203860759735066,none,30.0,35,2,monophasic
Burst_autosave_20260716_142311_232ms,Flex. digitorum (R),R_The_ED_FD_FCR C,9,266.87847498012695,274.87847498012695,298.4440031771082,0.006713969632983045,0.006713969632983045,none,30.0,35,2,monophasic
Burst_autosave_20260716_142311_232ms,Flex. digitorum (R),R_The_ED_FD_FCR C,10,299.4440031771082,307.4440031771082,332.5980937251879,0.24707408994396277,0.24707408994396277,none,30.0,35,2,monophasic
Burst_autosave_20260716_142311_232ms,Flex. digitorum (R),R_The_ED_FD_FCR C,1,0.0,8.0,32.35980937251604,0.3202563524246216,0.3202563524246216,none,30.0,40,2,monophasic
Burst_autosave_20260716_142311_232ms,Flex. digitorum (R),R_The_ED_FD_FCR C,2,33.35980937251604,41.35980937251604,65.71961874503162,0.28970777988433727,0.28970777988433727,none,30.0,40,2,monophasic
Burst_autosave_20260716_142311_232ms,Flex. digitorum (R),R_The_ED_FD_FCR C,3,66.71961874503162,74.71961874503162,99.07942811754766,0.29138629138457317,0.29138629138457317,none,30.0,40,2,monophasic
Burst_autosave_20260716_142311_232ms,Flex. digitorum (R),R_The_ED_FD_FCR C,4,100.07942811754766,108.07942811754766,132.4392374900637,0.2981002479791641,0.2981002479791641,none,30.0,40,2,monophasic
Burst_autosave_20260716_142311_232ms,Flex. digitorum (R),R_The_ED_FD_FCR C,5,133.4392374900637,141.4392374900637,165.7990468625793,0.32310979068279266,0.32310979068279266,none,30.0,40,2,monophasic
Burst_autosave_20260716_142311_232ms,Flex. digitorum (R),R_The_ED_FD_FCR C,6,166.7990468625793,174.7990468625793,199.15885623509533,0.26553750038140755,0.26553750038140755,none,30.0,40,2,monophasic
Burst_autosave_20260716_142311_232ms,Flex. digitorum (R),R_The_ED_FD_FCR C,7,200.15885623509533,208.15885623509533,231.72438443207653,0.23884946852922345,0.23884946852922345,none,30.0,40,2,monophasic
Burst_autosave_20260716_142311_232ms,Flex. digitorum (R),R_The_ED_FD_FCR C,8,232.72438443207653,240.72438443207653,265.87847498012695,0.24539558589457777,0.24539558589457777,none,30.0,40,2,monophasic
Burst_autosave_20260716_142311_232ms,Flex. digitorum (R),R_The_ED_FD_FCR C,9,266.87847498012695,274.87847498012695,298.4440031771082,0.27493706345557956,0.27493706345557956,none,30.0,40,2,monophasic
Burst_autosave_20260716_142311_232ms,Flex. digitorum (R),R_The_ED_FD_FCR C,10,299.4440031771082,307.4440031771082,332.5980937251879,0.25227740406984306,0.25227740406984306,none,30.0,40,2,monophasic
Burst_autosave_20260716_142311_232ms,Flex. carpi rad. (R),R_The_ED_FD_FCR D,1,0.0,8.0,32.35980937251604,,,none,30.0,10,2,monophasic
Burst_autosave_20260716_142311_232ms,Flex. carpi rad. (R),R_The_ED_FD_FCR D,2,33.35980937251604,41.35980937251604,65.71961874503162,,,none,30.0,10,2,monophasic
Burst_autosave_20260716_142311_232ms,Flex. carpi rad. (R),R_The_ED_FD_FCR D,3,66.71961874503162,74.71961874503162,99.07942811754766,,,none,30.0,10,2,monophasic
Burst_autosave_20260716_142311_232ms,Flex. carpi rad. (R),R_The_ED_FD_FCR D,4,100.07942811754766,108.07942811754766,132.4392374900637,,,none,30.0,10,2,monophasic
Burst_autosave_20260716_142311_232ms,Flex. carpi rad. (R),R_The_ED_FD_FCR D,5,133.4392374900637,141.4392374900637,165.7990468625793,,,none,30.0,10,2,monophasic
Burst_autosave_20260716_142311_232ms,Flex. carpi rad. (R),R_The_ED_FD_FCR D,6,166.7990468625793,174.7990468625793,199.15885623509533,,,none,30.0,10,2,monophasic
Burst_autosave_20260716_142311_232ms,Flex. carpi rad. (R),R_The_ED_FD_FCR D,7,200.15885623509533,208.15885623509533,231.72438443207653,,,none,30.0,10,2,monophasic
Burst_autosave_20260716_142311_232ms,Flex. carpi rad. (R),R_The_ED_FD_FCR D,8,232.72438443207653,240.72438443207653,265.87847498012695,,,none,30.0,10,2,monophasic
Burst_autosave_20260716_142311_232ms,Flex. carpi rad. (R),R_The_ED_FD_FCR D,9,266.87847498012695,274.87847498012695,298.4440031771082,,,none,30.0,10,2,monophasic
Burst_autosave_20260716_142311_232ms,Flex. carpi rad. (R),R_The_ED_FD_FCR D,10,299.4440031771082,307.4440031771082,332.5980937251879,,,none,30.0,10,2,monophasic
Burst_autosave_20260716_142311_232ms,Flex. carpi rad. (R),R_The_ED_FD_FCR D,1,0.0,8.0,32.35980937251604,,,none,30.0,15,2,monophasic
Burst_autosave_20260716_142311_232ms,Flex. carpi rad. (R),R_The_ED_FD_FCR D,2,33.35980937251604,41.35980937251604,65.71961874503162,,,none,30.0,15,2,monophasic
Burst_autosave_20260716_142311_232ms,Flex. carpi rad. (R),R_The_ED_FD_FCR D,3,66.71961874503162,74.71961874503162,99.07942811754766,,,none,30.0,15,2,monophasic
Burst_autosave_20260716_142311_232ms,Flex. carpi rad. (R),R_The_ED_FD_FCR D,4,100.07942811754766,108.07942811754766,132.4392374900637,,,none,30.0,15,2,monophasic
Burst_autosave_20260716_142311_232ms,Flex. carpi rad. (R),R_The_ED_FD_FCR D,5,133.4392374900637,141.4392374900637,165.7990468625793,,,none,30.0,15,2,monophasic
Burst_autosave_20260716_142311_232ms,Flex. carpi rad. (R),R_The_ED_FD_FCR D,6,166.7990468625793,174.7990468625793,199.15885623509533,,,none,30.0,15,2,monophasic
Burst_autosave_20260716_142311_232ms,Flex. carpi rad. (R),R_The_ED_FD_FCR D,7,200.15885623509533,208.15885623509533,231.72438443207653,,,none,30.0,15,2,monophasic
Burst_autosave_20260716_142311_232ms,Flex. carpi rad. (R),R_The_ED_FD_FCR D,8,232.72438443207653,240.72438443207653,265.87847498012695,,,none,30.0,15,2,monophasic
Burst_autosave_20260716_142311_232ms,Flex. carpi rad. (R),R_The_ED_FD_FCR D,9,266.87847498012695,274.87847498012695,298.4440031771082,,,none,30.0,15,2,monophasic
Burst_autosave_20260716_142311_232ms,Flex. carpi rad. (R),R_The_ED_FD_FCR D,10,299.4440031771082,307.4440031771082,332.5980937251879,,,none,30.0,15,2,monophasic
Burst_autosave_20260716_142311_232ms,Flex. carpi rad. (R),R_The_ED_FD_FCR D,1,0.0,8.0,32.35980937251604,,,none,30.0,20,2,monophasic
Burst_autosave_20260716_142311_232ms,Flex. carpi rad. (R),R_The_ED_FD_FCR D,2,33.35980937251604,41.35980937251604,65.71961874503162,,,none,30.0,20,2,monophasic
Burst_autosave_20260716_142311_232ms,Flex. carpi rad. (R),R_The_ED_FD_FCR D,3,66.71961874503162,74.71961874503162,99.07942811754766,,,none,30.0,20,2,monophasic
Burst_autosave_20260716_142311_232ms,Flex. carpi rad. (R),R_The_ED_FD_FCR D,4,100.07942811754766,108.07942811754766,132.4392374900637,,,none,30.0,20,2,monophasic
Burst_autosave_20260716_142311_232ms,Flex. carpi rad. (R),R_The_ED_FD_FCR D,5,133.4392374900637,141.4392374900637,165.7990468625793,,,none,30.0,20,2,monophasic
Burst_autosave_20260716_142311_232ms,Flex. carpi rad. (R),R_The_ED_FD_FCR D,6,166.7990468625793,174.7990468625793,199.15885623509533,,,none,30.0,20,2,monophasic
Burst_autosave_20260716_142311_232ms,Flex. carpi rad. (R),R_The_ED_FD_FCR D,7,200.15885623509533,208.15885623509533,231.72438443207653,,,none,30.0,20,2,monophasic
Burst_autosave_20260716_142311_232ms,Flex. carpi rad. (R),R_The_ED_FD_FCR D,8,232.72438443207653,240.72438443207653,265.87847498012695,,,none,30.0,20,2,monophasic
Burst_autosave_20260716_142311_232ms,Flex. carpi rad. (R),R_The_ED_FD_FCR D,9,266.87847498012695,274.87847498012695,298.4440031771082,,,none,30.0,20,2,monophasic
Burst_autosave_20260716_142311_232ms,Flex. carpi rad. (R),R_The_ED_FD_FCR D,10,299.4440031771082,307.4440031771082,332.5980937251879,,,none,30.0,20,2,monophasic
Burst_autosave_20260716_142311_232ms,Flex. carpi rad. (R),R_The_ED_FD_FCR D,1,0.0,8.0,32.35980937251604,,,none,30.0,25,2,monophasic
Burst_autosave_20260716_142311_232ms,Flex. carpi rad. (R),R_The_ED_FD_FCR D,2,33.35980937251604,41.35980937251604,65.71961874503162,,,none,30.0,25,2,monophasic
Burst_autosave_20260716_142311_232ms,Flex. carpi rad. (R),R_The_ED_FD_FCR D,3,66.71961874503162,74.71961874503162,99.07942811754766,,,none,30.0,25,2,monophasic
Burst_autosave_20260716_142311_232ms,Flex. carpi rad. (R),R_The_ED_FD_FCR D,4,100.07942811754766,108.07942811754766,132.4392374900637,,,none,30.0,25,2,monophasic
Burst_autosave_20260716_142311_232ms,Flex. carpi rad. (R),R_The_ED_FD_FCR D,5,133.4392374900637,141.4392374900637,165.7990468625793,,,none,30.0,25,2,monophasic
Burst_autosave_20260716_142311_232ms,Flex. carpi rad. (R),R_The_ED_FD_FCR D,6,166.7990468625793,174.7990468625793,199.15885623509533,,,none,30.0,25,2,monophasic
Burst_autosave_20260716_142311_232ms,Flex. carpi rad. (R),R_The_ED_FD_FCR D,7,200.15885623509533,208.15885623509533,231.72438443207653,,,none,30.0,25,2,monophasic
Burst_autosave_20260716_142311_232ms,Flex. carpi rad. (R),R_The_ED_FD_FCR D,8,232.72438443207653,240.72438443207653,265.87847498012695,,,none,30.0,25,2,monophasic
Burst_autosave_20260716_142311_232ms,Flex. carpi rad. (R),R_The_ED_FD_FCR D,9,266.87847498012695,274.87847498012695,298.4440031771082,,,none,30.0,25,2,monophasic
Burst_autosave_20260716_142311_232ms,Flex. carpi rad. (R),R_The_ED_FD_FCR D,10,299.4440031771082,307.4440031771082,332.5980937251879,,,none,30.0,25,2,monophasic
Burst_autosave_20260716_142311_232ms,Flex. carpi rad. (R),R_The_ED_FD_FCR D,1,0.0,8.0,32.35980937251604,,,none,30.0,30,2,monophasic
Burst_autosave_20260716_142311_232ms,Flex. carpi rad. (R),R_The_ED_FD_FCR D,2,33.35980937251604,41.35980937251604,65.71961874503162,,,none,30.0,30,2,monophasic
Burst_autosave_20260716_142311_232ms,Flex. carpi rad. (R),R_The_ED_FD_FCR D,3,66.71961874503162,74.71961874503162,99.07942811754766,,,none,30.0,30,2,monophasic
Burst_autosave_20260716_142311_232ms,Flex. carpi rad. (R),R_The_ED_FD_FCR D,4,100.07942811754766,108.07942811754766,132.4392374900637,,,none,30.0,30,2,monophasic
Burst_autosave_20260716_142311_232ms,Flex. carpi rad. (R),R_The_ED_FD_FCR D,5,133.4392374900637,141.4392374900637,165.7990468625793,,,none,30.0,30,2,monophasic
Burst_autosave_20260716_142311_232ms,Flex. carpi rad. (R),R_The_ED_FD_FCR D,6,166.7990468625793,174.7990468625793,199.15885623509533,,,none,30.0,30,2,monophasic
Burst_autosave_20260716_142311_232ms,Flex. carpi rad. (R),R_The_ED_FD_FCR D,7,200.15885623509533,208.15885623509533,231.72438443207653,,,none,30.0,30,2,monophasic
Burst_autosave_20260716_142311_232ms,Flex. carpi rad. (R),R_The_ED_FD_FCR D,8,232.72438443207653,240.72438443207653,265.87847498012695,,,none,30.0,30,2,monophasic
Burst_autosave_20260716_142311_232ms,Flex. carpi rad. (R),R_The_ED_FD_FCR D,9,266.87847498012695,274.87847498012695,298.4440031771082,,,none,30.0,30,2,monophasic
Burst_autosave_20260716_142311_232ms,Flex. carpi rad. (R),R_The_ED_FD_FCR D,10,299.4440031771082,307.4440031771082,332.5980937251879,,,none,30.0,30,2,monophasic
Burst_autosave_20260716_142311_232ms,Flex. carpi rad. (R),R_The_ED_FD_FCR D,1,0.0,8.0,32.35980937251604,0.010406652465462685,0.010406652465462685,none,30.0,35,2,monophasic
Burst_autosave_20260716_142311_232ms,Flex. carpi rad. (R),R_The_ED_FD_FCR D,2,33.35980937251604,41.35980937251604,65.71961874503162,0.021820401540026024,0.021820401540026024,none,30.0,35,2,monophasic
Burst_autosave_20260716_142311_232ms,Flex. carpi rad. (R),R_The_ED_FD_FCR D,3,66.71961874503162,74.71961874503162,99.07942811754766,0.017624170053749395,0.017624170053749395,none,30.0,35,2,monophasic
Burst_autosave_20260716_142311_232ms,Flex. carpi rad. (R),R_The_ED_FD_FCR D,4,100.07942811754766,108.07942811754766,132.4392374900637,0.012756542069837451,0.012756542069837451,none,30.0,35,2,monophasic
Burst_autosave_20260716_142311_232ms,Flex. carpi rad. (R),R_The_ED_FD_FCR D,5,133.4392374900637,141.4392374900637,165.7990468625793,0.009399557486176671,0.009399557486176671,none,30.0,35,2,monophasic
Burst_autosave_20260716_142311_232ms,Flex. carpi rad. (R),R_The_ED_FD_FCR D,6,166.7990468625793,174.7990468625793,199.15885623509533,0.010910201352089536,0.010910201352089536,none,30.0,35,2,monophasic
Burst_autosave_20260716_142311_232ms,Flex. carpi rad. (R),R_The_ED_FD_FCR D,7,200.15885623509533,208.15885623509533,231.72438443207653,0.008056763326749199,0.008056763326749199,none,30.0,35,2,monophasic
Burst_autosave_20260716_142311_232ms,Flex. carpi rad. (R),R_The_ED_FD_FCR D,8,232.72438443207653,240.72438443207653,265.87847498012695,0.01057450263760979,0.01057450263760979,none,30.0,35,2,monophasic
Burst_autosave_20260716_142311_232ms,Flex. carpi rad. (R),R_The_ED_FD_FCR D,9,266.87847498012695,274.87847498012695,298.4440031771082,0.011581597849714053,0.011581597849714053,none,30.0,35,2,monophasic
Burst_autosave_20260716_142311_232ms,Flex. carpi rad. (R),R_The_ED_FD_FCR D,10,299.4440031771082,307.4440031771082,332.5980937251879,0.009567406959830228,0.009567406959830228,none,30.0,35,2,monophasic
Burst_autosave_20260716_142311_232ms,Flex. carpi rad. (R),R_The_ED_FD_FCR D,1,0.0,8.0,32.35980937251604,0.10876630432903767,0.10876630432903767,none,30.0,40,2,monophasic
Burst_autosave_20260716_142311_232ms,Flex. carpi rad. (R),R_The_ED_FD_FCR D,2,33.35980937251604,41.35980937251604,65.71961874503162,0.05639734491705576,0.05639734491705576,none,30.0,40,2,monophasic
Burst_autosave_20260716_142311_232ms,Flex. carpi rad. (R),R_The_ED_FD_FCR D,3,66.71961874503162,74.71961874503162,99.07942811754766,0.04632639139890658,0.04632639139890658,none,30.0,40,2,monophasic
Burst_autosave_20260716_142311_232ms,Flex. carpi rad. (R),R_The_ED_FD_FCR D,4,100.07942811754766,108.07942811754766,132.4392374900637,0.11816586740314941,0.11816586740314941,none,30.0,40,2,monophasic
Burst_autosave_20260716_142311_232ms,Flex. carpi rad. (R),R_The_ED_FD_FCR D,5,133.4392374900637,141.4392374900637,165.7990468625793,0.08996718935668155,0.08996718935668155,none,30.0,40,2,monophasic
Burst_autosave_20260716_142311_232ms,Flex. carpi rad. (R),R_The_ED_FD_FCR D,6,166.7990468625793,174.7990468625793,199.15885623509533,0.026184482267126063,0.026184482267126063,none,30.0,40,2,monophasic
Burst_autosave_20260716_142311_232ms,Flex. carpi rad. (R),R_The_ED_FD_FCR D,7,200.15885623509533,208.15885623509533,231.72438443207653,0.028870070120319724,0.028870070120319724,none,30.0,40,2,monophasic
Burst_autosave_20260716_142311_232ms,Flex. carpi rad. (R),R_The_ED_FD_FCR D,8,232.72438443207653,240.72438443207653,265.87847498012695,0.060257878154516116,0.060257878154516116,none,30.0,40,2,monophasic
Burst_autosave_20260716_142311_232ms,Flex. carpi rad. (R),R_The_ED_FD_FCR D,9,266.87847498012695,274.87847498012695,298.4440031771082,0.030548562062903795,0.030548562062903795,none,30.0,40,2,monophasic
Burst_autosave_20260716_142311_232ms,Flex. carpi rad. (R),R_The_ED_FD_FCR D,10,299.4440031771082,307.4440031771082,332.5980937251879,0.04951552487909767,0.04951552487909767,none,30.0,40,2,monophasic
