source_file,muscle,channel,pulse,pulse_t_ms,win_start_ms,win_stop_ms,p2p,p2p_norm_pct,norm_mode,freq_hz,amp_ma,electrode,mode
Burst_autosave_20260724_102443_670ms,Deltoid med. (L),L_DELmed,1,0.0,8.0,32.35980937256977,,,none,30.0,10,2,monophasic
Burst_autosave_20260724_102443_670ms,Deltoid med. (L),L_DELmed,2,33.35980937256977,41.35980937256977,65.7196187446848,,,none,30.0,10,2,monophasic
Burst_autosave_20260724_102443_670ms,Deltoid med. (L),L_DELmed,3,66.7196187446848,74.7196187446848,99.07942811725457,,,none,30.0,10,2,monophasic
Burst_autosave_20260724_102443_670ms,Deltoid med. (L),L_DELmed,4,100.07942811725457,108.07942811725457,132.43923748982434,,,none,30.0,10,2,monophasic
Burst_autosave_20260724_102443_670ms,Deltoid med. (L),L_DELmed,5,133.43923748982434,141.43923748982434,165.7990468623941,,,none,30.0,10,2,monophasic
Burst_autosave_20260724_102443_670ms,Deltoid med. (L),L_DELmed,6,166.7990468623941,174.7990468623941,199.15885623496388,,,none,30.0,10,2,monophasic
Burst_autosave_20260724_102443_670ms,Deltoid med. (L),L_DELmed,7,200.15885623496388,208.15885623496388,232.51866560753365,,,none,30.0,10,2,monophasic
Burst_autosave_20260724_102443_670ms,Deltoid med. (L),L_DELmed,8,233.51866560753365,241.51866560753365,265.87847498013184,,,none,30.0,10,2,monophasic
Burst_autosave_20260724_102443_670ms,Deltoid med. (L),L_DELmed,9,266.87847498013184,274.87847498013184,299.2382843527016,,,none,30.0,10,2,monophasic
Burst_autosave_20260724_102443_670ms,Deltoid med. (L),L_DELmed,10,300.2382843527016,308.2382843527016,331.8038125494288,,,none,30.0,10,2,monophasic
Burst_autosave_20260724_102443_670ms,Deltoid med. (L),L_DELmed,1,0.0,8.0,32.35980937256977,,,none,30.0,15,2,monophasic
Burst_autosave_20260724_102443_670ms,Deltoid med. (L),L_DELmed,2,33.35980937256977,41.35980937256977,65.7196187446848,,,none,30.0,15,2,monophasic
Burst_autosave_20260724_102443_670ms,Deltoid med. (L),L_DELmed,3,66.7196187446848,74.7196187446848,99.07942811725457,,,none,30.0,15,2,monophasic
Burst_autosave_20260724_102443_670ms,Deltoid med. (L),L_DELmed,4,100.07942811725457,108.07942811725457,132.43923748982434,,,none,30.0,15,2,monophasic
Burst_autosave_20260724_102443_670ms,Deltoid med. (L),L_DELmed,5,133.43923748982434,141.43923748982434,165.7990468623941,,,none,30.0,15,2,monophasic
Burst_autosave_20260724_102443_670ms,Deltoid med. (L),L_DELmed,6,166.7990468623941,174.7990468623941,199.15885623496388,,,none,30.0,15,2,monophasic
Burst_autosave_20260724_102443_670ms,Deltoid med. (L),L_DELmed,7,200.15885623496388,208.15885623496388,232.51866560753365,,,none,30.0,15,2,monophasic
Burst_autosave_20260724_102443_670ms,Deltoid med. (L),L_DELmed,8,233.51866560753365,241.51866560753365,265.87847498013184,,,none,30.0,15,2,monophasic
Burst_autosave_20260724_102443_670ms,Deltoid med. (L),L_DELmed,9,266.87847498013184,274.87847498013184,299.2382843527016,,,none,30.0,15,2,monophasic
Burst_autosave_20260724_102443_670ms,Deltoid med. (L),L_DELmed,10,300.2382843527016,308.2382843527016,331.8038125494288,,,none,30.0,15,2,monophasic
Burst_autosave_20260724_102443_670ms,Deltoid med. (L),L_DELmed,1,0.0,8.0,32.35980937256977,,,none,30.0,20,2,monophasic
Burst_autosave_20260724_102443_670ms,Deltoid med. (L),L_DELmed,2,33.35980937256977,41.35980937256977,65.7196187446848,,,none,30.0,20,2,monophasic
Burst_autosave_20260724_102443_670ms,Deltoid med. (L),L_DELmed,3,66.7196187446848,74.7196187446848,99.07942811725457,,,none,30.0,20,2,monophasic
Burst_autosave_20260724_102443_670ms,Deltoid med. (L),L_DELmed,4,100.07942811725457,108.07942811725457,132.43923748982434,,,none,30.0,20,2,monophasic
Burst_autosave_20260724_102443_670ms,Deltoid med. (L),L_DELmed,5,133.43923748982434,141.43923748982434,165.7990468623941,,,none,30.0,20,2,monophasic
Burst_autosave_20260724_102443_670ms,Deltoid med. (L),L_DELmed,6,166.7990468623941,174.7990468623941,199.15885623496388,,,none,30.0,20,2,monophasic
Burst_autosave_20260724_102443_670ms,Deltoid med. (L),L_DELmed,7,200.15885623496388,208.15885623496388,232.51866560753365,,,none,30.0,20,2,monophasic
Burst_autosave_20260724_102443_670ms,Deltoid med. (L),L_DELmed,8,233.51866560753365,241.51866560753365,265.87847498013184,,,none,30.0,20,2,monophasic
Burst_autosave_20260724_102443_670ms,Deltoid med. (L),L_DELmed,9,266.87847498013184,274.87847498013184,299.2382843527016,,,none,30.0,20,2,monophasic
Burst_autosave_20260724_102443_670ms,Deltoid med. (L),L_DELmed,10,300.2382843527016,308.2382843527016,331.8038125494288,,,none,30.0,20,2,monophasic
Burst_autosave_20260724_102443_670ms,Deltoid med. (L),L_DELmed,1,0.0,8.0,32.35980937256977,,,none,30.0,25,2,monophasic
Burst_autosave_20260724_102443_670ms,Deltoid med. (L),L_DELmed,2,33.35980937256977,41.35980937256977,65.7196187446848,,,none,30.0,25,2,monophasic
Burst_autosave_20260724_102443_670ms,Deltoid med. (L),L_DELmed,3,66.7196187446848,74.7196187446848,99.07942811725457,,,none,30.0,25,2,monophasic
Burst_autosave_20260724_102443_670ms,Deltoid med. (L),L_DELmed,4,100.07942811725457,108.07942811725457,132.43923748982434,,,none,30.0,25,2,monophasic
Burst_autosave_20260724_102443_670ms,Deltoid med. (L),L_DELmed,5,133.43923748982434,141.43923748982434,165.7990468623941,,,none,30.0,25,2,monophasic
Burst_autosave_20260724_102443_670ms,Deltoid med. (L),L_DELmed,6,166.7990468623941,174.7990468623941,199.15885623496388,,,none,30.0,25,2,monophasic
Burst_autosave_20260724_102443_670ms,Deltoid med. (L),L_DELmed,7,200.15885623496388,208.15885623496388,232.51866560753365,,,none,30.0,25,2,monophasic
Burst_autosave_20260724_102443_670ms,Deltoid med. (L),L_DELmed,8,233.51866560753365,241.51866560753365,265.87847498013184,,,none,30.0,25,2,monophasic
Burst_autosave_20260724_102443_670ms,Deltoid med. (L),L_DELmed,9,266.87847498013184,274.87847498013184,299.2382843527016,,,none,30.0,25,2,monophasic
Burst_autosave_20260724_102443_670ms,Deltoid med. (L),L_DELmed,10,300.2382843527016,308.2382843527016,331.8038125494288,,,none,30.0,25,2,monophasic
Burst_autosave_20260724_102443_670ms,Deltoid med. (L),L_DELmed,1,0.0,8.0,32.35980937256977,,,none,30.0,30,2,monophasic
Burst_autosave_20260724_102443_670ms,Deltoid med. (L),L_DELmed,2,33.35980937256977,41.35980937256977,65.7196187446848,,,none,30.0,30,2,monophasic
Burst_autosave_20260724_102443_670ms,Deltoid med. (L),L_DELmed,3,66.7196187446848,74.7196187446848,99.07942811725457,,,none,30.0,30,2,monophasic
Burst_autosave_20260724_102443_670ms,Deltoid med. (L),L_DELmed,4,100.07942811725457,108.07942811725457,132.43923748982434,,,none,30.0,30,2,monophasic
Burst_autosave_20260724_102443_670ms,Deltoid med. (L),L_DELmed,5,133.43923748982434,141.43923748982434,165.7990468623941,,,none,30.0,30,2,monophasic
Burst_autosave_20260724_102443_670ms,Deltoid med. (L),L_DELmed,6,166.7990468623941,174.7990468623941,199.15885623496388,,,none,30.0,30,2,monophasic
Burst_autosave_20260724_102443_670ms,Deltoid med. (L),L_DELmed,7,200.15885623496388,208.15885623496388,232.51866560753365,,,none,30.0,30,2,monophasic
Burst_autosave_20260724_102443_670ms,Deltoid med. (L),L_DELmed,8,233.51866560753365,241.51866560753365,265.87847498013184,,,none,30.0,30,2,monophasic
Burst_autosave_20260724_102443_670ms,Deltoid med. (L),L_DELmed,9,266.87847498013184,274.87847498013184,299.2382843527016,,,none,30.0,30,2,monophasic
Burst_autosave_20260724_102443_670ms,Deltoid med. (L),L_DELmed,10,300.2382843527016,308.2382843527016,331.8038125494288,,,none,30.0,30,2,monophasic
Burst_autosave_20260724_102443_670ms,Deltoid med. (L),L_DELmed,1,0.0,8.0,32.35980937256977,,,none,30.0,35,2,monophasic
Burst_autosave_20260724_102443_670ms,Deltoid med. (L),L_DELmed,2,33.35980937256977,41.35980937256977,65.7196187446848,,,none,30.0,35,2,monophasic
Burst_autosave_20260724_102443_670ms,Deltoid med. (L),L_DELmed,3,66.7196187446848,74.7196187446848,99.07942811725457,,,none,30.0,35,2,monophasic
Burst_autosave_20260724_102443_670ms,Deltoid med. (L),L_DELmed,4,100.07942811725457,108.07942811725457,132.43923748982434,,,none,30.0,35,2,monophasic
Burst_autosave_20260724_102443_670ms,Deltoid med. (L),L_DELmed,5,133.43923748982434,141.43923748982434,165.7990468623941,,,none,30.0,35,2,monophasic
Burst_autosave_20260724_102443_670ms,Deltoid med. (L),L_DELmed,6,166.7990468623941,174.7990468623941,199.15885623496388,,,none,30.0,35,2,monophasic
Burst_autosave_20260724_102443_670ms,Deltoid med. (L),L_DELmed,7,200.15885623496388,208.15885623496388,232.51866560753365,,,none,30.0,35,2,monophasic
Burst_autosave_20260724_102443_670ms,Deltoid med. (L),L_DELmed,8,233.51866560753365,241.51866560753365,265.87847498013184,,,none,30.0,35,2,monophasic
Burst_autosave_20260724_102443_670ms,Deltoid med. (L),L_DELmed,9,266.87847498013184,274.87847498013184,299.2382843527016,,,none,30.0,35,2,monophasic
Burst_autosave_20260724_102443_670ms,Deltoid med. (L),L_DELmed,10,300.2382843527016,308.2382843527016,331.8038125494288,,,none,30.0,35,2,monophasic
Burst_autosave_20260724_102443_670ms,Deltoid med. (L),L_DELmed,1,0.0,8.0,32.35980937256977,,,none,30.0,40,2,monophasic
Burst_autosave_20260724_102443_670ms,Deltoid med. (L),L_DELmed,2,33.35980937256977,41.35980937256977,65.7196187446848,,,none,30.0,40,2,monophasic
Burst_autosave_20260724_102443_670ms,Deltoid med. (L),L_DELmed,3,66.7196187446848,74.7196187446848,99.07942811725457,,,none,30.0,40,2,monophasic
Burst_autosave_20260724_102443_670ms,Deltoid med. (L),L_DELmed,4,100.07942811725457,108.07942811725457,132.43923748982434,,,none,30.0,40,2,monophasic
Burst_autosave_20260724_102443_670ms,Deltoid med. (L),L_DELmed,5,133.43923748982434,141.43923748982434,165.7990468623941,,,none,30.0,40,2,monophasic
Burst_autosave_20260724_102443_670ms,Deltoid med. (L),L_DELmed,6,166.7990468623941,174.7990468623941,199.15885623496388,,,none,30.0,40,2,monophasic
Burst_autosave_20260724_102443_670ms,Deltoid med. (L),L_DELmed,7,200.15885623496388,208.15885623496388,232.51866560753365,,,none,30.0,40,2,monophasic
Burst_autosave_20260724_102443_670ms,Deltoid med. (L),L_DELmed,8,233.51866560753365,241.51866560753365,265.87847498013184,,,none,30.0,40,2,monophasic
Burst_autosave_20260724_102443_670ms,Deltoid med. (L),L_DELmed,9,266.87847498013184,274.87847498013184,299.2382843527016,,,none,30.0,40,2,monophasic
Burst_autosave_20260724_102443_670ms,Deltoid med. (L),L_DELmed,10,300.2382843527016,308.2382843527016,331.8038125494288,,,none,30.0,40,2,monophasic
Burst_autosave_20260724_102443_670ms,Biceps (L),L_BB,1,0.0,8.0,32.35980937256977,,,none,30.0,10,2,monophasic
Burst_autosave_20260724_102443_670ms,Biceps (L),L_BB,2,33.35980937256977,41.35980937256977,65.7196187446848,,,none,30.0,10,2,monophasic
Burst_autosave_20260724_102443_670ms,Biceps (L),L_BB,3,66.7196187446848,74.7196187446848,99.07942811725457,,,none,30.0,10,2,monophasic
Burst_autosave_20260724_102443_670ms,Biceps (L),L_BB,4,100.07942811725457,108.07942811725457,132.43923748982434,,,none,30.0,10,2,monophasic
Burst_autosave_20260724_102443_670ms,Biceps (L),L_BB,5,133.43923748982434,141.43923748982434,165.7990468623941,,,none,30.0,10,2,monophasic
Burst_autosave_20260724_102443_670ms,Biceps (L),L_BB,6,166.7990468623941,174.7990468623941,199.15885623496388,,,none,30.0,10,2,monophasic
Burst_autosave_20260724_102443_670ms,Biceps (L),L_BB,7,200.15885623496388,208.15885623496388,232.51866560753365,,,none,30.0,10,2,monophasic
Burst_autosave_20260724_102443_670ms,Biceps (L),L_BB,8,233.51866560753365,241.51866560753365,265.87847498013184,,,none,30.0,10,2,monophasic
Burst_autosave_20260724_102443_670ms,Biceps (L),L_BB,9,266.87847498013184,274.87847498013184,299.2382843527016,,,none,30.0,10,2,monophasic
Burst_autosave_20260724_102443_670ms,Biceps (L),L_BB,10,300.2382843527016,308.2382843527016,331.8038125494288,,,none,30.0,10,2,monophasic
Burst_autosave_20260724_102443_670ms,Biceps (L),L_BB,1,0.0,8.0,32.35980937256977,,,none,30.0,15,2,monophasic
Burst_autosave_20260724_102443_670ms,Biceps (L),L_BB,2,33.35980937256977,41.35980937256977,65.7196187446848,,,none,30.0,15,2,monophasic
Burst_autosave_20260724_102443_670ms,Biceps (L),L_BB,3,66.7196187446848,74.7196187446848,99.07942811725457,,,none,30.0,15,2,monophasic
Burst_autosave_20260724_102443_670ms,Biceps (L),L_BB,4,100.07942811725457,108.07942811725457,132.43923748982434,,,none,30.0,15,2,monophasic
Burst_autosave_20260724_102443_670ms,Biceps (L),L_BB,5,133.43923748982434,141.43923748982434,165.7990468623941,,,none,30.0,15,2,monophasic
Burst_autosave_20260724_102443_670ms,Biceps (L),L_BB,6,166.7990468623941,174.7990468623941,199.15885623496388,,,none,30.0,15,2,monophasic
Burst_autosave_20260724_102443_670ms,Biceps (L),L_BB,7,200.15885623496388,208.15885623496388,232.51866560753365,,,none,30.0,15,2,monophasic
Burst_autosave_20260724_102443_670ms,Biceps (L),L_BB,8,233.51866560753365,241.51866560753365,265.87847498013184,,,none,30.0,15,2,monophasic
Burst_autosave_20260724_102443_670ms,Biceps (L),L_BB,9,266.87847498013184,274.87847498013184,299.2382843527016,,,none,30.0,15,2,monophasic
Burst_autosave_20260724_102443_670ms,Biceps (L),L_BB,10,300.2382843527016,308.2382843527016,331.8038125494288,,,none,30.0,15,2,monophasic
Burst_autosave_20260724_102443_670ms,Biceps (L),L_BB,1,0.0,8.0,32.35980937256977,,,none,30.0,20,2,monophasic
Burst_autosave_20260724_102443_670ms,Biceps (L),L_BB,2,33.35980937256977,41.35980937256977,65.7196187446848,,,none,30.0,20,2,monophasic
Burst_autosave_20260724_102443_670ms,Biceps (L),L_BB,3,66.7196187446848,74.7196187446848,99.07942811725457,,,none,30.0,20,2,monophasic
Burst_autosave_20260724_102443_670ms,Biceps (L),L_BB,4,100.07942811725457,108.07942811725457,132.43923748982434,,,none,30.0,20,2,monophasic
Burst_autosave_20260724_102443_670ms,Biceps (L),L_BB,5,133.43923748982434,141.43923748982434,165.7990468623941,,,none,30.0,20,2,monophasic
Burst_autosave_20260724_102443_670ms,Biceps (L),L_BB,6,166.7990468623941,174.7990468623941,199.15885623496388,,,none,30.0,20,2,monophasic
Burst_autosave_20260724_102443_670ms,Biceps (L),L_BB,7,200.15885623496388,208.15885623496388,232.51866560753365,,,none,30.0,20,2,monophasic
Burst_autosave_20260724_102443_670ms,Biceps (L),L_BB,8,233.51866560753365,241.51866560753365,265.87847498013184,,,none,30.0,20,2,monophasic
Burst_autosave_20260724_102443_670ms,Biceps (L),L_BB,9,266.87847498013184,274.87847498013184,299.2382843527016,,,none,30.0,20,2,monophasic
Burst_autosave_20260724_102443_670ms,Biceps (L),L_BB,10,300.2382843527016,308.2382843527016,331.8038125494288,,,none,30.0,20,2,monophasic
Burst_autosave_20260724_102443_670ms,Biceps (L),L_BB,1,0.0,8.0,32.35980937256977,,,none,30.0,25,2,monophasic
Burst_autosave_20260724_102443_670ms,Biceps (L),L_BB,2,33.35980937256977,41.35980937256977,65.7196187446848,,,none,30.0,25,2,monophasic
Burst_autosave_20260724_102443_670ms,Biceps (L),L_BB,3,66.7196187446848,74.7196187446848,99.07942811725457,,,none,30.0,25,2,monophasic
Burst_autosave_20260724_102443_670ms,Biceps (L),L_BB,4,100.07942811725457,108.07942811725457,132.43923748982434,,,none,30.0,25,2,monophasic
Burst_autosave_20260724_102443_670ms,Biceps (L),L_BB,5,133.43923748982434,141.43923748982434,165.7990468623941,,,none,30.0,25,2,monophasic
Burst_autosave_20260724_102443_670ms,Biceps (L),L_BB,6,166.7990468623941,174.7990468623941,199.15885623496388,,,none,30.0,25,2,monophasic
Burst_autosave_20260724_102443_670ms,Biceps (L),L_BB,7,200.15885623496388,208.15885623496388,232.51866560753365,,,none,30.0,25,2,monophasic
Burst_autosave_20260724_102443_670ms,Biceps (L),L_BB,8,233.51866560753365,241.51866560753365,265.87847498013184,,,none,30.0,25,2,monophasic
Burst_autosave_20260724_102443_670ms,Biceps (L),L_BB,9,266.87847498013184,274.87847498013184,299.2382843527016,,,none,30.0,25,2,monophasic
Burst_autosave_20260724_102443_670ms,Biceps (L),L_BB,10,300.2382843527016,308.2382843527016,331.8038125494288,,,none,30.0,25,2,monophasic
Burst_autosave_20260724_102443_670ms,Biceps (L),L_BB,1,0.0,8.0,32.35980937256977,,,none,30.0,30,2,monophasic
Burst_autosave_20260724_102443_670ms,Biceps (L),L_BB,2,33.35980937256977,41.35980937256977,65.7196187446848,,,none,30.0,30,2,monophasic
Burst_autosave_20260724_102443_670ms,Biceps (L),L_BB,3,66.7196187446848,74.7196187446848,99.07942811725457,,,none,30.0,30,2,monophasic
Burst_autosave_20260724_102443_670ms,Biceps (L),L_BB,4,100.07942811725457,108.07942811725457,132.43923748982434,,,none,30.0,30,2,monophasic
Burst_autosave_20260724_102443_670ms,Biceps (L),L_BB,5,133.43923748982434,141.43923748982434,165.7990468623941,,,none,30.0,30,2,monophasic
Burst_autosave_20260724_102443_670ms,Biceps (L),L_BB,6,166.7990468623941,174.7990468623941,199.15885623496388,,,none,30.0,30,2,monophasic
Burst_autosave_20260724_102443_670ms,Biceps (L),L_BB,7,200.15885623496388,208.15885623496388,232.51866560753365,,,none,30.0,30,2,monophasic
Burst_autosave_20260724_102443_670ms,Biceps (L),L_BB,8,233.51866560753365,241.51866560753365,265.87847498013184,,,none,30.0,30,2,monophasic
Burst_autosave_20260724_102443_670ms,Biceps (L),L_BB,9,266.87847498013184,274.87847498013184,299.2382843527016,,,none,30.0,30,2,monophasic
Burst_autosave_20260724_102443_670ms,Biceps (L),L_BB,10,300.2382843527016,308.2382843527016,331.8038125494288,,,none,30.0,30,2,monophasic
Burst_autosave_20260724_102443_670ms,Biceps (L),L_BB,1,0.0,8.0,32.35980937256977,,,none,30.0,35,2,monophasic
Burst_autosave_20260724_102443_670ms,Biceps (L),L_BB,2,33.35980937256977,41.35980937256977,65.7196187446848,,,none,30.0,35,2,monophasic
Burst_autosave_20260724_102443_670ms,Biceps (L),L_BB,3,66.7196187446848,74.7196187446848,99.07942811725457,,,none,30.0,35,2,monophasic
Burst_autosave_20260724_102443_670ms,Biceps (L),L_BB,4,100.07942811725457,108.07942811725457,132.43923748982434,,,none,30.0,35,2,monophasic
Burst_autosave_20260724_102443_670ms,Biceps (L),L_BB,5,133.43923748982434,141.43923748982434,165.7990468623941,,,none,30.0,35,2,monophasic
Burst_autosave_20260724_102443_670ms,Biceps (L),L_BB,6,166.7990468623941,174.7990468623941,199.15885623496388,,,none,30.0,35,2,monophasic
Burst_autosave_20260724_102443_670ms,Biceps (L),L_BB,7,200.15885623496388,208.15885623496388,232.51866560753365,,,none,30.0,35,2,monophasic
Burst_autosave_20260724_102443_670ms,Biceps (L),L_BB,8,233.51866560753365,241.51866560753365,265.87847498013184,,,none,30.0,35,2,monophasic
Burst_autosave_20260724_102443_670ms,Biceps (L),L_BB,9,266.87847498013184,274.87847498013184,299.2382843527016,,,none,30.0,35,2,monophasic
Burst_autosave_20260724_102443_670ms,Biceps (L),L_BB,10,300.2382843527016,308.2382843527016,331.8038125494288,,,none,30.0,35,2,monophasic
Burst_autosave_20260724_102443_670ms,Biceps (L),L_BB,1,0.0,8.0,32.35980937256977,,,none,30.0,40,2,monophasic
Burst_autosave_20260724_102443_670ms,Biceps (L),L_BB,2,33.35980937256977,41.35980937256977,65.7196187446848,,,none,30.0,40,2,monophasic
Burst_autosave_20260724_102443_670ms,Biceps (L),L_BB,3,66.7196187446848,74.7196187446848,99.07942811725457,,,none,30.0,40,2,monophasic
Burst_autosave_20260724_102443_670ms,Biceps (L),L_BB,4,100.07942811725457,108.07942811725457,132.43923748982434,,,none,30.0,40,2,monophasic
Burst_autosave_20260724_102443_670ms,Biceps (L),L_BB,5,133.43923748982434,141.43923748982434,165.7990468623941,,,none,30.0,40,2,monophasic
Burst_autosave_20260724_102443_670ms,Biceps (L),L_BB,6,166.7990468623941,174.7990468623941,199.15885623496388,,,none,30.0,40,2,monophasic
Burst_autosave_20260724_102443_670ms,Biceps (L),L_BB,7,200.15885623496388,208.15885623496388,232.51866560753365,,,none,30.0,40,2,monophasic
Burst_autosave_20260724_102443_670ms,Biceps (L),L_BB,8,233.51866560753365,241.51866560753365,265.87847498013184,,,none,30.0,40,2,monophasic
Burst_autosave_20260724_102443_670ms,Biceps (L),L_BB,9,266.87847498013184,274.87847498013184,299.2382843527016,,,none,30.0,40,2,monophasic
Burst_autosave_20260724_102443_670ms,Biceps (L),L_BB,10,300.2382843527016,308.2382843527016,331.8038125494288,,,none,30.0,40,2,monophasic
Burst_autosave_20260724_102443_670ms,Triceps long (L),L_TBlg,1,0.0,8.0,32.35980937256977,0.017456321511417627,0.017456321511417627,none,30.0,10,2,monophasic
Burst_autosave_20260724_102443_670ms,Triceps long (L),L_TBlg,2,33.35980937256977,41.35980937256977,65.7196187446848,0.009231708478182554,0.009231708478182554,none,30.0,10,2,monophasic
Burst_autosave_20260724_102443_670ms,Triceps long (L),L_TBlg,3,66.7196187446848,74.7196187446848,99.07942811725457,0.007721065077930689,0.007721065077930689,none,30.0,10,2,monophasic
Burst_autosave_20260724_102443_670ms,Triceps long (L),L_TBlg,4,100.07942811725457,108.07942811725457,132.43923748982434,0.012756542768329382,0.012756542768329382,none,30.0,10,2,monophasic
Burst_autosave_20260724_102443_670ms,Triceps long (L),L_TBlg,5,133.43923748982434,141.43923748982434,165.7990468623941,0.011581597849726677,0.011581597849726677,none,30.0,10,2,monophasic
Burst_autosave_20260724_102443_670ms,Triceps long (L),L_TBlg,6,166.7990468623941,174.7990468623941,199.15885623496388,0.01074235187843442,0.01074235187843442,none,30.0,10,2,monophasic
Burst_autosave_20260724_102443_670ms,Triceps long (L),L_TBlg,7,200.15885623496388,208.15885623496388,232.51866560753365,0.013260090257972479,0.013260090257972479,none,30.0,10,2,monophasic
Burst_autosave_20260724_102443_670ms,Triceps long (L),L_TBlg,8,233.51866560753365,241.51866560753365,265.87847498013184,0.007049668347463012,0.007049668347463012,none,30.0,10,2,monophasic
Burst_autosave_20260724_102443_670ms,Triceps long (L),L_TBlg,9,266.87847498013184,274.87847498013184,299.2382843527016,0.009063859237357974,0.009063859237357974,none,30.0,10,2,monophasic
Burst_autosave_20260724_102443_670ms,Triceps long (L),L_TBlg,10,300.2382843527016,308.2382843527016,331.8038125494288,0.011245899135246873,0.011245899135246873,none,30.0,10,2,monophasic
Burst_autosave_20260724_102443_670ms,Triceps long (L),L_TBlg,1,0.0,8.0,32.35980937256977,,,none,30.0,15,2,monophasic
Burst_autosave_20260724_102443_670ms,Triceps long (L),L_TBlg,2,33.35980937256977,41.35980937256977,65.7196187446848,,,none,30.0,15,2,monophasic
Burst_autosave_20260724_102443_670ms,Triceps long (L),L_TBlg,3,66.7196187446848,74.7196187446848,99.07942811725457,,,none,30.0,15,2,monophasic
Burst_autosave_20260724_102443_670ms,Triceps long (L),L_TBlg,4,100.07942811725457,108.07942811725457,132.43923748982434,,,none,30.0,15,2,monophasic
Burst_autosave_20260724_102443_670ms,Triceps long (L),L_TBlg,5,133.43923748982434,141.43923748982434,165.7990468623941,,,none,30.0,15,2,monophasic
Burst_autosave_20260724_102443_670ms,Triceps long (L),L_TBlg,6,166.7990468623941,174.7990468623941,199.15885623496388,,,none,30.0,15,2,monophasic
Burst_autosave_20260724_102443_670ms,Triceps long (L),L_TBlg,7,200.15885623496388,208.15885623496388,232.51866560753365,,,none,30.0,15,2,monophasic
Burst_autosave_20260724_102443_670ms,Triceps long (L),L_TBlg,8,233.51866560753365,241.51866560753365,265.87847498013184,,,none,30.0,15,2,monophasic
Burst_autosave_20260724_102443_670ms,Triceps long (L),L_TBlg,9,266.87847498013184,274.87847498013184,299.2382843527016,,,none,30.0,15,2,monophasic
Burst_autosave_20260724_102443_670ms,Triceps long (L),L_TBlg,10,300.2382843527016,308.2382843527016,331.8038125494288,,,none,30.0,15,2,monophasic
Burst_autosave_20260724_102443_670ms,Triceps long (L),L_TBlg,1,0.0,8.0,32.35980937256977,,,none,30.0,20,2,monophasic
Burst_autosave_20260724_102443_670ms,Triceps long (L),L_TBlg,2,33.35980937256977,41.35980937256977,65.7196187446848,,,none,30.0,20,2,monophasic
Burst_autosave_20260724_102443_670ms,Triceps long (L),L_TBlg,3,66.7196187446848,74.7196187446848,99.07942811725457,,,none,30.0,20,2,monophasic
Burst_autosave_20260724_102443_670ms,Triceps long (L),L_TBlg,4,100.07942811725457,108.07942811725457,132.43923748982434,,,none,30.0,20,2,monophasic
Burst_autosave_20260724_102443_670ms,Triceps long (L),L_TBlg,5,133.43923748982434,141.43923748982434,165.7990468623941,,,none,30.0,20,2,monophasic
Burst_autosave_20260724_102443_670ms,Triceps long (L),L_TBlg,6,166.7990468623941,174.7990468623941,199.15885623496388,,,none,30.0,20,2,monophasic
Burst_autosave_20260724_102443_670ms,Triceps long (L),L_TBlg,7,200.15885623496388,208.15885623496388,232.51866560753365,,,none,30.0,20,2,monophasic
Burst_autosave_20260724_102443_670ms,Triceps long (L),L_TBlg,8,233.51866560753365,241.51866560753365,265.87847498013184,,,none,30.0,20,2,monophasic
Burst_autosave_20260724_102443_670ms,Triceps long (L),L_TBlg,9,266.87847498013184,274.87847498013184,299.2382843527016,,,none,30.0,20,2,monophasic
Burst_autosave_20260724_102443_670ms,Triceps long (L),L_TBlg,10,300.2382843527016,308.2382843527016,331.8038125494288,,,none,30.0,20,2,monophasic
Burst_autosave_20260724_102443_670ms,Triceps long (L),L_TBlg,1,0.0,8.0,32.35980937256977,,,none,30.0,25,2,monophasic
Burst_autosave_20260724_102443_670ms,Triceps long (L),L_TBlg,2,33.35980937256977,41.35980937256977,65.7196187446848,,,none,30.0,25,2,monophasic
Burst_autosave_20260724_102443_670ms,Triceps long (L),L_TBlg,3,66.7196187446848,74.7196187446848,99.07942811725457,,,none,30.0,25,2,monophasic
Burst_autosave_20260724_102443_670ms,Triceps long (L),L_TBlg,4,100.07942811725457,108.07942811725457,132.43923748982434,,,none,30.0,25,2,monophasic
Burst_autosave_20260724_102443_670ms,Triceps long (L),L_TBlg,5,133.43923748982434,141.43923748982434,165.7990468623941,,,none,30.0,25,2,monophasic
Burst_autosave_20260724_102443_670ms,Triceps long (L),L_TBlg,6,166.7990468623941,174.7990468623941,199.15885623496388,,,none,30.0,25,2,monophasic
Burst_autosave_20260724_102443_670ms,Triceps long (L),L_TBlg,7,200.15885623496388,208.15885623496388,232.51866560753365,,,none,30.0,25,2,monophasic
Burst_autosave_20260724_102443_670ms,Triceps long (L),L_TBlg,8,233.51866560753365,241.51866560753365,265.87847498013184,,,none,30.0,25,2,monophasic
Burst_autosave_20260724_102443_670ms,Triceps long (L),L_TBlg,9,266.87847498013184,274.87847498013184,299.2382843527016,,,none,30.0,25,2,monophasic
Burst_autosave_20260724_102443_670ms,Triceps long (L),L_TBlg,10,300.2382843527016,308.2382843527016,331.8038125494288,,,none,30.0,25,2,monophasic
Burst_autosave_20260724_102443_670ms,Triceps long (L),L_TBlg,1,0.0,8.0,32.35980937256977,,,none,30.0,30,2,monophasic
Burst_autosave_20260724_102443_670ms,Triceps long (L),L_TBlg,2,33.35980937256977,41.35980937256977,65.7196187446848,,,none,30.0,30,2,monophasic
Burst_autosave_20260724_102443_670ms,Triceps long (L),L_TBlg,3,66.7196187446848,74.7196187446848,99.07942811725457,,,none,30.0,30,2,monophasic
Burst_autosave_20260724_102443_670ms,Triceps long (L),L_TBlg,4,100.07942811725457,108.07942811725457,132.43923748982434,,,none,30.0,30,2,monophasic
Burst_autosave_20260724_102443_670ms,Triceps long (L),L_TBlg,5,133.43923748982434,141.43923748982434,165.7990468623941,,,none,30.0,30,2,monophasic
Burst_autosave_20260724_102443_670ms,Triceps long (L),L_TBlg,6,166.7990468623941,174.7990468623941,199.15885623496388,,,none,30.0,30,2,monophasic
Burst_autosave_20260724_102443_670ms,Triceps long (L),L_TBlg,7,200.15885623496388,208.15885623496388,232.51866560753365,,,none,30.0,30,2,monophasic
Burst_autosave_20260724_102443_670ms,Triceps long (L),L_TBlg,8,233.51866560753365,241.51866560753365,265.87847498013184,,,none,30.0,30,2,monophasic
Burst_autosave_20260724_102443_670ms,Triceps long (L),L_TBlg,9,266.87847498013184,274.87847498013184,299.2382843527016,,,none,30.0,30,2,monophasic
Burst_autosave_20260724_102443_670ms,Triceps long (L),L_TBlg,10,300.2382843527016,308.2382843527016,331.8038125494288,,,none,30.0,30,2,monophasic
Burst_autosave_20260724_102443_670ms,Triceps long (L),L_TBlg,1,0.0,8.0,32.35980937256977,,,none,30.0,35,2,monophasic
Burst_autosave_20260724_102443_670ms,Triceps long (L),L_TBlg,2,33.35980937256977,41.35980937256977,65.7196187446848,,,none,30.0,35,2,monophasic
Burst_autosave_20260724_102443_670ms,Triceps long (L),L_TBlg,3,66.7196187446848,74.7196187446848,99.07942811725457,,,none,30.0,35,2,monophasic
Burst_autosave_20260724_102443_670ms,Triceps long (L),L_TBlg,4,100.07942811725457,108.07942811725457,132.43923748982434,,,none,30.0,35,2,monophasic
Burst_autosave_20260724_102443_670ms,Triceps long (L),L_TBlg,5,133.43923748982434,141.43923748982434,165.7990468623941,,,none,30.0,35,2,monophasic
Burst_autosave_20260724_102443_670ms,Triceps long (L),L_TBlg,6,166.7990468623941,174.7990468623941,199.15885623496388,,,none,30.0,35,2,monophasic
Burst_autosave_20260724_102443_670ms,Triceps long (L),L_TBlg,7,200.15885623496388,208.15885623496388,232.51866560753365,,,none,30.0,35,2,monophasic
Burst_autosave_20260724_102443_670ms,Triceps long (L),L_TBlg,8,233.51866560753365,241.51866560753365,265.87847498013184,,,none,30.0,35,2,monophasic
Burst_autosave_20260724_102443_670ms,Triceps long (L),L_TBlg,9,266.87847498013184,274.87847498013184,299.2382843527016,,,none,30.0,35,2,monophasic
Burst_autosave_20260724_102443_670ms,Triceps long (L),L_TBlg,10,300.2382843527016,308.2382843527016,331.8038125494288,,,none,30.0,35,2,monophasic
Burst_autosave_20260724_102443_670ms,Triceps long (L),L_TBlg,1,0.0,8.0,32.35980937256977,0.02484168717637658,0.02484168717637658,none,30.0,40,2,monophasic
Burst_autosave_20260724_102443_670ms,Triceps long (L),L_TBlg,2,33.35980937256977,41.35980937256977,65.7196187446848,0.026855877600610256,0.026855877600610256,none,30.0,40,2,monophasic
Burst_autosave_20260724_102443_670ms,Triceps long (L),L_TBlg,3,66.7196187446848,74.7196187446848,99.07942811725457,0.024170290678739548,0.024170290678739548,none,30.0,40,2,monophasic
Burst_autosave_20260724_102443_670ms,Triceps long (L),L_TBlg,4,100.07942811725457,108.07942811725457,132.43923748982434,0.029037917964160442,0.029037917964160442,none,30.0,40,2,monophasic
Burst_autosave_20260724_102443_670ms,Triceps long (L),L_TBlg,5,133.43923748982434,141.43923748982434,165.7990468623941,0.03306629974395037,0.03306629974395037,none,30.0,40,2,monophasic
Burst_autosave_20260724_102443_670ms,Triceps long (L),L_TBlg,6,166.7990468623941,174.7990468623941,199.15885623496388,0.03071641083806753,0.03071641083806753,none,30.0,40,2,monophasic
Burst_autosave_20260724_102443_670ms,Triceps long (L),L_TBlg,7,200.15885623496388,208.15885623496388,232.51866560753365,0.03189135529100895,0.03189135529100895,none,30.0,40,2,monophasic
Burst_autosave_20260724_102443_670ms,Triceps long (L),L_TBlg,8,233.51866560753365,241.51866560753365,265.87847498013184,0.03709468152374029,0.03709468152374029,none,30.0,40,2,monophasic
Burst_autosave_20260724_102443_670ms,Triceps long (L),L_TBlg,9,266.87847498013184,274.87847498013184,299.2382843527016,0.027191576547920704,0.027191576547920704,none,30.0,40,2,monophasic
Burst_autosave_20260724_102443_670ms,Triceps long (L),L_TBlg,10,300.2382843527016,308.2382843527016,331.8038125494288,0.02954146545380354,0.02954146545380354,none,30.0,40,2,monophasic
Burst_autosave_20260724_102443_670ms,Thenar (L),L_The_ED_FD_FCR A,1,0.0,8.0,32.35980937256977,,,none,30.0,10,2,monophasic
Burst_autosave_20260724_102443_670ms,Thenar (L),L_The_ED_FD_FCR A,2,33.35980937256977,41.35980937256977,65.7196187446848,,,none,30.0,10,2,monophasic
Burst_autosave_20260724_102443_670ms,Thenar (L),L_The_ED_FD_FCR A,3,66.7196187446848,74.7196187446848,99.07942811725457,,,none,30.0,10,2,monophasic
Burst_autosave_20260724_102443_670ms,Thenar (L),L_The_ED_FD_FCR A,4,100.07942811725457,108.07942811725457,132.43923748982434,,,none,30.0,10,2,monophasic
Burst_autosave_20260724_102443_670ms,Thenar (L),L_The_ED_FD_FCR A,5,133.43923748982434,141.43923748982434,165.7990468623941,,,none,30.0,10,2,monophasic
Burst_autosave_20260724_102443_670ms,Thenar (L),L_The_ED_FD_FCR A,6,166.7990468623941,174.7990468623941,199.15885623496388,,,none,30.0,10,2,monophasic
Burst_autosave_20260724_102443_670ms,Thenar (L),L_The_ED_FD_FCR A,7,200.15885623496388,208.15885623496388,232.51866560753365,,,none,30.0,10,2,monophasic
Burst_autosave_20260724_102443_670ms,Thenar (L),L_The_ED_FD_FCR A,8,233.51866560753365,241.51866560753365,265.87847498013184,,,none,30.0,10,2,monophasic
Burst_autosave_20260724_102443_670ms,Thenar (L),L_The_ED_FD_FCR A,9,266.87847498013184,274.87847498013184,299.2382843527016,,,none,30.0,10,2,monophasic
Burst_autosave_20260724_102443_670ms,Thenar (L),L_The_ED_FD_FCR A,10,300.2382843527016,308.2382843527016,331.8038125494288,,,none,30.0,10,2,monophasic
Burst_autosave_20260724_102443_670ms,Thenar (L),L_The_ED_FD_FCR A,1,0.0,8.0,32.35980937256977,,,none,30.0,15,2,monophasic
Burst_autosave_20260724_102443_670ms,Thenar (L),L_The_ED_FD_FCR A,2,33.35980937256977,41.35980937256977,65.7196187446848,,,none,30.0,15,2,monophasic
Burst_autosave_20260724_102443_670ms,Thenar (L),L_The_ED_FD_FCR A,3,66.7196187446848,74.7196187446848,99.07942811725457,,,none,30.0,15,2,monophasic
Burst_autosave_20260724_102443_670ms,Thenar (L),L_The_ED_FD_FCR A,4,100.07942811725457,108.07942811725457,132.43923748982434,,,none,30.0,15,2,monophasic
Burst_autosave_20260724_102443_670ms,Thenar (L),L_The_ED_FD_FCR A,5,133.43923748982434,141.43923748982434,165.7990468623941,,,none,30.0,15,2,monophasic
Burst_autosave_20260724_102443_670ms,Thenar (L),L_The_ED_FD_FCR A,6,166.7990468623941,174.7990468623941,199.15885623496388,,,none,30.0,15,2,monophasic
Burst_autosave_20260724_102443_670ms,Thenar (L),L_The_ED_FD_FCR A,7,200.15885623496388,208.15885623496388,232.51866560753365,,,none,30.0,15,2,monophasic
Burst_autosave_20260724_102443_670ms,Thenar (L),L_The_ED_FD_FCR A,8,233.51866560753365,241.51866560753365,265.87847498013184,,,none,30.0,15,2,monophasic
Burst_autosave_20260724_102443_670ms,Thenar (L),L_The_ED_FD_FCR A,9,266.87847498013184,274.87847498013184,299.2382843527016,,,none,30.0,15,2,monophasic
Burst_autosave_20260724_102443_670ms,Thenar (L),L_The_ED_FD_FCR A,10,300.2382843527016,308.2382843527016,331.8038125494288,,,none,30.0,15,2,monophasic
Burst_autosave_20260724_102443_670ms,Thenar (L),L_The_ED_FD_FCR A,1,0.0,8.0,32.35980937256977,,,none,30.0,20,2,monophasic
Burst_autosave_20260724_102443_670ms,Thenar (L),L_The_ED_FD_FCR A,2,33.35980937256977,41.35980937256977,65.7196187446848,,,none,30.0,20,2,monophasic
Burst_autosave_20260724_102443_670ms,Thenar (L),L_The_ED_FD_FCR A,3,66.7196187446848,74.7196187446848,99.07942811725457,,,none,30.0,20,2,monophasic
Burst_autosave_20260724_102443_670ms,Thenar (L),L_The_ED_FD_FCR A,4,100.07942811725457,108.07942811725457,132.43923748982434,,,none,30.0,20,2,monophasic
Burst_autosave_20260724_102443_670ms,Thenar (L),L_The_ED_FD_FCR A,5,133.43923748982434,141.43923748982434,165.7990468623941,,,none,30.0,20,2,monophasic
Burst_autosave_20260724_102443_670ms,Thenar (L),L_The_ED_FD_FCR A,6,166.7990468623941,174.7990468623941,199.15885623496388,,,none,30.0,20,2,monophasic
Burst_autosave_20260724_102443_670ms,Thenar (L),L_The_ED_FD_FCR A,7,200.15885623496388,208.15885623496388,232.51866560753365,,,none,30.0,20,2,monophasic
Burst_autosave_20260724_102443_670ms,Thenar (L),L_The_ED_FD_FCR A,8,233.51866560753365,241.51866560753365,265.87847498013184,,,none,30.0,20,2,monophasic
Burst_autosave_20260724_102443_670ms,Thenar (L),L_The_ED_FD_FCR A,9,266.87847498013184,274.87847498013184,299.2382843527016,,,none,30.0,20,2,monophasic
Burst_autosave_20260724_102443_670ms,Thenar (L),L_The_ED_FD_FCR A,10,300.2382843527016,308.2382843527016,331.8038125494288,,,none,30.0,20,2,monophasic
Burst_autosave_20260724_102443_670ms,Thenar (L),L_The_ED_FD_FCR A,1,0.0,8.0,32.35980937256977,,,none,30.0,25,2,monophasic
Burst_autosave_20260724_102443_670ms,Thenar (L),L_The_ED_FD_FCR A,2,33.35980937256977,41.35980937256977,65.7196187446848,,,none,30.0,25,2,monophasic
Burst_autosave_20260724_102443_670ms,Thenar (L),L_The_ED_FD_FCR A,3,66.7196187446848,74.7196187446848,99.07942811725457,,,none,30.0,25,2,monophasic
Burst_autosave_20260724_102443_670ms,Thenar (L),L_The_ED_FD_FCR A,4,100.07942811725457,108.07942811725457,132.43923748982434,,,none,30.0,25,2,monophasic
Burst_autosave_20260724_102443_670ms,Thenar (L),L_The_ED_FD_FCR A,5,133.43923748982434,141.43923748982434,165.7990468623941,,,none,30.0,25,2,monophasic
Burst_autosave_20260724_102443_670ms,Thenar (L),L_The_ED_FD_FCR A,6,166.7990468623941,174.7990468623941,199.15885623496388,,,none,30.0,25,2,monophasic
Burst_autosave_20260724_102443_670ms,Thenar (L),L_The_ED_FD_FCR A,7,200.15885623496388,208.15885623496388,232.51866560753365,,,none,30.0,25,2,monophasic
Burst_autosave_20260724_102443_670ms,Thenar (L),L_The_ED_FD_FCR A,8,233.51866560753365,241.51866560753365,265.87847498013184,,,none,30.0,25,2,monophasic
Burst_autosave_20260724_102443_670ms,Thenar (L),L_The_ED_FD_FCR A,9,266.87847498013184,274.87847498013184,299.2382843527016,,,none,30.0,25,2,monophasic
Burst_autosave_20260724_102443_670ms,Thenar (L),L_The_ED_FD_FCR A,10,300.2382843527016,308.2382843527016,331.8038125494288,,,none,30.0,25,2,monophasic
Burst_autosave_20260724_102443_670ms,Thenar (L),L_The_ED_FD_FCR A,1,0.0,8.0,32.35980937256977,,,none,30.0,30,2,monophasic
Burst_autosave_20260724_102443_670ms,Thenar (L),L_The_ED_FD_FCR A,2,33.35980937256977,41.35980937256977,65.7196187446848,,,none,30.0,30,2,monophasic
Burst_autosave_20260724_102443_670ms,Thenar (L),L_The_ED_FD_FCR A,3,66.7196187446848,74.7196187446848,99.07942811725457,,,none,30.0,30,2,monophasic
Burst_autosave_20260724_102443_670ms,Thenar (L),L_The_ED_FD_FCR A,4,100.07942811725457,108.07942811725457,132.43923748982434,,,none,30.0,30,2,monophasic
Burst_autosave_20260724_102443_670ms,Thenar (L),L_The_ED_FD_FCR A,5,133.43923748982434,141.43923748982434,165.7990468623941,,,none,30.0,30,2,monophasic
Burst_autosave_20260724_102443_670ms,Thenar (L),L_The_ED_FD_FCR A,6,166.7990468623941,174.7990468623941,199.15885623496388,,,none,30.0,30,2,monophasic
Burst_autosave_20260724_102443_670ms,Thenar (L),L_The_ED_FD_FCR A,7,200.15885623496388,208.15885623496388,232.51866560753365,,,none,30.0,30,2,monophasic
Burst_autosave_20260724_102443_670ms,Thenar (L),L_The_ED_FD_FCR A,8,233.51866560753365,241.51866560753365,265.87847498013184,,,none,30.0,30,2,monophasic
Burst_autosave_20260724_102443_670ms,Thenar (L),L_The_ED_FD_FCR A,9,266.87847498013184,274.87847498013184,299.2382843527016,,,none,30.0,30,2,monophasic
Burst_autosave_20260724_102443_670ms,Thenar (L),L_The_ED_FD_FCR A,10,300.2382843527016,308.2382843527016,331.8038125494288,,,none,30.0,30,2,monophasic
Burst_autosave_20260724_102443_670ms,Thenar (L),L_The_ED_FD_FCR A,1,0.0,8.0,32.35980937256977,,,none,30.0,35,2,monophasic
Burst_autosave_20260724_102443_670ms,Thenar (L),L_The_ED_FD_FCR A,2,33.35980937256977,41.35980937256977,65.7196187446848,,,none,30.0,35,2,monophasic
Burst_autosave_20260724_102443_670ms,Thenar (L),L_The_ED_FD_FCR A,3,66.7196187446848,74.7196187446848,99.07942811725457,,,none,30.0,35,2,monophasic
Burst_autosave_20260724_102443_670ms,Thenar (L),L_The_ED_FD_FCR A,4,100.07942811725457,108.07942811725457,132.43923748982434,,,none,30.0,35,2,monophasic
Burst_autosave_20260724_102443_670ms,Thenar (L),L_The_ED_FD_FCR A,5,133.43923748982434,141.43923748982434,165.7990468623941,,,none,30.0,35,2,monophasic
Burst_autosave_20260724_102443_670ms,Thenar (L),L_The_ED_FD_FCR A,6,166.7990468623941,174.7990468623941,199.15885623496388,,,none,30.0,35,2,monophasic
Burst_autosave_20260724_102443_670ms,Thenar (L),L_The_ED_FD_FCR A,7,200.15885623496388,208.15885623496388,232.51866560753365,,,none,30.0,35,2,monophasic
Burst_autosave_20260724_102443_670ms,Thenar (L),L_The_ED_FD_FCR A,8,233.51866560753365,241.51866560753365,265.87847498013184,,,none,30.0,35,2,monophasic
Burst_autosave_20260724_102443_670ms,Thenar (L),L_The_ED_FD_FCR A,9,266.87847498013184,274.87847498013184,299.2382843527016,,,none,30.0,35,2,monophasic
Burst_autosave_20260724_102443_670ms,Thenar (L),L_The_ED_FD_FCR A,10,300.2382843527016,308.2382843527016,331.8038125494288,,,none,30.0,35,2,monophasic
Burst_autosave_20260724_102443_670ms,Thenar (L),L_The_ED_FD_FCR A,1,0.0,8.0,32.35980937256977,,,none,30.0,40,2,monophasic
Burst_autosave_20260724_102443_670ms,Thenar (L),L_The_ED_FD_FCR A,2,33.35980937256977,41.35980937256977,65.7196187446848,,,none,30.0,40,2,monophasic
Burst_autosave_20260724_102443_670ms,Thenar (L),L_The_ED_FD_FCR A,3,66.7196187446848,74.7196187446848,99.07942811725457,,,none,30.0,40,2,monophasic
Burst_autosave_20260724_102443_670ms,Thenar (L),L_The_ED_FD_FCR A,4,100.07942811725457,108.07942811725457,132.43923748982434,,,none,30.0,40,2,monophasic
Burst_autosave_20260724_102443_670ms,Thenar (L),L_The_ED_FD_FCR A,5,133.43923748982434,141.43923748982434,165.7990468623941,,,none,30.0,40,2,monophasic
Burst_autosave_20260724_102443_670ms,Thenar (L),L_The_ED_FD_FCR A,6,166.7990468623941,174.7990468623941,199.15885623496388,,,none,30.0,40,2,monophasic
Burst_autosave_20260724_102443_670ms,Thenar (L),L_The_ED_FD_FCR A,7,200.15885623496388,208.15885623496388,232.51866560753365,,,none,30.0,40,2,monophasic
Burst_autosave_20260724_102443_670ms,Thenar (L),L_The_ED_FD_FCR A,8,233.51866560753365,241.51866560753365,265.87847498013184,,,none,30.0,40,2,monophasic
Burst_autosave_20260724_102443_670ms,Thenar (L),L_The_ED_FD_FCR A,9,266.87847498013184,274.87847498013184,299.2382843527016,,,none,30.0,40,2,monophasic
Burst_autosave_20260724_102443_670ms,Thenar (L),L_The_ED_FD_FCR A,10,300.2382843527016,308.2382843527016,331.8038125494288,,,none,30.0,40,2,monophasic
Burst_autosave_20260724_102443_670ms,Ext. digitorum (L),L_The_ED_FD_FCR B,1,0.0,8.0,32.35980937256977,,,none,30.0,10,2,monophasic
Burst_autosave_20260724_102443_670ms,Ext. digitorum (L),L_The_ED_FD_FCR B,2,33.35980937256977,41.35980937256977,65.7196187446848,,,none,30.0,10,2,monophasic
Burst_autosave_20260724_102443_670ms,Ext. digitorum (L),L_The_ED_FD_FCR B,3,66.7196187446848,74.7196187446848,99.07942811725457,,,none,30.0,10,2,monophasic
Burst_autosave_20260724_102443_670ms,Ext. digitorum (L),L_The_ED_FD_FCR B,4,100.07942811725457,108.07942811725457,132.43923748982434,,,none,30.0,10,2,monophasic
Burst_autosave_20260724_102443_670ms,Ext. digitorum (L),L_The_ED_FD_FCR B,5,133.43923748982434,141.43923748982434,165.7990468623941,,,none,30.0,10,2,monophasic
Burst_autosave_20260724_102443_670ms,Ext. digitorum (L),L_The_ED_FD_FCR B,6,166.7990468623941,174.7990468623941,199.15885623496388,,,none,30.0,10,2,monophasic
Burst_autosave_20260724_102443_670ms,Ext. digitorum (L),L_The_ED_FD_FCR B,7,200.15885623496388,208.15885623496388,232.51866560753365,,,none,30.0,10,2,monophasic
Burst_autosave_20260724_102443_670ms,Ext. digitorum (L),L_The_ED_FD_FCR B,8,233.51866560753365,241.51866560753365,265.87847498013184,,,none,30.0,10,2,monophasic
Burst_autosave_20260724_102443_670ms,Ext. digitorum (L),L_The_ED_FD_FCR B,9,266.87847498013184,274.87847498013184,299.2382843527016,,,none,30.0,10,2,monophasic
Burst_autosave_20260724_102443_670ms,Ext. digitorum (L),L_The_ED_FD_FCR B,10,300.2382843527016,308.2382843527016,331.8038125494288,,,none,30.0,10,2,monophasic
Burst_autosave_20260724_102443_670ms,Ext. digitorum (L),L_The_ED_FD_FCR B,1,0.0,8.0,32.35980937256977,,,none,30.0,15,2,monophasic
Burst_autosave_20260724_102443_670ms,Ext. digitorum (L),L_The_ED_FD_FCR B,2,33.35980937256977,41.35980937256977,65.7196187446848,,,none,30.0,15,2,monophasic
Burst_autosave_20260724_102443_670ms,Ext. digitorum (L),L_The_ED_FD_FCR B,3,66.7196187446848,74.7196187446848,99.07942811725457,,,none,30.0,15,2,monophasic
Burst_autosave_20260724_102443_670ms,Ext. digitorum (L),L_The_ED_FD_FCR B,4,100.07942811725457,108.07942811725457,132.43923748982434,,,none,30.0,15,2,monophasic
Burst_autosave_20260724_102443_670ms,Ext. digitorum (L),L_The_ED_FD_FCR B,5,133.43923748982434,141.43923748982434,165.7990468623941,,,none,30.0,15,2,monophasic
Burst_autosave_20260724_102443_670ms,Ext. digitorum (L),L_The_ED_FD_FCR B,6,166.7990468623941,174.7990468623941,199.15885623496388,,,none,30.0,15,2,monophasic
Burst_autosave_20260724_102443_670ms,Ext. digitorum (L),L_The_ED_FD_FCR B,7,200.15885623496388,208.15885623496388,232.51866560753365,,,none,30.0,15,2,monophasic
Burst_autosave_20260724_102443_670ms,Ext. digitorum (L),L_The_ED_FD_FCR B,8,233.51866560753365,241.51866560753365,265.87847498013184,,,none,30.0,15,2,monophasic
Burst_autosave_20260724_102443_670ms,Ext. digitorum (L),L_The_ED_FD_FCR B,9,266.87847498013184,274.87847498013184,299.2382843527016,,,none,30.0,15,2,monophasic
Burst_autosave_20260724_102443_670ms,Ext. digitorum (L),L_The_ED_FD_FCR B,10,300.2382843527016,308.2382843527016,331.8038125494288,,,none,30.0,15,2,monophasic
Burst_autosave_20260724_102443_670ms,Ext. digitorum (L),L_The_ED_FD_FCR B,1,0.0,8.0,32.35980937256977,,,none,30.0,20,2,monophasic
Burst_autosave_20260724_102443_670ms,Ext. digitorum (L),L_The_ED_FD_FCR B,2,33.35980937256977,41.35980937256977,65.7196187446848,,,none,30.0,20,2,monophasic
Burst_autosave_20260724_102443_670ms,Ext. digitorum (L),L_The_ED_FD_FCR B,3,66.7196187446848,74.7196187446848,99.07942811725457,,,none,30.0,20,2,monophasic
Burst_autosave_20260724_102443_670ms,Ext. digitorum (L),L_The_ED_FD_FCR B,4,100.07942811725457,108.07942811725457,132.43923748982434,,,none,30.0,20,2,monophasic
Burst_autosave_20260724_102443_670ms,Ext. digitorum (L),L_The_ED_FD_FCR B,5,133.43923748982434,141.43923748982434,165.7990468623941,,,none,30.0,20,2,monophasic
Burst_autosave_20260724_102443_670ms,Ext. digitorum (L),L_The_ED_FD_FCR B,6,166.7990468623941,174.7990468623941,199.15885623496388,,,none,30.0,20,2,monophasic
Burst_autosave_20260724_102443_670ms,Ext. digitorum (L),L_The_ED_FD_FCR B,7,200.15885623496388,208.15885623496388,232.51866560753365,,,none,30.0,20,2,monophasic
Burst_autosave_20260724_102443_670ms,Ext. digitorum (L),L_The_ED_FD_FCR B,8,233.51866560753365,241.51866560753365,265.87847498013184,,,none,30.0,20,2,monophasic
Burst_autosave_20260724_102443_670ms,Ext. digitorum (L),L_The_ED_FD_FCR B,9,266.87847498013184,274.87847498013184,299.2382843527016,,,none,30.0,20,2,monophasic
Burst_autosave_20260724_102443_670ms,Ext. digitorum (L),L_The_ED_FD_FCR B,10,300.2382843527016,308.2382843527016,331.8038125494288,,,none,30.0,20,2,monophasic
Burst_autosave_20260724_102443_670ms,Ext. digitorum (L),L_The_ED_FD_FCR B,1,0.0,8.0,32.35980937256977,,,none,30.0,25,2,monophasic
Burst_autosave_20260724_102443_670ms,Ext. digitorum (L),L_The_ED_FD_FCR B,2,33.35980937256977,41.35980937256977,65.7196187446848,,,none,30.0,25,2,monophasic
Burst_autosave_20260724_102443_670ms,Ext. digitorum (L),L_The_ED_FD_FCR B,3,66.7196187446848,74.7196187446848,99.07942811725457,,,none,30.0,25,2,monophasic
Burst_autosave_20260724_102443_670ms,Ext. digitorum (L),L_The_ED_FD_FCR B,4,100.07942811725457,108.07942811725457,132.43923748982434,,,none,30.0,25,2,monophasic
Burst_autosave_20260724_102443_670ms,Ext. digitorum (L),L_The_ED_FD_FCR B,5,133.43923748982434,141.43923748982434,165.7990468623941,,,none,30.0,25,2,monophasic
Burst_autosave_20260724_102443_670ms,Ext. digitorum (L),L_The_ED_FD_FCR B,6,166.7990468623941,174.7990468623941,199.15885623496388,,,none,30.0,25,2,monophasic
Burst_autosave_20260724_102443_670ms,Ext. digitorum (L),L_The_ED_FD_FCR B,7,200.15885623496388,208.15885623496388,232.51866560753365,,,none,30.0,25,2,monophasic
Burst_autosave_20260724_102443_670ms,Ext. digitorum (L),L_The_ED_FD_FCR B,8,233.51866560753365,241.51866560753365,265.87847498013184,,,none,30.0,25,2,monophasic
Burst_autosave_20260724_102443_670ms,Ext. digitorum (L),L_The_ED_FD_FCR B,9,266.87847498013184,274.87847498013184,299.2382843527016,,,none,30.0,25,2,monophasic
Burst_autosave_20260724_102443_670ms,Ext. digitorum (L),L_The_ED_FD_FCR B,10,300.2382843527016,308.2382843527016,331.8038125494288,,,none,30.0,25,2,monophasic
Burst_autosave_20260724_102443_670ms,Ext. digitorum (L),L_The_ED_FD_FCR B,1,0.0,8.0,32.35980937256977,,,none,30.0,30,2,monophasic
Burst_autosave_20260724_102443_670ms,Ext. digitorum (L),L_The_ED_FD_FCR B,2,33.35980937256977,41.35980937256977,65.7196187446848,,,none,30.0,30,2,monophasic
Burst_autosave_20260724_102443_670ms,Ext. digitorum (L),L_The_ED_FD_FCR B,3,66.7196187446848,74.7196187446848,99.07942811725457,,,none,30.0,30,2,monophasic
Burst_autosave_20260724_102443_670ms,Ext. digitorum (L),L_The_ED_FD_FCR B,4,100.07942811725457,108.07942811725457,132.43923748982434,,,none,30.0,30,2,monophasic
Burst_autosave_20260724_102443_670ms,Ext. digitorum (L),L_The_ED_FD_FCR B,5,133.43923748982434,141.43923748982434,165.7990468623941,,,none,30.0,30,2,monophasic
Burst_autosave_20260724_102443_670ms,Ext. digitorum (L),L_The_ED_FD_FCR B,6,166.7990468623941,174.7990468623941,199.15885623496388,,,none,30.0,30,2,monophasic
Burst_autosave_20260724_102443_670ms,Ext. digitorum (L),L_The_ED_FD_FCR B,7,200.15885623496388,208.15885623496388,232.51866560753365,,,none,30.0,30,2,monophasic
Burst_autosave_20260724_102443_670ms,Ext. digitorum (L),L_The_ED_FD_FCR B,8,233.51866560753365,241.51866560753365,265.87847498013184,,,none,30.0,30,2,monophasic
Burst_autosave_20260724_102443_670ms,Ext. digitorum (L),L_The_ED_FD_FCR B,9,266.87847498013184,274.87847498013184,299.2382843527016,,,none,30.0,30,2,monophasic
Burst_autosave_20260724_102443_670ms,Ext. digitorum (L),L_The_ED_FD_FCR B,10,300.2382843527016,308.2382843527016,331.8038125494288,,,none,30.0,30,2,monophasic
Burst_autosave_20260724_102443_670ms,Ext. digitorum (L),L_The_ED_FD_FCR B,1,0.0,8.0,32.35980937256977,0.043472953140735626,0.043472953140735626,none,30.0,35,2,monophasic
Burst_autosave_20260724_102443_670ms,Ext. digitorum (L),L_The_ED_FD_FCR B,2,33.35980937256977,41.35980937256977,65.7196187446848,0.039612422697246075,0.039612422697246075,none,30.0,35,2,monophasic
Burst_autosave_20260724_102443_670ms,Ext. digitorum (L),L_The_ED_FD_FCR B,3,66.7196187446848,74.7196187446848,99.07942811725457,0.03088426124304533,0.03088426124304533,none,30.0,35,2,monophasic
Burst_autosave_20260724_102443_670ms,Ext. digitorum (L),L_The_ED_FD_FCR B,4,100.07942811725457,108.07942811725457,132.43923748982434,0.03961241990327835,0.03961241990327835,none,30.0,35,2,monophasic
Burst_autosave_20260724_102443_670ms,Ext. digitorum (L),L_The_ED_FD_FCR B,5,133.43923748982434,141.43923748982434,165.7990468623941,0.02517738565802574,0.02517738565802574,none,30.0,35,2,monophasic
Burst_autosave_20260724_102443_670ms,Ext. digitorum (L),L_The_ED_FD_FCR B,6,166.7990468623941,174.7990468623941,199.15885623496388,0.043640801683068275,0.043640801683068275,none,30.0,35,2,monophasic
Burst_autosave_20260724_102443_670ms,Ext. digitorum (L),L_The_ED_FD_FCR B,7,200.15885623496388,208.15885623496388,232.51866560753365,0.042298007756471634,0.042298007756471634,none,30.0,35,2,monophasic
Burst_autosave_20260724_102443_670ms,Ext. digitorum (L),L_The_ED_FD_FCR B,8,233.51866560753365,241.51866560753365,265.87847498013184,0.016449226066470146,0.016449226066470146,none,30.0,35,2,monophasic
Burst_autosave_20260724_102443_670ms,Ext. digitorum (L),L_The_ED_FD_FCR B,9,266.87847498013184,274.87847498013184,299.2382843527016,0.05404745601117611,0.05404745601117611,none,30.0,35,2,monophasic
Burst_autosave_20260724_102443_670ms,Ext. digitorum (L),L_The_ED_FD_FCR B,10,300.2382843527016,308.2382843527016,331.8038125494288,0.03591973800212145,0.03591973800212145,none,30.0,35,2,monophasic
Burst_autosave_20260724_102443_670ms,Ext. digitorum (L),L_The_ED_FD_FCR B,1,0.0,8.0,32.35980937256977,0.042298007756471634,0.042298007756471634,none,30.0,40,2,monophasic
Burst_autosave_20260724_102443_670ms,Ext. digitorum (L),L_The_ED_FD_FCR B,2,33.35980937256977,41.35980937256977,65.7196187446848,0.03994812071323395,0.03994812071323395,none,30.0,40,2,monophasic
Burst_autosave_20260724_102443_670ms,Ext. digitorum (L),L_The_ED_FD_FCR B,3,66.7196187446848,74.7196187446848,99.07942811725457,0.05102616921067238,0.05102616921067238,none,30.0,40,2,monophasic
Burst_autosave_20260724_102443_670ms,Ext. digitorum (L),L_The_ED_FD_FCR B,4,100.07942811725457,108.07942811725457,132.43923748982434,0.04464789666235447,0.04464789666235447,none,30.0,40,2,monophasic
Burst_autosave_20260724_102443_670ms,Ext. digitorum (L),L_The_ED_FD_FCR B,5,133.43923748982434,141.43923748982434,165.7990468623941,0.05102616921067238,0.05102616921067238,none,30.0,40,2,monophasic
Burst_autosave_20260724_102443_670ms,Ext. digitorum (L),L_The_ED_FD_FCR B,6,166.7990468623941,174.7990468623941,199.15885623496388,0.04179446026682854,0.04179446026682854,none,30.0,40,2,monophasic
Burst_autosave_20260724_102443_670ms,Ext. digitorum (L),L_The_ED_FD_FCR B,7,200.15885623496388,208.15885623496388,232.51866560753365,0.03457694314420223,0.03457694314420223,none,30.0,40,2,monophasic
Burst_autosave_20260724_102443_670ms,Ext. digitorum (L),L_The_ED_FD_FCR B,8,233.51866560753365,241.51866560753365,265.87847498013184,0.035584039986133575,0.035584039986133575,none,30.0,40,2,monophasic
Burst_autosave_20260724_102443_670ms,Ext. digitorum (L),L_The_ED_FD_FCR B,9,266.87847498013184,274.87847498013184,299.2382843527016,0.033905547112226486,0.033905547112226486,none,30.0,40,2,monophasic
Burst_autosave_20260724_102443_670ms,Ext. digitorum (L),L_The_ED_FD_FCR B,10,300.2382843527016,308.2382843527016,331.8038125494288,0.03121995832771063,0.03121995832771063,none,30.0,40,2,monophasic
Burst_autosave_20260724_102443_670ms,Flex. digitorum (L),L_The_ED_FD_FCR C,1,0.0,8.0,32.35980937256977,,,none,30.0,10,2,monophasic
Burst_autosave_20260724_102443_670ms,Flex. digitorum (L),L_The_ED_FD_FCR C,2,33.35980937256977,41.35980937256977,65.7196187446848,,,none,30.0,10,2,monophasic
Burst_autosave_20260724_102443_670ms,Flex. digitorum (L),L_The_ED_FD_FCR C,3,66.7196187446848,74.7196187446848,99.07942811725457,,,none,30.0,10,2,monophasic
Burst_autosave_20260724_102443_670ms,Flex. digitorum (L),L_The_ED_FD_FCR C,4,100.07942811725457,108.07942811725457,132.43923748982434,,,none,30.0,10,2,monophasic
Burst_autosave_20260724_102443_670ms,Flex. digitorum (L),L_The_ED_FD_FCR C,5,133.43923748982434,141.43923748982434,165.7990468623941,,,none,30.0,10,2,monophasic
Burst_autosave_20260724_102443_670ms,Flex. digitorum (L),L_The_ED_FD_FCR C,6,166.7990468623941,174.7990468623941,199.15885623496388,,,none,30.0,10,2,monophasic
Burst_autosave_20260724_102443_670ms,Flex. digitorum (L),L_The_ED_FD_FCR C,7,200.15885623496388,208.15885623496388,232.51866560753365,,,none,30.0,10,2,monophasic
Burst_autosave_20260724_102443_670ms,Flex. digitorum (L),L_The_ED_FD_FCR C,8,233.51866560753365,241.51866560753365,265.87847498013184,,,none,30.0,10,2,monophasic
Burst_autosave_20260724_102443_670ms,Flex. digitorum (L),L_The_ED_FD_FCR C,9,266.87847498013184,274.87847498013184,299.2382843527016,,,none,30.0,10,2,monophasic
Burst_autosave_20260724_102443_670ms,Flex. digitorum (L),L_The_ED_FD_FCR C,10,300.2382843527016,308.2382843527016,331.8038125494288,,,none,30.0,10,2,monophasic
Burst_autosave_20260724_102443_670ms,Flex. digitorum (L),L_The_ED_FD_FCR C,1,0.0,8.0,32.35980937256977,,,none,30.0,15,2,monophasic
Burst_autosave_20260724_102443_670ms,Flex. digitorum (L),L_The_ED_FD_FCR C,2,33.35980937256977,41.35980937256977,65.7196187446848,,,none,30.0,15,2,monophasic
Burst_autosave_20260724_102443_670ms,Flex. digitorum (L),L_The_ED_FD_FCR C,3,66.7196187446848,74.7196187446848,99.07942811725457,,,none,30.0,15,2,monophasic
Burst_autosave_20260724_102443_670ms,Flex. digitorum (L),L_The_ED_FD_FCR C,4,100.07942811725457,108.07942811725457,132.43923748982434,,,none,30.0,15,2,monophasic
Burst_autosave_20260724_102443_670ms,Flex. digitorum (L),L_The_ED_FD_FCR C,5,133.43923748982434,141.43923748982434,165.7990468623941,,,none,30.0,15,2,monophasic
Burst_autosave_20260724_102443_670ms,Flex. digitorum (L),L_The_ED_FD_FCR C,6,166.7990468623941,174.7990468623941,199.15885623496388,,,none,30.0,15,2,monophasic
Burst_autosave_20260724_102443_670ms,Flex. digitorum (L),L_The_ED_FD_FCR C,7,200.15885623496388,208.15885623496388,232.51866560753365,,,none,30.0,15,2,monophasic
Burst_autosave_20260724_102443_670ms,Flex. digitorum (L),L_The_ED_FD_FCR C,8,233.51866560753365,241.51866560753365,265.87847498013184,,,none,30.0,15,2,monophasic
Burst_autosave_20260724_102443_670ms,Flex. digitorum (L),L_The_ED_FD_FCR C,9,266.87847498013184,274.87847498013184,299.2382843527016,,,none,30.0,15,2,monophasic
Burst_autosave_20260724_102443_670ms,Flex. digitorum (L),L_The_ED_FD_FCR C,10,300.2382843527016,308.2382843527016,331.8038125494288,,,none,30.0,15,2,monophasic
Burst_autosave_20260724_102443_670ms,Flex. digitorum (L),L_The_ED_FD_FCR C,1,0.0,8.0,32.35980937256977,,,none,30.0,20,2,monophasic
Burst_autosave_20260724_102443_670ms,Flex. digitorum (L),L_The_ED_FD_FCR C,2,33.35980937256977,41.35980937256977,65.7196187446848,,,none,30.0,20,2,monophasic
Burst_autosave_20260724_102443_670ms,Flex. digitorum (L),L_The_ED_FD_FCR C,3,66.7196187446848,74.7196187446848,99.07942811725457,,,none,30.0,20,2,monophasic
Burst_autosave_20260724_102443_670ms,Flex. digitorum (L),L_The_ED_FD_FCR C,4,100.07942811725457,108.07942811725457,132.43923748982434,,,none,30.0,20,2,monophasic
Burst_autosave_20260724_102443_670ms,Flex. digitorum (L),L_The_ED_FD_FCR C,5,133.43923748982434,141.43923748982434,165.7990468623941,,,none,30.0,20,2,monophasic
Burst_autosave_20260724_102443_670ms,Flex. digitorum (L),L_The_ED_FD_FCR C,6,166.7990468623941,174.7990468623941,199.15885623496388,,,none,30.0,20,2,monophasic
Burst_autosave_20260724_102443_670ms,Flex. digitorum (L),L_The_ED_FD_FCR C,7,200.15885623496388,208.15885623496388,232.51866560753365,,,none,30.0,20,2,monophasic
Burst_autosave_20260724_102443_670ms,Flex. digitorum (L),L_The_ED_FD_FCR C,8,233.51866560753365,241.51866560753365,265.87847498013184,,,none,30.0,20,2,monophasic
Burst_autosave_20260724_102443_670ms,Flex. digitorum (L),L_The_ED_FD_FCR C,9,266.87847498013184,274.87847498013184,299.2382843527016,,,none,30.0,20,2,monophasic
Burst_autosave_20260724_102443_670ms,Flex. digitorum (L),L_The_ED_FD_FCR C,10,300.2382843527016,308.2382843527016,331.8038125494288,,,none,30.0,20,2,monophasic
Burst_autosave_20260724_102443_670ms,Flex. digitorum (L),L_The_ED_FD_FCR C,1,0.0,8.0,32.35980937256977,,,none,30.0,25,2,monophasic
Burst_autosave_20260724_102443_670ms,Flex. digitorum (L),L_The_ED_FD_FCR C,2,33.35980937256977,41.35980937256977,65.7196187446848,,,none,30.0,25,2,monophasic
Burst_autosave_20260724_102443_670ms,Flex. digitorum (L),L_The_ED_FD_FCR C,3,66.7196187446848,74.7196187446848,99.07942811725457,,,none,30.0,25,2,monophasic
Burst_autosave_20260724_102443_670ms,Flex. digitorum (L),L_The_ED_FD_FCR C,4,100.07942811725457,108.07942811725457,132.43923748982434,,,none,30.0,25,2,monophasic
Burst_autosave_20260724_102443_670ms,Flex. digitorum (L),L_The_ED_FD_FCR C,5,133.43923748982434,141.43923748982434,165.7990468623941,,,none,30.0,25,2,monophasic
Burst_autosave_20260724_102443_670ms,Flex. digitorum (L),L_The_ED_FD_FCR C,6,166.7990468623941,174.7990468623941,199.15885623496388,,,none,30.0,25,2,monophasic
Burst_autosave_20260724_102443_670ms,Flex. digitorum (L),L_The_ED_FD_FCR C,7,200.15885623496388,208.15885623496388,232.51866560753365,,,none,30.0,25,2,monophasic
Burst_autosave_20260724_102443_670ms,Flex. digitorum (L),L_The_ED_FD_FCR C,8,233.51866560753365,241.51866560753365,265.87847498013184,,,none,30.0,25,2,monophasic
Burst_autosave_20260724_102443_670ms,Flex. digitorum (L),L_The_ED_FD_FCR C,9,266.87847498013184,274.87847498013184,299.2382843527016,,,none,30.0,25,2,monophasic
Burst_autosave_20260724_102443_670ms,Flex. digitorum (L),L_The_ED_FD_FCR C,10,300.2382843527016,308.2382843527016,331.8038125494288,,,none,30.0,25,2,monophasic
Burst_autosave_20260724_102443_670ms,Flex. digitorum (L),L_The_ED_FD_FCR C,1,0.0,8.0,32.35980937256977,,,none,30.0,30,2,monophasic
Burst_autosave_20260724_102443_670ms,Flex. digitorum (L),L_The_ED_FD_FCR C,2,33.35980937256977,41.35980937256977,65.7196187446848,,,none,30.0,30,2,monophasic
Burst_autosave_20260724_102443_670ms,Flex. digitorum (L),L_The_ED_FD_FCR C,3,66.7196187446848,74.7196187446848,99.07942811725457,,,none,30.0,30,2,monophasic
Burst_autosave_20260724_102443_670ms,Flex. digitorum (L),L_The_ED_FD_FCR C,4,100.07942811725457,108.07942811725457,132.43923748982434,,,none,30.0,30,2,monophasic
Burst_autosave_20260724_102443_670ms,Flex. digitorum (L),L_The_ED_FD_FCR C,5,133.43923748982434,141.43923748982434,165.7990468623941,,,none,30.0,30,2,monophasic
Burst_autosave_20260724_102443_670ms,Flex. digitorum (L),L_The_ED_FD_FCR C,6,166.7990468623941,174.7990468623941,199.15885623496388,,,none,30.0,30,2,monophasic
Burst_autosave_20260724_102443_670ms,Flex. digitorum (L),L_The_ED_FD_FCR C,7,200.15885623496388,208.15885623496388,232.51866560753365,,,none,30.0,30,2,monophasic
Burst_autosave_20260724_102443_670ms,Flex. digitorum (L),L_The_ED_FD_FCR C,8,233.51866560753365,241.51866560753365,265.87847498013184,,,none,30.0,30,2,monophasic
Burst_autosave_20260724_102443_670ms,Flex. digitorum (L),L_The_ED_FD_FCR C,9,266.87847498013184,274.87847498013184,299.2382843527016,,,none,30.0,30,2,monophasic
Burst_autosave_20260724_102443_670ms,Flex. digitorum (L),L_The_ED_FD_FCR C,10,300.2382843527016,308.2382843527016,331.8038125494288,,,none,30.0,30,2,monophasic
Burst_autosave_20260724_102443_670ms,Flex. digitorum (L),L_The_ED_FD_FCR C,1,0.0,8.0,32.35980937256977,0.12118715420365334,0.12118715420365334,none,30.0,35,2,monophasic
Burst_autosave_20260724_102443_670ms,Flex. digitorum (L),L_The_ED_FD_FCR C,2,33.35980937256977,41.35980937256977,65.7196187446848,0.028702220879495144,0.028702220879495144,none,30.0,35,2,monophasic
Burst_autosave_20260724_102443_670ms,Flex. digitorum (L),L_The_ED_FD_FCR C,3,66.7196187446848,74.7196187446848,99.07942811725457,0.012085145805031061,0.012085145805031061,none,30.0,35,2,monophasic
Burst_autosave_20260724_102443_670ms,Flex. digitorum (L),L_The_ED_FD_FCR C,4,100.07942811725457,108.07942811725457,132.43923748982434,0.11413748189806938,0.11413748189806938,none,30.0,35,2,monophasic
Burst_autosave_20260724_102443_670ms,Flex. digitorum (L),L_The_ED_FD_FCR C,5,133.43923748982434,141.43923748982434,165.7990468623941,0.11480887979269028,0.11480887979269028,none,30.0,35,2,monophasic
Burst_autosave_20260724_102443_670ms,Flex. digitorum (L),L_The_ED_FD_FCR C,6,166.7990468623941,174.7990468623941,199.15885623496388,0.11984435468912125,0.11984435468912125,none,30.0,35,2,monophasic
Burst_autosave_20260724_102443_670ms,Flex. digitorum (L),L_The_ED_FD_FCR C,7,200.15885623496388,208.15885623496388,232.51866560753365,0.02920576836913824,0.02920576836913824,none,30.0,35,2,monophasic
Burst_autosave_20260724_102443_670ms,Flex. digitorum (L),L_The_ED_FD_FCR C,8,233.51866560753365,241.51866560753365,265.87847498013184,0.1114518977701664,0.1114518977701664,none,30.0,35,2,monophasic
Burst_autosave_20260724_102443_670ms,Flex. digitorum (L),L_The_ED_FD_FCR C,9,266.87847498013184,274.87847498013184,299.2382843527016,0.10708781704306602,0.10708781704306602,none,30.0,35,2,monophasic
Burst_autosave_20260724_102443_670ms,Flex. digitorum (L),L_The_ED_FD_FCR C,10,300.2382843527016,308.2382843527016,331.8038125494288,0.03692683391273022,0.03692683391273022,none,30.0,35,2,monophasic
Burst_autosave_20260724_102443_670ms,Flex. digitorum (L),L_The_ED_FD_FCR C,1,0.0,8.0,32.35980937256977,0.1114518977701664,0.1114518977701664,none,30.0,40,2,monophasic
Burst_autosave_20260724_102443_670ms,Flex. digitorum (L),L_The_ED_FD_FCR C,2,33.35980937256977,41.35980937256977,65.7196187446848,0.11766231805086136,0.11766231805086136,none,30.0,40,2,monophasic
Burst_autosave_20260724_102443_670ms,Flex. digitorum (L),L_The_ED_FD_FCR C,3,66.7196187446848,74.7196187446848,99.07942811725457,0.10238803550601006,0.10238803550601006,none,30.0,40,2,monophasic
Burst_autosave_20260724_102443_670ms,Flex. digitorum (L),L_The_ED_FD_FCR C,4,100.07942811725457,108.07942811725457,132.43923748982434,0.12152285128831863,0.12152285128831863,none,30.0,40,2,monophasic
Burst_autosave_20260724_102443_670ms,Flex. digitorum (L),L_The_ED_FD_FCR C,5,133.43923748982434,141.43923748982434,165.7990468623941,0.10020599886775017,0.10020599886775017,none,30.0,40,2,monophasic
Burst_autosave_20260724_102443_670ms,Flex. digitorum (L),L_The_ED_FD_FCR C,6,166.7990468623941,174.7990468623941,199.15885623496388,0.10473792627453804,0.10473792627453804,none,30.0,40,2,monophasic
Burst_autosave_20260724_102443_670ms,Flex. digitorum (L),L_The_ED_FD_FCR C,7,200.15885623496388,208.15885623496388,232.51866560753365,0.11581597477197647,0.11581597477197647,none,30.0,40,2,monophasic
Burst_autosave_20260724_102443_670ms,Flex. digitorum (L),L_The_ED_FD_FCR C,8,233.51866560753365,241.51866560753365,265.87847498013184,0.09735256060957909,0.09735256060957909,none,30.0,40,2,monophasic
Burst_autosave_20260724_102443_670ms,Flex. digitorum (L),L_The_ED_FD_FCR C,9,266.87847498013184,274.87847498013184,299.2382843527016,0.10708781704306602,0.10708781704306602,none,30.0,40,2,monophasic
Burst_autosave_20260724_102443_670ms,Flex. digitorum (L),L_The_ED_FD_FCR C,10,300.2382843527016,308.2382843527016,331.8038125494288,0.11279468983411789,0.11279468983411789,none,30.0,40,2,monophasic
Burst_autosave_20260724_102443_670ms,Flex. carpi rad. (L),L_The_ED_FD_FCR D,1,0.0,8.0,32.35980937256977,,,none,30.0,10,2,monophasic
Burst_autosave_20260724_102443_670ms,Flex. carpi rad. (L),L_The_ED_FD_FCR D,2,33.35980937256977,41.35980937256977,65.7196187446848,,,none,30.0,10,2,monophasic
Burst_autosave_20260724_102443_670ms,Flex. carpi rad. (L),L_The_ED_FD_FCR D,3,66.7196187446848,74.7196187446848,99.07942811725457,,,none,30.0,10,2,monophasic
Burst_autosave_20260724_102443_670ms,Flex. carpi rad. (L),L_The_ED_FD_FCR D,4,100.07942811725457,108.07942811725457,132.43923748982434,,,none,30.0,10,2,monophasic
Burst_autosave_20260724_102443_670ms,Flex. carpi rad. (L),L_The_ED_FD_FCR D,5,133.43923748982434,141.43923748982434,165.7990468623941,,,none,30.0,10,2,monophasic
Burst_autosave_20260724_102443_670ms,Flex. carpi rad. (L),L_The_ED_FD_FCR D,6,166.7990468623941,174.7990468623941,199.15885623496388,,,none,30.0,10,2,monophasic
Burst_autosave_20260724_102443_670ms,Flex. carpi rad. (L),L_The_ED_FD_FCR D,7,200.15885623496388,208.15885623496388,232.51866560753365,,,none,30.0,10,2,monophasic
Burst_autosave_20260724_102443_670ms,Flex. carpi rad. (L),L_The_ED_FD_FCR D,8,233.51866560753365,241.51866560753365,265.87847498013184,,,none,30.0,10,2,monophasic
Burst_autosave_20260724_102443_670ms,Flex. carpi rad. (L),L_The_ED_FD_FCR D,9,266.87847498013184,274.87847498013184,299.2382843527016,,,none,30.0,10,2,monophasic
Burst_autosave_20260724_102443_670ms,Flex. carpi rad. (L),L_The_ED_FD_FCR D,10,300.2382843527016,308.2382843527016,331.8038125494288,,,none,30.0,10,2,monophasic
Burst_autosave_20260724_102443_670ms,Flex. carpi rad. (L),L_The_ED_FD_FCR D,1,0.0,8.0,32.35980937256977,,,none,30.0,15,2,monophasic
Burst_autosave_20260724_102443_670ms,Flex. carpi rad. (L),L_The_ED_FD_FCR D,2,33.35980937256977,41.35980937256977,65.7196187446848,,,none,30.0,15,2,monophasic
Burst_autosave_20260724_102443_670ms,Flex. carpi rad. (L),L_The_ED_FD_FCR D,3,66.7196187446848,74.7196187446848,99.07942811725457,,,none,30.0,15,2,monophasic
Burst_autosave_20260724_102443_670ms,Flex. carpi rad. (L),L_The_ED_FD_FCR D,4,100.07942811725457,108.07942811725457,132.43923748982434,,,none,30.0,15,2,monophasic
Burst_autosave_20260724_102443_670ms,Flex. carpi rad. (L),L_The_ED_FD_FCR D,5,133.43923748982434,141.43923748982434,165.7990468623941,,,none,30.0,15,2,monophasic
Burst_autosave_20260724_102443_670ms,Flex. carpi rad. (L),L_The_ED_FD_FCR D,6,166.7990468623941,174.7990468623941,199.15885623496388,,,none,30.0,15,2,monophasic
Burst_autosave_20260724_102443_670ms,Flex. carpi rad. (L),L_The_ED_FD_FCR D,7,200.15885623496388,208.15885623496388,232.51866560753365,,,none,30.0,15,2,monophasic
Burst_autosave_20260724_102443_670ms,Flex. carpi rad. (L),L_The_ED_FD_FCR D,8,233.51866560753365,241.51866560753365,265.87847498013184,,,none,30.0,15,2,monophasic
Burst_autosave_20260724_102443_670ms,Flex. carpi rad. (L),L_The_ED_FD_FCR D,9,266.87847498013184,274.87847498013184,299.2382843527016,,,none,30.0,15,2,monophasic
Burst_autosave_20260724_102443_670ms,Flex. carpi rad. (L),L_The_ED_FD_FCR D,10,300.2382843527016,308.2382843527016,331.8038125494288,,,none,30.0,15,2,monophasic
Burst_autosave_20260724_102443_670ms,Flex. carpi rad. (L),L_The_ED_FD_FCR D,1,0.0,8.0,32.35980937256977,,,none,30.0,20,2,monophasic
Burst_autosave_20260724_102443_670ms,Flex. carpi rad. (L),L_The_ED_FD_FCR D,2,33.35980937256977,41.35980937256977,65.7196187446848,,,none,30.0,20,2,monophasic
Burst_autosave_20260724_102443_670ms,Flex. carpi rad. (L),L_The_ED_FD_FCR D,3,66.7196187446848,74.7196187446848,99.07942811725457,,,none,30.0,20,2,monophasic
Burst_autosave_20260724_102443_670ms,Flex. carpi rad. (L),L_The_ED_FD_FCR D,4,100.07942811725457,108.07942811725457,132.43923748982434,,,none,30.0,20,2,monophasic
Burst_autosave_20260724_102443_670ms,Flex. carpi rad. (L),L_The_ED_FD_FCR D,5,133.43923748982434,141.43923748982434,165.7990468623941,,,none,30.0,20,2,monophasic
Burst_autosave_20260724_102443_670ms,Flex. carpi rad. (L),L_The_ED_FD_FCR D,6,166.7990468623941,174.7990468623941,199.15885623496388,,,none,30.0,20,2,monophasic
Burst_autosave_20260724_102443_670ms,Flex. carpi rad. (L),L_The_ED_FD_FCR D,7,200.15885623496388,208.15885623496388,232.51866560753365,,,none,30.0,20,2,monophasic
Burst_autosave_20260724_102443_670ms,Flex. carpi rad. (L),L_The_ED_FD_FCR D,8,233.51866560753365,241.51866560753365,265.87847498013184,,,none,30.0,20,2,monophasic
Burst_autosave_20260724_102443_670ms,Flex. carpi rad. (L),L_The_ED_FD_FCR D,9,266.87847498013184,274.87847498013184,299.2382843527016,,,none,30.0,20,2,monophasic
Burst_autosave_20260724_102443_670ms,Flex. carpi rad. (L),L_The_ED_FD_FCR D,10,300.2382843527016,308.2382843527016,331.8038125494288,,,none,30.0,20,2,monophasic
Burst_autosave_20260724_102443_670ms,Flex. carpi rad. (L),L_The_ED_FD_FCR D,1,0.0,8.0,32.35980937256977,,,none,30.0,25,2,monophasic
Burst_autosave_20260724_102443_670ms,Flex. carpi rad. (L),L_The_ED_FD_FCR D,2,33.35980937256977,41.35980937256977,65.7196187446848,,,none,30.0,25,2,monophasic
Burst_autosave_20260724_102443_670ms,Flex. carpi rad. (L),L_The_ED_FD_FCR D,3,66.7196187446848,74.7196187446848,99.07942811725457,,,none,30.0,25,2,monophasic
Burst_autosave_20260724_102443_670ms,Flex. carpi rad. (L),L_The_ED_FD_FCR D,4,100.07942811725457,108.07942811725457,132.43923748982434,,,none,30.0,25,2,monophasic
Burst_autosave_20260724_102443_670ms,Flex. carpi rad. (L),L_The_ED_FD_FCR D,5,133.43923748982434,141.43923748982434,165.7990468623941,,,none,30.0,25,2,monophasic
Burst_autosave_20260724_102443_670ms,Flex. carpi rad. (L),L_The_ED_FD_FCR D,6,166.7990468623941,174.7990468623941,199.15885623496388,,,none,30.0,25,2,monophasic
Burst_autosave_20260724_102443_670ms,Flex. carpi rad. (L),L_The_ED_FD_FCR D,7,200.15885623496388,208.15885623496388,232.51866560753365,,,none,30.0,25,2,monophasic
Burst_autosave_20260724_102443_670ms,Flex. carpi rad. (L),L_The_ED_FD_FCR D,8,233.51866560753365,241.51866560753365,265.87847498013184,,,none,30.0,25,2,monophasic
Burst_autosave_20260724_102443_670ms,Flex. carpi rad. (L),L_The_ED_FD_FCR D,9,266.87847498013184,274.87847498013184,299.2382843527016,,,none,30.0,25,2,monophasic
Burst_autosave_20260724_102443_670ms,Flex. carpi rad. (L),L_The_ED_FD_FCR D,10,300.2382843527016,308.2382843527016,331.8038125494288,,,none,30.0,25,2,monophasic
Burst_autosave_20260724_102443_670ms,Flex. carpi rad. (L),L_The_ED_FD_FCR D,1,0.0,8.0,32.35980937256977,,,none,30.0,30,2,monophasic
Burst_autosave_20260724_102443_670ms,Flex. carpi rad. (L),L_The_ED_FD_FCR D,2,33.35980937256977,41.35980937256977,65.7196187446848,,,none,30.0,30,2,monophasic
Burst_autosave_20260724_102443_670ms,Flex. carpi rad. (L),L_The_ED_FD_FCR D,3,66.7196187446848,74.7196187446848,99.07942811725457,,,none,30.0,30,2,monophasic
Burst_autosave_20260724_102443_670ms,Flex. carpi rad. (L),L_The_ED_FD_FCR D,4,100.07942811725457,108.07942811725457,132.43923748982434,,,none,30.0,30,2,monophasic
Burst_autosave_20260724_102443_670ms,Flex. carpi rad. (L),L_The_ED_FD_FCR D,5,133.43923748982434,141.43923748982434,165.7990468623941,,,none,30.0,30,2,monophasic
Burst_autosave_20260724_102443_670ms,Flex. carpi rad. (L),L_The_ED_FD_FCR D,6,166.7990468623941,174.7990468623941,199.15885623496388,,,none,30.0,30,2,monophasic
Burst_autosave_20260724_102443_670ms,Flex. carpi rad. (L),L_The_ED_FD_FCR D,7,200.15885623496388,208.15885623496388,232.51866560753365,,,none,30.0,30,2,monophasic
Burst_autosave_20260724_102443_670ms,Flex. carpi rad. (L),L_The_ED_FD_FCR D,8,233.51866560753365,241.51866560753365,265.87847498013184,,,none,30.0,30,2,monophasic
Burst_autosave_20260724_102443_670ms,Flex. carpi rad. (L),L_The_ED_FD_FCR D,9,266.87847498013184,274.87847498013184,299.2382843527016,,,none,30.0,30,2,monophasic
Burst_autosave_20260724_102443_670ms,Flex. carpi rad. (L),L_The_ED_FD_FCR D,10,300.2382843527016,308.2382843527016,331.8038125494288,,,none,30.0,30,2,monophasic
Burst_autosave_20260724_102443_670ms,Flex. carpi rad. (L),L_The_ED_FD_FCR D,1,0.0,8.0,32.35980937256977,,,none,30.0,35,2,monophasic
Burst_autosave_20260724_102443_670ms,Flex. carpi rad. (L),L_The_ED_FD_FCR D,2,33.35980937256977,41.35980937256977,65.7196187446848,,,none,30.0,35,2,monophasic
Burst_autosave_20260724_102443_670ms,Flex. carpi rad. (L),L_The_ED_FD_FCR D,3,66.7196187446848,74.7196187446848,99.07942811725457,,,none,30.0,35,2,monophasic
Burst_autosave_20260724_102443_670ms,Flex. carpi rad. (L),L_The_ED_FD_FCR D,4,100.07942811725457,108.07942811725457,132.43923748982434,,,none,30.0,35,2,monophasic
Burst_autosave_20260724_102443_670ms,Flex. carpi rad. (L),L_The_ED_FD_FCR D,5,133.43923748982434,141.43923748982434,165.7990468623941,,,none,30.0,35,2,monophasic
Burst_autosave_20260724_102443_670ms,Flex. carpi rad. (L),L_The_ED_FD_FCR D,6,166.7990468623941,174.7990468623941,199.15885623496388,,,none,30.0,35,2,monophasic
Burst_autosave_20260724_102443_670ms,Flex. carpi rad. (L),L_The_ED_FD_FCR D,7,200.15885623496388,208.15885623496388,232.51866560753365,,,none,30.0,35,2,monophasic
Burst_autosave_20260724_102443_670ms,Flex. carpi rad. (L),L_The_ED_FD_FCR D,8,233.51866560753365,241.51866560753365,265.87847498013184,,,none,30.0,35,2,monophasic
Burst_autosave_20260724_102443_670ms,Flex. carpi rad. (L),L_The_ED_FD_FCR D,9,266.87847498013184,274.87847498013184,299.2382843527016,,,none,30.0,35,2,monophasic
Burst_autosave_20260724_102443_670ms,Flex. carpi rad. (L),L_The_ED_FD_FCR D,10,300.2382843527016,308.2382843527016,331.8038125494288,,,none,30.0,35,2,monophasic
Burst_autosave_20260724_102443_670ms,Flex. carpi rad. (L),L_The_ED_FD_FCR D,1,0.0,8.0,32.35980937256977,0.02685587853193283,0.02685587853193283,none,30.0,40,2,monophasic
Burst_autosave_20260724_102443_670ms,Flex. carpi rad. (L),L_The_ED_FD_FCR D,2,33.35980937256977,41.35980937256977,65.7196187446848,0.031555657275021076,0.031555657275021076,none,30.0,40,2,monophasic
Burst_autosave_20260724_102443_670ms,Flex. carpi rad. (L),L_The_ED_FD_FCR D,3,66.7196187446848,74.7196187446848,99.07942811725457,0.02316319476813078,0.02316319476813078,none,30.0,40,2,monophasic
Burst_autosave_20260724_102443_670ms,Flex. carpi rad. (L),L_The_ED_FD_FCR D,4,100.07942811725457,108.07942811725457,132.43923748982434,0.02282749628648162,0.02282749628648162,none,30.0,40,2,monophasic
Burst_autosave_20260724_102443_670ms,Flex. carpi rad. (L),L_The_ED_FD_FCR D,5,133.43923748982434,141.43923748982434,165.7990468623941,0.036591134034097195,0.036591134034097195,none,30.0,40,2,monophasic
Burst_autosave_20260724_102443_670ms,Flex. carpi rad. (L),L_The_ED_FD_FCR D,6,166.7990468623941,174.7990468623941,199.15885623496388,0.02987716533243656,0.02987716533243656,none,30.0,40,2,monophasic
Burst_autosave_20260724_102443_670ms,Flex. carpi rad. (L),L_The_ED_FD_FCR D,7,200.15885623496388,208.15885623496388,232.51866560753365,0.02601663302630186,0.02601663302630186,none,30.0,40,2,monophasic
Burst_autosave_20260724_102443_670ms,Flex. carpi rad. (L),L_The_ED_FD_FCR D,8,233.51866560753365,241.51866560753365,265.87847498013184,0.030884260311722755,0.030884260311722755,none,30.0,40,2,monophasic
Burst_autosave_20260724_102443_670ms,Flex. carpi rad. (L),L_The_ED_FD_FCR D,9,266.87847498013184,274.87847498013184,299.2382843527016,0.03038071282207966,0.03038071282207966,none,30.0,40,2,monophasic
Burst_autosave_20260724_102443_670ms,Flex. carpi rad. (L),L_The_ED_FD_FCR D,10,300.2382843527016,308.2382843527016,331.8038125494288,0.020813305862247944,0.020813305862247944,none,30.0,40,2,monophasic
Burst_autosave_20260724_102443_670ms,Deltoid med. (R),R_DELmed,1,0.0,8.0,32.35980937256977,,,none,30.0,10,2,monophasic
Burst_autosave_20260724_102443_670ms,Deltoid med. (R),R_DELmed,2,33.35980937256977,41.35980937256977,65.7196187446848,,,none,30.0,10,2,monophasic
Burst_autosave_20260724_102443_670ms,Deltoid med. (R),R_DELmed,3,66.7196187446848,74.7196187446848,99.07942811725457,,,none,30.0,10,2,monophasic
Burst_autosave_20260724_102443_670ms,Deltoid med. (R),R_DELmed,4,100.07942811725457,108.07942811725457,132.43923748982434,,,none,30.0,10,2,monophasic
Burst_autosave_20260724_102443_670ms,Deltoid med. (R),R_DELmed,5,133.43923748982434,141.43923748982434,165.7990468623941,,,none,30.0,10,2,monophasic
Burst_autosave_20260724_102443_670ms,Deltoid med. (R),R_DELmed,6,166.7990468623941,174.7990468623941,199.15885623496388,,,none,30.0,10,2,monophasic
Burst_autosave_20260724_102443_670ms,Deltoid med. (R),R_DELmed,7,200.15885623496388,208.15885623496388,232.51866560753365,,,none,30.0,10,2,monophasic
Burst_autosave_20260724_102443_670ms,Deltoid med. (R),R_DELmed,8,233.51866560753365,241.51866560753365,265.87847498013184,,,none,30.0,10,2,monophasic
Burst_autosave_20260724_102443_670ms,Deltoid med. (R),R_DELmed,9,266.87847498013184,274.87847498013184,299.2382843527016,,,none,30.0,10,2,monophasic
Burst_autosave_20260724_102443_670ms,Deltoid med. (R),R_DELmed,10,300.2382843527016,308.2382843527016,331.8038125494288,,,none,30.0,10,2,monophasic
Burst_autosave_20260724_102443_670ms,Deltoid med. (R),R_DELmed,1,0.0,8.0,32.35980937256977,,,none,30.0,15,2,monophasic
Burst_autosave_20260724_102443_670ms,Deltoid med. (R),R_DELmed,2,33.35980937256977,41.35980937256977,65.7196187446848,,,none,30.0,15,2,monophasic
Burst_autosave_20260724_102443_670ms,Deltoid med. (R),R_DELmed,3,66.7196187446848,74.7196187446848,99.07942811725457,,,none,30.0,15,2,monophasic
Burst_autosave_20260724_102443_670ms,Deltoid med. (R),R_DELmed,4,100.07942811725457,108.07942811725457,132.43923748982434,,,none,30.0,15,2,monophasic
Burst_autosave_20260724_102443_670ms,Deltoid med. (R),R_DELmed,5,133.43923748982434,141.43923748982434,165.7990468623941,,,none,30.0,15,2,monophasic
Burst_autosave_20260724_102443_670ms,Deltoid med. (R),R_DELmed,6,166.7990468623941,174.7990468623941,199.15885623496388,,,none,30.0,15,2,monophasic
Burst_autosave_20260724_102443_670ms,Deltoid med. (R),R_DELmed,7,200.15885623496388,208.15885623496388,232.51866560753365,,,none,30.0,15,2,monophasic
Burst_autosave_20260724_102443_670ms,Deltoid med. (R),R_DELmed,8,233.51866560753365,241.51866560753365,265.87847498013184,,,none,30.0,15,2,monophasic
Burst_autosave_20260724_102443_670ms,Deltoid med. (R),R_DELmed,9,266.87847498013184,274.87847498013184,299.2382843527016,,,none,30.0,15,2,monophasic
Burst_autosave_20260724_102443_670ms,Deltoid med. (R),R_DELmed,10,300.2382843527016,308.2382843527016,331.8038125494288,,,none,30.0,15,2,monophasic
Burst_autosave_20260724_102443_670ms,Deltoid med. (R),R_DELmed,1,0.0,8.0,32.35980937256977,,,none,30.0,20,2,monophasic
Burst_autosave_20260724_102443_670ms,Deltoid med. (R),R_DELmed,2,33.35980937256977,41.35980937256977,65.7196187446848,,,none,30.0,20,2,monophasic
Burst_autosave_20260724_102443_670ms,Deltoid med. (R),R_DELmed,3,66.7196187446848,74.7196187446848,99.07942811725457,,,none,30.0,20,2,monophasic
Burst_autosave_20260724_102443_670ms,Deltoid med. (R),R_DELmed,4,100.07942811725457,108.07942811725457,132.43923748982434,,,none,30.0,20,2,monophasic
Burst_autosave_20260724_102443_670ms,Deltoid med. (R),R_DELmed,5,133.43923748982434,141.43923748982434,165.7990468623941,,,none,30.0,20,2,monophasic
Burst_autosave_20260724_102443_670ms,Deltoid med. (R),R_DELmed,6,166.7990468623941,174.7990468623941,199.15885623496388,,,none,30.0,20,2,monophasic
Burst_autosave_20260724_102443_670ms,Deltoid med. (R),R_DELmed,7,200.15885623496388,208.15885623496388,232.51866560753365,,,none,30.0,20,2,monophasic
Burst_autosave_20260724_102443_670ms,Deltoid med. (R),R_DELmed,8,233.51866560753365,241.51866560753365,265.87847498013184,,,none,30.0,20,2,monophasic
Burst_autosave_20260724_102443_670ms,Deltoid med. (R),R_DELmed,9,266.87847498013184,274.87847498013184,299.2382843527016,,,none,30.0,20,2,monophasic
Burst_autosave_20260724_102443_670ms,Deltoid med. (R),R_DELmed,10,300.2382843527016,308.2382843527016,331.8038125494288,,,none,30.0,20,2,monophasic
Burst_autosave_20260724_102443_670ms,Deltoid med. (R),R_DELmed,1,0.0,8.0,32.35980937256977,,,none,30.0,25,2,monophasic
Burst_autosave_20260724_102443_670ms,Deltoid med. (R),R_DELmed,2,33.35980937256977,41.35980937256977,65.7196187446848,,,none,30.0,25,2,monophasic
Burst_autosave_20260724_102443_670ms,Deltoid med. (R),R_DELmed,3,66.7196187446848,74.7196187446848,99.07942811725457,,,none,30.0,25,2,monophasic
Burst_autosave_20260724_102443_670ms,Deltoid med. (R),R_DELmed,4,100.07942811725457,108.07942811725457,132.43923748982434,,,none,30.0,25,2,monophasic
Burst_autosave_20260724_102443_670ms,Deltoid med. (R),R_DELmed,5,133.43923748982434,141.43923748982434,165.7990468623941,,,none,30.0,25,2,monophasic
Burst_autosave_20260724_102443_670ms,Deltoid med. (R),R_DELmed,6,166.7990468623941,174.7990468623941,199.15885623496388,,,none,30.0,25,2,monophasic
Burst_autosave_20260724_102443_670ms,Deltoid med. (R),R_DELmed,7,200.15885623496388,208.15885623496388,232.51866560753365,,,none,30.0,25,2,monophasic
Burst_autosave_20260724_102443_670ms,Deltoid med. (R),R_DELmed,8,233.51866560753365,241.51866560753365,265.87847498013184,,,none,30.0,25,2,monophasic
Burst_autosave_20260724_102443_670ms,Deltoid med. (R),R_DELmed,9,266.87847498013184,274.87847498013184,299.2382843527016,,,none,30.0,25,2,monophasic
Burst_autosave_20260724_102443_670ms,Deltoid med. (R),R_DELmed,10,300.2382843527016,308.2382843527016,331.8038125494288,,,none,30.0,25,2,monophasic
Burst_autosave_20260724_102443_670ms,Deltoid med. (R),R_DELmed,1,0.0,8.0,32.35980937256977,,,none,30.0,30,2,monophasic
Burst_autosave_20260724_102443_670ms,Deltoid med. (R),R_DELmed,2,33.35980937256977,41.35980937256977,65.7196187446848,,,none,30.0,30,2,monophasic
Burst_autosave_20260724_102443_670ms,Deltoid med. (R),R_DELmed,3,66.7196187446848,74.7196187446848,99.07942811725457,,,none,30.0,30,2,monophasic
Burst_autosave_20260724_102443_670ms,Deltoid med. (R),R_DELmed,4,100.07942811725457,108.07942811725457,132.43923748982434,,,none,30.0,30,2,monophasic
Burst_autosave_20260724_102443_670ms,Deltoid med. (R),R_DELmed,5,133.43923748982434,141.43923748982434,165.7990468623941,,,none,30.0,30,2,monophasic
Burst_autosave_20260724_102443_670ms,Deltoid med. (R),R_DELmed,6,166.7990468623941,174.7990468623941,199.15885623496388,,,none,30.0,30,2,monophasic
Burst_autosave_20260724_102443_670ms,Deltoid med. (R),R_DELmed,7,200.15885623496388,208.15885623496388,232.51866560753365,,,none,30.0,30,2,monophasic
Burst_autosave_20260724_102443_670ms,Deltoid med. (R),R_DELmed,8,233.51866560753365,241.51866560753365,265.87847498013184,,,none,30.0,30,2,monophasic
Burst_autosave_20260724_102443_670ms,Deltoid med. (R),R_DELmed,9,266.87847498013184,274.87847498013184,299.2382843527016,,,none,30.0,30,2,monophasic
Burst_autosave_20260724_102443_670ms,Deltoid med. (R),R_DELmed,10,300.2382843527016,308.2382843527016,331.8038125494288,,,none,30.0,30,2,monophasic
Burst_autosave_20260724_102443_670ms,Deltoid med. (R),R_DELmed,1,0.0,8.0,32.35980937256977,,,none,30.0,35,2,monophasic
Burst_autosave_20260724_102443_670ms,Deltoid med. (R),R_DELmed,2,33.35980937256977,41.35980937256977,65.7196187446848,,,none,30.0,35,2,monophasic
Burst_autosave_20260724_102443_670ms,Deltoid med. (R),R_DELmed,3,66.7196187446848,74.7196187446848,99.07942811725457,,,none,30.0,35,2,monophasic
Burst_autosave_20260724_102443_670ms,Deltoid med. (R),R_DELmed,4,100.07942811725457,108.07942811725457,132.43923748982434,,,none,30.0,35,2,monophasic
Burst_autosave_20260724_102443_670ms,Deltoid med. (R),R_DELmed,5,133.43923748982434,141.43923748982434,165.7990468623941,,,none,30.0,35,2,monophasic
Burst_autosave_20260724_102443_670ms,Deltoid med. (R),R_DELmed,6,166.7990468623941,174.7990468623941,199.15885623496388,,,none,30.0,35,2,monophasic
Burst_autosave_20260724_102443_670ms,Deltoid med. (R),R_DELmed,7,200.15885623496388,208.15885623496388,232.51866560753365,,,none,30.0,35,2,monophasic
Burst_autosave_20260724_102443_670ms,Deltoid med. (R),R_DELmed,8,233.51866560753365,241.51866560753365,265.87847498013184,,,none,30.0,35,2,monophasic
Burst_autosave_20260724_102443_670ms,Deltoid med. (R),R_DELmed,9,266.87847498013184,274.87847498013184,299.2382843527016,,,none,30.0,35,2,monophasic
Burst_autosave_20260724_102443_670ms,Deltoid med. (R),R_DELmed,10,300.2382843527016,308.2382843527016,331.8038125494288,,,none,30.0,35,2,monophasic
Burst_autosave_20260724_102443_670ms,Deltoid med. (R),R_DELmed,1,0.0,8.0,32.35980937256977,,,none,30.0,40,2,monophasic
Burst_autosave_20260724_102443_670ms,Deltoid med. (R),R_DELmed,2,33.35980937256977,41.35980937256977,65.7196187446848,,,none,30.0,40,2,monophasic
Burst_autosave_20260724_102443_670ms,Deltoid med. (R),R_DELmed,3,66.7196187446848,74.7196187446848,99.07942811725457,,,none,30.0,40,2,monophasic
Burst_autosave_20260724_102443_670ms,Deltoid med. (R),R_DELmed,4,100.07942811725457,108.07942811725457,132.43923748982434,,,none,30.0,40,2,monophasic
Burst_autosave_20260724_102443_670ms,Deltoid med. (R),R_DELmed,5,133.43923748982434,141.43923748982434,165.7990468623941,,,none,30.0,40,2,monophasic
Burst_autosave_20260724_102443_670ms,Deltoid med. (R),R_DELmed,6,166.7990468623941,174.7990468623941,199.15885623496388,,,none,30.0,40,2,monophasic
Burst_autosave_20260724_102443_670ms,Deltoid med. (R),R_DELmed,7,200.15885623496388,208.15885623496388,232.51866560753365,,,none,30.0,40,2,monophasic
Burst_autosave_20260724_102443_670ms,Deltoid med. (R),R_DELmed,8,233.51866560753365,241.51866560753365,265.87847498013184,,,none,30.0,40,2,monophasic
Burst_autosave_20260724_102443_670ms,Deltoid med. (R),R_DELmed,9,266.87847498013184,274.87847498013184,299.2382843527016,,,none,30.0,40,2,monophasic
Burst_autosave_20260724_102443_670ms,Deltoid med. (R),R_DELmed,10,300.2382843527016,308.2382843527016,331.8038125494288,,,none,30.0,40,2,monophasic
Burst_autosave_20260724_102443_670ms,Biceps (R),R_BB,1,0.0,8.0,32.35980937256977,,,none,30.0,10,2,monophasic
Burst_autosave_20260724_102443_670ms,Biceps (R),R_BB,2,33.35980937256977,41.35980937256977,65.7196187446848,,,none,30.0,10,2,monophasic
Burst_autosave_20260724_102443_670ms,Biceps (R),R_BB,3,66.7196187446848,74.7196187446848,99.07942811725457,,,none,30.0,10,2,monophasic
Burst_autosave_20260724_102443_670ms,Biceps (R),R_BB,4,100.07942811725457,108.07942811725457,132.43923748982434,,,none,30.0,10,2,monophasic
Burst_autosave_20260724_102443_670ms,Biceps (R),R_BB,5,133.43923748982434,141.43923748982434,165.7990468623941,,,none,30.0,10,2,monophasic
Burst_autosave_20260724_102443_670ms,Biceps (R),R_BB,6,166.7990468623941,174.7990468623941,199.15885623496388,,,none,30.0,10,2,monophasic
Burst_autosave_20260724_102443_670ms,Biceps (R),R_BB,7,200.15885623496388,208.15885623496388,232.51866560753365,,,none,30.0,10,2,monophasic
Burst_autosave_20260724_102443_670ms,Biceps (R),R_BB,8,233.51866560753365,241.51866560753365,265.87847498013184,,,none,30.0,10,2,monophasic
Burst_autosave_20260724_102443_670ms,Biceps (R),R_BB,9,266.87847498013184,274.87847498013184,299.2382843527016,,,none,30.0,10,2,monophasic
Burst_autosave_20260724_102443_670ms,Biceps (R),R_BB,10,300.2382843527016,308.2382843527016,331.8038125494288,,,none,30.0,10,2,monophasic
Burst_autosave_20260724_102443_670ms,Biceps (R),R_BB,1,0.0,8.0,32.35980937256977,,,none,30.0,15,2,monophasic
Burst_autosave_20260724_102443_670ms,Biceps (R),R_BB,2,33.35980937256977,41.35980937256977,65.7196187446848,,,none,30.0,15,2,monophasic
Burst_autosave_20260724_102443_670ms,Biceps (R),R_BB,3,66.7196187446848,74.7196187446848,99.07942811725457,,,none,30.0,15,2,monophasic
Burst_autosave_20260724_102443_670ms,Biceps (R),R_BB,4,100.07942811725457,108.07942811725457,132.43923748982434,,,none,30.0,15,2,monophasic
Burst_autosave_20260724_102443_670ms,Biceps (R),R_BB,5,133.43923748982434,141.43923748982434,165.7990468623941,,,none,30.0,15,2,monophasic
Burst_autosave_20260724_102443_670ms,Biceps (R),R_BB,6,166.7990468623941,174.7990468623941,199.15885623496388,,,none,30.0,15,2,monophasic
Burst_autosave_20260724_102443_670ms,Biceps (R),R_BB,7,200.15885623496388,208.15885623496388,232.51866560753365,,,none,30.0,15,2,monophasic
Burst_autosave_20260724_102443_670ms,Biceps (R),R_BB,8,233.51866560753365,241.51866560753365,265.87847498013184,,,none,30.0,15,2,monophasic
Burst_autosave_20260724_102443_670ms,Biceps (R),R_BB,9,266.87847498013184,274.87847498013184,299.2382843527016,,,none,30.0,15,2,monophasic
Burst_autosave_20260724_102443_670ms,Biceps (R),R_BB,10,300.2382843527016,308.2382843527016,331.8038125494288,,,none,30.0,15,2,monophasic
Burst_autosave_20260724_102443_670ms,Biceps (R),R_BB,1,0.0,8.0,32.35980937256977,,,none,30.0,20,2,monophasic
Burst_autosave_20260724_102443_670ms,Biceps (R),R_BB,2,33.35980937256977,41.35980937256977,65.7196187446848,,,none,30.0,20,2,monophasic
Burst_autosave_20260724_102443_670ms,Biceps (R),R_BB,3,66.7196187446848,74.7196187446848,99.07942811725457,,,none,30.0,20,2,monophasic
Burst_autosave_20260724_102443_670ms,Biceps (R),R_BB,4,100.07942811725457,108.07942811725457,132.43923748982434,,,none,30.0,20,2,monophasic
Burst_autosave_20260724_102443_670ms,Biceps (R),R_BB,5,133.43923748982434,141.43923748982434,165.7990468623941,,,none,30.0,20,2,monophasic
Burst_autosave_20260724_102443_670ms,Biceps (R),R_BB,6,166.7990468623941,174.7990468623941,199.15885623496388,,,none,30.0,20,2,monophasic
Burst_autosave_20260724_102443_670ms,Biceps (R),R_BB,7,200.15885623496388,208.15885623496388,232.51866560753365,,,none,30.0,20,2,monophasic
Burst_autosave_20260724_102443_670ms,Biceps (R),R_BB,8,233.51866560753365,241.51866560753365,265.87847498013184,,,none,30.0,20,2,monophasic
Burst_autosave_20260724_102443_670ms,Biceps (R),R_BB,9,266.87847498013184,274.87847498013184,299.2382843527016,,,none,30.0,20,2,monophasic
Burst_autosave_20260724_102443_670ms,Biceps (R),R_BB,10,300.2382843527016,308.2382843527016,331.8038125494288,,,none,30.0,20,2,monophasic
Burst_autosave_20260724_102443_670ms,Biceps (R),R_BB,1,0.0,8.0,32.35980937256977,,,none,30.0,25,2,monophasic
Burst_autosave_20260724_102443_670ms,Biceps (R),R_BB,2,33.35980937256977,41.35980937256977,65.7196187446848,,,none,30.0,25,2,monophasic
Burst_autosave_20260724_102443_670ms,Biceps (R),R_BB,3,66.7196187446848,74.7196187446848,99.07942811725457,,,none,30.0,25,2,monophasic
Burst_autosave_20260724_102443_670ms,Biceps (R),R_BB,4,100.07942811725457,108.07942811725457,132.43923748982434,,,none,30.0,25,2,monophasic
Burst_autosave_20260724_102443_670ms,Biceps (R),R_BB,5,133.43923748982434,141.43923748982434,165.7990468623941,,,none,30.0,25,2,monophasic
Burst_autosave_20260724_102443_670ms,Biceps (R),R_BB,6,166.7990468623941,174.7990468623941,199.15885623496388,,,none,30.0,25,2,monophasic
Burst_autosave_20260724_102443_670ms,Biceps (R),R_BB,7,200.15885623496388,208.15885623496388,232.51866560753365,,,none,30.0,25,2,monophasic
Burst_autosave_20260724_102443_670ms,Biceps (R),R_BB,8,233.51866560753365,241.51866560753365,265.87847498013184,,,none,30.0,25,2,monophasic
Burst_autosave_20260724_102443_670ms,Biceps (R),R_BB,9,266.87847498013184,274.87847498013184,299.2382843527016,,,none,30.0,25,2,monophasic
Burst_autosave_20260724_102443_670ms,Biceps (R),R_BB,10,300.2382843527016,308.2382843527016,331.8038125494288,,,none,30.0,25,2,monophasic
Burst_autosave_20260724_102443_670ms,Biceps (R),R_BB,1,0.0,8.0,32.35980937256977,,,none,30.0,30,2,monophasic
Burst_autosave_20260724_102443_670ms,Biceps (R),R_BB,2,33.35980937256977,41.35980937256977,65.7196187446848,,,none,30.0,30,2,monophasic
Burst_autosave_20260724_102443_670ms,Biceps (R),R_BB,3,66.7196187446848,74.7196187446848,99.07942811725457,,,none,30.0,30,2,monophasic
Burst_autosave_20260724_102443_670ms,Biceps (R),R_BB,4,100.07942811725457,108.07942811725457,132.43923748982434,,,none,30.0,30,2,monophasic
Burst_autosave_20260724_102443_670ms,Biceps (R),R_BB,5,133.43923748982434,141.43923748982434,165.7990468623941,,,none,30.0,30,2,monophasic
Burst_autosave_20260724_102443_670ms,Biceps (R),R_BB,6,166.7990468623941,174.7990468623941,199.15885623496388,,,none,30.0,30,2,monophasic
Burst_autosave_20260724_102443_670ms,Biceps (R),R_BB,7,200.15885623496388,208.15885623496388,232.51866560753365,,,none,30.0,30,2,monophasic
Burst_autosave_20260724_102443_670ms,Biceps (R),R_BB,8,233.51866560753365,241.51866560753365,265.87847498013184,,,none,30.0,30,2,monophasic
Burst_autosave_20260724_102443_670ms,Biceps (R),R_BB,9,266.87847498013184,274.87847498013184,299.2382843527016,,,none,30.0,30,2,monophasic
Burst_autosave_20260724_102443_670ms,Biceps (R),R_BB,10,300.2382843527016,308.2382843527016,331.8038125494288,,,none,30.0,30,2,monophasic
Burst_autosave_20260724_102443_670ms,Biceps (R),R_BB,1,0.0,8.0,32.35980937256977,,,none,30.0,35,2,monophasic
Burst_autosave_20260724_102443_670ms,Biceps (R),R_BB,2,33.35980937256977,41.35980937256977,65.7196187446848,,,none,30.0,35,2,monophasic
Burst_autosave_20260724_102443_670ms,Biceps (R),R_BB,3,66.7196187446848,74.7196187446848,99.07942811725457,,,none,30.0,35,2,monophasic
Burst_autosave_20260724_102443_670ms,Biceps (R),R_BB,4,100.07942811725457,108.07942811725457,132.43923748982434,,,none,30.0,35,2,monophasic
Burst_autosave_20260724_102443_670ms,Biceps (R),R_BB,5,133.43923748982434,141.43923748982434,165.7990468623941,,,none,30.0,35,2,monophasic
Burst_autosave_20260724_102443_670ms,Biceps (R),R_BB,6,166.7990468623941,174.7990468623941,199.15885623496388,,,none,30.0,35,2,monophasic
Burst_autosave_20260724_102443_670ms,Biceps (R),R_BB,7,200.15885623496388,208.15885623496388,232.51866560753365,,,none,30.0,35,2,monophasic
Burst_autosave_20260724_102443_670ms,Biceps (R),R_BB,8,233.51866560753365,241.51866560753365,265.87847498013184,,,none,30.0,35,2,monophasic
Burst_autosave_20260724_102443_670ms,Biceps (R),R_BB,9,266.87847498013184,274.87847498013184,299.2382843527016,,,none,30.0,35,2,monophasic
Burst_autosave_20260724_102443_670ms,Biceps (R),R_BB,10,300.2382843527016,308.2382843527016,331.8038125494288,,,none,30.0,35,2,monophasic
Burst_autosave_20260724_102443_670ms,Biceps (R),R_BB,1,0.0,8.0,32.35980937256977,,,none,30.0,40,2,monophasic
Burst_autosave_20260724_102443_670ms,Biceps (R),R_BB,2,33.35980937256977,41.35980937256977,65.7196187446848,,,none,30.0,40,2,monophasic
Burst_autosave_20260724_102443_670ms,Biceps (R),R_BB,3,66.7196187446848,74.7196187446848,99.07942811725457,,,none,30.0,40,2,monophasic
Burst_autosave_20260724_102443_670ms,Biceps (R),R_BB,4,100.07942811725457,108.07942811725457,132.43923748982434,,,none,30.0,40,2,monophasic
Burst_autosave_20260724_102443_670ms,Biceps (R),R_BB,5,133.43923748982434,141.43923748982434,165.7990468623941,,,none,30.0,40,2,monophasic
Burst_autosave_20260724_102443_670ms,Biceps (R),R_BB,6,166.7990468623941,174.7990468623941,199.15885623496388,,,none,30.0,40,2,monophasic
Burst_autosave_20260724_102443_670ms,Biceps (R),R_BB,7,200.15885623496388,208.15885623496388,232.51866560753365,,,none,30.0,40,2,monophasic
Burst_autosave_20260724_102443_670ms,Biceps (R),R_BB,8,233.51866560753365,241.51866560753365,265.87847498013184,,,none,30.0,40,2,monophasic
Burst_autosave_20260724_102443_670ms,Biceps (R),R_BB,9,266.87847498013184,274.87847498013184,299.2382843527016,,,none,30.0,40,2,monophasic
Burst_autosave_20260724_102443_670ms,Biceps (R),R_BB,10,300.2382843527016,308.2382843527016,331.8038125494288,,,none,30.0,40,2,monophasic
Burst_autosave_20260724_102443_670ms,Triceps long (R),R_TBlg,1,0.0,8.0,32.35980937256977,,,none,30.0,10,2,monophasic
Burst_autosave_20260724_102443_670ms,Triceps long (R),R_TBlg,2,33.35980937256977,41.35980937256977,65.7196187446848,,,none,30.0,10,2,monophasic
Burst_autosave_20260724_102443_670ms,Triceps long (R),R_TBlg,3,66.7196187446848,74.7196187446848,99.07942811725457,,,none,30.0,10,2,monophasic
Burst_autosave_20260724_102443_670ms,Triceps long (R),R_TBlg,4,100.07942811725457,108.07942811725457,132.43923748982434,,,none,30.0,10,2,monophasic
Burst_autosave_20260724_102443_670ms,Triceps long (R),R_TBlg,5,133.43923748982434,141.43923748982434,165.7990468623941,,,none,30.0,10,2,monophasic
Burst_autosave_20260724_102443_670ms,Triceps long (R),R_TBlg,6,166.7990468623941,174.7990468623941,199.15885623496388,,,none,30.0,10,2,monophasic
Burst_autosave_20260724_102443_670ms,Triceps long (R),R_TBlg,7,200.15885623496388,208.15885623496388,232.51866560753365,,,none,30.0,10,2,monophasic
Burst_autosave_20260724_102443_670ms,Triceps long (R),R_TBlg,8,233.51866560753365,241.51866560753365,265.87847498013184,,,none,30.0,10,2,monophasic
Burst_autosave_20260724_102443_670ms,Triceps long (R),R_TBlg,9,266.87847498013184,274.87847498013184,299.2382843527016,,,none,30.0,10,2,monophasic
Burst_autosave_20260724_102443_670ms,Triceps long (R),R_TBlg,10,300.2382843527016,308.2382843527016,331.8038125494288,,,none,30.0,10,2,monophasic
Burst_autosave_20260724_102443_670ms,Triceps long (R),R_TBlg,1,0.0,8.0,32.35980937256977,,,none,30.0,15,2,monophasic
Burst_autosave_20260724_102443_670ms,Triceps long (R),R_TBlg,2,33.35980937256977,41.35980937256977,65.7196187446848,,,none,30.0,15,2,monophasic
Burst_autosave_20260724_102443_670ms,Triceps long (R),R_TBlg,3,66.7196187446848,74.7196187446848,99.07942811725457,,,none,30.0,15,2,monophasic
Burst_autosave_20260724_102443_670ms,Triceps long (R),R_TBlg,4,100.07942811725457,108.07942811725457,132.43923748982434,,,none,30.0,15,2,monophasic
Burst_autosave_20260724_102443_670ms,Triceps long (R),R_TBlg,5,133.43923748982434,141.43923748982434,165.7990468623941,,,none,30.0,15,2,monophasic
Burst_autosave_20260724_102443_670ms,Triceps long (R),R_TBlg,6,166.7990468623941,174.7990468623941,199.15885623496388,,,none,30.0,15,2,monophasic
Burst_autosave_20260724_102443_670ms,Triceps long (R),R_TBlg,7,200.15885623496388,208.15885623496388,232.51866560753365,,,none,30.0,15,2,monophasic
Burst_autosave_20260724_102443_670ms,Triceps long (R),R_TBlg,8,233.51866560753365,241.51866560753365,265.87847498013184,,,none,30.0,15,2,monophasic
Burst_autosave_20260724_102443_670ms,Triceps long (R),R_TBlg,9,266.87847498013184,274.87847498013184,299.2382843527016,,,none,30.0,15,2,monophasic
Burst_autosave_20260724_102443_670ms,Triceps long (R),R_TBlg,10,300.2382843527016,308.2382843527016,331.8038125494288,,,none,30.0,15,2,monophasic
Burst_autosave_20260724_102443_670ms,Triceps long (R),R_TBlg,1,0.0,8.0,32.35980937256977,,,none,30.0,20,2,monophasic
Burst_autosave_20260724_102443_670ms,Triceps long (R),R_TBlg,2,33.35980937256977,41.35980937256977,65.7196187446848,,,none,30.0,20,2,monophasic
Burst_autosave_20260724_102443_670ms,Triceps long (R),R_TBlg,3,66.7196187446848,74.7196187446848,99.07942811725457,,,none,30.0,20,2,monophasic
Burst_autosave_20260724_102443_670ms,Triceps long (R),R_TBlg,4,100.07942811725457,108.07942811725457,132.43923748982434,,,none,30.0,20,2,monophasic
Burst_autosave_20260724_102443_670ms,Triceps long (R),R_TBlg,5,133.43923748982434,141.43923748982434,165.7990468623941,,,none,30.0,20,2,monophasic
Burst_autosave_20260724_102443_670ms,Triceps long (R),R_TBlg,6,166.7990468623941,174.7990468623941,199.15885623496388,,,none,30.0,20,2,monophasic
Burst_autosave_20260724_102443_670ms,Triceps long (R),R_TBlg,7,200.15885623496388,208.15885623496388,232.51866560753365,,,none,30.0,20,2,monophasic
Burst_autosave_20260724_102443_670ms,Triceps long (R),R_TBlg,8,233.51866560753365,241.51866560753365,265.87847498013184,,,none,30.0,20,2,monophasic
Burst_autosave_20260724_102443_670ms,Triceps long (R),R_TBlg,9,266.87847498013184,274.87847498013184,299.2382843527016,,,none,30.0,20,2,monophasic
Burst_autosave_20260724_102443_670ms,Triceps long (R),R_TBlg,10,300.2382843527016,308.2382843527016,331.8038125494288,,,none,30.0,20,2,monophasic
Burst_autosave_20260724_102443_670ms,Triceps long (R),R_TBlg,1,0.0,8.0,32.35980937256977,,,none,30.0,25,2,monophasic
Burst_autosave_20260724_102443_670ms,Triceps long (R),R_TBlg,2,33.35980937256977,41.35980937256977,65.7196187446848,,,none,30.0,25,2,monophasic
Burst_autosave_20260724_102443_670ms,Triceps long (R),R_TBlg,3,66.7196187446848,74.7196187446848,99.07942811725457,,,none,30.0,25,2,monophasic
Burst_autosave_20260724_102443_670ms,Triceps long (R),R_TBlg,4,100.07942811725457,108.07942811725457,132.43923748982434,,,none,30.0,25,2,monophasic
Burst_autosave_20260724_102443_670ms,Triceps long (R),R_TBlg,5,133.43923748982434,141.43923748982434,165.7990468623941,,,none,30.0,25,2,monophasic
Burst_autosave_20260724_102443_670ms,Triceps long (R),R_TBlg,6,166.7990468623941,174.7990468623941,199.15885623496388,,,none,30.0,25,2,monophasic
Burst_autosave_20260724_102443_670ms,Triceps long (R),R_TBlg,7,200.15885623496388,208.15885623496388,232.51866560753365,,,none,30.0,25,2,monophasic
Burst_autosave_20260724_102443_670ms,Triceps long (R),R_TBlg,8,233.51866560753365,241.51866560753365,265.87847498013184,,,none,30.0,25,2,monophasic
Burst_autosave_20260724_102443_670ms,Triceps long (R),R_TBlg,9,266.87847498013184,274.87847498013184,299.2382843527016,,,none,30.0,25,2,monophasic
Burst_autosave_20260724_102443_670ms,Triceps long (R),R_TBlg,10,300.2382843527016,308.2382843527016,331.8038125494288,,,none,30.0,25,2,monophasic
Burst_autosave_20260724_102443_670ms,Triceps long (R),R_TBlg,1,0.0,8.0,32.35980937256977,,,none,30.0,30,2,monophasic
Burst_autosave_20260724_102443_670ms,Triceps long (R),R_TBlg,2,33.35980937256977,41.35980937256977,65.7196187446848,,,none,30.0,30,2,monophasic
Burst_autosave_20260724_102443_670ms,Triceps long (R),R_TBlg,3,66.7196187446848,74.7196187446848,99.07942811725457,,,none,30.0,30,2,monophasic
Burst_autosave_20260724_102443_670ms,Triceps long (R),R_TBlg,4,100.07942811725457,108.07942811725457,132.43923748982434,,,none,30.0,30,2,monophasic
Burst_autosave_20260724_102443_670ms,Triceps long (R),R_TBlg,5,133.43923748982434,141.43923748982434,165.7990468623941,,,none,30.0,30,2,monophasic
Burst_autosave_20260724_102443_670ms,Triceps long (R),R_TBlg,6,166.7990468623941,174.7990468623941,199.15885623496388,,,none,30.0,30,2,monophasic
Burst_autosave_20260724_102443_670ms,Triceps long (R),R_TBlg,7,200.15885623496388,208.15885623496388,232.51866560753365,,,none,30.0,30,2,monophasic
Burst_autosave_20260724_102443_670ms,Triceps long (R),R_TBlg,8,233.51866560753365,241.51866560753365,265.87847498013184,,,none,30.0,30,2,monophasic
Burst_autosave_20260724_102443_670ms,Triceps long (R),R_TBlg,9,266.87847498013184,274.87847498013184,299.2382843527016,,,none,30.0,30,2,monophasic
Burst_autosave_20260724_102443_670ms,Triceps long (R),R_TBlg,10,300.2382843527016,308.2382843527016,331.8038125494288,,,none,30.0,30,2,monophasic
Burst_autosave_20260724_102443_670ms,Triceps long (R),R_TBlg,1,0.0,8.0,32.35980937256977,,,none,30.0,35,2,monophasic
Burst_autosave_20260724_102443_670ms,Triceps long (R),R_TBlg,2,33.35980937256977,41.35980937256977,65.7196187446848,,,none,30.0,35,2,monophasic
Burst_autosave_20260724_102443_670ms,Triceps long (R),R_TBlg,3,66.7196187446848,74.7196187446848,99.07942811725457,,,none,30.0,35,2,monophasic
Burst_autosave_20260724_102443_670ms,Triceps long (R),R_TBlg,4,100.07942811725457,108.07942811725457,132.43923748982434,,,none,30.0,35,2,monophasic
Burst_autosave_20260724_102443_670ms,Triceps long (R),R_TBlg,5,133.43923748982434,141.43923748982434,165.7990468623941,,,none,30.0,35,2,monophasic
Burst_autosave_20260724_102443_670ms,Triceps long (R),R_TBlg,6,166.7990468623941,174.7990468623941,199.15885623496388,,,none,30.0,35,2,monophasic
Burst_autosave_20260724_102443_670ms,Triceps long (R),R_TBlg,7,200.15885623496388,208.15885623496388,232.51866560753365,,,none,30.0,35,2,monophasic
Burst_autosave_20260724_102443_670ms,Triceps long (R),R_TBlg,8,233.51866560753365,241.51866560753365,265.87847498013184,,,none,30.0,35,2,monophasic
Burst_autosave_20260724_102443_670ms,Triceps long (R),R_TBlg,9,266.87847498013184,274.87847498013184,299.2382843527016,,,none,30.0,35,2,monophasic
Burst_autosave_20260724_102443_670ms,Triceps long (R),R_TBlg,10,300.2382843527016,308.2382843527016,331.8038125494288,,,none,30.0,35,2,monophasic
Burst_autosave_20260724_102443_670ms,Triceps long (R),R_TBlg,1,0.0,8.0,32.35980937256977,0.0367589823435992,0.0367589823435992,none,30.0,40,2,monophasic
Burst_autosave_20260724_102443_670ms,Triceps long (R),R_TBlg,2,33.35980937256977,41.35980937256977,65.7196187446848,0.03961242223158479,0.03961242223158479,none,30.0,40,2,monophasic
Burst_autosave_20260724_102443_670ms,Triceps long (R),R_TBlg,3,66.7196187446848,74.7196187446848,99.07942811725457,0.030548560433089733,0.030548560433089733,none,30.0,40,2,monophasic
Burst_autosave_20260724_102443_670ms,Triceps long (R),R_TBlg,4,100.07942811725457,108.07942811725457,132.43923748982434,0.04129091324284673,0.04129091324284673,none,30.0,40,2,monophasic
Burst_autosave_20260724_102443_670ms,Triceps long (R),R_TBlg,5,133.43923748982434,141.43923748982434,165.7990468623941,0.03659113636240363,0.03659113636240363,none,30.0,40,2,monophasic
Burst_autosave_20260724_102443_670ms,Triceps long (R),R_TBlg,6,166.7990468623941,174.7990468623941,199.15885623496388,0.03138780826702714,0.03138780826702714,none,30.0,40,2,monophasic
Burst_autosave_20260724_102443_670ms,Triceps long (R),R_TBlg,7,200.15885623496388,208.15885623496388,232.51866560753365,0.03759822924621403,0.03759822924621403,none,30.0,40,2,monophasic
Burst_autosave_20260724_102443_670ms,Triceps long (R),R_TBlg,8,233.51866560753365,241.51866560753365,265.87847498013184,0.04364080214872956,0.04364080214872956,none,30.0,40,2,monophasic
Burst_autosave_20260724_102443_670ms,Triceps long (R),R_TBlg,9,266.87847498013184,274.87847498013184,299.2382843527016,0.022995345760136843,0.022995345760136843,none,30.0,40,2,monophasic
Burst_autosave_20260724_102443_670ms,Triceps long (R),R_TBlg,10,300.2382843527016,308.2382843527016,331.8038125494288,0.039276721654459834,0.039276721654459834,none,30.0,40,2,monophasic
Burst_autosave_20260724_102443_670ms,Trapezius (R),R_TR,1,0.0,8.0,32.35980937256977,,,none,30.0,10,2,monophasic
Burst_autosave_20260724_102443_670ms,Trapezius (R),R_TR,2,33.35980937256977,41.35980937256977,65.7196187446848,,,none,30.0,10,2,monophasic
Burst_autosave_20260724_102443_670ms,Trapezius (R),R_TR,3,66.7196187446848,74.7196187446848,99.07942811725457,,,none,30.0,10,2,monophasic
Burst_autosave_20260724_102443_670ms,Trapezius (R),R_TR,4,100.07942811725457,108.07942811725457,132.43923748982434,,,none,30.0,10,2,monophasic
Burst_autosave_20260724_102443_670ms,Trapezius (R),R_TR,5,133.43923748982434,141.43923748982434,165.7990468623941,,,none,30.0,10,2,monophasic
Burst_autosave_20260724_102443_670ms,Trapezius (R),R_TR,6,166.7990468623941,174.7990468623941,199.15885623496388,,,none,30.0,10,2,monophasic
Burst_autosave_20260724_102443_670ms,Trapezius (R),R_TR,7,200.15885623496388,208.15885623496388,232.51866560753365,,,none,30.0,10,2,monophasic
Burst_autosave_20260724_102443_670ms,Trapezius (R),R_TR,8,233.51866560753365,241.51866560753365,265.87847498013184,,,none,30.0,10,2,monophasic
Burst_autosave_20260724_102443_670ms,Trapezius (R),R_TR,9,266.87847498013184,274.87847498013184,299.2382843527016,,,none,30.0,10,2,monophasic
Burst_autosave_20260724_102443_670ms,Trapezius (R),R_TR,10,300.2382843527016,308.2382843527016,331.8038125494288,,,none,30.0,10,2,monophasic
Burst_autosave_20260724_102443_670ms,Trapezius (R),R_TR,1,0.0,8.0,32.35980937256977,,,none,30.0,15,2,monophasic
Burst_autosave_20260724_102443_670ms,Trapezius (R),R_TR,2,33.35980937256977,41.35980937256977,65.7196187446848,,,none,30.0,15,2,monophasic
Burst_autosave_20260724_102443_670ms,Trapezius (R),R_TR,3,66.7196187446848,74.7196187446848,99.07942811725457,,,none,30.0,15,2,monophasic
Burst_autosave_20260724_102443_670ms,Trapezius (R),R_TR,4,100.07942811725457,108.07942811725457,132.43923748982434,,,none,30.0,15,2,monophasic
Burst_autosave_20260724_102443_670ms,Trapezius (R),R_TR,5,133.43923748982434,141.43923748982434,165.7990468623941,,,none,30.0,15,2,monophasic
Burst_autosave_20260724_102443_670ms,Trapezius (R),R_TR,6,166.7990468623941,174.7990468623941,199.15885623496388,,,none,30.0,15,2,monophasic
Burst_autosave_20260724_102443_670ms,Trapezius (R),R_TR,7,200.15885623496388,208.15885623496388,232.51866560753365,,,none,30.0,15,2,monophasic
Burst_autosave_20260724_102443_670ms,Trapezius (R),R_TR,8,233.51866560753365,241.51866560753365,265.87847498013184,,,none,30.0,15,2,monophasic
Burst_autosave_20260724_102443_670ms,Trapezius (R),R_TR,9,266.87847498013184,274.87847498013184,299.2382843527016,,,none,30.0,15,2,monophasic
Burst_autosave_20260724_102443_670ms,Trapezius (R),R_TR,10,300.2382843527016,308.2382843527016,331.8038125494288,,,none,30.0,15,2,monophasic
Burst_autosave_20260724_102443_670ms,Trapezius (R),R_TR,1,0.0,8.0,32.35980937256977,,,none,30.0,20,2,monophasic
Burst_autosave_20260724_102443_670ms,Trapezius (R),R_TR,2,33.35980937256977,41.35980937256977,65.7196187446848,,,none,30.0,20,2,monophasic
Burst_autosave_20260724_102443_670ms,Trapezius (R),R_TR,3,66.7196187446848,74.7196187446848,99.07942811725457,,,none,30.0,20,2,monophasic
Burst_autosave_20260724_102443_670ms,Trapezius (R),R_TR,4,100.07942811725457,108.07942811725457,132.43923748982434,,,none,30.0,20,2,monophasic
Burst_autosave_20260724_102443_670ms,Trapezius (R),R_TR,5,133.43923748982434,141.43923748982434,165.7990468623941,,,none,30.0,20,2,monophasic
Burst_autosave_20260724_102443_670ms,Trapezius (R),R_TR,6,166.7990468623941,174.7990468623941,199.15885623496388,,,none,30.0,20,2,monophasic
Burst_autosave_20260724_102443_670ms,Trapezius (R),R_TR,7,200.15885623496388,208.15885623496388,232.51866560753365,,,none,30.0,20,2,monophasic
Burst_autosave_20260724_102443_670ms,Trapezius (R),R_TR,8,233.51866560753365,241.51866560753365,265.87847498013184,,,none,30.0,20,2,monophasic
Burst_autosave_20260724_102443_670ms,Trapezius (R),R_TR,9,266.87847498013184,274.87847498013184,299.2382843527016,,,none,30.0,20,2,monophasic
Burst_autosave_20260724_102443_670ms,Trapezius (R),R_TR,10,300.2382843527016,308.2382843527016,331.8038125494288,,,none,30.0,20,2,monophasic
Burst_autosave_20260724_102443_670ms,Trapezius (R),R_TR,1,0.0,8.0,32.35980937256977,,,none,30.0,25,2,monophasic
Burst_autosave_20260724_102443_670ms,Trapezius (R),R_TR,2,33.35980937256977,41.35980937256977,65.7196187446848,,,none,30.0,25,2,monophasic
Burst_autosave_20260724_102443_670ms,Trapezius (R),R_TR,3,66.7196187446848,74.7196187446848,99.07942811725457,,,none,30.0,25,2,monophasic
Burst_autosave_20260724_102443_670ms,Trapezius (R),R_TR,4,100.07942811725457,108.07942811725457,132.43923748982434,,,none,30.0,25,2,monophasic
Burst_autosave_20260724_102443_670ms,Trapezius (R),R_TR,5,133.43923748982434,141.43923748982434,165.7990468623941,,,none,30.0,25,2,monophasic
Burst_autosave_20260724_102443_670ms,Trapezius (R),R_TR,6,166.7990468623941,174.7990468623941,199.15885623496388,,,none,30.0,25,2,monophasic
Burst_autosave_20260724_102443_670ms,Trapezius (R),R_TR,7,200.15885623496388,208.15885623496388,232.51866560753365,,,none,30.0,25,2,monophasic
Burst_autosave_20260724_102443_670ms,Trapezius (R),R_TR,8,233.51866560753365,241.51866560753365,265.87847498013184,,,none,30.0,25,2,monophasic
Burst_autosave_20260724_102443_670ms,Trapezius (R),R_TR,9,266.87847498013184,274.87847498013184,299.2382843527016,,,none,30.0,25,2,monophasic
Burst_autosave_20260724_102443_670ms,Trapezius (R),R_TR,10,300.2382843527016,308.2382843527016,331.8038125494288,,,none,30.0,25,2,monophasic
Burst_autosave_20260724_102443_670ms,Trapezius (R),R_TR,1,0.0,8.0,32.35980937256977,,,none,30.0,30,2,monophasic
Burst_autosave_20260724_102443_670ms,Trapezius (R),R_TR,2,33.35980937256977,41.35980937256977,65.7196187446848,,,none,30.0,30,2,monophasic
Burst_autosave_20260724_102443_670ms,Trapezius (R),R_TR,3,66.7196187446848,74.7196187446848,99.07942811725457,,,none,30.0,30,2,monophasic
Burst_autosave_20260724_102443_670ms,Trapezius (R),R_TR,4,100.07942811725457,108.07942811725457,132.43923748982434,,,none,30.0,30,2,monophasic
Burst_autosave_20260724_102443_670ms,Trapezius (R),R_TR,5,133.43923748982434,141.43923748982434,165.7990468623941,,,none,30.0,30,2,monophasic
Burst_autosave_20260724_102443_670ms,Trapezius (R),R_TR,6,166.7990468623941,174.7990468623941,199.15885623496388,,,none,30.0,30,2,monophasic
Burst_autosave_20260724_102443_670ms,Trapezius (R),R_TR,7,200.15885623496388,208.15885623496388,232.51866560753365,,,none,30.0,30,2,monophasic
Burst_autosave_20260724_102443_670ms,Trapezius (R),R_TR,8,233.51866560753365,241.51866560753365,265.87847498013184,,,none,30.0,30,2,monophasic
Burst_autosave_20260724_102443_670ms,Trapezius (R),R_TR,9,266.87847498013184,274.87847498013184,299.2382843527016,,,none,30.0,30,2,monophasic
Burst_autosave_20260724_102443_670ms,Trapezius (R),R_TR,10,300.2382843527016,308.2382843527016,331.8038125494288,,,none,30.0,30,2,monophasic
Burst_autosave_20260724_102443_670ms,Trapezius (R),R_TR,1,0.0,8.0,32.35980937256977,,,none,30.0,35,2,monophasic
Burst_autosave_20260724_102443_670ms,Trapezius (R),R_TR,2,33.35980937256977,41.35980937256977,65.7196187446848,,,none,30.0,35,2,monophasic
Burst_autosave_20260724_102443_670ms,Trapezius (R),R_TR,3,66.7196187446848,74.7196187446848,99.07942811725457,,,none,30.0,35,2,monophasic
Burst_autosave_20260724_102443_670ms,Trapezius (R),R_TR,4,100.07942811725457,108.07942811725457,132.43923748982434,,,none,30.0,35,2,monophasic
Burst_autosave_20260724_102443_670ms,Trapezius (R),R_TR,5,133.43923748982434,141.43923748982434,165.7990468623941,,,none,30.0,35,2,monophasic
Burst_autosave_20260724_102443_670ms,Trapezius (R),R_TR,6,166.7990468623941,174.7990468623941,199.15885623496388,,,none,30.0,35,2,monophasic
Burst_autosave_20260724_102443_670ms,Trapezius (R),R_TR,7,200.15885623496388,208.15885623496388,232.51866560753365,,,none,30.0,35,2,monophasic
Burst_autosave_20260724_102443_670ms,Trapezius (R),R_TR,8,233.51866560753365,241.51866560753365,265.87847498013184,,,none,30.0,35,2,monophasic
Burst_autosave_20260724_102443_670ms,Trapezius (R),R_TR,9,266.87847498013184,274.87847498013184,299.2382843527016,,,none,30.0,35,2,monophasic
Burst_autosave_20260724_102443_670ms,Trapezius (R),R_TR,10,300.2382843527016,308.2382843527016,331.8038125494288,,,none,30.0,35,2,monophasic
Burst_autosave_20260724_102443_670ms,Trapezius (R),R_TR,1,0.0,8.0,32.35980937256977,,,none,30.0,40,2,monophasic
Burst_autosave_20260724_102443_670ms,Trapezius (R),R_TR,2,33.35980937256977,41.35980937256977,65.7196187446848,,,none,30.0,40,2,monophasic
Burst_autosave_20260724_102443_670ms,Trapezius (R),R_TR,3,66.7196187446848,74.7196187446848,99.07942811725457,,,none,30.0,40,2,monophasic
Burst_autosave_20260724_102443_670ms,Trapezius (R),R_TR,4,100.07942811725457,108.07942811725457,132.43923748982434,,,none,30.0,40,2,monophasic
Burst_autosave_20260724_102443_670ms,Trapezius (R),R_TR,5,133.43923748982434,141.43923748982434,165.7990468623941,,,none,30.0,40,2,monophasic
Burst_autosave_20260724_102443_670ms,Trapezius (R),R_TR,6,166.7990468623941,174.7990468623941,199.15885623496388,,,none,30.0,40,2,monophasic
Burst_autosave_20260724_102443_670ms,Trapezius (R),R_TR,7,200.15885623496388,208.15885623496388,232.51866560753365,,,none,30.0,40,2,monophasic
Burst_autosave_20260724_102443_670ms,Trapezius (R),R_TR,8,233.51866560753365,241.51866560753365,265.87847498013184,,,none,30.0,40,2,monophasic
Burst_autosave_20260724_102443_670ms,Trapezius (R),R_TR,9,266.87847498013184,274.87847498013184,299.2382843527016,,,none,30.0,40,2,monophasic
Burst_autosave_20260724_102443_670ms,Trapezius (R),R_TR,10,300.2382843527016,308.2382843527016,331.8038125494288,,,none,30.0,40,2,monophasic
Burst_autosave_20260724_102443_670ms,Thenar (R),R_The_ED_FD_FCR A,1,0.0,8.0,32.35980937256977,,,none,30.0,10,2,monophasic
Burst_autosave_20260724_102443_670ms,Thenar (R),R_The_ED_FD_FCR A,2,33.35980937256977,41.35980937256977,65.7196187446848,,,none,30.0,10,2,monophasic
Burst_autosave_20260724_102443_670ms,Thenar (R),R_The_ED_FD_FCR A,3,66.7196187446848,74.7196187446848,99.07942811725457,,,none,30.0,10,2,monophasic
Burst_autosave_20260724_102443_670ms,Thenar (R),R_The_ED_FD_FCR A,4,100.07942811725457,108.07942811725457,132.43923748982434,,,none,30.0,10,2,monophasic
Burst_autosave_20260724_102443_670ms,Thenar (R),R_The_ED_FD_FCR A,5,133.43923748982434,141.43923748982434,165.7990468623941,,,none,30.0,10,2,monophasic
Burst_autosave_20260724_102443_670ms,Thenar (R),R_The_ED_FD_FCR A,6,166.7990468623941,174.7990468623941,199.15885623496388,,,none,30.0,10,2,monophasic
Burst_autosave_20260724_102443_670ms,Thenar (R),R_The_ED_FD_FCR A,7,200.15885623496388,208.15885623496388,232.51866560753365,,,none,30.0,10,2,monophasic
Burst_autosave_20260724_102443_670ms,Thenar (R),R_The_ED_FD_FCR A,8,233.51866560753365,241.51866560753365,265.87847498013184,,,none,30.0,10,2,monophasic
Burst_autosave_20260724_102443_670ms,Thenar (R),R_The_ED_FD_FCR A,9,266.87847498013184,274.87847498013184,299.2382843527016,,,none,30.0,10,2,monophasic
Burst_autosave_20260724_102443_670ms,Thenar (R),R_The_ED_FD_FCR A,10,300.2382843527016,308.2382843527016,331.8038125494288,,,none,30.0,10,2,monophasic
Burst_autosave_20260724_102443_670ms,Thenar (R),R_The_ED_FD_FCR A,1,0.0,8.0,32.35980937256977,,,none,30.0,15,2,monophasic
Burst_autosave_20260724_102443_670ms,Thenar (R),R_The_ED_FD_FCR A,2,33.35980937256977,41.35980937256977,65.7196187446848,,,none,30.0,15,2,monophasic
Burst_autosave_20260724_102443_670ms,Thenar (R),R_The_ED_FD_FCR A,3,66.7196187446848,74.7196187446848,99.07942811725457,,,none,30.0,15,2,monophasic
Burst_autosave_20260724_102443_670ms,Thenar (R),R_The_ED_FD_FCR A,4,100.07942811725457,108.07942811725457,132.43923748982434,,,none,30.0,15,2,monophasic
Burst_autosave_20260724_102443_670ms,Thenar (R),R_The_ED_FD_FCR A,5,133.43923748982434,141.43923748982434,165.7990468623941,,,none,30.0,15,2,monophasic
Burst_autosave_20260724_102443_670ms,Thenar (R),R_The_ED_FD_FCR A,6,166.7990468623941,174.7990468623941,199.15885623496388,,,none,30.0,15,2,monophasic
Burst_autosave_20260724_102443_670ms,Thenar (R),R_The_ED_FD_FCR A,7,200.15885623496388,208.15885623496388,232.51866560753365,,,none,30.0,15,2,monophasic
Burst_autosave_20260724_102443_670ms,Thenar (R),R_The_ED_FD_FCR A,8,233.51866560753365,241.51866560753365,265.87847498013184,,,none,30.0,15,2,monophasic
Burst_autosave_20260724_102443_670ms,Thenar (R),R_The_ED_FD_FCR A,9,266.87847498013184,274.87847498013184,299.2382843527016,,,none,30.0,15,2,monophasic
Burst_autosave_20260724_102443_670ms,Thenar (R),R_The_ED_FD_FCR A,10,300.2382843527016,308.2382843527016,331.8038125494288,,,none,30.0,15,2,monophasic
Burst_autosave_20260724_102443_670ms,Thenar (R),R_The_ED_FD_FCR A,1,0.0,8.0,32.35980937256977,,,none,30.0,20,2,monophasic
Burst_autosave_20260724_102443_670ms,Thenar (R),R_The_ED_FD_FCR A,2,33.35980937256977,41.35980937256977,65.7196187446848,,,none,30.0,20,2,monophasic
Burst_autosave_20260724_102443_670ms,Thenar (R),R_The_ED_FD_FCR A,3,66.7196187446848,74.7196187446848,99.07942811725457,,,none,30.0,20,2,monophasic
Burst_autosave_20260724_102443_670ms,Thenar (R),R_The_ED_FD_FCR A,4,100.07942811725457,108.07942811725457,132.43923748982434,,,none,30.0,20,2,monophasic
Burst_autosave_20260724_102443_670ms,Thenar (R),R_The_ED_FD_FCR A,5,133.43923748982434,141.43923748982434,165.7990468623941,,,none,30.0,20,2,monophasic
Burst_autosave_20260724_102443_670ms,Thenar (R),R_The_ED_FD_FCR A,6,166.7990468623941,174.7990468623941,199.15885623496388,,,none,30.0,20,2,monophasic
Burst_autosave_20260724_102443_670ms,Thenar (R),R_The_ED_FD_FCR A,7,200.15885623496388,208.15885623496388,232.51866560753365,,,none,30.0,20,2,monophasic
Burst_autosave_20260724_102443_670ms,Thenar (R),R_The_ED_FD_FCR A,8,233.51866560753365,241.51866560753365,265.87847498013184,,,none,30.0,20,2,monophasic
Burst_autosave_20260724_102443_670ms,Thenar (R),R_The_ED_FD_FCR A,9,266.87847498013184,274.87847498013184,299.2382843527016,,,none,30.0,20,2,monophasic
Burst_autosave_20260724_102443_670ms,Thenar (R),R_The_ED_FD_FCR A,10,300.2382843527016,308.2382843527016,331.8038125494288,,,none,30.0,20,2,monophasic
Burst_autosave_20260724_102443_670ms,Thenar (R),R_The_ED_FD_FCR A,1,0.0,8.0,32.35980937256977,,,none,30.0,25,2,monophasic
Burst_autosave_20260724_102443_670ms,Thenar (R),R_The_ED_FD_FCR A,2,33.35980937256977,41.35980937256977,65.7196187446848,,,none,30.0,25,2,monophasic
Burst_autosave_20260724_102443_670ms,Thenar (R),R_The_ED_FD_FCR A,3,66.7196187446848,74.7196187446848,99.07942811725457,,,none,30.0,25,2,monophasic
Burst_autosave_20260724_102443_670ms,Thenar (R),R_The_ED_FD_FCR A,4,100.07942811725457,108.07942811725457,132.43923748982434,,,none,30.0,25,2,monophasic
Burst_autosave_20260724_102443_670ms,Thenar (R),R_The_ED_FD_FCR A,5,133.43923748982434,141.43923748982434,165.7990468623941,,,none,30.0,25,2,monophasic
Burst_autosave_20260724_102443_670ms,Thenar (R),R_The_ED_FD_FCR A,6,166.7990468623941,174.7990468623941,199.15885623496388,,,none,30.0,25,2,monophasic
Burst_autosave_20260724_102443_670ms,Thenar (R),R_The_ED_FD_FCR A,7,200.15885623496388,208.15885623496388,232.51866560753365,,,none,30.0,25,2,monophasic
Burst_autosave_20260724_102443_670ms,Thenar (R),R_The_ED_FD_FCR A,8,233.51866560753365,241.51866560753365,265.87847498013184,,,none,30.0,25,2,monophasic
Burst_autosave_20260724_102443_670ms,Thenar (R),R_The_ED_FD_FCR A,9,266.87847498013184,274.87847498013184,299.2382843527016,,,none,30.0,25,2,monophasic
Burst_autosave_20260724_102443_670ms,Thenar (R),R_The_ED_FD_FCR A,10,300.2382843527016,308.2382843527016,331.8038125494288,,,none,30.0,25,2,monophasic
Burst_autosave_20260724_102443_670ms,Thenar (R),R_The_ED_FD_FCR A,1,0.0,8.0,32.35980937256977,,,none,30.0,30,2,monophasic
Burst_autosave_20260724_102443_670ms,Thenar (R),R_The_ED_FD_FCR A,2,33.35980937256977,41.35980937256977,65.7196187446848,,,none,30.0,30,2,monophasic
Burst_autosave_20260724_102443_670ms,Thenar (R),R_The_ED_FD_FCR A,3,66.7196187446848,74.7196187446848,99.07942811725457,,,none,30.0,30,2,monophasic
Burst_autosave_20260724_102443_670ms,Thenar (R),R_The_ED_FD_FCR A,4,100.07942811725457,108.07942811725457,132.43923748982434,,,none,30.0,30,2,monophasic
Burst_autosave_20260724_102443_670ms,Thenar (R),R_The_ED_FD_FCR A,5,133.43923748982434,141.43923748982434,165.7990468623941,,,none,30.0,30,2,monophasic
Burst_autosave_20260724_102443_670ms,Thenar (R),R_The_ED_FD_FCR A,6,166.7990468623941,174.7990468623941,199.15885623496388,,,none,30.0,30,2,monophasic
Burst_autosave_20260724_102443_670ms,Thenar (R),R_The_ED_FD_FCR A,7,200.15885623496388,208.15885623496388,232.51866560753365,,,none,30.0,30,2,monophasic
Burst_autosave_20260724_102443_670ms,Thenar (R),R_The_ED_FD_FCR A,8,233.51866560753365,241.51866560753365,265.87847498013184,,,none,30.0,30,2,monophasic
Burst_autosave_20260724_102443_670ms,Thenar (R),R_The_ED_FD_FCR A,9,266.87847498013184,274.87847498013184,299.2382843527016,,,none,30.0,30,2,monophasic
Burst_autosave_20260724_102443_670ms,Thenar (R),R_The_ED_FD_FCR A,10,300.2382843527016,308.2382843527016,331.8038125494288,,,none,30.0,30,2,monophasic
Burst_autosave_20260724_102443_670ms,Thenar (R),R_The_ED_FD_FCR A,1,0.0,8.0,32.35980937256977,,,none,30.0,35,2,monophasic
Burst_autosave_20260724_102443_670ms,Thenar (R),R_The_ED_FD_FCR A,2,33.35980937256977,41.35980937256977,65.7196187446848,,,none,30.0,35,2,monophasic
Burst_autosave_20260724_102443_670ms,Thenar (R),R_The_ED_FD_FCR A,3,66.7196187446848,74.7196187446848,99.07942811725457,,,none,30.0,35,2,monophasic
Burst_autosave_20260724_102443_670ms,Thenar (R),R_The_ED_FD_FCR A,4,100.07942811725457,108.07942811725457,132.43923748982434,,,none,30.0,35,2,monophasic
Burst_autosave_20260724_102443_670ms,Thenar (R),R_The_ED_FD_FCR A,5,133.43923748982434,141.43923748982434,165.7990468623941,,,none,30.0,35,2,monophasic
Burst_autosave_20260724_102443_670ms,Thenar (R),R_The_ED_FD_FCR A,6,166.7990468623941,174.7990468623941,199.15885623496388,,,none,30.0,35,2,monophasic
Burst_autosave_20260724_102443_670ms,Thenar (R),R_The_ED_FD_FCR A,7,200.15885623496388,208.15885623496388,232.51866560753365,,,none,30.0,35,2,monophasic
Burst_autosave_20260724_102443_670ms,Thenar (R),R_The_ED_FD_FCR A,8,233.51866560753365,241.51866560753365,265.87847498013184,,,none,30.0,35,2,monophasic
Burst_autosave_20260724_102443_670ms,Thenar (R),R_The_ED_FD_FCR A,9,266.87847498013184,274.87847498013184,299.2382843527016,,,none,30.0,35,2,monophasic
Burst_autosave_20260724_102443_670ms,Thenar (R),R_The_ED_FD_FCR A,10,300.2382843527016,308.2382843527016,331.8038125494288,,,none,30.0,35,2,monophasic
Burst_autosave_20260724_102443_670ms,Thenar (R),R_The_ED_FD_FCR A,1,0.0,8.0,32.35980937256977,,,none,30.0,40,2,monophasic
Burst_autosave_20260724_102443_670ms,Thenar (R),R_The_ED_FD_FCR A,2,33.35980937256977,41.35980937256977,65.7196187446848,,,none,30.0,40,2,monophasic
Burst_autosave_20260724_102443_670ms,Thenar (R),R_The_ED_FD_FCR A,3,66.7196187446848,74.7196187446848,99.07942811725457,,,none,30.0,40,2,monophasic
Burst_autosave_20260724_102443_670ms,Thenar (R),R_The_ED_FD_FCR A,4,100.07942811725457,108.07942811725457,132.43923748982434,,,none,30.0,40,2,monophasic
Burst_autosave_20260724_102443_670ms,Thenar (R),R_The_ED_FD_FCR A,5,133.43923748982434,141.43923748982434,165.7990468623941,,,none,30.0,40,2,monophasic
Burst_autosave_20260724_102443_670ms,Thenar (R),R_The_ED_FD_FCR A,6,166.7990468623941,174.7990468623941,199.15885623496388,,,none,30.0,40,2,monophasic
Burst_autosave_20260724_102443_670ms,Thenar (R),R_The_ED_FD_FCR A,7,200.15885623496388,208.15885623496388,232.51866560753365,,,none,30.0,40,2,monophasic
Burst_autosave_20260724_102443_670ms,Thenar (R),R_The_ED_FD_FCR A,8,233.51866560753365,241.51866560753365,265.87847498013184,,,none,30.0,40,2,monophasic
Burst_autosave_20260724_102443_670ms,Thenar (R),R_The_ED_FD_FCR A,9,266.87847498013184,274.87847498013184,299.2382843527016,,,none,30.0,40,2,monophasic
Burst_autosave_20260724_102443_670ms,Thenar (R),R_The_ED_FD_FCR A,10,300.2382843527016,308.2382843527016,331.8038125494288,,,none,30.0,40,2,monophasic
Burst_autosave_20260724_102443_670ms,Ext. digitorum (R),R_The_ED_FD_FCR B,1,0.0,8.0,32.35980937256977,,,none,30.0,10,2,monophasic
Burst_autosave_20260724_102443_670ms,Ext. digitorum (R),R_The_ED_FD_FCR B,2,33.35980937256977,41.35980937256977,65.7196187446848,,,none,30.0,10,2,monophasic
Burst_autosave_20260724_102443_670ms,Ext. digitorum (R),R_The_ED_FD_FCR B,3,66.7196187446848,74.7196187446848,99.07942811725457,,,none,30.0,10,2,monophasic
Burst_autosave_20260724_102443_670ms,Ext. digitorum (R),R_The_ED_FD_FCR B,4,100.07942811725457,108.07942811725457,132.43923748982434,,,none,30.0,10,2,monophasic
Burst_autosave_20260724_102443_670ms,Ext. digitorum (R),R_The_ED_FD_FCR B,5,133.43923748982434,141.43923748982434,165.7990468623941,,,none,30.0,10,2,monophasic
Burst_autosave_20260724_102443_670ms,Ext. digitorum (R),R_The_ED_FD_FCR B,6,166.7990468623941,174.7990468623941,199.15885623496388,,,none,30.0,10,2,monophasic
Burst_autosave_20260724_102443_670ms,Ext. digitorum (R),R_The_ED_FD_FCR B,7,200.15885623496388,208.15885623496388,232.51866560753365,,,none,30.0,10,2,monophasic
Burst_autosave_20260724_102443_670ms,Ext. digitorum (R),R_The_ED_FD_FCR B,8,233.51866560753365,241.51866560753365,265.87847498013184,,,none,30.0,10,2,monophasic
Burst_autosave_20260724_102443_670ms,Ext. digitorum (R),R_The_ED_FD_FCR B,9,266.87847498013184,274.87847498013184,299.2382843527016,,,none,30.0,10,2,monophasic
Burst_autosave_20260724_102443_670ms,Ext. digitorum (R),R_The_ED_FD_FCR B,10,300.2382843527016,308.2382843527016,331.8038125494288,,,none,30.0,10,2,monophasic
Burst_autosave_20260724_102443_670ms,Ext. digitorum (R),R_The_ED_FD_FCR B,1,0.0,8.0,32.35980937256977,,,none,30.0,15,2,monophasic
Burst_autosave_20260724_102443_670ms,Ext. digitorum (R),R_The_ED_FD_FCR B,2,33.35980937256977,41.35980937256977,65.7196187446848,,,none,30.0,15,2,monophasic
Burst_autosave_20260724_102443_670ms,Ext. digitorum (R),R_The_ED_FD_FCR B,3,66.7196187446848,74.7196187446848,99.07942811725457,,,none,30.0,15,2,monophasic
Burst_autosave_20260724_102443_670ms,Ext. digitorum (R),R_The_ED_FD_FCR B,4,100.07942811725457,108.07942811725457,132.43923748982434,,,none,30.0,15,2,monophasic
Burst_autosave_20260724_102443_670ms,Ext. digitorum (R),R_The_ED_FD_FCR B,5,133.43923748982434,141.43923748982434,165.7990468623941,,,none,30.0,15,2,monophasic
Burst_autosave_20260724_102443_670ms,Ext. digitorum (R),R_The_ED_FD_FCR B,6,166.7990468623941,174.7990468623941,199.15885623496388,,,none,30.0,15,2,monophasic
Burst_autosave_20260724_102443_670ms,Ext. digitorum (R),R_The_ED_FD_FCR B,7,200.15885623496388,208.15885623496388,232.51866560753365,,,none,30.0,15,2,monophasic
Burst_autosave_20260724_102443_670ms,Ext. digitorum (R),R_The_ED_FD_FCR B,8,233.51866560753365,241.51866560753365,265.87847498013184,,,none,30.0,15,2,monophasic
Burst_autosave_20260724_102443_670ms,Ext. digitorum (R),R_The_ED_FD_FCR B,9,266.87847498013184,274.87847498013184,299.2382843527016,,,none,30.0,15,2,monophasic
Burst_autosave_20260724_102443_670ms,Ext. digitorum (R),R_The_ED_FD_FCR B,10,300.2382843527016,308.2382843527016,331.8038125494288,,,none,30.0,15,2,monophasic
Burst_autosave_20260724_102443_670ms,Ext. digitorum (R),R_The_ED_FD_FCR B,1,0.0,8.0,32.35980937256977,,,none,30.0,20,2,monophasic
Burst_autosave_20260724_102443_670ms,Ext. digitorum (R),R_The_ED_FD_FCR B,2,33.35980937256977,41.35980937256977,65.7196187446848,,,none,30.0,20,2,monophasic
Burst_autosave_20260724_102443_670ms,Ext. digitorum (R),R_The_ED_FD_FCR B,3,66.7196187446848,74.7196187446848,99.07942811725457,,,none,30.0,20,2,monophasic
Burst_autosave_20260724_102443_670ms,Ext. digitorum (R),R_The_ED_FD_FCR B,4,100.07942811725457,108.07942811725457,132.43923748982434,,,none,30.0,20,2,monophasic
Burst_autosave_20260724_102443_670ms,Ext. digitorum (R),R_The_ED_FD_FCR B,5,133.43923748982434,141.43923748982434,165.7990468623941,,,none,30.0,20,2,monophasic
Burst_autosave_20260724_102443_670ms,Ext. digitorum (R),R_The_ED_FD_FCR B,6,166.7990468623941,174.7990468623941,199.15885623496388,,,none,30.0,20,2,monophasic
Burst_autosave_20260724_102443_670ms,Ext. digitorum (R),R_The_ED_FD_FCR B,7,200.15885623496388,208.15885623496388,232.51866560753365,,,none,30.0,20,2,monophasic
Burst_autosave_20260724_102443_670ms,Ext. digitorum (R),R_The_ED_FD_FCR B,8,233.51866560753365,241.51866560753365,265.87847498013184,,,none,30.0,20,2,monophasic
Burst_autosave_20260724_102443_670ms,Ext. digitorum (R),R_The_ED_FD_FCR B,9,266.87847498013184,274.87847498013184,299.2382843527016,,,none,30.0,20,2,monophasic
Burst_autosave_20260724_102443_670ms,Ext. digitorum (R),R_The_ED_FD_FCR B,10,300.2382843527016,308.2382843527016,331.8038125494288,,,none,30.0,20,2,monophasic
Burst_autosave_20260724_102443_670ms,Ext. digitorum (R),R_The_ED_FD_FCR B,1,0.0,8.0,32.35980937256977,,,none,30.0,25,2,monophasic
Burst_autosave_20260724_102443_670ms,Ext. digitorum (R),R_The_ED_FD_FCR B,2,33.35980937256977,41.35980937256977,65.7196187446848,,,none,30.0,25,2,monophasic
Burst_autosave_20260724_102443_670ms,Ext. digitorum (R),R_The_ED_FD_FCR B,3,66.7196187446848,74.7196187446848,99.07942811725457,,,none,30.0,25,2,monophasic
Burst_autosave_20260724_102443_670ms,Ext. digitorum (R),R_The_ED_FD_FCR B,4,100.07942811725457,108.07942811725457,132.43923748982434,,,none,30.0,25,2,monophasic
Burst_autosave_20260724_102443_670ms,Ext. digitorum (R),R_The_ED_FD_FCR B,5,133.43923748982434,141.43923748982434,165.7990468623941,,,none,30.0,25,2,monophasic
Burst_autosave_20260724_102443_670ms,Ext. digitorum (R),R_The_ED_FD_FCR B,6,166.7990468623941,174.7990468623941,199.15885623496388,,,none,30.0,25,2,monophasic
Burst_autosave_20260724_102443_670ms,Ext. digitorum (R),R_The_ED_FD_FCR B,7,200.15885623496388,208.15885623496388,232.51866560753365,,,none,30.0,25,2,monophasic
Burst_autosave_20260724_102443_670ms,Ext. digitorum (R),R_The_ED_FD_FCR B,8,233.51866560753365,241.51866560753365,265.87847498013184,,,none,30.0,25,2,monophasic
Burst_autosave_20260724_102443_670ms,Ext. digitorum (R),R_The_ED_FD_FCR B,9,266.87847498013184,274.87847498013184,299.2382843527016,,,none,30.0,25,2,monophasic
Burst_autosave_20260724_102443_670ms,Ext. digitorum (R),R_The_ED_FD_FCR B,10,300.2382843527016,308.2382843527016,331.8038125494288,,,none,30.0,25,2,monophasic
Burst_autosave_20260724_102443_670ms,Ext. digitorum (R),R_The_ED_FD_FCR B,1,0.0,8.0,32.35980937256977,,,none,30.0,30,2,monophasic
Burst_autosave_20260724_102443_670ms,Ext. digitorum (R),R_The_ED_FD_FCR B,2,33.35980937256977,41.35980937256977,65.7196187446848,,,none,30.0,30,2,monophasic
Burst_autosave_20260724_102443_670ms,Ext. digitorum (R),R_The_ED_FD_FCR B,3,66.7196187446848,74.7196187446848,99.07942811725457,,,none,30.0,30,2,monophasic
Burst_autosave_20260724_102443_670ms,Ext. digitorum (R),R_The_ED_FD_FCR B,4,100.07942811725457,108.07942811725457,132.43923748982434,,,none,30.0,30,2,monophasic
Burst_autosave_20260724_102443_670ms,Ext. digitorum (R),R_The_ED_FD_FCR B,5,133.43923748982434,141.43923748982434,165.7990468623941,,,none,30.0,30,2,monophasic
Burst_autosave_20260724_102443_670ms,Ext. digitorum (R),R_The_ED_FD_FCR B,6,166.7990468623941,174.7990468623941,199.15885623496388,,,none,30.0,30,2,monophasic
Burst_autosave_20260724_102443_670ms,Ext. digitorum (R),R_The_ED_FD_FCR B,7,200.15885623496388,208.15885623496388,232.51866560753365,,,none,30.0,30,2,monophasic
Burst_autosave_20260724_102443_670ms,Ext. digitorum (R),R_The_ED_FD_FCR B,8,233.51866560753365,241.51866560753365,265.87847498013184,,,none,30.0,30,2,monophasic
Burst_autosave_20260724_102443_670ms,Ext. digitorum (R),R_The_ED_FD_FCR B,9,266.87847498013184,274.87847498013184,299.2382843527016,,,none,30.0,30,2,monophasic
Burst_autosave_20260724_102443_670ms,Ext. digitorum (R),R_The_ED_FD_FCR B,10,300.2382843527016,308.2382843527016,331.8038125494288,,,none,30.0,30,2,monophasic
Burst_autosave_20260724_102443_670ms,Ext. digitorum (R),R_The_ED_FD_FCR B,1,0.0,8.0,32.35980937256977,0.026855878299102187,0.026855878299102187,none,30.0,35,2,monophasic
Burst_autosave_20260724_102443_670ms,Ext. digitorum (R),R_The_ED_FD_FCR B,2,33.35980937256977,41.35980937256977,65.7196187446848,0.02316319546662271,0.02316319546662271,none,30.0,35,2,monophasic
Burst_autosave_20260724_102443_670ms,Ext. digitorum (R),R_The_ED_FD_FCR B,3,66.7196187446848,74.7196187446848,99.07942811725457,0.017456321278586984,0.017456321278586984,none,30.0,35,2,monophasic
Burst_autosave_20260724_102443_670ms,Ext. digitorum (R),R_The_ED_FD_FCR B,4,100.07942811725457,108.07942811725457,132.43923748982434,0.024841687409207225,0.024841687409207225,none,30.0,35,2,monophasic
Burst_autosave_20260724_102443_670ms,Ext. digitorum (R),R_The_ED_FD_FCR B,5,133.43923748982434,141.43923748982434,165.7990468623941,0.022659647278487682,0.022659647278487682,none,30.0,35,2,monophasic
Burst_autosave_20260724_102443_670ms,Ext. digitorum (R),R_The_ED_FD_FCR B,6,166.7990468623941,174.7990468623941,199.15885623496388,0.020477607380598783,0.020477607380598783,none,30.0,35,2,monophasic
Burst_autosave_20260724_102443_670ms,Ext. digitorum (R),R_The_ED_FD_FCR B,7,200.15885623496388,208.15885623496388,232.51866560753365,0.03440909506753087,0.03440909506753087,none,30.0,35,2,monophasic
Burst_autosave_20260724_102443_670ms,Ext. digitorum (R),R_The_ED_FD_FCR B,8,233.51866560753365,241.51866560753365,265.87847498013184,0.03356984816491604,0.03356984816491604,none,30.0,35,2,monophasic
Burst_autosave_20260724_102443_670ms,Ext. digitorum (R),R_The_ED_FD_FCR B,9,266.87847498013184,274.87847498013184,299.2382843527016,0.030212864046916366,0.030212864046916366,none,30.0,35,2,monophasic
Burst_autosave_20260724_102443_670ms,Ext. digitorum (R),R_The_ED_FD_FCR B,10,300.2382843527016,308.2382843527016,331.8038125494288,0.023834592662751675,0.023834592662751675,none,30.0,35,2,monophasic
Burst_autosave_20260724_102443_670ms,Ext. digitorum (R),R_The_ED_FD_FCR B,1,0.0,8.0,32.35980937256977,0.05488670337945223,0.05488670337945223,none,30.0,40,2,monophasic
Burst_autosave_20260724_102443_670ms,Ext. digitorum (R),R_The_ED_FD_FCR B,2,33.35980937256977,41.35980937256977,65.7196187446848,0.03558403975330293,0.03558403975330293,none,30.0,40,2,monophasic
Burst_autosave_20260724_102443_670ms,Ext. digitorum (R),R_The_ED_FD_FCR B,3,66.7196187446848,74.7196187446848,99.07942811725457,0.036255436949431896,0.036255436949431896,none,30.0,40,2,monophasic
Burst_autosave_20260724_102443_670ms,Ext. digitorum (R),R_The_ED_FD_FCR B,4,100.07942811725457,108.07942811725457,132.43923748982434,0.05236896499991417,0.05236896499991417,none,30.0,40,2,monophasic
Burst_autosave_20260724_102443_670ms,Ext. digitorum (R),R_The_ED_FD_FCR B,5,133.43923748982434,141.43923748982434,165.7990468623941,0.04733348451554775,0.04733348451554775,none,30.0,40,2,monophasic
Burst_autosave_20260724_102443_670ms,Ext. digitorum (R),R_The_ED_FD_FCR B,6,166.7990468623941,174.7990468623941,199.15885623496388,0.05757228843867779,0.05757228843867779,none,30.0,40,2,monophasic
Burst_autosave_20260724_102443_670ms,Ext. digitorum (R),R_The_ED_FD_FCR B,7,200.15885623496388,208.15885623496388,232.51866560753365,0.040283817797899246,0.040283817797899246,none,30.0,40,2,monophasic
Burst_autosave_20260724_102443_670ms,Ext. digitorum (R),R_The_ED_FD_FCR B,8,233.51866560753365,241.51866560753365,265.87847498013184,0.0637827105820179,0.0637827105820179,none,30.0,40,2,monophasic
Burst_autosave_20260724_102443_670ms,Ext. digitorum (R),R_The_ED_FD_FCR B,9,266.87847498013184,274.87847498013184,299.2382843527016,0.06009002774953842,0.06009002774953842,none,30.0,40,2,monophasic
Burst_autosave_20260724_102443_670ms,Ext. digitorum (R),R_The_ED_FD_FCR B,10,300.2382843527016,308.2382843527016,331.8038125494288,0.0515297157689929,0.0515297157689929,none,30.0,40,2,monophasic
Burst_autosave_20260724_102443_670ms,Flex. digitorum (R),R_The_ED_FD_FCR C,1,0.0,8.0,32.35980937256977,,,none,30.0,10,2,monophasic
Burst_autosave_20260724_102443_670ms,Flex. digitorum (R),R_The_ED_FD_FCR C,2,33.35980937256977,41.35980937256977,65.7196187446848,,,none,30.0,10,2,monophasic
Burst_autosave_20260724_102443_670ms,Flex. digitorum (R),R_The_ED_FD_FCR C,3,66.7196187446848,74.7196187446848,99.07942811725457,,,none,30.0,10,2,monophasic
Burst_autosave_20260724_102443_670ms,Flex. digitorum (R),R_The_ED_FD_FCR C,4,100.07942811725457,108.07942811725457,132.43923748982434,,,none,30.0,10,2,monophasic
Burst_autosave_20260724_102443_670ms,Flex. digitorum (R),R_The_ED_FD_FCR C,5,133.43923748982434,141.43923748982434,165.7990468623941,,,none,30.0,10,2,monophasic
Burst_autosave_20260724_102443_670ms,Flex. digitorum (R),R_The_ED_FD_FCR C,6,166.7990468623941,174.7990468623941,199.15885623496388,,,none,30.0,10,2,monophasic
Burst_autosave_20260724_102443_670ms,Flex. digitorum (R),R_The_ED_FD_FCR C,7,200.15885623496388,208.15885623496388,232.51866560753365,,,none,30.0,10,2,monophasic
Burst_autosave_20260724_102443_670ms,Flex. digitorum (R),R_The_ED_FD_FCR C,8,233.51866560753365,241.51866560753365,265.87847498013184,,,none,30.0,10,2,monophasic
Burst_autosave_20260724_102443_670ms,Flex. digitorum (R),R_The_ED_FD_FCR C,9,266.87847498013184,274.87847498013184,299.2382843527016,,,none,30.0,10,2,monophasic
Burst_autosave_20260724_102443_670ms,Flex. digitorum (R),R_The_ED_FD_FCR C,10,300.2382843527016,308.2382843527016,331.8038125494288,,,none,30.0,10,2,monophasic
Burst_autosave_20260724_102443_670ms,Flex. digitorum (R),R_The_ED_FD_FCR C,1,0.0,8.0,32.35980937256977,,,none,30.0,15,2,monophasic
Burst_autosave_20260724_102443_670ms,Flex. digitorum (R),R_The_ED_FD_FCR C,2,33.35980937256977,41.35980937256977,65.7196187446848,,,none,30.0,15,2,monophasic
Burst_autosave_20260724_102443_670ms,Flex. digitorum (R),R_The_ED_FD_FCR C,3,66.7196187446848,74.7196187446848,99.07942811725457,,,none,30.0,15,2,monophasic
Burst_autosave_20260724_102443_670ms,Flex. digitorum (R),R_The_ED_FD_FCR C,4,100.07942811725457,108.07942811725457,132.43923748982434,,,none,30.0,15,2,monophasic
Burst_autosave_20260724_102443_670ms,Flex. digitorum (R),R_The_ED_FD_FCR C,5,133.43923748982434,141.43923748982434,165.7990468623941,,,none,30.0,15,2,monophasic
Burst_autosave_20260724_102443_670ms,Flex. digitorum (R),R_The_ED_FD_FCR C,6,166.7990468623941,174.7990468623941,199.15885623496388,,,none,30.0,15,2,monophasic
Burst_autosave_20260724_102443_670ms,Flex. digitorum (R),R_The_ED_FD_FCR C,7,200.15885623496388,208.15885623496388,232.51866560753365,,,none,30.0,15,2,monophasic
Burst_autosave_20260724_102443_670ms,Flex. digitorum (R),R_The_ED_FD_FCR C,8,233.51866560753365,241.51866560753365,265.87847498013184,,,none,30.0,15,2,monophasic
Burst_autosave_20260724_102443_670ms,Flex. digitorum (R),R_The_ED_FD_FCR C,9,266.87847498013184,274.87847498013184,299.2382843527016,,,none,30.0,15,2,monophasic
Burst_autosave_20260724_102443_670ms,Flex. digitorum (R),R_The_ED_FD_FCR C,10,300.2382843527016,308.2382843527016,331.8038125494288,,,none,30.0,15,2,monophasic
Burst_autosave_20260724_102443_670ms,Flex. digitorum (R),R_The_ED_FD_FCR C,1,0.0,8.0,32.35980937256977,,,none,30.0,20,2,monophasic
Burst_autosave_20260724_102443_670ms,Flex. digitorum (R),R_The_ED_FD_FCR C,2,33.35980937256977,41.35980937256977,65.7196187446848,,,none,30.0,20,2,monophasic
Burst_autosave_20260724_102443_670ms,Flex. digitorum (R),R_The_ED_FD_FCR C,3,66.7196187446848,74.7196187446848,99.07942811725457,,,none,30.0,20,2,monophasic
Burst_autosave_20260724_102443_670ms,Flex. digitorum (R),R_The_ED_FD_FCR C,4,100.07942811725457,108.07942811725457,132.43923748982434,,,none,30.0,20,2,monophasic
Burst_autosave_20260724_102443_670ms,Flex. digitorum (R),R_The_ED_FD_FCR C,5,133.43923748982434,141.43923748982434,165.7990468623941,,,none,30.0,20,2,monophasic
Burst_autosave_20260724_102443_670ms,Flex. digitorum (R),R_The_ED_FD_FCR C,6,166.7990468623941,174.7990468623941,199.15885623496388,,,none,30.0,20,2,monophasic
Burst_autosave_20260724_102443_670ms,Flex. digitorum (R),R_The_ED_FD_FCR C,7,200.15885623496388,208.15885623496388,232.51866560753365,,,none,30.0,20,2,monophasic
Burst_autosave_20260724_102443_670ms,Flex. digitorum (R),R_The_ED_FD_FCR C,8,233.51866560753365,241.51866560753365,265.87847498013184,,,none,30.0,20,2,monophasic
Burst_autosave_20260724_102443_670ms,Flex. digitorum (R),R_The_ED_FD_FCR C,9,266.87847498013184,274.87847498013184,299.2382843527016,,,none,30.0,20,2,monophasic
Burst_autosave_20260724_102443_670ms,Flex. digitorum (R),R_The_ED_FD_FCR C,10,300.2382843527016,308.2382843527016,331.8038125494288,,,none,30.0,20,2,monophasic
Burst_autosave_20260724_102443_670ms,Flex. digitorum (R),R_The_ED_FD_FCR C,1,0.0,8.0,32.35980937256977,,,none,30.0,25,2,monophasic
Burst_autosave_20260724_102443_670ms,Flex. digitorum (R),R_The_ED_FD_FCR C,2,33.35980937256977,41.35980937256977,65.7196187446848,,,none,30.0,25,2,monophasic
Burst_autosave_20260724_102443_670ms,Flex. digitorum (R),R_The_ED_FD_FCR C,3,66.7196187446848,74.7196187446848,99.07942811725457,,,none,30.0,25,2,monophasic
Burst_autosave_20260724_102443_670ms,Flex. digitorum (R),R_The_ED_FD_FCR C,4,100.07942811725457,108.07942811725457,132.43923748982434,,,none,30.0,25,2,monophasic
Burst_autosave_20260724_102443_670ms,Flex. digitorum (R),R_The_ED_FD_FCR C,5,133.43923748982434,141.43923748982434,165.7990468623941,,,none,30.0,25,2,monophasic
Burst_autosave_20260724_102443_670ms,Flex. digitorum (R),R_The_ED_FD_FCR C,6,166.7990468623941,174.7990468623941,199.15885623496388,,,none,30.0,25,2,monophasic
Burst_autosave_20260724_102443_670ms,Flex. digitorum (R),R_The_ED_FD_FCR C,7,200.15885623496388,208.15885623496388,232.51866560753365,,,none,30.0,25,2,monophasic
Burst_autosave_20260724_102443_670ms,Flex. digitorum (R),R_The_ED_FD_FCR C,8,233.51866560753365,241.51866560753365,265.87847498013184,,,none,30.0,25,2,monophasic
Burst_autosave_20260724_102443_670ms,Flex. digitorum (R),R_The_ED_FD_FCR C,9,266.87847498013184,274.87847498013184,299.2382843527016,,,none,30.0,25,2,monophasic
Burst_autosave_20260724_102443_670ms,Flex. digitorum (R),R_The_ED_FD_FCR C,10,300.2382843527016,308.2382843527016,331.8038125494288,,,none,30.0,25,2,monophasic
Burst_autosave_20260724_102443_670ms,Flex. digitorum (R),R_The_ED_FD_FCR C,1,0.0,8.0,32.35980937256977,,,none,30.0,30,2,monophasic
Burst_autosave_20260724_102443_670ms,Flex. digitorum (R),R_The_ED_FD_FCR C,2,33.35980937256977,41.35980937256977,65.7196187446848,,,none,30.0,30,2,monophasic
Burst_autosave_20260724_102443_670ms,Flex. digitorum (R),R_The_ED_FD_FCR C,3,66.7196187446848,74.7196187446848,99.07942811725457,,,none,30.0,30,2,monophasic
Burst_autosave_20260724_102443_670ms,Flex. digitorum (R),R_The_ED_FD_FCR C,4,100.07942811725457,108.07942811725457,132.43923748982434,,,none,30.0,30,2,monophasic
Burst_autosave_20260724_102443_670ms,Flex. digitorum (R),R_The_ED_FD_FCR C,5,133.43923748982434,141.43923748982434,165.7990468623941,,,none,30.0,30,2,monophasic
Burst_autosave_20260724_102443_670ms,Flex. digitorum (R),R_The_ED_FD_FCR C,6,166.7990468623941,174.7990468623941,199.15885623496388,,,none,30.0,30,2,monophasic
Burst_autosave_20260724_102443_670ms,Flex. digitorum (R),R_The_ED_FD_FCR C,7,200.15885623496388,208.15885623496388,232.51866560753365,,,none,30.0,30,2,monophasic
Burst_autosave_20260724_102443_670ms,Flex. digitorum (R),R_The_ED_FD_FCR C,8,233.51866560753365,241.51866560753365,265.87847498013184,,,none,30.0,30,2,monophasic
Burst_autosave_20260724_102443_670ms,Flex. digitorum (R),R_The_ED_FD_FCR C,9,266.87847498013184,274.87847498013184,299.2382843527016,,,none,30.0,30,2,monophasic
Burst_autosave_20260724_102443_670ms,Flex. digitorum (R),R_The_ED_FD_FCR C,10,300.2382843527016,308.2382843527016,331.8038125494288,,,none,30.0,30,2,monophasic
Burst_autosave_20260724_102443_670ms,Flex. digitorum (R),R_The_ED_FD_FCR C,1,0.0,8.0,32.35980937256977,0.029205766040831804,0.029205766040831804,none,30.0,35,2,monophasic
Burst_autosave_20260724_102443_670ms,Flex. digitorum (R),R_The_ED_FD_FCR C,2,33.35980937256977,41.35980937256977,65.7196187446848,0.03558403835631907,0.03558403835631907,none,30.0,35,2,monophasic
Burst_autosave_20260724_102443_670ms,Flex. digitorum (R),R_The_ED_FD_FCR C,3,66.7196187446848,74.7196187446848,99.07942811725457,0.04531929572112858,0.04531929572112858,none,30.0,35,2,monophasic
Burst_autosave_20260724_102443_670ms,Flex. digitorum (R),R_The_ED_FD_FCR C,4,100.07942811725457,108.07942811725457,132.43923748982434,0.0365911356639117,0.0365911356639117,none,30.0,35,2,monophasic
Burst_autosave_20260724_102443_670ms,Flex. digitorum (R),R_The_ED_FD_FCR C,5,133.43923748982434,141.43923748982434,165.7990468623941,0.04649423947557807,0.04649423947557807,none,30.0,35,2,monophasic
Burst_autosave_20260724_102443_670ms,Flex. digitorum (R),R_The_ED_FD_FCR C,6,166.7990468623941,174.7990468623941,199.15885623496388,0.024841688107699156,0.024841688107699156,none,30.0,35,2,monophasic
Burst_autosave_20260724_102443_670ms,Flex. digitorum (R),R_The_ED_FD_FCR C,7,200.15885623496388,208.15885623496388,232.51866560753365,0.0367589823435992,0.0367589823435992,none,30.0,35,2,monophasic
Burst_autosave_20260724_102443_670ms,Flex. digitorum (R),R_The_ED_FD_FCR C,8,233.51866560753365,241.51866560753365,265.87847498013184,0.026184481102973223,0.026184481102973223,none,30.0,35,2,monophasic
Burst_autosave_20260724_102443_670ms,Flex. digitorum (R),R_The_ED_FD_FCR C,9,266.87847498013184,274.87847498013184,299.2382843527016,0.0433051036670804,0.0433051036670804,none,30.0,35,2,monophasic
Burst_autosave_20260724_102443_670ms,Flex. digitorum (R),R_The_ED_FD_FCR C,10,300.2382843527016,308.2382843527016,331.8038125494288,0.03961241967044771,0.03961241967044771,none,30.0,35,2,monophasic
Burst_autosave_20260724_102443_670ms,Flex. digitorum (R),R_The_ED_FD_FCR C,1,0.0,8.0,32.35980937256977,0.049347675405442715,0.049347675405442715,none,30.0,40,2,monophasic
Burst_autosave_20260724_102443_670ms,Flex. digitorum (R),R_The_ED_FD_FCR C,2,33.35980937256977,41.35980937256977,65.7196187446848,0.03659113426692784,0.03659113426692784,none,30.0,40,2,monophasic
Burst_autosave_20260724_102443_670ms,Flex. digitorum (R),R_The_ED_FD_FCR C,3,66.7196187446848,74.7196187446848,99.07942811725457,0.03625543462112546,0.03625543462112546,none,30.0,40,2,monophasic
Burst_autosave_20260724_102443_670ms,Flex. digitorum (R),R_The_ED_FD_FCR C,4,100.07942811725457,108.07942811725457,132.43923748982434,0.03054856020025909,0.03054856020025909,none,30.0,40,2,monophasic
Burst_autosave_20260724_102443_670ms,Flex. digitorum (R),R_The_ED_FD_FCR C,5,133.43923748982434,141.43923748982434,165.7990468623941,0.05035477038472891,0.05035477038472891,none,30.0,40,2,monophasic
Burst_autosave_20260724_102443_670ms,Flex. digitorum (R),R_The_ED_FD_FCR C,6,166.7990468623941,174.7990468623941,199.15885623496388,0.04750133561901748,0.04750133561901748,none,30.0,40,2,monophasic
Burst_autosave_20260724_102443_670ms,Flex. digitorum (R),R_The_ED_FD_FCR C,7,200.15885623496388,208.15885623496388,232.51866560753365,0.03793392819352448,0.03793392819352448,none,30.0,40,2,monophasic
Burst_autosave_20260724_102443_670ms,Flex. digitorum (R),R_The_ED_FD_FCR C,8,233.51866560753365,241.51866560753365,265.87847498013184,0.04565499420277774,0.04565499420277774,none,30.0,40,2,monophasic
Burst_autosave_20260724_102443_670ms,Flex. digitorum (R),R_The_ED_FD_FCR C,9,266.87847498013184,274.87847498013184,299.2382843527016,0.042130159214138985,0.042130159214138985,none,30.0,40,2,monophasic
Burst_autosave_20260724_102443_670ms,Flex. digitorum (R),R_The_ED_FD_FCR C,10,300.2382843527016,308.2382843527016,331.8038125494288,0.033905547112226486,0.033905547112226486,none,30.0,40,2,monophasic
Burst_autosave_20260724_102443_670ms,Flex. carpi rad. (R),R_The_ED_FD_FCR D,1,0.0,8.0,32.35980937256977,,,none,30.0,10,2,monophasic
Burst_autosave_20260724_102443_670ms,Flex. carpi rad. (R),R_The_ED_FD_FCR D,2,33.35980937256977,41.35980937256977,65.7196187446848,,,none,30.0,10,2,monophasic
Burst_autosave_20260724_102443_670ms,Flex. carpi rad. (R),R_The_ED_FD_FCR D,3,66.7196187446848,74.7196187446848,99.07942811725457,,,none,30.0,10,2,monophasic
Burst_autosave_20260724_102443_670ms,Flex. carpi rad. (R),R_The_ED_FD_FCR D,4,100.07942811725457,108.07942811725457,132.43923748982434,,,none,30.0,10,2,monophasic
Burst_autosave_20260724_102443_670ms,Flex. carpi rad. (R),R_The_ED_FD_FCR D,5,133.43923748982434,141.43923748982434,165.7990468623941,,,none,30.0,10,2,monophasic
Burst_autosave_20260724_102443_670ms,Flex. carpi rad. (R),R_The_ED_FD_FCR D,6,166.7990468623941,174.7990468623941,199.15885623496388,,,none,30.0,10,2,monophasic
Burst_autosave_20260724_102443_670ms,Flex. carpi rad. (R),R_The_ED_FD_FCR D,7,200.15885623496388,208.15885623496388,232.51866560753365,,,none,30.0,10,2,monophasic
Burst_autosave_20260724_102443_670ms,Flex. carpi rad. (R),R_The_ED_FD_FCR D,8,233.51866560753365,241.51866560753365,265.87847498013184,,,none,30.0,10,2,monophasic
Burst_autosave_20260724_102443_670ms,Flex. carpi rad. (R),R_The_ED_FD_FCR D,9,266.87847498013184,274.87847498013184,299.2382843527016,,,none,30.0,10,2,monophasic
Burst_autosave_20260724_102443_670ms,Flex. carpi rad. (R),R_The_ED_FD_FCR D,10,300.2382843527016,308.2382843527016,331.8038125494288,,,none,30.0,10,2,monophasic
Burst_autosave_20260724_102443_670ms,Flex. carpi rad. (R),R_The_ED_FD_FCR D,1,0.0,8.0,32.35980937256977,,,none,30.0,15,2,monophasic
Burst_autosave_20260724_102443_670ms,Flex. carpi rad. (R),R_The_ED_FD_FCR D,2,33.35980937256977,41.35980937256977,65.7196187446848,,,none,30.0,15,2,monophasic
Burst_autosave_20260724_102443_670ms,Flex. carpi rad. (R),R_The_ED_FD_FCR D,3,66.7196187446848,74.7196187446848,99.07942811725457,,,none,30.0,15,2,monophasic
Burst_autosave_20260724_102443_670ms,Flex. carpi rad. (R),R_The_ED_FD_FCR D,4,100.07942811725457,108.07942811725457,132.43923748982434,,,none,30.0,15,2,monophasic
Burst_autosave_20260724_102443_670ms,Flex. carpi rad. (R),R_The_ED_FD_FCR D,5,133.43923748982434,141.43923748982434,165.7990468623941,,,none,30.0,15,2,monophasic
Burst_autosave_20260724_102443_670ms,Flex. carpi rad. (R),R_The_ED_FD_FCR D,6,166.7990468623941,174.7990468623941,199.15885623496388,,,none,30.0,15,2,monophasic
Burst_autosave_20260724_102443_670ms,Flex. carpi rad. (R),R_The_ED_FD_FCR D,7,200.15885623496388,208.15885623496388,232.51866560753365,,,none,30.0,15,2,monophasic
Burst_autosave_20260724_102443_670ms,Flex. carpi rad. (R),R_The_ED_FD_FCR D,8,233.51866560753365,241.51866560753365,265.87847498013184,,,none,30.0,15,2,monophasic
Burst_autosave_20260724_102443_670ms,Flex. carpi rad. (R),R_The_ED_FD_FCR D,9,266.87847498013184,274.87847498013184,299.2382843527016,,,none,30.0,15,2,monophasic
Burst_autosave_20260724_102443_670ms,Flex. carpi rad. (R),R_The_ED_FD_FCR D,10,300.2382843527016,308.2382843527016,331.8038125494288,,,none,30.0,15,2,monophasic
Burst_autosave_20260724_102443_670ms,Flex. carpi rad. (R),R_The_ED_FD_FCR D,1,0.0,8.0,32.35980937256977,,,none,30.0,20,2,monophasic
Burst_autosave_20260724_102443_670ms,Flex. carpi rad. (R),R_The_ED_FD_FCR D,2,33.35980937256977,41.35980937256977,65.7196187446848,,,none,30.0,20,2,monophasic
Burst_autosave_20260724_102443_670ms,Flex. carpi rad. (R),R_The_ED_FD_FCR D,3,66.7196187446848,74.7196187446848,99.07942811725457,,,none,30.0,20,2,monophasic
Burst_autosave_20260724_102443_670ms,Flex. carpi rad. (R),R_The_ED_FD_FCR D,4,100.07942811725457,108.07942811725457,132.43923748982434,,,none,30.0,20,2,monophasic
Burst_autosave_20260724_102443_670ms,Flex. carpi rad. (R),R_The_ED_FD_FCR D,5,133.43923748982434,141.43923748982434,165.7990468623941,,,none,30.0,20,2,monophasic
Burst_autosave_20260724_102443_670ms,Flex. carpi rad. (R),R_The_ED_FD_FCR D,6,166.7990468623941,174.7990468623941,199.15885623496388,,,none,30.0,20,2,monophasic
Burst_autosave_20260724_102443_670ms,Flex. carpi rad. (R),R_The_ED_FD_FCR D,7,200.15885623496388,208.15885623496388,232.51866560753365,,,none,30.0,20,2,monophasic
Burst_autosave_20260724_102443_670ms,Flex. carpi rad. (R),R_The_ED_FD_FCR D,8,233.51866560753365,241.51866560753365,265.87847498013184,,,none,30.0,20,2,monophasic
Burst_autosave_20260724_102443_670ms,Flex. carpi rad. (R),R_The_ED_FD_FCR D,9,266.87847498013184,274.87847498013184,299.2382843527016,,,none,30.0,20,2,monophasic
Burst_autosave_20260724_102443_670ms,Flex. carpi rad. (R),R_The_ED_FD_FCR D,10,300.2382843527016,308.2382843527016,331.8038125494288,,,none,30.0,20,2,monophasic
Burst_autosave_20260724_102443_670ms,Flex. carpi rad. (R),R_The_ED_FD_FCR D,1,0.0,8.0,32.35980937256977,,,none,30.0,25,2,monophasic
Burst_autosave_20260724_102443_670ms,Flex. carpi rad. (R),R_The_ED_FD_FCR D,2,33.35980937256977,41.35980937256977,65.7196187446848,,,none,30.0,25,2,monophasic
Burst_autosave_20260724_102443_670ms,Flex. carpi rad. (R),R_The_ED_FD_FCR D,3,66.7196187446848,74.7196187446848,99.07942811725457,,,none,30.0,25,2,monophasic
Burst_autosave_20260724_102443_670ms,Flex. carpi rad. (R),R_The_ED_FD_FCR D,4,100.07942811725457,108.07942811725457,132.43923748982434,,,none,30.0,25,2,monophasic
Burst_autosave_20260724_102443_670ms,Flex. carpi rad. (R),R_The_ED_FD_FCR D,5,133.43923748982434,141.43923748982434,165.7990468623941,,,none,30.0,25,2,monophasic
Burst_autosave_20260724_102443_670ms,Flex. carpi rad. (R),R_The_ED_FD_FCR D,6,166.7990468623941,174.7990468623941,199.15885623496388,,,none,30.0,25,2,monophasic
Burst_autosave_20260724_102443_670ms,Flex. carpi rad. (R),R_The_ED_FD_FCR D,7,200.15885623496388,208.15885623496388,232.51866560753365,,,none,30.0,25,2,monophasic
Burst_autosave_20260724_102443_670ms,Flex. carpi rad. (R),R_The_ED_FD_FCR D,8,233.51866560753365,241.51866560753365,265.87847498013184,,,none,30.0,25,2,monophasic
Burst_autosave_20260724_102443_670ms,Flex. carpi rad. (R),R_The_ED_FD_FCR D,9,266.87847498013184,274.87847498013184,299.2382843527016,,,none,30.0,25,2,monophasic
Burst_autosave_20260724_102443_670ms,Flex. carpi rad. (R),R_The_ED_FD_FCR D,10,300.2382843527016,308.2382843527016,331.8038125494288,,,none,30.0,25,2,monophasic
Burst_autosave_20260724_102443_670ms,Flex. carpi rad. (R),R_The_ED_FD_FCR D,1,0.0,8.0,32.35980937256977,,,none,30.0,30,2,monophasic
Burst_autosave_20260724_102443_670ms,Flex. carpi rad. (R),R_The_ED_FD_FCR D,2,33.35980937256977,41.35980937256977,65.7196187446848,,,none,30.0,30,2,monophasic
Burst_autosave_20260724_102443_670ms,Flex. carpi rad. (R),R_The_ED_FD_FCR D,3,66.7196187446848,74.7196187446848,99.07942811725457,,,none,30.0,30,2,monophasic
Burst_autosave_20260724_102443_670ms,Flex. carpi rad. (R),R_The_ED_FD_FCR D,4,100.07942811725457,108.07942811725457,132.43923748982434,,,none,30.0,30,2,monophasic
Burst_autosave_20260724_102443_670ms,Flex. carpi rad. (R),R_The_ED_FD_FCR D,5,133.43923748982434,141.43923748982434,165.7990468623941,,,none,30.0,30,2,monophasic
Burst_autosave_20260724_102443_670ms,Flex. carpi rad. (R),R_The_ED_FD_FCR D,6,166.7990468623941,174.7990468623941,199.15885623496388,,,none,30.0,30,2,monophasic
Burst_autosave_20260724_102443_670ms,Flex. carpi rad. (R),R_The_ED_FD_FCR D,7,200.15885623496388,208.15885623496388,232.51866560753365,,,none,30.0,30,2,monophasic
Burst_autosave_20260724_102443_670ms,Flex. carpi rad. (R),R_The_ED_FD_FCR D,8,233.51866560753365,241.51866560753365,265.87847498013184,,,none,30.0,30,2,monophasic
Burst_autosave_20260724_102443_670ms,Flex. carpi rad. (R),R_The_ED_FD_FCR D,9,266.87847498013184,274.87847498013184,299.2382843527016,,,none,30.0,30,2,monophasic
Burst_autosave_20260724_102443_670ms,Flex. carpi rad. (R),R_The_ED_FD_FCR D,10,300.2382843527016,308.2382843527016,331.8038125494288,,,none,30.0,30,2,monophasic
Burst_autosave_20260724_102443_670ms,Flex. carpi rad. (R),R_The_ED_FD_FCR D,1,0.0,8.0,32.35980937256977,0.06630045175552368,0.06630045175552368,none,30.0,35,2,monophasic
Burst_autosave_20260724_102443_670ms,Flex. carpi rad. (R),R_The_ED_FD_FCR D,2,33.35980937256977,41.35980937256977,65.7196187446848,0.06613260135054588,0.06613260135054588,none,30.0,35,2,monophasic
Burst_autosave_20260724_102443_670ms,Flex. carpi rad. (R),R_The_ED_FD_FCR D,3,66.7196187446848,74.7196187446848,99.07942811725457,0.061097124591469765,0.061097124591469765,none,30.0,35,2,monophasic
Burst_autosave_20260724_102443_670ms,Flex. carpi rad. (R),R_The_ED_FD_FCR D,4,100.07942811725457,108.07942811725457,132.43923748982434,0.057740138843655586,0.057740138843655586,none,30.0,35,2,monophasic
Burst_autosave_20260724_102443_670ms,Flex. carpi rad. (R),R_The_ED_FD_FCR D,5,133.43923748982434,141.43923748982434,165.7990468623941,0.05589379742741585,0.05589379742741585,none,30.0,35,2,monophasic
Burst_autosave_20260724_102443_670ms,Flex. carpi rad. (R),R_The_ED_FD_FCR D,6,166.7990468623941,174.7990468623941,199.15885623496388,0.051361868157982826,0.051361868157982826,none,30.0,35,2,monophasic
Burst_autosave_20260724_102443_670ms,Flex. carpi rad. (R),R_The_ED_FD_FCR D,7,200.15885623496388,208.15885623496388,232.51866560753365,0.05354390852153301,0.05354390852153301,none,30.0,35,2,monophasic
Burst_autosave_20260724_102443_670ms,Flex. carpi rad. (R),R_The_ED_FD_FCR D,8,233.51866560753365,241.51866560753365,265.87847498013184,0.06831463798880577,0.06831463798880577,none,30.0,35,2,monophasic
Burst_autosave_20260724_102443_670ms,Flex. carpi rad. (R),R_The_ED_FD_FCR D,9,266.87847498013184,274.87847498013184,299.2382843527016,0.02618448226712644,0.02618448226712644,none,30.0,35,2,monophasic
Burst_autosave_20260724_102443_670ms,Flex. carpi rad. (R),R_The_ED_FD_FCR D,10,300.2382843527016,308.2382843527016,331.8038125494288,0.05841153487563133,0.05841153487563133,none,30.0,35,2,monophasic
Burst_autosave_20260724_102443_670ms,Flex. carpi rad. (R),R_The_ED_FD_FCR D,1,0.0,8.0,32.35980937256977,0.064286258071661,0.064286258071661,none,30.0,40,2,monophasic
Burst_autosave_20260724_102443_670ms,Flex. carpi rad. (R),R_The_ED_FD_FCR D,2,33.35980937256977,41.35980937256977,65.7196187446848,0.06646830216050148,0.06646830216050148,none,30.0,40,2,monophasic
Burst_autosave_20260724_102443_670ms,Flex. carpi rad. (R),R_The_ED_FD_FCR D,3,66.7196187446848,74.7196187446848,99.07942811725457,0.059418631717562675,0.059418631717562675,none,30.0,40,2,monophasic
Burst_autosave_20260724_102443_670ms,Flex. carpi rad. (R),R_The_ED_FD_FCR D,4,100.07942811725457,108.07942811725457,132.43923748982434,0.0637827105820179,0.0637827105820179,none,30.0,40,2,monophasic
Burst_autosave_20260724_102443_670ms,Flex. carpi rad. (R),R_The_ED_FD_FCR D,5,133.43923748982434,141.43923748982434,165.7990468623941,0.04599069245159626,0.04599069245159626,none,30.0,40,2,monophasic
Burst_autosave_20260724_102443_670ms,Flex. carpi rad. (R),R_The_ED_FD_FCR D,6,166.7990468623941,174.7990468623941,199.15885623496388,0.056397344917058945,0.056397344917058945,none,30.0,40,2,monophasic
Burst_autosave_20260724_102443_670ms,Flex. carpi rad. (R),R_The_ED_FD_FCR D,7,200.15885623496388,208.15885623496388,232.51866560753365,0.04901197738945484,0.04901197738945484,none,30.0,40,2,monophasic
Burst_autosave_20260724_102443_670ms,Flex. carpi rad. (R),R_The_ED_FD_FCR D,8,233.51866560753365,241.51866560753365,265.87847498013184,0.06076142564415932,0.06076142564415932,none,30.0,40,2,monophasic
Burst_autosave_20260724_102443_670ms,Flex. carpi rad. (R),R_The_ED_FD_FCR D,9,266.87847498013184,274.87847498013184,299.2382843527016,0.043808652088046074,0.043808652088046074,none,30.0,40,2,monophasic
Burst_autosave_20260724_102443_670ms,Flex. carpi rad. (R),R_The_ED_FD_FCR D,10,300.2382843527016,308.2382843527016,331.8038125494288,0.056397344917058945,0.056397344917058945,none,30.0,40,2,monophasic
