source_file,muscle,channel,pulse,pulse_t_ms,win_start_ms,win_stop_ms,p2p,p2p_norm_pct,norm_mode,freq_hz,amp_ma,electrode,mode
Modulated_autosave_20260717_150657_684ms,Deltoid med. (L),L_DELmed,1,0.7942811758256951,8.794281175825695,32.35980937257421,,,none,30.0,15,1,monophasic
Modulated_autosave_20260717_150657_684ms,Deltoid med. (L),L_DELmed,2,33.35980937257421,41.35980937257421,65.71961874514842,,,none,30.0,15,1,monophasic
Modulated_autosave_20260717_150657_684ms,Deltoid med. (L),L_DELmed,3,66.71961874514842,74.71961874514842,99.07942811772264,,,none,30.0,15,1,monophasic
Modulated_autosave_20260717_150657_684ms,Deltoid med. (L),L_DELmed,4,100.07942811772264,108.07942811772264,132.43923749029685,,,none,30.0,15,1,monophasic
Modulated_autosave_20260717_150657_684ms,Deltoid med. (L),L_DELmed,5,133.43923749029685,141.43923749029685,165.79904686287017,,,none,30.0,15,1,monophasic
Modulated_autosave_20260717_150657_684ms,Deltoid med. (L),L_DELmed,6,166.79904686287017,174.79904686287017,199.15885623544438,,,none,30.0,15,1,monophasic
Modulated_autosave_20260717_150657_684ms,Deltoid med. (L),L_DELmed,7,200.15885623544438,208.15885623544438,232.51866560801858,,,none,30.0,15,1,monophasic
Modulated_autosave_20260717_150657_684ms,Deltoid med. (L),L_DELmed,8,233.51866560801858,241.51866560801858,265.8784749801274,,,none,30.0,15,1,monophasic
Modulated_autosave_20260717_150657_684ms,Deltoid med. (L),L_DELmed,9,266.8784749801274,274.8784749801274,299.2382843527016,,,none,30.0,15,1,monophasic
Modulated_autosave_20260717_150657_684ms,Deltoid med. (L),L_DELmed,10,300.2382843527016,308.2382843527016,332.5980937252749,,,none,30.0,15,1,monophasic
Modulated_autosave_20260717_150657_684ms,Deltoid med. (L),L_DELmed,1,0.7942811758256951,8.794281175825695,32.35980937257421,,,none,30.0,20,1,monophasic
Modulated_autosave_20260717_150657_684ms,Deltoid med. (L),L_DELmed,2,33.35980937257421,41.35980937257421,65.71961874514842,,,none,30.0,20,1,monophasic
Modulated_autosave_20260717_150657_684ms,Deltoid med. (L),L_DELmed,3,66.71961874514842,74.71961874514842,99.07942811772264,,,none,30.0,20,1,monophasic
Modulated_autosave_20260717_150657_684ms,Deltoid med. (L),L_DELmed,4,100.07942811772264,108.07942811772264,132.43923749029685,,,none,30.0,20,1,monophasic
Modulated_autosave_20260717_150657_684ms,Deltoid med. (L),L_DELmed,5,133.43923749029685,141.43923749029685,165.79904686287017,,,none,30.0,20,1,monophasic
Modulated_autosave_20260717_150657_684ms,Deltoid med. (L),L_DELmed,6,166.79904686287017,174.79904686287017,199.15885623544438,,,none,30.0,20,1,monophasic
Modulated_autosave_20260717_150657_684ms,Deltoid med. (L),L_DELmed,7,200.15885623544438,208.15885623544438,232.51866560801858,,,none,30.0,20,1,monophasic
Modulated_autosave_20260717_150657_684ms,Deltoid med. (L),L_DELmed,8,233.51866560801858,241.51866560801858,265.8784749801274,,,none,30.0,20,1,monophasic
Modulated_autosave_20260717_150657_684ms,Deltoid med. (L),L_DELmed,9,266.8784749801274,274.8784749801274,299.2382843527016,,,none,30.0,20,1,monophasic
Modulated_autosave_20260717_150657_684ms,Deltoid med. (L),L_DELmed,10,300.2382843527016,308.2382843527016,332.5980937252749,,,none,30.0,20,1,monophasic
Modulated_autosave_20260717_150657_684ms,Deltoid med. (L),L_DELmed,1,0.7942811758256951,8.794281175825695,32.35980937257421,,,none,30.0,25,1,monophasic
Modulated_autosave_20260717_150657_684ms,Deltoid med. (L),L_DELmed,2,33.35980937257421,41.35980937257421,65.71961874514842,,,none,30.0,25,1,monophasic
Modulated_autosave_20260717_150657_684ms,Deltoid med. (L),L_DELmed,3,66.71961874514842,74.71961874514842,99.07942811772264,,,none,30.0,25,1,monophasic
Modulated_autosave_20260717_150657_684ms,Deltoid med. (L),L_DELmed,4,100.07942811772264,108.07942811772264,132.43923749029685,,,none,30.0,25,1,monophasic
Modulated_autosave_20260717_150657_684ms,Deltoid med. (L),L_DELmed,5,133.43923749029685,141.43923749029685,165.79904686287017,,,none,30.0,25,1,monophasic
Modulated_autosave_20260717_150657_684ms,Deltoid med. (L),L_DELmed,6,166.79904686287017,174.79904686287017,199.15885623544438,,,none,30.0,25,1,monophasic
Modulated_autosave_20260717_150657_684ms,Deltoid med. (L),L_DELmed,7,200.15885623544438,208.15885623544438,232.51866560801858,,,none,30.0,25,1,monophasic
Modulated_autosave_20260717_150657_684ms,Deltoid med. (L),L_DELmed,8,233.51866560801858,241.51866560801858,265.8784749801274,,,none,30.0,25,1,monophasic
Modulated_autosave_20260717_150657_684ms,Deltoid med. (L),L_DELmed,9,266.8784749801274,274.8784749801274,299.2382843527016,,,none,30.0,25,1,monophasic
Modulated_autosave_20260717_150657_684ms,Deltoid med. (L),L_DELmed,10,300.2382843527016,308.2382843527016,332.5980937252749,,,none,30.0,25,1,monophasic
Modulated_autosave_20260717_150657_684ms,Deltoid med. (L),L_DELmed,1,0.7942811758256951,8.794281175825695,32.35980937257421,,,none,30.0,30,1,monophasic
Modulated_autosave_20260717_150657_684ms,Deltoid med. (L),L_DELmed,2,33.35980937257421,41.35980937257421,65.71961874514842,,,none,30.0,30,1,monophasic
Modulated_autosave_20260717_150657_684ms,Deltoid med. (L),L_DELmed,3,66.71961874514842,74.71961874514842,99.07942811772264,,,none,30.0,30,1,monophasic
Modulated_autosave_20260717_150657_684ms,Deltoid med. (L),L_DELmed,4,100.07942811772264,108.07942811772264,132.43923749029685,,,none,30.0,30,1,monophasic
Modulated_autosave_20260717_150657_684ms,Deltoid med. (L),L_DELmed,5,133.43923749029685,141.43923749029685,165.79904686287017,,,none,30.0,30,1,monophasic
Modulated_autosave_20260717_150657_684ms,Deltoid med. (L),L_DELmed,6,166.79904686287017,174.79904686287017,199.15885623544438,,,none,30.0,30,1,monophasic
Modulated_autosave_20260717_150657_684ms,Deltoid med. (L),L_DELmed,7,200.15885623544438,208.15885623544438,232.51866560801858,,,none,30.0,30,1,monophasic
Modulated_autosave_20260717_150657_684ms,Deltoid med. (L),L_DELmed,8,233.51866560801858,241.51866560801858,265.8784749801274,,,none,30.0,30,1,monophasic
Modulated_autosave_20260717_150657_684ms,Deltoid med. (L),L_DELmed,9,266.8784749801274,274.8784749801274,299.2382843527016,,,none,30.0,30,1,monophasic
Modulated_autosave_20260717_150657_684ms,Deltoid med. (L),L_DELmed,10,300.2382843527016,308.2382843527016,332.5980937252749,,,none,30.0,30,1,monophasic
Modulated_autosave_20260717_150657_684ms,Deltoid med. (L),L_DELmed,1,0.7942811758256951,8.794281175825695,32.35980937257421,,,none,30.0,35,1,monophasic
Modulated_autosave_20260717_150657_684ms,Deltoid med. (L),L_DELmed,2,33.35980937257421,41.35980937257421,65.71961874514842,,,none,30.0,35,1,monophasic
Modulated_autosave_20260717_150657_684ms,Deltoid med. (L),L_DELmed,3,66.71961874514842,74.71961874514842,99.07942811772264,,,none,30.0,35,1,monophasic
Modulated_autosave_20260717_150657_684ms,Deltoid med. (L),L_DELmed,4,100.07942811772264,108.07942811772264,132.43923749029685,,,none,30.0,35,1,monophasic
Modulated_autosave_20260717_150657_684ms,Deltoid med. (L),L_DELmed,5,133.43923749029685,141.43923749029685,165.79904686287017,,,none,30.0,35,1,monophasic
Modulated_autosave_20260717_150657_684ms,Deltoid med. (L),L_DELmed,6,166.79904686287017,174.79904686287017,199.15885623544438,,,none,30.0,35,1,monophasic
Modulated_autosave_20260717_150657_684ms,Deltoid med. (L),L_DELmed,7,200.15885623544438,208.15885623544438,232.51866560801858,,,none,30.0,35,1,monophasic
Modulated_autosave_20260717_150657_684ms,Deltoid med. (L),L_DELmed,8,233.51866560801858,241.51866560801858,265.8784749801274,,,none,30.0,35,1,monophasic
Modulated_autosave_20260717_150657_684ms,Deltoid med. (L),L_DELmed,9,266.8784749801274,274.8784749801274,299.2382843527016,,,none,30.0,35,1,monophasic
Modulated_autosave_20260717_150657_684ms,Deltoid med. (L),L_DELmed,10,300.2382843527016,308.2382843527016,332.5980937252749,,,none,30.0,35,1,monophasic
Modulated_autosave_20260717_150657_684ms,Deltoid med. (L),L_DELmed,1,0.7942811758256951,8.794281175825695,32.35980937257421,,,none,30.0,40,1,monophasic
Modulated_autosave_20260717_150657_684ms,Deltoid med. (L),L_DELmed,2,33.35980937257421,41.35980937257421,65.71961874514842,,,none,30.0,40,1,monophasic
Modulated_autosave_20260717_150657_684ms,Deltoid med. (L),L_DELmed,3,66.71961874514842,74.71961874514842,99.07942811772264,,,none,30.0,40,1,monophasic
Modulated_autosave_20260717_150657_684ms,Deltoid med. (L),L_DELmed,4,100.07942811772264,108.07942811772264,132.43923749029685,,,none,30.0,40,1,monophasic
Modulated_autosave_20260717_150657_684ms,Deltoid med. (L),L_DELmed,5,133.43923749029685,141.43923749029685,165.79904686287017,,,none,30.0,40,1,monophasic
Modulated_autosave_20260717_150657_684ms,Deltoid med. (L),L_DELmed,6,166.79904686287017,174.79904686287017,199.15885623544438,,,none,30.0,40,1,monophasic
Modulated_autosave_20260717_150657_684ms,Deltoid med. (L),L_DELmed,7,200.15885623544438,208.15885623544438,232.51866560801858,,,none,30.0,40,1,monophasic
Modulated_autosave_20260717_150657_684ms,Deltoid med. (L),L_DELmed,8,233.51866560801858,241.51866560801858,265.8784749801274,,,none,30.0,40,1,monophasic
Modulated_autosave_20260717_150657_684ms,Deltoid med. (L),L_DELmed,9,266.8784749801274,274.8784749801274,299.2382843527016,,,none,30.0,40,1,monophasic
Modulated_autosave_20260717_150657_684ms,Deltoid med. (L),L_DELmed,10,300.2382843527016,308.2382843527016,332.5980937252749,,,none,30.0,40,1,monophasic
Modulated_autosave_20260717_150657_684ms,Deltoid med. (L),L_DELmed,1,0.7942811758256951,8.794281175825695,32.35980937257421,,,none,30.0,45,1,monophasic
Modulated_autosave_20260717_150657_684ms,Deltoid med. (L),L_DELmed,2,33.35980937257421,41.35980937257421,65.71961874514842,,,none,30.0,45,1,monophasic
Modulated_autosave_20260717_150657_684ms,Deltoid med. (L),L_DELmed,3,66.71961874514842,74.71961874514842,99.07942811772264,,,none,30.0,45,1,monophasic
Modulated_autosave_20260717_150657_684ms,Deltoid med. (L),L_DELmed,4,100.07942811772264,108.07942811772264,132.43923749029685,,,none,30.0,45,1,monophasic
Modulated_autosave_20260717_150657_684ms,Deltoid med. (L),L_DELmed,5,133.43923749029685,141.43923749029685,165.79904686287017,,,none,30.0,45,1,monophasic
Modulated_autosave_20260717_150657_684ms,Deltoid med. (L),L_DELmed,6,166.79904686287017,174.79904686287017,199.15885623544438,,,none,30.0,45,1,monophasic
Modulated_autosave_20260717_150657_684ms,Deltoid med. (L),L_DELmed,7,200.15885623544438,208.15885623544438,232.51866560801858,,,none,30.0,45,1,monophasic
Modulated_autosave_20260717_150657_684ms,Deltoid med. (L),L_DELmed,8,233.51866560801858,241.51866560801858,265.8784749801274,,,none,30.0,45,1,monophasic
Modulated_autosave_20260717_150657_684ms,Deltoid med. (L),L_DELmed,9,266.8784749801274,274.8784749801274,299.2382843527016,,,none,30.0,45,1,monophasic
Modulated_autosave_20260717_150657_684ms,Deltoid med. (L),L_DELmed,10,300.2382843527016,308.2382843527016,332.5980937252749,,,none,30.0,45,1,monophasic
Modulated_autosave_20260717_150657_684ms,Deltoid med. (L),L_DELmed,1,0.7942811758256951,8.794281175825695,32.35980937257421,,,none,30.0,50,1,monophasic
Modulated_autosave_20260717_150657_684ms,Deltoid med. (L),L_DELmed,2,33.35980937257421,41.35980937257421,65.71961874514842,,,none,30.0,50,1,monophasic
Modulated_autosave_20260717_150657_684ms,Deltoid med. (L),L_DELmed,3,66.71961874514842,74.71961874514842,99.07942811772264,,,none,30.0,50,1,monophasic
Modulated_autosave_20260717_150657_684ms,Deltoid med. (L),L_DELmed,4,100.07942811772264,108.07942811772264,132.43923749029685,,,none,30.0,50,1,monophasic
Modulated_autosave_20260717_150657_684ms,Deltoid med. (L),L_DELmed,5,133.43923749029685,141.43923749029685,165.79904686287017,,,none,30.0,50,1,monophasic
Modulated_autosave_20260717_150657_684ms,Deltoid med. (L),L_DELmed,6,166.79904686287017,174.79904686287017,199.15885623544438,,,none,30.0,50,1,monophasic
Modulated_autosave_20260717_150657_684ms,Deltoid med. (L),L_DELmed,7,200.15885623544438,208.15885623544438,232.51866560801858,,,none,30.0,50,1,monophasic
Modulated_autosave_20260717_150657_684ms,Deltoid med. (L),L_DELmed,8,233.51866560801858,241.51866560801858,265.8784749801274,,,none,30.0,50,1,monophasic
Modulated_autosave_20260717_150657_684ms,Deltoid med. (L),L_DELmed,9,266.8784749801274,274.8784749801274,299.2382843527016,,,none,30.0,50,1,monophasic
Modulated_autosave_20260717_150657_684ms,Deltoid med. (L),L_DELmed,10,300.2382843527016,308.2382843527016,332.5980937252749,,,none,30.0,50,1,monophasic
Modulated_autosave_20260717_150657_684ms,Deltoid med. (L),L_DELmed,1,0.7942811758256951,8.794281175825695,32.35980937257421,,,none,30.0,55,1,monophasic
Modulated_autosave_20260717_150657_684ms,Deltoid med. (L),L_DELmed,2,33.35980937257421,41.35980937257421,65.71961874514842,,,none,30.0,55,1,monophasic
Modulated_autosave_20260717_150657_684ms,Deltoid med. (L),L_DELmed,3,66.71961874514842,74.71961874514842,99.07942811772264,,,none,30.0,55,1,monophasic
Modulated_autosave_20260717_150657_684ms,Deltoid med. (L),L_DELmed,4,100.07942811772264,108.07942811772264,132.43923749029685,,,none,30.0,55,1,monophasic
Modulated_autosave_20260717_150657_684ms,Deltoid med. (L),L_DELmed,5,133.43923749029685,141.43923749029685,165.79904686287017,,,none,30.0,55,1,monophasic
Modulated_autosave_20260717_150657_684ms,Deltoid med. (L),L_DELmed,6,166.79904686287017,174.79904686287017,199.15885623544438,,,none,30.0,55,1,monophasic
Modulated_autosave_20260717_150657_684ms,Deltoid med. (L),L_DELmed,7,200.15885623544438,208.15885623544438,232.51866560801858,,,none,30.0,55,1,monophasic
Modulated_autosave_20260717_150657_684ms,Deltoid med. (L),L_DELmed,8,233.51866560801858,241.51866560801858,265.8784749801274,,,none,30.0,55,1,monophasic
Modulated_autosave_20260717_150657_684ms,Deltoid med. (L),L_DELmed,9,266.8784749801274,274.8784749801274,299.2382843527016,,,none,30.0,55,1,monophasic
Modulated_autosave_20260717_150657_684ms,Deltoid med. (L),L_DELmed,10,300.2382843527016,308.2382843527016,332.5980937252749,,,none,30.0,55,1,monophasic
Modulated_autosave_20260717_150657_684ms,Deltoid med. (L),L_DELmed,1,0.7942811758256951,8.794281175825695,32.35980937257421,,,none,30.0,60,1,monophasic
Modulated_autosave_20260717_150657_684ms,Deltoid med. (L),L_DELmed,2,33.35980937257421,41.35980937257421,65.71961874514842,,,none,30.0,60,1,monophasic
Modulated_autosave_20260717_150657_684ms,Deltoid med. (L),L_DELmed,3,66.71961874514842,74.71961874514842,99.07942811772264,,,none,30.0,60,1,monophasic
Modulated_autosave_20260717_150657_684ms,Deltoid med. (L),L_DELmed,4,100.07942811772264,108.07942811772264,132.43923749029685,,,none,30.0,60,1,monophasic
Modulated_autosave_20260717_150657_684ms,Deltoid med. (L),L_DELmed,5,133.43923749029685,141.43923749029685,165.79904686287017,,,none,30.0,60,1,monophasic
Modulated_autosave_20260717_150657_684ms,Deltoid med. (L),L_DELmed,6,166.79904686287017,174.79904686287017,199.15885623544438,,,none,30.0,60,1,monophasic
Modulated_autosave_20260717_150657_684ms,Deltoid med. (L),L_DELmed,7,200.15885623544438,208.15885623544438,232.51866560801858,,,none,30.0,60,1,monophasic
Modulated_autosave_20260717_150657_684ms,Deltoid med. (L),L_DELmed,8,233.51866560801858,241.51866560801858,265.8784749801274,,,none,30.0,60,1,monophasic
Modulated_autosave_20260717_150657_684ms,Deltoid med. (L),L_DELmed,9,266.8784749801274,274.8784749801274,299.2382843527016,,,none,30.0,60,1,monophasic
Modulated_autosave_20260717_150657_684ms,Deltoid med. (L),L_DELmed,10,300.2382843527016,308.2382843527016,332.5980937252749,,,none,30.0,60,1,monophasic
Modulated_autosave_20260717_150657_684ms,Deltoid med. (L),L_DELmed,1,0.7942811758256951,8.794281175825695,32.35980937257421,,,none,30.0,65,1,monophasic
Modulated_autosave_20260717_150657_684ms,Deltoid med. (L),L_DELmed,2,33.35980937257421,41.35980937257421,65.71961874514842,,,none,30.0,65,1,monophasic
Modulated_autosave_20260717_150657_684ms,Deltoid med. (L),L_DELmed,3,66.71961874514842,74.71961874514842,99.07942811772264,,,none,30.0,65,1,monophasic
Modulated_autosave_20260717_150657_684ms,Deltoid med. (L),L_DELmed,4,100.07942811772264,108.07942811772264,132.43923749029685,,,none,30.0,65,1,monophasic
Modulated_autosave_20260717_150657_684ms,Deltoid med. (L),L_DELmed,5,133.43923749029685,141.43923749029685,165.79904686287017,,,none,30.0,65,1,monophasic
Modulated_autosave_20260717_150657_684ms,Deltoid med. (L),L_DELmed,6,166.79904686287017,174.79904686287017,199.15885623544438,,,none,30.0,65,1,monophasic
Modulated_autosave_20260717_150657_684ms,Deltoid med. (L),L_DELmed,7,200.15885623544438,208.15885623544438,232.51866560801858,,,none,30.0,65,1,monophasic
Modulated_autosave_20260717_150657_684ms,Deltoid med. (L),L_DELmed,8,233.51866560801858,241.51866560801858,265.8784749801274,,,none,30.0,65,1,monophasic
Modulated_autosave_20260717_150657_684ms,Deltoid med. (L),L_DELmed,9,266.8784749801274,274.8784749801274,299.2382843527016,,,none,30.0,65,1,monophasic
Modulated_autosave_20260717_150657_684ms,Deltoid med. (L),L_DELmed,10,300.2382843527016,308.2382843527016,332.5980937252749,,,none,30.0,65,1,monophasic
Modulated_autosave_20260717_150657_684ms,Deltoid med. (L),L_DELmed,1,0.7942811758256951,8.794281175825695,32.35980937257421,,,none,30.0,70,1,monophasic
Modulated_autosave_20260717_150657_684ms,Deltoid med. (L),L_DELmed,2,33.35980937257421,41.35980937257421,65.71961874514842,,,none,30.0,70,1,monophasic
Modulated_autosave_20260717_150657_684ms,Deltoid med. (L),L_DELmed,3,66.71961874514842,74.71961874514842,99.07942811772264,,,none,30.0,70,1,monophasic
Modulated_autosave_20260717_150657_684ms,Deltoid med. (L),L_DELmed,4,100.07942811772264,108.07942811772264,132.43923749029685,,,none,30.0,70,1,monophasic
Modulated_autosave_20260717_150657_684ms,Deltoid med. (L),L_DELmed,5,133.43923749029685,141.43923749029685,165.79904686287017,,,none,30.0,70,1,monophasic
Modulated_autosave_20260717_150657_684ms,Deltoid med. (L),L_DELmed,6,166.79904686287017,174.79904686287017,199.15885623544438,,,none,30.0,70,1,monophasic
Modulated_autosave_20260717_150657_684ms,Deltoid med. (L),L_DELmed,7,200.15885623544438,208.15885623544438,232.51866560801858,,,none,30.0,70,1,monophasic
Modulated_autosave_20260717_150657_684ms,Deltoid med. (L),L_DELmed,8,233.51866560801858,241.51866560801858,265.8784749801274,,,none,30.0,70,1,monophasic
Modulated_autosave_20260717_150657_684ms,Deltoid med. (L),L_DELmed,9,266.8784749801274,274.8784749801274,299.2382843527016,,,none,30.0,70,1,monophasic
Modulated_autosave_20260717_150657_684ms,Deltoid med. (L),L_DELmed,10,300.2382843527016,308.2382843527016,332.5980937252749,,,none,30.0,70,1,monophasic
Modulated_autosave_20260717_150657_684ms,Deltoid med. (L),L_DELmed,1,0.7942811758256951,8.794281175825695,32.35980937257421,,,none,30.0,75,1,monophasic
Modulated_autosave_20260717_150657_684ms,Deltoid med. (L),L_DELmed,2,33.35980937257421,41.35980937257421,65.71961874514842,,,none,30.0,75,1,monophasic
Modulated_autosave_20260717_150657_684ms,Deltoid med. (L),L_DELmed,3,66.71961874514842,74.71961874514842,99.07942811772264,,,none,30.0,75,1,monophasic
Modulated_autosave_20260717_150657_684ms,Deltoid med. (L),L_DELmed,4,100.07942811772264,108.07942811772264,132.43923749029685,,,none,30.0,75,1,monophasic
Modulated_autosave_20260717_150657_684ms,Deltoid med. (L),L_DELmed,5,133.43923749029685,141.43923749029685,165.79904686287017,,,none,30.0,75,1,monophasic
Modulated_autosave_20260717_150657_684ms,Deltoid med. (L),L_DELmed,6,166.79904686287017,174.79904686287017,199.15885623544438,,,none,30.0,75,1,monophasic
Modulated_autosave_20260717_150657_684ms,Deltoid med. (L),L_DELmed,7,200.15885623544438,208.15885623544438,232.51866560801858,,,none,30.0,75,1,monophasic
Modulated_autosave_20260717_150657_684ms,Deltoid med. (L),L_DELmed,8,233.51866560801858,241.51866560801858,265.8784749801274,,,none,30.0,75,1,monophasic
Modulated_autosave_20260717_150657_684ms,Deltoid med. (L),L_DELmed,9,266.8784749801274,274.8784749801274,299.2382843527016,,,none,30.0,75,1,monophasic
Modulated_autosave_20260717_150657_684ms,Deltoid med. (L),L_DELmed,10,300.2382843527016,308.2382843527016,332.5980937252749,,,none,30.0,75,1,monophasic
Modulated_autosave_20260717_150657_684ms,Deltoid med. (L),L_DELmed,1,0.7942811758256951,8.794281175825695,32.35980937257421,,,none,30.0,80,1,monophasic
Modulated_autosave_20260717_150657_684ms,Deltoid med. (L),L_DELmed,2,33.35980937257421,41.35980937257421,65.71961874514842,,,none,30.0,80,1,monophasic
Modulated_autosave_20260717_150657_684ms,Deltoid med. (L),L_DELmed,3,66.71961874514842,74.71961874514842,99.07942811772264,,,none,30.0,80,1,monophasic
Modulated_autosave_20260717_150657_684ms,Deltoid med. (L),L_DELmed,4,100.07942811772264,108.07942811772264,132.43923749029685,,,none,30.0,80,1,monophasic
Modulated_autosave_20260717_150657_684ms,Deltoid med. (L),L_DELmed,5,133.43923749029685,141.43923749029685,165.79904686287017,,,none,30.0,80,1,monophasic
Modulated_autosave_20260717_150657_684ms,Deltoid med. (L),L_DELmed,6,166.79904686287017,174.79904686287017,199.15885623544438,,,none,30.0,80,1,monophasic
Modulated_autosave_20260717_150657_684ms,Deltoid med. (L),L_DELmed,7,200.15885623544438,208.15885623544438,232.51866560801858,,,none,30.0,80,1,monophasic
Modulated_autosave_20260717_150657_684ms,Deltoid med. (L),L_DELmed,8,233.51866560801858,241.51866560801858,265.8784749801274,,,none,30.0,80,1,monophasic
Modulated_autosave_20260717_150657_684ms,Deltoid med. (L),L_DELmed,9,266.8784749801274,274.8784749801274,299.2382843527016,,,none,30.0,80,1,monophasic
Modulated_autosave_20260717_150657_684ms,Deltoid med. (L),L_DELmed,10,300.2382843527016,308.2382843527016,332.5980937252749,,,none,30.0,80,1,monophasic
Modulated_autosave_20260717_150657_684ms,Deltoid med. (L),L_DELmed,1,0.7942811758256951,8.794281175825695,32.35980937257421,,,none,30.0,85,1,monophasic
Modulated_autosave_20260717_150657_684ms,Deltoid med. (L),L_DELmed,2,33.35980937257421,41.35980937257421,65.71961874514842,,,none,30.0,85,1,monophasic
Modulated_autosave_20260717_150657_684ms,Deltoid med. (L),L_DELmed,3,66.71961874514842,74.71961874514842,99.07942811772264,,,none,30.0,85,1,monophasic
Modulated_autosave_20260717_150657_684ms,Deltoid med. (L),L_DELmed,4,100.07942811772264,108.07942811772264,132.43923749029685,,,none,30.0,85,1,monophasic
Modulated_autosave_20260717_150657_684ms,Deltoid med. (L),L_DELmed,5,133.43923749029685,141.43923749029685,165.79904686287017,,,none,30.0,85,1,monophasic
Modulated_autosave_20260717_150657_684ms,Deltoid med. (L),L_DELmed,6,166.79904686287017,174.79904686287017,199.15885623544438,,,none,30.0,85,1,monophasic
Modulated_autosave_20260717_150657_684ms,Deltoid med. (L),L_DELmed,7,200.15885623544438,208.15885623544438,232.51866560801858,,,none,30.0,85,1,monophasic
Modulated_autosave_20260717_150657_684ms,Deltoid med. (L),L_DELmed,8,233.51866560801858,241.51866560801858,265.8784749801274,,,none,30.0,85,1,monophasic
Modulated_autosave_20260717_150657_684ms,Deltoid med. (L),L_DELmed,9,266.8784749801274,274.8784749801274,299.2382843527016,,,none,30.0,85,1,monophasic
Modulated_autosave_20260717_150657_684ms,Deltoid med. (L),L_DELmed,10,300.2382843527016,308.2382843527016,332.5980937252749,,,none,30.0,85,1,monophasic
Modulated_autosave_20260717_150657_684ms,Deltoid med. (L),L_DELmed,1,0.7942811758256951,8.794281175825695,32.35980937257421,,,none,30.0,90,1,monophasic
Modulated_autosave_20260717_150657_684ms,Deltoid med. (L),L_DELmed,2,33.35980937257421,41.35980937257421,65.71961874514842,,,none,30.0,90,1,monophasic
Modulated_autosave_20260717_150657_684ms,Deltoid med. (L),L_DELmed,3,66.71961874514842,74.71961874514842,99.07942811772264,,,none,30.0,90,1,monophasic
Modulated_autosave_20260717_150657_684ms,Deltoid med. (L),L_DELmed,4,100.07942811772264,108.07942811772264,132.43923749029685,,,none,30.0,90,1,monophasic
Modulated_autosave_20260717_150657_684ms,Deltoid med. (L),L_DELmed,5,133.43923749029685,141.43923749029685,165.79904686287017,,,none,30.0,90,1,monophasic
Modulated_autosave_20260717_150657_684ms,Deltoid med. (L),L_DELmed,6,166.79904686287017,174.79904686287017,199.15885623544438,,,none,30.0,90,1,monophasic
Modulated_autosave_20260717_150657_684ms,Deltoid med. (L),L_DELmed,7,200.15885623544438,208.15885623544438,232.51866560801858,,,none,30.0,90,1,monophasic
Modulated_autosave_20260717_150657_684ms,Deltoid med. (L),L_DELmed,8,233.51866560801858,241.51866560801858,265.8784749801274,,,none,30.0,90,1,monophasic
Modulated_autosave_20260717_150657_684ms,Deltoid med. (L),L_DELmed,9,266.8784749801274,274.8784749801274,299.2382843527016,,,none,30.0,90,1,monophasic
Modulated_autosave_20260717_150657_684ms,Deltoid med. (L),L_DELmed,10,300.2382843527016,308.2382843527016,332.5980937252749,,,none,30.0,90,1,monophasic
Modulated_autosave_20260717_150657_684ms,Deltoid med. (L),L_DELmed,1,0.7942811758256951,8.794281175825695,32.35980937257421,,,none,30.0,95,1,monophasic
Modulated_autosave_20260717_150657_684ms,Deltoid med. (L),L_DELmed,2,33.35980937257421,41.35980937257421,65.71961874514842,,,none,30.0,95,1,monophasic
Modulated_autosave_20260717_150657_684ms,Deltoid med. (L),L_DELmed,3,66.71961874514842,74.71961874514842,99.07942811772264,,,none,30.0,95,1,monophasic
Modulated_autosave_20260717_150657_684ms,Deltoid med. (L),L_DELmed,4,100.07942811772264,108.07942811772264,132.43923749029685,,,none,30.0,95,1,monophasic
Modulated_autosave_20260717_150657_684ms,Deltoid med. (L),L_DELmed,5,133.43923749029685,141.43923749029685,165.79904686287017,,,none,30.0,95,1,monophasic
Modulated_autosave_20260717_150657_684ms,Deltoid med. (L),L_DELmed,6,166.79904686287017,174.79904686287017,199.15885623544438,,,none,30.0,95,1,monophasic
Modulated_autosave_20260717_150657_684ms,Deltoid med. (L),L_DELmed,7,200.15885623544438,208.15885623544438,232.51866560801858,,,none,30.0,95,1,monophasic
Modulated_autosave_20260717_150657_684ms,Deltoid med. (L),L_DELmed,8,233.51866560801858,241.51866560801858,265.8784749801274,,,none,30.0,95,1,monophasic
Modulated_autosave_20260717_150657_684ms,Deltoid med. (L),L_DELmed,9,266.8784749801274,274.8784749801274,299.2382843527016,,,none,30.0,95,1,monophasic
Modulated_autosave_20260717_150657_684ms,Deltoid med. (L),L_DELmed,10,300.2382843527016,308.2382843527016,332.5980937252749,,,none,30.0,95,1,monophasic
Modulated_autosave_20260717_150657_684ms,Deltoid med. (L),L_DELmed,1,0.7942811758256951,8.794281175825695,32.35980937257421,,,none,30.0,100,1,monophasic
Modulated_autosave_20260717_150657_684ms,Deltoid med. (L),L_DELmed,2,33.35980937257421,41.35980937257421,65.71961874514842,,,none,30.0,100,1,monophasic
Modulated_autosave_20260717_150657_684ms,Deltoid med. (L),L_DELmed,3,66.71961874514842,74.71961874514842,99.07942811772264,,,none,30.0,100,1,monophasic
Modulated_autosave_20260717_150657_684ms,Deltoid med. (L),L_DELmed,4,100.07942811772264,108.07942811772264,132.43923749029685,,,none,30.0,100,1,monophasic
Modulated_autosave_20260717_150657_684ms,Deltoid med. (L),L_DELmed,5,133.43923749029685,141.43923749029685,165.79904686287017,,,none,30.0,100,1,monophasic
Modulated_autosave_20260717_150657_684ms,Deltoid med. (L),L_DELmed,6,166.79904686287017,174.79904686287017,199.15885623544438,,,none,30.0,100,1,monophasic
Modulated_autosave_20260717_150657_684ms,Deltoid med. (L),L_DELmed,7,200.15885623544438,208.15885623544438,232.51866560801858,,,none,30.0,100,1,monophasic
Modulated_autosave_20260717_150657_684ms,Deltoid med. (L),L_DELmed,8,233.51866560801858,241.51866560801858,265.8784749801274,,,none,30.0,100,1,monophasic
Modulated_autosave_20260717_150657_684ms,Deltoid med. (L),L_DELmed,9,266.8784749801274,274.8784749801274,299.2382843527016,,,none,30.0,100,1,monophasic
Modulated_autosave_20260717_150657_684ms,Deltoid med. (L),L_DELmed,10,300.2382843527016,308.2382843527016,332.5980937252749,,,none,30.0,100,1,monophasic
Modulated_autosave_20260717_150657_684ms,Deltoid med. (L),L_DELmed,1,0.7942811758256951,8.794281175825695,32.35980937257421,,,none,30.0,105,1,monophasic
Modulated_autosave_20260717_150657_684ms,Deltoid med. (L),L_DELmed,2,33.35980937257421,41.35980937257421,65.71961874514842,,,none,30.0,105,1,monophasic
Modulated_autosave_20260717_150657_684ms,Deltoid med. (L),L_DELmed,3,66.71961874514842,74.71961874514842,99.07942811772264,,,none,30.0,105,1,monophasic
Modulated_autosave_20260717_150657_684ms,Deltoid med. (L),L_DELmed,4,100.07942811772264,108.07942811772264,132.43923749029685,,,none,30.0,105,1,monophasic
Modulated_autosave_20260717_150657_684ms,Deltoid med. (L),L_DELmed,5,133.43923749029685,141.43923749029685,165.79904686287017,,,none,30.0,105,1,monophasic
Modulated_autosave_20260717_150657_684ms,Deltoid med. (L),L_DELmed,6,166.79904686287017,174.79904686287017,199.15885623544438,,,none,30.0,105,1,monophasic
Modulated_autosave_20260717_150657_684ms,Deltoid med. (L),L_DELmed,7,200.15885623544438,208.15885623544438,232.51866560801858,,,none,30.0,105,1,monophasic
Modulated_autosave_20260717_150657_684ms,Deltoid med. (L),L_DELmed,8,233.51866560801858,241.51866560801858,265.8784749801274,,,none,30.0,105,1,monophasic
Modulated_autosave_20260717_150657_684ms,Deltoid med. (L),L_DELmed,9,266.8784749801274,274.8784749801274,299.2382843527016,,,none,30.0,105,1,monophasic
Modulated_autosave_20260717_150657_684ms,Deltoid med. (L),L_DELmed,10,300.2382843527016,308.2382843527016,332.5980937252749,,,none,30.0,105,1,monophasic
Modulated_autosave_20260717_150657_684ms,Deltoid med. (L),L_DELmed,1,0.7942811758256951,8.794281175825695,32.35980937257421,,,none,30.0,110,1,monophasic
Modulated_autosave_20260717_150657_684ms,Deltoid med. (L),L_DELmed,2,33.35980937257421,41.35980937257421,65.71961874514842,,,none,30.0,110,1,monophasic
Modulated_autosave_20260717_150657_684ms,Deltoid med. (L),L_DELmed,3,66.71961874514842,74.71961874514842,99.07942811772264,,,none,30.0,110,1,monophasic
Modulated_autosave_20260717_150657_684ms,Deltoid med. (L),L_DELmed,4,100.07942811772264,108.07942811772264,132.43923749029685,,,none,30.0,110,1,monophasic
Modulated_autosave_20260717_150657_684ms,Deltoid med. (L),L_DELmed,5,133.43923749029685,141.43923749029685,165.79904686287017,,,none,30.0,110,1,monophasic
Modulated_autosave_20260717_150657_684ms,Deltoid med. (L),L_DELmed,6,166.79904686287017,174.79904686287017,199.15885623544438,,,none,30.0,110,1,monophasic
Modulated_autosave_20260717_150657_684ms,Deltoid med. (L),L_DELmed,7,200.15885623544438,208.15885623544438,232.51866560801858,,,none,30.0,110,1,monophasic
Modulated_autosave_20260717_150657_684ms,Deltoid med. (L),L_DELmed,8,233.51866560801858,241.51866560801858,265.8784749801274,,,none,30.0,110,1,monophasic
Modulated_autosave_20260717_150657_684ms,Deltoid med. (L),L_DELmed,9,266.8784749801274,274.8784749801274,299.2382843527016,,,none,30.0,110,1,monophasic
Modulated_autosave_20260717_150657_684ms,Deltoid med. (L),L_DELmed,10,300.2382843527016,308.2382843527016,332.5980937252749,,,none,30.0,110,1,monophasic
Modulated_autosave_20260717_150657_684ms,Biceps (L),L_BB,1,0.7942811758256951,8.794281175825695,32.35980937257421,,,none,30.0,15,1,monophasic
Modulated_autosave_20260717_150657_684ms,Biceps (L),L_BB,2,33.35980937257421,41.35980937257421,65.71961874514842,,,none,30.0,15,1,monophasic
Modulated_autosave_20260717_150657_684ms,Biceps (L),L_BB,3,66.71961874514842,74.71961874514842,99.07942811772264,,,none,30.0,15,1,monophasic
Modulated_autosave_20260717_150657_684ms,Biceps (L),L_BB,4,100.07942811772264,108.07942811772264,132.43923749029685,,,none,30.0,15,1,monophasic
Modulated_autosave_20260717_150657_684ms,Biceps (L),L_BB,5,133.43923749029685,141.43923749029685,165.79904686287017,,,none,30.0,15,1,monophasic
Modulated_autosave_20260717_150657_684ms,Biceps (L),L_BB,6,166.79904686287017,174.79904686287017,199.15885623544438,,,none,30.0,15,1,monophasic
Modulated_autosave_20260717_150657_684ms,Biceps (L),L_BB,7,200.15885623544438,208.15885623544438,232.51866560801858,,,none,30.0,15,1,monophasic
Modulated_autosave_20260717_150657_684ms,Biceps (L),L_BB,8,233.51866560801858,241.51866560801858,265.8784749801274,,,none,30.0,15,1,monophasic
Modulated_autosave_20260717_150657_684ms,Biceps (L),L_BB,9,266.8784749801274,274.8784749801274,299.2382843527016,,,none,30.0,15,1,monophasic
Modulated_autosave_20260717_150657_684ms,Biceps (L),L_BB,10,300.2382843527016,308.2382843527016,332.5980937252749,,,none,30.0,15,1,monophasic
Modulated_autosave_20260717_150657_684ms,Biceps (L),L_BB,1,0.7942811758256951,8.794281175825695,32.35980937257421,,,none,30.0,20,1,monophasic
Modulated_autosave_20260717_150657_684ms,Biceps (L),L_BB,2,33.35980937257421,41.35980937257421,65.71961874514842,,,none,30.0,20,1,monophasic
Modulated_autosave_20260717_150657_684ms,Biceps (L),L_BB,3,66.71961874514842,74.71961874514842,99.07942811772264,,,none,30.0,20,1,monophasic
Modulated_autosave_20260717_150657_684ms,Biceps (L),L_BB,4,100.07942811772264,108.07942811772264,132.43923749029685,,,none,30.0,20,1,monophasic
Modulated_autosave_20260717_150657_684ms,Biceps (L),L_BB,5,133.43923749029685,141.43923749029685,165.79904686287017,,,none,30.0,20,1,monophasic
Modulated_autosave_20260717_150657_684ms,Biceps (L),L_BB,6,166.79904686287017,174.79904686287017,199.15885623544438,,,none,30.0,20,1,monophasic
Modulated_autosave_20260717_150657_684ms,Biceps (L),L_BB,7,200.15885623544438,208.15885623544438,232.51866560801858,,,none,30.0,20,1,monophasic
Modulated_autosave_20260717_150657_684ms,Biceps (L),L_BB,8,233.51866560801858,241.51866560801858,265.8784749801274,,,none,30.0,20,1,monophasic
Modulated_autosave_20260717_150657_684ms,Biceps (L),L_BB,9,266.8784749801274,274.8784749801274,299.2382843527016,,,none,30.0,20,1,monophasic
Modulated_autosave_20260717_150657_684ms,Biceps (L),L_BB,10,300.2382843527016,308.2382843527016,332.5980937252749,,,none,30.0,20,1,monophasic
Modulated_autosave_20260717_150657_684ms,Biceps (L),L_BB,1,0.7942811758256951,8.794281175825695,32.35980937257421,,,none,30.0,25,1,monophasic
Modulated_autosave_20260717_150657_684ms,Biceps (L),L_BB,2,33.35980937257421,41.35980937257421,65.71961874514842,,,none,30.0,25,1,monophasic
Modulated_autosave_20260717_150657_684ms,Biceps (L),L_BB,3,66.71961874514842,74.71961874514842,99.07942811772264,,,none,30.0,25,1,monophasic
Modulated_autosave_20260717_150657_684ms,Biceps (L),L_BB,4,100.07942811772264,108.07942811772264,132.43923749029685,,,none,30.0,25,1,monophasic
Modulated_autosave_20260717_150657_684ms,Biceps (L),L_BB,5,133.43923749029685,141.43923749029685,165.79904686287017,,,none,30.0,25,1,monophasic
Modulated_autosave_20260717_150657_684ms,Biceps (L),L_BB,6,166.79904686287017,174.79904686287017,199.15885623544438,,,none,30.0,25,1,monophasic
Modulated_autosave_20260717_150657_684ms,Biceps (L),L_BB,7,200.15885623544438,208.15885623544438,232.51866560801858,,,none,30.0,25,1,monophasic
Modulated_autosave_20260717_150657_684ms,Biceps (L),L_BB,8,233.51866560801858,241.51866560801858,265.8784749801274,,,none,30.0,25,1,monophasic
Modulated_autosave_20260717_150657_684ms,Biceps (L),L_BB,9,266.8784749801274,274.8784749801274,299.2382843527016,,,none,30.0,25,1,monophasic
Modulated_autosave_20260717_150657_684ms,Biceps (L),L_BB,10,300.2382843527016,308.2382843527016,332.5980937252749,,,none,30.0,25,1,monophasic
Modulated_autosave_20260717_150657_684ms,Biceps (L),L_BB,1,0.7942811758256951,8.794281175825695,32.35980937257421,,,none,30.0,30,1,monophasic
Modulated_autosave_20260717_150657_684ms,Biceps (L),L_BB,2,33.35980937257421,41.35980937257421,65.71961874514842,,,none,30.0,30,1,monophasic
Modulated_autosave_20260717_150657_684ms,Biceps (L),L_BB,3,66.71961874514842,74.71961874514842,99.07942811772264,,,none,30.0,30,1,monophasic
Modulated_autosave_20260717_150657_684ms,Biceps (L),L_BB,4,100.07942811772264,108.07942811772264,132.43923749029685,,,none,30.0,30,1,monophasic
Modulated_autosave_20260717_150657_684ms,Biceps (L),L_BB,5,133.43923749029685,141.43923749029685,165.79904686287017,,,none,30.0,30,1,monophasic
Modulated_autosave_20260717_150657_684ms,Biceps (L),L_BB,6,166.79904686287017,174.79904686287017,199.15885623544438,,,none,30.0,30,1,monophasic
Modulated_autosave_20260717_150657_684ms,Biceps (L),L_BB,7,200.15885623544438,208.15885623544438,232.51866560801858,,,none,30.0,30,1,monophasic
Modulated_autosave_20260717_150657_684ms,Biceps (L),L_BB,8,233.51866560801858,241.51866560801858,265.8784749801274,,,none,30.0,30,1,monophasic
Modulated_autosave_20260717_150657_684ms,Biceps (L),L_BB,9,266.8784749801274,274.8784749801274,299.2382843527016,,,none,30.0,30,1,monophasic
Modulated_autosave_20260717_150657_684ms,Biceps (L),L_BB,10,300.2382843527016,308.2382843527016,332.5980937252749,,,none,30.0,30,1,monophasic
Modulated_autosave_20260717_150657_684ms,Biceps (L),L_BB,1,0.7942811758256951,8.794281175825695,32.35980937257421,,,none,30.0,35,1,monophasic
Modulated_autosave_20260717_150657_684ms,Biceps (L),L_BB,2,33.35980937257421,41.35980937257421,65.71961874514842,,,none,30.0,35,1,monophasic
Modulated_autosave_20260717_150657_684ms,Biceps (L),L_BB,3,66.71961874514842,74.71961874514842,99.07942811772264,,,none,30.0,35,1,monophasic
Modulated_autosave_20260717_150657_684ms,Biceps (L),L_BB,4,100.07942811772264,108.07942811772264,132.43923749029685,,,none,30.0,35,1,monophasic
Modulated_autosave_20260717_150657_684ms,Biceps (L),L_BB,5,133.43923749029685,141.43923749029685,165.79904686287017,,,none,30.0,35,1,monophasic
Modulated_autosave_20260717_150657_684ms,Biceps (L),L_BB,6,166.79904686287017,174.79904686287017,199.15885623544438,,,none,30.0,35,1,monophasic
Modulated_autosave_20260717_150657_684ms,Biceps (L),L_BB,7,200.15885623544438,208.15885623544438,232.51866560801858,,,none,30.0,35,1,monophasic
Modulated_autosave_20260717_150657_684ms,Biceps (L),L_BB,8,233.51866560801858,241.51866560801858,265.8784749801274,,,none,30.0,35,1,monophasic
Modulated_autosave_20260717_150657_684ms,Biceps (L),L_BB,9,266.8784749801274,274.8784749801274,299.2382843527016,,,none,30.0,35,1,monophasic
Modulated_autosave_20260717_150657_684ms,Biceps (L),L_BB,10,300.2382843527016,308.2382843527016,332.5980937252749,,,none,30.0,35,1,monophasic
Modulated_autosave_20260717_150657_684ms,Biceps (L),L_BB,1,0.7942811758256951,8.794281175825695,32.35980937257421,,,none,30.0,40,1,monophasic
Modulated_autosave_20260717_150657_684ms,Biceps (L),L_BB,2,33.35980937257421,41.35980937257421,65.71961874514842,,,none,30.0,40,1,monophasic
Modulated_autosave_20260717_150657_684ms,Biceps (L),L_BB,3,66.71961874514842,74.71961874514842,99.07942811772264,,,none,30.0,40,1,monophasic
Modulated_autosave_20260717_150657_684ms,Biceps (L),L_BB,4,100.07942811772264,108.07942811772264,132.43923749029685,,,none,30.0,40,1,monophasic
Modulated_autosave_20260717_150657_684ms,Biceps (L),L_BB,5,133.43923749029685,141.43923749029685,165.79904686287017,,,none,30.0,40,1,monophasic
Modulated_autosave_20260717_150657_684ms,Biceps (L),L_BB,6,166.79904686287017,174.79904686287017,199.15885623544438,,,none,30.0,40,1,monophasic
Modulated_autosave_20260717_150657_684ms,Biceps (L),L_BB,7,200.15885623544438,208.15885623544438,232.51866560801858,,,none,30.0,40,1,monophasic
Modulated_autosave_20260717_150657_684ms,Biceps (L),L_BB,8,233.51866560801858,241.51866560801858,265.8784749801274,,,none,30.0,40,1,monophasic
Modulated_autosave_20260717_150657_684ms,Biceps (L),L_BB,9,266.8784749801274,274.8784749801274,299.2382843527016,,,none,30.0,40,1,monophasic
Modulated_autosave_20260717_150657_684ms,Biceps (L),L_BB,10,300.2382843527016,308.2382843527016,332.5980937252749,,,none,30.0,40,1,monophasic
Modulated_autosave_20260717_150657_684ms,Biceps (L),L_BB,1,0.7942811758256951,8.794281175825695,32.35980937257421,,,none,30.0,45,1,monophasic
Modulated_autosave_20260717_150657_684ms,Biceps (L),L_BB,2,33.35980937257421,41.35980937257421,65.71961874514842,,,none,30.0,45,1,monophasic
Modulated_autosave_20260717_150657_684ms,Biceps (L),L_BB,3,66.71961874514842,74.71961874514842,99.07942811772264,,,none,30.0,45,1,monophasic
Modulated_autosave_20260717_150657_684ms,Biceps (L),L_BB,4,100.07942811772264,108.07942811772264,132.43923749029685,,,none,30.0,45,1,monophasic
Modulated_autosave_20260717_150657_684ms,Biceps (L),L_BB,5,133.43923749029685,141.43923749029685,165.79904686287017,,,none,30.0,45,1,monophasic
Modulated_autosave_20260717_150657_684ms,Biceps (L),L_BB,6,166.79904686287017,174.79904686287017,199.15885623544438,,,none,30.0,45,1,monophasic
Modulated_autosave_20260717_150657_684ms,Biceps (L),L_BB,7,200.15885623544438,208.15885623544438,232.51866560801858,,,none,30.0,45,1,monophasic
Modulated_autosave_20260717_150657_684ms,Biceps (L),L_BB,8,233.51866560801858,241.51866560801858,265.8784749801274,,,none,30.0,45,1,monophasic
Modulated_autosave_20260717_150657_684ms,Biceps (L),L_BB,9,266.8784749801274,274.8784749801274,299.2382843527016,,,none,30.0,45,1,monophasic
Modulated_autosave_20260717_150657_684ms,Biceps (L),L_BB,10,300.2382843527016,308.2382843527016,332.5980937252749,,,none,30.0,45,1,monophasic
Modulated_autosave_20260717_150657_684ms,Biceps (L),L_BB,1,0.7942811758256951,8.794281175825695,32.35980937257421,,,none,30.0,50,1,monophasic
Modulated_autosave_20260717_150657_684ms,Biceps (L),L_BB,2,33.35980937257421,41.35980937257421,65.71961874514842,,,none,30.0,50,1,monophasic
Modulated_autosave_20260717_150657_684ms,Biceps (L),L_BB,3,66.71961874514842,74.71961874514842,99.07942811772264,,,none,30.0,50,1,monophasic
Modulated_autosave_20260717_150657_684ms,Biceps (L),L_BB,4,100.07942811772264,108.07942811772264,132.43923749029685,,,none,30.0,50,1,monophasic
Modulated_autosave_20260717_150657_684ms,Biceps (L),L_BB,5,133.43923749029685,141.43923749029685,165.79904686287017,,,none,30.0,50,1,monophasic
Modulated_autosave_20260717_150657_684ms,Biceps (L),L_BB,6,166.79904686287017,174.79904686287017,199.15885623544438,,,none,30.0,50,1,monophasic
Modulated_autosave_20260717_150657_684ms,Biceps (L),L_BB,7,200.15885623544438,208.15885623544438,232.51866560801858,,,none,30.0,50,1,monophasic
Modulated_autosave_20260717_150657_684ms,Biceps (L),L_BB,8,233.51866560801858,241.51866560801858,265.8784749801274,,,none,30.0,50,1,monophasic
Modulated_autosave_20260717_150657_684ms,Biceps (L),L_BB,9,266.8784749801274,274.8784749801274,299.2382843527016,,,none,30.0,50,1,monophasic
Modulated_autosave_20260717_150657_684ms,Biceps (L),L_BB,10,300.2382843527016,308.2382843527016,332.5980937252749,,,none,30.0,50,1,monophasic
Modulated_autosave_20260717_150657_684ms,Biceps (L),L_BB,1,0.7942811758256951,8.794281175825695,32.35980937257421,,,none,30.0,55,1,monophasic
Modulated_autosave_20260717_150657_684ms,Biceps (L),L_BB,2,33.35980937257421,41.35980937257421,65.71961874514842,,,none,30.0,55,1,monophasic
Modulated_autosave_20260717_150657_684ms,Biceps (L),L_BB,3,66.71961874514842,74.71961874514842,99.07942811772264,,,none,30.0,55,1,monophasic
Modulated_autosave_20260717_150657_684ms,Biceps (L),L_BB,4,100.07942811772264,108.07942811772264,132.43923749029685,,,none,30.0,55,1,monophasic
Modulated_autosave_20260717_150657_684ms,Biceps (L),L_BB,5,133.43923749029685,141.43923749029685,165.79904686287017,,,none,30.0,55,1,monophasic
Modulated_autosave_20260717_150657_684ms,Biceps (L),L_BB,6,166.79904686287017,174.79904686287017,199.15885623544438,,,none,30.0,55,1,monophasic
Modulated_autosave_20260717_150657_684ms,Biceps (L),L_BB,7,200.15885623544438,208.15885623544438,232.51866560801858,,,none,30.0,55,1,monophasic
Modulated_autosave_20260717_150657_684ms,Biceps (L),L_BB,8,233.51866560801858,241.51866560801858,265.8784749801274,,,none,30.0,55,1,monophasic
Modulated_autosave_20260717_150657_684ms,Biceps (L),L_BB,9,266.8784749801274,274.8784749801274,299.2382843527016,,,none,30.0,55,1,monophasic
Modulated_autosave_20260717_150657_684ms,Biceps (L),L_BB,10,300.2382843527016,308.2382843527016,332.5980937252749,,,none,30.0,55,1,monophasic
Modulated_autosave_20260717_150657_684ms,Biceps (L),L_BB,1,0.7942811758256951,8.794281175825695,32.35980937257421,,,none,30.0,60,1,monophasic
Modulated_autosave_20260717_150657_684ms,Biceps (L),L_BB,2,33.35980937257421,41.35980937257421,65.71961874514842,,,none,30.0,60,1,monophasic
Modulated_autosave_20260717_150657_684ms,Biceps (L),L_BB,3,66.71961874514842,74.71961874514842,99.07942811772264,,,none,30.0,60,1,monophasic
Modulated_autosave_20260717_150657_684ms,Biceps (L),L_BB,4,100.07942811772264,108.07942811772264,132.43923749029685,,,none,30.0,60,1,monophasic
Modulated_autosave_20260717_150657_684ms,Biceps (L),L_BB,5,133.43923749029685,141.43923749029685,165.79904686287017,,,none,30.0,60,1,monophasic
Modulated_autosave_20260717_150657_684ms,Biceps (L),L_BB,6,166.79904686287017,174.79904686287017,199.15885623544438,,,none,30.0,60,1,monophasic
Modulated_autosave_20260717_150657_684ms,Biceps (L),L_BB,7,200.15885623544438,208.15885623544438,232.51866560801858,,,none,30.0,60,1,monophasic
Modulated_autosave_20260717_150657_684ms,Biceps (L),L_BB,8,233.51866560801858,241.51866560801858,265.8784749801274,,,none,30.0,60,1,monophasic
Modulated_autosave_20260717_150657_684ms,Biceps (L),L_BB,9,266.8784749801274,274.8784749801274,299.2382843527016,,,none,30.0,60,1,monophasic
Modulated_autosave_20260717_150657_684ms,Biceps (L),L_BB,10,300.2382843527016,308.2382843527016,332.5980937252749,,,none,30.0,60,1,monophasic
Modulated_autosave_20260717_150657_684ms,Biceps (L),L_BB,1,0.7942811758256951,8.794281175825695,32.35980937257421,,,none,30.0,65,1,monophasic
Modulated_autosave_20260717_150657_684ms,Biceps (L),L_BB,2,33.35980937257421,41.35980937257421,65.71961874514842,,,none,30.0,65,1,monophasic
Modulated_autosave_20260717_150657_684ms,Biceps (L),L_BB,3,66.71961874514842,74.71961874514842,99.07942811772264,,,none,30.0,65,1,monophasic
Modulated_autosave_20260717_150657_684ms,Biceps (L),L_BB,4,100.07942811772264,108.07942811772264,132.43923749029685,,,none,30.0,65,1,monophasic
Modulated_autosave_20260717_150657_684ms,Biceps (L),L_BB,5,133.43923749029685,141.43923749029685,165.79904686287017,,,none,30.0,65,1,monophasic
Modulated_autosave_20260717_150657_684ms,Biceps (L),L_BB,6,166.79904686287017,174.79904686287017,199.15885623544438,,,none,30.0,65,1,monophasic
Modulated_autosave_20260717_150657_684ms,Biceps (L),L_BB,7,200.15885623544438,208.15885623544438,232.51866560801858,,,none,30.0,65,1,monophasic
Modulated_autosave_20260717_150657_684ms,Biceps (L),L_BB,8,233.51866560801858,241.51866560801858,265.8784749801274,,,none,30.0,65,1,monophasic
Modulated_autosave_20260717_150657_684ms,Biceps (L),L_BB,9,266.8784749801274,274.8784749801274,299.2382843527016,,,none,30.0,65,1,monophasic
Modulated_autosave_20260717_150657_684ms,Biceps (L),L_BB,10,300.2382843527016,308.2382843527016,332.5980937252749,,,none,30.0,65,1,monophasic
Modulated_autosave_20260717_150657_684ms,Biceps (L),L_BB,1,0.7942811758256951,8.794281175825695,32.35980937257421,,,none,30.0,70,1,monophasic
Modulated_autosave_20260717_150657_684ms,Biceps (L),L_BB,2,33.35980937257421,41.35980937257421,65.71961874514842,,,none,30.0,70,1,monophasic
Modulated_autosave_20260717_150657_684ms,Biceps (L),L_BB,3,66.71961874514842,74.71961874514842,99.07942811772264,,,none,30.0,70,1,monophasic
Modulated_autosave_20260717_150657_684ms,Biceps (L),L_BB,4,100.07942811772264,108.07942811772264,132.43923749029685,,,none,30.0,70,1,monophasic
Modulated_autosave_20260717_150657_684ms,Biceps (L),L_BB,5,133.43923749029685,141.43923749029685,165.79904686287017,,,none,30.0,70,1,monophasic
Modulated_autosave_20260717_150657_684ms,Biceps (L),L_BB,6,166.79904686287017,174.79904686287017,199.15885623544438,,,none,30.0,70,1,monophasic
Modulated_autosave_20260717_150657_684ms,Biceps (L),L_BB,7,200.15885623544438,208.15885623544438,232.51866560801858,,,none,30.0,70,1,monophasic
Modulated_autosave_20260717_150657_684ms,Biceps (L),L_BB,8,233.51866560801858,241.51866560801858,265.8784749801274,,,none,30.0,70,1,monophasic
Modulated_autosave_20260717_150657_684ms,Biceps (L),L_BB,9,266.8784749801274,274.8784749801274,299.2382843527016,,,none,30.0,70,1,monophasic
Modulated_autosave_20260717_150657_684ms,Biceps (L),L_BB,10,300.2382843527016,308.2382843527016,332.5980937252749,,,none,30.0,70,1,monophasic
Modulated_autosave_20260717_150657_684ms,Biceps (L),L_BB,1,0.7942811758256951,8.794281175825695,32.35980937257421,,,none,30.0,75,1,monophasic
Modulated_autosave_20260717_150657_684ms,Biceps (L),L_BB,2,33.35980937257421,41.35980937257421,65.71961874514842,,,none,30.0,75,1,monophasic
Modulated_autosave_20260717_150657_684ms,Biceps (L),L_BB,3,66.71961874514842,74.71961874514842,99.07942811772264,,,none,30.0,75,1,monophasic
Modulated_autosave_20260717_150657_684ms,Biceps (L),L_BB,4,100.07942811772264,108.07942811772264,132.43923749029685,,,none,30.0,75,1,monophasic
Modulated_autosave_20260717_150657_684ms,Biceps (L),L_BB,5,133.43923749029685,141.43923749029685,165.79904686287017,,,none,30.0,75,1,monophasic
Modulated_autosave_20260717_150657_684ms,Biceps (L),L_BB,6,166.79904686287017,174.79904686287017,199.15885623544438,,,none,30.0,75,1,monophasic
Modulated_autosave_20260717_150657_684ms,Biceps (L),L_BB,7,200.15885623544438,208.15885623544438,232.51866560801858,,,none,30.0,75,1,monophasic
Modulated_autosave_20260717_150657_684ms,Biceps (L),L_BB,8,233.51866560801858,241.51866560801858,265.8784749801274,,,none,30.0,75,1,monophasic
Modulated_autosave_20260717_150657_684ms,Biceps (L),L_BB,9,266.8784749801274,274.8784749801274,299.2382843527016,,,none,30.0,75,1,monophasic
Modulated_autosave_20260717_150657_684ms,Biceps (L),L_BB,10,300.2382843527016,308.2382843527016,332.5980937252749,,,none,30.0,75,1,monophasic
Modulated_autosave_20260717_150657_684ms,Biceps (L),L_BB,1,0.7942811758256951,8.794281175825695,32.35980937257421,,,none,30.0,80,1,monophasic
Modulated_autosave_20260717_150657_684ms,Biceps (L),L_BB,2,33.35980937257421,41.35980937257421,65.71961874514842,,,none,30.0,80,1,monophasic
Modulated_autosave_20260717_150657_684ms,Biceps (L),L_BB,3,66.71961874514842,74.71961874514842,99.07942811772264,,,none,30.0,80,1,monophasic
Modulated_autosave_20260717_150657_684ms,Biceps (L),L_BB,4,100.07942811772264,108.07942811772264,132.43923749029685,,,none,30.0,80,1,monophasic
Modulated_autosave_20260717_150657_684ms,Biceps (L),L_BB,5,133.43923749029685,141.43923749029685,165.79904686287017,,,none,30.0,80,1,monophasic
Modulated_autosave_20260717_150657_684ms,Biceps (L),L_BB,6,166.79904686287017,174.79904686287017,199.15885623544438,,,none,30.0,80,1,monophasic
Modulated_autosave_20260717_150657_684ms,Biceps (L),L_BB,7,200.15885623544438,208.15885623544438,232.51866560801858,,,none,30.0,80,1,monophasic
Modulated_autosave_20260717_150657_684ms,Biceps (L),L_BB,8,233.51866560801858,241.51866560801858,265.8784749801274,,,none,30.0,80,1,monophasic
Modulated_autosave_20260717_150657_684ms,Biceps (L),L_BB,9,266.8784749801274,274.8784749801274,299.2382843527016,,,none,30.0,80,1,monophasic
Modulated_autosave_20260717_150657_684ms,Biceps (L),L_BB,10,300.2382843527016,308.2382843527016,332.5980937252749,,,none,30.0,80,1,monophasic
Modulated_autosave_20260717_150657_684ms,Biceps (L),L_BB,1,0.7942811758256951,8.794281175825695,32.35980937257421,,,none,30.0,85,1,monophasic
Modulated_autosave_20260717_150657_684ms,Biceps (L),L_BB,2,33.35980937257421,41.35980937257421,65.71961874514842,,,none,30.0,85,1,monophasic
Modulated_autosave_20260717_150657_684ms,Biceps (L),L_BB,3,66.71961874514842,74.71961874514842,99.07942811772264,,,none,30.0,85,1,monophasic
Modulated_autosave_20260717_150657_684ms,Biceps (L),L_BB,4,100.07942811772264,108.07942811772264,132.43923749029685,,,none,30.0,85,1,monophasic
Modulated_autosave_20260717_150657_684ms,Biceps (L),L_BB,5,133.43923749029685,141.43923749029685,165.79904686287017,,,none,30.0,85,1,monophasic
Modulated_autosave_20260717_150657_684ms,Biceps (L),L_BB,6,166.79904686287017,174.79904686287017,199.15885623544438,,,none,30.0,85,1,monophasic
Modulated_autosave_20260717_150657_684ms,Biceps (L),L_BB,7,200.15885623544438,208.15885623544438,232.51866560801858,,,none,30.0,85,1,monophasic
Modulated_autosave_20260717_150657_684ms,Biceps (L),L_BB,8,233.51866560801858,241.51866560801858,265.8784749801274,,,none,30.0,85,1,monophasic
Modulated_autosave_20260717_150657_684ms,Biceps (L),L_BB,9,266.8784749801274,274.8784749801274,299.2382843527016,,,none,30.0,85,1,monophasic
Modulated_autosave_20260717_150657_684ms,Biceps (L),L_BB,10,300.2382843527016,308.2382843527016,332.5980937252749,,,none,30.0,85,1,monophasic
Modulated_autosave_20260717_150657_684ms,Biceps (L),L_BB,1,0.7942811758256951,8.794281175825695,32.35980937257421,,,none,30.0,90,1,monophasic
Modulated_autosave_20260717_150657_684ms,Biceps (L),L_BB,2,33.35980937257421,41.35980937257421,65.71961874514842,,,none,30.0,90,1,monophasic
Modulated_autosave_20260717_150657_684ms,Biceps (L),L_BB,3,66.71961874514842,74.71961874514842,99.07942811772264,,,none,30.0,90,1,monophasic
Modulated_autosave_20260717_150657_684ms,Biceps (L),L_BB,4,100.07942811772264,108.07942811772264,132.43923749029685,,,none,30.0,90,1,monophasic
Modulated_autosave_20260717_150657_684ms,Biceps (L),L_BB,5,133.43923749029685,141.43923749029685,165.79904686287017,,,none,30.0,90,1,monophasic
Modulated_autosave_20260717_150657_684ms,Biceps (L),L_BB,6,166.79904686287017,174.79904686287017,199.15885623544438,,,none,30.0,90,1,monophasic
Modulated_autosave_20260717_150657_684ms,Biceps (L),L_BB,7,200.15885623544438,208.15885623544438,232.51866560801858,,,none,30.0,90,1,monophasic
Modulated_autosave_20260717_150657_684ms,Biceps (L),L_BB,8,233.51866560801858,241.51866560801858,265.8784749801274,,,none,30.0,90,1,monophasic
Modulated_autosave_20260717_150657_684ms,Biceps (L),L_BB,9,266.8784749801274,274.8784749801274,299.2382843527016,,,none,30.0,90,1,monophasic
Modulated_autosave_20260717_150657_684ms,Biceps (L),L_BB,10,300.2382843527016,308.2382843527016,332.5980937252749,,,none,30.0,90,1,monophasic
Modulated_autosave_20260717_150657_684ms,Biceps (L),L_BB,1,0.7942811758256951,8.794281175825695,32.35980937257421,,,none,30.0,95,1,monophasic
Modulated_autosave_20260717_150657_684ms,Biceps (L),L_BB,2,33.35980937257421,41.35980937257421,65.71961874514842,,,none,30.0,95,1,monophasic
Modulated_autosave_20260717_150657_684ms,Biceps (L),L_BB,3,66.71961874514842,74.71961874514842,99.07942811772264,,,none,30.0,95,1,monophasic
Modulated_autosave_20260717_150657_684ms,Biceps (L),L_BB,4,100.07942811772264,108.07942811772264,132.43923749029685,,,none,30.0,95,1,monophasic
Modulated_autosave_20260717_150657_684ms,Biceps (L),L_BB,5,133.43923749029685,141.43923749029685,165.79904686287017,,,none,30.0,95,1,monophasic
Modulated_autosave_20260717_150657_684ms,Biceps (L),L_BB,6,166.79904686287017,174.79904686287017,199.15885623544438,,,none,30.0,95,1,monophasic
Modulated_autosave_20260717_150657_684ms,Biceps (L),L_BB,7,200.15885623544438,208.15885623544438,232.51866560801858,,,none,30.0,95,1,monophasic
Modulated_autosave_20260717_150657_684ms,Biceps (L),L_BB,8,233.51866560801858,241.51866560801858,265.8784749801274,,,none,30.0,95,1,monophasic
Modulated_autosave_20260717_150657_684ms,Biceps (L),L_BB,9,266.8784749801274,274.8784749801274,299.2382843527016,,,none,30.0,95,1,monophasic
Modulated_autosave_20260717_150657_684ms,Biceps (L),L_BB,10,300.2382843527016,308.2382843527016,332.5980937252749,,,none,30.0,95,1,monophasic
Modulated_autosave_20260717_150657_684ms,Biceps (L),L_BB,1,0.7942811758256951,8.794281175825695,32.35980937257421,,,none,30.0,100,1,monophasic
Modulated_autosave_20260717_150657_684ms,Biceps (L),L_BB,2,33.35980937257421,41.35980937257421,65.71961874514842,,,none,30.0,100,1,monophasic
Modulated_autosave_20260717_150657_684ms,Biceps (L),L_BB,3,66.71961874514842,74.71961874514842,99.07942811772264,,,none,30.0,100,1,monophasic
Modulated_autosave_20260717_150657_684ms,Biceps (L),L_BB,4,100.07942811772264,108.07942811772264,132.43923749029685,,,none,30.0,100,1,monophasic
Modulated_autosave_20260717_150657_684ms,Biceps (L),L_BB,5,133.43923749029685,141.43923749029685,165.79904686287017,,,none,30.0,100,1,monophasic
Modulated_autosave_20260717_150657_684ms,Biceps (L),L_BB,6,166.79904686287017,174.79904686287017,199.15885623544438,,,none,30.0,100,1,monophasic
Modulated_autosave_20260717_150657_684ms,Biceps (L),L_BB,7,200.15885623544438,208.15885623544438,232.51866560801858,,,none,30.0,100,1,monophasic
Modulated_autosave_20260717_150657_684ms,Biceps (L),L_BB,8,233.51866560801858,241.51866560801858,265.8784749801274,,,none,30.0,100,1,monophasic
Modulated_autosave_20260717_150657_684ms,Biceps (L),L_BB,9,266.8784749801274,274.8784749801274,299.2382843527016,,,none,30.0,100,1,monophasic
Modulated_autosave_20260717_150657_684ms,Biceps (L),L_BB,10,300.2382843527016,308.2382843527016,332.5980937252749,,,none,30.0,100,1,monophasic
Modulated_autosave_20260717_150657_684ms,Biceps (L),L_BB,1,0.7942811758256951,8.794281175825695,32.35980937257421,,,none,30.0,105,1,monophasic
Modulated_autosave_20260717_150657_684ms,Biceps (L),L_BB,2,33.35980937257421,41.35980937257421,65.71961874514842,,,none,30.0,105,1,monophasic
Modulated_autosave_20260717_150657_684ms,Biceps (L),L_BB,3,66.71961874514842,74.71961874514842,99.07942811772264,,,none,30.0,105,1,monophasic
Modulated_autosave_20260717_150657_684ms,Biceps (L),L_BB,4,100.07942811772264,108.07942811772264,132.43923749029685,,,none,30.0,105,1,monophasic
Modulated_autosave_20260717_150657_684ms,Biceps (L),L_BB,5,133.43923749029685,141.43923749029685,165.79904686287017,,,none,30.0,105,1,monophasic
Modulated_autosave_20260717_150657_684ms,Biceps (L),L_BB,6,166.79904686287017,174.79904686287017,199.15885623544438,,,none,30.0,105,1,monophasic
Modulated_autosave_20260717_150657_684ms,Biceps (L),L_BB,7,200.15885623544438,208.15885623544438,232.51866560801858,,,none,30.0,105,1,monophasic
Modulated_autosave_20260717_150657_684ms,Biceps (L),L_BB,8,233.51866560801858,241.51866560801858,265.8784749801274,,,none,30.0,105,1,monophasic
Modulated_autosave_20260717_150657_684ms,Biceps (L),L_BB,9,266.8784749801274,274.8784749801274,299.2382843527016,,,none,30.0,105,1,monophasic
Modulated_autosave_20260717_150657_684ms,Biceps (L),L_BB,10,300.2382843527016,308.2382843527016,332.5980937252749,,,none,30.0,105,1,monophasic
Modulated_autosave_20260717_150657_684ms,Biceps (L),L_BB,1,0.7942811758256951,8.794281175825695,32.35980937257421,,,none,30.0,110,1,monophasic
Modulated_autosave_20260717_150657_684ms,Biceps (L),L_BB,2,33.35980937257421,41.35980937257421,65.71961874514842,,,none,30.0,110,1,monophasic
Modulated_autosave_20260717_150657_684ms,Biceps (L),L_BB,3,66.71961874514842,74.71961874514842,99.07942811772264,,,none,30.0,110,1,monophasic
Modulated_autosave_20260717_150657_684ms,Biceps (L),L_BB,4,100.07942811772264,108.07942811772264,132.43923749029685,,,none,30.0,110,1,monophasic
Modulated_autosave_20260717_150657_684ms,Biceps (L),L_BB,5,133.43923749029685,141.43923749029685,165.79904686287017,,,none,30.0,110,1,monophasic
Modulated_autosave_20260717_150657_684ms,Biceps (L),L_BB,6,166.79904686287017,174.79904686287017,199.15885623544438,,,none,30.0,110,1,monophasic
Modulated_autosave_20260717_150657_684ms,Biceps (L),L_BB,7,200.15885623544438,208.15885623544438,232.51866560801858,,,none,30.0,110,1,monophasic
Modulated_autosave_20260717_150657_684ms,Biceps (L),L_BB,8,233.51866560801858,241.51866560801858,265.8784749801274,,,none,30.0,110,1,monophasic
Modulated_autosave_20260717_150657_684ms,Biceps (L),L_BB,9,266.8784749801274,274.8784749801274,299.2382843527016,,,none,30.0,110,1,monophasic
Modulated_autosave_20260717_150657_684ms,Biceps (L),L_BB,10,300.2382843527016,308.2382843527016,332.5980937252749,,,none,30.0,110,1,monophasic
Modulated_autosave_20260717_150657_684ms,Triceps long (L),L_TBlg,1,0.7942811758256951,8.794281175825695,32.35980937257421,,,none,30.0,15,1,monophasic
Modulated_autosave_20260717_150657_684ms,Triceps long (L),L_TBlg,2,33.35980937257421,41.35980937257421,65.71961874514842,,,none,30.0,15,1,monophasic
Modulated_autosave_20260717_150657_684ms,Triceps long (L),L_TBlg,3,66.71961874514842,74.71961874514842,99.07942811772264,,,none,30.0,15,1,monophasic
Modulated_autosave_20260717_150657_684ms,Triceps long (L),L_TBlg,4,100.07942811772264,108.07942811772264,132.43923749029685,,,none,30.0,15,1,monophasic
Modulated_autosave_20260717_150657_684ms,Triceps long (L),L_TBlg,5,133.43923749029685,141.43923749029685,165.79904686287017,,,none,30.0,15,1,monophasic
Modulated_autosave_20260717_150657_684ms,Triceps long (L),L_TBlg,6,166.79904686287017,174.79904686287017,199.15885623544438,,,none,30.0,15,1,monophasic
Modulated_autosave_20260717_150657_684ms,Triceps long (L),L_TBlg,7,200.15885623544438,208.15885623544438,232.51866560801858,,,none,30.0,15,1,monophasic
Modulated_autosave_20260717_150657_684ms,Triceps long (L),L_TBlg,8,233.51866560801858,241.51866560801858,265.8784749801274,,,none,30.0,15,1,monophasic
Modulated_autosave_20260717_150657_684ms,Triceps long (L),L_TBlg,9,266.8784749801274,274.8784749801274,299.2382843527016,,,none,30.0,15,1,monophasic
Modulated_autosave_20260717_150657_684ms,Triceps long (L),L_TBlg,10,300.2382843527016,308.2382843527016,332.5980937252749,,,none,30.0,15,1,monophasic
Modulated_autosave_20260717_150657_684ms,Triceps long (L),L_TBlg,1,0.7942811758256951,8.794281175825695,32.35980937257421,,,none,30.0,20,1,monophasic
Modulated_autosave_20260717_150657_684ms,Triceps long (L),L_TBlg,2,33.35980937257421,41.35980937257421,65.71961874514842,,,none,30.0,20,1,monophasic
Modulated_autosave_20260717_150657_684ms,Triceps long (L),L_TBlg,3,66.71961874514842,74.71961874514842,99.07942811772264,,,none,30.0,20,1,monophasic
Modulated_autosave_20260717_150657_684ms,Triceps long (L),L_TBlg,4,100.07942811772264,108.07942811772264,132.43923749029685,,,none,30.0,20,1,monophasic
Modulated_autosave_20260717_150657_684ms,Triceps long (L),L_TBlg,5,133.43923749029685,141.43923749029685,165.79904686287017,,,none,30.0,20,1,monophasic
Modulated_autosave_20260717_150657_684ms,Triceps long (L),L_TBlg,6,166.79904686287017,174.79904686287017,199.15885623544438,,,none,30.0,20,1,monophasic
Modulated_autosave_20260717_150657_684ms,Triceps long (L),L_TBlg,7,200.15885623544438,208.15885623544438,232.51866560801858,,,none,30.0,20,1,monophasic
Modulated_autosave_20260717_150657_684ms,Triceps long (L),L_TBlg,8,233.51866560801858,241.51866560801858,265.8784749801274,,,none,30.0,20,1,monophasic
Modulated_autosave_20260717_150657_684ms,Triceps long (L),L_TBlg,9,266.8784749801274,274.8784749801274,299.2382843527016,,,none,30.0,20,1,monophasic
Modulated_autosave_20260717_150657_684ms,Triceps long (L),L_TBlg,10,300.2382843527016,308.2382843527016,332.5980937252749,,,none,30.0,20,1,monophasic
Modulated_autosave_20260717_150657_684ms,Triceps long (L),L_TBlg,1,0.7942811758256951,8.794281175825695,32.35980937257421,,,none,30.0,25,1,monophasic
Modulated_autosave_20260717_150657_684ms,Triceps long (L),L_TBlg,2,33.35980937257421,41.35980937257421,65.71961874514842,,,none,30.0,25,1,monophasic
Modulated_autosave_20260717_150657_684ms,Triceps long (L),L_TBlg,3,66.71961874514842,74.71961874514842,99.07942811772264,,,none,30.0,25,1,monophasic
Modulated_autosave_20260717_150657_684ms,Triceps long (L),L_TBlg,4,100.07942811772264,108.07942811772264,132.43923749029685,,,none,30.0,25,1,monophasic
Modulated_autosave_20260717_150657_684ms,Triceps long (L),L_TBlg,5,133.43923749029685,141.43923749029685,165.79904686287017,,,none,30.0,25,1,monophasic
Modulated_autosave_20260717_150657_684ms,Triceps long (L),L_TBlg,6,166.79904686287017,174.79904686287017,199.15885623544438,,,none,30.0,25,1,monophasic
Modulated_autosave_20260717_150657_684ms,Triceps long (L),L_TBlg,7,200.15885623544438,208.15885623544438,232.51866560801858,,,none,30.0,25,1,monophasic
Modulated_autosave_20260717_150657_684ms,Triceps long (L),L_TBlg,8,233.51866560801858,241.51866560801858,265.8784749801274,,,none,30.0,25,1,monophasic
Modulated_autosave_20260717_150657_684ms,Triceps long (L),L_TBlg,9,266.8784749801274,274.8784749801274,299.2382843527016,,,none,30.0,25,1,monophasic
Modulated_autosave_20260717_150657_684ms,Triceps long (L),L_TBlg,10,300.2382843527016,308.2382843527016,332.5980937252749,,,none,30.0,25,1,monophasic
Modulated_autosave_20260717_150657_684ms,Triceps long (L),L_TBlg,1,0.7942811758256951,8.794281175825695,32.35980937257421,,,none,30.0,30,1,monophasic
Modulated_autosave_20260717_150657_684ms,Triceps long (L),L_TBlg,2,33.35980937257421,41.35980937257421,65.71961874514842,,,none,30.0,30,1,monophasic
Modulated_autosave_20260717_150657_684ms,Triceps long (L),L_TBlg,3,66.71961874514842,74.71961874514842,99.07942811772264,,,none,30.0,30,1,monophasic
Modulated_autosave_20260717_150657_684ms,Triceps long (L),L_TBlg,4,100.07942811772264,108.07942811772264,132.43923749029685,,,none,30.0,30,1,monophasic
Modulated_autosave_20260717_150657_684ms,Triceps long (L),L_TBlg,5,133.43923749029685,141.43923749029685,165.79904686287017,,,none,30.0,30,1,monophasic
Modulated_autosave_20260717_150657_684ms,Triceps long (L),L_TBlg,6,166.79904686287017,174.79904686287017,199.15885623544438,,,none,30.0,30,1,monophasic
Modulated_autosave_20260717_150657_684ms,Triceps long (L),L_TBlg,7,200.15885623544438,208.15885623544438,232.51866560801858,,,none,30.0,30,1,monophasic
Modulated_autosave_20260717_150657_684ms,Triceps long (L),L_TBlg,8,233.51866560801858,241.51866560801858,265.8784749801274,,,none,30.0,30,1,monophasic
Modulated_autosave_20260717_150657_684ms,Triceps long (L),L_TBlg,9,266.8784749801274,274.8784749801274,299.2382843527016,,,none,30.0,30,1,monophasic
Modulated_autosave_20260717_150657_684ms,Triceps long (L),L_TBlg,10,300.2382843527016,308.2382843527016,332.5980937252749,,,none,30.0,30,1,monophasic
Modulated_autosave_20260717_150657_684ms,Triceps long (L),L_TBlg,1,0.7942811758256951,8.794281175825695,32.35980937257421,,,none,30.0,35,1,monophasic
Modulated_autosave_20260717_150657_684ms,Triceps long (L),L_TBlg,2,33.35980937257421,41.35980937257421,65.71961874514842,,,none,30.0,35,1,monophasic
Modulated_autosave_20260717_150657_684ms,Triceps long (L),L_TBlg,3,66.71961874514842,74.71961874514842,99.07942811772264,,,none,30.0,35,1,monophasic
Modulated_autosave_20260717_150657_684ms,Triceps long (L),L_TBlg,4,100.07942811772264,108.07942811772264,132.43923749029685,,,none,30.0,35,1,monophasic
Modulated_autosave_20260717_150657_684ms,Triceps long (L),L_TBlg,5,133.43923749029685,141.43923749029685,165.79904686287017,,,none,30.0,35,1,monophasic
Modulated_autosave_20260717_150657_684ms,Triceps long (L),L_TBlg,6,166.79904686287017,174.79904686287017,199.15885623544438,,,none,30.0,35,1,monophasic
Modulated_autosave_20260717_150657_684ms,Triceps long (L),L_TBlg,7,200.15885623544438,208.15885623544438,232.51866560801858,,,none,30.0,35,1,monophasic
Modulated_autosave_20260717_150657_684ms,Triceps long (L),L_TBlg,8,233.51866560801858,241.51866560801858,265.8784749801274,,,none,30.0,35,1,monophasic
Modulated_autosave_20260717_150657_684ms,Triceps long (L),L_TBlg,9,266.8784749801274,274.8784749801274,299.2382843527016,,,none,30.0,35,1,monophasic
Modulated_autosave_20260717_150657_684ms,Triceps long (L),L_TBlg,10,300.2382843527016,308.2382843527016,332.5980937252749,,,none,30.0,35,1,monophasic
Modulated_autosave_20260717_150657_684ms,Triceps long (L),L_TBlg,1,0.7942811758256951,8.794281175825695,32.35980937257421,,,none,30.0,40,1,monophasic
Modulated_autosave_20260717_150657_684ms,Triceps long (L),L_TBlg,2,33.35980937257421,41.35980937257421,65.71961874514842,,,none,30.0,40,1,monophasic
Modulated_autosave_20260717_150657_684ms,Triceps long (L),L_TBlg,3,66.71961874514842,74.71961874514842,99.07942811772264,,,none,30.0,40,1,monophasic
Modulated_autosave_20260717_150657_684ms,Triceps long (L),L_TBlg,4,100.07942811772264,108.07942811772264,132.43923749029685,,,none,30.0,40,1,monophasic
Modulated_autosave_20260717_150657_684ms,Triceps long (L),L_TBlg,5,133.43923749029685,141.43923749029685,165.79904686287017,,,none,30.0,40,1,monophasic
Modulated_autosave_20260717_150657_684ms,Triceps long (L),L_TBlg,6,166.79904686287017,174.79904686287017,199.15885623544438,,,none,30.0,40,1,monophasic
Modulated_autosave_20260717_150657_684ms,Triceps long (L),L_TBlg,7,200.15885623544438,208.15885623544438,232.51866560801858,,,none,30.0,40,1,monophasic
Modulated_autosave_20260717_150657_684ms,Triceps long (L),L_TBlg,8,233.51866560801858,241.51866560801858,265.8784749801274,,,none,30.0,40,1,monophasic
Modulated_autosave_20260717_150657_684ms,Triceps long (L),L_TBlg,9,266.8784749801274,274.8784749801274,299.2382843527016,,,none,30.0,40,1,monophasic
Modulated_autosave_20260717_150657_684ms,Triceps long (L),L_TBlg,10,300.2382843527016,308.2382843527016,332.5980937252749,,,none,30.0,40,1,monophasic
Modulated_autosave_20260717_150657_684ms,Triceps long (L),L_TBlg,1,0.7942811758256951,8.794281175825695,32.35980937257421,,,none,30.0,45,1,monophasic
Modulated_autosave_20260717_150657_684ms,Triceps long (L),L_TBlg,2,33.35980937257421,41.35980937257421,65.71961874514842,,,none,30.0,45,1,monophasic
Modulated_autosave_20260717_150657_684ms,Triceps long (L),L_TBlg,3,66.71961874514842,74.71961874514842,99.07942811772264,,,none,30.0,45,1,monophasic
Modulated_autosave_20260717_150657_684ms,Triceps long (L),L_TBlg,4,100.07942811772264,108.07942811772264,132.43923749029685,,,none,30.0,45,1,monophasic
Modulated_autosave_20260717_150657_684ms,Triceps long (L),L_TBlg,5,133.43923749029685,141.43923749029685,165.79904686287017,,,none,30.0,45,1,monophasic
Modulated_autosave_20260717_150657_684ms,Triceps long (L),L_TBlg,6,166.79904686287017,174.79904686287017,199.15885623544438,,,none,30.0,45,1,monophasic
Modulated_autosave_20260717_150657_684ms,Triceps long (L),L_TBlg,7,200.15885623544438,208.15885623544438,232.51866560801858,,,none,30.0,45,1,monophasic
Modulated_autosave_20260717_150657_684ms,Triceps long (L),L_TBlg,8,233.51866560801858,241.51866560801858,265.8784749801274,,,none,30.0,45,1,monophasic
Modulated_autosave_20260717_150657_684ms,Triceps long (L),L_TBlg,9,266.8784749801274,274.8784749801274,299.2382843527016,,,none,30.0,45,1,monophasic
Modulated_autosave_20260717_150657_684ms,Triceps long (L),L_TBlg,10,300.2382843527016,308.2382843527016,332.5980937252749,,,none,30.0,45,1,monophasic
Modulated_autosave_20260717_150657_684ms,Triceps long (L),L_TBlg,1,0.7942811758256951,8.794281175825695,32.35980937257421,,,none,30.0,50,1,monophasic
Modulated_autosave_20260717_150657_684ms,Triceps long (L),L_TBlg,2,33.35980937257421,41.35980937257421,65.71961874514842,,,none,30.0,50,1,monophasic
Modulated_autosave_20260717_150657_684ms,Triceps long (L),L_TBlg,3,66.71961874514842,74.71961874514842,99.07942811772264,,,none,30.0,50,1,monophasic
Modulated_autosave_20260717_150657_684ms,Triceps long (L),L_TBlg,4,100.07942811772264,108.07942811772264,132.43923749029685,,,none,30.0,50,1,monophasic
Modulated_autosave_20260717_150657_684ms,Triceps long (L),L_TBlg,5,133.43923749029685,141.43923749029685,165.79904686287017,,,none,30.0,50,1,monophasic
Modulated_autosave_20260717_150657_684ms,Triceps long (L),L_TBlg,6,166.79904686287017,174.79904686287017,199.15885623544438,,,none,30.0,50,1,monophasic
Modulated_autosave_20260717_150657_684ms,Triceps long (L),L_TBlg,7,200.15885623544438,208.15885623544438,232.51866560801858,,,none,30.0,50,1,monophasic
Modulated_autosave_20260717_150657_684ms,Triceps long (L),L_TBlg,8,233.51866560801858,241.51866560801858,265.8784749801274,,,none,30.0,50,1,monophasic
Modulated_autosave_20260717_150657_684ms,Triceps long (L),L_TBlg,9,266.8784749801274,274.8784749801274,299.2382843527016,,,none,30.0,50,1,monophasic
Modulated_autosave_20260717_150657_684ms,Triceps long (L),L_TBlg,10,300.2382843527016,308.2382843527016,332.5980937252749,,,none,30.0,50,1,monophasic
Modulated_autosave_20260717_150657_684ms,Triceps long (L),L_TBlg,1,0.7942811758256951,8.794281175825695,32.35980937257421,,,none,30.0,55,1,monophasic
Modulated_autosave_20260717_150657_684ms,Triceps long (L),L_TBlg,2,33.35980937257421,41.35980937257421,65.71961874514842,,,none,30.0,55,1,monophasic
Modulated_autosave_20260717_150657_684ms,Triceps long (L),L_TBlg,3,66.71961874514842,74.71961874514842,99.07942811772264,,,none,30.0,55,1,monophasic
Modulated_autosave_20260717_150657_684ms,Triceps long (L),L_TBlg,4,100.07942811772264,108.07942811772264,132.43923749029685,,,none,30.0,55,1,monophasic
Modulated_autosave_20260717_150657_684ms,Triceps long (L),L_TBlg,5,133.43923749029685,141.43923749029685,165.79904686287017,,,none,30.0,55,1,monophasic
Modulated_autosave_20260717_150657_684ms,Triceps long (L),L_TBlg,6,166.79904686287017,174.79904686287017,199.15885623544438,,,none,30.0,55,1,monophasic
Modulated_autosave_20260717_150657_684ms,Triceps long (L),L_TBlg,7,200.15885623544438,208.15885623544438,232.51866560801858,,,none,30.0,55,1,monophasic
Modulated_autosave_20260717_150657_684ms,Triceps long (L),L_TBlg,8,233.51866560801858,241.51866560801858,265.8784749801274,,,none,30.0,55,1,monophasic
Modulated_autosave_20260717_150657_684ms,Triceps long (L),L_TBlg,9,266.8784749801274,274.8784749801274,299.2382843527016,,,none,30.0,55,1,monophasic
Modulated_autosave_20260717_150657_684ms,Triceps long (L),L_TBlg,10,300.2382843527016,308.2382843527016,332.5980937252749,,,none,30.0,55,1,monophasic
Modulated_autosave_20260717_150657_684ms,Triceps long (L),L_TBlg,1,0.7942811758256951,8.794281175825695,32.35980937257421,,,none,30.0,60,1,monophasic
Modulated_autosave_20260717_150657_684ms,Triceps long (L),L_TBlg,2,33.35980937257421,41.35980937257421,65.71961874514842,,,none,30.0,60,1,monophasic
Modulated_autosave_20260717_150657_684ms,Triceps long (L),L_TBlg,3,66.71961874514842,74.71961874514842,99.07942811772264,,,none,30.0,60,1,monophasic
Modulated_autosave_20260717_150657_684ms,Triceps long (L),L_TBlg,4,100.07942811772264,108.07942811772264,132.43923749029685,,,none,30.0,60,1,monophasic
Modulated_autosave_20260717_150657_684ms,Triceps long (L),L_TBlg,5,133.43923749029685,141.43923749029685,165.79904686287017,,,none,30.0,60,1,monophasic
Modulated_autosave_20260717_150657_684ms,Triceps long (L),L_TBlg,6,166.79904686287017,174.79904686287017,199.15885623544438,,,none,30.0,60,1,monophasic
Modulated_autosave_20260717_150657_684ms,Triceps long (L),L_TBlg,7,200.15885623544438,208.15885623544438,232.51866560801858,,,none,30.0,60,1,monophasic
Modulated_autosave_20260717_150657_684ms,Triceps long (L),L_TBlg,8,233.51866560801858,241.51866560801858,265.8784749801274,,,none,30.0,60,1,monophasic
Modulated_autosave_20260717_150657_684ms,Triceps long (L),L_TBlg,9,266.8784749801274,274.8784749801274,299.2382843527016,,,none,30.0,60,1,monophasic
Modulated_autosave_20260717_150657_684ms,Triceps long (L),L_TBlg,10,300.2382843527016,308.2382843527016,332.5980937252749,,,none,30.0,60,1,monophasic
Modulated_autosave_20260717_150657_684ms,Triceps long (L),L_TBlg,1,0.7942811758256951,8.794281175825695,32.35980937257421,,,none,30.0,65,1,monophasic
Modulated_autosave_20260717_150657_684ms,Triceps long (L),L_TBlg,2,33.35980937257421,41.35980937257421,65.71961874514842,,,none,30.0,65,1,monophasic
Modulated_autosave_20260717_150657_684ms,Triceps long (L),L_TBlg,3,66.71961874514842,74.71961874514842,99.07942811772264,,,none,30.0,65,1,monophasic
Modulated_autosave_20260717_150657_684ms,Triceps long (L),L_TBlg,4,100.07942811772264,108.07942811772264,132.43923749029685,,,none,30.0,65,1,monophasic
Modulated_autosave_20260717_150657_684ms,Triceps long (L),L_TBlg,5,133.43923749029685,141.43923749029685,165.79904686287017,,,none,30.0,65,1,monophasic
Modulated_autosave_20260717_150657_684ms,Triceps long (L),L_TBlg,6,166.79904686287017,174.79904686287017,199.15885623544438,,,none,30.0,65,1,monophasic
Modulated_autosave_20260717_150657_684ms,Triceps long (L),L_TBlg,7,200.15885623544438,208.15885623544438,232.51866560801858,,,none,30.0,65,1,monophasic
Modulated_autosave_20260717_150657_684ms,Triceps long (L),L_TBlg,8,233.51866560801858,241.51866560801858,265.8784749801274,,,none,30.0,65,1,monophasic
Modulated_autosave_20260717_150657_684ms,Triceps long (L),L_TBlg,9,266.8784749801274,274.8784749801274,299.2382843527016,,,none,30.0,65,1,monophasic
Modulated_autosave_20260717_150657_684ms,Triceps long (L),L_TBlg,10,300.2382843527016,308.2382843527016,332.5980937252749,,,none,30.0,65,1,monophasic
Modulated_autosave_20260717_150657_684ms,Triceps long (L),L_TBlg,1,0.7942811758256951,8.794281175825695,32.35980937257421,,,none,30.0,70,1,monophasic
Modulated_autosave_20260717_150657_684ms,Triceps long (L),L_TBlg,2,33.35980937257421,41.35980937257421,65.71961874514842,,,none,30.0,70,1,monophasic
Modulated_autosave_20260717_150657_684ms,Triceps long (L),L_TBlg,3,66.71961874514842,74.71961874514842,99.07942811772264,,,none,30.0,70,1,monophasic
Modulated_autosave_20260717_150657_684ms,Triceps long (L),L_TBlg,4,100.07942811772264,108.07942811772264,132.43923749029685,,,none,30.0,70,1,monophasic
Modulated_autosave_20260717_150657_684ms,Triceps long (L),L_TBlg,5,133.43923749029685,141.43923749029685,165.79904686287017,,,none,30.0,70,1,monophasic
Modulated_autosave_20260717_150657_684ms,Triceps long (L),L_TBlg,6,166.79904686287017,174.79904686287017,199.15885623544438,,,none,30.0,70,1,monophasic
Modulated_autosave_20260717_150657_684ms,Triceps long (L),L_TBlg,7,200.15885623544438,208.15885623544438,232.51866560801858,,,none,30.0,70,1,monophasic
Modulated_autosave_20260717_150657_684ms,Triceps long (L),L_TBlg,8,233.51866560801858,241.51866560801858,265.8784749801274,,,none,30.0,70,1,monophasic
Modulated_autosave_20260717_150657_684ms,Triceps long (L),L_TBlg,9,266.8784749801274,274.8784749801274,299.2382843527016,,,none,30.0,70,1,monophasic
Modulated_autosave_20260717_150657_684ms,Triceps long (L),L_TBlg,10,300.2382843527016,308.2382843527016,332.5980937252749,,,none,30.0,70,1,monophasic
Modulated_autosave_20260717_150657_684ms,Triceps long (L),L_TBlg,1,0.7942811758256951,8.794281175825695,32.35980937257421,,,none,30.0,75,1,monophasic
Modulated_autosave_20260717_150657_684ms,Triceps long (L),L_TBlg,2,33.35980937257421,41.35980937257421,65.71961874514842,,,none,30.0,75,1,monophasic
Modulated_autosave_20260717_150657_684ms,Triceps long (L),L_TBlg,3,66.71961874514842,74.71961874514842,99.07942811772264,,,none,30.0,75,1,monophasic
Modulated_autosave_20260717_150657_684ms,Triceps long (L),L_TBlg,4,100.07942811772264,108.07942811772264,132.43923749029685,,,none,30.0,75,1,monophasic
Modulated_autosave_20260717_150657_684ms,Triceps long (L),L_TBlg,5,133.43923749029685,141.43923749029685,165.79904686287017,,,none,30.0,75,1,monophasic
Modulated_autosave_20260717_150657_684ms,Triceps long (L),L_TBlg,6,166.79904686287017,174.79904686287017,199.15885623544438,,,none,30.0,75,1,monophasic
Modulated_autosave_20260717_150657_684ms,Triceps long (L),L_TBlg,7,200.15885623544438,208.15885623544438,232.51866560801858,,,none,30.0,75,1,monophasic
Modulated_autosave_20260717_150657_684ms,Triceps long (L),L_TBlg,8,233.51866560801858,241.51866560801858,265.8784749801274,,,none,30.0,75,1,monophasic
Modulated_autosave_20260717_150657_684ms,Triceps long (L),L_TBlg,9,266.8784749801274,274.8784749801274,299.2382843527016,,,none,30.0,75,1,monophasic
Modulated_autosave_20260717_150657_684ms,Triceps long (L),L_TBlg,10,300.2382843527016,308.2382843527016,332.5980937252749,,,none,30.0,75,1,monophasic
Modulated_autosave_20260717_150657_684ms,Triceps long (L),L_TBlg,1,0.7942811758256951,8.794281175825695,32.35980937257421,,,none,30.0,80,1,monophasic
Modulated_autosave_20260717_150657_684ms,Triceps long (L),L_TBlg,2,33.35980937257421,41.35980937257421,65.71961874514842,,,none,30.0,80,1,monophasic
Modulated_autosave_20260717_150657_684ms,Triceps long (L),L_TBlg,3,66.71961874514842,74.71961874514842,99.07942811772264,,,none,30.0,80,1,monophasic
Modulated_autosave_20260717_150657_684ms,Triceps long (L),L_TBlg,4,100.07942811772264,108.07942811772264,132.43923749029685,,,none,30.0,80,1,monophasic
Modulated_autosave_20260717_150657_684ms,Triceps long (L),L_TBlg,5,133.43923749029685,141.43923749029685,165.79904686287017,,,none,30.0,80,1,monophasic
Modulated_autosave_20260717_150657_684ms,Triceps long (L),L_TBlg,6,166.79904686287017,174.79904686287017,199.15885623544438,,,none,30.0,80,1,monophasic
Modulated_autosave_20260717_150657_684ms,Triceps long (L),L_TBlg,7,200.15885623544438,208.15885623544438,232.51866560801858,,,none,30.0,80,1,monophasic
Modulated_autosave_20260717_150657_684ms,Triceps long (L),L_TBlg,8,233.51866560801858,241.51866560801858,265.8784749801274,,,none,30.0,80,1,monophasic
Modulated_autosave_20260717_150657_684ms,Triceps long (L),L_TBlg,9,266.8784749801274,274.8784749801274,299.2382843527016,,,none,30.0,80,1,monophasic
Modulated_autosave_20260717_150657_684ms,Triceps long (L),L_TBlg,10,300.2382843527016,308.2382843527016,332.5980937252749,,,none,30.0,80,1,monophasic
Modulated_autosave_20260717_150657_684ms,Triceps long (L),L_TBlg,1,0.7942811758256951,8.794281175825695,32.35980937257421,,,none,30.0,85,1,monophasic
Modulated_autosave_20260717_150657_684ms,Triceps long (L),L_TBlg,2,33.35980937257421,41.35980937257421,65.71961874514842,,,none,30.0,85,1,monophasic
Modulated_autosave_20260717_150657_684ms,Triceps long (L),L_TBlg,3,66.71961874514842,74.71961874514842,99.07942811772264,,,none,30.0,85,1,monophasic
Modulated_autosave_20260717_150657_684ms,Triceps long (L),L_TBlg,4,100.07942811772264,108.07942811772264,132.43923749029685,,,none,30.0,85,1,monophasic
Modulated_autosave_20260717_150657_684ms,Triceps long (L),L_TBlg,5,133.43923749029685,141.43923749029685,165.79904686287017,,,none,30.0,85,1,monophasic
Modulated_autosave_20260717_150657_684ms,Triceps long (L),L_TBlg,6,166.79904686287017,174.79904686287017,199.15885623544438,,,none,30.0,85,1,monophasic
Modulated_autosave_20260717_150657_684ms,Triceps long (L),L_TBlg,7,200.15885623544438,208.15885623544438,232.51866560801858,,,none,30.0,85,1,monophasic
Modulated_autosave_20260717_150657_684ms,Triceps long (L),L_TBlg,8,233.51866560801858,241.51866560801858,265.8784749801274,,,none,30.0,85,1,monophasic
Modulated_autosave_20260717_150657_684ms,Triceps long (L),L_TBlg,9,266.8784749801274,274.8784749801274,299.2382843527016,,,none,30.0,85,1,monophasic
Modulated_autosave_20260717_150657_684ms,Triceps long (L),L_TBlg,10,300.2382843527016,308.2382843527016,332.5980937252749,,,none,30.0,85,1,monophasic
Modulated_autosave_20260717_150657_684ms,Triceps long (L),L_TBlg,1,0.7942811758256951,8.794281175825695,32.35980937257421,,,none,30.0,90,1,monophasic
Modulated_autosave_20260717_150657_684ms,Triceps long (L),L_TBlg,2,33.35980937257421,41.35980937257421,65.71961874514842,,,none,30.0,90,1,monophasic
Modulated_autosave_20260717_150657_684ms,Triceps long (L),L_TBlg,3,66.71961874514842,74.71961874514842,99.07942811772264,,,none,30.0,90,1,monophasic
Modulated_autosave_20260717_150657_684ms,Triceps long (L),L_TBlg,4,100.07942811772264,108.07942811772264,132.43923749029685,,,none,30.0,90,1,monophasic
Modulated_autosave_20260717_150657_684ms,Triceps long (L),L_TBlg,5,133.43923749029685,141.43923749029685,165.79904686287017,,,none,30.0,90,1,monophasic
Modulated_autosave_20260717_150657_684ms,Triceps long (L),L_TBlg,6,166.79904686287017,174.79904686287017,199.15885623544438,,,none,30.0,90,1,monophasic
Modulated_autosave_20260717_150657_684ms,Triceps long (L),L_TBlg,7,200.15885623544438,208.15885623544438,232.51866560801858,,,none,30.0,90,1,monophasic
Modulated_autosave_20260717_150657_684ms,Triceps long (L),L_TBlg,8,233.51866560801858,241.51866560801858,265.8784749801274,,,none,30.0,90,1,monophasic
Modulated_autosave_20260717_150657_684ms,Triceps long (L),L_TBlg,9,266.8784749801274,274.8784749801274,299.2382843527016,,,none,30.0,90,1,monophasic
Modulated_autosave_20260717_150657_684ms,Triceps long (L),L_TBlg,10,300.2382843527016,308.2382843527016,332.5980937252749,,,none,30.0,90,1,monophasic
Modulated_autosave_20260717_150657_684ms,Triceps long (L),L_TBlg,1,0.7942811758256951,8.794281175825695,32.35980937257421,,,none,30.0,95,1,monophasic
Modulated_autosave_20260717_150657_684ms,Triceps long (L),L_TBlg,2,33.35980937257421,41.35980937257421,65.71961874514842,,,none,30.0,95,1,monophasic
Modulated_autosave_20260717_150657_684ms,Triceps long (L),L_TBlg,3,66.71961874514842,74.71961874514842,99.07942811772264,,,none,30.0,95,1,monophasic
Modulated_autosave_20260717_150657_684ms,Triceps long (L),L_TBlg,4,100.07942811772264,108.07942811772264,132.43923749029685,,,none,30.0,95,1,monophasic
Modulated_autosave_20260717_150657_684ms,Triceps long (L),L_TBlg,5,133.43923749029685,141.43923749029685,165.79904686287017,,,none,30.0,95,1,monophasic
Modulated_autosave_20260717_150657_684ms,Triceps long (L),L_TBlg,6,166.79904686287017,174.79904686287017,199.15885623544438,,,none,30.0,95,1,monophasic
Modulated_autosave_20260717_150657_684ms,Triceps long (L),L_TBlg,7,200.15885623544438,208.15885623544438,232.51866560801858,,,none,30.0,95,1,monophasic
Modulated_autosave_20260717_150657_684ms,Triceps long (L),L_TBlg,8,233.51866560801858,241.51866560801858,265.8784749801274,,,none,30.0,95,1,monophasic
Modulated_autosave_20260717_150657_684ms,Triceps long (L),L_TBlg,9,266.8784749801274,274.8784749801274,299.2382843527016,,,none,30.0,95,1,monophasic
Modulated_autosave_20260717_150657_684ms,Triceps long (L),L_TBlg,10,300.2382843527016,308.2382843527016,332.5980937252749,,,none,30.0,95,1,monophasic
Modulated_autosave_20260717_150657_684ms,Triceps long (L),L_TBlg,1,0.7942811758256951,8.794281175825695,32.35980937257421,,,none,30.0,100,1,monophasic
Modulated_autosave_20260717_150657_684ms,Triceps long (L),L_TBlg,2,33.35980937257421,41.35980937257421,65.71961874514842,,,none,30.0,100,1,monophasic
Modulated_autosave_20260717_150657_684ms,Triceps long (L),L_TBlg,3,66.71961874514842,74.71961874514842,99.07942811772264,,,none,30.0,100,1,monophasic
Modulated_autosave_20260717_150657_684ms,Triceps long (L),L_TBlg,4,100.07942811772264,108.07942811772264,132.43923749029685,,,none,30.0,100,1,monophasic
Modulated_autosave_20260717_150657_684ms,Triceps long (L),L_TBlg,5,133.43923749029685,141.43923749029685,165.79904686287017,,,none,30.0,100,1,monophasic
Modulated_autosave_20260717_150657_684ms,Triceps long (L),L_TBlg,6,166.79904686287017,174.79904686287017,199.15885623544438,,,none,30.0,100,1,monophasic
Modulated_autosave_20260717_150657_684ms,Triceps long (L),L_TBlg,7,200.15885623544438,208.15885623544438,232.51866560801858,,,none,30.0,100,1,monophasic
Modulated_autosave_20260717_150657_684ms,Triceps long (L),L_TBlg,8,233.51866560801858,241.51866560801858,265.8784749801274,,,none,30.0,100,1,monophasic
Modulated_autosave_20260717_150657_684ms,Triceps long (L),L_TBlg,9,266.8784749801274,274.8784749801274,299.2382843527016,,,none,30.0,100,1,monophasic
Modulated_autosave_20260717_150657_684ms,Triceps long (L),L_TBlg,10,300.2382843527016,308.2382843527016,332.5980937252749,,,none,30.0,100,1,monophasic
Modulated_autosave_20260717_150657_684ms,Triceps long (L),L_TBlg,1,0.7942811758256951,8.794281175825695,32.35980937257421,,,none,30.0,105,1,monophasic
Modulated_autosave_20260717_150657_684ms,Triceps long (L),L_TBlg,2,33.35980937257421,41.35980937257421,65.71961874514842,,,none,30.0,105,1,monophasic
Modulated_autosave_20260717_150657_684ms,Triceps long (L),L_TBlg,3,66.71961874514842,74.71961874514842,99.07942811772264,,,none,30.0,105,1,monophasic
Modulated_autosave_20260717_150657_684ms,Triceps long (L),L_TBlg,4,100.07942811772264,108.07942811772264,132.43923749029685,,,none,30.0,105,1,monophasic
Modulated_autosave_20260717_150657_684ms,Triceps long (L),L_TBlg,5,133.43923749029685,141.43923749029685,165.79904686287017,,,none,30.0,105,1,monophasic
Modulated_autosave_20260717_150657_684ms,Triceps long (L),L_TBlg,6,166.79904686287017,174.79904686287017,199.15885623544438,,,none,30.0,105,1,monophasic
Modulated_autosave_20260717_150657_684ms,Triceps long (L),L_TBlg,7,200.15885623544438,208.15885623544438,232.51866560801858,,,none,30.0,105,1,monophasic
Modulated_autosave_20260717_150657_684ms,Triceps long (L),L_TBlg,8,233.51866560801858,241.51866560801858,265.8784749801274,,,none,30.0,105,1,monophasic
Modulated_autosave_20260717_150657_684ms,Triceps long (L),L_TBlg,9,266.8784749801274,274.8784749801274,299.2382843527016,,,none,30.0,105,1,monophasic
Modulated_autosave_20260717_150657_684ms,Triceps long (L),L_TBlg,10,300.2382843527016,308.2382843527016,332.5980937252749,,,none,30.0,105,1,monophasic
Modulated_autosave_20260717_150657_684ms,Triceps long (L),L_TBlg,1,0.7942811758256951,8.794281175825695,32.35980937257421,,,none,30.0,110,1,monophasic
Modulated_autosave_20260717_150657_684ms,Triceps long (L),L_TBlg,2,33.35980937257421,41.35980937257421,65.71961874514842,,,none,30.0,110,1,monophasic
Modulated_autosave_20260717_150657_684ms,Triceps long (L),L_TBlg,3,66.71961874514842,74.71961874514842,99.07942811772264,,,none,30.0,110,1,monophasic
Modulated_autosave_20260717_150657_684ms,Triceps long (L),L_TBlg,4,100.07942811772264,108.07942811772264,132.43923749029685,,,none,30.0,110,1,monophasic
Modulated_autosave_20260717_150657_684ms,Triceps long (L),L_TBlg,5,133.43923749029685,141.43923749029685,165.79904686287017,,,none,30.0,110,1,monophasic
Modulated_autosave_20260717_150657_684ms,Triceps long (L),L_TBlg,6,166.79904686287017,174.79904686287017,199.15885623544438,,,none,30.0,110,1,monophasic
Modulated_autosave_20260717_150657_684ms,Triceps long (L),L_TBlg,7,200.15885623544438,208.15885623544438,232.51866560801858,,,none,30.0,110,1,monophasic
Modulated_autosave_20260717_150657_684ms,Triceps long (L),L_TBlg,8,233.51866560801858,241.51866560801858,265.8784749801274,,,none,30.0,110,1,monophasic
Modulated_autosave_20260717_150657_684ms,Triceps long (L),L_TBlg,9,266.8784749801274,274.8784749801274,299.2382843527016,,,none,30.0,110,1,monophasic
Modulated_autosave_20260717_150657_684ms,Triceps long (L),L_TBlg,10,300.2382843527016,308.2382843527016,332.5980937252749,,,none,30.0,110,1,monophasic
Modulated_autosave_20260717_150657_684ms,Thenar (L),L_The_ED_FD_FCR A,1,0.7942811758256951,8.794281175825695,32.35980937257421,,,none,30.0,15,1,monophasic
Modulated_autosave_20260717_150657_684ms,Thenar (L),L_The_ED_FD_FCR A,2,33.35980937257421,41.35980937257421,65.71961874514842,,,none,30.0,15,1,monophasic
Modulated_autosave_20260717_150657_684ms,Thenar (L),L_The_ED_FD_FCR A,3,66.71961874514842,74.71961874514842,99.07942811772264,,,none,30.0,15,1,monophasic
Modulated_autosave_20260717_150657_684ms,Thenar (L),L_The_ED_FD_FCR A,4,100.07942811772264,108.07942811772264,132.43923749029685,,,none,30.0,15,1,monophasic
Modulated_autosave_20260717_150657_684ms,Thenar (L),L_The_ED_FD_FCR A,5,133.43923749029685,141.43923749029685,165.79904686287017,,,none,30.0,15,1,monophasic
Modulated_autosave_20260717_150657_684ms,Thenar (L),L_The_ED_FD_FCR A,6,166.79904686287017,174.79904686287017,199.15885623544438,,,none,30.0,15,1,monophasic
Modulated_autosave_20260717_150657_684ms,Thenar (L),L_The_ED_FD_FCR A,7,200.15885623544438,208.15885623544438,232.51866560801858,,,none,30.0,15,1,monophasic
Modulated_autosave_20260717_150657_684ms,Thenar (L),L_The_ED_FD_FCR A,8,233.51866560801858,241.51866560801858,265.8784749801274,,,none,30.0,15,1,monophasic
Modulated_autosave_20260717_150657_684ms,Thenar (L),L_The_ED_FD_FCR A,9,266.8784749801274,274.8784749801274,299.2382843527016,,,none,30.0,15,1,monophasic
Modulated_autosave_20260717_150657_684ms,Thenar (L),L_The_ED_FD_FCR A,10,300.2382843527016,308.2382843527016,332.5980937252749,,,none,30.0,15,1,monophasic
Modulated_autosave_20260717_150657_684ms,Thenar (L),L_The_ED_FD_FCR A,1,0.7942811758256951,8.794281175825695,32.35980937257421,,,none,30.0,20,1,monophasic
Modulated_autosave_20260717_150657_684ms,Thenar (L),L_The_ED_FD_FCR A,2,33.35980937257421,41.35980937257421,65.71961874514842,,,none,30.0,20,1,monophasic
Modulated_autosave_20260717_150657_684ms,Thenar (L),L_The_ED_FD_FCR A,3,66.71961874514842,74.71961874514842,99.07942811772264,,,none,30.0,20,1,monophasic
Modulated_autosave_20260717_150657_684ms,Thenar (L),L_The_ED_FD_FCR A,4,100.07942811772264,108.07942811772264,132.43923749029685,,,none,30.0,20,1,monophasic
Modulated_autosave_20260717_150657_684ms,Thenar (L),L_The_ED_FD_FCR A,5,133.43923749029685,141.43923749029685,165.79904686287017,,,none,30.0,20,1,monophasic
Modulated_autosave_20260717_150657_684ms,Thenar (L),L_The_ED_FD_FCR A,6,166.79904686287017,174.79904686287017,199.15885623544438,,,none,30.0,20,1,monophasic
Modulated_autosave_20260717_150657_684ms,Thenar (L),L_The_ED_FD_FCR A,7,200.15885623544438,208.15885623544438,232.51866560801858,,,none,30.0,20,1,monophasic
Modulated_autosave_20260717_150657_684ms,Thenar (L),L_The_ED_FD_FCR A,8,233.51866560801858,241.51866560801858,265.8784749801274,,,none,30.0,20,1,monophasic
Modulated_autosave_20260717_150657_684ms,Thenar (L),L_The_ED_FD_FCR A,9,266.8784749801274,274.8784749801274,299.2382843527016,,,none,30.0,20,1,monophasic
Modulated_autosave_20260717_150657_684ms,Thenar (L),L_The_ED_FD_FCR A,10,300.2382843527016,308.2382843527016,332.5980937252749,,,none,30.0,20,1,monophasic
Modulated_autosave_20260717_150657_684ms,Thenar (L),L_The_ED_FD_FCR A,1,0.7942811758256951,8.794281175825695,32.35980937257421,,,none,30.0,25,1,monophasic
Modulated_autosave_20260717_150657_684ms,Thenar (L),L_The_ED_FD_FCR A,2,33.35980937257421,41.35980937257421,65.71961874514842,,,none,30.0,25,1,monophasic
Modulated_autosave_20260717_150657_684ms,Thenar (L),L_The_ED_FD_FCR A,3,66.71961874514842,74.71961874514842,99.07942811772264,,,none,30.0,25,1,monophasic
Modulated_autosave_20260717_150657_684ms,Thenar (L),L_The_ED_FD_FCR A,4,100.07942811772264,108.07942811772264,132.43923749029685,,,none,30.0,25,1,monophasic
Modulated_autosave_20260717_150657_684ms,Thenar (L),L_The_ED_FD_FCR A,5,133.43923749029685,141.43923749029685,165.79904686287017,,,none,30.0,25,1,monophasic
Modulated_autosave_20260717_150657_684ms,Thenar (L),L_The_ED_FD_FCR A,6,166.79904686287017,174.79904686287017,199.15885623544438,,,none,30.0,25,1,monophasic
Modulated_autosave_20260717_150657_684ms,Thenar (L),L_The_ED_FD_FCR A,7,200.15885623544438,208.15885623544438,232.51866560801858,,,none,30.0,25,1,monophasic
Modulated_autosave_20260717_150657_684ms,Thenar (L),L_The_ED_FD_FCR A,8,233.51866560801858,241.51866560801858,265.8784749801274,,,none,30.0,25,1,monophasic
Modulated_autosave_20260717_150657_684ms,Thenar (L),L_The_ED_FD_FCR A,9,266.8784749801274,274.8784749801274,299.2382843527016,,,none,30.0,25,1,monophasic
Modulated_autosave_20260717_150657_684ms,Thenar (L),L_The_ED_FD_FCR A,10,300.2382843527016,308.2382843527016,332.5980937252749,,,none,30.0,25,1,monophasic
Modulated_autosave_20260717_150657_684ms,Thenar (L),L_The_ED_FD_FCR A,1,0.7942811758256951,8.794281175825695,32.35980937257421,,,none,30.0,30,1,monophasic
Modulated_autosave_20260717_150657_684ms,Thenar (L),L_The_ED_FD_FCR A,2,33.35980937257421,41.35980937257421,65.71961874514842,,,none,30.0,30,1,monophasic
Modulated_autosave_20260717_150657_684ms,Thenar (L),L_The_ED_FD_FCR A,3,66.71961874514842,74.71961874514842,99.07942811772264,,,none,30.0,30,1,monophasic
Modulated_autosave_20260717_150657_684ms,Thenar (L),L_The_ED_FD_FCR A,4,100.07942811772264,108.07942811772264,132.43923749029685,,,none,30.0,30,1,monophasic
Modulated_autosave_20260717_150657_684ms,Thenar (L),L_The_ED_FD_FCR A,5,133.43923749029685,141.43923749029685,165.79904686287017,,,none,30.0,30,1,monophasic
Modulated_autosave_20260717_150657_684ms,Thenar (L),L_The_ED_FD_FCR A,6,166.79904686287017,174.79904686287017,199.15885623544438,,,none,30.0,30,1,monophasic
Modulated_autosave_20260717_150657_684ms,Thenar (L),L_The_ED_FD_FCR A,7,200.15885623544438,208.15885623544438,232.51866560801858,,,none,30.0,30,1,monophasic
Modulated_autosave_20260717_150657_684ms,Thenar (L),L_The_ED_FD_FCR A,8,233.51866560801858,241.51866560801858,265.8784749801274,,,none,30.0,30,1,monophasic
Modulated_autosave_20260717_150657_684ms,Thenar (L),L_The_ED_FD_FCR A,9,266.8784749801274,274.8784749801274,299.2382843527016,,,none,30.0,30,1,monophasic
Modulated_autosave_20260717_150657_684ms,Thenar (L),L_The_ED_FD_FCR A,10,300.2382843527016,308.2382843527016,332.5980937252749,,,none,30.0,30,1,monophasic
Modulated_autosave_20260717_150657_684ms,Thenar (L),L_The_ED_FD_FCR A,1,0.7942811758256951,8.794281175825695,32.35980937257421,,,none,30.0,35,1,monophasic
Modulated_autosave_20260717_150657_684ms,Thenar (L),L_The_ED_FD_FCR A,2,33.35980937257421,41.35980937257421,65.71961874514842,,,none,30.0,35,1,monophasic
Modulated_autosave_20260717_150657_684ms,Thenar (L),L_The_ED_FD_FCR A,3,66.71961874514842,74.71961874514842,99.07942811772264,,,none,30.0,35,1,monophasic
Modulated_autosave_20260717_150657_684ms,Thenar (L),L_The_ED_FD_FCR A,4,100.07942811772264,108.07942811772264,132.43923749029685,,,none,30.0,35,1,monophasic
Modulated_autosave_20260717_150657_684ms,Thenar (L),L_The_ED_FD_FCR A,5,133.43923749029685,141.43923749029685,165.79904686287017,,,none,30.0,35,1,monophasic
Modulated_autosave_20260717_150657_684ms,Thenar (L),L_The_ED_FD_FCR A,6,166.79904686287017,174.79904686287017,199.15885623544438,,,none,30.0,35,1,monophasic
Modulated_autosave_20260717_150657_684ms,Thenar (L),L_The_ED_FD_FCR A,7,200.15885623544438,208.15885623544438,232.51866560801858,,,none,30.0,35,1,monophasic
Modulated_autosave_20260717_150657_684ms,Thenar (L),L_The_ED_FD_FCR A,8,233.51866560801858,241.51866560801858,265.8784749801274,,,none,30.0,35,1,monophasic
Modulated_autosave_20260717_150657_684ms,Thenar (L),L_The_ED_FD_FCR A,9,266.8784749801274,274.8784749801274,299.2382843527016,,,none,30.0,35,1,monophasic
Modulated_autosave_20260717_150657_684ms,Thenar (L),L_The_ED_FD_FCR A,10,300.2382843527016,308.2382843527016,332.5980937252749,,,none,30.0,35,1,monophasic
Modulated_autosave_20260717_150657_684ms,Thenar (L),L_The_ED_FD_FCR A,1,0.7942811758256951,8.794281175825695,32.35980937257421,,,none,30.0,40,1,monophasic
Modulated_autosave_20260717_150657_684ms,Thenar (L),L_The_ED_FD_FCR A,2,33.35980937257421,41.35980937257421,65.71961874514842,,,none,30.0,40,1,monophasic
Modulated_autosave_20260717_150657_684ms,Thenar (L),L_The_ED_FD_FCR A,3,66.71961874514842,74.71961874514842,99.07942811772264,,,none,30.0,40,1,monophasic
Modulated_autosave_20260717_150657_684ms,Thenar (L),L_The_ED_FD_FCR A,4,100.07942811772264,108.07942811772264,132.43923749029685,,,none,30.0,40,1,monophasic
Modulated_autosave_20260717_150657_684ms,Thenar (L),L_The_ED_FD_FCR A,5,133.43923749029685,141.43923749029685,165.79904686287017,,,none,30.0,40,1,monophasic
Modulated_autosave_20260717_150657_684ms,Thenar (L),L_The_ED_FD_FCR A,6,166.79904686287017,174.79904686287017,199.15885623544438,,,none,30.0,40,1,monophasic
Modulated_autosave_20260717_150657_684ms,Thenar (L),L_The_ED_FD_FCR A,7,200.15885623544438,208.15885623544438,232.51866560801858,,,none,30.0,40,1,monophasic
Modulated_autosave_20260717_150657_684ms,Thenar (L),L_The_ED_FD_FCR A,8,233.51866560801858,241.51866560801858,265.8784749801274,,,none,30.0,40,1,monophasic
Modulated_autosave_20260717_150657_684ms,Thenar (L),L_The_ED_FD_FCR A,9,266.8784749801274,274.8784749801274,299.2382843527016,,,none,30.0,40,1,monophasic
Modulated_autosave_20260717_150657_684ms,Thenar (L),L_The_ED_FD_FCR A,10,300.2382843527016,308.2382843527016,332.5980937252749,,,none,30.0,40,1,monophasic
Modulated_autosave_20260717_150657_684ms,Thenar (L),L_The_ED_FD_FCR A,1,0.7942811758256951,8.794281175825695,32.35980937257421,,,none,30.0,45,1,monophasic
Modulated_autosave_20260717_150657_684ms,Thenar (L),L_The_ED_FD_FCR A,2,33.35980937257421,41.35980937257421,65.71961874514842,,,none,30.0,45,1,monophasic
Modulated_autosave_20260717_150657_684ms,Thenar (L),L_The_ED_FD_FCR A,3,66.71961874514842,74.71961874514842,99.07942811772264,,,none,30.0,45,1,monophasic
Modulated_autosave_20260717_150657_684ms,Thenar (L),L_The_ED_FD_FCR A,4,100.07942811772264,108.07942811772264,132.43923749029685,,,none,30.0,45,1,monophasic
Modulated_autosave_20260717_150657_684ms,Thenar (L),L_The_ED_FD_FCR A,5,133.43923749029685,141.43923749029685,165.79904686287017,,,none,30.0,45,1,monophasic
Modulated_autosave_20260717_150657_684ms,Thenar (L),L_The_ED_FD_FCR A,6,166.79904686287017,174.79904686287017,199.15885623544438,,,none,30.0,45,1,monophasic
Modulated_autosave_20260717_150657_684ms,Thenar (L),L_The_ED_FD_FCR A,7,200.15885623544438,208.15885623544438,232.51866560801858,,,none,30.0,45,1,monophasic
Modulated_autosave_20260717_150657_684ms,Thenar (L),L_The_ED_FD_FCR A,8,233.51866560801858,241.51866560801858,265.8784749801274,,,none,30.0,45,1,monophasic
Modulated_autosave_20260717_150657_684ms,Thenar (L),L_The_ED_FD_FCR A,9,266.8784749801274,274.8784749801274,299.2382843527016,,,none,30.0,45,1,monophasic
Modulated_autosave_20260717_150657_684ms,Thenar (L),L_The_ED_FD_FCR A,10,300.2382843527016,308.2382843527016,332.5980937252749,,,none,30.0,45,1,monophasic
Modulated_autosave_20260717_150657_684ms,Thenar (L),L_The_ED_FD_FCR A,1,0.7942811758256951,8.794281175825695,32.35980937257421,,,none,30.0,50,1,monophasic
Modulated_autosave_20260717_150657_684ms,Thenar (L),L_The_ED_FD_FCR A,2,33.35980937257421,41.35980937257421,65.71961874514842,,,none,30.0,50,1,monophasic
Modulated_autosave_20260717_150657_684ms,Thenar (L),L_The_ED_FD_FCR A,3,66.71961874514842,74.71961874514842,99.07942811772264,,,none,30.0,50,1,monophasic
Modulated_autosave_20260717_150657_684ms,Thenar (L),L_The_ED_FD_FCR A,4,100.07942811772264,108.07942811772264,132.43923749029685,,,none,30.0,50,1,monophasic
Modulated_autosave_20260717_150657_684ms,Thenar (L),L_The_ED_FD_FCR A,5,133.43923749029685,141.43923749029685,165.79904686287017,,,none,30.0,50,1,monophasic
Modulated_autosave_20260717_150657_684ms,Thenar (L),L_The_ED_FD_FCR A,6,166.79904686287017,174.79904686287017,199.15885623544438,,,none,30.0,50,1,monophasic
Modulated_autosave_20260717_150657_684ms,Thenar (L),L_The_ED_FD_FCR A,7,200.15885623544438,208.15885623544438,232.51866560801858,,,none,30.0,50,1,monophasic
Modulated_autosave_20260717_150657_684ms,Thenar (L),L_The_ED_FD_FCR A,8,233.51866560801858,241.51866560801858,265.8784749801274,,,none,30.0,50,1,monophasic
Modulated_autosave_20260717_150657_684ms,Thenar (L),L_The_ED_FD_FCR A,9,266.8784749801274,274.8784749801274,299.2382843527016,,,none,30.0,50,1,monophasic
Modulated_autosave_20260717_150657_684ms,Thenar (L),L_The_ED_FD_FCR A,10,300.2382843527016,308.2382843527016,332.5980937252749,,,none,30.0,50,1,monophasic
Modulated_autosave_20260717_150657_684ms,Thenar (L),L_The_ED_FD_FCR A,1,0.7942811758256951,8.794281175825695,32.35980937257421,,,none,30.0,55,1,monophasic
Modulated_autosave_20260717_150657_684ms,Thenar (L),L_The_ED_FD_FCR A,2,33.35980937257421,41.35980937257421,65.71961874514842,,,none,30.0,55,1,monophasic
Modulated_autosave_20260717_150657_684ms,Thenar (L),L_The_ED_FD_FCR A,3,66.71961874514842,74.71961874514842,99.07942811772264,,,none,30.0,55,1,monophasic
Modulated_autosave_20260717_150657_684ms,Thenar (L),L_The_ED_FD_FCR A,4,100.07942811772264,108.07942811772264,132.43923749029685,,,none,30.0,55,1,monophasic
Modulated_autosave_20260717_150657_684ms,Thenar (L),L_The_ED_FD_FCR A,5,133.43923749029685,141.43923749029685,165.79904686287017,,,none,30.0,55,1,monophasic
Modulated_autosave_20260717_150657_684ms,Thenar (L),L_The_ED_FD_FCR A,6,166.79904686287017,174.79904686287017,199.15885623544438,,,none,30.0,55,1,monophasic
Modulated_autosave_20260717_150657_684ms,Thenar (L),L_The_ED_FD_FCR A,7,200.15885623544438,208.15885623544438,232.51866560801858,,,none,30.0,55,1,monophasic
Modulated_autosave_20260717_150657_684ms,Thenar (L),L_The_ED_FD_FCR A,8,233.51866560801858,241.51866560801858,265.8784749801274,,,none,30.0,55,1,monophasic
Modulated_autosave_20260717_150657_684ms,Thenar (L),L_The_ED_FD_FCR A,9,266.8784749801274,274.8784749801274,299.2382843527016,,,none,30.0,55,1,monophasic
Modulated_autosave_20260717_150657_684ms,Thenar (L),L_The_ED_FD_FCR A,10,300.2382843527016,308.2382843527016,332.5980937252749,,,none,30.0,55,1,monophasic
Modulated_autosave_20260717_150657_684ms,Thenar (L),L_The_ED_FD_FCR A,1,0.7942811758256951,8.794281175825695,32.35980937257421,,,none,30.0,60,1,monophasic
Modulated_autosave_20260717_150657_684ms,Thenar (L),L_The_ED_FD_FCR A,2,33.35980937257421,41.35980937257421,65.71961874514842,,,none,30.0,60,1,monophasic
Modulated_autosave_20260717_150657_684ms,Thenar (L),L_The_ED_FD_FCR A,3,66.71961874514842,74.71961874514842,99.07942811772264,,,none,30.0,60,1,monophasic
Modulated_autosave_20260717_150657_684ms,Thenar (L),L_The_ED_FD_FCR A,4,100.07942811772264,108.07942811772264,132.43923749029685,,,none,30.0,60,1,monophasic
Modulated_autosave_20260717_150657_684ms,Thenar (L),L_The_ED_FD_FCR A,5,133.43923749029685,141.43923749029685,165.79904686287017,,,none,30.0,60,1,monophasic
Modulated_autosave_20260717_150657_684ms,Thenar (L),L_The_ED_FD_FCR A,6,166.79904686287017,174.79904686287017,199.15885623544438,,,none,30.0,60,1,monophasic
Modulated_autosave_20260717_150657_684ms,Thenar (L),L_The_ED_FD_FCR A,7,200.15885623544438,208.15885623544438,232.51866560801858,,,none,30.0,60,1,monophasic
Modulated_autosave_20260717_150657_684ms,Thenar (L),L_The_ED_FD_FCR A,8,233.51866560801858,241.51866560801858,265.8784749801274,,,none,30.0,60,1,monophasic
Modulated_autosave_20260717_150657_684ms,Thenar (L),L_The_ED_FD_FCR A,9,266.8784749801274,274.8784749801274,299.2382843527016,,,none,30.0,60,1,monophasic
Modulated_autosave_20260717_150657_684ms,Thenar (L),L_The_ED_FD_FCR A,10,300.2382843527016,308.2382843527016,332.5980937252749,,,none,30.0,60,1,monophasic
Modulated_autosave_20260717_150657_684ms,Thenar (L),L_The_ED_FD_FCR A,1,0.7942811758256951,8.794281175825695,32.35980937257421,,,none,30.0,65,1,monophasic
Modulated_autosave_20260717_150657_684ms,Thenar (L),L_The_ED_FD_FCR A,2,33.35980937257421,41.35980937257421,65.71961874514842,,,none,30.0,65,1,monophasic
Modulated_autosave_20260717_150657_684ms,Thenar (L),L_The_ED_FD_FCR A,3,66.71961874514842,74.71961874514842,99.07942811772264,,,none,30.0,65,1,monophasic
Modulated_autosave_20260717_150657_684ms,Thenar (L),L_The_ED_FD_FCR A,4,100.07942811772264,108.07942811772264,132.43923749029685,,,none,30.0,65,1,monophasic
Modulated_autosave_20260717_150657_684ms,Thenar (L),L_The_ED_FD_FCR A,5,133.43923749029685,141.43923749029685,165.79904686287017,,,none,30.0,65,1,monophasic
Modulated_autosave_20260717_150657_684ms,Thenar (L),L_The_ED_FD_FCR A,6,166.79904686287017,174.79904686287017,199.15885623544438,,,none,30.0,65,1,monophasic
Modulated_autosave_20260717_150657_684ms,Thenar (L),L_The_ED_FD_FCR A,7,200.15885623544438,208.15885623544438,232.51866560801858,,,none,30.0,65,1,monophasic
Modulated_autosave_20260717_150657_684ms,Thenar (L),L_The_ED_FD_FCR A,8,233.51866560801858,241.51866560801858,265.8784749801274,,,none,30.0,65,1,monophasic
Modulated_autosave_20260717_150657_684ms,Thenar (L),L_The_ED_FD_FCR A,9,266.8784749801274,274.8784749801274,299.2382843527016,,,none,30.0,65,1,monophasic
Modulated_autosave_20260717_150657_684ms,Thenar (L),L_The_ED_FD_FCR A,10,300.2382843527016,308.2382843527016,332.5980937252749,,,none,30.0,65,1,monophasic
Modulated_autosave_20260717_150657_684ms,Thenar (L),L_The_ED_FD_FCR A,1,0.7942811758256951,8.794281175825695,32.35980937257421,,,none,30.0,70,1,monophasic
Modulated_autosave_20260717_150657_684ms,Thenar (L),L_The_ED_FD_FCR A,2,33.35980937257421,41.35980937257421,65.71961874514842,,,none,30.0,70,1,monophasic
Modulated_autosave_20260717_150657_684ms,Thenar (L),L_The_ED_FD_FCR A,3,66.71961874514842,74.71961874514842,99.07942811772264,,,none,30.0,70,1,monophasic
Modulated_autosave_20260717_150657_684ms,Thenar (L),L_The_ED_FD_FCR A,4,100.07942811772264,108.07942811772264,132.43923749029685,,,none,30.0,70,1,monophasic
Modulated_autosave_20260717_150657_684ms,Thenar (L),L_The_ED_FD_FCR A,5,133.43923749029685,141.43923749029685,165.79904686287017,,,none,30.0,70,1,monophasic
Modulated_autosave_20260717_150657_684ms,Thenar (L),L_The_ED_FD_FCR A,6,166.79904686287017,174.79904686287017,199.15885623544438,,,none,30.0,70,1,monophasic
Modulated_autosave_20260717_150657_684ms,Thenar (L),L_The_ED_FD_FCR A,7,200.15885623544438,208.15885623544438,232.51866560801858,,,none,30.0,70,1,monophasic
Modulated_autosave_20260717_150657_684ms,Thenar (L),L_The_ED_FD_FCR A,8,233.51866560801858,241.51866560801858,265.8784749801274,,,none,30.0,70,1,monophasic
Modulated_autosave_20260717_150657_684ms,Thenar (L),L_The_ED_FD_FCR A,9,266.8784749801274,274.8784749801274,299.2382843527016,,,none,30.0,70,1,monophasic
Modulated_autosave_20260717_150657_684ms,Thenar (L),L_The_ED_FD_FCR A,10,300.2382843527016,308.2382843527016,332.5980937252749,,,none,30.0,70,1,monophasic
Modulated_autosave_20260717_150657_684ms,Thenar (L),L_The_ED_FD_FCR A,1,0.7942811758256951,8.794281175825695,32.35980937257421,,,none,30.0,75,1,monophasic
Modulated_autosave_20260717_150657_684ms,Thenar (L),L_The_ED_FD_FCR A,2,33.35980937257421,41.35980937257421,65.71961874514842,,,none,30.0,75,1,monophasic
Modulated_autosave_20260717_150657_684ms,Thenar (L),L_The_ED_FD_FCR A,3,66.71961874514842,74.71961874514842,99.07942811772264,,,none,30.0,75,1,monophasic
Modulated_autosave_20260717_150657_684ms,Thenar (L),L_The_ED_FD_FCR A,4,100.07942811772264,108.07942811772264,132.43923749029685,,,none,30.0,75,1,monophasic
Modulated_autosave_20260717_150657_684ms,Thenar (L),L_The_ED_FD_FCR A,5,133.43923749029685,141.43923749029685,165.79904686287017,,,none,30.0,75,1,monophasic
Modulated_autosave_20260717_150657_684ms,Thenar (L),L_The_ED_FD_FCR A,6,166.79904686287017,174.79904686287017,199.15885623544438,,,none,30.0,75,1,monophasic
Modulated_autosave_20260717_150657_684ms,Thenar (L),L_The_ED_FD_FCR A,7,200.15885623544438,208.15885623544438,232.51866560801858,,,none,30.0,75,1,monophasic
Modulated_autosave_20260717_150657_684ms,Thenar (L),L_The_ED_FD_FCR A,8,233.51866560801858,241.51866560801858,265.8784749801274,,,none,30.0,75,1,monophasic
Modulated_autosave_20260717_150657_684ms,Thenar (L),L_The_ED_FD_FCR A,9,266.8784749801274,274.8784749801274,299.2382843527016,,,none,30.0,75,1,monophasic
Modulated_autosave_20260717_150657_684ms,Thenar (L),L_The_ED_FD_FCR A,10,300.2382843527016,308.2382843527016,332.5980937252749,,,none,30.0,75,1,monophasic
Modulated_autosave_20260717_150657_684ms,Thenar (L),L_The_ED_FD_FCR A,1,0.7942811758256951,8.794281175825695,32.35980937257421,,,none,30.0,80,1,monophasic
Modulated_autosave_20260717_150657_684ms,Thenar (L),L_The_ED_FD_FCR A,2,33.35980937257421,41.35980937257421,65.71961874514842,,,none,30.0,80,1,monophasic
Modulated_autosave_20260717_150657_684ms,Thenar (L),L_The_ED_FD_FCR A,3,66.71961874514842,74.71961874514842,99.07942811772264,,,none,30.0,80,1,monophasic
Modulated_autosave_20260717_150657_684ms,Thenar (L),L_The_ED_FD_FCR A,4,100.07942811772264,108.07942811772264,132.43923749029685,,,none,30.0,80,1,monophasic
Modulated_autosave_20260717_150657_684ms,Thenar (L),L_The_ED_FD_FCR A,5,133.43923749029685,141.43923749029685,165.79904686287017,,,none,30.0,80,1,monophasic
Modulated_autosave_20260717_150657_684ms,Thenar (L),L_The_ED_FD_FCR A,6,166.79904686287017,174.79904686287017,199.15885623544438,,,none,30.0,80,1,monophasic
Modulated_autosave_20260717_150657_684ms,Thenar (L),L_The_ED_FD_FCR A,7,200.15885623544438,208.15885623544438,232.51866560801858,,,none,30.0,80,1,monophasic
Modulated_autosave_20260717_150657_684ms,Thenar (L),L_The_ED_FD_FCR A,8,233.51866560801858,241.51866560801858,265.8784749801274,,,none,30.0,80,1,monophasic
Modulated_autosave_20260717_150657_684ms,Thenar (L),L_The_ED_FD_FCR A,9,266.8784749801274,274.8784749801274,299.2382843527016,,,none,30.0,80,1,monophasic
Modulated_autosave_20260717_150657_684ms,Thenar (L),L_The_ED_FD_FCR A,10,300.2382843527016,308.2382843527016,332.5980937252749,,,none,30.0,80,1,monophasic
Modulated_autosave_20260717_150657_684ms,Thenar (L),L_The_ED_FD_FCR A,1,0.7942811758256951,8.794281175825695,32.35980937257421,,,none,30.0,85,1,monophasic
Modulated_autosave_20260717_150657_684ms,Thenar (L),L_The_ED_FD_FCR A,2,33.35980937257421,41.35980937257421,65.71961874514842,,,none,30.0,85,1,monophasic
Modulated_autosave_20260717_150657_684ms,Thenar (L),L_The_ED_FD_FCR A,3,66.71961874514842,74.71961874514842,99.07942811772264,,,none,30.0,85,1,monophasic
Modulated_autosave_20260717_150657_684ms,Thenar (L),L_The_ED_FD_FCR A,4,100.07942811772264,108.07942811772264,132.43923749029685,,,none,30.0,85,1,monophasic
Modulated_autosave_20260717_150657_684ms,Thenar (L),L_The_ED_FD_FCR A,5,133.43923749029685,141.43923749029685,165.79904686287017,,,none,30.0,85,1,monophasic
Modulated_autosave_20260717_150657_684ms,Thenar (L),L_The_ED_FD_FCR A,6,166.79904686287017,174.79904686287017,199.15885623544438,,,none,30.0,85,1,monophasic
Modulated_autosave_20260717_150657_684ms,Thenar (L),L_The_ED_FD_FCR A,7,200.15885623544438,208.15885623544438,232.51866560801858,,,none,30.0,85,1,monophasic
Modulated_autosave_20260717_150657_684ms,Thenar (L),L_The_ED_FD_FCR A,8,233.51866560801858,241.51866560801858,265.8784749801274,,,none,30.0,85,1,monophasic
Modulated_autosave_20260717_150657_684ms,Thenar (L),L_The_ED_FD_FCR A,9,266.8784749801274,274.8784749801274,299.2382843527016,,,none,30.0,85,1,monophasic
Modulated_autosave_20260717_150657_684ms,Thenar (L),L_The_ED_FD_FCR A,10,300.2382843527016,308.2382843527016,332.5980937252749,,,none,30.0,85,1,monophasic
Modulated_autosave_20260717_150657_684ms,Thenar (L),L_The_ED_FD_FCR A,1,0.7942811758256951,8.794281175825695,32.35980937257421,,,none,30.0,90,1,monophasic
Modulated_autosave_20260717_150657_684ms,Thenar (L),L_The_ED_FD_FCR A,2,33.35980937257421,41.35980937257421,65.71961874514842,,,none,30.0,90,1,monophasic
Modulated_autosave_20260717_150657_684ms,Thenar (L),L_The_ED_FD_FCR A,3,66.71961874514842,74.71961874514842,99.07942811772264,,,none,30.0,90,1,monophasic
Modulated_autosave_20260717_150657_684ms,Thenar (L),L_The_ED_FD_FCR A,4,100.07942811772264,108.07942811772264,132.43923749029685,,,none,30.0,90,1,monophasic
Modulated_autosave_20260717_150657_684ms,Thenar (L),L_The_ED_FD_FCR A,5,133.43923749029685,141.43923749029685,165.79904686287017,,,none,30.0,90,1,monophasic
Modulated_autosave_20260717_150657_684ms,Thenar (L),L_The_ED_FD_FCR A,6,166.79904686287017,174.79904686287017,199.15885623544438,,,none,30.0,90,1,monophasic
Modulated_autosave_20260717_150657_684ms,Thenar (L),L_The_ED_FD_FCR A,7,200.15885623544438,208.15885623544438,232.51866560801858,,,none,30.0,90,1,monophasic
Modulated_autosave_20260717_150657_684ms,Thenar (L),L_The_ED_FD_FCR A,8,233.51866560801858,241.51866560801858,265.8784749801274,,,none,30.0,90,1,monophasic
Modulated_autosave_20260717_150657_684ms,Thenar (L),L_The_ED_FD_FCR A,9,266.8784749801274,274.8784749801274,299.2382843527016,,,none,30.0,90,1,monophasic
Modulated_autosave_20260717_150657_684ms,Thenar (L),L_The_ED_FD_FCR A,10,300.2382843527016,308.2382843527016,332.5980937252749,,,none,30.0,90,1,monophasic
Modulated_autosave_20260717_150657_684ms,Thenar (L),L_The_ED_FD_FCR A,1,0.7942811758256951,8.794281175825695,32.35980937257421,,,none,30.0,95,1,monophasic
Modulated_autosave_20260717_150657_684ms,Thenar (L),L_The_ED_FD_FCR A,2,33.35980937257421,41.35980937257421,65.71961874514842,,,none,30.0,95,1,monophasic
Modulated_autosave_20260717_150657_684ms,Thenar (L),L_The_ED_FD_FCR A,3,66.71961874514842,74.71961874514842,99.07942811772264,,,none,30.0,95,1,monophasic
Modulated_autosave_20260717_150657_684ms,Thenar (L),L_The_ED_FD_FCR A,4,100.07942811772264,108.07942811772264,132.43923749029685,,,none,30.0,95,1,monophasic
Modulated_autosave_20260717_150657_684ms,Thenar (L),L_The_ED_FD_FCR A,5,133.43923749029685,141.43923749029685,165.79904686287017,,,none,30.0,95,1,monophasic
Modulated_autosave_20260717_150657_684ms,Thenar (L),L_The_ED_FD_FCR A,6,166.79904686287017,174.79904686287017,199.15885623544438,,,none,30.0,95,1,monophasic
Modulated_autosave_20260717_150657_684ms,Thenar (L),L_The_ED_FD_FCR A,7,200.15885623544438,208.15885623544438,232.51866560801858,,,none,30.0,95,1,monophasic
Modulated_autosave_20260717_150657_684ms,Thenar (L),L_The_ED_FD_FCR A,8,233.51866560801858,241.51866560801858,265.8784749801274,,,none,30.0,95,1,monophasic
Modulated_autosave_20260717_150657_684ms,Thenar (L),L_The_ED_FD_FCR A,9,266.8784749801274,274.8784749801274,299.2382843527016,,,none,30.0,95,1,monophasic
Modulated_autosave_20260717_150657_684ms,Thenar (L),L_The_ED_FD_FCR A,10,300.2382843527016,308.2382843527016,332.5980937252749,,,none,30.0,95,1,monophasic
Modulated_autosave_20260717_150657_684ms,Thenar (L),L_The_ED_FD_FCR A,1,0.7942811758256951,8.794281175825695,32.35980937257421,0.021484702127054334,0.021484702127054334,none,30.0,100,1,monophasic
Modulated_autosave_20260717_150657_684ms,Thenar (L),L_The_ED_FD_FCR A,2,33.35980937257421,41.35980937257421,65.71961874514842,0.00805676355957985,0.00805676355957985,none,30.0,100,1,monophasic
Modulated_autosave_20260717_150657_684ms,Thenar (L),L_The_ED_FD_FCR A,3,66.71961874514842,74.71961874514842,99.07942811772264,0.027191576547920704,0.027191576547920704,none,30.0,100,1,monophasic
Modulated_autosave_20260717_150657_684ms,Thenar (L),L_The_ED_FD_FCR A,4,100.07942811772264,108.07942811772264,132.43923749029685,0.008560311514884233,0.008560311514884233,none,30.0,100,1,monophasic
Modulated_autosave_20260717_150657_684ms,Thenar (L),L_The_ED_FD_FCR A,5,133.43923749029685,141.43923749029685,165.79904686287017,0.0120851444080472,0.0120851444080472,none,30.0,100,1,monophasic
Modulated_autosave_20260717_150657_684ms,Thenar (L),L_The_ED_FD_FCR A,6,166.79904686287017,174.79904686287017,199.15885623544438,0.0308842605445534,0.0308842605445534,none,30.0,100,1,monophasic
Modulated_autosave_20260717_150657_684ms,Thenar (L),L_The_ED_FD_FCR A,7,200.15885623544438,208.15885623544438,232.51866560801858,0.008560311514884233,0.008560311514884233,none,30.0,100,1,monophasic
Modulated_autosave_20260717_150657_684ms,Thenar (L),L_The_ED_FD_FCR A,8,233.51866560801858,241.51866560801858,265.8784749801274,0.007888914551585913,0.007888914551585913,none,30.0,100,1,monophasic
Modulated_autosave_20260717_150657_684ms,Thenar (L),L_The_ED_FD_FCR A,9,266.8784749801274,274.8784749801274,299.2382843527016,0.0050354767590761185,0.0050354767590761185,none,30.0,100,1,monophasic
Modulated_autosave_20260717_150657_684ms,Thenar (L),L_The_ED_FD_FCR A,10,300.2382843527016,308.2382843527016,332.5980937252749,0.024841687874868512,0.024841687874868512,none,30.0,100,1,monophasic
Modulated_autosave_20260717_150657_684ms,Thenar (L),L_The_ED_FD_FCR A,1,0.7942811758256951,8.794281175825695,32.35980937257421,0.029205767204985023,0.029205767204985023,none,30.0,105,1,monophasic
Modulated_autosave_20260717_150657_684ms,Thenar (L),L_The_ED_FD_FCR A,2,33.35980937257421,41.35980937257421,65.71961874514842,0.024841687409207225,0.024841687409207225,none,30.0,105,1,monophasic
Modulated_autosave_20260717_150657_684ms,Thenar (L),L_The_ED_FD_FCR A,3,66.71961874514842,74.71961874514842,99.07942811772264,0.013427939265966415,0.013427939265966415,none,30.0,105,1,monophasic
Modulated_autosave_20260717_150657_684ms,Thenar (L),L_The_ED_FD_FCR A,4,100.07942811772264,108.07942811772264,132.43923749029685,0.03021286427974701,0.03021286427974701,none,30.0,105,1,monophasic
Modulated_autosave_20260717_150657_684ms,Thenar (L),L_The_ED_FD_FCR A,5,133.43923749029685,141.43923749029685,165.79904686287017,0.024841686943545938,0.024841686943545938,none,30.0,105,1,monophasic
Modulated_autosave_20260717_150657_684ms,Thenar (L),L_The_ED_FD_FCR A,6,166.79904686287017,174.79904686287017,199.15885623544438,0.026855878997594118,0.026855878997594118,none,30.0,105,1,monophasic
Modulated_autosave_20260717_150657_684ms,Thenar (L),L_The_ED_FD_FCR A,7,200.15885623544438,208.15885623544438,232.51866560801858,0.00872816052287817,0.00872816052287817,none,30.0,105,1,monophasic
Modulated_autosave_20260717_150657_684ms,Thenar (L),L_The_ED_FD_FCR A,8,233.51866560801858,241.51866560801858,265.8784749801274,0.023666743654757738,0.023666743654757738,none,30.0,105,1,monophasic
Modulated_autosave_20260717_150657_684ms,Thenar (L),L_The_ED_FD_FCR A,9,266.8784749801274,274.8784749801274,299.2382843527016,0.02920576836913824,0.02920576836913824,none,30.0,105,1,monophasic
Modulated_autosave_20260717_150657_684ms,Thenar (L),L_The_ED_FD_FCR A,10,300.2382843527016,308.2382843527016,332.5980937252749,0.019134813686832786,0.019134813686832786,none,30.0,105,1,monophasic
Modulated_autosave_20260717_150657_684ms,Thenar (L),L_The_ED_FD_FCR A,1,0.7942811758256951,8.794281175825695,32.35980937257421,0.02752727479673922,0.02752727479673922,none,30.0,110,1,monophasic
Modulated_autosave_20260717_150657_684ms,Thenar (L),L_The_ED_FD_FCR A,2,33.35980937257421,41.35980937257421,65.71961874514842,0.01947051123715937,0.01947051123715937,none,30.0,110,1,monophasic
Modulated_autosave_20260717_150657_684ms,Thenar (L),L_The_ED_FD_FCR A,3,66.71961874514842,74.71961874514842,99.07942811772264,0.0139314872212708,0.0139314872212708,none,30.0,110,1,monophasic
Modulated_autosave_20260717_150657_684ms,Thenar (L),L_The_ED_FD_FCR A,4,100.07942811772264,108.07942811772264,132.43923749029685,0.009231708478182554,0.009231708478182554,none,30.0,110,1,monophasic
Modulated_autosave_20260717_150657_684ms,Thenar (L),L_The_ED_FD_FCR A,5,133.43923749029685,141.43923749029685,165.79904686287017,0.030212863814085722,0.030212863814085722,none,30.0,110,1,monophasic
Modulated_autosave_20260717_150657_684ms,Thenar (L),L_The_ED_FD_FCR A,6,166.79904686287017,174.79904686287017,199.15885623544438,0.028870069421827793,0.028870069421827793,none,30.0,110,1,monophasic
Modulated_autosave_20260717_150657_684ms,Thenar (L),L_The_ED_FD_FCR A,7,200.15885623544438,208.15885623544438,232.51866560801858,0.00906385900452733,0.00906385900452733,none,30.0,110,1,monophasic
Modulated_autosave_20260717_150657_684ms,Thenar (L),L_The_ED_FD_FCR A,8,233.51866560801858,241.51866560801858,265.8784749801274,0.03121995832771063,0.03121995832771063,none,30.0,110,1,monophasic
Modulated_autosave_20260717_150657_684ms,Thenar (L),L_The_ED_FD_FCR A,9,266.8784749801274,274.8784749801274,299.2382843527016,0.028870068956166506,0.028870068956166506,none,30.0,110,1,monophasic
Modulated_autosave_20260717_150657_684ms,Thenar (L),L_The_ED_FD_FCR A,10,300.2382843527016,308.2382843527016,332.5980937252749,0.028870069654658437,0.028870069654658437,none,30.0,110,1,monophasic
Modulated_autosave_20260717_150657_684ms,Ext. digitorum (L),L_The_ED_FD_FCR B,1,0.7942811758256951,8.794281175825695,32.35980937257421,,,none,30.0,15,1,monophasic
Modulated_autosave_20260717_150657_684ms,Ext. digitorum (L),L_The_ED_FD_FCR B,2,33.35980937257421,41.35980937257421,65.71961874514842,,,none,30.0,15,1,monophasic
Modulated_autosave_20260717_150657_684ms,Ext. digitorum (L),L_The_ED_FD_FCR B,3,66.71961874514842,74.71961874514842,99.07942811772264,,,none,30.0,15,1,monophasic
Modulated_autosave_20260717_150657_684ms,Ext. digitorum (L),L_The_ED_FD_FCR B,4,100.07942811772264,108.07942811772264,132.43923749029685,,,none,30.0,15,1,monophasic
Modulated_autosave_20260717_150657_684ms,Ext. digitorum (L),L_The_ED_FD_FCR B,5,133.43923749029685,141.43923749029685,165.79904686287017,,,none,30.0,15,1,monophasic
Modulated_autosave_20260717_150657_684ms,Ext. digitorum (L),L_The_ED_FD_FCR B,6,166.79904686287017,174.79904686287017,199.15885623544438,,,none,30.0,15,1,monophasic
Modulated_autosave_20260717_150657_684ms,Ext. digitorum (L),L_The_ED_FD_FCR B,7,200.15885623544438,208.15885623544438,232.51866560801858,,,none,30.0,15,1,monophasic
Modulated_autosave_20260717_150657_684ms,Ext. digitorum (L),L_The_ED_FD_FCR B,8,233.51866560801858,241.51866560801858,265.8784749801274,,,none,30.0,15,1,monophasic
Modulated_autosave_20260717_150657_684ms,Ext. digitorum (L),L_The_ED_FD_FCR B,9,266.8784749801274,274.8784749801274,299.2382843527016,,,none,30.0,15,1,monophasic
Modulated_autosave_20260717_150657_684ms,Ext. digitorum (L),L_The_ED_FD_FCR B,10,300.2382843527016,308.2382843527016,332.5980937252749,,,none,30.0,15,1,monophasic
Modulated_autosave_20260717_150657_684ms,Ext. digitorum (L),L_The_ED_FD_FCR B,1,0.7942811758256951,8.794281175825695,32.35980937257421,,,none,30.0,20,1,monophasic
Modulated_autosave_20260717_150657_684ms,Ext. digitorum (L),L_The_ED_FD_FCR B,2,33.35980937257421,41.35980937257421,65.71961874514842,,,none,30.0,20,1,monophasic
Modulated_autosave_20260717_150657_684ms,Ext. digitorum (L),L_The_ED_FD_FCR B,3,66.71961874514842,74.71961874514842,99.07942811772264,,,none,30.0,20,1,monophasic
Modulated_autosave_20260717_150657_684ms,Ext. digitorum (L),L_The_ED_FD_FCR B,4,100.07942811772264,108.07942811772264,132.43923749029685,,,none,30.0,20,1,monophasic
Modulated_autosave_20260717_150657_684ms,Ext. digitorum (L),L_The_ED_FD_FCR B,5,133.43923749029685,141.43923749029685,165.79904686287017,,,none,30.0,20,1,monophasic
Modulated_autosave_20260717_150657_684ms,Ext. digitorum (L),L_The_ED_FD_FCR B,6,166.79904686287017,174.79904686287017,199.15885623544438,,,none,30.0,20,1,monophasic
Modulated_autosave_20260717_150657_684ms,Ext. digitorum (L),L_The_ED_FD_FCR B,7,200.15885623544438,208.15885623544438,232.51866560801858,,,none,30.0,20,1,monophasic
Modulated_autosave_20260717_150657_684ms,Ext. digitorum (L),L_The_ED_FD_FCR B,8,233.51866560801858,241.51866560801858,265.8784749801274,,,none,30.0,20,1,monophasic
Modulated_autosave_20260717_150657_684ms,Ext. digitorum (L),L_The_ED_FD_FCR B,9,266.8784749801274,274.8784749801274,299.2382843527016,,,none,30.0,20,1,monophasic
Modulated_autosave_20260717_150657_684ms,Ext. digitorum (L),L_The_ED_FD_FCR B,10,300.2382843527016,308.2382843527016,332.5980937252749,,,none,30.0,20,1,monophasic
Modulated_autosave_20260717_150657_684ms,Ext. digitorum (L),L_The_ED_FD_FCR B,1,0.7942811758256951,8.794281175825695,32.35980937257421,,,none,30.0,25,1,monophasic
Modulated_autosave_20260717_150657_684ms,Ext. digitorum (L),L_The_ED_FD_FCR B,2,33.35980937257421,41.35980937257421,65.71961874514842,,,none,30.0,25,1,monophasic
Modulated_autosave_20260717_150657_684ms,Ext. digitorum (L),L_The_ED_FD_FCR B,3,66.71961874514842,74.71961874514842,99.07942811772264,,,none,30.0,25,1,monophasic
Modulated_autosave_20260717_150657_684ms,Ext. digitorum (L),L_The_ED_FD_FCR B,4,100.07942811772264,108.07942811772264,132.43923749029685,,,none,30.0,25,1,monophasic
Modulated_autosave_20260717_150657_684ms,Ext. digitorum (L),L_The_ED_FD_FCR B,5,133.43923749029685,141.43923749029685,165.79904686287017,,,none,30.0,25,1,monophasic
Modulated_autosave_20260717_150657_684ms,Ext. digitorum (L),L_The_ED_FD_FCR B,6,166.79904686287017,174.79904686287017,199.15885623544438,,,none,30.0,25,1,monophasic
Modulated_autosave_20260717_150657_684ms,Ext. digitorum (L),L_The_ED_FD_FCR B,7,200.15885623544438,208.15885623544438,232.51866560801858,,,none,30.0,25,1,monophasic
Modulated_autosave_20260717_150657_684ms,Ext. digitorum (L),L_The_ED_FD_FCR B,8,233.51866560801858,241.51866560801858,265.8784749801274,,,none,30.0,25,1,monophasic
Modulated_autosave_20260717_150657_684ms,Ext. digitorum (L),L_The_ED_FD_FCR B,9,266.8784749801274,274.8784749801274,299.2382843527016,,,none,30.0,25,1,monophasic
Modulated_autosave_20260717_150657_684ms,Ext. digitorum (L),L_The_ED_FD_FCR B,10,300.2382843527016,308.2382843527016,332.5980937252749,,,none,30.0,25,1,monophasic
Modulated_autosave_20260717_150657_684ms,Ext. digitorum (L),L_The_ED_FD_FCR B,1,0.7942811758256951,8.794281175825695,32.35980937257421,,,none,30.0,30,1,monophasic
Modulated_autosave_20260717_150657_684ms,Ext. digitorum (L),L_The_ED_FD_FCR B,2,33.35980937257421,41.35980937257421,65.71961874514842,,,none,30.0,30,1,monophasic
Modulated_autosave_20260717_150657_684ms,Ext. digitorum (L),L_The_ED_FD_FCR B,3,66.71961874514842,74.71961874514842,99.07942811772264,,,none,30.0,30,1,monophasic
Modulated_autosave_20260717_150657_684ms,Ext. digitorum (L),L_The_ED_FD_FCR B,4,100.07942811772264,108.07942811772264,132.43923749029685,,,none,30.0,30,1,monophasic
Modulated_autosave_20260717_150657_684ms,Ext. digitorum (L),L_The_ED_FD_FCR B,5,133.43923749029685,141.43923749029685,165.79904686287017,,,none,30.0,30,1,monophasic
Modulated_autosave_20260717_150657_684ms,Ext. digitorum (L),L_The_ED_FD_FCR B,6,166.79904686287017,174.79904686287017,199.15885623544438,,,none,30.0,30,1,monophasic
Modulated_autosave_20260717_150657_684ms,Ext. digitorum (L),L_The_ED_FD_FCR B,7,200.15885623544438,208.15885623544438,232.51866560801858,,,none,30.0,30,1,monophasic
Modulated_autosave_20260717_150657_684ms,Ext. digitorum (L),L_The_ED_FD_FCR B,8,233.51866560801858,241.51866560801858,265.8784749801274,,,none,30.0,30,1,monophasic
Modulated_autosave_20260717_150657_684ms,Ext. digitorum (L),L_The_ED_FD_FCR B,9,266.8784749801274,274.8784749801274,299.2382843527016,,,none,30.0,30,1,monophasic
Modulated_autosave_20260717_150657_684ms,Ext. digitorum (L),L_The_ED_FD_FCR B,10,300.2382843527016,308.2382843527016,332.5980937252749,,,none,30.0,30,1,monophasic
Modulated_autosave_20260717_150657_684ms,Ext. digitorum (L),L_The_ED_FD_FCR B,1,0.7942811758256951,8.794281175825695,32.35980937257421,,,none,30.0,35,1,monophasic
Modulated_autosave_20260717_150657_684ms,Ext. digitorum (L),L_The_ED_FD_FCR B,2,33.35980937257421,41.35980937257421,65.71961874514842,,,none,30.0,35,1,monophasic
Modulated_autosave_20260717_150657_684ms,Ext. digitorum (L),L_The_ED_FD_FCR B,3,66.71961874514842,74.71961874514842,99.07942811772264,,,none,30.0,35,1,monophasic
Modulated_autosave_20260717_150657_684ms,Ext. digitorum (L),L_The_ED_FD_FCR B,4,100.07942811772264,108.07942811772264,132.43923749029685,,,none,30.0,35,1,monophasic
Modulated_autosave_20260717_150657_684ms,Ext. digitorum (L),L_The_ED_FD_FCR B,5,133.43923749029685,141.43923749029685,165.79904686287017,,,none,30.0,35,1,monophasic
Modulated_autosave_20260717_150657_684ms,Ext. digitorum (L),L_The_ED_FD_FCR B,6,166.79904686287017,174.79904686287017,199.15885623544438,,,none,30.0,35,1,monophasic
Modulated_autosave_20260717_150657_684ms,Ext. digitorum (L),L_The_ED_FD_FCR B,7,200.15885623544438,208.15885623544438,232.51866560801858,,,none,30.0,35,1,monophasic
Modulated_autosave_20260717_150657_684ms,Ext. digitorum (L),L_The_ED_FD_FCR B,8,233.51866560801858,241.51866560801858,265.8784749801274,,,none,30.0,35,1,monophasic
Modulated_autosave_20260717_150657_684ms,Ext. digitorum (L),L_The_ED_FD_FCR B,9,266.8784749801274,274.8784749801274,299.2382843527016,,,none,30.0,35,1,monophasic
Modulated_autosave_20260717_150657_684ms,Ext. digitorum (L),L_The_ED_FD_FCR B,10,300.2382843527016,308.2382843527016,332.5980937252749,,,none,30.0,35,1,monophasic
Modulated_autosave_20260717_150657_684ms,Ext. digitorum (L),L_The_ED_FD_FCR B,1,0.7942811758256951,8.794281175825695,32.35980937257421,,,none,30.0,40,1,monophasic
Modulated_autosave_20260717_150657_684ms,Ext. digitorum (L),L_The_ED_FD_FCR B,2,33.35980937257421,41.35980937257421,65.71961874514842,,,none,30.0,40,1,monophasic
Modulated_autosave_20260717_150657_684ms,Ext. digitorum (L),L_The_ED_FD_FCR B,3,66.71961874514842,74.71961874514842,99.07942811772264,,,none,30.0,40,1,monophasic
Modulated_autosave_20260717_150657_684ms,Ext. digitorum (L),L_The_ED_FD_FCR B,4,100.07942811772264,108.07942811772264,132.43923749029685,,,none,30.0,40,1,monophasic
Modulated_autosave_20260717_150657_684ms,Ext. digitorum (L),L_The_ED_FD_FCR B,5,133.43923749029685,141.43923749029685,165.79904686287017,,,none,30.0,40,1,monophasic
Modulated_autosave_20260717_150657_684ms,Ext. digitorum (L),L_The_ED_FD_FCR B,6,166.79904686287017,174.79904686287017,199.15885623544438,,,none,30.0,40,1,monophasic
Modulated_autosave_20260717_150657_684ms,Ext. digitorum (L),L_The_ED_FD_FCR B,7,200.15885623544438,208.15885623544438,232.51866560801858,,,none,30.0,40,1,monophasic
Modulated_autosave_20260717_150657_684ms,Ext. digitorum (L),L_The_ED_FD_FCR B,8,233.51866560801858,241.51866560801858,265.8784749801274,,,none,30.0,40,1,monophasic
Modulated_autosave_20260717_150657_684ms,Ext. digitorum (L),L_The_ED_FD_FCR B,9,266.8784749801274,274.8784749801274,299.2382843527016,,,none,30.0,40,1,monophasic
Modulated_autosave_20260717_150657_684ms,Ext. digitorum (L),L_The_ED_FD_FCR B,10,300.2382843527016,308.2382843527016,332.5980937252749,,,none,30.0,40,1,monophasic
Modulated_autosave_20260717_150657_684ms,Ext. digitorum (L),L_The_ED_FD_FCR B,1,0.7942811758256951,8.794281175825695,32.35980937257421,,,none,30.0,45,1,monophasic
Modulated_autosave_20260717_150657_684ms,Ext. digitorum (L),L_The_ED_FD_FCR B,2,33.35980937257421,41.35980937257421,65.71961874514842,,,none,30.0,45,1,monophasic
Modulated_autosave_20260717_150657_684ms,Ext. digitorum (L),L_The_ED_FD_FCR B,3,66.71961874514842,74.71961874514842,99.07942811772264,,,none,30.0,45,1,monophasic
Modulated_autosave_20260717_150657_684ms,Ext. digitorum (L),L_The_ED_FD_FCR B,4,100.07942811772264,108.07942811772264,132.43923749029685,,,none,30.0,45,1,monophasic
Modulated_autosave_20260717_150657_684ms,Ext. digitorum (L),L_The_ED_FD_FCR B,5,133.43923749029685,141.43923749029685,165.79904686287017,,,none,30.0,45,1,monophasic
Modulated_autosave_20260717_150657_684ms,Ext. digitorum (L),L_The_ED_FD_FCR B,6,166.79904686287017,174.79904686287017,199.15885623544438,,,none,30.0,45,1,monophasic
Modulated_autosave_20260717_150657_684ms,Ext. digitorum (L),L_The_ED_FD_FCR B,7,200.15885623544438,208.15885623544438,232.51866560801858,,,none,30.0,45,1,monophasic
Modulated_autosave_20260717_150657_684ms,Ext. digitorum (L),L_The_ED_FD_FCR B,8,233.51866560801858,241.51866560801858,265.8784749801274,,,none,30.0,45,1,monophasic
Modulated_autosave_20260717_150657_684ms,Ext. digitorum (L),L_The_ED_FD_FCR B,9,266.8784749801274,274.8784749801274,299.2382843527016,,,none,30.0,45,1,monophasic
Modulated_autosave_20260717_150657_684ms,Ext. digitorum (L),L_The_ED_FD_FCR B,10,300.2382843527016,308.2382843527016,332.5980937252749,,,none,30.0,45,1,monophasic
Modulated_autosave_20260717_150657_684ms,Ext. digitorum (L),L_The_ED_FD_FCR B,1,0.7942811758256951,8.794281175825695,32.35980937257421,,,none,30.0,50,1,monophasic
Modulated_autosave_20260717_150657_684ms,Ext. digitorum (L),L_The_ED_FD_FCR B,2,33.35980937257421,41.35980937257421,65.71961874514842,,,none,30.0,50,1,monophasic
Modulated_autosave_20260717_150657_684ms,Ext. digitorum (L),L_The_ED_FD_FCR B,3,66.71961874514842,74.71961874514842,99.07942811772264,,,none,30.0,50,1,monophasic
Modulated_autosave_20260717_150657_684ms,Ext. digitorum (L),L_The_ED_FD_FCR B,4,100.07942811772264,108.07942811772264,132.43923749029685,,,none,30.0,50,1,monophasic
Modulated_autosave_20260717_150657_684ms,Ext. digitorum (L),L_The_ED_FD_FCR B,5,133.43923749029685,141.43923749029685,165.79904686287017,,,none,30.0,50,1,monophasic
Modulated_autosave_20260717_150657_684ms,Ext. digitorum (L),L_The_ED_FD_FCR B,6,166.79904686287017,174.79904686287017,199.15885623544438,,,none,30.0,50,1,monophasic
Modulated_autosave_20260717_150657_684ms,Ext. digitorum (L),L_The_ED_FD_FCR B,7,200.15885623544438,208.15885623544438,232.51866560801858,,,none,30.0,50,1,monophasic
Modulated_autosave_20260717_150657_684ms,Ext. digitorum (L),L_The_ED_FD_FCR B,8,233.51866560801858,241.51866560801858,265.8784749801274,,,none,30.0,50,1,monophasic
Modulated_autosave_20260717_150657_684ms,Ext. digitorum (L),L_The_ED_FD_FCR B,9,266.8784749801274,274.8784749801274,299.2382843527016,,,none,30.0,50,1,monophasic
Modulated_autosave_20260717_150657_684ms,Ext. digitorum (L),L_The_ED_FD_FCR B,10,300.2382843527016,308.2382843527016,332.5980937252749,,,none,30.0,50,1,monophasic
Modulated_autosave_20260717_150657_684ms,Ext. digitorum (L),L_The_ED_FD_FCR B,1,0.7942811758256951,8.794281175825695,32.35980937257421,,,none,30.0,55,1,monophasic
Modulated_autosave_20260717_150657_684ms,Ext. digitorum (L),L_The_ED_FD_FCR B,2,33.35980937257421,41.35980937257421,65.71961874514842,,,none,30.0,55,1,monophasic
Modulated_autosave_20260717_150657_684ms,Ext. digitorum (L),L_The_ED_FD_FCR B,3,66.71961874514842,74.71961874514842,99.07942811772264,,,none,30.0,55,1,monophasic
Modulated_autosave_20260717_150657_684ms,Ext. digitorum (L),L_The_ED_FD_FCR B,4,100.07942811772264,108.07942811772264,132.43923749029685,,,none,30.0,55,1,monophasic
Modulated_autosave_20260717_150657_684ms,Ext. digitorum (L),L_The_ED_FD_FCR B,5,133.43923749029685,141.43923749029685,165.79904686287017,,,none,30.0,55,1,monophasic
Modulated_autosave_20260717_150657_684ms,Ext. digitorum (L),L_The_ED_FD_FCR B,6,166.79904686287017,174.79904686287017,199.15885623544438,,,none,30.0,55,1,monophasic
Modulated_autosave_20260717_150657_684ms,Ext. digitorum (L),L_The_ED_FD_FCR B,7,200.15885623544438,208.15885623544438,232.51866560801858,,,none,30.0,55,1,monophasic
Modulated_autosave_20260717_150657_684ms,Ext. digitorum (L),L_The_ED_FD_FCR B,8,233.51866560801858,241.51866560801858,265.8784749801274,,,none,30.0,55,1,monophasic
Modulated_autosave_20260717_150657_684ms,Ext. digitorum (L),L_The_ED_FD_FCR B,9,266.8784749801274,274.8784749801274,299.2382843527016,,,none,30.0,55,1,monophasic
Modulated_autosave_20260717_150657_684ms,Ext. digitorum (L),L_The_ED_FD_FCR B,10,300.2382843527016,308.2382843527016,332.5980937252749,,,none,30.0,55,1,monophasic
Modulated_autosave_20260717_150657_684ms,Ext. digitorum (L),L_The_ED_FD_FCR B,1,0.7942811758256951,8.794281175825695,32.35980937257421,,,none,30.0,60,1,monophasic
Modulated_autosave_20260717_150657_684ms,Ext. digitorum (L),L_The_ED_FD_FCR B,2,33.35980937257421,41.35980937257421,65.71961874514842,,,none,30.0,60,1,monophasic
Modulated_autosave_20260717_150657_684ms,Ext. digitorum (L),L_The_ED_FD_FCR B,3,66.71961874514842,74.71961874514842,99.07942811772264,,,none,30.0,60,1,monophasic
Modulated_autosave_20260717_150657_684ms,Ext. digitorum (L),L_The_ED_FD_FCR B,4,100.07942811772264,108.07942811772264,132.43923749029685,,,none,30.0,60,1,monophasic
Modulated_autosave_20260717_150657_684ms,Ext. digitorum (L),L_The_ED_FD_FCR B,5,133.43923749029685,141.43923749029685,165.79904686287017,,,none,30.0,60,1,monophasic
Modulated_autosave_20260717_150657_684ms,Ext. digitorum (L),L_The_ED_FD_FCR B,6,166.79904686287017,174.79904686287017,199.15885623544438,,,none,30.0,60,1,monophasic
Modulated_autosave_20260717_150657_684ms,Ext. digitorum (L),L_The_ED_FD_FCR B,7,200.15885623544438,208.15885623544438,232.51866560801858,,,none,30.0,60,1,monophasic
Modulated_autosave_20260717_150657_684ms,Ext. digitorum (L),L_The_ED_FD_FCR B,8,233.51866560801858,241.51866560801858,265.8784749801274,,,none,30.0,60,1,monophasic
Modulated_autosave_20260717_150657_684ms,Ext. digitorum (L),L_The_ED_FD_FCR B,9,266.8784749801274,274.8784749801274,299.2382843527016,,,none,30.0,60,1,monophasic
Modulated_autosave_20260717_150657_684ms,Ext. digitorum (L),L_The_ED_FD_FCR B,10,300.2382843527016,308.2382843527016,332.5980937252749,,,none,30.0,60,1,monophasic
Modulated_autosave_20260717_150657_684ms,Ext. digitorum (L),L_The_ED_FD_FCR B,1,0.7942811758256951,8.794281175825695,32.35980937257421,,,none,30.0,65,1,monophasic
Modulated_autosave_20260717_150657_684ms,Ext. digitorum (L),L_The_ED_FD_FCR B,2,33.35980937257421,41.35980937257421,65.71961874514842,,,none,30.0,65,1,monophasic
Modulated_autosave_20260717_150657_684ms,Ext. digitorum (L),L_The_ED_FD_FCR B,3,66.71961874514842,74.71961874514842,99.07942811772264,,,none,30.0,65,1,monophasic
Modulated_autosave_20260717_150657_684ms,Ext. digitorum (L),L_The_ED_FD_FCR B,4,100.07942811772264,108.07942811772264,132.43923749029685,,,none,30.0,65,1,monophasic
Modulated_autosave_20260717_150657_684ms,Ext. digitorum (L),L_The_ED_FD_FCR B,5,133.43923749029685,141.43923749029685,165.79904686287017,,,none,30.0,65,1,monophasic
Modulated_autosave_20260717_150657_684ms,Ext. digitorum (L),L_The_ED_FD_FCR B,6,166.79904686287017,174.79904686287017,199.15885623544438,,,none,30.0,65,1,monophasic
Modulated_autosave_20260717_150657_684ms,Ext. digitorum (L),L_The_ED_FD_FCR B,7,200.15885623544438,208.15885623544438,232.51866560801858,,,none,30.0,65,1,monophasic
Modulated_autosave_20260717_150657_684ms,Ext. digitorum (L),L_The_ED_FD_FCR B,8,233.51866560801858,241.51866560801858,265.8784749801274,,,none,30.0,65,1,monophasic
Modulated_autosave_20260717_150657_684ms,Ext. digitorum (L),L_The_ED_FD_FCR B,9,266.8784749801274,274.8784749801274,299.2382843527016,,,none,30.0,65,1,monophasic
Modulated_autosave_20260717_150657_684ms,Ext. digitorum (L),L_The_ED_FD_FCR B,10,300.2382843527016,308.2382843527016,332.5980937252749,,,none,30.0,65,1,monophasic
Modulated_autosave_20260717_150657_684ms,Ext. digitorum (L),L_The_ED_FD_FCR B,1,0.7942811758256951,8.794281175825695,32.35980937257421,,,none,30.0,70,1,monophasic
Modulated_autosave_20260717_150657_684ms,Ext. digitorum (L),L_The_ED_FD_FCR B,2,33.35980937257421,41.35980937257421,65.71961874514842,,,none,30.0,70,1,monophasic
Modulated_autosave_20260717_150657_684ms,Ext. digitorum (L),L_The_ED_FD_FCR B,3,66.71961874514842,74.71961874514842,99.07942811772264,,,none,30.0,70,1,monophasic
Modulated_autosave_20260717_150657_684ms,Ext. digitorum (L),L_The_ED_FD_FCR B,4,100.07942811772264,108.07942811772264,132.43923749029685,,,none,30.0,70,1,monophasic
Modulated_autosave_20260717_150657_684ms,Ext. digitorum (L),L_The_ED_FD_FCR B,5,133.43923749029685,141.43923749029685,165.79904686287017,,,none,30.0,70,1,monophasic
Modulated_autosave_20260717_150657_684ms,Ext. digitorum (L),L_The_ED_FD_FCR B,6,166.79904686287017,174.79904686287017,199.15885623544438,,,none,30.0,70,1,monophasic
Modulated_autosave_20260717_150657_684ms,Ext. digitorum (L),L_The_ED_FD_FCR B,7,200.15885623544438,208.15885623544438,232.51866560801858,,,none,30.0,70,1,monophasic
Modulated_autosave_20260717_150657_684ms,Ext. digitorum (L),L_The_ED_FD_FCR B,8,233.51866560801858,241.51866560801858,265.8784749801274,,,none,30.0,70,1,monophasic
Modulated_autosave_20260717_150657_684ms,Ext. digitorum (L),L_The_ED_FD_FCR B,9,266.8784749801274,274.8784749801274,299.2382843527016,,,none,30.0,70,1,monophasic
Modulated_autosave_20260717_150657_684ms,Ext. digitorum (L),L_The_ED_FD_FCR B,10,300.2382843527016,308.2382843527016,332.5980937252749,,,none,30.0,70,1,monophasic
Modulated_autosave_20260717_150657_684ms,Ext. digitorum (L),L_The_ED_FD_FCR B,1,0.7942811758256951,8.794281175825695,32.35980937257421,,,none,30.0,75,1,monophasic
Modulated_autosave_20260717_150657_684ms,Ext. digitorum (L),L_The_ED_FD_FCR B,2,33.35980937257421,41.35980937257421,65.71961874514842,,,none,30.0,75,1,monophasic
Modulated_autosave_20260717_150657_684ms,Ext. digitorum (L),L_The_ED_FD_FCR B,3,66.71961874514842,74.71961874514842,99.07942811772264,,,none,30.0,75,1,monophasic
Modulated_autosave_20260717_150657_684ms,Ext. digitorum (L),L_The_ED_FD_FCR B,4,100.07942811772264,108.07942811772264,132.43923749029685,,,none,30.0,75,1,monophasic
Modulated_autosave_20260717_150657_684ms,Ext. digitorum (L),L_The_ED_FD_FCR B,5,133.43923749029685,141.43923749029685,165.79904686287017,,,none,30.0,75,1,monophasic
Modulated_autosave_20260717_150657_684ms,Ext. digitorum (L),L_The_ED_FD_FCR B,6,166.79904686287017,174.79904686287017,199.15885623544438,,,none,30.0,75,1,monophasic
Modulated_autosave_20260717_150657_684ms,Ext. digitorum (L),L_The_ED_FD_FCR B,7,200.15885623544438,208.15885623544438,232.51866560801858,,,none,30.0,75,1,monophasic
Modulated_autosave_20260717_150657_684ms,Ext. digitorum (L),L_The_ED_FD_FCR B,8,233.51866560801858,241.51866560801858,265.8784749801274,,,none,30.0,75,1,monophasic
Modulated_autosave_20260717_150657_684ms,Ext. digitorum (L),L_The_ED_FD_FCR B,9,266.8784749801274,274.8784749801274,299.2382843527016,,,none,30.0,75,1,monophasic
Modulated_autosave_20260717_150657_684ms,Ext. digitorum (L),L_The_ED_FD_FCR B,10,300.2382843527016,308.2382843527016,332.5980937252749,,,none,30.0,75,1,monophasic
Modulated_autosave_20260717_150657_684ms,Ext. digitorum (L),L_The_ED_FD_FCR B,1,0.7942811758256951,8.794281175825695,32.35980937257421,,,none,30.0,80,1,monophasic
Modulated_autosave_20260717_150657_684ms,Ext. digitorum (L),L_The_ED_FD_FCR B,2,33.35980937257421,41.35980937257421,65.71961874514842,,,none,30.0,80,1,monophasic
Modulated_autosave_20260717_150657_684ms,Ext. digitorum (L),L_The_ED_FD_FCR B,3,66.71961874514842,74.71961874514842,99.07942811772264,,,none,30.0,80,1,monophasic
Modulated_autosave_20260717_150657_684ms,Ext. digitorum (L),L_The_ED_FD_FCR B,4,100.07942811772264,108.07942811772264,132.43923749029685,,,none,30.0,80,1,monophasic
Modulated_autosave_20260717_150657_684ms,Ext. digitorum (L),L_The_ED_FD_FCR B,5,133.43923749029685,141.43923749029685,165.79904686287017,,,none,30.0,80,1,monophasic
Modulated_autosave_20260717_150657_684ms,Ext. digitorum (L),L_The_ED_FD_FCR B,6,166.79904686287017,174.79904686287017,199.15885623544438,,,none,30.0,80,1,monophasic
Modulated_autosave_20260717_150657_684ms,Ext. digitorum (L),L_The_ED_FD_FCR B,7,200.15885623544438,208.15885623544438,232.51866560801858,,,none,30.0,80,1,monophasic
Modulated_autosave_20260717_150657_684ms,Ext. digitorum (L),L_The_ED_FD_FCR B,8,233.51866560801858,241.51866560801858,265.8784749801274,,,none,30.0,80,1,monophasic
Modulated_autosave_20260717_150657_684ms,Ext. digitorum (L),L_The_ED_FD_FCR B,9,266.8784749801274,274.8784749801274,299.2382843527016,,,none,30.0,80,1,monophasic
Modulated_autosave_20260717_150657_684ms,Ext. digitorum (L),L_The_ED_FD_FCR B,10,300.2382843527016,308.2382843527016,332.5980937252749,,,none,30.0,80,1,monophasic
Modulated_autosave_20260717_150657_684ms,Ext. digitorum (L),L_The_ED_FD_FCR B,1,0.7942811758256951,8.794281175825695,32.35980937257421,,,none,30.0,85,1,monophasic
Modulated_autosave_20260717_150657_684ms,Ext. digitorum (L),L_The_ED_FD_FCR B,2,33.35980937257421,41.35980937257421,65.71961874514842,,,none,30.0,85,1,monophasic
Modulated_autosave_20260717_150657_684ms,Ext. digitorum (L),L_The_ED_FD_FCR B,3,66.71961874514842,74.71961874514842,99.07942811772264,,,none,30.0,85,1,monophasic
Modulated_autosave_20260717_150657_684ms,Ext. digitorum (L),L_The_ED_FD_FCR B,4,100.07942811772264,108.07942811772264,132.43923749029685,,,none,30.0,85,1,monophasic
Modulated_autosave_20260717_150657_684ms,Ext. digitorum (L),L_The_ED_FD_FCR B,5,133.43923749029685,141.43923749029685,165.79904686287017,,,none,30.0,85,1,monophasic
Modulated_autosave_20260717_150657_684ms,Ext. digitorum (L),L_The_ED_FD_FCR B,6,166.79904686287017,174.79904686287017,199.15885623544438,,,none,30.0,85,1,monophasic
Modulated_autosave_20260717_150657_684ms,Ext. digitorum (L),L_The_ED_FD_FCR B,7,200.15885623544438,208.15885623544438,232.51866560801858,,,none,30.0,85,1,monophasic
Modulated_autosave_20260717_150657_684ms,Ext. digitorum (L),L_The_ED_FD_FCR B,8,233.51866560801858,241.51866560801858,265.8784749801274,,,none,30.0,85,1,monophasic
Modulated_autosave_20260717_150657_684ms,Ext. digitorum (L),L_The_ED_FD_FCR B,9,266.8784749801274,274.8784749801274,299.2382843527016,,,none,30.0,85,1,monophasic
Modulated_autosave_20260717_150657_684ms,Ext. digitorum (L),L_The_ED_FD_FCR B,10,300.2382843527016,308.2382843527016,332.5980937252749,,,none,30.0,85,1,monophasic
Modulated_autosave_20260717_150657_684ms,Ext. digitorum (L),L_The_ED_FD_FCR B,1,0.7942811758256951,8.794281175825695,32.35980937257421,,,none,30.0,90,1,monophasic
Modulated_autosave_20260717_150657_684ms,Ext. digitorum (L),L_The_ED_FD_FCR B,2,33.35980937257421,41.35980937257421,65.71961874514842,,,none,30.0,90,1,monophasic
Modulated_autosave_20260717_150657_684ms,Ext. digitorum (L),L_The_ED_FD_FCR B,3,66.71961874514842,74.71961874514842,99.07942811772264,,,none,30.0,90,1,monophasic
Modulated_autosave_20260717_150657_684ms,Ext. digitorum (L),L_The_ED_FD_FCR B,4,100.07942811772264,108.07942811772264,132.43923749029685,,,none,30.0,90,1,monophasic
Modulated_autosave_20260717_150657_684ms,Ext. digitorum (L),L_The_ED_FD_FCR B,5,133.43923749029685,141.43923749029685,165.79904686287017,,,none,30.0,90,1,monophasic
Modulated_autosave_20260717_150657_684ms,Ext. digitorum (L),L_The_ED_FD_FCR B,6,166.79904686287017,174.79904686287017,199.15885623544438,,,none,30.0,90,1,monophasic
Modulated_autosave_20260717_150657_684ms,Ext. digitorum (L),L_The_ED_FD_FCR B,7,200.15885623544438,208.15885623544438,232.51866560801858,,,none,30.0,90,1,monophasic
Modulated_autosave_20260717_150657_684ms,Ext. digitorum (L),L_The_ED_FD_FCR B,8,233.51866560801858,241.51866560801858,265.8784749801274,,,none,30.0,90,1,monophasic
Modulated_autosave_20260717_150657_684ms,Ext. digitorum (L),L_The_ED_FD_FCR B,9,266.8784749801274,274.8784749801274,299.2382843527016,,,none,30.0,90,1,monophasic
Modulated_autosave_20260717_150657_684ms,Ext. digitorum (L),L_The_ED_FD_FCR B,10,300.2382843527016,308.2382843527016,332.5980937252749,,,none,30.0,90,1,monophasic
Modulated_autosave_20260717_150657_684ms,Ext. digitorum (L),L_The_ED_FD_FCR B,1,0.7942811758256951,8.794281175825695,32.35980937257421,0.10876630619168282,0.10876630619168282,none,30.0,95,1,monophasic
Modulated_autosave_20260717_150657_684ms,Ext. digitorum (L),L_The_ED_FD_FCR B,2,33.35980937257421,41.35980937257421,65.71961874514842,0.012085145805031061,0.012085145805031061,none,30.0,95,1,monophasic
Modulated_autosave_20260717_150657_684ms,Ext. digitorum (L),L_The_ED_FD_FCR B,3,66.71961874514842,74.71961874514842,99.07942811772264,0.10272373631596565,0.10272373631596565,none,30.0,95,1,monophasic
Modulated_autosave_20260717_150657_684ms,Ext. digitorum (L),L_The_ED_FD_FCR B,4,100.07942811772264,108.07942811772264,132.43923749029685,0.014099336694926023,0.014099336694926023,none,30.0,95,1,monophasic
Modulated_autosave_20260717_150657_684ms,Ext. digitorum (L),L_The_ED_FD_FCR B,5,133.43923749029685,141.43923749029685,165.79904686287017,0.10507362708449364,0.10507362708449364,none,30.0,95,1,monophasic
Modulated_autosave_20260717_150657_684ms,Ext. digitorum (L),L_The_ED_FD_FCR B,6,166.79904686287017,174.79904686287017,199.15885623544438,0.008056763792410493,0.008056763792410493,none,30.0,95,1,monophasic
Modulated_autosave_20260717_150657_684ms,Ext. digitorum (L),L_The_ED_FD_FCR B,7,200.15885623544438,208.15885623544438,232.51866560801858,0.09198138490319252,0.09198138490319252,none,30.0,95,1,monophasic
Modulated_autosave_20260717_150657_684ms,Ext. digitorum (L),L_The_ED_FD_FCR B,8,233.51866560801858,241.51866560801858,265.8784749801274,0.015777829103171825,0.015777829103171825,none,30.0,95,1,monophasic
Modulated_autosave_20260717_150657_684ms,Ext. digitorum (L),L_The_ED_FD_FCR B,9,266.8784749801274,274.8784749801274,299.2382843527016,0.011245899368077517,0.011245899368077517,none,30.0,95,1,monophasic
Modulated_autosave_20260717_150657_684ms,Ext. digitorum (L),L_The_ED_FD_FCR B,10,300.2382843527016,308.2382843527016,332.5980937252749,0.10943770781159401,0.10943770781159401,none,30.0,95,1,monophasic
Modulated_autosave_20260717_150657_684ms,Ext. digitorum (L),L_The_ED_FD_FCR B,1,0.7942811758256951,8.794281175825695,32.35980937257421,0.10775921121239662,0.10775921121239662,none,30.0,100,1,monophasic
Modulated_autosave_20260717_150657_684ms,Ext. digitorum (L),L_The_ED_FD_FCR B,2,33.35980937257421,41.35980937257421,65.71961874514842,0.09735256060957909,0.09735256060957909,none,30.0,100,1,monophasic
Modulated_autosave_20260717_150657_684ms,Ext. digitorum (L),L_The_ED_FD_FCR B,3,66.71961874514842,74.71961874514842,99.07942811772264,0.012588693294674158,0.012588693294674158,none,30.0,100,1,monophasic
Modulated_autosave_20260717_150657_684ms,Ext. digitorum (L),L_The_ED_FD_FCR B,4,100.07942811772264,108.07942811772264,132.43923749029685,0.10473792627453804,0.10473792627453804,none,30.0,100,1,monophasic
Modulated_autosave_20260717_150657_684ms,Ext. digitorum (L),L_The_ED_FD_FCR B,5,133.43923749029685,141.43923749029685,165.79904686287017,0.10910200700163841,0.10910200700163841,none,30.0,100,1,monophasic
Modulated_autosave_20260717_150657_684ms,Ext. digitorum (L),L_The_ED_FD_FCR B,6,166.79904686287017,174.79904686287017,199.15885623544438,0.00923170824535191,0.00923170824535191,none,30.0,100,1,monophasic
Modulated_autosave_20260717_150657_684ms,Ext. digitorum (L),L_The_ED_FD_FCR B,7,200.15885623544438,208.15885623544438,232.51866560801858,0.09936675056815147,0.09936675056815147,none,30.0,100,1,monophasic
Modulated_autosave_20260717_150657_684ms,Ext. digitorum (L),L_The_ED_FD_FCR B,8,233.51866560801858,241.51866560801858,265.8784749801274,0.017120623029768467,0.017120623029768467,none,30.0,100,1,monophasic
Modulated_autosave_20260717_150657_684ms,Ext. digitorum (L),L_The_ED_FD_FCR B,9,266.8784749801274,274.8784749801274,299.2382843527016,0.10003814846277237,0.10003814846277237,none,30.0,100,1,monophasic
Modulated_autosave_20260717_150657_684ms,Ext. digitorum (L),L_The_ED_FD_FCR B,10,300.2382843527016,308.2382843527016,332.5980937252749,0.10070954263210297,0.10070954263210297,none,30.0,100,1,monophasic
Modulated_autosave_20260717_150657_684ms,Ext. digitorum (L),L_The_ED_FD_FCR B,1,0.7942811758256951,8.794281175825695,32.35980937257421,0.14972152188420296,0.14972152188420296,none,30.0,105,1,monophasic
Modulated_autosave_20260717_150657_684ms,Ext. digitorum (L),L_The_ED_FD_FCR B,2,33.35980937257421,41.35980937257421,65.71961874514842,0.1262226291000843,0.1262226291000843,none,30.0,105,1,monophasic
Modulated_autosave_20260717_150657_684ms,Ext. digitorum (L),L_The_ED_FD_FCR B,3,66.71961874514842,74.71961874514842,99.07942811772264,0.016617075074464083,0.016617075074464083,none,30.0,105,1,monophasic
Modulated_autosave_20260717_150657_684ms,Ext. digitorum (L),L_The_ED_FD_FCR B,4,100.07942811772264,108.07942811772264,132.43923749029685,0.11447318270802498,0.11447318270802498,none,30.0,105,1,monophasic
Modulated_autosave_20260717_150657_684ms,Ext. digitorum (L),L_The_ED_FD_FCR B,5,133.43923749029685,141.43923749029685,165.79904686287017,0.11430533230304718,0.11430533230304718,none,30.0,105,1,monophasic
Modulated_autosave_20260717_150657_684ms,Ext. digitorum (L),L_The_ED_FD_FCR B,6,166.79904686287017,174.79904686287017,199.15885623544438,0.09668116271495819,0.09668116271495819,none,30.0,105,1,monophasic
Modulated_autosave_20260717_150657_684ms,Ext. digitorum (L),L_The_ED_FD_FCR B,7,200.15885623544438,208.15885623544438,232.51866560801858,0.09768826141953468,0.09768826141953468,none,30.0,105,1,monophasic
Modulated_autosave_20260717_150657_684ms,Ext. digitorum (L),L_The_ED_FD_FCR B,8,233.51866560801858,241.51866560801858,265.8784749801274,0.013763638213276863,0.013763638213276863,none,30.0,105,1,monophasic
Modulated_autosave_20260717_150657_684ms,Ext. digitorum (L),L_The_ED_FD_FCR B,9,266.8784749801274,274.8784749801274,299.2382843527016,0.10708781704306602,0.10708781704306602,none,30.0,105,1,monophasic
Modulated_autosave_20260717_150657_684ms,Ext. digitorum (L),L_The_ED_FD_FCR B,10,300.2382843527016,308.2382843527016,332.5980937252749,0.10037384554743767,0.10037384554743767,none,30.0,105,1,monophasic
Modulated_autosave_20260717_150657_684ms,Ext. digitorum (L),L_The_ED_FD_FCR B,1,0.7942811758256951,8.794281175825695,32.35980937257421,0.12487983331084251,0.12487983331084251,none,30.0,110,1,monophasic
Modulated_autosave_20260717_150657_684ms,Ext. digitorum (L),L_The_ED_FD_FCR B,2,33.35980937257421,41.35980937257421,65.71961874514842,0.11480887979269028,0.11480887979269028,none,30.0,110,1,monophasic
Modulated_autosave_20260717_150657_684ms,Ext. digitorum (L),L_The_ED_FD_FCR B,3,66.71961874514842,74.71961874514842,99.07942811772264,0.10792705789208412,0.10792705789208412,none,30.0,110,1,monophasic
Modulated_autosave_20260717_150657_684ms,Ext. digitorum (L),L_The_ED_FD_FCR B,4,100.07942811772264,108.07942811772264,132.43923749029685,0.1114518977701664,0.1114518977701664,none,30.0,110,1,monophasic
Modulated_autosave_20260717_150657_684ms,Ext. digitorum (L),L_The_ED_FD_FCR B,5,133.43923749029685,141.43923749029685,165.79904686287017,0.09164568409323692,0.09164568409323692,none,30.0,110,1,monophasic
Modulated_autosave_20260717_150657_684ms,Ext. digitorum (L),L_The_ED_FD_FCR B,6,166.79904686287017,174.79904686287017,199.15885623544438,0.09231708198785782,0.09231708198785782,none,30.0,110,1,monophasic
Modulated_autosave_20260717_150657_684ms,Ext. digitorum (L),L_The_ED_FD_FCR B,7,200.15885623544438,208.15885623544438,232.51866560801858,0.11413748562335968,0.11413748562335968,none,30.0,110,1,monophasic
Modulated_autosave_20260717_150657_684ms,Ext. digitorum (L),L_The_ED_FD_FCR B,8,233.51866560801858,241.51866560801858,265.8784749801274,0.10087739303708076,0.10087739303708076,none,30.0,110,1,monophasic
Modulated_autosave_20260717_150657_684ms,Ext. digitorum (L),L_The_ED_FD_FCR B,9,266.8784749801274,274.8784749801274,299.2382843527016,0.08493171632289886,0.08493171632289886,none,30.0,110,1,monophasic
Modulated_autosave_20260717_150657_684ms,Ext. digitorum (L),L_The_ED_FD_FCR B,10,300.2382843527016,308.2382843527016,332.5980937252749,0.09903105348348618,0.09903105348348618,none,30.0,110,1,monophasic
Modulated_autosave_20260717_150657_684ms,Flex. digitorum (L),L_The_ED_FD_FCR C,1,0.7942811758256951,8.794281175825695,32.35980937257421,,,none,30.0,15,1,monophasic
Modulated_autosave_20260717_150657_684ms,Flex. digitorum (L),L_The_ED_FD_FCR C,2,33.35980937257421,41.35980937257421,65.71961874514842,,,none,30.0,15,1,monophasic
Modulated_autosave_20260717_150657_684ms,Flex. digitorum (L),L_The_ED_FD_FCR C,3,66.71961874514842,74.71961874514842,99.07942811772264,,,none,30.0,15,1,monophasic
Modulated_autosave_20260717_150657_684ms,Flex. digitorum (L),L_The_ED_FD_FCR C,4,100.07942811772264,108.07942811772264,132.43923749029685,,,none,30.0,15,1,monophasic
Modulated_autosave_20260717_150657_684ms,Flex. digitorum (L),L_The_ED_FD_FCR C,5,133.43923749029685,141.43923749029685,165.79904686287017,,,none,30.0,15,1,monophasic
Modulated_autosave_20260717_150657_684ms,Flex. digitorum (L),L_The_ED_FD_FCR C,6,166.79904686287017,174.79904686287017,199.15885623544438,,,none,30.0,15,1,monophasic
Modulated_autosave_20260717_150657_684ms,Flex. digitorum (L),L_The_ED_FD_FCR C,7,200.15885623544438,208.15885623544438,232.51866560801858,,,none,30.0,15,1,monophasic
Modulated_autosave_20260717_150657_684ms,Flex. digitorum (L),L_The_ED_FD_FCR C,8,233.51866560801858,241.51866560801858,265.8784749801274,,,none,30.0,15,1,monophasic
Modulated_autosave_20260717_150657_684ms,Flex. digitorum (L),L_The_ED_FD_FCR C,9,266.8784749801274,274.8784749801274,299.2382843527016,,,none,30.0,15,1,monophasic
Modulated_autosave_20260717_150657_684ms,Flex. digitorum (L),L_The_ED_FD_FCR C,10,300.2382843527016,308.2382843527016,332.5980937252749,,,none,30.0,15,1,monophasic
Modulated_autosave_20260717_150657_684ms,Flex. digitorum (L),L_The_ED_FD_FCR C,1,0.7942811758256951,8.794281175825695,32.35980937257421,,,none,30.0,20,1,monophasic
Modulated_autosave_20260717_150657_684ms,Flex. digitorum (L),L_The_ED_FD_FCR C,2,33.35980937257421,41.35980937257421,65.71961874514842,,,none,30.0,20,1,monophasic
Modulated_autosave_20260717_150657_684ms,Flex. digitorum (L),L_The_ED_FD_FCR C,3,66.71961874514842,74.71961874514842,99.07942811772264,,,none,30.0,20,1,monophasic
Modulated_autosave_20260717_150657_684ms,Flex. digitorum (L),L_The_ED_FD_FCR C,4,100.07942811772264,108.07942811772264,132.43923749029685,,,none,30.0,20,1,monophasic
Modulated_autosave_20260717_150657_684ms,Flex. digitorum (L),L_The_ED_FD_FCR C,5,133.43923749029685,141.43923749029685,165.79904686287017,,,none,30.0,20,1,monophasic
Modulated_autosave_20260717_150657_684ms,Flex. digitorum (L),L_The_ED_FD_FCR C,6,166.79904686287017,174.79904686287017,199.15885623544438,,,none,30.0,20,1,monophasic
Modulated_autosave_20260717_150657_684ms,Flex. digitorum (L),L_The_ED_FD_FCR C,7,200.15885623544438,208.15885623544438,232.51866560801858,,,none,30.0,20,1,monophasic
Modulated_autosave_20260717_150657_684ms,Flex. digitorum (L),L_The_ED_FD_FCR C,8,233.51866560801858,241.51866560801858,265.8784749801274,,,none,30.0,20,1,monophasic
Modulated_autosave_20260717_150657_684ms,Flex. digitorum (L),L_The_ED_FD_FCR C,9,266.8784749801274,274.8784749801274,299.2382843527016,,,none,30.0,20,1,monophasic
Modulated_autosave_20260717_150657_684ms,Flex. digitorum (L),L_The_ED_FD_FCR C,10,300.2382843527016,308.2382843527016,332.5980937252749,,,none,30.0,20,1,monophasic
Modulated_autosave_20260717_150657_684ms,Flex. digitorum (L),L_The_ED_FD_FCR C,1,0.7942811758256951,8.794281175825695,32.35980937257421,,,none,30.0,25,1,monophasic
Modulated_autosave_20260717_150657_684ms,Flex. digitorum (L),L_The_ED_FD_FCR C,2,33.35980937257421,41.35980937257421,65.71961874514842,,,none,30.0,25,1,monophasic
Modulated_autosave_20260717_150657_684ms,Flex. digitorum (L),L_The_ED_FD_FCR C,3,66.71961874514842,74.71961874514842,99.07942811772264,,,none,30.0,25,1,monophasic
Modulated_autosave_20260717_150657_684ms,Flex. digitorum (L),L_The_ED_FD_FCR C,4,100.07942811772264,108.07942811772264,132.43923749029685,,,none,30.0,25,1,monophasic
Modulated_autosave_20260717_150657_684ms,Flex. digitorum (L),L_The_ED_FD_FCR C,5,133.43923749029685,141.43923749029685,165.79904686287017,,,none,30.0,25,1,monophasic
Modulated_autosave_20260717_150657_684ms,Flex. digitorum (L),L_The_ED_FD_FCR C,6,166.79904686287017,174.79904686287017,199.15885623544438,,,none,30.0,25,1,monophasic
Modulated_autosave_20260717_150657_684ms,Flex. digitorum (L),L_The_ED_FD_FCR C,7,200.15885623544438,208.15885623544438,232.51866560801858,,,none,30.0,25,1,monophasic
Modulated_autosave_20260717_150657_684ms,Flex. digitorum (L),L_The_ED_FD_FCR C,8,233.51866560801858,241.51866560801858,265.8784749801274,,,none,30.0,25,1,monophasic
Modulated_autosave_20260717_150657_684ms,Flex. digitorum (L),L_The_ED_FD_FCR C,9,266.8784749801274,274.8784749801274,299.2382843527016,,,none,30.0,25,1,monophasic
Modulated_autosave_20260717_150657_684ms,Flex. digitorum (L),L_The_ED_FD_FCR C,10,300.2382843527016,308.2382843527016,332.5980937252749,,,none,30.0,25,1,monophasic
Modulated_autosave_20260717_150657_684ms,Flex. digitorum (L),L_The_ED_FD_FCR C,1,0.7942811758256951,8.794281175825695,32.35980937257421,,,none,30.0,30,1,monophasic
Modulated_autosave_20260717_150657_684ms,Flex. digitorum (L),L_The_ED_FD_FCR C,2,33.35980937257421,41.35980937257421,65.71961874514842,,,none,30.0,30,1,monophasic
Modulated_autosave_20260717_150657_684ms,Flex. digitorum (L),L_The_ED_FD_FCR C,3,66.71961874514842,74.71961874514842,99.07942811772264,,,none,30.0,30,1,monophasic
Modulated_autosave_20260717_150657_684ms,Flex. digitorum (L),L_The_ED_FD_FCR C,4,100.07942811772264,108.07942811772264,132.43923749029685,,,none,30.0,30,1,monophasic
Modulated_autosave_20260717_150657_684ms,Flex. digitorum (L),L_The_ED_FD_FCR C,5,133.43923749029685,141.43923749029685,165.79904686287017,,,none,30.0,30,1,monophasic
Modulated_autosave_20260717_150657_684ms,Flex. digitorum (L),L_The_ED_FD_FCR C,6,166.79904686287017,174.79904686287017,199.15885623544438,,,none,30.0,30,1,monophasic
Modulated_autosave_20260717_150657_684ms,Flex. digitorum (L),L_The_ED_FD_FCR C,7,200.15885623544438,208.15885623544438,232.51866560801858,,,none,30.0,30,1,monophasic
Modulated_autosave_20260717_150657_684ms,Flex. digitorum (L),L_The_ED_FD_FCR C,8,233.51866560801858,241.51866560801858,265.8784749801274,,,none,30.0,30,1,monophasic
Modulated_autosave_20260717_150657_684ms,Flex. digitorum (L),L_The_ED_FD_FCR C,9,266.8784749801274,274.8784749801274,299.2382843527016,,,none,30.0,30,1,monophasic
Modulated_autosave_20260717_150657_684ms,Flex. digitorum (L),L_The_ED_FD_FCR C,10,300.2382843527016,308.2382843527016,332.5980937252749,,,none,30.0,30,1,monophasic
Modulated_autosave_20260717_150657_684ms,Flex. digitorum (L),L_The_ED_FD_FCR C,1,0.7942811758256951,8.794281175825695,32.35980937257421,,,none,30.0,35,1,monophasic
Modulated_autosave_20260717_150657_684ms,Flex. digitorum (L),L_The_ED_FD_FCR C,2,33.35980937257421,41.35980937257421,65.71961874514842,,,none,30.0,35,1,monophasic
Modulated_autosave_20260717_150657_684ms,Flex. digitorum (L),L_The_ED_FD_FCR C,3,66.71961874514842,74.71961874514842,99.07942811772264,,,none,30.0,35,1,monophasic
Modulated_autosave_20260717_150657_684ms,Flex. digitorum (L),L_The_ED_FD_FCR C,4,100.07942811772264,108.07942811772264,132.43923749029685,,,none,30.0,35,1,monophasic
Modulated_autosave_20260717_150657_684ms,Flex. digitorum (L),L_The_ED_FD_FCR C,5,133.43923749029685,141.43923749029685,165.79904686287017,,,none,30.0,35,1,monophasic
Modulated_autosave_20260717_150657_684ms,Flex. digitorum (L),L_The_ED_FD_FCR C,6,166.79904686287017,174.79904686287017,199.15885623544438,,,none,30.0,35,1,monophasic
Modulated_autosave_20260717_150657_684ms,Flex. digitorum (L),L_The_ED_FD_FCR C,7,200.15885623544438,208.15885623544438,232.51866560801858,,,none,30.0,35,1,monophasic
Modulated_autosave_20260717_150657_684ms,Flex. digitorum (L),L_The_ED_FD_FCR C,8,233.51866560801858,241.51866560801858,265.8784749801274,,,none,30.0,35,1,monophasic
Modulated_autosave_20260717_150657_684ms,Flex. digitorum (L),L_The_ED_FD_FCR C,9,266.8784749801274,274.8784749801274,299.2382843527016,,,none,30.0,35,1,monophasic
Modulated_autosave_20260717_150657_684ms,Flex. digitorum (L),L_The_ED_FD_FCR C,10,300.2382843527016,308.2382843527016,332.5980937252749,,,none,30.0,35,1,monophasic
Modulated_autosave_20260717_150657_684ms,Flex. digitorum (L),L_The_ED_FD_FCR C,1,0.7942811758256951,8.794281175825695,32.35980937257421,,,none,30.0,40,1,monophasic
Modulated_autosave_20260717_150657_684ms,Flex. digitorum (L),L_The_ED_FD_FCR C,2,33.35980937257421,41.35980937257421,65.71961874514842,,,none,30.0,40,1,monophasic
Modulated_autosave_20260717_150657_684ms,Flex. digitorum (L),L_The_ED_FD_FCR C,3,66.71961874514842,74.71961874514842,99.07942811772264,,,none,30.0,40,1,monophasic
Modulated_autosave_20260717_150657_684ms,Flex. digitorum (L),L_The_ED_FD_FCR C,4,100.07942811772264,108.07942811772264,132.43923749029685,,,none,30.0,40,1,monophasic
Modulated_autosave_20260717_150657_684ms,Flex. digitorum (L),L_The_ED_FD_FCR C,5,133.43923749029685,141.43923749029685,165.79904686287017,,,none,30.0,40,1,monophasic
Modulated_autosave_20260717_150657_684ms,Flex. digitorum (L),L_The_ED_FD_FCR C,6,166.79904686287017,174.79904686287017,199.15885623544438,,,none,30.0,40,1,monophasic
Modulated_autosave_20260717_150657_684ms,Flex. digitorum (L),L_The_ED_FD_FCR C,7,200.15885623544438,208.15885623544438,232.51866560801858,,,none,30.0,40,1,monophasic
Modulated_autosave_20260717_150657_684ms,Flex. digitorum (L),L_The_ED_FD_FCR C,8,233.51866560801858,241.51866560801858,265.8784749801274,,,none,30.0,40,1,monophasic
Modulated_autosave_20260717_150657_684ms,Flex. digitorum (L),L_The_ED_FD_FCR C,9,266.8784749801274,274.8784749801274,299.2382843527016,,,none,30.0,40,1,monophasic
Modulated_autosave_20260717_150657_684ms,Flex. digitorum (L),L_The_ED_FD_FCR C,10,300.2382843527016,308.2382843527016,332.5980937252749,,,none,30.0,40,1,monophasic
Modulated_autosave_20260717_150657_684ms,Flex. digitorum (L),L_The_ED_FD_FCR C,1,0.7942811758256951,8.794281175825695,32.35980937257421,,,none,30.0,45,1,monophasic
Modulated_autosave_20260717_150657_684ms,Flex. digitorum (L),L_The_ED_FD_FCR C,2,33.35980937257421,41.35980937257421,65.71961874514842,,,none,30.0,45,1,monophasic
Modulated_autosave_20260717_150657_684ms,Flex. digitorum (L),L_The_ED_FD_FCR C,3,66.71961874514842,74.71961874514842,99.07942811772264,,,none,30.0,45,1,monophasic
Modulated_autosave_20260717_150657_684ms,Flex. digitorum (L),L_The_ED_FD_FCR C,4,100.07942811772264,108.07942811772264,132.43923749029685,,,none,30.0,45,1,monophasic
Modulated_autosave_20260717_150657_684ms,Flex. digitorum (L),L_The_ED_FD_FCR C,5,133.43923749029685,141.43923749029685,165.79904686287017,,,none,30.0,45,1,monophasic
Modulated_autosave_20260717_150657_684ms,Flex. digitorum (L),L_The_ED_FD_FCR C,6,166.79904686287017,174.79904686287017,199.15885623544438,,,none,30.0,45,1,monophasic
Modulated_autosave_20260717_150657_684ms,Flex. digitorum (L),L_The_ED_FD_FCR C,7,200.15885623544438,208.15885623544438,232.51866560801858,,,none,30.0,45,1,monophasic
Modulated_autosave_20260717_150657_684ms,Flex. digitorum (L),L_The_ED_FD_FCR C,8,233.51866560801858,241.51866560801858,265.8784749801274,,,none,30.0,45,1,monophasic
Modulated_autosave_20260717_150657_684ms,Flex. digitorum (L),L_The_ED_FD_FCR C,9,266.8784749801274,274.8784749801274,299.2382843527016,,,none,30.0,45,1,monophasic
Modulated_autosave_20260717_150657_684ms,Flex. digitorum (L),L_The_ED_FD_FCR C,10,300.2382843527016,308.2382843527016,332.5980937252749,,,none,30.0,45,1,monophasic
Modulated_autosave_20260717_150657_684ms,Flex. digitorum (L),L_The_ED_FD_FCR C,1,0.7942811758256951,8.794281175825695,32.35980937257421,,,none,30.0,50,1,monophasic
Modulated_autosave_20260717_150657_684ms,Flex. digitorum (L),L_The_ED_FD_FCR C,2,33.35980937257421,41.35980937257421,65.71961874514842,,,none,30.0,50,1,monophasic
Modulated_autosave_20260717_150657_684ms,Flex. digitorum (L),L_The_ED_FD_FCR C,3,66.71961874514842,74.71961874514842,99.07942811772264,,,none,30.0,50,1,monophasic
Modulated_autosave_20260717_150657_684ms,Flex. digitorum (L),L_The_ED_FD_FCR C,4,100.07942811772264,108.07942811772264,132.43923749029685,,,none,30.0,50,1,monophasic
Modulated_autosave_20260717_150657_684ms,Flex. digitorum (L),L_The_ED_FD_FCR C,5,133.43923749029685,141.43923749029685,165.79904686287017,,,none,30.0,50,1,monophasic
Modulated_autosave_20260717_150657_684ms,Flex. digitorum (L),L_The_ED_FD_FCR C,6,166.79904686287017,174.79904686287017,199.15885623544438,,,none,30.0,50,1,monophasic
Modulated_autosave_20260717_150657_684ms,Flex. digitorum (L),L_The_ED_FD_FCR C,7,200.15885623544438,208.15885623544438,232.51866560801858,,,none,30.0,50,1,monophasic
Modulated_autosave_20260717_150657_684ms,Flex. digitorum (L),L_The_ED_FD_FCR C,8,233.51866560801858,241.51866560801858,265.8784749801274,,,none,30.0,50,1,monophasic
Modulated_autosave_20260717_150657_684ms,Flex. digitorum (L),L_The_ED_FD_FCR C,9,266.8784749801274,274.8784749801274,299.2382843527016,,,none,30.0,50,1,monophasic
Modulated_autosave_20260717_150657_684ms,Flex. digitorum (L),L_The_ED_FD_FCR C,10,300.2382843527016,308.2382843527016,332.5980937252749,,,none,30.0,50,1,monophasic
Modulated_autosave_20260717_150657_684ms,Flex. digitorum (L),L_The_ED_FD_FCR C,1,0.7942811758256951,8.794281175825695,32.35980937257421,,,none,30.0,55,1,monophasic
Modulated_autosave_20260717_150657_684ms,Flex. digitorum (L),L_The_ED_FD_FCR C,2,33.35980937257421,41.35980937257421,65.71961874514842,,,none,30.0,55,1,monophasic
Modulated_autosave_20260717_150657_684ms,Flex. digitorum (L),L_The_ED_FD_FCR C,3,66.71961874514842,74.71961874514842,99.07942811772264,,,none,30.0,55,1,monophasic
Modulated_autosave_20260717_150657_684ms,Flex. digitorum (L),L_The_ED_FD_FCR C,4,100.07942811772264,108.07942811772264,132.43923749029685,,,none,30.0,55,1,monophasic
Modulated_autosave_20260717_150657_684ms,Flex. digitorum (L),L_The_ED_FD_FCR C,5,133.43923749029685,141.43923749029685,165.79904686287017,,,none,30.0,55,1,monophasic
Modulated_autosave_20260717_150657_684ms,Flex. digitorum (L),L_The_ED_FD_FCR C,6,166.79904686287017,174.79904686287017,199.15885623544438,,,none,30.0,55,1,monophasic
Modulated_autosave_20260717_150657_684ms,Flex. digitorum (L),L_The_ED_FD_FCR C,7,200.15885623544438,208.15885623544438,232.51866560801858,,,none,30.0,55,1,monophasic
Modulated_autosave_20260717_150657_684ms,Flex. digitorum (L),L_The_ED_FD_FCR C,8,233.51866560801858,241.51866560801858,265.8784749801274,,,none,30.0,55,1,monophasic
Modulated_autosave_20260717_150657_684ms,Flex. digitorum (L),L_The_ED_FD_FCR C,9,266.8784749801274,274.8784749801274,299.2382843527016,,,none,30.0,55,1,monophasic
Modulated_autosave_20260717_150657_684ms,Flex. digitorum (L),L_The_ED_FD_FCR C,10,300.2382843527016,308.2382843527016,332.5980937252749,,,none,30.0,55,1,monophasic
Modulated_autosave_20260717_150657_684ms,Flex. digitorum (L),L_The_ED_FD_FCR C,1,0.7942811758256951,8.794281175825695,32.35980937257421,,,none,30.0,60,1,monophasic
Modulated_autosave_20260717_150657_684ms,Flex. digitorum (L),L_The_ED_FD_FCR C,2,33.35980937257421,41.35980937257421,65.71961874514842,,,none,30.0,60,1,monophasic
Modulated_autosave_20260717_150657_684ms,Flex. digitorum (L),L_The_ED_FD_FCR C,3,66.71961874514842,74.71961874514842,99.07942811772264,,,none,30.0,60,1,monophasic
Modulated_autosave_20260717_150657_684ms,Flex. digitorum (L),L_The_ED_FD_FCR C,4,100.07942811772264,108.07942811772264,132.43923749029685,,,none,30.0,60,1,monophasic
Modulated_autosave_20260717_150657_684ms,Flex. digitorum (L),L_The_ED_FD_FCR C,5,133.43923749029685,141.43923749029685,165.79904686287017,,,none,30.0,60,1,monophasic
Modulated_autosave_20260717_150657_684ms,Flex. digitorum (L),L_The_ED_FD_FCR C,6,166.79904686287017,174.79904686287017,199.15885623544438,,,none,30.0,60,1,monophasic
Modulated_autosave_20260717_150657_684ms,Flex. digitorum (L),L_The_ED_FD_FCR C,7,200.15885623544438,208.15885623544438,232.51866560801858,,,none,30.0,60,1,monophasic
Modulated_autosave_20260717_150657_684ms,Flex. digitorum (L),L_The_ED_FD_FCR C,8,233.51866560801858,241.51866560801858,265.8784749801274,,,none,30.0,60,1,monophasic
Modulated_autosave_20260717_150657_684ms,Flex. digitorum (L),L_The_ED_FD_FCR C,9,266.8784749801274,274.8784749801274,299.2382843527016,,,none,30.0,60,1,monophasic
Modulated_autosave_20260717_150657_684ms,Flex. digitorum (L),L_The_ED_FD_FCR C,10,300.2382843527016,308.2382843527016,332.5980937252749,,,none,30.0,60,1,monophasic
Modulated_autosave_20260717_150657_684ms,Flex. digitorum (L),L_The_ED_FD_FCR C,1,0.7942811758256951,8.794281175825695,32.35980937257421,,,none,30.0,65,1,monophasic
Modulated_autosave_20260717_150657_684ms,Flex. digitorum (L),L_The_ED_FD_FCR C,2,33.35980937257421,41.35980937257421,65.71961874514842,,,none,30.0,65,1,monophasic
Modulated_autosave_20260717_150657_684ms,Flex. digitorum (L),L_The_ED_FD_FCR C,3,66.71961874514842,74.71961874514842,99.07942811772264,,,none,30.0,65,1,monophasic
Modulated_autosave_20260717_150657_684ms,Flex. digitorum (L),L_The_ED_FD_FCR C,4,100.07942811772264,108.07942811772264,132.43923749029685,,,none,30.0,65,1,monophasic
Modulated_autosave_20260717_150657_684ms,Flex. digitorum (L),L_The_ED_FD_FCR C,5,133.43923749029685,141.43923749029685,165.79904686287017,,,none,30.0,65,1,monophasic
Modulated_autosave_20260717_150657_684ms,Flex. digitorum (L),L_The_ED_FD_FCR C,6,166.79904686287017,174.79904686287017,199.15885623544438,,,none,30.0,65,1,monophasic
Modulated_autosave_20260717_150657_684ms,Flex. digitorum (L),L_The_ED_FD_FCR C,7,200.15885623544438,208.15885623544438,232.51866560801858,,,none,30.0,65,1,monophasic
Modulated_autosave_20260717_150657_684ms,Flex. digitorum (L),L_The_ED_FD_FCR C,8,233.51866560801858,241.51866560801858,265.8784749801274,,,none,30.0,65,1,monophasic
Modulated_autosave_20260717_150657_684ms,Flex. digitorum (L),L_The_ED_FD_FCR C,9,266.8784749801274,274.8784749801274,299.2382843527016,,,none,30.0,65,1,monophasic
Modulated_autosave_20260717_150657_684ms,Flex. digitorum (L),L_The_ED_FD_FCR C,10,300.2382843527016,308.2382843527016,332.5980937252749,,,none,30.0,65,1,monophasic
Modulated_autosave_20260717_150657_684ms,Flex. digitorum (L),L_The_ED_FD_FCR C,1,0.7942811758256951,8.794281175825695,32.35980937257421,,,none,30.0,70,1,monophasic
Modulated_autosave_20260717_150657_684ms,Flex. digitorum (L),L_The_ED_FD_FCR C,2,33.35980937257421,41.35980937257421,65.71961874514842,,,none,30.0,70,1,monophasic
Modulated_autosave_20260717_150657_684ms,Flex. digitorum (L),L_The_ED_FD_FCR C,3,66.71961874514842,74.71961874514842,99.07942811772264,,,none,30.0,70,1,monophasic
Modulated_autosave_20260717_150657_684ms,Flex. digitorum (L),L_The_ED_FD_FCR C,4,100.07942811772264,108.07942811772264,132.43923749029685,,,none,30.0,70,1,monophasic
Modulated_autosave_20260717_150657_684ms,Flex. digitorum (L),L_The_ED_FD_FCR C,5,133.43923749029685,141.43923749029685,165.79904686287017,,,none,30.0,70,1,monophasic
Modulated_autosave_20260717_150657_684ms,Flex. digitorum (L),L_The_ED_FD_FCR C,6,166.79904686287017,174.79904686287017,199.15885623544438,,,none,30.0,70,1,monophasic
Modulated_autosave_20260717_150657_684ms,Flex. digitorum (L),L_The_ED_FD_FCR C,7,200.15885623544438,208.15885623544438,232.51866560801858,,,none,30.0,70,1,monophasic
Modulated_autosave_20260717_150657_684ms,Flex. digitorum (L),L_The_ED_FD_FCR C,8,233.51866560801858,241.51866560801858,265.8784749801274,,,none,30.0,70,1,monophasic
Modulated_autosave_20260717_150657_684ms,Flex. digitorum (L),L_The_ED_FD_FCR C,9,266.8784749801274,274.8784749801274,299.2382843527016,,,none,30.0,70,1,monophasic
Modulated_autosave_20260717_150657_684ms,Flex. digitorum (L),L_The_ED_FD_FCR C,10,300.2382843527016,308.2382843527016,332.5980937252749,,,none,30.0,70,1,monophasic
Modulated_autosave_20260717_150657_684ms,Flex. digitorum (L),L_The_ED_FD_FCR C,1,0.7942811758256951,8.794281175825695,32.35980937257421,,,none,30.0,75,1,monophasic
Modulated_autosave_20260717_150657_684ms,Flex. digitorum (L),L_The_ED_FD_FCR C,2,33.35980937257421,41.35980937257421,65.71961874514842,,,none,30.0,75,1,monophasic
Modulated_autosave_20260717_150657_684ms,Flex. digitorum (L),L_The_ED_FD_FCR C,3,66.71961874514842,74.71961874514842,99.07942811772264,,,none,30.0,75,1,monophasic
Modulated_autosave_20260717_150657_684ms,Flex. digitorum (L),L_The_ED_FD_FCR C,4,100.07942811772264,108.07942811772264,132.43923749029685,,,none,30.0,75,1,monophasic
Modulated_autosave_20260717_150657_684ms,Flex. digitorum (L),L_The_ED_FD_FCR C,5,133.43923749029685,141.43923749029685,165.79904686287017,,,none,30.0,75,1,monophasic
Modulated_autosave_20260717_150657_684ms,Flex. digitorum (L),L_The_ED_FD_FCR C,6,166.79904686287017,174.79904686287017,199.15885623544438,,,none,30.0,75,1,monophasic
Modulated_autosave_20260717_150657_684ms,Flex. digitorum (L),L_The_ED_FD_FCR C,7,200.15885623544438,208.15885623544438,232.51866560801858,,,none,30.0,75,1,monophasic
Modulated_autosave_20260717_150657_684ms,Flex. digitorum (L),L_The_ED_FD_FCR C,8,233.51866560801858,241.51866560801858,265.8784749801274,,,none,30.0,75,1,monophasic
Modulated_autosave_20260717_150657_684ms,Flex. digitorum (L),L_The_ED_FD_FCR C,9,266.8784749801274,274.8784749801274,299.2382843527016,,,none,30.0,75,1,monophasic
Modulated_autosave_20260717_150657_684ms,Flex. digitorum (L),L_The_ED_FD_FCR C,10,300.2382843527016,308.2382843527016,332.5980937252749,,,none,30.0,75,1,monophasic
Modulated_autosave_20260717_150657_684ms,Flex. digitorum (L),L_The_ED_FD_FCR C,1,0.7942811758256951,8.794281175825695,32.35980937257421,,,none,30.0,80,1,monophasic
Modulated_autosave_20260717_150657_684ms,Flex. digitorum (L),L_The_ED_FD_FCR C,2,33.35980937257421,41.35980937257421,65.71961874514842,,,none,30.0,80,1,monophasic
Modulated_autosave_20260717_150657_684ms,Flex. digitorum (L),L_The_ED_FD_FCR C,3,66.71961874514842,74.71961874514842,99.07942811772264,,,none,30.0,80,1,monophasic
Modulated_autosave_20260717_150657_684ms,Flex. digitorum (L),L_The_ED_FD_FCR C,4,100.07942811772264,108.07942811772264,132.43923749029685,,,none,30.0,80,1,monophasic
Modulated_autosave_20260717_150657_684ms,Flex. digitorum (L),L_The_ED_FD_FCR C,5,133.43923749029685,141.43923749029685,165.79904686287017,,,none,30.0,80,1,monophasic
Modulated_autosave_20260717_150657_684ms,Flex. digitorum (L),L_The_ED_FD_FCR C,6,166.79904686287017,174.79904686287017,199.15885623544438,,,none,30.0,80,1,monophasic
Modulated_autosave_20260717_150657_684ms,Flex. digitorum (L),L_The_ED_FD_FCR C,7,200.15885623544438,208.15885623544438,232.51866560801858,,,none,30.0,80,1,monophasic
Modulated_autosave_20260717_150657_684ms,Flex. digitorum (L),L_The_ED_FD_FCR C,8,233.51866560801858,241.51866560801858,265.8784749801274,,,none,30.0,80,1,monophasic
Modulated_autosave_20260717_150657_684ms,Flex. digitorum (L),L_The_ED_FD_FCR C,9,266.8784749801274,274.8784749801274,299.2382843527016,,,none,30.0,80,1,monophasic
Modulated_autosave_20260717_150657_684ms,Flex. digitorum (L),L_The_ED_FD_FCR C,10,300.2382843527016,308.2382843527016,332.5980937252749,,,none,30.0,80,1,monophasic
Modulated_autosave_20260717_150657_684ms,Flex. digitorum (L),L_The_ED_FD_FCR C,1,0.7942811758256951,8.794281175825695,32.35980937257421,,,none,30.0,85,1,monophasic
Modulated_autosave_20260717_150657_684ms,Flex. digitorum (L),L_The_ED_FD_FCR C,2,33.35980937257421,41.35980937257421,65.71961874514842,,,none,30.0,85,1,monophasic
Modulated_autosave_20260717_150657_684ms,Flex. digitorum (L),L_The_ED_FD_FCR C,3,66.71961874514842,74.71961874514842,99.07942811772264,,,none,30.0,85,1,monophasic
Modulated_autosave_20260717_150657_684ms,Flex. digitorum (L),L_The_ED_FD_FCR C,4,100.07942811772264,108.07942811772264,132.43923749029685,,,none,30.0,85,1,monophasic
Modulated_autosave_20260717_150657_684ms,Flex. digitorum (L),L_The_ED_FD_FCR C,5,133.43923749029685,141.43923749029685,165.79904686287017,,,none,30.0,85,1,monophasic
Modulated_autosave_20260717_150657_684ms,Flex. digitorum (L),L_The_ED_FD_FCR C,6,166.79904686287017,174.79904686287017,199.15885623544438,,,none,30.0,85,1,monophasic
Modulated_autosave_20260717_150657_684ms,Flex. digitorum (L),L_The_ED_FD_FCR C,7,200.15885623544438,208.15885623544438,232.51866560801858,,,none,30.0,85,1,monophasic
Modulated_autosave_20260717_150657_684ms,Flex. digitorum (L),L_The_ED_FD_FCR C,8,233.51866560801858,241.51866560801858,265.8784749801274,,,none,30.0,85,1,monophasic
Modulated_autosave_20260717_150657_684ms,Flex. digitorum (L),L_The_ED_FD_FCR C,9,266.8784749801274,274.8784749801274,299.2382843527016,,,none,30.0,85,1,monophasic
Modulated_autosave_20260717_150657_684ms,Flex. digitorum (L),L_The_ED_FD_FCR C,10,300.2382843527016,308.2382843527016,332.5980937252749,,,none,30.0,85,1,monophasic
Modulated_autosave_20260717_150657_684ms,Flex. digitorum (L),L_The_ED_FD_FCR C,1,0.7942811758256951,8.794281175825695,32.35980937257421,,,none,30.0,90,1,monophasic
Modulated_autosave_20260717_150657_684ms,Flex. digitorum (L),L_The_ED_FD_FCR C,2,33.35980937257421,41.35980937257421,65.71961874514842,,,none,30.0,90,1,monophasic
Modulated_autosave_20260717_150657_684ms,Flex. digitorum (L),L_The_ED_FD_FCR C,3,66.71961874514842,74.71961874514842,99.07942811772264,,,none,30.0,90,1,monophasic
Modulated_autosave_20260717_150657_684ms,Flex. digitorum (L),L_The_ED_FD_FCR C,4,100.07942811772264,108.07942811772264,132.43923749029685,,,none,30.0,90,1,monophasic
Modulated_autosave_20260717_150657_684ms,Flex. digitorum (L),L_The_ED_FD_FCR C,5,133.43923749029685,141.43923749029685,165.79904686287017,,,none,30.0,90,1,monophasic
Modulated_autosave_20260717_150657_684ms,Flex. digitorum (L),L_The_ED_FD_FCR C,6,166.79904686287017,174.79904686287017,199.15885623544438,,,none,30.0,90,1,monophasic
Modulated_autosave_20260717_150657_684ms,Flex. digitorum (L),L_The_ED_FD_FCR C,7,200.15885623544438,208.15885623544438,232.51866560801858,,,none,30.0,90,1,monophasic
Modulated_autosave_20260717_150657_684ms,Flex. digitorum (L),L_The_ED_FD_FCR C,8,233.51866560801858,241.51866560801858,265.8784749801274,,,none,30.0,90,1,monophasic
Modulated_autosave_20260717_150657_684ms,Flex. digitorum (L),L_The_ED_FD_FCR C,9,266.8784749801274,274.8784749801274,299.2382843527016,,,none,30.0,90,1,monophasic
Modulated_autosave_20260717_150657_684ms,Flex. digitorum (L),L_The_ED_FD_FCR C,10,300.2382843527016,308.2382843527016,332.5980937252749,,,none,30.0,90,1,monophasic
Modulated_autosave_20260717_150657_684ms,Flex. digitorum (L),L_The_ED_FD_FCR C,1,0.7942811758256951,8.794281175825695,32.35980937257421,,,none,30.0,95,1,monophasic
Modulated_autosave_20260717_150657_684ms,Flex. digitorum (L),L_The_ED_FD_FCR C,2,33.35980937257421,41.35980937257421,65.71961874514842,,,none,30.0,95,1,monophasic
Modulated_autosave_20260717_150657_684ms,Flex. digitorum (L),L_The_ED_FD_FCR C,3,66.71961874514842,74.71961874514842,99.07942811772264,,,none,30.0,95,1,monophasic
Modulated_autosave_20260717_150657_684ms,Flex. digitorum (L),L_The_ED_FD_FCR C,4,100.07942811772264,108.07942811772264,132.43923749029685,,,none,30.0,95,1,monophasic
Modulated_autosave_20260717_150657_684ms,Flex. digitorum (L),L_The_ED_FD_FCR C,5,133.43923749029685,141.43923749029685,165.79904686287017,,,none,30.0,95,1,monophasic
Modulated_autosave_20260717_150657_684ms,Flex. digitorum (L),L_The_ED_FD_FCR C,6,166.79904686287017,174.79904686287017,199.15885623544438,,,none,30.0,95,1,monophasic
Modulated_autosave_20260717_150657_684ms,Flex. digitorum (L),L_The_ED_FD_FCR C,7,200.15885623544438,208.15885623544438,232.51866560801858,,,none,30.0,95,1,monophasic
Modulated_autosave_20260717_150657_684ms,Flex. digitorum (L),L_The_ED_FD_FCR C,8,233.51866560801858,241.51866560801858,265.8784749801274,,,none,30.0,95,1,monophasic
Modulated_autosave_20260717_150657_684ms,Flex. digitorum (L),L_The_ED_FD_FCR C,9,266.8784749801274,274.8784749801274,299.2382843527016,,,none,30.0,95,1,monophasic
Modulated_autosave_20260717_150657_684ms,Flex. digitorum (L),L_The_ED_FD_FCR C,10,300.2382843527016,308.2382843527016,332.5980937252749,,,none,30.0,95,1,monophasic
Modulated_autosave_20260717_150657_684ms,Flex. digitorum (L),L_The_ED_FD_FCR C,1,0.7942811758256951,8.794281175825695,32.35980937257421,,,none,30.0,100,1,monophasic
Modulated_autosave_20260717_150657_684ms,Flex. digitorum (L),L_The_ED_FD_FCR C,2,33.35980937257421,41.35980937257421,65.71961874514842,,,none,30.0,100,1,monophasic
Modulated_autosave_20260717_150657_684ms,Flex. digitorum (L),L_The_ED_FD_FCR C,3,66.71961874514842,74.71961874514842,99.07942811772264,,,none,30.0,100,1,monophasic
Modulated_autosave_20260717_150657_684ms,Flex. digitorum (L),L_The_ED_FD_FCR C,4,100.07942811772264,108.07942811772264,132.43923749029685,,,none,30.0,100,1,monophasic
Modulated_autosave_20260717_150657_684ms,Flex. digitorum (L),L_The_ED_FD_FCR C,5,133.43923749029685,141.43923749029685,165.79904686287017,,,none,30.0,100,1,monophasic
Modulated_autosave_20260717_150657_684ms,Flex. digitorum (L),L_The_ED_FD_FCR C,6,166.79904686287017,174.79904686287017,199.15885623544438,,,none,30.0,100,1,monophasic
Modulated_autosave_20260717_150657_684ms,Flex. digitorum (L),L_The_ED_FD_FCR C,7,200.15885623544438,208.15885623544438,232.51866560801858,,,none,30.0,100,1,monophasic
Modulated_autosave_20260717_150657_684ms,Flex. digitorum (L),L_The_ED_FD_FCR C,8,233.51866560801858,241.51866560801858,265.8784749801274,,,none,30.0,100,1,monophasic
Modulated_autosave_20260717_150657_684ms,Flex. digitorum (L),L_The_ED_FD_FCR C,9,266.8784749801274,274.8784749801274,299.2382843527016,,,none,30.0,100,1,monophasic
Modulated_autosave_20260717_150657_684ms,Flex. digitorum (L),L_The_ED_FD_FCR C,10,300.2382843527016,308.2382843527016,332.5980937252749,,,none,30.0,100,1,monophasic
Modulated_autosave_20260717_150657_684ms,Flex. digitorum (L),L_The_ED_FD_FCR C,1,0.7942811758256951,8.794281175825695,32.35980937257421,,,none,30.0,105,1,monophasic
Modulated_autosave_20260717_150657_684ms,Flex. digitorum (L),L_The_ED_FD_FCR C,2,33.35980937257421,41.35980937257421,65.71961874514842,,,none,30.0,105,1,monophasic
Modulated_autosave_20260717_150657_684ms,Flex. digitorum (L),L_The_ED_FD_FCR C,3,66.71961874514842,74.71961874514842,99.07942811772264,,,none,30.0,105,1,monophasic
Modulated_autosave_20260717_150657_684ms,Flex. digitorum (L),L_The_ED_FD_FCR C,4,100.07942811772264,108.07942811772264,132.43923749029685,,,none,30.0,105,1,monophasic
Modulated_autosave_20260717_150657_684ms,Flex. digitorum (L),L_The_ED_FD_FCR C,5,133.43923749029685,141.43923749029685,165.79904686287017,,,none,30.0,105,1,monophasic
Modulated_autosave_20260717_150657_684ms,Flex. digitorum (L),L_The_ED_FD_FCR C,6,166.79904686287017,174.79904686287017,199.15885623544438,,,none,30.0,105,1,monophasic
Modulated_autosave_20260717_150657_684ms,Flex. digitorum (L),L_The_ED_FD_FCR C,7,200.15885623544438,208.15885623544438,232.51866560801858,,,none,30.0,105,1,monophasic
Modulated_autosave_20260717_150657_684ms,Flex. digitorum (L),L_The_ED_FD_FCR C,8,233.51866560801858,241.51866560801858,265.8784749801274,,,none,30.0,105,1,monophasic
Modulated_autosave_20260717_150657_684ms,Flex. digitorum (L),L_The_ED_FD_FCR C,9,266.8784749801274,274.8784749801274,299.2382843527016,,,none,30.0,105,1,monophasic
Modulated_autosave_20260717_150657_684ms,Flex. digitorum (L),L_The_ED_FD_FCR C,10,300.2382843527016,308.2382843527016,332.5980937252749,,,none,30.0,105,1,monophasic
Modulated_autosave_20260717_150657_684ms,Flex. digitorum (L),L_The_ED_FD_FCR C,1,0.7942811758256951,8.794281175825695,32.35980937257421,,,none,30.0,110,1,monophasic
Modulated_autosave_20260717_150657_684ms,Flex. digitorum (L),L_The_ED_FD_FCR C,2,33.35980937257421,41.35980937257421,65.71961874514842,,,none,30.0,110,1,monophasic
Modulated_autosave_20260717_150657_684ms,Flex. digitorum (L),L_The_ED_FD_FCR C,3,66.71961874514842,74.71961874514842,99.07942811772264,,,none,30.0,110,1,monophasic
Modulated_autosave_20260717_150657_684ms,Flex. digitorum (L),L_The_ED_FD_FCR C,4,100.07942811772264,108.07942811772264,132.43923749029685,,,none,30.0,110,1,monophasic
Modulated_autosave_20260717_150657_684ms,Flex. digitorum (L),L_The_ED_FD_FCR C,5,133.43923749029685,141.43923749029685,165.79904686287017,,,none,30.0,110,1,monophasic
Modulated_autosave_20260717_150657_684ms,Flex. digitorum (L),L_The_ED_FD_FCR C,6,166.79904686287017,174.79904686287017,199.15885623544438,,,none,30.0,110,1,monophasic
Modulated_autosave_20260717_150657_684ms,Flex. digitorum (L),L_The_ED_FD_FCR C,7,200.15885623544438,208.15885623544438,232.51866560801858,,,none,30.0,110,1,monophasic
Modulated_autosave_20260717_150657_684ms,Flex. digitorum (L),L_The_ED_FD_FCR C,8,233.51866560801858,241.51866560801858,265.8784749801274,,,none,30.0,110,1,monophasic
Modulated_autosave_20260717_150657_684ms,Flex. digitorum (L),L_The_ED_FD_FCR C,9,266.8784749801274,274.8784749801274,299.2382843527016,,,none,30.0,110,1,monophasic
Modulated_autosave_20260717_150657_684ms,Flex. digitorum (L),L_The_ED_FD_FCR C,10,300.2382843527016,308.2382843527016,332.5980937252749,,,none,30.0,110,1,monophasic
Modulated_autosave_20260717_150657_684ms,Flex. carpi rad. (L),L_The_ED_FD_FCR D,1,0.7942811758256951,8.794281175825695,32.35980937257421,,,none,30.0,15,1,monophasic
Modulated_autosave_20260717_150657_684ms,Flex. carpi rad. (L),L_The_ED_FD_FCR D,2,33.35980937257421,41.35980937257421,65.71961874514842,,,none,30.0,15,1,monophasic
Modulated_autosave_20260717_150657_684ms,Flex. carpi rad. (L),L_The_ED_FD_FCR D,3,66.71961874514842,74.71961874514842,99.07942811772264,,,none,30.0,15,1,monophasic
Modulated_autosave_20260717_150657_684ms,Flex. carpi rad. (L),L_The_ED_FD_FCR D,4,100.07942811772264,108.07942811772264,132.43923749029685,,,none,30.0,15,1,monophasic
Modulated_autosave_20260717_150657_684ms,Flex. carpi rad. (L),L_The_ED_FD_FCR D,5,133.43923749029685,141.43923749029685,165.79904686287017,,,none,30.0,15,1,monophasic
Modulated_autosave_20260717_150657_684ms,Flex. carpi rad. (L),L_The_ED_FD_FCR D,6,166.79904686287017,174.79904686287017,199.15885623544438,,,none,30.0,15,1,monophasic
Modulated_autosave_20260717_150657_684ms,Flex. carpi rad. (L),L_The_ED_FD_FCR D,7,200.15885623544438,208.15885623544438,232.51866560801858,,,none,30.0,15,1,monophasic
Modulated_autosave_20260717_150657_684ms,Flex. carpi rad. (L),L_The_ED_FD_FCR D,8,233.51866560801858,241.51866560801858,265.8784749801274,,,none,30.0,15,1,monophasic
Modulated_autosave_20260717_150657_684ms,Flex. carpi rad. (L),L_The_ED_FD_FCR D,9,266.8784749801274,274.8784749801274,299.2382843527016,,,none,30.0,15,1,monophasic
Modulated_autosave_20260717_150657_684ms,Flex. carpi rad. (L),L_The_ED_FD_FCR D,10,300.2382843527016,308.2382843527016,332.5980937252749,,,none,30.0,15,1,monophasic
Modulated_autosave_20260717_150657_684ms,Flex. carpi rad. (L),L_The_ED_FD_FCR D,1,0.7942811758256951,8.794281175825695,32.35980937257421,,,none,30.0,20,1,monophasic
Modulated_autosave_20260717_150657_684ms,Flex. carpi rad. (L),L_The_ED_FD_FCR D,2,33.35980937257421,41.35980937257421,65.71961874514842,,,none,30.0,20,1,monophasic
Modulated_autosave_20260717_150657_684ms,Flex. carpi rad. (L),L_The_ED_FD_FCR D,3,66.71961874514842,74.71961874514842,99.07942811772264,,,none,30.0,20,1,monophasic
Modulated_autosave_20260717_150657_684ms,Flex. carpi rad. (L),L_The_ED_FD_FCR D,4,100.07942811772264,108.07942811772264,132.43923749029685,,,none,30.0,20,1,monophasic
Modulated_autosave_20260717_150657_684ms,Flex. carpi rad. (L),L_The_ED_FD_FCR D,5,133.43923749029685,141.43923749029685,165.79904686287017,,,none,30.0,20,1,monophasic
Modulated_autosave_20260717_150657_684ms,Flex. carpi rad. (L),L_The_ED_FD_FCR D,6,166.79904686287017,174.79904686287017,199.15885623544438,,,none,30.0,20,1,monophasic
Modulated_autosave_20260717_150657_684ms,Flex. carpi rad. (L),L_The_ED_FD_FCR D,7,200.15885623544438,208.15885623544438,232.51866560801858,,,none,30.0,20,1,monophasic
Modulated_autosave_20260717_150657_684ms,Flex. carpi rad. (L),L_The_ED_FD_FCR D,8,233.51866560801858,241.51866560801858,265.8784749801274,,,none,30.0,20,1,monophasic
Modulated_autosave_20260717_150657_684ms,Flex. carpi rad. (L),L_The_ED_FD_FCR D,9,266.8784749801274,274.8784749801274,299.2382843527016,,,none,30.0,20,1,monophasic
Modulated_autosave_20260717_150657_684ms,Flex. carpi rad. (L),L_The_ED_FD_FCR D,10,300.2382843527016,308.2382843527016,332.5980937252749,,,none,30.0,20,1,monophasic
Modulated_autosave_20260717_150657_684ms,Flex. carpi rad. (L),L_The_ED_FD_FCR D,1,0.7942811758256951,8.794281175825695,32.35980937257421,,,none,30.0,25,1,monophasic
Modulated_autosave_20260717_150657_684ms,Flex. carpi rad. (L),L_The_ED_FD_FCR D,2,33.35980937257421,41.35980937257421,65.71961874514842,,,none,30.0,25,1,monophasic
Modulated_autosave_20260717_150657_684ms,Flex. carpi rad. (L),L_The_ED_FD_FCR D,3,66.71961874514842,74.71961874514842,99.07942811772264,,,none,30.0,25,1,monophasic
Modulated_autosave_20260717_150657_684ms,Flex. carpi rad. (L),L_The_ED_FD_FCR D,4,100.07942811772264,108.07942811772264,132.43923749029685,,,none,30.0,25,1,monophasic
Modulated_autosave_20260717_150657_684ms,Flex. carpi rad. (L),L_The_ED_FD_FCR D,5,133.43923749029685,141.43923749029685,165.79904686287017,,,none,30.0,25,1,monophasic
Modulated_autosave_20260717_150657_684ms,Flex. carpi rad. (L),L_The_ED_FD_FCR D,6,166.79904686287017,174.79904686287017,199.15885623544438,,,none,30.0,25,1,monophasic
Modulated_autosave_20260717_150657_684ms,Flex. carpi rad. (L),L_The_ED_FD_FCR D,7,200.15885623544438,208.15885623544438,232.51866560801858,,,none,30.0,25,1,monophasic
Modulated_autosave_20260717_150657_684ms,Flex. carpi rad. (L),L_The_ED_FD_FCR D,8,233.51866560801858,241.51866560801858,265.8784749801274,,,none,30.0,25,1,monophasic
Modulated_autosave_20260717_150657_684ms,Flex. carpi rad. (L),L_The_ED_FD_FCR D,9,266.8784749801274,274.8784749801274,299.2382843527016,,,none,30.0,25,1,monophasic
Modulated_autosave_20260717_150657_684ms,Flex. carpi rad. (L),L_The_ED_FD_FCR D,10,300.2382843527016,308.2382843527016,332.5980937252749,,,none,30.0,25,1,monophasic
Modulated_autosave_20260717_150657_684ms,Flex. carpi rad. (L),L_The_ED_FD_FCR D,1,0.7942811758256951,8.794281175825695,32.35980937257421,,,none,30.0,30,1,monophasic
Modulated_autosave_20260717_150657_684ms,Flex. carpi rad. (L),L_The_ED_FD_FCR D,2,33.35980937257421,41.35980937257421,65.71961874514842,,,none,30.0,30,1,monophasic
Modulated_autosave_20260717_150657_684ms,Flex. carpi rad. (L),L_The_ED_FD_FCR D,3,66.71961874514842,74.71961874514842,99.07942811772264,,,none,30.0,30,1,monophasic
Modulated_autosave_20260717_150657_684ms,Flex. carpi rad. (L),L_The_ED_FD_FCR D,4,100.07942811772264,108.07942811772264,132.43923749029685,,,none,30.0,30,1,monophasic
Modulated_autosave_20260717_150657_684ms,Flex. carpi rad. (L),L_The_ED_FD_FCR D,5,133.43923749029685,141.43923749029685,165.79904686287017,,,none,30.0,30,1,monophasic
Modulated_autosave_20260717_150657_684ms,Flex. carpi rad. (L),L_The_ED_FD_FCR D,6,166.79904686287017,174.79904686287017,199.15885623544438,,,none,30.0,30,1,monophasic
Modulated_autosave_20260717_150657_684ms,Flex. carpi rad. (L),L_The_ED_FD_FCR D,7,200.15885623544438,208.15885623544438,232.51866560801858,,,none,30.0,30,1,monophasic
Modulated_autosave_20260717_150657_684ms,Flex. carpi rad. (L),L_The_ED_FD_FCR D,8,233.51866560801858,241.51866560801858,265.8784749801274,,,none,30.0,30,1,monophasic
Modulated_autosave_20260717_150657_684ms,Flex. carpi rad. (L),L_The_ED_FD_FCR D,9,266.8784749801274,274.8784749801274,299.2382843527016,,,none,30.0,30,1,monophasic
Modulated_autosave_20260717_150657_684ms,Flex. carpi rad. (L),L_The_ED_FD_FCR D,10,300.2382843527016,308.2382843527016,332.5980937252749,,,none,30.0,30,1,monophasic
Modulated_autosave_20260717_150657_684ms,Flex. carpi rad. (L),L_The_ED_FD_FCR D,1,0.7942811758256951,8.794281175825695,32.35980937257421,,,none,30.0,35,1,monophasic
Modulated_autosave_20260717_150657_684ms,Flex. carpi rad. (L),L_The_ED_FD_FCR D,2,33.35980937257421,41.35980937257421,65.71961874514842,,,none,30.0,35,1,monophasic
Modulated_autosave_20260717_150657_684ms,Flex. carpi rad. (L),L_The_ED_FD_FCR D,3,66.71961874514842,74.71961874514842,99.07942811772264,,,none,30.0,35,1,monophasic
Modulated_autosave_20260717_150657_684ms,Flex. carpi rad. (L),L_The_ED_FD_FCR D,4,100.07942811772264,108.07942811772264,132.43923749029685,,,none,30.0,35,1,monophasic
Modulated_autosave_20260717_150657_684ms,Flex. carpi rad. (L),L_The_ED_FD_FCR D,5,133.43923749029685,141.43923749029685,165.79904686287017,,,none,30.0,35,1,monophasic
Modulated_autosave_20260717_150657_684ms,Flex. carpi rad. (L),L_The_ED_FD_FCR D,6,166.79904686287017,174.79904686287017,199.15885623544438,,,none,30.0,35,1,monophasic
Modulated_autosave_20260717_150657_684ms,Flex. carpi rad. (L),L_The_ED_FD_FCR D,7,200.15885623544438,208.15885623544438,232.51866560801858,,,none,30.0,35,1,monophasic
Modulated_autosave_20260717_150657_684ms,Flex. carpi rad. (L),L_The_ED_FD_FCR D,8,233.51866560801858,241.51866560801858,265.8784749801274,,,none,30.0,35,1,monophasic
Modulated_autosave_20260717_150657_684ms,Flex. carpi rad. (L),L_The_ED_FD_FCR D,9,266.8784749801274,274.8784749801274,299.2382843527016,,,none,30.0,35,1,monophasic
Modulated_autosave_20260717_150657_684ms,Flex. carpi rad. (L),L_The_ED_FD_FCR D,10,300.2382843527016,308.2382843527016,332.5980937252749,,,none,30.0,35,1,monophasic
Modulated_autosave_20260717_150657_684ms,Flex. carpi rad. (L),L_The_ED_FD_FCR D,1,0.7942811758256951,8.794281175825695,32.35980937257421,,,none,30.0,40,1,monophasic
Modulated_autosave_20260717_150657_684ms,Flex. carpi rad. (L),L_The_ED_FD_FCR D,2,33.35980937257421,41.35980937257421,65.71961874514842,,,none,30.0,40,1,monophasic
Modulated_autosave_20260717_150657_684ms,Flex. carpi rad. (L),L_The_ED_FD_FCR D,3,66.71961874514842,74.71961874514842,99.07942811772264,,,none,30.0,40,1,monophasic
Modulated_autosave_20260717_150657_684ms,Flex. carpi rad. (L),L_The_ED_FD_FCR D,4,100.07942811772264,108.07942811772264,132.43923749029685,,,none,30.0,40,1,monophasic
Modulated_autosave_20260717_150657_684ms,Flex. carpi rad. (L),L_The_ED_FD_FCR D,5,133.43923749029685,141.43923749029685,165.79904686287017,,,none,30.0,40,1,monophasic
Modulated_autosave_20260717_150657_684ms,Flex. carpi rad. (L),L_The_ED_FD_FCR D,6,166.79904686287017,174.79904686287017,199.15885623544438,,,none,30.0,40,1,monophasic
Modulated_autosave_20260717_150657_684ms,Flex. carpi rad. (L),L_The_ED_FD_FCR D,7,200.15885623544438,208.15885623544438,232.51866560801858,,,none,30.0,40,1,monophasic
Modulated_autosave_20260717_150657_684ms,Flex. carpi rad. (L),L_The_ED_FD_FCR D,8,233.51866560801858,241.51866560801858,265.8784749801274,,,none,30.0,40,1,monophasic
Modulated_autosave_20260717_150657_684ms,Flex. carpi rad. (L),L_The_ED_FD_FCR D,9,266.8784749801274,274.8784749801274,299.2382843527016,,,none,30.0,40,1,monophasic
Modulated_autosave_20260717_150657_684ms,Flex. carpi rad. (L),L_The_ED_FD_FCR D,10,300.2382843527016,308.2382843527016,332.5980937252749,,,none,30.0,40,1,monophasic
Modulated_autosave_20260717_150657_684ms,Flex. carpi rad. (L),L_The_ED_FD_FCR D,1,0.7942811758256951,8.794281175825695,32.35980937257421,,,none,30.0,45,1,monophasic
Modulated_autosave_20260717_150657_684ms,Flex. carpi rad. (L),L_The_ED_FD_FCR D,2,33.35980937257421,41.35980937257421,65.71961874514842,,,none,30.0,45,1,monophasic
Modulated_autosave_20260717_150657_684ms,Flex. carpi rad. (L),L_The_ED_FD_FCR D,3,66.71961874514842,74.71961874514842,99.07942811772264,,,none,30.0,45,1,monophasic
Modulated_autosave_20260717_150657_684ms,Flex. carpi rad. (L),L_The_ED_FD_FCR D,4,100.07942811772264,108.07942811772264,132.43923749029685,,,none,30.0,45,1,monophasic
Modulated_autosave_20260717_150657_684ms,Flex. carpi rad. (L),L_The_ED_FD_FCR D,5,133.43923749029685,141.43923749029685,165.79904686287017,,,none,30.0,45,1,monophasic
Modulated_autosave_20260717_150657_684ms,Flex. carpi rad. (L),L_The_ED_FD_FCR D,6,166.79904686287017,174.79904686287017,199.15885623544438,,,none,30.0,45,1,monophasic
Modulated_autosave_20260717_150657_684ms,Flex. carpi rad. (L),L_The_ED_FD_FCR D,7,200.15885623544438,208.15885623544438,232.51866560801858,,,none,30.0,45,1,monophasic
Modulated_autosave_20260717_150657_684ms,Flex. carpi rad. (L),L_The_ED_FD_FCR D,8,233.51866560801858,241.51866560801858,265.8784749801274,,,none,30.0,45,1,monophasic
Modulated_autosave_20260717_150657_684ms,Flex. carpi rad. (L),L_The_ED_FD_FCR D,9,266.8784749801274,274.8784749801274,299.2382843527016,,,none,30.0,45,1,monophasic
Modulated_autosave_20260717_150657_684ms,Flex. carpi rad. (L),L_The_ED_FD_FCR D,10,300.2382843527016,308.2382843527016,332.5980937252749,,,none,30.0,45,1,monophasic
Modulated_autosave_20260717_150657_684ms,Flex. carpi rad. (L),L_The_ED_FD_FCR D,1,0.7942811758256951,8.794281175825695,32.35980937257421,,,none,30.0,50,1,monophasic
Modulated_autosave_20260717_150657_684ms,Flex. carpi rad. (L),L_The_ED_FD_FCR D,2,33.35980937257421,41.35980937257421,65.71961874514842,,,none,30.0,50,1,monophasic
Modulated_autosave_20260717_150657_684ms,Flex. carpi rad. (L),L_The_ED_FD_FCR D,3,66.71961874514842,74.71961874514842,99.07942811772264,,,none,30.0,50,1,monophasic
Modulated_autosave_20260717_150657_684ms,Flex. carpi rad. (L),L_The_ED_FD_FCR D,4,100.07942811772264,108.07942811772264,132.43923749029685,,,none,30.0,50,1,monophasic
Modulated_autosave_20260717_150657_684ms,Flex. carpi rad. (L),L_The_ED_FD_FCR D,5,133.43923749029685,141.43923749029685,165.79904686287017,,,none,30.0,50,1,monophasic
Modulated_autosave_20260717_150657_684ms,Flex. carpi rad. (L),L_The_ED_FD_FCR D,6,166.79904686287017,174.79904686287017,199.15885623544438,,,none,30.0,50,1,monophasic
Modulated_autosave_20260717_150657_684ms,Flex. carpi rad. (L),L_The_ED_FD_FCR D,7,200.15885623544438,208.15885623544438,232.51866560801858,,,none,30.0,50,1,monophasic
Modulated_autosave_20260717_150657_684ms,Flex. carpi rad. (L),L_The_ED_FD_FCR D,8,233.51866560801858,241.51866560801858,265.8784749801274,,,none,30.0,50,1,monophasic
Modulated_autosave_20260717_150657_684ms,Flex. carpi rad. (L),L_The_ED_FD_FCR D,9,266.8784749801274,274.8784749801274,299.2382843527016,,,none,30.0,50,1,monophasic
Modulated_autosave_20260717_150657_684ms,Flex. carpi rad. (L),L_The_ED_FD_FCR D,10,300.2382843527016,308.2382843527016,332.5980937252749,,,none,30.0,50,1,monophasic
Modulated_autosave_20260717_150657_684ms,Flex. carpi rad. (L),L_The_ED_FD_FCR D,1,0.7942811758256951,8.794281175825695,32.35980937257421,,,none,30.0,55,1,monophasic
Modulated_autosave_20260717_150657_684ms,Flex. carpi rad. (L),L_The_ED_FD_FCR D,2,33.35980937257421,41.35980937257421,65.71961874514842,,,none,30.0,55,1,monophasic
Modulated_autosave_20260717_150657_684ms,Flex. carpi rad. (L),L_The_ED_FD_FCR D,3,66.71961874514842,74.71961874514842,99.07942811772264,,,none,30.0,55,1,monophasic
Modulated_autosave_20260717_150657_684ms,Flex. carpi rad. (L),L_The_ED_FD_FCR D,4,100.07942811772264,108.07942811772264,132.43923749029685,,,none,30.0,55,1,monophasic
Modulated_autosave_20260717_150657_684ms,Flex. carpi rad. (L),L_The_ED_FD_FCR D,5,133.43923749029685,141.43923749029685,165.79904686287017,,,none,30.0,55,1,monophasic
Modulated_autosave_20260717_150657_684ms,Flex. carpi rad. (L),L_The_ED_FD_FCR D,6,166.79904686287017,174.79904686287017,199.15885623544438,,,none,30.0,55,1,monophasic
Modulated_autosave_20260717_150657_684ms,Flex. carpi rad. (L),L_The_ED_FD_FCR D,7,200.15885623544438,208.15885623544438,232.51866560801858,,,none,30.0,55,1,monophasic
Modulated_autosave_20260717_150657_684ms,Flex. carpi rad. (L),L_The_ED_FD_FCR D,8,233.51866560801858,241.51866560801858,265.8784749801274,,,none,30.0,55,1,monophasic
Modulated_autosave_20260717_150657_684ms,Flex. carpi rad. (L),L_The_ED_FD_FCR D,9,266.8784749801274,274.8784749801274,299.2382843527016,,,none,30.0,55,1,monophasic
Modulated_autosave_20260717_150657_684ms,Flex. carpi rad. (L),L_The_ED_FD_FCR D,10,300.2382843527016,308.2382843527016,332.5980937252749,,,none,30.0,55,1,monophasic
Modulated_autosave_20260717_150657_684ms,Flex. carpi rad. (L),L_The_ED_FD_FCR D,1,0.7942811758256951,8.794281175825695,32.35980937257421,,,none,30.0,60,1,monophasic
Modulated_autosave_20260717_150657_684ms,Flex. carpi rad. (L),L_The_ED_FD_FCR D,2,33.35980937257421,41.35980937257421,65.71961874514842,,,none,30.0,60,1,monophasic
Modulated_autosave_20260717_150657_684ms,Flex. carpi rad. (L),L_The_ED_FD_FCR D,3,66.71961874514842,74.71961874514842,99.07942811772264,,,none,30.0,60,1,monophasic
Modulated_autosave_20260717_150657_684ms,Flex. carpi rad. (L),L_The_ED_FD_FCR D,4,100.07942811772264,108.07942811772264,132.43923749029685,,,none,30.0,60,1,monophasic
Modulated_autosave_20260717_150657_684ms,Flex. carpi rad. (L),L_The_ED_FD_FCR D,5,133.43923749029685,141.43923749029685,165.79904686287017,,,none,30.0,60,1,monophasic
Modulated_autosave_20260717_150657_684ms,Flex. carpi rad. (L),L_The_ED_FD_FCR D,6,166.79904686287017,174.79904686287017,199.15885623544438,,,none,30.0,60,1,monophasic
Modulated_autosave_20260717_150657_684ms,Flex. carpi rad. (L),L_The_ED_FD_FCR D,7,200.15885623544438,208.15885623544438,232.51866560801858,,,none,30.0,60,1,monophasic
Modulated_autosave_20260717_150657_684ms,Flex. carpi rad. (L),L_The_ED_FD_FCR D,8,233.51866560801858,241.51866560801858,265.8784749801274,,,none,30.0,60,1,monophasic
Modulated_autosave_20260717_150657_684ms,Flex. carpi rad. (L),L_The_ED_FD_FCR D,9,266.8784749801274,274.8784749801274,299.2382843527016,,,none,30.0,60,1,monophasic
Modulated_autosave_20260717_150657_684ms,Flex. carpi rad. (L),L_The_ED_FD_FCR D,10,300.2382843527016,308.2382843527016,332.5980937252749,,,none,30.0,60,1,monophasic
Modulated_autosave_20260717_150657_684ms,Flex. carpi rad. (L),L_The_ED_FD_FCR D,1,0.7942811758256951,8.794281175825695,32.35980937257421,,,none,30.0,65,1,monophasic
Modulated_autosave_20260717_150657_684ms,Flex. carpi rad. (L),L_The_ED_FD_FCR D,2,33.35980937257421,41.35980937257421,65.71961874514842,,,none,30.0,65,1,monophasic
Modulated_autosave_20260717_150657_684ms,Flex. carpi rad. (L),L_The_ED_FD_FCR D,3,66.71961874514842,74.71961874514842,99.07942811772264,,,none,30.0,65,1,monophasic
Modulated_autosave_20260717_150657_684ms,Flex. carpi rad. (L),L_The_ED_FD_FCR D,4,100.07942811772264,108.07942811772264,132.43923749029685,,,none,30.0,65,1,monophasic
Modulated_autosave_20260717_150657_684ms,Flex. carpi rad. (L),L_The_ED_FD_FCR D,5,133.43923749029685,141.43923749029685,165.79904686287017,,,none,30.0,65,1,monophasic
Modulated_autosave_20260717_150657_684ms,Flex. carpi rad. (L),L_The_ED_FD_FCR D,6,166.79904686287017,174.79904686287017,199.15885623544438,,,none,30.0,65,1,monophasic
Modulated_autosave_20260717_150657_684ms,Flex. carpi rad. (L),L_The_ED_FD_FCR D,7,200.15885623544438,208.15885623544438,232.51866560801858,,,none,30.0,65,1,monophasic
Modulated_autosave_20260717_150657_684ms,Flex. carpi rad. (L),L_The_ED_FD_FCR D,8,233.51866560801858,241.51866560801858,265.8784749801274,,,none,30.0,65,1,monophasic
Modulated_autosave_20260717_150657_684ms,Flex. carpi rad. (L),L_The_ED_FD_FCR D,9,266.8784749801274,274.8784749801274,299.2382843527016,,,none,30.0,65,1,monophasic
Modulated_autosave_20260717_150657_684ms,Flex. carpi rad. (L),L_The_ED_FD_FCR D,10,300.2382843527016,308.2382843527016,332.5980937252749,,,none,30.0,65,1,monophasic
Modulated_autosave_20260717_150657_684ms,Flex. carpi rad. (L),L_The_ED_FD_FCR D,1,0.7942811758256951,8.794281175825695,32.35980937257421,,,none,30.0,70,1,monophasic
Modulated_autosave_20260717_150657_684ms,Flex. carpi rad. (L),L_The_ED_FD_FCR D,2,33.35980937257421,41.35980937257421,65.71961874514842,,,none,30.0,70,1,monophasic
Modulated_autosave_20260717_150657_684ms,Flex. carpi rad. (L),L_The_ED_FD_FCR D,3,66.71961874514842,74.71961874514842,99.07942811772264,,,none,30.0,70,1,monophasic
Modulated_autosave_20260717_150657_684ms,Flex. carpi rad. (L),L_The_ED_FD_FCR D,4,100.07942811772264,108.07942811772264,132.43923749029685,,,none,30.0,70,1,monophasic
Modulated_autosave_20260717_150657_684ms,Flex. carpi rad. (L),L_The_ED_FD_FCR D,5,133.43923749029685,141.43923749029685,165.79904686287017,,,none,30.0,70,1,monophasic
Modulated_autosave_20260717_150657_684ms,Flex. carpi rad. (L),L_The_ED_FD_FCR D,6,166.79904686287017,174.79904686287017,199.15885623544438,,,none,30.0,70,1,monophasic
Modulated_autosave_20260717_150657_684ms,Flex. carpi rad. (L),L_The_ED_FD_FCR D,7,200.15885623544438,208.15885623544438,232.51866560801858,,,none,30.0,70,1,monophasic
Modulated_autosave_20260717_150657_684ms,Flex. carpi rad. (L),L_The_ED_FD_FCR D,8,233.51866560801858,241.51866560801858,265.8784749801274,,,none,30.0,70,1,monophasic
Modulated_autosave_20260717_150657_684ms,Flex. carpi rad. (L),L_The_ED_FD_FCR D,9,266.8784749801274,274.8784749801274,299.2382843527016,,,none,30.0,70,1,monophasic
Modulated_autosave_20260717_150657_684ms,Flex. carpi rad. (L),L_The_ED_FD_FCR D,10,300.2382843527016,308.2382843527016,332.5980937252749,,,none,30.0,70,1,monophasic
Modulated_autosave_20260717_150657_684ms,Flex. carpi rad. (L),L_The_ED_FD_FCR D,1,0.7942811758256951,8.794281175825695,32.35980937257421,,,none,30.0,75,1,monophasic
Modulated_autosave_20260717_150657_684ms,Flex. carpi rad. (L),L_The_ED_FD_FCR D,2,33.35980937257421,41.35980937257421,65.71961874514842,,,none,30.0,75,1,monophasic
Modulated_autosave_20260717_150657_684ms,Flex. carpi rad. (L),L_The_ED_FD_FCR D,3,66.71961874514842,74.71961874514842,99.07942811772264,,,none,30.0,75,1,monophasic
Modulated_autosave_20260717_150657_684ms,Flex. carpi rad. (L),L_The_ED_FD_FCR D,4,100.07942811772264,108.07942811772264,132.43923749029685,,,none,30.0,75,1,monophasic
Modulated_autosave_20260717_150657_684ms,Flex. carpi rad. (L),L_The_ED_FD_FCR D,5,133.43923749029685,141.43923749029685,165.79904686287017,,,none,30.0,75,1,monophasic
Modulated_autosave_20260717_150657_684ms,Flex. carpi rad. (L),L_The_ED_FD_FCR D,6,166.79904686287017,174.79904686287017,199.15885623544438,,,none,30.0,75,1,monophasic
Modulated_autosave_20260717_150657_684ms,Flex. carpi rad. (L),L_The_ED_FD_FCR D,7,200.15885623544438,208.15885623544438,232.51866560801858,,,none,30.0,75,1,monophasic
Modulated_autosave_20260717_150657_684ms,Flex. carpi rad. (L),L_The_ED_FD_FCR D,8,233.51866560801858,241.51866560801858,265.8784749801274,,,none,30.0,75,1,monophasic
Modulated_autosave_20260717_150657_684ms,Flex. carpi rad. (L),L_The_ED_FD_FCR D,9,266.8784749801274,274.8784749801274,299.2382843527016,,,none,30.0,75,1,monophasic
Modulated_autosave_20260717_150657_684ms,Flex. carpi rad. (L),L_The_ED_FD_FCR D,10,300.2382843527016,308.2382843527016,332.5980937252749,,,none,30.0,75,1,monophasic
Modulated_autosave_20260717_150657_684ms,Flex. carpi rad. (L),L_The_ED_FD_FCR D,1,0.7942811758256951,8.794281175825695,32.35980937257421,,,none,30.0,80,1,monophasic
Modulated_autosave_20260717_150657_684ms,Flex. carpi rad. (L),L_The_ED_FD_FCR D,2,33.35980937257421,41.35980937257421,65.71961874514842,,,none,30.0,80,1,monophasic
Modulated_autosave_20260717_150657_684ms,Flex. carpi rad. (L),L_The_ED_FD_FCR D,3,66.71961874514842,74.71961874514842,99.07942811772264,,,none,30.0,80,1,monophasic
Modulated_autosave_20260717_150657_684ms,Flex. carpi rad. (L),L_The_ED_FD_FCR D,4,100.07942811772264,108.07942811772264,132.43923749029685,,,none,30.0,80,1,monophasic
Modulated_autosave_20260717_150657_684ms,Flex. carpi rad. (L),L_The_ED_FD_FCR D,5,133.43923749029685,141.43923749029685,165.79904686287017,,,none,30.0,80,1,monophasic
Modulated_autosave_20260717_150657_684ms,Flex. carpi rad. (L),L_The_ED_FD_FCR D,6,166.79904686287017,174.79904686287017,199.15885623544438,,,none,30.0,80,1,monophasic
Modulated_autosave_20260717_150657_684ms,Flex. carpi rad. (L),L_The_ED_FD_FCR D,7,200.15885623544438,208.15885623544438,232.51866560801858,,,none,30.0,80,1,monophasic
Modulated_autosave_20260717_150657_684ms,Flex. carpi rad. (L),L_The_ED_FD_FCR D,8,233.51866560801858,241.51866560801858,265.8784749801274,,,none,30.0,80,1,monophasic
Modulated_autosave_20260717_150657_684ms,Flex. carpi rad. (L),L_The_ED_FD_FCR D,9,266.8784749801274,274.8784749801274,299.2382843527016,,,none,30.0,80,1,monophasic
Modulated_autosave_20260717_150657_684ms,Flex. carpi rad. (L),L_The_ED_FD_FCR D,10,300.2382843527016,308.2382843527016,332.5980937252749,,,none,30.0,80,1,monophasic
Modulated_autosave_20260717_150657_684ms,Flex. carpi rad. (L),L_The_ED_FD_FCR D,1,0.7942811758256951,8.794281175825695,32.35980937257421,,,none,30.0,85,1,monophasic
Modulated_autosave_20260717_150657_684ms,Flex. carpi rad. (L),L_The_ED_FD_FCR D,2,33.35980937257421,41.35980937257421,65.71961874514842,,,none,30.0,85,1,monophasic
Modulated_autosave_20260717_150657_684ms,Flex. carpi rad. (L),L_The_ED_FD_FCR D,3,66.71961874514842,74.71961874514842,99.07942811772264,,,none,30.0,85,1,monophasic
Modulated_autosave_20260717_150657_684ms,Flex. carpi rad. (L),L_The_ED_FD_FCR D,4,100.07942811772264,108.07942811772264,132.43923749029685,,,none,30.0,85,1,monophasic
Modulated_autosave_20260717_150657_684ms,Flex. carpi rad. (L),L_The_ED_FD_FCR D,5,133.43923749029685,141.43923749029685,165.79904686287017,,,none,30.0,85,1,monophasic
Modulated_autosave_20260717_150657_684ms,Flex. carpi rad. (L),L_The_ED_FD_FCR D,6,166.79904686287017,174.79904686287017,199.15885623544438,,,none,30.0,85,1,monophasic
Modulated_autosave_20260717_150657_684ms,Flex. carpi rad. (L),L_The_ED_FD_FCR D,7,200.15885623544438,208.15885623544438,232.51866560801858,,,none,30.0,85,1,monophasic
Modulated_autosave_20260717_150657_684ms,Flex. carpi rad. (L),L_The_ED_FD_FCR D,8,233.51866560801858,241.51866560801858,265.8784749801274,,,none,30.0,85,1,monophasic
Modulated_autosave_20260717_150657_684ms,Flex. carpi rad. (L),L_The_ED_FD_FCR D,9,266.8784749801274,274.8784749801274,299.2382843527016,,,none,30.0,85,1,monophasic
Modulated_autosave_20260717_150657_684ms,Flex. carpi rad. (L),L_The_ED_FD_FCR D,10,300.2382843527016,308.2382843527016,332.5980937252749,,,none,30.0,85,1,monophasic
Modulated_autosave_20260717_150657_684ms,Flex. carpi rad. (L),L_The_ED_FD_FCR D,1,0.7942811758256951,8.794281175825695,32.35980937257421,0.0322270542383194,0.0322270542383194,none,30.0,90,1,monophasic
Modulated_autosave_20260717_150657_684ms,Flex. carpi rad. (L),L_The_ED_FD_FCR D,2,33.35980937257421,41.35980937257421,65.71961874514842,0.006378271384164691,0.006378271384164691,none,30.0,90,1,monophasic
Modulated_autosave_20260717_150657_684ms,Flex. carpi rad. (L),L_The_ED_FD_FCR D,3,66.71961874514842,74.71961874514842,99.07942811772264,0.007888914551585913,0.007888914551585913,none,30.0,90,1,monophasic
Modulated_autosave_20260717_150657_684ms,Flex. carpi rad. (L),L_The_ED_FD_FCR D,4,100.07942811772264,108.07942811772264,132.43923749029685,0.009735255734995008,0.009735255734995008,none,30.0,90,1,monophasic
Modulated_autosave_20260717_150657_684ms,Flex. carpi rad. (L),L_The_ED_FD_FCR D,5,133.43923749029685,141.43923749029685,165.79904686287017,0.008392462274059653,0.008392462274059653,none,30.0,90,1,monophasic
Modulated_autosave_20260717_150657_684ms,Flex. carpi rad. (L),L_The_ED_FD_FCR D,6,166.79904686287017,174.79904686287017,199.15885623544438,0.010742351645603776,0.010742351645603776,none,30.0,90,1,monophasic
Modulated_autosave_20260717_150657_684ms,Flex. carpi rad. (L),L_The_ED_FD_FCR D,7,200.15885623544438,208.15885623544438,232.51866560801858,0.00570687442086637,0.00570687442086637,none,30.0,90,1,monophasic
Modulated_autosave_20260717_150657_684ms,Flex. carpi rad. (L),L_The_ED_FD_FCR D,8,233.51866560801858,241.51866560801858,265.8784749801274,0.008056763792410493,0.008056763792410493,none,30.0,90,1,monophasic
Modulated_autosave_20260717_150657_684ms,Flex. carpi rad. (L),L_The_ED_FD_FCR D,9,266.8784749801274,274.8784749801274,299.2382843527016,0.00570687442086637,0.00570687442086637,none,30.0,90,1,monophasic
Modulated_autosave_20260717_150657_684ms,Flex. carpi rad. (L),L_The_ED_FD_FCR D,10,300.2382843527016,308.2382843527016,332.5980937252749,0.006210421910509467,0.006210421910509467,none,30.0,90,1,monophasic
Modulated_autosave_20260717_150657_684ms,Flex. carpi rad. (L),L_The_ED_FD_FCR D,1,0.7942811758256951,8.794281175825695,32.35980937257421,0.02702372707426548,0.02702372707426548,none,30.0,95,1,monophasic
Modulated_autosave_20260717_150657_684ms,Flex. carpi rad. (L),L_The_ED_FD_FCR D,2,33.35980937257421,41.35980937257421,65.71961874514842,0.013763637747615576,0.013763637747615576,none,30.0,95,1,monophasic
Modulated_autosave_20260717_150657_684ms,Flex. carpi rad. (L),L_The_ED_FD_FCR D,3,66.71961874514842,74.71961874514842,99.07942811772264,0.008728160755708814,0.008728160755708814,none,30.0,95,1,monophasic
Modulated_autosave_20260717_150657_684ms,Flex. carpi rad. (L),L_The_ED_FD_FCR D,4,100.07942811772264,108.07942811772264,132.43923749029685,0.025513083674013615,0.025513083674013615,none,30.0,95,1,monophasic
Modulated_autosave_20260717_150657_684ms,Flex. carpi rad. (L),L_The_ED_FD_FCR D,5,133.43923749029685,141.43923749029685,165.79904686287017,0.01409933646209538,0.01409933646209538,none,30.0,95,1,monophasic
Modulated_autosave_20260717_150657_684ms,Flex. carpi rad. (L),L_The_ED_FD_FCR D,6,166.79904686287017,174.79904686287017,199.15885623544438,0.03222705330699682,0.03222705330699682,none,30.0,95,1,monophasic
Modulated_autosave_20260717_150657_684ms,Flex. carpi rad. (L),L_The_ED_FD_FCR D,7,200.15885623544438,208.15885623544438,232.51866560801858,0.009399557719007134,0.009399557719007134,none,30.0,95,1,monophasic
Modulated_autosave_20260717_150657_684ms,Flex. carpi rad. (L),L_The_ED_FD_FCR D,8,233.51866560801858,241.51866560801858,265.8784749801274,0.011917296331375837,0.011917296331375837,none,30.0,95,1,monophasic
Modulated_autosave_20260717_150657_684ms,Flex. carpi rad. (L),L_The_ED_FD_FCR D,9,266.8784749801274,274.8784749801274,299.2382843527016,0.025513083674013615,0.025513083674013615,none,30.0,95,1,monophasic
Modulated_autosave_20260717_150657_684ms,Flex. carpi rad. (L),L_The_ED_FD_FCR D,10,300.2382843527016,308.2382843527016,332.5980937252749,0.009567407192662358,0.009567407192662358,none,30.0,95,1,monophasic
Modulated_autosave_20260717_150657_684ms,Flex. carpi rad. (L),L_The_ED_FD_FCR D,1,0.7942811758256951,8.794281175825695,32.35980937257421,0.033234150148928165,0.033234150148928165,none,30.0,100,1,monophasic
Modulated_autosave_20260717_150657_684ms,Flex. carpi rad. (L),L_The_ED_FD_FCR D,2,33.35980937257421,41.35980937257421,65.71961874514842,0.037262530997395515,0.037262530997395515,none,30.0,100,1,monophasic
Modulated_autosave_20260717_150657_684ms,Flex. carpi rad. (L),L_The_ED_FD_FCR D,3,66.71961874514842,74.71961874514842,99.07942811772264,0.011749447090551257,0.011749447090551257,none,30.0,100,1,monophasic
Modulated_autosave_20260717_150657_684ms,Flex. carpi rad. (L),L_The_ED_FD_FCR D,4,100.07942811772264,108.07942811772264,132.43923749029685,0.028198671527206898,0.028198671527206898,none,30.0,100,1,monophasic
Modulated_autosave_20260717_150657_684ms,Flex. carpi rad. (L),L_The_ED_FD_FCR D,5,133.43923749029685,141.43923749029685,165.79904686287017,0.035919737070798874,0.035919737070798874,none,30.0,100,1,monophasic
Modulated_autosave_20260717_150657_684ms,Flex. carpi rad. (L),L_The_ED_FD_FCR D,6,166.79904686287017,174.79904686287017,199.15885623544438,0.010742351645603776,0.010742351645603776,none,30.0,100,1,monophasic
Modulated_autosave_20260717_150657_684ms,Flex. carpi rad. (L),L_The_ED_FD_FCR D,7,200.15885623544438,208.15885623544438,232.51866560801858,0.029037917964160442,0.029037917964160442,none,30.0,100,1,monophasic
Modulated_autosave_20260717_150657_684ms,Flex. carpi rad. (L),L_The_ED_FD_FCR D,8,233.51866560801858,241.51866560801858,265.8784749801274,0.0396124217659235,0.0396124217659235,none,30.0,100,1,monophasic
Modulated_autosave_20260717_150657_684ms,Flex. carpi rad. (L),L_The_ED_FD_FCR D,9,266.8784749801274,274.8784749801274,299.2382843527016,0.009063859237357974,0.009063859237357974,none,30.0,100,1,monophasic
Modulated_autosave_20260717_150657_684ms,Flex. carpi rad. (L),L_The_ED_FD_FCR D,10,300.2382843527016,308.2382843527016,332.5980937252749,0.030548562295734882,0.030548562295734882,none,30.0,100,1,monophasic
Modulated_autosave_20260717_150657_684ms,Flex. carpi rad. (L),L_The_ED_FD_FCR D,1,0.7942811758256951,8.794281175825695,32.35980937257421,0.029373617842793465,0.029373617842793465,none,30.0,105,1,monophasic
Modulated_autosave_20260717_150657_684ms,Flex. carpi rad. (L),L_The_ED_FD_FCR D,2,33.35980937257421,41.35980937257421,65.71961874514842,0.033905547112226486,0.033905547112226486,none,30.0,105,1,monophasic
Modulated_autosave_20260717_150657_684ms,Flex. carpi rad. (L),L_The_ED_FD_FCR D,3,66.71961874514842,74.71961874514842,99.07942811772264,0.03222705330699682,0.03222705330699682,none,30.0,105,1,monophasic
Modulated_autosave_20260717_150657_684ms,Flex. carpi rad. (L),L_The_ED_FD_FCR D,4,100.07942811772264,108.07942811772264,132.43923749029685,0.03356984816491604,0.03356984816491604,none,30.0,105,1,monophasic
Modulated_autosave_20260717_150657_684ms,Flex. carpi rad. (L),L_The_ED_FD_FCR D,5,133.43923749029685,141.43923749029685,165.79904686287017,0.030548562295734882,0.030548562295734882,none,30.0,105,1,monophasic
Modulated_autosave_20260717_150657_684ms,Flex. carpi rad. (L),L_The_ED_FD_FCR D,6,166.79904686287017,174.79904686287017,199.15885623544438,0.010742351645603776,0.010742351645603776,none,30.0,105,1,monophasic
Modulated_autosave_20260717_150657_684ms,Flex. carpi rad. (L),L_The_ED_FD_FCR D,7,200.15885623544438,208.15885623544438,232.51866560801858,0.027695124968886375,0.027695124968886375,none,30.0,105,1,monophasic
Modulated_autosave_20260717_150657_684ms,Flex. carpi rad. (L),L_The_ED_FD_FCR D,8,233.51866560801858,241.51866560801858,265.8784749801274,0.02719157747924328,0.02719157747924328,none,30.0,105,1,monophasic
Modulated_autosave_20260717_150657_684ms,Flex. carpi rad. (L),L_The_ED_FD_FCR D,9,266.8784749801274,274.8784749801274,299.2382843527016,0.032562753185629845,0.032562753185629845,none,30.0,105,1,monophasic
Modulated_autosave_20260717_150657_684ms,Flex. carpi rad. (L),L_The_ED_FD_FCR D,10,300.2382843527016,308.2382843527016,332.5980937252749,0.03121995832771063,0.03121995832771063,none,30.0,105,1,monophasic
Modulated_autosave_20260717_150657_684ms,Flex. carpi rad. (L),L_The_ED_FD_FCR D,1,0.7942811758256951,8.794281175825695,32.35980937257421,0.02517738565802574,0.02517738565802574,none,30.0,110,1,monophasic
Modulated_autosave_20260717_150657_684ms,Flex. carpi rad. (L),L_The_ED_FD_FCR D,2,33.35980937257421,41.35980937257421,65.71961874514842,0.04095521382987499,0.04095521382987499,none,30.0,110,1,monophasic
Modulated_autosave_20260717_150657_684ms,Flex. carpi rad. (L),L_The_ED_FD_FCR D,3,66.71961874514842,74.71961874514842,99.07942811772264,0.032394902780652046,0.032394902780652046,none,30.0,110,1,monophasic
Modulated_autosave_20260717_150657_684ms,Flex. carpi rad. (L),L_The_ED_FD_FCR D,4,100.07942811772264,108.07942811772264,132.43923749029685,0.031555657275021076,0.031555657275021076,none,30.0,110,1,monophasic
Modulated_autosave_20260717_150657_684ms,Flex. carpi rad. (L),L_The_ED_FD_FCR D,5,133.43923749029685,141.43923749029685,165.79904686287017,0.02937361691147089,0.02937361691147089,none,30.0,110,1,monophasic
Modulated_autosave_20260717_150657_684ms,Flex. carpi rad. (L),L_The_ED_FD_FCR D,6,166.79904686287017,174.79904686287017,199.15885623544438,0.031891356222331524,0.031891356222331524,none,30.0,110,1,monophasic
Modulated_autosave_20260717_150657_684ms,Flex. carpi rad. (L),L_The_ED_FD_FCR D,7,200.15885623544438,208.15885623544438,232.51866560801858,0.03323414921760559,0.03323414921760559,none,30.0,110,1,monophasic
Modulated_autosave_20260717_150657_684ms,Flex. carpi rad. (L),L_The_ED_FD_FCR D,8,233.51866560801858,241.51866560801858,265.8784749801274,0.027862973511219025,0.027862973511219025,none,30.0,110,1,monophasic
Modulated_autosave_20260717_150657_684ms,Flex. carpi rad. (L),L_The_ED_FD_FCR D,9,266.8784749801274,274.8784749801274,299.2382843527016,0.031555657275021076,0.031555657275021076,none,30.0,110,1,monophasic
Modulated_autosave_20260717_150657_684ms,Flex. carpi rad. (L),L_The_ED_FD_FCR D,10,300.2382843527016,308.2382843527016,332.5980937252749,0.03088425938040018,0.03088425938040018,none,30.0,110,1,monophasic
Modulated_autosave_20260717_150657_684ms,Deltoid med. (R),R_DELmed,1,0.7942811758256951,8.794281175825695,32.35980937257421,,,none,30.0,15,1,monophasic
Modulated_autosave_20260717_150657_684ms,Deltoid med. (R),R_DELmed,2,33.35980937257421,41.35980937257421,65.71961874514842,,,none,30.0,15,1,monophasic
Modulated_autosave_20260717_150657_684ms,Deltoid med. (R),R_DELmed,3,66.71961874514842,74.71961874514842,99.07942811772264,,,none,30.0,15,1,monophasic
Modulated_autosave_20260717_150657_684ms,Deltoid med. (R),R_DELmed,4,100.07942811772264,108.07942811772264,132.43923749029685,,,none,30.0,15,1,monophasic
Modulated_autosave_20260717_150657_684ms,Deltoid med. (R),R_DELmed,5,133.43923749029685,141.43923749029685,165.79904686287017,,,none,30.0,15,1,monophasic
Modulated_autosave_20260717_150657_684ms,Deltoid med. (R),R_DELmed,6,166.79904686287017,174.79904686287017,199.15885623544438,,,none,30.0,15,1,monophasic
Modulated_autosave_20260717_150657_684ms,Deltoid med. (R),R_DELmed,7,200.15885623544438,208.15885623544438,232.51866560801858,,,none,30.0,15,1,monophasic
Modulated_autosave_20260717_150657_684ms,Deltoid med. (R),R_DELmed,8,233.51866560801858,241.51866560801858,265.8784749801274,,,none,30.0,15,1,monophasic
Modulated_autosave_20260717_150657_684ms,Deltoid med. (R),R_DELmed,9,266.8784749801274,274.8784749801274,299.2382843527016,,,none,30.0,15,1,monophasic
Modulated_autosave_20260717_150657_684ms,Deltoid med. (R),R_DELmed,10,300.2382843527016,308.2382843527016,332.5980937252749,,,none,30.0,15,1,monophasic
Modulated_autosave_20260717_150657_684ms,Deltoid med. (R),R_DELmed,1,0.7942811758256951,8.794281175825695,32.35980937257421,,,none,30.0,20,1,monophasic
Modulated_autosave_20260717_150657_684ms,Deltoid med. (R),R_DELmed,2,33.35980937257421,41.35980937257421,65.71961874514842,,,none,30.0,20,1,monophasic
Modulated_autosave_20260717_150657_684ms,Deltoid med. (R),R_DELmed,3,66.71961874514842,74.71961874514842,99.07942811772264,,,none,30.0,20,1,monophasic
Modulated_autosave_20260717_150657_684ms,Deltoid med. (R),R_DELmed,4,100.07942811772264,108.07942811772264,132.43923749029685,,,none,30.0,20,1,monophasic
Modulated_autosave_20260717_150657_684ms,Deltoid med. (R),R_DELmed,5,133.43923749029685,141.43923749029685,165.79904686287017,,,none,30.0,20,1,monophasic
Modulated_autosave_20260717_150657_684ms,Deltoid med. (R),R_DELmed,6,166.79904686287017,174.79904686287017,199.15885623544438,,,none,30.0,20,1,monophasic
Modulated_autosave_20260717_150657_684ms,Deltoid med. (R),R_DELmed,7,200.15885623544438,208.15885623544438,232.51866560801858,,,none,30.0,20,1,monophasic
Modulated_autosave_20260717_150657_684ms,Deltoid med. (R),R_DELmed,8,233.51866560801858,241.51866560801858,265.8784749801274,,,none,30.0,20,1,monophasic
Modulated_autosave_20260717_150657_684ms,Deltoid med. (R),R_DELmed,9,266.8784749801274,274.8784749801274,299.2382843527016,,,none,30.0,20,1,monophasic
Modulated_autosave_20260717_150657_684ms,Deltoid med. (R),R_DELmed,10,300.2382843527016,308.2382843527016,332.5980937252749,,,none,30.0,20,1,monophasic
Modulated_autosave_20260717_150657_684ms,Deltoid med. (R),R_DELmed,1,0.7942811758256951,8.794281175825695,32.35980937257421,,,none,30.0,25,1,monophasic
Modulated_autosave_20260717_150657_684ms,Deltoid med. (R),R_DELmed,2,33.35980937257421,41.35980937257421,65.71961874514842,,,none,30.0,25,1,monophasic
Modulated_autosave_20260717_150657_684ms,Deltoid med. (R),R_DELmed,3,66.71961874514842,74.71961874514842,99.07942811772264,,,none,30.0,25,1,monophasic
Modulated_autosave_20260717_150657_684ms,Deltoid med. (R),R_DELmed,4,100.07942811772264,108.07942811772264,132.43923749029685,,,none,30.0,25,1,monophasic
Modulated_autosave_20260717_150657_684ms,Deltoid med. (R),R_DELmed,5,133.43923749029685,141.43923749029685,165.79904686287017,,,none,30.0,25,1,monophasic
Modulated_autosave_20260717_150657_684ms,Deltoid med. (R),R_DELmed,6,166.79904686287017,174.79904686287017,199.15885623544438,,,none,30.0,25,1,monophasic
Modulated_autosave_20260717_150657_684ms,Deltoid med. (R),R_DELmed,7,200.15885623544438,208.15885623544438,232.51866560801858,,,none,30.0,25,1,monophasic
Modulated_autosave_20260717_150657_684ms,Deltoid med. (R),R_DELmed,8,233.51866560801858,241.51866560801858,265.8784749801274,,,none,30.0,25,1,monophasic
Modulated_autosave_20260717_150657_684ms,Deltoid med. (R),R_DELmed,9,266.8784749801274,274.8784749801274,299.2382843527016,,,none,30.0,25,1,monophasic
Modulated_autosave_20260717_150657_684ms,Deltoid med. (R),R_DELmed,10,300.2382843527016,308.2382843527016,332.5980937252749,,,none,30.0,25,1,monophasic
Modulated_autosave_20260717_150657_684ms,Deltoid med. (R),R_DELmed,1,0.7942811758256951,8.794281175825695,32.35980937257421,,,none,30.0,30,1,monophasic
Modulated_autosave_20260717_150657_684ms,Deltoid med. (R),R_DELmed,2,33.35980937257421,41.35980937257421,65.71961874514842,,,none,30.0,30,1,monophasic
Modulated_autosave_20260717_150657_684ms,Deltoid med. (R),R_DELmed,3,66.71961874514842,74.71961874514842,99.07942811772264,,,none,30.0,30,1,monophasic
Modulated_autosave_20260717_150657_684ms,Deltoid med. (R),R_DELmed,4,100.07942811772264,108.07942811772264,132.43923749029685,,,none,30.0,30,1,monophasic
Modulated_autosave_20260717_150657_684ms,Deltoid med. (R),R_DELmed,5,133.43923749029685,141.43923749029685,165.79904686287017,,,none,30.0,30,1,monophasic
Modulated_autosave_20260717_150657_684ms,Deltoid med. (R),R_DELmed,6,166.79904686287017,174.79904686287017,199.15885623544438,,,none,30.0,30,1,monophasic
Modulated_autosave_20260717_150657_684ms,Deltoid med. (R),R_DELmed,7,200.15885623544438,208.15885623544438,232.51866560801858,,,none,30.0,30,1,monophasic
Modulated_autosave_20260717_150657_684ms,Deltoid med. (R),R_DELmed,8,233.51866560801858,241.51866560801858,265.8784749801274,,,none,30.0,30,1,monophasic
Modulated_autosave_20260717_150657_684ms,Deltoid med. (R),R_DELmed,9,266.8784749801274,274.8784749801274,299.2382843527016,,,none,30.0,30,1,monophasic
Modulated_autosave_20260717_150657_684ms,Deltoid med. (R),R_DELmed,10,300.2382843527016,308.2382843527016,332.5980937252749,,,none,30.0,30,1,monophasic
Modulated_autosave_20260717_150657_684ms,Deltoid med. (R),R_DELmed,1,0.7942811758256951,8.794281175825695,32.35980937257421,,,none,30.0,35,1,monophasic
Modulated_autosave_20260717_150657_684ms,Deltoid med. (R),R_DELmed,2,33.35980937257421,41.35980937257421,65.71961874514842,,,none,30.0,35,1,monophasic
Modulated_autosave_20260717_150657_684ms,Deltoid med. (R),R_DELmed,3,66.71961874514842,74.71961874514842,99.07942811772264,,,none,30.0,35,1,monophasic
Modulated_autosave_20260717_150657_684ms,Deltoid med. (R),R_DELmed,4,100.07942811772264,108.07942811772264,132.43923749029685,,,none,30.0,35,1,monophasic
Modulated_autosave_20260717_150657_684ms,Deltoid med. (R),R_DELmed,5,133.43923749029685,141.43923749029685,165.79904686287017,,,none,30.0,35,1,monophasic
Modulated_autosave_20260717_150657_684ms,Deltoid med. (R),R_DELmed,6,166.79904686287017,174.79904686287017,199.15885623544438,,,none,30.0,35,1,monophasic
Modulated_autosave_20260717_150657_684ms,Deltoid med. (R),R_DELmed,7,200.15885623544438,208.15885623544438,232.51866560801858,,,none,30.0,35,1,monophasic
Modulated_autosave_20260717_150657_684ms,Deltoid med. (R),R_DELmed,8,233.51866560801858,241.51866560801858,265.8784749801274,,,none,30.0,35,1,monophasic
Modulated_autosave_20260717_150657_684ms,Deltoid med. (R),R_DELmed,9,266.8784749801274,274.8784749801274,299.2382843527016,,,none,30.0,35,1,monophasic
Modulated_autosave_20260717_150657_684ms,Deltoid med. (R),R_DELmed,10,300.2382843527016,308.2382843527016,332.5980937252749,,,none,30.0,35,1,monophasic
Modulated_autosave_20260717_150657_684ms,Deltoid med. (R),R_DELmed,1,0.7942811758256951,8.794281175825695,32.35980937257421,,,none,30.0,40,1,monophasic
Modulated_autosave_20260717_150657_684ms,Deltoid med. (R),R_DELmed,2,33.35980937257421,41.35980937257421,65.71961874514842,,,none,30.0,40,1,monophasic
Modulated_autosave_20260717_150657_684ms,Deltoid med. (R),R_DELmed,3,66.71961874514842,74.71961874514842,99.07942811772264,,,none,30.0,40,1,monophasic
Modulated_autosave_20260717_150657_684ms,Deltoid med. (R),R_DELmed,4,100.07942811772264,108.07942811772264,132.43923749029685,,,none,30.0,40,1,monophasic
Modulated_autosave_20260717_150657_684ms,Deltoid med. (R),R_DELmed,5,133.43923749029685,141.43923749029685,165.79904686287017,,,none,30.0,40,1,monophasic
Modulated_autosave_20260717_150657_684ms,Deltoid med. (R),R_DELmed,6,166.79904686287017,174.79904686287017,199.15885623544438,,,none,30.0,40,1,monophasic
Modulated_autosave_20260717_150657_684ms,Deltoid med. (R),R_DELmed,7,200.15885623544438,208.15885623544438,232.51866560801858,,,none,30.0,40,1,monophasic
Modulated_autosave_20260717_150657_684ms,Deltoid med. (R),R_DELmed,8,233.51866560801858,241.51866560801858,265.8784749801274,,,none,30.0,40,1,monophasic
Modulated_autosave_20260717_150657_684ms,Deltoid med. (R),R_DELmed,9,266.8784749801274,274.8784749801274,299.2382843527016,,,none,30.0,40,1,monophasic
Modulated_autosave_20260717_150657_684ms,Deltoid med. (R),R_DELmed,10,300.2382843527016,308.2382843527016,332.5980937252749,,,none,30.0,40,1,monophasic
Modulated_autosave_20260717_150657_684ms,Deltoid med. (R),R_DELmed,1,0.7942811758256951,8.794281175825695,32.35980937257421,,,none,30.0,45,1,monophasic
Modulated_autosave_20260717_150657_684ms,Deltoid med. (R),R_DELmed,2,33.35980937257421,41.35980937257421,65.71961874514842,,,none,30.0,45,1,monophasic
Modulated_autosave_20260717_150657_684ms,Deltoid med. (R),R_DELmed,3,66.71961874514842,74.71961874514842,99.07942811772264,,,none,30.0,45,1,monophasic
Modulated_autosave_20260717_150657_684ms,Deltoid med. (R),R_DELmed,4,100.07942811772264,108.07942811772264,132.43923749029685,,,none,30.0,45,1,monophasic
Modulated_autosave_20260717_150657_684ms,Deltoid med. (R),R_DELmed,5,133.43923749029685,141.43923749029685,165.79904686287017,,,none,30.0,45,1,monophasic
Modulated_autosave_20260717_150657_684ms,Deltoid med. (R),R_DELmed,6,166.79904686287017,174.79904686287017,199.15885623544438,,,none,30.0,45,1,monophasic
Modulated_autosave_20260717_150657_684ms,Deltoid med. (R),R_DELmed,7,200.15885623544438,208.15885623544438,232.51866560801858,,,none,30.0,45,1,monophasic
Modulated_autosave_20260717_150657_684ms,Deltoid med. (R),R_DELmed,8,233.51866560801858,241.51866560801858,265.8784749801274,,,none,30.0,45,1,monophasic
Modulated_autosave_20260717_150657_684ms,Deltoid med. (R),R_DELmed,9,266.8784749801274,274.8784749801274,299.2382843527016,,,none,30.0,45,1,monophasic
Modulated_autosave_20260717_150657_684ms,Deltoid med. (R),R_DELmed,10,300.2382843527016,308.2382843527016,332.5980937252749,,,none,30.0,45,1,monophasic
Modulated_autosave_20260717_150657_684ms,Deltoid med. (R),R_DELmed,1,0.7942811758256951,8.794281175825695,32.35980937257421,,,none,30.0,50,1,monophasic
Modulated_autosave_20260717_150657_684ms,Deltoid med. (R),R_DELmed,2,33.35980937257421,41.35980937257421,65.71961874514842,,,none,30.0,50,1,monophasic
Modulated_autosave_20260717_150657_684ms,Deltoid med. (R),R_DELmed,3,66.71961874514842,74.71961874514842,99.07942811772264,,,none,30.0,50,1,monophasic
Modulated_autosave_20260717_150657_684ms,Deltoid med. (R),R_DELmed,4,100.07942811772264,108.07942811772264,132.43923749029685,,,none,30.0,50,1,monophasic
Modulated_autosave_20260717_150657_684ms,Deltoid med. (R),R_DELmed,5,133.43923749029685,141.43923749029685,165.79904686287017,,,none,30.0,50,1,monophasic
Modulated_autosave_20260717_150657_684ms,Deltoid med. (R),R_DELmed,6,166.79904686287017,174.79904686287017,199.15885623544438,,,none,30.0,50,1,monophasic
Modulated_autosave_20260717_150657_684ms,Deltoid med. (R),R_DELmed,7,200.15885623544438,208.15885623544438,232.51866560801858,,,none,30.0,50,1,monophasic
Modulated_autosave_20260717_150657_684ms,Deltoid med. (R),R_DELmed,8,233.51866560801858,241.51866560801858,265.8784749801274,,,none,30.0,50,1,monophasic
Modulated_autosave_20260717_150657_684ms,Deltoid med. (R),R_DELmed,9,266.8784749801274,274.8784749801274,299.2382843527016,,,none,30.0,50,1,monophasic
Modulated_autosave_20260717_150657_684ms,Deltoid med. (R),R_DELmed,10,300.2382843527016,308.2382843527016,332.5980937252749,,,none,30.0,50,1,monophasic
Modulated_autosave_20260717_150657_684ms,Deltoid med. (R),R_DELmed,1,0.7942811758256951,8.794281175825695,32.35980937257421,,,none,30.0,55,1,monophasic
Modulated_autosave_20260717_150657_684ms,Deltoid med. (R),R_DELmed,2,33.35980937257421,41.35980937257421,65.71961874514842,,,none,30.0,55,1,monophasic
Modulated_autosave_20260717_150657_684ms,Deltoid med. (R),R_DELmed,3,66.71961874514842,74.71961874514842,99.07942811772264,,,none,30.0,55,1,monophasic
Modulated_autosave_20260717_150657_684ms,Deltoid med. (R),R_DELmed,4,100.07942811772264,108.07942811772264,132.43923749029685,,,none,30.0,55,1,monophasic
Modulated_autosave_20260717_150657_684ms,Deltoid med. (R),R_DELmed,5,133.43923749029685,141.43923749029685,165.79904686287017,,,none,30.0,55,1,monophasic
Modulated_autosave_20260717_150657_684ms,Deltoid med. (R),R_DELmed,6,166.79904686287017,174.79904686287017,199.15885623544438,,,none,30.0,55,1,monophasic
Modulated_autosave_20260717_150657_684ms,Deltoid med. (R),R_DELmed,7,200.15885623544438,208.15885623544438,232.51866560801858,,,none,30.0,55,1,monophasic
Modulated_autosave_20260717_150657_684ms,Deltoid med. (R),R_DELmed,8,233.51866560801858,241.51866560801858,265.8784749801274,,,none,30.0,55,1,monophasic
Modulated_autosave_20260717_150657_684ms,Deltoid med. (R),R_DELmed,9,266.8784749801274,274.8784749801274,299.2382843527016,,,none,30.0,55,1,monophasic
Modulated_autosave_20260717_150657_684ms,Deltoid med. (R),R_DELmed,10,300.2382843527016,308.2382843527016,332.5980937252749,,,none,30.0,55,1,monophasic
Modulated_autosave_20260717_150657_684ms,Deltoid med. (R),R_DELmed,1,0.7942811758256951,8.794281175825695,32.35980937257421,,,none,30.0,60,1,monophasic
Modulated_autosave_20260717_150657_684ms,Deltoid med. (R),R_DELmed,2,33.35980937257421,41.35980937257421,65.71961874514842,,,none,30.0,60,1,monophasic
Modulated_autosave_20260717_150657_684ms,Deltoid med. (R),R_DELmed,3,66.71961874514842,74.71961874514842,99.07942811772264,,,none,30.0,60,1,monophasic
Modulated_autosave_20260717_150657_684ms,Deltoid med. (R),R_DELmed,4,100.07942811772264,108.07942811772264,132.43923749029685,,,none,30.0,60,1,monophasic
Modulated_autosave_20260717_150657_684ms,Deltoid med. (R),R_DELmed,5,133.43923749029685,141.43923749029685,165.79904686287017,,,none,30.0,60,1,monophasic
Modulated_autosave_20260717_150657_684ms,Deltoid med. (R),R_DELmed,6,166.79904686287017,174.79904686287017,199.15885623544438,,,none,30.0,60,1,monophasic
Modulated_autosave_20260717_150657_684ms,Deltoid med. (R),R_DELmed,7,200.15885623544438,208.15885623544438,232.51866560801858,,,none,30.0,60,1,monophasic
Modulated_autosave_20260717_150657_684ms,Deltoid med. (R),R_DELmed,8,233.51866560801858,241.51866560801858,265.8784749801274,,,none,30.0,60,1,monophasic
Modulated_autosave_20260717_150657_684ms,Deltoid med. (R),R_DELmed,9,266.8784749801274,274.8784749801274,299.2382843527016,,,none,30.0,60,1,monophasic
Modulated_autosave_20260717_150657_684ms,Deltoid med. (R),R_DELmed,10,300.2382843527016,308.2382843527016,332.5980937252749,,,none,30.0,60,1,monophasic
Modulated_autosave_20260717_150657_684ms,Deltoid med. (R),R_DELmed,1,0.7942811758256951,8.794281175825695,32.35980937257421,,,none,30.0,65,1,monophasic
Modulated_autosave_20260717_150657_684ms,Deltoid med. (R),R_DELmed,2,33.35980937257421,41.35980937257421,65.71961874514842,,,none,30.0,65,1,monophasic
Modulated_autosave_20260717_150657_684ms,Deltoid med. (R),R_DELmed,3,66.71961874514842,74.71961874514842,99.07942811772264,,,none,30.0,65,1,monophasic
Modulated_autosave_20260717_150657_684ms,Deltoid med. (R),R_DELmed,4,100.07942811772264,108.07942811772264,132.43923749029685,,,none,30.0,65,1,monophasic
Modulated_autosave_20260717_150657_684ms,Deltoid med. (R),R_DELmed,5,133.43923749029685,141.43923749029685,165.79904686287017,,,none,30.0,65,1,monophasic
Modulated_autosave_20260717_150657_684ms,Deltoid med. (R),R_DELmed,6,166.79904686287017,174.79904686287017,199.15885623544438,,,none,30.0,65,1,monophasic
Modulated_autosave_20260717_150657_684ms,Deltoid med. (R),R_DELmed,7,200.15885623544438,208.15885623544438,232.51866560801858,,,none,30.0,65,1,monophasic
Modulated_autosave_20260717_150657_684ms,Deltoid med. (R),R_DELmed,8,233.51866560801858,241.51866560801858,265.8784749801274,,,none,30.0,65,1,monophasic
Modulated_autosave_20260717_150657_684ms,Deltoid med. (R),R_DELmed,9,266.8784749801274,274.8784749801274,299.2382843527016,,,none,30.0,65,1,monophasic
Modulated_autosave_20260717_150657_684ms,Deltoid med. (R),R_DELmed,10,300.2382843527016,308.2382843527016,332.5980937252749,,,none,30.0,65,1,monophasic
Modulated_autosave_20260717_150657_684ms,Deltoid med. (R),R_DELmed,1,0.7942811758256951,8.794281175825695,32.35980937257421,,,none,30.0,70,1,monophasic
Modulated_autosave_20260717_150657_684ms,Deltoid med. (R),R_DELmed,2,33.35980937257421,41.35980937257421,65.71961874514842,,,none,30.0,70,1,monophasic
Modulated_autosave_20260717_150657_684ms,Deltoid med. (R),R_DELmed,3,66.71961874514842,74.71961874514842,99.07942811772264,,,none,30.0,70,1,monophasic
Modulated_autosave_20260717_150657_684ms,Deltoid med. (R),R_DELmed,4,100.07942811772264,108.07942811772264,132.43923749029685,,,none,30.0,70,1,monophasic
Modulated_autosave_20260717_150657_684ms,Deltoid med. (R),R_DELmed,5,133.43923749029685,141.43923749029685,165.79904686287017,,,none,30.0,70,1,monophasic
Modulated_autosave_20260717_150657_684ms,Deltoid med. (R),R_DELmed,6,166.79904686287017,174.79904686287017,199.15885623544438,,,none,30.0,70,1,monophasic
Modulated_autosave_20260717_150657_684ms,Deltoid med. (R),R_DELmed,7,200.15885623544438,208.15885623544438,232.51866560801858,,,none,30.0,70,1,monophasic
Modulated_autosave_20260717_150657_684ms,Deltoid med. (R),R_DELmed,8,233.51866560801858,241.51866560801858,265.8784749801274,,,none,30.0,70,1,monophasic
Modulated_autosave_20260717_150657_684ms,Deltoid med. (R),R_DELmed,9,266.8784749801274,274.8784749801274,299.2382843527016,,,none,30.0,70,1,monophasic
Modulated_autosave_20260717_150657_684ms,Deltoid med. (R),R_DELmed,10,300.2382843527016,308.2382843527016,332.5980937252749,,,none,30.0,70,1,monophasic
Modulated_autosave_20260717_150657_684ms,Deltoid med. (R),R_DELmed,1,0.7942811758256951,8.794281175825695,32.35980937257421,,,none,30.0,75,1,monophasic
Modulated_autosave_20260717_150657_684ms,Deltoid med. (R),R_DELmed,2,33.35980937257421,41.35980937257421,65.71961874514842,,,none,30.0,75,1,monophasic
Modulated_autosave_20260717_150657_684ms,Deltoid med. (R),R_DELmed,3,66.71961874514842,74.71961874514842,99.07942811772264,,,none,30.0,75,1,monophasic
Modulated_autosave_20260717_150657_684ms,Deltoid med. (R),R_DELmed,4,100.07942811772264,108.07942811772264,132.43923749029685,,,none,30.0,75,1,monophasic
Modulated_autosave_20260717_150657_684ms,Deltoid med. (R),R_DELmed,5,133.43923749029685,141.43923749029685,165.79904686287017,,,none,30.0,75,1,monophasic
Modulated_autosave_20260717_150657_684ms,Deltoid med. (R),R_DELmed,6,166.79904686287017,174.79904686287017,199.15885623544438,,,none,30.0,75,1,monophasic
Modulated_autosave_20260717_150657_684ms,Deltoid med. (R),R_DELmed,7,200.15885623544438,208.15885623544438,232.51866560801858,,,none,30.0,75,1,monophasic
Modulated_autosave_20260717_150657_684ms,Deltoid med. (R),R_DELmed,8,233.51866560801858,241.51866560801858,265.8784749801274,,,none,30.0,75,1,monophasic
Modulated_autosave_20260717_150657_684ms,Deltoid med. (R),R_DELmed,9,266.8784749801274,274.8784749801274,299.2382843527016,,,none,30.0,75,1,monophasic
Modulated_autosave_20260717_150657_684ms,Deltoid med. (R),R_DELmed,10,300.2382843527016,308.2382843527016,332.5980937252749,,,none,30.0,75,1,monophasic
Modulated_autosave_20260717_150657_684ms,Deltoid med. (R),R_DELmed,1,0.7942811758256951,8.794281175825695,32.35980937257421,,,none,30.0,80,1,monophasic
Modulated_autosave_20260717_150657_684ms,Deltoid med. (R),R_DELmed,2,33.35980937257421,41.35980937257421,65.71961874514842,,,none,30.0,80,1,monophasic
Modulated_autosave_20260717_150657_684ms,Deltoid med. (R),R_DELmed,3,66.71961874514842,74.71961874514842,99.07942811772264,,,none,30.0,80,1,monophasic
Modulated_autosave_20260717_150657_684ms,Deltoid med. (R),R_DELmed,4,100.07942811772264,108.07942811772264,132.43923749029685,,,none,30.0,80,1,monophasic
Modulated_autosave_20260717_150657_684ms,Deltoid med. (R),R_DELmed,5,133.43923749029685,141.43923749029685,165.79904686287017,,,none,30.0,80,1,monophasic
Modulated_autosave_20260717_150657_684ms,Deltoid med. (R),R_DELmed,6,166.79904686287017,174.79904686287017,199.15885623544438,,,none,30.0,80,1,monophasic
Modulated_autosave_20260717_150657_684ms,Deltoid med. (R),R_DELmed,7,200.15885623544438,208.15885623544438,232.51866560801858,,,none,30.0,80,1,monophasic
Modulated_autosave_20260717_150657_684ms,Deltoid med. (R),R_DELmed,8,233.51866560801858,241.51866560801858,265.8784749801274,,,none,30.0,80,1,monophasic
Modulated_autosave_20260717_150657_684ms,Deltoid med. (R),R_DELmed,9,266.8784749801274,274.8784749801274,299.2382843527016,,,none,30.0,80,1,monophasic
Modulated_autosave_20260717_150657_684ms,Deltoid med. (R),R_DELmed,10,300.2382843527016,308.2382843527016,332.5980937252749,,,none,30.0,80,1,monophasic
Modulated_autosave_20260717_150657_684ms,Deltoid med. (R),R_DELmed,1,0.7942811758256951,8.794281175825695,32.35980937257421,,,none,30.0,85,1,monophasic
Modulated_autosave_20260717_150657_684ms,Deltoid med. (R),R_DELmed,2,33.35980937257421,41.35980937257421,65.71961874514842,,,none,30.0,85,1,monophasic
Modulated_autosave_20260717_150657_684ms,Deltoid med. (R),R_DELmed,3,66.71961874514842,74.71961874514842,99.07942811772264,,,none,30.0,85,1,monophasic
Modulated_autosave_20260717_150657_684ms,Deltoid med. (R),R_DELmed,4,100.07942811772264,108.07942811772264,132.43923749029685,,,none,30.0,85,1,monophasic
Modulated_autosave_20260717_150657_684ms,Deltoid med. (R),R_DELmed,5,133.43923749029685,141.43923749029685,165.79904686287017,,,none,30.0,85,1,monophasic
Modulated_autosave_20260717_150657_684ms,Deltoid med. (R),R_DELmed,6,166.79904686287017,174.79904686287017,199.15885623544438,,,none,30.0,85,1,monophasic
Modulated_autosave_20260717_150657_684ms,Deltoid med. (R),R_DELmed,7,200.15885623544438,208.15885623544438,232.51866560801858,,,none,30.0,85,1,monophasic
Modulated_autosave_20260717_150657_684ms,Deltoid med. (R),R_DELmed,8,233.51866560801858,241.51866560801858,265.8784749801274,,,none,30.0,85,1,monophasic
Modulated_autosave_20260717_150657_684ms,Deltoid med. (R),R_DELmed,9,266.8784749801274,274.8784749801274,299.2382843527016,,,none,30.0,85,1,monophasic
Modulated_autosave_20260717_150657_684ms,Deltoid med. (R),R_DELmed,10,300.2382843527016,308.2382843527016,332.5980937252749,,,none,30.0,85,1,monophasic
Modulated_autosave_20260717_150657_684ms,Deltoid med. (R),R_DELmed,1,0.7942811758256951,8.794281175825695,32.35980937257421,,,none,30.0,90,1,monophasic
Modulated_autosave_20260717_150657_684ms,Deltoid med. (R),R_DELmed,2,33.35980937257421,41.35980937257421,65.71961874514842,,,none,30.0,90,1,monophasic
Modulated_autosave_20260717_150657_684ms,Deltoid med. (R),R_DELmed,3,66.71961874514842,74.71961874514842,99.07942811772264,,,none,30.0,90,1,monophasic
Modulated_autosave_20260717_150657_684ms,Deltoid med. (R),R_DELmed,4,100.07942811772264,108.07942811772264,132.43923749029685,,,none,30.0,90,1,monophasic
Modulated_autosave_20260717_150657_684ms,Deltoid med. (R),R_DELmed,5,133.43923749029685,141.43923749029685,165.79904686287017,,,none,30.0,90,1,monophasic
Modulated_autosave_20260717_150657_684ms,Deltoid med. (R),R_DELmed,6,166.79904686287017,174.79904686287017,199.15885623544438,,,none,30.0,90,1,monophasic
Modulated_autosave_20260717_150657_684ms,Deltoid med. (R),R_DELmed,7,200.15885623544438,208.15885623544438,232.51866560801858,,,none,30.0,90,1,monophasic
Modulated_autosave_20260717_150657_684ms,Deltoid med. (R),R_DELmed,8,233.51866560801858,241.51866560801858,265.8784749801274,,,none,30.0,90,1,monophasic
Modulated_autosave_20260717_150657_684ms,Deltoid med. (R),R_DELmed,9,266.8784749801274,274.8784749801274,299.2382843527016,,,none,30.0,90,1,monophasic
Modulated_autosave_20260717_150657_684ms,Deltoid med. (R),R_DELmed,10,300.2382843527016,308.2382843527016,332.5980937252749,,,none,30.0,90,1,monophasic
Modulated_autosave_20260717_150657_684ms,Deltoid med. (R),R_DELmed,1,0.7942811758256951,8.794281175825695,32.35980937257421,,,none,30.0,95,1,monophasic
Modulated_autosave_20260717_150657_684ms,Deltoid med. (R),R_DELmed,2,33.35980937257421,41.35980937257421,65.71961874514842,,,none,30.0,95,1,monophasic
Modulated_autosave_20260717_150657_684ms,Deltoid med. (R),R_DELmed,3,66.71961874514842,74.71961874514842,99.07942811772264,,,none,30.0,95,1,monophasic
Modulated_autosave_20260717_150657_684ms,Deltoid med. (R),R_DELmed,4,100.07942811772264,108.07942811772264,132.43923749029685,,,none,30.0,95,1,monophasic
Modulated_autosave_20260717_150657_684ms,Deltoid med. (R),R_DELmed,5,133.43923749029685,141.43923749029685,165.79904686287017,,,none,30.0,95,1,monophasic
Modulated_autosave_20260717_150657_684ms,Deltoid med. (R),R_DELmed,6,166.79904686287017,174.79904686287017,199.15885623544438,,,none,30.0,95,1,monophasic
Modulated_autosave_20260717_150657_684ms,Deltoid med. (R),R_DELmed,7,200.15885623544438,208.15885623544438,232.51866560801858,,,none,30.0,95,1,monophasic
Modulated_autosave_20260717_150657_684ms,Deltoid med. (R),R_DELmed,8,233.51866560801858,241.51866560801858,265.8784749801274,,,none,30.0,95,1,monophasic
Modulated_autosave_20260717_150657_684ms,Deltoid med. (R),R_DELmed,9,266.8784749801274,274.8784749801274,299.2382843527016,,,none,30.0,95,1,monophasic
Modulated_autosave_20260717_150657_684ms,Deltoid med. (R),R_DELmed,10,300.2382843527016,308.2382843527016,332.5980937252749,,,none,30.0,95,1,monophasic
Modulated_autosave_20260717_150657_684ms,Deltoid med. (R),R_DELmed,1,0.7942811758256951,8.794281175825695,32.35980937257421,0.3662470430135727,0.3662470430135727,none,30.0,100,1,monophasic
Modulated_autosave_20260717_150657_684ms,Deltoid med. (R),R_DELmed,2,33.35980937257421,41.35980937257421,65.71961874514842,0.3675898462533951,0.3675898462533951,none,30.0,100,1,monophasic
Modulated_autosave_20260717_150657_684ms,Deltoid med. (R),R_DELmed,3,66.71961874514842,74.71961874514842,99.07942811772264,0.35718318819999695,0.35718318819999695,none,30.0,100,1,monophasic
Modulated_autosave_20260717_150657_684ms,Deltoid med. (R),R_DELmed,4,100.07942811772264,108.07942811772264,132.43923749029685,0.15693904273211956,0.15693904273211956,none,30.0,100,1,monophasic
Modulated_autosave_20260717_150657_684ms,Deltoid med. (R),R_DELmed,5,133.43923749029685,141.43923749029685,165.79904686287017,0.3356984853744507,0.3356984853744507,none,30.0,100,1,monophasic
Modulated_autosave_20260717_150657_684ms,Deltoid med. (R),R_DELmed,6,166.79904686287017,174.79904686287017,199.15885623544438,0.3309987038373947,0.3309987038373947,none,30.0,100,1,monophasic
Modulated_autosave_20260717_150657_684ms,Deltoid med. (R),R_DELmed,7,200.15885623544438,208.15885623544438,232.51866560801858,0.14032196486368775,0.14032196486368775,none,30.0,100,1,monophasic
Modulated_autosave_20260717_150657_684ms,Deltoid med. (R),R_DELmed,8,233.51866560801858,241.51866560801858,265.8784749801274,0.1356221924070269,0.1356221924070269,none,30.0,100,1,monophasic
Modulated_autosave_20260717_150657_684ms,Deltoid med. (R),R_DELmed,9,266.8784749801274,274.8784749801274,299.2382843527016,0.3170672208070755,0.3170672208070755,none,30.0,100,1,monophasic
Modulated_autosave_20260717_150657_684ms,Deltoid med. (R),R_DELmed,10,300.2382843527016,308.2382843527016,332.5980937252749,0.1322652054950595,0.1322652054950595,none,30.0,100,1,monophasic
Modulated_autosave_20260717_150657_684ms,Deltoid med. (R),R_DELmed,1,0.7942811758256951,8.794281175825695,32.35980937257421,,,none,30.0,105,1,monophasic
Modulated_autosave_20260717_150657_684ms,Deltoid med. (R),R_DELmed,2,33.35980937257421,41.35980937257421,65.71961874514842,,,none,30.0,105,1,monophasic
Modulated_autosave_20260717_150657_684ms,Deltoid med. (R),R_DELmed,3,66.71961874514842,74.71961874514842,99.07942811772264,,,none,30.0,105,1,monophasic
Modulated_autosave_20260717_150657_684ms,Deltoid med. (R),R_DELmed,4,100.07942811772264,108.07942811772264,132.43923749029685,,,none,30.0,105,1,monophasic
Modulated_autosave_20260717_150657_684ms,Deltoid med. (R),R_DELmed,5,133.43923749029685,141.43923749029685,165.79904686287017,,,none,30.0,105,1,monophasic
Modulated_autosave_20260717_150657_684ms,Deltoid med. (R),R_DELmed,6,166.79904686287017,174.79904686287017,199.15885623544438,,,none,30.0,105,1,monophasic
Modulated_autosave_20260717_150657_684ms,Deltoid med. (R),R_DELmed,7,200.15885623544438,208.15885623544438,232.51866560801858,,,none,30.0,105,1,monophasic
Modulated_autosave_20260717_150657_684ms,Deltoid med. (R),R_DELmed,8,233.51866560801858,241.51866560801858,265.8784749801274,,,none,30.0,105,1,monophasic
Modulated_autosave_20260717_150657_684ms,Deltoid med. (R),R_DELmed,9,266.8784749801274,274.8784749801274,299.2382843527016,,,none,30.0,105,1,monophasic
Modulated_autosave_20260717_150657_684ms,Deltoid med. (R),R_DELmed,10,300.2382843527016,308.2382843527016,332.5980937252749,,,none,30.0,105,1,monophasic
Modulated_autosave_20260717_150657_684ms,Deltoid med. (R),R_DELmed,1,0.7942811758256951,8.794281175825695,32.35980937257421,0.40401312708854675,0.40401312708854675,none,30.0,110,1,monophasic
Modulated_autosave_20260717_150657_684ms,Deltoid med. (R),R_DELmed,2,33.35980937257421,41.35980937257421,65.71961874514842,0.3947814255952835,0.3947814255952835,none,30.0,110,1,monophasic
Modulated_autosave_20260717_150657_684ms,Deltoid med. (R),R_DELmed,3,66.71961874514842,74.71961874514842,99.07942811772264,0.3927672207355499,0.3927672207355499,none,30.0,110,1,monophasic
Modulated_autosave_20260717_150657_684ms,Deltoid med. (R),R_DELmed,4,100.07942811772264,108.07942811772264,132.43923749029685,0.37145036458969116,0.37145036458969116,none,30.0,110,1,monophasic
Modulated_autosave_20260717_150657_684ms,Deltoid med. (R),R_DELmed,5,133.43923749029685,141.43923749029685,165.79904686287017,0.35516898334026337,0.35516898334026337,none,30.0,110,1,monophasic
Modulated_autosave_20260717_150657_684ms,Deltoid med. (R),R_DELmed,6,166.79904686287017,174.79904686287017,199.15885623544438,0.3457694351673126,0.3457694351673126,none,30.0,110,1,monophasic
Modulated_autosave_20260717_150657_684ms,Deltoid med. (R),R_DELmed,7,200.15885623544438,208.15885623544438,232.51866560801858,0.34358739852905273,0.34358739852905273,none,30.0,110,1,monophasic
Modulated_autosave_20260717_150657_684ms,Deltoid med. (R),R_DELmed,8,233.51866560801858,241.51866560801858,265.8784749801274,0.3330128937959671,0.3330128937959671,none,30.0,110,1,monophasic
Modulated_autosave_20260717_150657_684ms,Deltoid med. (R),R_DELmed,9,266.8784749801274,274.8784749801274,299.2382843527016,0.3294880539178848,0.3294880539178848,none,30.0,110,1,monophasic
Modulated_autosave_20260717_150657_684ms,Deltoid med. (R),R_DELmed,10,300.2382843527016,308.2382843527016,332.5980937252749,0.32260625064373016,0.32260625064373016,none,30.0,110,1,monophasic
Modulated_autosave_20260717_150657_684ms,Biceps (R),R_BB,1,0.7942811758256951,8.794281175825695,32.35980937257421,,,none,30.0,15,1,monophasic
Modulated_autosave_20260717_150657_684ms,Biceps (R),R_BB,2,33.35980937257421,41.35980937257421,65.71961874514842,,,none,30.0,15,1,monophasic
Modulated_autosave_20260717_150657_684ms,Biceps (R),R_BB,3,66.71961874514842,74.71961874514842,99.07942811772264,,,none,30.0,15,1,monophasic
Modulated_autosave_20260717_150657_684ms,Biceps (R),R_BB,4,100.07942811772264,108.07942811772264,132.43923749029685,,,none,30.0,15,1,monophasic
Modulated_autosave_20260717_150657_684ms,Biceps (R),R_BB,5,133.43923749029685,141.43923749029685,165.79904686287017,,,none,30.0,15,1,monophasic
Modulated_autosave_20260717_150657_684ms,Biceps (R),R_BB,6,166.79904686287017,174.79904686287017,199.15885623544438,,,none,30.0,15,1,monophasic
Modulated_autosave_20260717_150657_684ms,Biceps (R),R_BB,7,200.15885623544438,208.15885623544438,232.51866560801858,,,none,30.0,15,1,monophasic
Modulated_autosave_20260717_150657_684ms,Biceps (R),R_BB,8,233.51866560801858,241.51866560801858,265.8784749801274,,,none,30.0,15,1,monophasic
Modulated_autosave_20260717_150657_684ms,Biceps (R),R_BB,9,266.8784749801274,274.8784749801274,299.2382843527016,,,none,30.0,15,1,monophasic
Modulated_autosave_20260717_150657_684ms,Biceps (R),R_BB,10,300.2382843527016,308.2382843527016,332.5980937252749,,,none,30.0,15,1,monophasic
Modulated_autosave_20260717_150657_684ms,Biceps (R),R_BB,1,0.7942811758256951,8.794281175825695,32.35980937257421,,,none,30.0,20,1,monophasic
Modulated_autosave_20260717_150657_684ms,Biceps (R),R_BB,2,33.35980937257421,41.35980937257421,65.71961874514842,,,none,30.0,20,1,monophasic
Modulated_autosave_20260717_150657_684ms,Biceps (R),R_BB,3,66.71961874514842,74.71961874514842,99.07942811772264,,,none,30.0,20,1,monophasic
Modulated_autosave_20260717_150657_684ms,Biceps (R),R_BB,4,100.07942811772264,108.07942811772264,132.43923749029685,,,none,30.0,20,1,monophasic
Modulated_autosave_20260717_150657_684ms,Biceps (R),R_BB,5,133.43923749029685,141.43923749029685,165.79904686287017,,,none,30.0,20,1,monophasic
Modulated_autosave_20260717_150657_684ms,Biceps (R),R_BB,6,166.79904686287017,174.79904686287017,199.15885623544438,,,none,30.0,20,1,monophasic
Modulated_autosave_20260717_150657_684ms,Biceps (R),R_BB,7,200.15885623544438,208.15885623544438,232.51866560801858,,,none,30.0,20,1,monophasic
Modulated_autosave_20260717_150657_684ms,Biceps (R),R_BB,8,233.51866560801858,241.51866560801858,265.8784749801274,,,none,30.0,20,1,monophasic
Modulated_autosave_20260717_150657_684ms,Biceps (R),R_BB,9,266.8784749801274,274.8784749801274,299.2382843527016,,,none,30.0,20,1,monophasic
Modulated_autosave_20260717_150657_684ms,Biceps (R),R_BB,10,300.2382843527016,308.2382843527016,332.5980937252749,,,none,30.0,20,1,monophasic
Modulated_autosave_20260717_150657_684ms,Biceps (R),R_BB,1,0.7942811758256951,8.794281175825695,32.35980937257421,,,none,30.0,25,1,monophasic
Modulated_autosave_20260717_150657_684ms,Biceps (R),R_BB,2,33.35980937257421,41.35980937257421,65.71961874514842,,,none,30.0,25,1,monophasic
Modulated_autosave_20260717_150657_684ms,Biceps (R),R_BB,3,66.71961874514842,74.71961874514842,99.07942811772264,,,none,30.0,25,1,monophasic
Modulated_autosave_20260717_150657_684ms,Biceps (R),R_BB,4,100.07942811772264,108.07942811772264,132.43923749029685,,,none,30.0,25,1,monophasic
Modulated_autosave_20260717_150657_684ms,Biceps (R),R_BB,5,133.43923749029685,141.43923749029685,165.79904686287017,,,none,30.0,25,1,monophasic
Modulated_autosave_20260717_150657_684ms,Biceps (R),R_BB,6,166.79904686287017,174.79904686287017,199.15885623544438,,,none,30.0,25,1,monophasic
Modulated_autosave_20260717_150657_684ms,Biceps (R),R_BB,7,200.15885623544438,208.15885623544438,232.51866560801858,,,none,30.0,25,1,monophasic
Modulated_autosave_20260717_150657_684ms,Biceps (R),R_BB,8,233.51866560801858,241.51866560801858,265.8784749801274,,,none,30.0,25,1,monophasic
Modulated_autosave_20260717_150657_684ms,Biceps (R),R_BB,9,266.8784749801274,274.8784749801274,299.2382843527016,,,none,30.0,25,1,monophasic
Modulated_autosave_20260717_150657_684ms,Biceps (R),R_BB,10,300.2382843527016,308.2382843527016,332.5980937252749,,,none,30.0,25,1,monophasic
Modulated_autosave_20260717_150657_684ms,Biceps (R),R_BB,1,0.7942811758256951,8.794281175825695,32.35980937257421,,,none,30.0,30,1,monophasic
Modulated_autosave_20260717_150657_684ms,Biceps (R),R_BB,2,33.35980937257421,41.35980937257421,65.71961874514842,,,none,30.0,30,1,monophasic
Modulated_autosave_20260717_150657_684ms,Biceps (R),R_BB,3,66.71961874514842,74.71961874514842,99.07942811772264,,,none,30.0,30,1,monophasic
Modulated_autosave_20260717_150657_684ms,Biceps (R),R_BB,4,100.07942811772264,108.07942811772264,132.43923749029685,,,none,30.0,30,1,monophasic
Modulated_autosave_20260717_150657_684ms,Biceps (R),R_BB,5,133.43923749029685,141.43923749029685,165.79904686287017,,,none,30.0,30,1,monophasic
Modulated_autosave_20260717_150657_684ms,Biceps (R),R_BB,6,166.79904686287017,174.79904686287017,199.15885623544438,,,none,30.0,30,1,monophasic
Modulated_autosave_20260717_150657_684ms,Biceps (R),R_BB,7,200.15885623544438,208.15885623544438,232.51866560801858,,,none,30.0,30,1,monophasic
Modulated_autosave_20260717_150657_684ms,Biceps (R),R_BB,8,233.51866560801858,241.51866560801858,265.8784749801274,,,none,30.0,30,1,monophasic
Modulated_autosave_20260717_150657_684ms,Biceps (R),R_BB,9,266.8784749801274,274.8784749801274,299.2382843527016,,,none,30.0,30,1,monophasic
Modulated_autosave_20260717_150657_684ms,Biceps (R),R_BB,10,300.2382843527016,308.2382843527016,332.5980937252749,,,none,30.0,30,1,monophasic
Modulated_autosave_20260717_150657_684ms,Biceps (R),R_BB,1,0.7942811758256951,8.794281175825695,32.35980937257421,,,none,30.0,35,1,monophasic
Modulated_autosave_20260717_150657_684ms,Biceps (R),R_BB,2,33.35980937257421,41.35980937257421,65.71961874514842,,,none,30.0,35,1,monophasic
Modulated_autosave_20260717_150657_684ms,Biceps (R),R_BB,3,66.71961874514842,74.71961874514842,99.07942811772264,,,none,30.0,35,1,monophasic
Modulated_autosave_20260717_150657_684ms,Biceps (R),R_BB,4,100.07942811772264,108.07942811772264,132.43923749029685,,,none,30.0,35,1,monophasic
Modulated_autosave_20260717_150657_684ms,Biceps (R),R_BB,5,133.43923749029685,141.43923749029685,165.79904686287017,,,none,30.0,35,1,monophasic
Modulated_autosave_20260717_150657_684ms,Biceps (R),R_BB,6,166.79904686287017,174.79904686287017,199.15885623544438,,,none,30.0,35,1,monophasic
Modulated_autosave_20260717_150657_684ms,Biceps (R),R_BB,7,200.15885623544438,208.15885623544438,232.51866560801858,,,none,30.0,35,1,monophasic
Modulated_autosave_20260717_150657_684ms,Biceps (R),R_BB,8,233.51866560801858,241.51866560801858,265.8784749801274,,,none,30.0,35,1,monophasic
Modulated_autosave_20260717_150657_684ms,Biceps (R),R_BB,9,266.8784749801274,274.8784749801274,299.2382843527016,,,none,30.0,35,1,monophasic
Modulated_autosave_20260717_150657_684ms,Biceps (R),R_BB,10,300.2382843527016,308.2382843527016,332.5980937252749,,,none,30.0,35,1,monophasic
Modulated_autosave_20260717_150657_684ms,Biceps (R),R_BB,1,0.7942811758256951,8.794281175825695,32.35980937257421,,,none,30.0,40,1,monophasic
Modulated_autosave_20260717_150657_684ms,Biceps (R),R_BB,2,33.35980937257421,41.35980937257421,65.71961874514842,,,none,30.0,40,1,monophasic
Modulated_autosave_20260717_150657_684ms,Biceps (R),R_BB,3,66.71961874514842,74.71961874514842,99.07942811772264,,,none,30.0,40,1,monophasic
Modulated_autosave_20260717_150657_684ms,Biceps (R),R_BB,4,100.07942811772264,108.07942811772264,132.43923749029685,,,none,30.0,40,1,monophasic
Modulated_autosave_20260717_150657_684ms,Biceps (R),R_BB,5,133.43923749029685,141.43923749029685,165.79904686287017,,,none,30.0,40,1,monophasic
Modulated_autosave_20260717_150657_684ms,Biceps (R),R_BB,6,166.79904686287017,174.79904686287017,199.15885623544438,,,none,30.0,40,1,monophasic
Modulated_autosave_20260717_150657_684ms,Biceps (R),R_BB,7,200.15885623544438,208.15885623544438,232.51866560801858,,,none,30.0,40,1,monophasic
Modulated_autosave_20260717_150657_684ms,Biceps (R),R_BB,8,233.51866560801858,241.51866560801858,265.8784749801274,,,none,30.0,40,1,monophasic
Modulated_autosave_20260717_150657_684ms,Biceps (R),R_BB,9,266.8784749801274,274.8784749801274,299.2382843527016,,,none,30.0,40,1,monophasic
Modulated_autosave_20260717_150657_684ms,Biceps (R),R_BB,10,300.2382843527016,308.2382843527016,332.5980937252749,,,none,30.0,40,1,monophasic
Modulated_autosave_20260717_150657_684ms,Biceps (R),R_BB,1,0.7942811758256951,8.794281175825695,32.35980937257421,,,none,30.0,45,1,monophasic
Modulated_autosave_20260717_150657_684ms,Biceps (R),R_BB,2,33.35980937257421,41.35980937257421,65.71961874514842,,,none,30.0,45,1,monophasic
Modulated_autosave_20260717_150657_684ms,Biceps (R),R_BB,3,66.71961874514842,74.71961874514842,99.07942811772264,,,none,30.0,45,1,monophasic
Modulated_autosave_20260717_150657_684ms,Biceps (R),R_BB,4,100.07942811772264,108.07942811772264,132.43923749029685,,,none,30.0,45,1,monophasic
Modulated_autosave_20260717_150657_684ms,Biceps (R),R_BB,5,133.43923749029685,141.43923749029685,165.79904686287017,,,none,30.0,45,1,monophasic
Modulated_autosave_20260717_150657_684ms,Biceps (R),R_BB,6,166.79904686287017,174.79904686287017,199.15885623544438,,,none,30.0,45,1,monophasic
Modulated_autosave_20260717_150657_684ms,Biceps (R),R_BB,7,200.15885623544438,208.15885623544438,232.51866560801858,,,none,30.0,45,1,monophasic
Modulated_autosave_20260717_150657_684ms,Biceps (R),R_BB,8,233.51866560801858,241.51866560801858,265.8784749801274,,,none,30.0,45,1,monophasic
Modulated_autosave_20260717_150657_684ms,Biceps (R),R_BB,9,266.8784749801274,274.8784749801274,299.2382843527016,,,none,30.0,45,1,monophasic
Modulated_autosave_20260717_150657_684ms,Biceps (R),R_BB,10,300.2382843527016,308.2382843527016,332.5980937252749,,,none,30.0,45,1,monophasic
Modulated_autosave_20260717_150657_684ms,Biceps (R),R_BB,1,0.7942811758256951,8.794281175825695,32.35980937257421,,,none,30.0,50,1,monophasic
Modulated_autosave_20260717_150657_684ms,Biceps (R),R_BB,2,33.35980937257421,41.35980937257421,65.71961874514842,,,none,30.0,50,1,monophasic
Modulated_autosave_20260717_150657_684ms,Biceps (R),R_BB,3,66.71961874514842,74.71961874514842,99.07942811772264,,,none,30.0,50,1,monophasic
Modulated_autosave_20260717_150657_684ms,Biceps (R),R_BB,4,100.07942811772264,108.07942811772264,132.43923749029685,,,none,30.0,50,1,monophasic
Modulated_autosave_20260717_150657_684ms,Biceps (R),R_BB,5,133.43923749029685,141.43923749029685,165.79904686287017,,,none,30.0,50,1,monophasic
Modulated_autosave_20260717_150657_684ms,Biceps (R),R_BB,6,166.79904686287017,174.79904686287017,199.15885623544438,,,none,30.0,50,1,monophasic
Modulated_autosave_20260717_150657_684ms,Biceps (R),R_BB,7,200.15885623544438,208.15885623544438,232.51866560801858,,,none,30.0,50,1,monophasic
Modulated_autosave_20260717_150657_684ms,Biceps (R),R_BB,8,233.51866560801858,241.51866560801858,265.8784749801274,,,none,30.0,50,1,monophasic
Modulated_autosave_20260717_150657_684ms,Biceps (R),R_BB,9,266.8784749801274,274.8784749801274,299.2382843527016,,,none,30.0,50,1,monophasic
Modulated_autosave_20260717_150657_684ms,Biceps (R),R_BB,10,300.2382843527016,308.2382843527016,332.5980937252749,,,none,30.0,50,1,monophasic
Modulated_autosave_20260717_150657_684ms,Biceps (R),R_BB,1,0.7942811758256951,8.794281175825695,32.35980937257421,,,none,30.0,55,1,monophasic
Modulated_autosave_20260717_150657_684ms,Biceps (R),R_BB,2,33.35980937257421,41.35980937257421,65.71961874514842,,,none,30.0,55,1,monophasic
Modulated_autosave_20260717_150657_684ms,Biceps (R),R_BB,3,66.71961874514842,74.71961874514842,99.07942811772264,,,none,30.0,55,1,monophasic
Modulated_autosave_20260717_150657_684ms,Biceps (R),R_BB,4,100.07942811772264,108.07942811772264,132.43923749029685,,,none,30.0,55,1,monophasic
Modulated_autosave_20260717_150657_684ms,Biceps (R),R_BB,5,133.43923749029685,141.43923749029685,165.79904686287017,,,none,30.0,55,1,monophasic
Modulated_autosave_20260717_150657_684ms,Biceps (R),R_BB,6,166.79904686287017,174.79904686287017,199.15885623544438,,,none,30.0,55,1,monophasic
Modulated_autosave_20260717_150657_684ms,Biceps (R),R_BB,7,200.15885623544438,208.15885623544438,232.51866560801858,,,none,30.0,55,1,monophasic
Modulated_autosave_20260717_150657_684ms,Biceps (R),R_BB,8,233.51866560801858,241.51866560801858,265.8784749801274,,,none,30.0,55,1,monophasic
Modulated_autosave_20260717_150657_684ms,Biceps (R),R_BB,9,266.8784749801274,274.8784749801274,299.2382843527016,,,none,30.0,55,1,monophasic
Modulated_autosave_20260717_150657_684ms,Biceps (R),R_BB,10,300.2382843527016,308.2382843527016,332.5980937252749,,,none,30.0,55,1,monophasic
Modulated_autosave_20260717_150657_684ms,Biceps (R),R_BB,1,0.7942811758256951,8.794281175825695,32.35980937257421,,,none,30.0,60,1,monophasic
Modulated_autosave_20260717_150657_684ms,Biceps (R),R_BB,2,33.35980937257421,41.35980937257421,65.71961874514842,,,none,30.0,60,1,monophasic
Modulated_autosave_20260717_150657_684ms,Biceps (R),R_BB,3,66.71961874514842,74.71961874514842,99.07942811772264,,,none,30.0,60,1,monophasic
Modulated_autosave_20260717_150657_684ms,Biceps (R),R_BB,4,100.07942811772264,108.07942811772264,132.43923749029685,,,none,30.0,60,1,monophasic
Modulated_autosave_20260717_150657_684ms,Biceps (R),R_BB,5,133.43923749029685,141.43923749029685,165.79904686287017,,,none,30.0,60,1,monophasic
Modulated_autosave_20260717_150657_684ms,Biceps (R),R_BB,6,166.79904686287017,174.79904686287017,199.15885623544438,,,none,30.0,60,1,monophasic
Modulated_autosave_20260717_150657_684ms,Biceps (R),R_BB,7,200.15885623544438,208.15885623544438,232.51866560801858,,,none,30.0,60,1,monophasic
Modulated_autosave_20260717_150657_684ms,Biceps (R),R_BB,8,233.51866560801858,241.51866560801858,265.8784749801274,,,none,30.0,60,1,monophasic
Modulated_autosave_20260717_150657_684ms,Biceps (R),R_BB,9,266.8784749801274,274.8784749801274,299.2382843527016,,,none,30.0,60,1,monophasic
Modulated_autosave_20260717_150657_684ms,Biceps (R),R_BB,10,300.2382843527016,308.2382843527016,332.5980937252749,,,none,30.0,60,1,monophasic
Modulated_autosave_20260717_150657_684ms,Biceps (R),R_BB,1,0.7942811758256951,8.794281175825695,32.35980937257421,,,none,30.0,65,1,monophasic
Modulated_autosave_20260717_150657_684ms,Biceps (R),R_BB,2,33.35980937257421,41.35980937257421,65.71961874514842,,,none,30.0,65,1,monophasic
Modulated_autosave_20260717_150657_684ms,Biceps (R),R_BB,3,66.71961874514842,74.71961874514842,99.07942811772264,,,none,30.0,65,1,monophasic
Modulated_autosave_20260717_150657_684ms,Biceps (R),R_BB,4,100.07942811772264,108.07942811772264,132.43923749029685,,,none,30.0,65,1,monophasic
Modulated_autosave_20260717_150657_684ms,Biceps (R),R_BB,5,133.43923749029685,141.43923749029685,165.79904686287017,,,none,30.0,65,1,monophasic
Modulated_autosave_20260717_150657_684ms,Biceps (R),R_BB,6,166.79904686287017,174.79904686287017,199.15885623544438,,,none,30.0,65,1,monophasic
Modulated_autosave_20260717_150657_684ms,Biceps (R),R_BB,7,200.15885623544438,208.15885623544438,232.51866560801858,,,none,30.0,65,1,monophasic
Modulated_autosave_20260717_150657_684ms,Biceps (R),R_BB,8,233.51866560801858,241.51866560801858,265.8784749801274,,,none,30.0,65,1,monophasic
Modulated_autosave_20260717_150657_684ms,Biceps (R),R_BB,9,266.8784749801274,274.8784749801274,299.2382843527016,,,none,30.0,65,1,monophasic
Modulated_autosave_20260717_150657_684ms,Biceps (R),R_BB,10,300.2382843527016,308.2382843527016,332.5980937252749,,,none,30.0,65,1,monophasic
Modulated_autosave_20260717_150657_684ms,Biceps (R),R_BB,1,0.7942811758256951,8.794281175825695,32.35980937257421,,,none,30.0,70,1,monophasic
Modulated_autosave_20260717_150657_684ms,Biceps (R),R_BB,2,33.35980937257421,41.35980937257421,65.71961874514842,,,none,30.0,70,1,monophasic
Modulated_autosave_20260717_150657_684ms,Biceps (R),R_BB,3,66.71961874514842,74.71961874514842,99.07942811772264,,,none,30.0,70,1,monophasic
Modulated_autosave_20260717_150657_684ms,Biceps (R),R_BB,4,100.07942811772264,108.07942811772264,132.43923749029685,,,none,30.0,70,1,monophasic
Modulated_autosave_20260717_150657_684ms,Biceps (R),R_BB,5,133.43923749029685,141.43923749029685,165.79904686287017,,,none,30.0,70,1,monophasic
Modulated_autosave_20260717_150657_684ms,Biceps (R),R_BB,6,166.79904686287017,174.79904686287017,199.15885623544438,,,none,30.0,70,1,monophasic
Modulated_autosave_20260717_150657_684ms,Biceps (R),R_BB,7,200.15885623544438,208.15885623544438,232.51866560801858,,,none,30.0,70,1,monophasic
Modulated_autosave_20260717_150657_684ms,Biceps (R),R_BB,8,233.51866560801858,241.51866560801858,265.8784749801274,,,none,30.0,70,1,monophasic
Modulated_autosave_20260717_150657_684ms,Biceps (R),R_BB,9,266.8784749801274,274.8784749801274,299.2382843527016,,,none,30.0,70,1,monophasic
Modulated_autosave_20260717_150657_684ms,Biceps (R),R_BB,10,300.2382843527016,308.2382843527016,332.5980937252749,,,none,30.0,70,1,monophasic
Modulated_autosave_20260717_150657_684ms,Biceps (R),R_BB,1,0.7942811758256951,8.794281175825695,32.35980937257421,,,none,30.0,75,1,monophasic
Modulated_autosave_20260717_150657_684ms,Biceps (R),R_BB,2,33.35980937257421,41.35980937257421,65.71961874514842,,,none,30.0,75,1,monophasic
Modulated_autosave_20260717_150657_684ms,Biceps (R),R_BB,3,66.71961874514842,74.71961874514842,99.07942811772264,,,none,30.0,75,1,monophasic
Modulated_autosave_20260717_150657_684ms,Biceps (R),R_BB,4,100.07942811772264,108.07942811772264,132.43923749029685,,,none,30.0,75,1,monophasic
Modulated_autosave_20260717_150657_684ms,Biceps (R),R_BB,5,133.43923749029685,141.43923749029685,165.79904686287017,,,none,30.0,75,1,monophasic
Modulated_autosave_20260717_150657_684ms,Biceps (R),R_BB,6,166.79904686287017,174.79904686287017,199.15885623544438,,,none,30.0,75,1,monophasic
Modulated_autosave_20260717_150657_684ms,Biceps (R),R_BB,7,200.15885623544438,208.15885623544438,232.51866560801858,,,none,30.0,75,1,monophasic
Modulated_autosave_20260717_150657_684ms,Biceps (R),R_BB,8,233.51866560801858,241.51866560801858,265.8784749801274,,,none,30.0,75,1,monophasic
Modulated_autosave_20260717_150657_684ms,Biceps (R),R_BB,9,266.8784749801274,274.8784749801274,299.2382843527016,,,none,30.0,75,1,monophasic
Modulated_autosave_20260717_150657_684ms,Biceps (R),R_BB,10,300.2382843527016,308.2382843527016,332.5980937252749,,,none,30.0,75,1,monophasic
Modulated_autosave_20260717_150657_684ms,Biceps (R),R_BB,1,0.7942811758256951,8.794281175825695,32.35980937257421,,,none,30.0,80,1,monophasic
Modulated_autosave_20260717_150657_684ms,Biceps (R),R_BB,2,33.35980937257421,41.35980937257421,65.71961874514842,,,none,30.0,80,1,monophasic
Modulated_autosave_20260717_150657_684ms,Biceps (R),R_BB,3,66.71961874514842,74.71961874514842,99.07942811772264,,,none,30.0,80,1,monophasic
Modulated_autosave_20260717_150657_684ms,Biceps (R),R_BB,4,100.07942811772264,108.07942811772264,132.43923749029685,,,none,30.0,80,1,monophasic
Modulated_autosave_20260717_150657_684ms,Biceps (R),R_BB,5,133.43923749029685,141.43923749029685,165.79904686287017,,,none,30.0,80,1,monophasic
Modulated_autosave_20260717_150657_684ms,Biceps (R),R_BB,6,166.79904686287017,174.79904686287017,199.15885623544438,,,none,30.0,80,1,monophasic
Modulated_autosave_20260717_150657_684ms,Biceps (R),R_BB,7,200.15885623544438,208.15885623544438,232.51866560801858,,,none,30.0,80,1,monophasic
Modulated_autosave_20260717_150657_684ms,Biceps (R),R_BB,8,233.51866560801858,241.51866560801858,265.8784749801274,,,none,30.0,80,1,monophasic
Modulated_autosave_20260717_150657_684ms,Biceps (R),R_BB,9,266.8784749801274,274.8784749801274,299.2382843527016,,,none,30.0,80,1,monophasic
Modulated_autosave_20260717_150657_684ms,Biceps (R),R_BB,10,300.2382843527016,308.2382843527016,332.5980937252749,,,none,30.0,80,1,monophasic
Modulated_autosave_20260717_150657_684ms,Biceps (R),R_BB,1,0.7942811758256951,8.794281175825695,32.35980937257421,,,none,30.0,85,1,monophasic
Modulated_autosave_20260717_150657_684ms,Biceps (R),R_BB,2,33.35980937257421,41.35980937257421,65.71961874514842,,,none,30.0,85,1,monophasic
Modulated_autosave_20260717_150657_684ms,Biceps (R),R_BB,3,66.71961874514842,74.71961874514842,99.07942811772264,,,none,30.0,85,1,monophasic
Modulated_autosave_20260717_150657_684ms,Biceps (R),R_BB,4,100.07942811772264,108.07942811772264,132.43923749029685,,,none,30.0,85,1,monophasic
Modulated_autosave_20260717_150657_684ms,Biceps (R),R_BB,5,133.43923749029685,141.43923749029685,165.79904686287017,,,none,30.0,85,1,monophasic
Modulated_autosave_20260717_150657_684ms,Biceps (R),R_BB,6,166.79904686287017,174.79904686287017,199.15885623544438,,,none,30.0,85,1,monophasic
Modulated_autosave_20260717_150657_684ms,Biceps (R),R_BB,7,200.15885623544438,208.15885623544438,232.51866560801858,,,none,30.0,85,1,monophasic
Modulated_autosave_20260717_150657_684ms,Biceps (R),R_BB,8,233.51866560801858,241.51866560801858,265.8784749801274,,,none,30.0,85,1,monophasic
Modulated_autosave_20260717_150657_684ms,Biceps (R),R_BB,9,266.8784749801274,274.8784749801274,299.2382843527016,,,none,30.0,85,1,monophasic
Modulated_autosave_20260717_150657_684ms,Biceps (R),R_BB,10,300.2382843527016,308.2382843527016,332.5980937252749,,,none,30.0,85,1,monophasic
Modulated_autosave_20260717_150657_684ms,Biceps (R),R_BB,1,0.7942811758256951,8.794281175825695,32.35980937257421,,,none,30.0,90,1,monophasic
Modulated_autosave_20260717_150657_684ms,Biceps (R),R_BB,2,33.35980937257421,41.35980937257421,65.71961874514842,,,none,30.0,90,1,monophasic
Modulated_autosave_20260717_150657_684ms,Biceps (R),R_BB,3,66.71961874514842,74.71961874514842,99.07942811772264,,,none,30.0,90,1,monophasic
Modulated_autosave_20260717_150657_684ms,Biceps (R),R_BB,4,100.07942811772264,108.07942811772264,132.43923749029685,,,none,30.0,90,1,monophasic
Modulated_autosave_20260717_150657_684ms,Biceps (R),R_BB,5,133.43923749029685,141.43923749029685,165.79904686287017,,,none,30.0,90,1,monophasic
Modulated_autosave_20260717_150657_684ms,Biceps (R),R_BB,6,166.79904686287017,174.79904686287017,199.15885623544438,,,none,30.0,90,1,monophasic
Modulated_autosave_20260717_150657_684ms,Biceps (R),R_BB,7,200.15885623544438,208.15885623544438,232.51866560801858,,,none,30.0,90,1,monophasic
Modulated_autosave_20260717_150657_684ms,Biceps (R),R_BB,8,233.51866560801858,241.51866560801858,265.8784749801274,,,none,30.0,90,1,monophasic
Modulated_autosave_20260717_150657_684ms,Biceps (R),R_BB,9,266.8784749801274,274.8784749801274,299.2382843527016,,,none,30.0,90,1,monophasic
Modulated_autosave_20260717_150657_684ms,Biceps (R),R_BB,10,300.2382843527016,308.2382843527016,332.5980937252749,,,none,30.0,90,1,monophasic
Modulated_autosave_20260717_150657_684ms,Biceps (R),R_BB,1,0.7942811758256951,8.794281175825695,32.35980937257421,,,none,30.0,95,1,monophasic
Modulated_autosave_20260717_150657_684ms,Biceps (R),R_BB,2,33.35980937257421,41.35980937257421,65.71961874514842,,,none,30.0,95,1,monophasic
Modulated_autosave_20260717_150657_684ms,Biceps (R),R_BB,3,66.71961874514842,74.71961874514842,99.07942811772264,,,none,30.0,95,1,monophasic
Modulated_autosave_20260717_150657_684ms,Biceps (R),R_BB,4,100.07942811772264,108.07942811772264,132.43923749029685,,,none,30.0,95,1,monophasic
Modulated_autosave_20260717_150657_684ms,Biceps (R),R_BB,5,133.43923749029685,141.43923749029685,165.79904686287017,,,none,30.0,95,1,monophasic
Modulated_autosave_20260717_150657_684ms,Biceps (R),R_BB,6,166.79904686287017,174.79904686287017,199.15885623544438,,,none,30.0,95,1,monophasic
Modulated_autosave_20260717_150657_684ms,Biceps (R),R_BB,7,200.15885623544438,208.15885623544438,232.51866560801858,,,none,30.0,95,1,monophasic
Modulated_autosave_20260717_150657_684ms,Biceps (R),R_BB,8,233.51866560801858,241.51866560801858,265.8784749801274,,,none,30.0,95,1,monophasic
Modulated_autosave_20260717_150657_684ms,Biceps (R),R_BB,9,266.8784749801274,274.8784749801274,299.2382843527016,,,none,30.0,95,1,monophasic
Modulated_autosave_20260717_150657_684ms,Biceps (R),R_BB,10,300.2382843527016,308.2382843527016,332.5980937252749,,,none,30.0,95,1,monophasic
Modulated_autosave_20260717_150657_684ms,Biceps (R),R_BB,1,0.7942811758256951,8.794281175825695,32.35980937257421,,,none,30.0,100,1,monophasic
Modulated_autosave_20260717_150657_684ms,Biceps (R),R_BB,2,33.35980937257421,41.35980937257421,65.71961874514842,,,none,30.0,100,1,monophasic
Modulated_autosave_20260717_150657_684ms,Biceps (R),R_BB,3,66.71961874514842,74.71961874514842,99.07942811772264,,,none,30.0,100,1,monophasic
Modulated_autosave_20260717_150657_684ms,Biceps (R),R_BB,4,100.07942811772264,108.07942811772264,132.43923749029685,,,none,30.0,100,1,monophasic
Modulated_autosave_20260717_150657_684ms,Biceps (R),R_BB,5,133.43923749029685,141.43923749029685,165.79904686287017,,,none,30.0,100,1,monophasic
Modulated_autosave_20260717_150657_684ms,Biceps (R),R_BB,6,166.79904686287017,174.79904686287017,199.15885623544438,,,none,30.0,100,1,monophasic
Modulated_autosave_20260717_150657_684ms,Biceps (R),R_BB,7,200.15885623544438,208.15885623544438,232.51866560801858,,,none,30.0,100,1,monophasic
Modulated_autosave_20260717_150657_684ms,Biceps (R),R_BB,8,233.51866560801858,241.51866560801858,265.8784749801274,,,none,30.0,100,1,monophasic
Modulated_autosave_20260717_150657_684ms,Biceps (R),R_BB,9,266.8784749801274,274.8784749801274,299.2382843527016,,,none,30.0,100,1,monophasic
Modulated_autosave_20260717_150657_684ms,Biceps (R),R_BB,10,300.2382843527016,308.2382843527016,332.5980937252749,,,none,30.0,100,1,monophasic
Modulated_autosave_20260717_150657_684ms,Biceps (R),R_BB,1,0.7942811758256951,8.794281175825695,32.35980937257421,,,none,30.0,105,1,monophasic
Modulated_autosave_20260717_150657_684ms,Biceps (R),R_BB,2,33.35980937257421,41.35980937257421,65.71961874514842,,,none,30.0,105,1,monophasic
Modulated_autosave_20260717_150657_684ms,Biceps (R),R_BB,3,66.71961874514842,74.71961874514842,99.07942811772264,,,none,30.0,105,1,monophasic
Modulated_autosave_20260717_150657_684ms,Biceps (R),R_BB,4,100.07942811772264,108.07942811772264,132.43923749029685,,,none,30.0,105,1,monophasic
Modulated_autosave_20260717_150657_684ms,Biceps (R),R_BB,5,133.43923749029685,141.43923749029685,165.79904686287017,,,none,30.0,105,1,monophasic
Modulated_autosave_20260717_150657_684ms,Biceps (R),R_BB,6,166.79904686287017,174.79904686287017,199.15885623544438,,,none,30.0,105,1,monophasic
Modulated_autosave_20260717_150657_684ms,Biceps (R),R_BB,7,200.15885623544438,208.15885623544438,232.51866560801858,,,none,30.0,105,1,monophasic
Modulated_autosave_20260717_150657_684ms,Biceps (R),R_BB,8,233.51866560801858,241.51866560801858,265.8784749801274,,,none,30.0,105,1,monophasic
Modulated_autosave_20260717_150657_684ms,Biceps (R),R_BB,9,266.8784749801274,274.8784749801274,299.2382843527016,,,none,30.0,105,1,monophasic
Modulated_autosave_20260717_150657_684ms,Biceps (R),R_BB,10,300.2382843527016,308.2382843527016,332.5980937252749,,,none,30.0,105,1,monophasic
Modulated_autosave_20260717_150657_684ms,Biceps (R),R_BB,1,0.7942811758256951,8.794281175825695,32.35980937257421,,,none,30.0,110,1,monophasic
Modulated_autosave_20260717_150657_684ms,Biceps (R),R_BB,2,33.35980937257421,41.35980937257421,65.71961874514842,,,none,30.0,110,1,monophasic
Modulated_autosave_20260717_150657_684ms,Biceps (R),R_BB,3,66.71961874514842,74.71961874514842,99.07942811772264,,,none,30.0,110,1,monophasic
Modulated_autosave_20260717_150657_684ms,Biceps (R),R_BB,4,100.07942811772264,108.07942811772264,132.43923749029685,,,none,30.0,110,1,monophasic
Modulated_autosave_20260717_150657_684ms,Biceps (R),R_BB,5,133.43923749029685,141.43923749029685,165.79904686287017,,,none,30.0,110,1,monophasic
Modulated_autosave_20260717_150657_684ms,Biceps (R),R_BB,6,166.79904686287017,174.79904686287017,199.15885623544438,,,none,30.0,110,1,monophasic
Modulated_autosave_20260717_150657_684ms,Biceps (R),R_BB,7,200.15885623544438,208.15885623544438,232.51866560801858,,,none,30.0,110,1,monophasic
Modulated_autosave_20260717_150657_684ms,Biceps (R),R_BB,8,233.51866560801858,241.51866560801858,265.8784749801274,,,none,30.0,110,1,monophasic
Modulated_autosave_20260717_150657_684ms,Biceps (R),R_BB,9,266.8784749801274,274.8784749801274,299.2382843527016,,,none,30.0,110,1,monophasic
Modulated_autosave_20260717_150657_684ms,Biceps (R),R_BB,10,300.2382843527016,308.2382843527016,332.5980937252749,,,none,30.0,110,1,monophasic
Modulated_autosave_20260717_150657_684ms,Triceps long (R),R_TBlg,1,0.7942811758256951,8.794281175825695,32.35980937257421,,,none,30.0,15,1,monophasic
Modulated_autosave_20260717_150657_684ms,Triceps long (R),R_TBlg,2,33.35980937257421,41.35980937257421,65.71961874514842,,,none,30.0,15,1,monophasic
Modulated_autosave_20260717_150657_684ms,Triceps long (R),R_TBlg,3,66.71961874514842,74.71961874514842,99.07942811772264,,,none,30.0,15,1,monophasic
Modulated_autosave_20260717_150657_684ms,Triceps long (R),R_TBlg,4,100.07942811772264,108.07942811772264,132.43923749029685,,,none,30.0,15,1,monophasic
Modulated_autosave_20260717_150657_684ms,Triceps long (R),R_TBlg,5,133.43923749029685,141.43923749029685,165.79904686287017,,,none,30.0,15,1,monophasic
Modulated_autosave_20260717_150657_684ms,Triceps long (R),R_TBlg,6,166.79904686287017,174.79904686287017,199.15885623544438,,,none,30.0,15,1,monophasic
Modulated_autosave_20260717_150657_684ms,Triceps long (R),R_TBlg,7,200.15885623544438,208.15885623544438,232.51866560801858,,,none,30.0,15,1,monophasic
Modulated_autosave_20260717_150657_684ms,Triceps long (R),R_TBlg,8,233.51866560801858,241.51866560801858,265.8784749801274,,,none,30.0,15,1,monophasic
Modulated_autosave_20260717_150657_684ms,Triceps long (R),R_TBlg,9,266.8784749801274,274.8784749801274,299.2382843527016,,,none,30.0,15,1,monophasic
Modulated_autosave_20260717_150657_684ms,Triceps long (R),R_TBlg,10,300.2382843527016,308.2382843527016,332.5980937252749,,,none,30.0,15,1,monophasic
Modulated_autosave_20260717_150657_684ms,Triceps long (R),R_TBlg,1,0.7942811758256951,8.794281175825695,32.35980937257421,,,none,30.0,20,1,monophasic
Modulated_autosave_20260717_150657_684ms,Triceps long (R),R_TBlg,2,33.35980937257421,41.35980937257421,65.71961874514842,,,none,30.0,20,1,monophasic
Modulated_autosave_20260717_150657_684ms,Triceps long (R),R_TBlg,3,66.71961874514842,74.71961874514842,99.07942811772264,,,none,30.0,20,1,monophasic
Modulated_autosave_20260717_150657_684ms,Triceps long (R),R_TBlg,4,100.07942811772264,108.07942811772264,132.43923749029685,,,none,30.0,20,1,monophasic
Modulated_autosave_20260717_150657_684ms,Triceps long (R),R_TBlg,5,133.43923749029685,141.43923749029685,165.79904686287017,,,none,30.0,20,1,monophasic
Modulated_autosave_20260717_150657_684ms,Triceps long (R),R_TBlg,6,166.79904686287017,174.79904686287017,199.15885623544438,,,none,30.0,20,1,monophasic
Modulated_autosave_20260717_150657_684ms,Triceps long (R),R_TBlg,7,200.15885623544438,208.15885623544438,232.51866560801858,,,none,30.0,20,1,monophasic
Modulated_autosave_20260717_150657_684ms,Triceps long (R),R_TBlg,8,233.51866560801858,241.51866560801858,265.8784749801274,,,none,30.0,20,1,monophasic
Modulated_autosave_20260717_150657_684ms,Triceps long (R),R_TBlg,9,266.8784749801274,274.8784749801274,299.2382843527016,,,none,30.0,20,1,monophasic
Modulated_autosave_20260717_150657_684ms,Triceps long (R),R_TBlg,10,300.2382843527016,308.2382843527016,332.5980937252749,,,none,30.0,20,1,monophasic
Modulated_autosave_20260717_150657_684ms,Triceps long (R),R_TBlg,1,0.7942811758256951,8.794281175825695,32.35980937257421,,,none,30.0,25,1,monophasic
Modulated_autosave_20260717_150657_684ms,Triceps long (R),R_TBlg,2,33.35980937257421,41.35980937257421,65.71961874514842,,,none,30.0,25,1,monophasic
Modulated_autosave_20260717_150657_684ms,Triceps long (R),R_TBlg,3,66.71961874514842,74.71961874514842,99.07942811772264,,,none,30.0,25,1,monophasic
Modulated_autosave_20260717_150657_684ms,Triceps long (R),R_TBlg,4,100.07942811772264,108.07942811772264,132.43923749029685,,,none,30.0,25,1,monophasic
Modulated_autosave_20260717_150657_684ms,Triceps long (R),R_TBlg,5,133.43923749029685,141.43923749029685,165.79904686287017,,,none,30.0,25,1,monophasic
Modulated_autosave_20260717_150657_684ms,Triceps long (R),R_TBlg,6,166.79904686287017,174.79904686287017,199.15885623544438,,,none,30.0,25,1,monophasic
Modulated_autosave_20260717_150657_684ms,Triceps long (R),R_TBlg,7,200.15885623544438,208.15885623544438,232.51866560801858,,,none,30.0,25,1,monophasic
Modulated_autosave_20260717_150657_684ms,Triceps long (R),R_TBlg,8,233.51866560801858,241.51866560801858,265.8784749801274,,,none,30.0,25,1,monophasic
Modulated_autosave_20260717_150657_684ms,Triceps long (R),R_TBlg,9,266.8784749801274,274.8784749801274,299.2382843527016,,,none,30.0,25,1,monophasic
Modulated_autosave_20260717_150657_684ms,Triceps long (R),R_TBlg,10,300.2382843527016,308.2382843527016,332.5980937252749,,,none,30.0,25,1,monophasic
Modulated_autosave_20260717_150657_684ms,Triceps long (R),R_TBlg,1,0.7942811758256951,8.794281175825695,32.35980937257421,,,none,30.0,30,1,monophasic
Modulated_autosave_20260717_150657_684ms,Triceps long (R),R_TBlg,2,33.35980937257421,41.35980937257421,65.71961874514842,,,none,30.0,30,1,monophasic
Modulated_autosave_20260717_150657_684ms,Triceps long (R),R_TBlg,3,66.71961874514842,74.71961874514842,99.07942811772264,,,none,30.0,30,1,monophasic
Modulated_autosave_20260717_150657_684ms,Triceps long (R),R_TBlg,4,100.07942811772264,108.07942811772264,132.43923749029685,,,none,30.0,30,1,monophasic
Modulated_autosave_20260717_150657_684ms,Triceps long (R),R_TBlg,5,133.43923749029685,141.43923749029685,165.79904686287017,,,none,30.0,30,1,monophasic
Modulated_autosave_20260717_150657_684ms,Triceps long (R),R_TBlg,6,166.79904686287017,174.79904686287017,199.15885623544438,,,none,30.0,30,1,monophasic
Modulated_autosave_20260717_150657_684ms,Triceps long (R),R_TBlg,7,200.15885623544438,208.15885623544438,232.51866560801858,,,none,30.0,30,1,monophasic
Modulated_autosave_20260717_150657_684ms,Triceps long (R),R_TBlg,8,233.51866560801858,241.51866560801858,265.8784749801274,,,none,30.0,30,1,monophasic
Modulated_autosave_20260717_150657_684ms,Triceps long (R),R_TBlg,9,266.8784749801274,274.8784749801274,299.2382843527016,,,none,30.0,30,1,monophasic
Modulated_autosave_20260717_150657_684ms,Triceps long (R),R_TBlg,10,300.2382843527016,308.2382843527016,332.5980937252749,,,none,30.0,30,1,monophasic
Modulated_autosave_20260717_150657_684ms,Triceps long (R),R_TBlg,1,0.7942811758256951,8.794281175825695,32.35980937257421,,,none,30.0,35,1,monophasic
Modulated_autosave_20260717_150657_684ms,Triceps long (R),R_TBlg,2,33.35980937257421,41.35980937257421,65.71961874514842,,,none,30.0,35,1,monophasic
Modulated_autosave_20260717_150657_684ms,Triceps long (R),R_TBlg,3,66.71961874514842,74.71961874514842,99.07942811772264,,,none,30.0,35,1,monophasic
Modulated_autosave_20260717_150657_684ms,Triceps long (R),R_TBlg,4,100.07942811772264,108.07942811772264,132.43923749029685,,,none,30.0,35,1,monophasic
Modulated_autosave_20260717_150657_684ms,Triceps long (R),R_TBlg,5,133.43923749029685,141.43923749029685,165.79904686287017,,,none,30.0,35,1,monophasic
Modulated_autosave_20260717_150657_684ms,Triceps long (R),R_TBlg,6,166.79904686287017,174.79904686287017,199.15885623544438,,,none,30.0,35,1,monophasic
Modulated_autosave_20260717_150657_684ms,Triceps long (R),R_TBlg,7,200.15885623544438,208.15885623544438,232.51866560801858,,,none,30.0,35,1,monophasic
Modulated_autosave_20260717_150657_684ms,Triceps long (R),R_TBlg,8,233.51866560801858,241.51866560801858,265.8784749801274,,,none,30.0,35,1,monophasic
Modulated_autosave_20260717_150657_684ms,Triceps long (R),R_TBlg,9,266.8784749801274,274.8784749801274,299.2382843527016,,,none,30.0,35,1,monophasic
Modulated_autosave_20260717_150657_684ms,Triceps long (R),R_TBlg,10,300.2382843527016,308.2382843527016,332.5980937252749,,,none,30.0,35,1,monophasic
Modulated_autosave_20260717_150657_684ms,Triceps long (R),R_TBlg,1,0.7942811758256951,8.794281175825695,32.35980937257421,,,none,30.0,40,1,monophasic
Modulated_autosave_20260717_150657_684ms,Triceps long (R),R_TBlg,2,33.35980937257421,41.35980937257421,65.71961874514842,,,none,30.0,40,1,monophasic
Modulated_autosave_20260717_150657_684ms,Triceps long (R),R_TBlg,3,66.71961874514842,74.71961874514842,99.07942811772264,,,none,30.0,40,1,monophasic
Modulated_autosave_20260717_150657_684ms,Triceps long (R),R_TBlg,4,100.07942811772264,108.07942811772264,132.43923749029685,,,none,30.0,40,1,monophasic
Modulated_autosave_20260717_150657_684ms,Triceps long (R),R_TBlg,5,133.43923749029685,141.43923749029685,165.79904686287017,,,none,30.0,40,1,monophasic
Modulated_autosave_20260717_150657_684ms,Triceps long (R),R_TBlg,6,166.79904686287017,174.79904686287017,199.15885623544438,,,none,30.0,40,1,monophasic
Modulated_autosave_20260717_150657_684ms,Triceps long (R),R_TBlg,7,200.15885623544438,208.15885623544438,232.51866560801858,,,none,30.0,40,1,monophasic
Modulated_autosave_20260717_150657_684ms,Triceps long (R),R_TBlg,8,233.51866560801858,241.51866560801858,265.8784749801274,,,none,30.0,40,1,monophasic
Modulated_autosave_20260717_150657_684ms,Triceps long (R),R_TBlg,9,266.8784749801274,274.8784749801274,299.2382843527016,,,none,30.0,40,1,monophasic
Modulated_autosave_20260717_150657_684ms,Triceps long (R),R_TBlg,10,300.2382843527016,308.2382843527016,332.5980937252749,,,none,30.0,40,1,monophasic
Modulated_autosave_20260717_150657_684ms,Triceps long (R),R_TBlg,1,0.7942811758256951,8.794281175825695,32.35980937257421,,,none,30.0,45,1,monophasic
Modulated_autosave_20260717_150657_684ms,Triceps long (R),R_TBlg,2,33.35980937257421,41.35980937257421,65.71961874514842,,,none,30.0,45,1,monophasic
Modulated_autosave_20260717_150657_684ms,Triceps long (R),R_TBlg,3,66.71961874514842,74.71961874514842,99.07942811772264,,,none,30.0,45,1,monophasic
Modulated_autosave_20260717_150657_684ms,Triceps long (R),R_TBlg,4,100.07942811772264,108.07942811772264,132.43923749029685,,,none,30.0,45,1,monophasic
Modulated_autosave_20260717_150657_684ms,Triceps long (R),R_TBlg,5,133.43923749029685,141.43923749029685,165.79904686287017,,,none,30.0,45,1,monophasic
Modulated_autosave_20260717_150657_684ms,Triceps long (R),R_TBlg,6,166.79904686287017,174.79904686287017,199.15885623544438,,,none,30.0,45,1,monophasic
Modulated_autosave_20260717_150657_684ms,Triceps long (R),R_TBlg,7,200.15885623544438,208.15885623544438,232.51866560801858,,,none,30.0,45,1,monophasic
Modulated_autosave_20260717_150657_684ms,Triceps long (R),R_TBlg,8,233.51866560801858,241.51866560801858,265.8784749801274,,,none,30.0,45,1,monophasic
Modulated_autosave_20260717_150657_684ms,Triceps long (R),R_TBlg,9,266.8784749801274,274.8784749801274,299.2382843527016,,,none,30.0,45,1,monophasic
Modulated_autosave_20260717_150657_684ms,Triceps long (R),R_TBlg,10,300.2382843527016,308.2382843527016,332.5980937252749,,,none,30.0,45,1,monophasic
Modulated_autosave_20260717_150657_684ms,Triceps long (R),R_TBlg,1,0.7942811758256951,8.794281175825695,32.35980937257421,,,none,30.0,50,1,monophasic
Modulated_autosave_20260717_150657_684ms,Triceps long (R),R_TBlg,2,33.35980937257421,41.35980937257421,65.71961874514842,,,none,30.0,50,1,monophasic
Modulated_autosave_20260717_150657_684ms,Triceps long (R),R_TBlg,3,66.71961874514842,74.71961874514842,99.07942811772264,,,none,30.0,50,1,monophasic
Modulated_autosave_20260717_150657_684ms,Triceps long (R),R_TBlg,4,100.07942811772264,108.07942811772264,132.43923749029685,,,none,30.0,50,1,monophasic
Modulated_autosave_20260717_150657_684ms,Triceps long (R),R_TBlg,5,133.43923749029685,141.43923749029685,165.79904686287017,,,none,30.0,50,1,monophasic
Modulated_autosave_20260717_150657_684ms,Triceps long (R),R_TBlg,6,166.79904686287017,174.79904686287017,199.15885623544438,,,none,30.0,50,1,monophasic
Modulated_autosave_20260717_150657_684ms,Triceps long (R),R_TBlg,7,200.15885623544438,208.15885623544438,232.51866560801858,,,none,30.0,50,1,monophasic
Modulated_autosave_20260717_150657_684ms,Triceps long (R),R_TBlg,8,233.51866560801858,241.51866560801858,265.8784749801274,,,none,30.0,50,1,monophasic
Modulated_autosave_20260717_150657_684ms,Triceps long (R),R_TBlg,9,266.8784749801274,274.8784749801274,299.2382843527016,,,none,30.0,50,1,monophasic
Modulated_autosave_20260717_150657_684ms,Triceps long (R),R_TBlg,10,300.2382843527016,308.2382843527016,332.5980937252749,,,none,30.0,50,1,monophasic
Modulated_autosave_20260717_150657_684ms,Triceps long (R),R_TBlg,1,0.7942811758256951,8.794281175825695,32.35980937257421,,,none,30.0,55,1,monophasic
Modulated_autosave_20260717_150657_684ms,Triceps long (R),R_TBlg,2,33.35980937257421,41.35980937257421,65.71961874514842,,,none,30.0,55,1,monophasic
Modulated_autosave_20260717_150657_684ms,Triceps long (R),R_TBlg,3,66.71961874514842,74.71961874514842,99.07942811772264,,,none,30.0,55,1,monophasic
Modulated_autosave_20260717_150657_684ms,Triceps long (R),R_TBlg,4,100.07942811772264,108.07942811772264,132.43923749029685,,,none,30.0,55,1,monophasic
Modulated_autosave_20260717_150657_684ms,Triceps long (R),R_TBlg,5,133.43923749029685,141.43923749029685,165.79904686287017,,,none,30.0,55,1,monophasic
Modulated_autosave_20260717_150657_684ms,Triceps long (R),R_TBlg,6,166.79904686287017,174.79904686287017,199.15885623544438,,,none,30.0,55,1,monophasic
Modulated_autosave_20260717_150657_684ms,Triceps long (R),R_TBlg,7,200.15885623544438,208.15885623544438,232.51866560801858,,,none,30.0,55,1,monophasic
Modulated_autosave_20260717_150657_684ms,Triceps long (R),R_TBlg,8,233.51866560801858,241.51866560801858,265.8784749801274,,,none,30.0,55,1,monophasic
Modulated_autosave_20260717_150657_684ms,Triceps long (R),R_TBlg,9,266.8784749801274,274.8784749801274,299.2382843527016,,,none,30.0,55,1,monophasic
Modulated_autosave_20260717_150657_684ms,Triceps long (R),R_TBlg,10,300.2382843527016,308.2382843527016,332.5980937252749,,,none,30.0,55,1,monophasic
Modulated_autosave_20260717_150657_684ms,Triceps long (R),R_TBlg,1,0.7942811758256951,8.794281175825695,32.35980937257421,,,none,30.0,60,1,monophasic
Modulated_autosave_20260717_150657_684ms,Triceps long (R),R_TBlg,2,33.35980937257421,41.35980937257421,65.71961874514842,,,none,30.0,60,1,monophasic
Modulated_autosave_20260717_150657_684ms,Triceps long (R),R_TBlg,3,66.71961874514842,74.71961874514842,99.07942811772264,,,none,30.0,60,1,monophasic
Modulated_autosave_20260717_150657_684ms,Triceps long (R),R_TBlg,4,100.07942811772264,108.07942811772264,132.43923749029685,,,none,30.0,60,1,monophasic
Modulated_autosave_20260717_150657_684ms,Triceps long (R),R_TBlg,5,133.43923749029685,141.43923749029685,165.79904686287017,,,none,30.0,60,1,monophasic
Modulated_autosave_20260717_150657_684ms,Triceps long (R),R_TBlg,6,166.79904686287017,174.79904686287017,199.15885623544438,,,none,30.0,60,1,monophasic
Modulated_autosave_20260717_150657_684ms,Triceps long (R),R_TBlg,7,200.15885623544438,208.15885623544438,232.51866560801858,,,none,30.0,60,1,monophasic
Modulated_autosave_20260717_150657_684ms,Triceps long (R),R_TBlg,8,233.51866560801858,241.51866560801858,265.8784749801274,,,none,30.0,60,1,monophasic
Modulated_autosave_20260717_150657_684ms,Triceps long (R),R_TBlg,9,266.8784749801274,274.8784749801274,299.2382843527016,,,none,30.0,60,1,monophasic
Modulated_autosave_20260717_150657_684ms,Triceps long (R),R_TBlg,10,300.2382843527016,308.2382843527016,332.5980937252749,,,none,30.0,60,1,monophasic
Modulated_autosave_20260717_150657_684ms,Triceps long (R),R_TBlg,1,0.7942811758256951,8.794281175825695,32.35980937257421,,,none,30.0,65,1,monophasic
Modulated_autosave_20260717_150657_684ms,Triceps long (R),R_TBlg,2,33.35980937257421,41.35980937257421,65.71961874514842,,,none,30.0,65,1,monophasic
Modulated_autosave_20260717_150657_684ms,Triceps long (R),R_TBlg,3,66.71961874514842,74.71961874514842,99.07942811772264,,,none,30.0,65,1,monophasic
Modulated_autosave_20260717_150657_684ms,Triceps long (R),R_TBlg,4,100.07942811772264,108.07942811772264,132.43923749029685,,,none,30.0,65,1,monophasic
Modulated_autosave_20260717_150657_684ms,Triceps long (R),R_TBlg,5,133.43923749029685,141.43923749029685,165.79904686287017,,,none,30.0,65,1,monophasic
Modulated_autosave_20260717_150657_684ms,Triceps long (R),R_TBlg,6,166.79904686287017,174.79904686287017,199.15885623544438,,,none,30.0,65,1,monophasic
Modulated_autosave_20260717_150657_684ms,Triceps long (R),R_TBlg,7,200.15885623544438,208.15885623544438,232.51866560801858,,,none,30.0,65,1,monophasic
Modulated_autosave_20260717_150657_684ms,Triceps long (R),R_TBlg,8,233.51866560801858,241.51866560801858,265.8784749801274,,,none,30.0,65,1,monophasic
Modulated_autosave_20260717_150657_684ms,Triceps long (R),R_TBlg,9,266.8784749801274,274.8784749801274,299.2382843527016,,,none,30.0,65,1,monophasic
Modulated_autosave_20260717_150657_684ms,Triceps long (R),R_TBlg,10,300.2382843527016,308.2382843527016,332.5980937252749,,,none,30.0,65,1,monophasic
Modulated_autosave_20260717_150657_684ms,Triceps long (R),R_TBlg,1,0.7942811758256951,8.794281175825695,32.35980937257421,,,none,30.0,70,1,monophasic
Modulated_autosave_20260717_150657_684ms,Triceps long (R),R_TBlg,2,33.35980937257421,41.35980937257421,65.71961874514842,,,none,30.0,70,1,monophasic
Modulated_autosave_20260717_150657_684ms,Triceps long (R),R_TBlg,3,66.71961874514842,74.71961874514842,99.07942811772264,,,none,30.0,70,1,monophasic
Modulated_autosave_20260717_150657_684ms,Triceps long (R),R_TBlg,4,100.07942811772264,108.07942811772264,132.43923749029685,,,none,30.0,70,1,monophasic
Modulated_autosave_20260717_150657_684ms,Triceps long (R),R_TBlg,5,133.43923749029685,141.43923749029685,165.79904686287017,,,none,30.0,70,1,monophasic
Modulated_autosave_20260717_150657_684ms,Triceps long (R),R_TBlg,6,166.79904686287017,174.79904686287017,199.15885623544438,,,none,30.0,70,1,monophasic
Modulated_autosave_20260717_150657_684ms,Triceps long (R),R_TBlg,7,200.15885623544438,208.15885623544438,232.51866560801858,,,none,30.0,70,1,monophasic
Modulated_autosave_20260717_150657_684ms,Triceps long (R),R_TBlg,8,233.51866560801858,241.51866560801858,265.8784749801274,,,none,30.0,70,1,monophasic
Modulated_autosave_20260717_150657_684ms,Triceps long (R),R_TBlg,9,266.8784749801274,274.8784749801274,299.2382843527016,,,none,30.0,70,1,monophasic
Modulated_autosave_20260717_150657_684ms,Triceps long (R),R_TBlg,10,300.2382843527016,308.2382843527016,332.5980937252749,,,none,30.0,70,1,monophasic
Modulated_autosave_20260717_150657_684ms,Triceps long (R),R_TBlg,1,0.7942811758256951,8.794281175825695,32.35980937257421,,,none,30.0,75,1,monophasic
Modulated_autosave_20260717_150657_684ms,Triceps long (R),R_TBlg,2,33.35980937257421,41.35980937257421,65.71961874514842,,,none,30.0,75,1,monophasic
Modulated_autosave_20260717_150657_684ms,Triceps long (R),R_TBlg,3,66.71961874514842,74.71961874514842,99.07942811772264,,,none,30.0,75,1,monophasic
Modulated_autosave_20260717_150657_684ms,Triceps long (R),R_TBlg,4,100.07942811772264,108.07942811772264,132.43923749029685,,,none,30.0,75,1,monophasic
Modulated_autosave_20260717_150657_684ms,Triceps long (R),R_TBlg,5,133.43923749029685,141.43923749029685,165.79904686287017,,,none,30.0,75,1,monophasic
Modulated_autosave_20260717_150657_684ms,Triceps long (R),R_TBlg,6,166.79904686287017,174.79904686287017,199.15885623544438,,,none,30.0,75,1,monophasic
Modulated_autosave_20260717_150657_684ms,Triceps long (R),R_TBlg,7,200.15885623544438,208.15885623544438,232.51866560801858,,,none,30.0,75,1,monophasic
Modulated_autosave_20260717_150657_684ms,Triceps long (R),R_TBlg,8,233.51866560801858,241.51866560801858,265.8784749801274,,,none,30.0,75,1,monophasic
Modulated_autosave_20260717_150657_684ms,Triceps long (R),R_TBlg,9,266.8784749801274,274.8784749801274,299.2382843527016,,,none,30.0,75,1,monophasic
Modulated_autosave_20260717_150657_684ms,Triceps long (R),R_TBlg,10,300.2382843527016,308.2382843527016,332.5980937252749,,,none,30.0,75,1,monophasic
Modulated_autosave_20260717_150657_684ms,Triceps long (R),R_TBlg,1,0.7942811758256951,8.794281175825695,32.35980937257421,,,none,30.0,80,1,monophasic
Modulated_autosave_20260717_150657_684ms,Triceps long (R),R_TBlg,2,33.35980937257421,41.35980937257421,65.71961874514842,,,none,30.0,80,1,monophasic
Modulated_autosave_20260717_150657_684ms,Triceps long (R),R_TBlg,3,66.71961874514842,74.71961874514842,99.07942811772264,,,none,30.0,80,1,monophasic
Modulated_autosave_20260717_150657_684ms,Triceps long (R),R_TBlg,4,100.07942811772264,108.07942811772264,132.43923749029685,,,none,30.0,80,1,monophasic
Modulated_autosave_20260717_150657_684ms,Triceps long (R),R_TBlg,5,133.43923749029685,141.43923749029685,165.79904686287017,,,none,30.0,80,1,monophasic
Modulated_autosave_20260717_150657_684ms,Triceps long (R),R_TBlg,6,166.79904686287017,174.79904686287017,199.15885623544438,,,none,30.0,80,1,monophasic
Modulated_autosave_20260717_150657_684ms,Triceps long (R),R_TBlg,7,200.15885623544438,208.15885623544438,232.51866560801858,,,none,30.0,80,1,monophasic
Modulated_autosave_20260717_150657_684ms,Triceps long (R),R_TBlg,8,233.51866560801858,241.51866560801858,265.8784749801274,,,none,30.0,80,1,monophasic
Modulated_autosave_20260717_150657_684ms,Triceps long (R),R_TBlg,9,266.8784749801274,274.8784749801274,299.2382843527016,,,none,30.0,80,1,monophasic
Modulated_autosave_20260717_150657_684ms,Triceps long (R),R_TBlg,10,300.2382843527016,308.2382843527016,332.5980937252749,,,none,30.0,80,1,monophasic
Modulated_autosave_20260717_150657_684ms,Triceps long (R),R_TBlg,1,0.7942811758256951,8.794281175825695,32.35980937257421,,,none,30.0,85,1,monophasic
Modulated_autosave_20260717_150657_684ms,Triceps long (R),R_TBlg,2,33.35980937257421,41.35980937257421,65.71961874514842,,,none,30.0,85,1,monophasic
Modulated_autosave_20260717_150657_684ms,Triceps long (R),R_TBlg,3,66.71961874514842,74.71961874514842,99.07942811772264,,,none,30.0,85,1,monophasic
Modulated_autosave_20260717_150657_684ms,Triceps long (R),R_TBlg,4,100.07942811772264,108.07942811772264,132.43923749029685,,,none,30.0,85,1,monophasic
Modulated_autosave_20260717_150657_684ms,Triceps long (R),R_TBlg,5,133.43923749029685,141.43923749029685,165.79904686287017,,,none,30.0,85,1,monophasic
Modulated_autosave_20260717_150657_684ms,Triceps long (R),R_TBlg,6,166.79904686287017,174.79904686287017,199.15885623544438,,,none,30.0,85,1,monophasic
Modulated_autosave_20260717_150657_684ms,Triceps long (R),R_TBlg,7,200.15885623544438,208.15885623544438,232.51866560801858,,,none,30.0,85,1,monophasic
Modulated_autosave_20260717_150657_684ms,Triceps long (R),R_TBlg,8,233.51866560801858,241.51866560801858,265.8784749801274,,,none,30.0,85,1,monophasic
Modulated_autosave_20260717_150657_684ms,Triceps long (R),R_TBlg,9,266.8784749801274,274.8784749801274,299.2382843527016,,,none,30.0,85,1,monophasic
Modulated_autosave_20260717_150657_684ms,Triceps long (R),R_TBlg,10,300.2382843527016,308.2382843527016,332.5980937252749,,,none,30.0,85,1,monophasic
Modulated_autosave_20260717_150657_684ms,Triceps long (R),R_TBlg,1,0.7942811758256951,8.794281175825695,32.35980937257421,,,none,30.0,90,1,monophasic
Modulated_autosave_20260717_150657_684ms,Triceps long (R),R_TBlg,2,33.35980937257421,41.35980937257421,65.71961874514842,,,none,30.0,90,1,monophasic
Modulated_autosave_20260717_150657_684ms,Triceps long (R),R_TBlg,3,66.71961874514842,74.71961874514842,99.07942811772264,,,none,30.0,90,1,monophasic
Modulated_autosave_20260717_150657_684ms,Triceps long (R),R_TBlg,4,100.07942811772264,108.07942811772264,132.43923749029685,,,none,30.0,90,1,monophasic
Modulated_autosave_20260717_150657_684ms,Triceps long (R),R_TBlg,5,133.43923749029685,141.43923749029685,165.79904686287017,,,none,30.0,90,1,monophasic
Modulated_autosave_20260717_150657_684ms,Triceps long (R),R_TBlg,6,166.79904686287017,174.79904686287017,199.15885623544438,,,none,30.0,90,1,monophasic
Modulated_autosave_20260717_150657_684ms,Triceps long (R),R_TBlg,7,200.15885623544438,208.15885623544438,232.51866560801858,,,none,30.0,90,1,monophasic
Modulated_autosave_20260717_150657_684ms,Triceps long (R),R_TBlg,8,233.51866560801858,241.51866560801858,265.8784749801274,,,none,30.0,90,1,monophasic
Modulated_autosave_20260717_150657_684ms,Triceps long (R),R_TBlg,9,266.8784749801274,274.8784749801274,299.2382843527016,,,none,30.0,90,1,monophasic
Modulated_autosave_20260717_150657_684ms,Triceps long (R),R_TBlg,10,300.2382843527016,308.2382843527016,332.5980937252749,,,none,30.0,90,1,monophasic
Modulated_autosave_20260717_150657_684ms,Triceps long (R),R_TBlg,1,0.7942811758256951,8.794281175825695,32.35980937257421,,,none,30.0,95,1,monophasic
Modulated_autosave_20260717_150657_684ms,Triceps long (R),R_TBlg,2,33.35980937257421,41.35980937257421,65.71961874514842,,,none,30.0,95,1,monophasic
Modulated_autosave_20260717_150657_684ms,Triceps long (R),R_TBlg,3,66.71961874514842,74.71961874514842,99.07942811772264,,,none,30.0,95,1,monophasic
Modulated_autosave_20260717_150657_684ms,Triceps long (R),R_TBlg,4,100.07942811772264,108.07942811772264,132.43923749029685,,,none,30.0,95,1,monophasic
Modulated_autosave_20260717_150657_684ms,Triceps long (R),R_TBlg,5,133.43923749029685,141.43923749029685,165.79904686287017,,,none,30.0,95,1,monophasic
Modulated_autosave_20260717_150657_684ms,Triceps long (R),R_TBlg,6,166.79904686287017,174.79904686287017,199.15885623544438,,,none,30.0,95,1,monophasic
Modulated_autosave_20260717_150657_684ms,Triceps long (R),R_TBlg,7,200.15885623544438,208.15885623544438,232.51866560801858,,,none,30.0,95,1,monophasic
Modulated_autosave_20260717_150657_684ms,Triceps long (R),R_TBlg,8,233.51866560801858,241.51866560801858,265.8784749801274,,,none,30.0,95,1,monophasic
Modulated_autosave_20260717_150657_684ms,Triceps long (R),R_TBlg,9,266.8784749801274,274.8784749801274,299.2382843527016,,,none,30.0,95,1,monophasic
Modulated_autosave_20260717_150657_684ms,Triceps long (R),R_TBlg,10,300.2382843527016,308.2382843527016,332.5980937252749,,,none,30.0,95,1,monophasic
Modulated_autosave_20260717_150657_684ms,Triceps long (R),R_TBlg,1,0.7942811758256951,8.794281175825695,32.35980937257421,,,none,30.0,100,1,monophasic
Modulated_autosave_20260717_150657_684ms,Triceps long (R),R_TBlg,2,33.35980937257421,41.35980937257421,65.71961874514842,,,none,30.0,100,1,monophasic
Modulated_autosave_20260717_150657_684ms,Triceps long (R),R_TBlg,3,66.71961874514842,74.71961874514842,99.07942811772264,,,none,30.0,100,1,monophasic
Modulated_autosave_20260717_150657_684ms,Triceps long (R),R_TBlg,4,100.07942811772264,108.07942811772264,132.43923749029685,,,none,30.0,100,1,monophasic
Modulated_autosave_20260717_150657_684ms,Triceps long (R),R_TBlg,5,133.43923749029685,141.43923749029685,165.79904686287017,,,none,30.0,100,1,monophasic
Modulated_autosave_20260717_150657_684ms,Triceps long (R),R_TBlg,6,166.79904686287017,174.79904686287017,199.15885623544438,,,none,30.0,100,1,monophasic
Modulated_autosave_20260717_150657_684ms,Triceps long (R),R_TBlg,7,200.15885623544438,208.15885623544438,232.51866560801858,,,none,30.0,100,1,monophasic
Modulated_autosave_20260717_150657_684ms,Triceps long (R),R_TBlg,8,233.51866560801858,241.51866560801858,265.8784749801274,,,none,30.0,100,1,monophasic
Modulated_autosave_20260717_150657_684ms,Triceps long (R),R_TBlg,9,266.8784749801274,274.8784749801274,299.2382843527016,,,none,30.0,100,1,monophasic
Modulated_autosave_20260717_150657_684ms,Triceps long (R),R_TBlg,10,300.2382843527016,308.2382843527016,332.5980937252749,,,none,30.0,100,1,monophasic
Modulated_autosave_20260717_150657_684ms,Triceps long (R),R_TBlg,1,0.7942811758256951,8.794281175825695,32.35980937257421,,,none,30.0,105,1,monophasic
Modulated_autosave_20260717_150657_684ms,Triceps long (R),R_TBlg,2,33.35980937257421,41.35980937257421,65.71961874514842,,,none,30.0,105,1,monophasic
Modulated_autosave_20260717_150657_684ms,Triceps long (R),R_TBlg,3,66.71961874514842,74.71961874514842,99.07942811772264,,,none,30.0,105,1,monophasic
Modulated_autosave_20260717_150657_684ms,Triceps long (R),R_TBlg,4,100.07942811772264,108.07942811772264,132.43923749029685,,,none,30.0,105,1,monophasic
Modulated_autosave_20260717_150657_684ms,Triceps long (R),R_TBlg,5,133.43923749029685,141.43923749029685,165.79904686287017,,,none,30.0,105,1,monophasic
Modulated_autosave_20260717_150657_684ms,Triceps long (R),R_TBlg,6,166.79904686287017,174.79904686287017,199.15885623544438,,,none,30.0,105,1,monophasic
Modulated_autosave_20260717_150657_684ms,Triceps long (R),R_TBlg,7,200.15885623544438,208.15885623544438,232.51866560801858,,,none,30.0,105,1,monophasic
Modulated_autosave_20260717_150657_684ms,Triceps long (R),R_TBlg,8,233.51866560801858,241.51866560801858,265.8784749801274,,,none,30.0,105,1,monophasic
Modulated_autosave_20260717_150657_684ms,Triceps long (R),R_TBlg,9,266.8784749801274,274.8784749801274,299.2382843527016,,,none,30.0,105,1,monophasic
Modulated_autosave_20260717_150657_684ms,Triceps long (R),R_TBlg,10,300.2382843527016,308.2382843527016,332.5980937252749,,,none,30.0,105,1,monophasic
Modulated_autosave_20260717_150657_684ms,Triceps long (R),R_TBlg,1,0.7942811758256951,8.794281175825695,32.35980937257421,,,none,30.0,110,1,monophasic
Modulated_autosave_20260717_150657_684ms,Triceps long (R),R_TBlg,2,33.35980937257421,41.35980937257421,65.71961874514842,,,none,30.0,110,1,monophasic
Modulated_autosave_20260717_150657_684ms,Triceps long (R),R_TBlg,3,66.71961874514842,74.71961874514842,99.07942811772264,,,none,30.0,110,1,monophasic
Modulated_autosave_20260717_150657_684ms,Triceps long (R),R_TBlg,4,100.07942811772264,108.07942811772264,132.43923749029685,,,none,30.0,110,1,monophasic
Modulated_autosave_20260717_150657_684ms,Triceps long (R),R_TBlg,5,133.43923749029685,141.43923749029685,165.79904686287017,,,none,30.0,110,1,monophasic
Modulated_autosave_20260717_150657_684ms,Triceps long (R),R_TBlg,6,166.79904686287017,174.79904686287017,199.15885623544438,,,none,30.0,110,1,monophasic
Modulated_autosave_20260717_150657_684ms,Triceps long (R),R_TBlg,7,200.15885623544438,208.15885623544438,232.51866560801858,,,none,30.0,110,1,monophasic
Modulated_autosave_20260717_150657_684ms,Triceps long (R),R_TBlg,8,233.51866560801858,241.51866560801858,265.8784749801274,,,none,30.0,110,1,monophasic
Modulated_autosave_20260717_150657_684ms,Triceps long (R),R_TBlg,9,266.8784749801274,274.8784749801274,299.2382843527016,,,none,30.0,110,1,monophasic
Modulated_autosave_20260717_150657_684ms,Triceps long (R),R_TBlg,10,300.2382843527016,308.2382843527016,332.5980937252749,,,none,30.0,110,1,monophasic
Modulated_autosave_20260717_150657_684ms,Trapezius (R),R_TR,1,0.7942811758256951,8.794281175825695,32.35980937257421,,,none,30.0,15,1,monophasic
Modulated_autosave_20260717_150657_684ms,Trapezius (R),R_TR,2,33.35980937257421,41.35980937257421,65.71961874514842,,,none,30.0,15,1,monophasic
Modulated_autosave_20260717_150657_684ms,Trapezius (R),R_TR,3,66.71961874514842,74.71961874514842,99.07942811772264,,,none,30.0,15,1,monophasic
Modulated_autosave_20260717_150657_684ms,Trapezius (R),R_TR,4,100.07942811772264,108.07942811772264,132.43923749029685,,,none,30.0,15,1,monophasic
Modulated_autosave_20260717_150657_684ms,Trapezius (R),R_TR,5,133.43923749029685,141.43923749029685,165.79904686287017,,,none,30.0,15,1,monophasic
Modulated_autosave_20260717_150657_684ms,Trapezius (R),R_TR,6,166.79904686287017,174.79904686287017,199.15885623544438,,,none,30.0,15,1,monophasic
Modulated_autosave_20260717_150657_684ms,Trapezius (R),R_TR,7,200.15885623544438,208.15885623544438,232.51866560801858,,,none,30.0,15,1,monophasic
Modulated_autosave_20260717_150657_684ms,Trapezius (R),R_TR,8,233.51866560801858,241.51866560801858,265.8784749801274,,,none,30.0,15,1,monophasic
Modulated_autosave_20260717_150657_684ms,Trapezius (R),R_TR,9,266.8784749801274,274.8784749801274,299.2382843527016,,,none,30.0,15,1,monophasic
Modulated_autosave_20260717_150657_684ms,Trapezius (R),R_TR,10,300.2382843527016,308.2382843527016,332.5980937252749,,,none,30.0,15,1,monophasic
Modulated_autosave_20260717_150657_684ms,Trapezius (R),R_TR,1,0.7942811758256951,8.794281175825695,32.35980937257421,,,none,30.0,20,1,monophasic
Modulated_autosave_20260717_150657_684ms,Trapezius (R),R_TR,2,33.35980937257421,41.35980937257421,65.71961874514842,,,none,30.0,20,1,monophasic
Modulated_autosave_20260717_150657_684ms,Trapezius (R),R_TR,3,66.71961874514842,74.71961874514842,99.07942811772264,,,none,30.0,20,1,monophasic
Modulated_autosave_20260717_150657_684ms,Trapezius (R),R_TR,4,100.07942811772264,108.07942811772264,132.43923749029685,,,none,30.0,20,1,monophasic
Modulated_autosave_20260717_150657_684ms,Trapezius (R),R_TR,5,133.43923749029685,141.43923749029685,165.79904686287017,,,none,30.0,20,1,monophasic
Modulated_autosave_20260717_150657_684ms,Trapezius (R),R_TR,6,166.79904686287017,174.79904686287017,199.15885623544438,,,none,30.0,20,1,monophasic
Modulated_autosave_20260717_150657_684ms,Trapezius (R),R_TR,7,200.15885623544438,208.15885623544438,232.51866560801858,,,none,30.0,20,1,monophasic
Modulated_autosave_20260717_150657_684ms,Trapezius (R),R_TR,8,233.51866560801858,241.51866560801858,265.8784749801274,,,none,30.0,20,1,monophasic
Modulated_autosave_20260717_150657_684ms,Trapezius (R),R_TR,9,266.8784749801274,274.8784749801274,299.2382843527016,,,none,30.0,20,1,monophasic
Modulated_autosave_20260717_150657_684ms,Trapezius (R),R_TR,10,300.2382843527016,308.2382843527016,332.5980937252749,,,none,30.0,20,1,monophasic
Modulated_autosave_20260717_150657_684ms,Trapezius (R),R_TR,1,0.7942811758256951,8.794281175825695,32.35980937257421,,,none,30.0,25,1,monophasic
Modulated_autosave_20260717_150657_684ms,Trapezius (R),R_TR,2,33.35980937257421,41.35980937257421,65.71961874514842,,,none,30.0,25,1,monophasic
Modulated_autosave_20260717_150657_684ms,Trapezius (R),R_TR,3,66.71961874514842,74.71961874514842,99.07942811772264,,,none,30.0,25,1,monophasic
Modulated_autosave_20260717_150657_684ms,Trapezius (R),R_TR,4,100.07942811772264,108.07942811772264,132.43923749029685,,,none,30.0,25,1,monophasic
Modulated_autosave_20260717_150657_684ms,Trapezius (R),R_TR,5,133.43923749029685,141.43923749029685,165.79904686287017,,,none,30.0,25,1,monophasic
Modulated_autosave_20260717_150657_684ms,Trapezius (R),R_TR,6,166.79904686287017,174.79904686287017,199.15885623544438,,,none,30.0,25,1,monophasic
Modulated_autosave_20260717_150657_684ms,Trapezius (R),R_TR,7,200.15885623544438,208.15885623544438,232.51866560801858,,,none,30.0,25,1,monophasic
Modulated_autosave_20260717_150657_684ms,Trapezius (R),R_TR,8,233.51866560801858,241.51866560801858,265.8784749801274,,,none,30.0,25,1,monophasic
Modulated_autosave_20260717_150657_684ms,Trapezius (R),R_TR,9,266.8784749801274,274.8784749801274,299.2382843527016,,,none,30.0,25,1,monophasic
Modulated_autosave_20260717_150657_684ms,Trapezius (R),R_TR,10,300.2382843527016,308.2382843527016,332.5980937252749,,,none,30.0,25,1,monophasic
Modulated_autosave_20260717_150657_684ms,Trapezius (R),R_TR,1,0.7942811758256951,8.794281175825695,32.35980937257421,,,none,30.0,30,1,monophasic
Modulated_autosave_20260717_150657_684ms,Trapezius (R),R_TR,2,33.35980937257421,41.35980937257421,65.71961874514842,,,none,30.0,30,1,monophasic
Modulated_autosave_20260717_150657_684ms,Trapezius (R),R_TR,3,66.71961874514842,74.71961874514842,99.07942811772264,,,none,30.0,30,1,monophasic
Modulated_autosave_20260717_150657_684ms,Trapezius (R),R_TR,4,100.07942811772264,108.07942811772264,132.43923749029685,,,none,30.0,30,1,monophasic
Modulated_autosave_20260717_150657_684ms,Trapezius (R),R_TR,5,133.43923749029685,141.43923749029685,165.79904686287017,,,none,30.0,30,1,monophasic
Modulated_autosave_20260717_150657_684ms,Trapezius (R),R_TR,6,166.79904686287017,174.79904686287017,199.15885623544438,,,none,30.0,30,1,monophasic
Modulated_autosave_20260717_150657_684ms,Trapezius (R),R_TR,7,200.15885623544438,208.15885623544438,232.51866560801858,,,none,30.0,30,1,monophasic
Modulated_autosave_20260717_150657_684ms,Trapezius (R),R_TR,8,233.51866560801858,241.51866560801858,265.8784749801274,,,none,30.0,30,1,monophasic
Modulated_autosave_20260717_150657_684ms,Trapezius (R),R_TR,9,266.8784749801274,274.8784749801274,299.2382843527016,,,none,30.0,30,1,monophasic
Modulated_autosave_20260717_150657_684ms,Trapezius (R),R_TR,10,300.2382843527016,308.2382843527016,332.5980937252749,,,none,30.0,30,1,monophasic
Modulated_autosave_20260717_150657_684ms,Trapezius (R),R_TR,1,0.7942811758256951,8.794281175825695,32.35980937257421,,,none,30.0,35,1,monophasic
Modulated_autosave_20260717_150657_684ms,Trapezius (R),R_TR,2,33.35980937257421,41.35980937257421,65.71961874514842,,,none,30.0,35,1,monophasic
Modulated_autosave_20260717_150657_684ms,Trapezius (R),R_TR,3,66.71961874514842,74.71961874514842,99.07942811772264,,,none,30.0,35,1,monophasic
Modulated_autosave_20260717_150657_684ms,Trapezius (R),R_TR,4,100.07942811772264,108.07942811772264,132.43923749029685,,,none,30.0,35,1,monophasic
Modulated_autosave_20260717_150657_684ms,Trapezius (R),R_TR,5,133.43923749029685,141.43923749029685,165.79904686287017,,,none,30.0,35,1,monophasic
Modulated_autosave_20260717_150657_684ms,Trapezius (R),R_TR,6,166.79904686287017,174.79904686287017,199.15885623544438,,,none,30.0,35,1,monophasic
Modulated_autosave_20260717_150657_684ms,Trapezius (R),R_TR,7,200.15885623544438,208.15885623544438,232.51866560801858,,,none,30.0,35,1,monophasic
Modulated_autosave_20260717_150657_684ms,Trapezius (R),R_TR,8,233.51866560801858,241.51866560801858,265.8784749801274,,,none,30.0,35,1,monophasic
Modulated_autosave_20260717_150657_684ms,Trapezius (R),R_TR,9,266.8784749801274,274.8784749801274,299.2382843527016,,,none,30.0,35,1,monophasic
Modulated_autosave_20260717_150657_684ms,Trapezius (R),R_TR,10,300.2382843527016,308.2382843527016,332.5980937252749,,,none,30.0,35,1,monophasic
Modulated_autosave_20260717_150657_684ms,Trapezius (R),R_TR,1,0.7942811758256951,8.794281175825695,32.35980937257421,,,none,30.0,40,1,monophasic
Modulated_autosave_20260717_150657_684ms,Trapezius (R),R_TR,2,33.35980937257421,41.35980937257421,65.71961874514842,,,none,30.0,40,1,monophasic
Modulated_autosave_20260717_150657_684ms,Trapezius (R),R_TR,3,66.71961874514842,74.71961874514842,99.07942811772264,,,none,30.0,40,1,monophasic
Modulated_autosave_20260717_150657_684ms,Trapezius (R),R_TR,4,100.07942811772264,108.07942811772264,132.43923749029685,,,none,30.0,40,1,monophasic
Modulated_autosave_20260717_150657_684ms,Trapezius (R),R_TR,5,133.43923749029685,141.43923749029685,165.79904686287017,,,none,30.0,40,1,monophasic
Modulated_autosave_20260717_150657_684ms,Trapezius (R),R_TR,6,166.79904686287017,174.79904686287017,199.15885623544438,,,none,30.0,40,1,monophasic
Modulated_autosave_20260717_150657_684ms,Trapezius (R),R_TR,7,200.15885623544438,208.15885623544438,232.51866560801858,,,none,30.0,40,1,monophasic
Modulated_autosave_20260717_150657_684ms,Trapezius (R),R_TR,8,233.51866560801858,241.51866560801858,265.8784749801274,,,none,30.0,40,1,monophasic
Modulated_autosave_20260717_150657_684ms,Trapezius (R),R_TR,9,266.8784749801274,274.8784749801274,299.2382843527016,,,none,30.0,40,1,monophasic
Modulated_autosave_20260717_150657_684ms,Trapezius (R),R_TR,10,300.2382843527016,308.2382843527016,332.5980937252749,,,none,30.0,40,1,monophasic
Modulated_autosave_20260717_150657_684ms,Trapezius (R),R_TR,1,0.7942811758256951,8.794281175825695,32.35980937257421,,,none,30.0,45,1,monophasic
Modulated_autosave_20260717_150657_684ms,Trapezius (R),R_TR,2,33.35980937257421,41.35980937257421,65.71961874514842,,,none,30.0,45,1,monophasic
Modulated_autosave_20260717_150657_684ms,Trapezius (R),R_TR,3,66.71961874514842,74.71961874514842,99.07942811772264,,,none,30.0,45,1,monophasic
Modulated_autosave_20260717_150657_684ms,Trapezius (R),R_TR,4,100.07942811772264,108.07942811772264,132.43923749029685,,,none,30.0,45,1,monophasic
Modulated_autosave_20260717_150657_684ms,Trapezius (R),R_TR,5,133.43923749029685,141.43923749029685,165.79904686287017,,,none,30.0,45,1,monophasic
Modulated_autosave_20260717_150657_684ms,Trapezius (R),R_TR,6,166.79904686287017,174.79904686287017,199.15885623544438,,,none,30.0,45,1,monophasic
Modulated_autosave_20260717_150657_684ms,Trapezius (R),R_TR,7,200.15885623544438,208.15885623544438,232.51866560801858,,,none,30.0,45,1,monophasic
Modulated_autosave_20260717_150657_684ms,Trapezius (R),R_TR,8,233.51866560801858,241.51866560801858,265.8784749801274,,,none,30.0,45,1,monophasic
Modulated_autosave_20260717_150657_684ms,Trapezius (R),R_TR,9,266.8784749801274,274.8784749801274,299.2382843527016,,,none,30.0,45,1,monophasic
Modulated_autosave_20260717_150657_684ms,Trapezius (R),R_TR,10,300.2382843527016,308.2382843527016,332.5980937252749,,,none,30.0,45,1,monophasic
Modulated_autosave_20260717_150657_684ms,Trapezius (R),R_TR,1,0.7942811758256951,8.794281175825695,32.35980937257421,,,none,30.0,50,1,monophasic
Modulated_autosave_20260717_150657_684ms,Trapezius (R),R_TR,2,33.35980937257421,41.35980937257421,65.71961874514842,,,none,30.0,50,1,monophasic
Modulated_autosave_20260717_150657_684ms,Trapezius (R),R_TR,3,66.71961874514842,74.71961874514842,99.07942811772264,,,none,30.0,50,1,monophasic
Modulated_autosave_20260717_150657_684ms,Trapezius (R),R_TR,4,100.07942811772264,108.07942811772264,132.43923749029685,,,none,30.0,50,1,monophasic
Modulated_autosave_20260717_150657_684ms,Trapezius (R),R_TR,5,133.43923749029685,141.43923749029685,165.79904686287017,,,none,30.0,50,1,monophasic
Modulated_autosave_20260717_150657_684ms,Trapezius (R),R_TR,6,166.79904686287017,174.79904686287017,199.15885623544438,,,none,30.0,50,1,monophasic
Modulated_autosave_20260717_150657_684ms,Trapezius (R),R_TR,7,200.15885623544438,208.15885623544438,232.51866560801858,,,none,30.0,50,1,monophasic
Modulated_autosave_20260717_150657_684ms,Trapezius (R),R_TR,8,233.51866560801858,241.51866560801858,265.8784749801274,,,none,30.0,50,1,monophasic
Modulated_autosave_20260717_150657_684ms,Trapezius (R),R_TR,9,266.8784749801274,274.8784749801274,299.2382843527016,,,none,30.0,50,1,monophasic
Modulated_autosave_20260717_150657_684ms,Trapezius (R),R_TR,10,300.2382843527016,308.2382843527016,332.5980937252749,,,none,30.0,50,1,monophasic
Modulated_autosave_20260717_150657_684ms,Trapezius (R),R_TR,1,0.7942811758256951,8.794281175825695,32.35980937257421,,,none,30.0,55,1,monophasic
Modulated_autosave_20260717_150657_684ms,Trapezius (R),R_TR,2,33.35980937257421,41.35980937257421,65.71961874514842,,,none,30.0,55,1,monophasic
Modulated_autosave_20260717_150657_684ms,Trapezius (R),R_TR,3,66.71961874514842,74.71961874514842,99.07942811772264,,,none,30.0,55,1,monophasic
Modulated_autosave_20260717_150657_684ms,Trapezius (R),R_TR,4,100.07942811772264,108.07942811772264,132.43923749029685,,,none,30.0,55,1,monophasic
Modulated_autosave_20260717_150657_684ms,Trapezius (R),R_TR,5,133.43923749029685,141.43923749029685,165.79904686287017,,,none,30.0,55,1,monophasic
Modulated_autosave_20260717_150657_684ms,Trapezius (R),R_TR,6,166.79904686287017,174.79904686287017,199.15885623544438,,,none,30.0,55,1,monophasic
Modulated_autosave_20260717_150657_684ms,Trapezius (R),R_TR,7,200.15885623544438,208.15885623544438,232.51866560801858,,,none,30.0,55,1,monophasic
Modulated_autosave_20260717_150657_684ms,Trapezius (R),R_TR,8,233.51866560801858,241.51866560801858,265.8784749801274,,,none,30.0,55,1,monophasic
Modulated_autosave_20260717_150657_684ms,Trapezius (R),R_TR,9,266.8784749801274,274.8784749801274,299.2382843527016,,,none,30.0,55,1,monophasic
Modulated_autosave_20260717_150657_684ms,Trapezius (R),R_TR,10,300.2382843527016,308.2382843527016,332.5980937252749,,,none,30.0,55,1,monophasic
Modulated_autosave_20260717_150657_684ms,Trapezius (R),R_TR,1,0.7942811758256951,8.794281175825695,32.35980937257421,,,none,30.0,60,1,monophasic
Modulated_autosave_20260717_150657_684ms,Trapezius (R),R_TR,2,33.35980937257421,41.35980937257421,65.71961874514842,,,none,30.0,60,1,monophasic
Modulated_autosave_20260717_150657_684ms,Trapezius (R),R_TR,3,66.71961874514842,74.71961874514842,99.07942811772264,,,none,30.0,60,1,monophasic
Modulated_autosave_20260717_150657_684ms,Trapezius (R),R_TR,4,100.07942811772264,108.07942811772264,132.43923749029685,,,none,30.0,60,1,monophasic
Modulated_autosave_20260717_150657_684ms,Trapezius (R),R_TR,5,133.43923749029685,141.43923749029685,165.79904686287017,,,none,30.0,60,1,monophasic
Modulated_autosave_20260717_150657_684ms,Trapezius (R),R_TR,6,166.79904686287017,174.79904686287017,199.15885623544438,,,none,30.0,60,1,monophasic
Modulated_autosave_20260717_150657_684ms,Trapezius (R),R_TR,7,200.15885623544438,208.15885623544438,232.51866560801858,,,none,30.0,60,1,monophasic
Modulated_autosave_20260717_150657_684ms,Trapezius (R),R_TR,8,233.51866560801858,241.51866560801858,265.8784749801274,,,none,30.0,60,1,monophasic
Modulated_autosave_20260717_150657_684ms,Trapezius (R),R_TR,9,266.8784749801274,274.8784749801274,299.2382843527016,,,none,30.0,60,1,monophasic
Modulated_autosave_20260717_150657_684ms,Trapezius (R),R_TR,10,300.2382843527016,308.2382843527016,332.5980937252749,,,none,30.0,60,1,monophasic
Modulated_autosave_20260717_150657_684ms,Trapezius (R),R_TR,1,0.7942811758256951,8.794281175825695,32.35980937257421,,,none,30.0,65,1,monophasic
Modulated_autosave_20260717_150657_684ms,Trapezius (R),R_TR,2,33.35980937257421,41.35980937257421,65.71961874514842,,,none,30.0,65,1,monophasic
Modulated_autosave_20260717_150657_684ms,Trapezius (R),R_TR,3,66.71961874514842,74.71961874514842,99.07942811772264,,,none,30.0,65,1,monophasic
Modulated_autosave_20260717_150657_684ms,Trapezius (R),R_TR,4,100.07942811772264,108.07942811772264,132.43923749029685,,,none,30.0,65,1,monophasic
Modulated_autosave_20260717_150657_684ms,Trapezius (R),R_TR,5,133.43923749029685,141.43923749029685,165.79904686287017,,,none,30.0,65,1,monophasic
Modulated_autosave_20260717_150657_684ms,Trapezius (R),R_TR,6,166.79904686287017,174.79904686287017,199.15885623544438,,,none,30.0,65,1,monophasic
Modulated_autosave_20260717_150657_684ms,Trapezius (R),R_TR,7,200.15885623544438,208.15885623544438,232.51866560801858,,,none,30.0,65,1,monophasic
Modulated_autosave_20260717_150657_684ms,Trapezius (R),R_TR,8,233.51866560801858,241.51866560801858,265.8784749801274,,,none,30.0,65,1,monophasic
Modulated_autosave_20260717_150657_684ms,Trapezius (R),R_TR,9,266.8784749801274,274.8784749801274,299.2382843527016,,,none,30.0,65,1,monophasic
Modulated_autosave_20260717_150657_684ms,Trapezius (R),R_TR,10,300.2382843527016,308.2382843527016,332.5980937252749,,,none,30.0,65,1,monophasic
Modulated_autosave_20260717_150657_684ms,Trapezius (R),R_TR,1,0.7942811758256951,8.794281175825695,32.35980937257421,,,none,30.0,70,1,monophasic
Modulated_autosave_20260717_150657_684ms,Trapezius (R),R_TR,2,33.35980937257421,41.35980937257421,65.71961874514842,,,none,30.0,70,1,monophasic
Modulated_autosave_20260717_150657_684ms,Trapezius (R),R_TR,3,66.71961874514842,74.71961874514842,99.07942811772264,,,none,30.0,70,1,monophasic
Modulated_autosave_20260717_150657_684ms,Trapezius (R),R_TR,4,100.07942811772264,108.07942811772264,132.43923749029685,,,none,30.0,70,1,monophasic
Modulated_autosave_20260717_150657_684ms,Trapezius (R),R_TR,5,133.43923749029685,141.43923749029685,165.79904686287017,,,none,30.0,70,1,monophasic
Modulated_autosave_20260717_150657_684ms,Trapezius (R),R_TR,6,166.79904686287017,174.79904686287017,199.15885623544438,,,none,30.0,70,1,monophasic
Modulated_autosave_20260717_150657_684ms,Trapezius (R),R_TR,7,200.15885623544438,208.15885623544438,232.51866560801858,,,none,30.0,70,1,monophasic
Modulated_autosave_20260717_150657_684ms,Trapezius (R),R_TR,8,233.51866560801858,241.51866560801858,265.8784749801274,,,none,30.0,70,1,monophasic
Modulated_autosave_20260717_150657_684ms,Trapezius (R),R_TR,9,266.8784749801274,274.8784749801274,299.2382843527016,,,none,30.0,70,1,monophasic
Modulated_autosave_20260717_150657_684ms,Trapezius (R),R_TR,10,300.2382843527016,308.2382843527016,332.5980937252749,,,none,30.0,70,1,monophasic
Modulated_autosave_20260717_150657_684ms,Trapezius (R),R_TR,1,0.7942811758256951,8.794281175825695,32.35980937257421,,,none,30.0,75,1,monophasic
Modulated_autosave_20260717_150657_684ms,Trapezius (R),R_TR,2,33.35980937257421,41.35980937257421,65.71961874514842,,,none,30.0,75,1,monophasic
Modulated_autosave_20260717_150657_684ms,Trapezius (R),R_TR,3,66.71961874514842,74.71961874514842,99.07942811772264,,,none,30.0,75,1,monophasic
Modulated_autosave_20260717_150657_684ms,Trapezius (R),R_TR,4,100.07942811772264,108.07942811772264,132.43923749029685,,,none,30.0,75,1,monophasic
Modulated_autosave_20260717_150657_684ms,Trapezius (R),R_TR,5,133.43923749029685,141.43923749029685,165.79904686287017,,,none,30.0,75,1,monophasic
Modulated_autosave_20260717_150657_684ms,Trapezius (R),R_TR,6,166.79904686287017,174.79904686287017,199.15885623544438,,,none,30.0,75,1,monophasic
Modulated_autosave_20260717_150657_684ms,Trapezius (R),R_TR,7,200.15885623544438,208.15885623544438,232.51866560801858,,,none,30.0,75,1,monophasic
Modulated_autosave_20260717_150657_684ms,Trapezius (R),R_TR,8,233.51866560801858,241.51866560801858,265.8784749801274,,,none,30.0,75,1,monophasic
Modulated_autosave_20260717_150657_684ms,Trapezius (R),R_TR,9,266.8784749801274,274.8784749801274,299.2382843527016,,,none,30.0,75,1,monophasic
Modulated_autosave_20260717_150657_684ms,Trapezius (R),R_TR,10,300.2382843527016,308.2382843527016,332.5980937252749,,,none,30.0,75,1,monophasic
Modulated_autosave_20260717_150657_684ms,Trapezius (R),R_TR,1,0.7942811758256951,8.794281175825695,32.35980937257421,,,none,30.0,80,1,monophasic
Modulated_autosave_20260717_150657_684ms,Trapezius (R),R_TR,2,33.35980937257421,41.35980937257421,65.71961874514842,,,none,30.0,80,1,monophasic
Modulated_autosave_20260717_150657_684ms,Trapezius (R),R_TR,3,66.71961874514842,74.71961874514842,99.07942811772264,,,none,30.0,80,1,monophasic
Modulated_autosave_20260717_150657_684ms,Trapezius (R),R_TR,4,100.07942811772264,108.07942811772264,132.43923749029685,,,none,30.0,80,1,monophasic
Modulated_autosave_20260717_150657_684ms,Trapezius (R),R_TR,5,133.43923749029685,141.43923749029685,165.79904686287017,,,none,30.0,80,1,monophasic
Modulated_autosave_20260717_150657_684ms,Trapezius (R),R_TR,6,166.79904686287017,174.79904686287017,199.15885623544438,,,none,30.0,80,1,monophasic
Modulated_autosave_20260717_150657_684ms,Trapezius (R),R_TR,7,200.15885623544438,208.15885623544438,232.51866560801858,,,none,30.0,80,1,monophasic
Modulated_autosave_20260717_150657_684ms,Trapezius (R),R_TR,8,233.51866560801858,241.51866560801858,265.8784749801274,,,none,30.0,80,1,monophasic
Modulated_autosave_20260717_150657_684ms,Trapezius (R),R_TR,9,266.8784749801274,274.8784749801274,299.2382843527016,,,none,30.0,80,1,monophasic
Modulated_autosave_20260717_150657_684ms,Trapezius (R),R_TR,10,300.2382843527016,308.2382843527016,332.5980937252749,,,none,30.0,80,1,monophasic
Modulated_autosave_20260717_150657_684ms,Trapezius (R),R_TR,1,0.7942811758256951,8.794281175825695,32.35980937257421,,,none,30.0,85,1,monophasic
Modulated_autosave_20260717_150657_684ms,Trapezius (R),R_TR,2,33.35980937257421,41.35980937257421,65.71961874514842,,,none,30.0,85,1,monophasic
Modulated_autosave_20260717_150657_684ms,Trapezius (R),R_TR,3,66.71961874514842,74.71961874514842,99.07942811772264,,,none,30.0,85,1,monophasic
Modulated_autosave_20260717_150657_684ms,Trapezius (R),R_TR,4,100.07942811772264,108.07942811772264,132.43923749029685,,,none,30.0,85,1,monophasic
Modulated_autosave_20260717_150657_684ms,Trapezius (R),R_TR,5,133.43923749029685,141.43923749029685,165.79904686287017,,,none,30.0,85,1,monophasic
Modulated_autosave_20260717_150657_684ms,Trapezius (R),R_TR,6,166.79904686287017,174.79904686287017,199.15885623544438,,,none,30.0,85,1,monophasic
Modulated_autosave_20260717_150657_684ms,Trapezius (R),R_TR,7,200.15885623544438,208.15885623544438,232.51866560801858,,,none,30.0,85,1,monophasic
Modulated_autosave_20260717_150657_684ms,Trapezius (R),R_TR,8,233.51866560801858,241.51866560801858,265.8784749801274,,,none,30.0,85,1,monophasic
Modulated_autosave_20260717_150657_684ms,Trapezius (R),R_TR,9,266.8784749801274,274.8784749801274,299.2382843527016,,,none,30.0,85,1,monophasic
Modulated_autosave_20260717_150657_684ms,Trapezius (R),R_TR,10,300.2382843527016,308.2382843527016,332.5980937252749,,,none,30.0,85,1,monophasic
Modulated_autosave_20260717_150657_684ms,Trapezius (R),R_TR,1,0.7942811758256951,8.794281175825695,32.35980937257421,,,none,30.0,90,1,monophasic
Modulated_autosave_20260717_150657_684ms,Trapezius (R),R_TR,2,33.35980937257421,41.35980937257421,65.71961874514842,,,none,30.0,90,1,monophasic
Modulated_autosave_20260717_150657_684ms,Trapezius (R),R_TR,3,66.71961874514842,74.71961874514842,99.07942811772264,,,none,30.0,90,1,monophasic
Modulated_autosave_20260717_150657_684ms,Trapezius (R),R_TR,4,100.07942811772264,108.07942811772264,132.43923749029685,,,none,30.0,90,1,monophasic
Modulated_autosave_20260717_150657_684ms,Trapezius (R),R_TR,5,133.43923749029685,141.43923749029685,165.79904686287017,,,none,30.0,90,1,monophasic
Modulated_autosave_20260717_150657_684ms,Trapezius (R),R_TR,6,166.79904686287017,174.79904686287017,199.15885623544438,,,none,30.0,90,1,monophasic
Modulated_autosave_20260717_150657_684ms,Trapezius (R),R_TR,7,200.15885623544438,208.15885623544438,232.51866560801858,,,none,30.0,90,1,monophasic
Modulated_autosave_20260717_150657_684ms,Trapezius (R),R_TR,8,233.51866560801858,241.51866560801858,265.8784749801274,,,none,30.0,90,1,monophasic
Modulated_autosave_20260717_150657_684ms,Trapezius (R),R_TR,9,266.8784749801274,274.8784749801274,299.2382843527016,,,none,30.0,90,1,monophasic
Modulated_autosave_20260717_150657_684ms,Trapezius (R),R_TR,10,300.2382843527016,308.2382843527016,332.5980937252749,,,none,30.0,90,1,monophasic
Modulated_autosave_20260717_150657_684ms,Trapezius (R),R_TR,1,0.7942811758256951,8.794281175825695,32.35980937257421,,,none,30.0,95,1,monophasic
Modulated_autosave_20260717_150657_684ms,Trapezius (R),R_TR,2,33.35980937257421,41.35980937257421,65.71961874514842,,,none,30.0,95,1,monophasic
Modulated_autosave_20260717_150657_684ms,Trapezius (R),R_TR,3,66.71961874514842,74.71961874514842,99.07942811772264,,,none,30.0,95,1,monophasic
Modulated_autosave_20260717_150657_684ms,Trapezius (R),R_TR,4,100.07942811772264,108.07942811772264,132.43923749029685,,,none,30.0,95,1,monophasic
Modulated_autosave_20260717_150657_684ms,Trapezius (R),R_TR,5,133.43923749029685,141.43923749029685,165.79904686287017,,,none,30.0,95,1,monophasic
Modulated_autosave_20260717_150657_684ms,Trapezius (R),R_TR,6,166.79904686287017,174.79904686287017,199.15885623544438,,,none,30.0,95,1,monophasic
Modulated_autosave_20260717_150657_684ms,Trapezius (R),R_TR,7,200.15885623544438,208.15885623544438,232.51866560801858,,,none,30.0,95,1,monophasic
Modulated_autosave_20260717_150657_684ms,Trapezius (R),R_TR,8,233.51866560801858,241.51866560801858,265.8784749801274,,,none,30.0,95,1,monophasic
Modulated_autosave_20260717_150657_684ms,Trapezius (R),R_TR,9,266.8784749801274,274.8784749801274,299.2382843527016,,,none,30.0,95,1,monophasic
Modulated_autosave_20260717_150657_684ms,Trapezius (R),R_TR,10,300.2382843527016,308.2382843527016,332.5980937252749,,,none,30.0,95,1,monophasic
Modulated_autosave_20260717_150657_684ms,Trapezius (R),R_TR,1,0.7942811758256951,8.794281175825695,32.35980937257421,,,none,30.0,100,1,monophasic
Modulated_autosave_20260717_150657_684ms,Trapezius (R),R_TR,2,33.35980937257421,41.35980937257421,65.71961874514842,,,none,30.0,100,1,monophasic
Modulated_autosave_20260717_150657_684ms,Trapezius (R),R_TR,3,66.71961874514842,74.71961874514842,99.07942811772264,,,none,30.0,100,1,monophasic
Modulated_autosave_20260717_150657_684ms,Trapezius (R),R_TR,4,100.07942811772264,108.07942811772264,132.43923749029685,,,none,30.0,100,1,monophasic
Modulated_autosave_20260717_150657_684ms,Trapezius (R),R_TR,5,133.43923749029685,141.43923749029685,165.79904686287017,,,none,30.0,100,1,monophasic
Modulated_autosave_20260717_150657_684ms,Trapezius (R),R_TR,6,166.79904686287017,174.79904686287017,199.15885623544438,,,none,30.0,100,1,monophasic
Modulated_autosave_20260717_150657_684ms,Trapezius (R),R_TR,7,200.15885623544438,208.15885623544438,232.51866560801858,,,none,30.0,100,1,monophasic
Modulated_autosave_20260717_150657_684ms,Trapezius (R),R_TR,8,233.51866560801858,241.51866560801858,265.8784749801274,,,none,30.0,100,1,monophasic
Modulated_autosave_20260717_150657_684ms,Trapezius (R),R_TR,9,266.8784749801274,274.8784749801274,299.2382843527016,,,none,30.0,100,1,monophasic
Modulated_autosave_20260717_150657_684ms,Trapezius (R),R_TR,10,300.2382843527016,308.2382843527016,332.5980937252749,,,none,30.0,100,1,monophasic
Modulated_autosave_20260717_150657_684ms,Trapezius (R),R_TR,1,0.7942811758256951,8.794281175825695,32.35980937257421,,,none,30.0,105,1,monophasic
Modulated_autosave_20260717_150657_684ms,Trapezius (R),R_TR,2,33.35980937257421,41.35980937257421,65.71961874514842,,,none,30.0,105,1,monophasic
Modulated_autosave_20260717_150657_684ms,Trapezius (R),R_TR,3,66.71961874514842,74.71961874514842,99.07942811772264,,,none,30.0,105,1,monophasic
Modulated_autosave_20260717_150657_684ms,Trapezius (R),R_TR,4,100.07942811772264,108.07942811772264,132.43923749029685,,,none,30.0,105,1,monophasic
Modulated_autosave_20260717_150657_684ms,Trapezius (R),R_TR,5,133.43923749029685,141.43923749029685,165.79904686287017,,,none,30.0,105,1,monophasic
Modulated_autosave_20260717_150657_684ms,Trapezius (R),R_TR,6,166.79904686287017,174.79904686287017,199.15885623544438,,,none,30.0,105,1,monophasic
Modulated_autosave_20260717_150657_684ms,Trapezius (R),R_TR,7,200.15885623544438,208.15885623544438,232.51866560801858,,,none,30.0,105,1,monophasic
Modulated_autosave_20260717_150657_684ms,Trapezius (R),R_TR,8,233.51866560801858,241.51866560801858,265.8784749801274,,,none,30.0,105,1,monophasic
Modulated_autosave_20260717_150657_684ms,Trapezius (R),R_TR,9,266.8784749801274,274.8784749801274,299.2382843527016,,,none,30.0,105,1,monophasic
Modulated_autosave_20260717_150657_684ms,Trapezius (R),R_TR,10,300.2382843527016,308.2382843527016,332.5980937252749,,,none,30.0,105,1,monophasic
Modulated_autosave_20260717_150657_684ms,Trapezius (R),R_TR,1,0.7942811758256951,8.794281175825695,32.35980937257421,,,none,30.0,110,1,monophasic
Modulated_autosave_20260717_150657_684ms,Trapezius (R),R_TR,2,33.35980937257421,41.35980937257421,65.71961874514842,,,none,30.0,110,1,monophasic
Modulated_autosave_20260717_150657_684ms,Trapezius (R),R_TR,3,66.71961874514842,74.71961874514842,99.07942811772264,,,none,30.0,110,1,monophasic
Modulated_autosave_20260717_150657_684ms,Trapezius (R),R_TR,4,100.07942811772264,108.07942811772264,132.43923749029685,,,none,30.0,110,1,monophasic
Modulated_autosave_20260717_150657_684ms,Trapezius (R),R_TR,5,133.43923749029685,141.43923749029685,165.79904686287017,,,none,30.0,110,1,monophasic
Modulated_autosave_20260717_150657_684ms,Trapezius (R),R_TR,6,166.79904686287017,174.79904686287017,199.15885623544438,,,none,30.0,110,1,monophasic
Modulated_autosave_20260717_150657_684ms,Trapezius (R),R_TR,7,200.15885623544438,208.15885623544438,232.51866560801858,,,none,30.0,110,1,monophasic
Modulated_autosave_20260717_150657_684ms,Trapezius (R),R_TR,8,233.51866560801858,241.51866560801858,265.8784749801274,,,none,30.0,110,1,monophasic
Modulated_autosave_20260717_150657_684ms,Trapezius (R),R_TR,9,266.8784749801274,274.8784749801274,299.2382843527016,,,none,30.0,110,1,monophasic
Modulated_autosave_20260717_150657_684ms,Trapezius (R),R_TR,10,300.2382843527016,308.2382843527016,332.5980937252749,,,none,30.0,110,1,monophasic
Modulated_autosave_20260717_150657_684ms,Thenar (R),R_The_ED_FD_FCR A,1,0.7942811758256951,8.794281175825695,32.35980937257421,0.021484702825546265,0.021484702825546265,none,30.0,15,1,monophasic
Modulated_autosave_20260717_150657_684ms,Thenar (R),R_The_ED_FD_FCR A,2,33.35980937257421,41.35980937257421,65.71961874514842,0.006546120624989271,0.006546120624989271,none,30.0,15,1,monophasic
Modulated_autosave_20260717_150657_684ms,Thenar (R),R_The_ED_FD_FCR A,3,66.71961874514842,74.71961874514842,99.07942811772264,0.006042572669684887,0.006042572669684887,none,30.0,15,1,monophasic
Modulated_autosave_20260717_150657_684ms,Thenar (R),R_The_ED_FD_FCR A,4,100.07942811772264,108.07942811772264,132.43923749029685,0.005371175240725279,0.005371175240725279,none,30.0,15,1,monophasic
Modulated_autosave_20260717_150657_684ms,Thenar (R),R_The_ED_FD_FCR A,5,133.43923749029685,141.43923749029685,165.79904686287017,0.02618448156863451,0.02618448156863451,none,30.0,15,1,monophasic
Modulated_autosave_20260717_150657_684ms,Thenar (R),R_The_ED_FD_FCR A,6,166.79904686287017,174.79904686287017,199.15885623544438,0.0060425722040236,0.0060425722040236,none,30.0,15,1,monophasic
Modulated_autosave_20260717_150657_684ms,Thenar (R),R_The_ED_FD_FCR A,7,200.15885623544438,208.15885623544438,232.51866560801858,0.006042572669684887,0.006042572669684887,none,30.0,15,1,monophasic
Modulated_autosave_20260717_150657_684ms,Thenar (R),R_The_ED_FD_FCR A,8,233.51866560801858,241.51866560801858,265.8784749801274,0.0278629744425416,0.0278629744425416,none,30.0,15,1,monophasic
Modulated_autosave_20260717_150657_684ms,Thenar (R),R_The_ED_FD_FCR A,9,266.8784749801274,274.8784749801274,299.2382843527016,0.005035477224737406,0.005035477224737406,none,30.0,15,1,monophasic
Modulated_autosave_20260717_150657_684ms,Thenar (R),R_The_ED_FD_FCR A,10,300.2382843527016,308.2382843527016,332.5980937252749,0.006546120624989271,0.006546120624989271,none,30.0,15,1,monophasic
Modulated_autosave_20260717_150657_684ms,Thenar (R),R_The_ED_FD_FCR A,1,0.7942811758256951,8.794281175825695,32.35980937257421,,,none,30.0,20,1,monophasic
Modulated_autosave_20260717_150657_684ms,Thenar (R),R_The_ED_FD_FCR A,2,33.35980937257421,41.35980937257421,65.71961874514842,,,none,30.0,20,1,monophasic
Modulated_autosave_20260717_150657_684ms,Thenar (R),R_The_ED_FD_FCR A,3,66.71961874514842,74.71961874514842,99.07942811772264,,,none,30.0,20,1,monophasic
Modulated_autosave_20260717_150657_684ms,Thenar (R),R_The_ED_FD_FCR A,4,100.07942811772264,108.07942811772264,132.43923749029685,,,none,30.0,20,1,monophasic
Modulated_autosave_20260717_150657_684ms,Thenar (R),R_The_ED_FD_FCR A,5,133.43923749029685,141.43923749029685,165.79904686287017,,,none,30.0,20,1,monophasic
Modulated_autosave_20260717_150657_684ms,Thenar (R),R_The_ED_FD_FCR A,6,166.79904686287017,174.79904686287017,199.15885623544438,,,none,30.0,20,1,monophasic
Modulated_autosave_20260717_150657_684ms,Thenar (R),R_The_ED_FD_FCR A,7,200.15885623544438,208.15885623544438,232.51866560801858,,,none,30.0,20,1,monophasic
Modulated_autosave_20260717_150657_684ms,Thenar (R),R_The_ED_FD_FCR A,8,233.51866560801858,241.51866560801858,265.8784749801274,,,none,30.0,20,1,monophasic
Modulated_autosave_20260717_150657_684ms,Thenar (R),R_The_ED_FD_FCR A,9,266.8784749801274,274.8784749801274,299.2382843527016,,,none,30.0,20,1,monophasic
Modulated_autosave_20260717_150657_684ms,Thenar (R),R_The_ED_FD_FCR A,10,300.2382843527016,308.2382843527016,332.5980937252749,,,none,30.0,20,1,monophasic
Modulated_autosave_20260717_150657_684ms,Thenar (R),R_The_ED_FD_FCR A,1,0.7942811758256951,8.794281175825695,32.35980937257421,,,none,30.0,25,1,monophasic
Modulated_autosave_20260717_150657_684ms,Thenar (R),R_The_ED_FD_FCR A,2,33.35980937257421,41.35980937257421,65.71961874514842,,,none,30.0,25,1,monophasic
Modulated_autosave_20260717_150657_684ms,Thenar (R),R_The_ED_FD_FCR A,3,66.71961874514842,74.71961874514842,99.07942811772264,,,none,30.0,25,1,monophasic
Modulated_autosave_20260717_150657_684ms,Thenar (R),R_The_ED_FD_FCR A,4,100.07942811772264,108.07942811772264,132.43923749029685,,,none,30.0,25,1,monophasic
Modulated_autosave_20260717_150657_684ms,Thenar (R),R_The_ED_FD_FCR A,5,133.43923749029685,141.43923749029685,165.79904686287017,,,none,30.0,25,1,monophasic
Modulated_autosave_20260717_150657_684ms,Thenar (R),R_The_ED_FD_FCR A,6,166.79904686287017,174.79904686287017,199.15885623544438,,,none,30.0,25,1,monophasic
Modulated_autosave_20260717_150657_684ms,Thenar (R),R_The_ED_FD_FCR A,7,200.15885623544438,208.15885623544438,232.51866560801858,,,none,30.0,25,1,monophasic
Modulated_autosave_20260717_150657_684ms,Thenar (R),R_The_ED_FD_FCR A,8,233.51866560801858,241.51866560801858,265.8784749801274,,,none,30.0,25,1,monophasic
Modulated_autosave_20260717_150657_684ms,Thenar (R),R_The_ED_FD_FCR A,9,266.8784749801274,274.8784749801274,299.2382843527016,,,none,30.0,25,1,monophasic
Modulated_autosave_20260717_150657_684ms,Thenar (R),R_The_ED_FD_FCR A,10,300.2382843527016,308.2382843527016,332.5980937252749,,,none,30.0,25,1,monophasic
Modulated_autosave_20260717_150657_684ms,Thenar (R),R_The_ED_FD_FCR A,1,0.7942811758256951,8.794281175825695,32.35980937257421,,,none,30.0,30,1,monophasic
Modulated_autosave_20260717_150657_684ms,Thenar (R),R_The_ED_FD_FCR A,2,33.35980937257421,41.35980937257421,65.71961874514842,,,none,30.0,30,1,monophasic
Modulated_autosave_20260717_150657_684ms,Thenar (R),R_The_ED_FD_FCR A,3,66.71961874514842,74.71961874514842,99.07942811772264,,,none,30.0,30,1,monophasic
Modulated_autosave_20260717_150657_684ms,Thenar (R),R_The_ED_FD_FCR A,4,100.07942811772264,108.07942811772264,132.43923749029685,,,none,30.0,30,1,monophasic
Modulated_autosave_20260717_150657_684ms,Thenar (R),R_The_ED_FD_FCR A,5,133.43923749029685,141.43923749029685,165.79904686287017,,,none,30.0,30,1,monophasic
Modulated_autosave_20260717_150657_684ms,Thenar (R),R_The_ED_FD_FCR A,6,166.79904686287017,174.79904686287017,199.15885623544438,,,none,30.0,30,1,monophasic
Modulated_autosave_20260717_150657_684ms,Thenar (R),R_The_ED_FD_FCR A,7,200.15885623544438,208.15885623544438,232.51866560801858,,,none,30.0,30,1,monophasic
Modulated_autosave_20260717_150657_684ms,Thenar (R),R_The_ED_FD_FCR A,8,233.51866560801858,241.51866560801858,265.8784749801274,,,none,30.0,30,1,monophasic
Modulated_autosave_20260717_150657_684ms,Thenar (R),R_The_ED_FD_FCR A,9,266.8784749801274,274.8784749801274,299.2382843527016,,,none,30.0,30,1,monophasic
Modulated_autosave_20260717_150657_684ms,Thenar (R),R_The_ED_FD_FCR A,10,300.2382843527016,308.2382843527016,332.5980937252749,,,none,30.0,30,1,monophasic
Modulated_autosave_20260717_150657_684ms,Thenar (R),R_The_ED_FD_FCR A,1,0.7942811758256951,8.794281175825695,32.35980937257421,,,none,30.0,35,1,monophasic
Modulated_autosave_20260717_150657_684ms,Thenar (R),R_The_ED_FD_FCR A,2,33.35980937257421,41.35980937257421,65.71961874514842,,,none,30.0,35,1,monophasic
Modulated_autosave_20260717_150657_684ms,Thenar (R),R_The_ED_FD_FCR A,3,66.71961874514842,74.71961874514842,99.07942811772264,,,none,30.0,35,1,monophasic
Modulated_autosave_20260717_150657_684ms,Thenar (R),R_The_ED_FD_FCR A,4,100.07942811772264,108.07942811772264,132.43923749029685,,,none,30.0,35,1,monophasic
Modulated_autosave_20260717_150657_684ms,Thenar (R),R_The_ED_FD_FCR A,5,133.43923749029685,141.43923749029685,165.79904686287017,,,none,30.0,35,1,monophasic
Modulated_autosave_20260717_150657_684ms,Thenar (R),R_The_ED_FD_FCR A,6,166.79904686287017,174.79904686287017,199.15885623544438,,,none,30.0,35,1,monophasic
Modulated_autosave_20260717_150657_684ms,Thenar (R),R_The_ED_FD_FCR A,7,200.15885623544438,208.15885623544438,232.51866560801858,,,none,30.0,35,1,monophasic
Modulated_autosave_20260717_150657_684ms,Thenar (R),R_The_ED_FD_FCR A,8,233.51866560801858,241.51866560801858,265.8784749801274,,,none,30.0,35,1,monophasic
Modulated_autosave_20260717_150657_684ms,Thenar (R),R_The_ED_FD_FCR A,9,266.8784749801274,274.8784749801274,299.2382843527016,,,none,30.0,35,1,monophasic
Modulated_autosave_20260717_150657_684ms,Thenar (R),R_The_ED_FD_FCR A,10,300.2382843527016,308.2382843527016,332.5980937252749,,,none,30.0,35,1,monophasic
Modulated_autosave_20260717_150657_684ms,Thenar (R),R_The_ED_FD_FCR A,1,0.7942811758256951,8.794281175825695,32.35980937257421,,,none,30.0,40,1,monophasic
Modulated_autosave_20260717_150657_684ms,Thenar (R),R_The_ED_FD_FCR A,2,33.35980937257421,41.35980937257421,65.71961874514842,,,none,30.0,40,1,monophasic
Modulated_autosave_20260717_150657_684ms,Thenar (R),R_The_ED_FD_FCR A,3,66.71961874514842,74.71961874514842,99.07942811772264,,,none,30.0,40,1,monophasic
Modulated_autosave_20260717_150657_684ms,Thenar (R),R_The_ED_FD_FCR A,4,100.07942811772264,108.07942811772264,132.43923749029685,,,none,30.0,40,1,monophasic
Modulated_autosave_20260717_150657_684ms,Thenar (R),R_The_ED_FD_FCR A,5,133.43923749029685,141.43923749029685,165.79904686287017,,,none,30.0,40,1,monophasic
Modulated_autosave_20260717_150657_684ms,Thenar (R),R_The_ED_FD_FCR A,6,166.79904686287017,174.79904686287017,199.15885623544438,,,none,30.0,40,1,monophasic
Modulated_autosave_20260717_150657_684ms,Thenar (R),R_The_ED_FD_FCR A,7,200.15885623544438,208.15885623544438,232.51866560801858,,,none,30.0,40,1,monophasic
Modulated_autosave_20260717_150657_684ms,Thenar (R),R_The_ED_FD_FCR A,8,233.51866560801858,241.51866560801858,265.8784749801274,,,none,30.0,40,1,monophasic
Modulated_autosave_20260717_150657_684ms,Thenar (R),R_The_ED_FD_FCR A,9,266.8784749801274,274.8784749801274,299.2382843527016,,,none,30.0,40,1,monophasic
Modulated_autosave_20260717_150657_684ms,Thenar (R),R_The_ED_FD_FCR A,10,300.2382843527016,308.2382843527016,332.5980937252749,,,none,30.0,40,1,monophasic
Modulated_autosave_20260717_150657_684ms,Thenar (R),R_The_ED_FD_FCR A,1,0.7942811758256951,8.794281175825695,32.35980937257421,0.03121995972469449,0.03121995972469449,none,30.0,45,1,monophasic
Modulated_autosave_20260717_150657_684ms,Thenar (R),R_The_ED_FD_FCR A,2,33.35980937257421,41.35980937257421,65.71961874514842,0.0073853665962815285,0.0073853665962815285,none,30.0,45,1,monophasic
Modulated_autosave_20260717_150657_684ms,Thenar (R),R_The_ED_FD_FCR A,3,66.71961874514842,74.71961874514842,99.07942811772264,0.008560311514884233,0.008560311514884233,none,30.0,45,1,monophasic
Modulated_autosave_20260717_150657_684ms,Thenar (R),R_The_ED_FD_FCR A,4,100.07942811772264,108.07942811772264,132.43923749029685,0.028198672458529472,0.028198672458529472,none,30.0,45,1,monophasic
Modulated_autosave_20260717_150657_684ms,Thenar (R),R_The_ED_FD_FCR A,5,133.43923749029685,141.43923749029685,165.79904686287017,0.008056763792410493,0.008056763792410493,none,30.0,45,1,monophasic
Modulated_autosave_20260717_150657_684ms,Thenar (R),R_The_ED_FD_FCR A,6,166.79904686287017,174.79904686287017,199.15885623544438,0.006042572669684887,0.006042572669684887,none,30.0,45,1,monophasic
Modulated_autosave_20260717_150657_684ms,Thenar (R),R_The_ED_FD_FCR A,7,200.15885623544438,208.15885623544438,232.51866560801858,0.004867627751082182,0.004867627751082182,none,30.0,45,1,monophasic
Modulated_autosave_20260717_150657_684ms,Thenar (R),R_The_ED_FD_FCR A,8,233.51866560801858,241.51866560801858,265.8784749801274,0.007217517122626305,0.007217517122626305,none,30.0,45,1,monophasic
Modulated_autosave_20260717_150657_684ms,Thenar (R),R_The_ED_FD_FCR A,9,266.8784749801274,274.8784749801274,299.2382843527016,0.027191576547920704,0.027191576547920704,none,30.0,45,1,monophasic
Modulated_autosave_20260717_150657_684ms,Thenar (R),R_The_ED_FD_FCR A,10,300.2382843527016,308.2382843527016,332.5980937252749,0.0073853665962815285,0.0073853665962815285,none,30.0,45,1,monophasic
Modulated_autosave_20260717_150657_684ms,Thenar (R),R_The_ED_FD_FCR A,1,0.7942811758256951,8.794281175825695,32.35980937257421,,,none,30.0,50,1,monophasic
Modulated_autosave_20260717_150657_684ms,Thenar (R),R_The_ED_FD_FCR A,2,33.35980937257421,41.35980937257421,65.71961874514842,,,none,30.0,50,1,monophasic
Modulated_autosave_20260717_150657_684ms,Thenar (R),R_The_ED_FD_FCR A,3,66.71961874514842,74.71961874514842,99.07942811772264,,,none,30.0,50,1,monophasic
Modulated_autosave_20260717_150657_684ms,Thenar (R),R_The_ED_FD_FCR A,4,100.07942811772264,108.07942811772264,132.43923749029685,,,none,30.0,50,1,monophasic
Modulated_autosave_20260717_150657_684ms,Thenar (R),R_The_ED_FD_FCR A,5,133.43923749029685,141.43923749029685,165.79904686287017,,,none,30.0,50,1,monophasic
Modulated_autosave_20260717_150657_684ms,Thenar (R),R_The_ED_FD_FCR A,6,166.79904686287017,174.79904686287017,199.15885623544438,,,none,30.0,50,1,monophasic
Modulated_autosave_20260717_150657_684ms,Thenar (R),R_The_ED_FD_FCR A,7,200.15885623544438,208.15885623544438,232.51866560801858,,,none,30.0,50,1,monophasic
Modulated_autosave_20260717_150657_684ms,Thenar (R),R_The_ED_FD_FCR A,8,233.51866560801858,241.51866560801858,265.8784749801274,,,none,30.0,50,1,monophasic
Modulated_autosave_20260717_150657_684ms,Thenar (R),R_The_ED_FD_FCR A,9,266.8784749801274,274.8784749801274,299.2382843527016,,,none,30.0,50,1,monophasic
Modulated_autosave_20260717_150657_684ms,Thenar (R),R_The_ED_FD_FCR A,10,300.2382843527016,308.2382843527016,332.5980937252749,,,none,30.0,50,1,monophasic
Modulated_autosave_20260717_150657_684ms,Thenar (R),R_The_ED_FD_FCR A,1,0.7942811758256951,8.794281175825695,32.35980937257421,,,none,30.0,55,1,monophasic
Modulated_autosave_20260717_150657_684ms,Thenar (R),R_The_ED_FD_FCR A,2,33.35980937257421,41.35980937257421,65.71961874514842,,,none,30.0,55,1,monophasic
Modulated_autosave_20260717_150657_684ms,Thenar (R),R_The_ED_FD_FCR A,3,66.71961874514842,74.71961874514842,99.07942811772264,,,none,30.0,55,1,monophasic
Modulated_autosave_20260717_150657_684ms,Thenar (R),R_The_ED_FD_FCR A,4,100.07942811772264,108.07942811772264,132.43923749029685,,,none,30.0,55,1,monophasic
Modulated_autosave_20260717_150657_684ms,Thenar (R),R_The_ED_FD_FCR A,5,133.43923749029685,141.43923749029685,165.79904686287017,,,none,30.0,55,1,monophasic
Modulated_autosave_20260717_150657_684ms,Thenar (R),R_The_ED_FD_FCR A,6,166.79904686287017,174.79904686287017,199.15885623544438,,,none,30.0,55,1,monophasic
Modulated_autosave_20260717_150657_684ms,Thenar (R),R_The_ED_FD_FCR A,7,200.15885623544438,208.15885623544438,232.51866560801858,,,none,30.0,55,1,monophasic
Modulated_autosave_20260717_150657_684ms,Thenar (R),R_The_ED_FD_FCR A,8,233.51866560801858,241.51866560801858,265.8784749801274,,,none,30.0,55,1,monophasic
Modulated_autosave_20260717_150657_684ms,Thenar (R),R_The_ED_FD_FCR A,9,266.8784749801274,274.8784749801274,299.2382843527016,,,none,30.0,55,1,monophasic
Modulated_autosave_20260717_150657_684ms,Thenar (R),R_The_ED_FD_FCR A,10,300.2382843527016,308.2382843527016,332.5980937252749,,,none,30.0,55,1,monophasic
Modulated_autosave_20260717_150657_684ms,Thenar (R),R_The_ED_FD_FCR A,1,0.7942811758256951,8.794281175825695,32.35980937257421,,,none,30.0,60,1,monophasic
Modulated_autosave_20260717_150657_684ms,Thenar (R),R_The_ED_FD_FCR A,2,33.35980937257421,41.35980937257421,65.71961874514842,,,none,30.0,60,1,monophasic
Modulated_autosave_20260717_150657_684ms,Thenar (R),R_The_ED_FD_FCR A,3,66.71961874514842,74.71961874514842,99.07942811772264,,,none,30.0,60,1,monophasic
Modulated_autosave_20260717_150657_684ms,Thenar (R),R_The_ED_FD_FCR A,4,100.07942811772264,108.07942811772264,132.43923749029685,,,none,30.0,60,1,monophasic
Modulated_autosave_20260717_150657_684ms,Thenar (R),R_The_ED_FD_FCR A,5,133.43923749029685,141.43923749029685,165.79904686287017,,,none,30.0,60,1,monophasic
Modulated_autosave_20260717_150657_684ms,Thenar (R),R_The_ED_FD_FCR A,6,166.79904686287017,174.79904686287017,199.15885623544438,,,none,30.0,60,1,monophasic
Modulated_autosave_20260717_150657_684ms,Thenar (R),R_The_ED_FD_FCR A,7,200.15885623544438,208.15885623544438,232.51866560801858,,,none,30.0,60,1,monophasic
Modulated_autosave_20260717_150657_684ms,Thenar (R),R_The_ED_FD_FCR A,8,233.51866560801858,241.51866560801858,265.8784749801274,,,none,30.0,60,1,monophasic
Modulated_autosave_20260717_150657_684ms,Thenar (R),R_The_ED_FD_FCR A,9,266.8784749801274,274.8784749801274,299.2382843527016,,,none,30.0,60,1,monophasic
Modulated_autosave_20260717_150657_684ms,Thenar (R),R_The_ED_FD_FCR A,10,300.2382843527016,308.2382843527016,332.5980937252749,,,none,30.0,60,1,monophasic
Modulated_autosave_20260717_150657_684ms,Thenar (R),R_The_ED_FD_FCR A,1,0.7942811758256951,8.794281175825695,32.35980937257421,,,none,30.0,65,1,monophasic
Modulated_autosave_20260717_150657_684ms,Thenar (R),R_The_ED_FD_FCR A,2,33.35980937257421,41.35980937257421,65.71961874514842,,,none,30.0,65,1,monophasic
Modulated_autosave_20260717_150657_684ms,Thenar (R),R_The_ED_FD_FCR A,3,66.71961874514842,74.71961874514842,99.07942811772264,,,none,30.0,65,1,monophasic
Modulated_autosave_20260717_150657_684ms,Thenar (R),R_The_ED_FD_FCR A,4,100.07942811772264,108.07942811772264,132.43923749029685,,,none,30.0,65,1,monophasic
Modulated_autosave_20260717_150657_684ms,Thenar (R),R_The_ED_FD_FCR A,5,133.43923749029685,141.43923749029685,165.79904686287017,,,none,30.0,65,1,monophasic
Modulated_autosave_20260717_150657_684ms,Thenar (R),R_The_ED_FD_FCR A,6,166.79904686287017,174.79904686287017,199.15885623544438,,,none,30.0,65,1,monophasic
Modulated_autosave_20260717_150657_684ms,Thenar (R),R_The_ED_FD_FCR A,7,200.15885623544438,208.15885623544438,232.51866560801858,,,none,30.0,65,1,monophasic
Modulated_autosave_20260717_150657_684ms,Thenar (R),R_The_ED_FD_FCR A,8,233.51866560801858,241.51866560801858,265.8784749801274,,,none,30.0,65,1,monophasic
Modulated_autosave_20260717_150657_684ms,Thenar (R),R_The_ED_FD_FCR A,9,266.8784749801274,274.8784749801274,299.2382843527016,,,none,30.0,65,1,monophasic
Modulated_autosave_20260717_150657_684ms,Thenar (R),R_The_ED_FD_FCR A,10,300.2382843527016,308.2382843527016,332.5980937252749,,,none,30.0,65,1,monophasic
Modulated_autosave_20260717_150657_684ms,Thenar (R),R_The_ED_FD_FCR A,1,0.7942811758256951,8.794281175825695,32.35980937257421,,,none,30.0,70,1,monophasic
Modulated_autosave_20260717_150657_684ms,Thenar (R),R_The_ED_FD_FCR A,2,33.35980937257421,41.35980937257421,65.71961874514842,,,none,30.0,70,1,monophasic
Modulated_autosave_20260717_150657_684ms,Thenar (R),R_The_ED_FD_FCR A,3,66.71961874514842,74.71961874514842,99.07942811772264,,,none,30.0,70,1,monophasic
Modulated_autosave_20260717_150657_684ms,Thenar (R),R_The_ED_FD_FCR A,4,100.07942811772264,108.07942811772264,132.43923749029685,,,none,30.0,70,1,monophasic
Modulated_autosave_20260717_150657_684ms,Thenar (R),R_The_ED_FD_FCR A,5,133.43923749029685,141.43923749029685,165.79904686287017,,,none,30.0,70,1,monophasic
Modulated_autosave_20260717_150657_684ms,Thenar (R),R_The_ED_FD_FCR A,6,166.79904686287017,174.79904686287017,199.15885623544438,,,none,30.0,70,1,monophasic
Modulated_autosave_20260717_150657_684ms,Thenar (R),R_The_ED_FD_FCR A,7,200.15885623544438,208.15885623544438,232.51866560801858,,,none,30.0,70,1,monophasic
Modulated_autosave_20260717_150657_684ms,Thenar (R),R_The_ED_FD_FCR A,8,233.51866560801858,241.51866560801858,265.8784749801274,,,none,30.0,70,1,monophasic
Modulated_autosave_20260717_150657_684ms,Thenar (R),R_The_ED_FD_FCR A,9,266.8784749801274,274.8784749801274,299.2382843527016,,,none,30.0,70,1,monophasic
Modulated_autosave_20260717_150657_684ms,Thenar (R),R_The_ED_FD_FCR A,10,300.2382843527016,308.2382843527016,332.5980937252749,,,none,30.0,70,1,monophasic
Modulated_autosave_20260717_150657_684ms,Thenar (R),R_The_ED_FD_FCR A,1,0.7942811758256951,8.794281175825695,32.35980937257421,,,none,30.0,75,1,monophasic
Modulated_autosave_20260717_150657_684ms,Thenar (R),R_The_ED_FD_FCR A,2,33.35980937257421,41.35980937257421,65.71961874514842,,,none,30.0,75,1,monophasic
Modulated_autosave_20260717_150657_684ms,Thenar (R),R_The_ED_FD_FCR A,3,66.71961874514842,74.71961874514842,99.07942811772264,,,none,30.0,75,1,monophasic
Modulated_autosave_20260717_150657_684ms,Thenar (R),R_The_ED_FD_FCR A,4,100.07942811772264,108.07942811772264,132.43923749029685,,,none,30.0,75,1,monophasic
Modulated_autosave_20260717_150657_684ms,Thenar (R),R_The_ED_FD_FCR A,5,133.43923749029685,141.43923749029685,165.79904686287017,,,none,30.0,75,1,monophasic
Modulated_autosave_20260717_150657_684ms,Thenar (R),R_The_ED_FD_FCR A,6,166.79904686287017,174.79904686287017,199.15885623544438,,,none,30.0,75,1,monophasic
Modulated_autosave_20260717_150657_684ms,Thenar (R),R_The_ED_FD_FCR A,7,200.15885623544438,208.15885623544438,232.51866560801858,,,none,30.0,75,1,monophasic
Modulated_autosave_20260717_150657_684ms,Thenar (R),R_The_ED_FD_FCR A,8,233.51866560801858,241.51866560801858,265.8784749801274,,,none,30.0,75,1,monophasic
Modulated_autosave_20260717_150657_684ms,Thenar (R),R_The_ED_FD_FCR A,9,266.8784749801274,274.8784749801274,299.2382843527016,,,none,30.0,75,1,monophasic
Modulated_autosave_20260717_150657_684ms,Thenar (R),R_The_ED_FD_FCR A,10,300.2382843527016,308.2382843527016,332.5980937252749,,,none,30.0,75,1,monophasic
Modulated_autosave_20260717_150657_684ms,Thenar (R),R_The_ED_FD_FCR A,1,0.7942811758256951,8.794281175825695,32.35980937257421,,,none,30.0,80,1,monophasic
Modulated_autosave_20260717_150657_684ms,Thenar (R),R_The_ED_FD_FCR A,2,33.35980937257421,41.35980937257421,65.71961874514842,,,none,30.0,80,1,monophasic
Modulated_autosave_20260717_150657_684ms,Thenar (R),R_The_ED_FD_FCR A,3,66.71961874514842,74.71961874514842,99.07942811772264,,,none,30.0,80,1,monophasic
Modulated_autosave_20260717_150657_684ms,Thenar (R),R_The_ED_FD_FCR A,4,100.07942811772264,108.07942811772264,132.43923749029685,,,none,30.0,80,1,monophasic
Modulated_autosave_20260717_150657_684ms,Thenar (R),R_The_ED_FD_FCR A,5,133.43923749029685,141.43923749029685,165.79904686287017,,,none,30.0,80,1,monophasic
Modulated_autosave_20260717_150657_684ms,Thenar (R),R_The_ED_FD_FCR A,6,166.79904686287017,174.79904686287017,199.15885623544438,,,none,30.0,80,1,monophasic
Modulated_autosave_20260717_150657_684ms,Thenar (R),R_The_ED_FD_FCR A,7,200.15885623544438,208.15885623544438,232.51866560801858,,,none,30.0,80,1,monophasic
Modulated_autosave_20260717_150657_684ms,Thenar (R),R_The_ED_FD_FCR A,8,233.51866560801858,241.51866560801858,265.8784749801274,,,none,30.0,80,1,monophasic
Modulated_autosave_20260717_150657_684ms,Thenar (R),R_The_ED_FD_FCR A,9,266.8784749801274,274.8784749801274,299.2382843527016,,,none,30.0,80,1,monophasic
Modulated_autosave_20260717_150657_684ms,Thenar (R),R_The_ED_FD_FCR A,10,300.2382843527016,308.2382843527016,332.5980937252749,,,none,30.0,80,1,monophasic
Modulated_autosave_20260717_150657_684ms,Thenar (R),R_The_ED_FD_FCR A,1,0.7942811758256951,8.794281175825695,32.35980937257421,,,none,30.0,85,1,monophasic
Modulated_autosave_20260717_150657_684ms,Thenar (R),R_The_ED_FD_FCR A,2,33.35980937257421,41.35980937257421,65.71961874514842,,,none,30.0,85,1,monophasic
Modulated_autosave_20260717_150657_684ms,Thenar (R),R_The_ED_FD_FCR A,3,66.71961874514842,74.71961874514842,99.07942811772264,,,none,30.0,85,1,monophasic
Modulated_autosave_20260717_150657_684ms,Thenar (R),R_The_ED_FD_FCR A,4,100.07942811772264,108.07942811772264,132.43923749029685,,,none,30.0,85,1,monophasic
Modulated_autosave_20260717_150657_684ms,Thenar (R),R_The_ED_FD_FCR A,5,133.43923749029685,141.43923749029685,165.79904686287017,,,none,30.0,85,1,monophasic
Modulated_autosave_20260717_150657_684ms,Thenar (R),R_The_ED_FD_FCR A,6,166.79904686287017,174.79904686287017,199.15885623544438,,,none,30.0,85,1,monophasic
Modulated_autosave_20260717_150657_684ms,Thenar (R),R_The_ED_FD_FCR A,7,200.15885623544438,208.15885623544438,232.51866560801858,,,none,30.0,85,1,monophasic
Modulated_autosave_20260717_150657_684ms,Thenar (R),R_The_ED_FD_FCR A,8,233.51866560801858,241.51866560801858,265.8784749801274,,,none,30.0,85,1,monophasic
Modulated_autosave_20260717_150657_684ms,Thenar (R),R_The_ED_FD_FCR A,9,266.8784749801274,274.8784749801274,299.2382843527016,,,none,30.0,85,1,monophasic
Modulated_autosave_20260717_150657_684ms,Thenar (R),R_The_ED_FD_FCR A,10,300.2382843527016,308.2382843527016,332.5980937252749,,,none,30.0,85,1,monophasic
Modulated_autosave_20260717_150657_684ms,Thenar (R),R_The_ED_FD_FCR A,1,0.7942811758256951,8.794281175825695,32.35980937257421,,,none,30.0,90,1,monophasic
Modulated_autosave_20260717_150657_684ms,Thenar (R),R_The_ED_FD_FCR A,2,33.35980937257421,41.35980937257421,65.71961874514842,,,none,30.0,90,1,monophasic
Modulated_autosave_20260717_150657_684ms,Thenar (R),R_The_ED_FD_FCR A,3,66.71961874514842,74.71961874514842,99.07942811772264,,,none,30.0,90,1,monophasic
Modulated_autosave_20260717_150657_684ms,Thenar (R),R_The_ED_FD_FCR A,4,100.07942811772264,108.07942811772264,132.43923749029685,,,none,30.0,90,1,monophasic
Modulated_autosave_20260717_150657_684ms,Thenar (R),R_The_ED_FD_FCR A,5,133.43923749029685,141.43923749029685,165.79904686287017,,,none,30.0,90,1,monophasic
Modulated_autosave_20260717_150657_684ms,Thenar (R),R_The_ED_FD_FCR A,6,166.79904686287017,174.79904686287017,199.15885623544438,,,none,30.0,90,1,monophasic
Modulated_autosave_20260717_150657_684ms,Thenar (R),R_The_ED_FD_FCR A,7,200.15885623544438,208.15885623544438,232.51866560801858,,,none,30.0,90,1,monophasic
Modulated_autosave_20260717_150657_684ms,Thenar (R),R_The_ED_FD_FCR A,8,233.51866560801858,241.51866560801858,265.8784749801274,,,none,30.0,90,1,monophasic
Modulated_autosave_20260717_150657_684ms,Thenar (R),R_The_ED_FD_FCR A,9,266.8784749801274,274.8784749801274,299.2382843527016,,,none,30.0,90,1,monophasic
Modulated_autosave_20260717_150657_684ms,Thenar (R),R_The_ED_FD_FCR A,10,300.2382843527016,308.2382843527016,332.5980937252749,,,none,30.0,90,1,monophasic
Modulated_autosave_20260717_150657_684ms,Thenar (R),R_The_ED_FD_FCR A,1,0.7942811758256951,8.794281175825695,32.35980937257421,,,none,30.0,95,1,monophasic
Modulated_autosave_20260717_150657_684ms,Thenar (R),R_The_ED_FD_FCR A,2,33.35980937257421,41.35980937257421,65.71961874514842,,,none,30.0,95,1,monophasic
Modulated_autosave_20260717_150657_684ms,Thenar (R),R_The_ED_FD_FCR A,3,66.71961874514842,74.71961874514842,99.07942811772264,,,none,30.0,95,1,monophasic
Modulated_autosave_20260717_150657_684ms,Thenar (R),R_The_ED_FD_FCR A,4,100.07942811772264,108.07942811772264,132.43923749029685,,,none,30.0,95,1,monophasic
Modulated_autosave_20260717_150657_684ms,Thenar (R),R_The_ED_FD_FCR A,5,133.43923749029685,141.43923749029685,165.79904686287017,,,none,30.0,95,1,monophasic
Modulated_autosave_20260717_150657_684ms,Thenar (R),R_The_ED_FD_FCR A,6,166.79904686287017,174.79904686287017,199.15885623544438,,,none,30.0,95,1,monophasic
Modulated_autosave_20260717_150657_684ms,Thenar (R),R_The_ED_FD_FCR A,7,200.15885623544438,208.15885623544438,232.51866560801858,,,none,30.0,95,1,monophasic
Modulated_autosave_20260717_150657_684ms,Thenar (R),R_The_ED_FD_FCR A,8,233.51866560801858,241.51866560801858,265.8784749801274,,,none,30.0,95,1,monophasic
Modulated_autosave_20260717_150657_684ms,Thenar (R),R_The_ED_FD_FCR A,9,266.8784749801274,274.8784749801274,299.2382843527016,,,none,30.0,95,1,monophasic
Modulated_autosave_20260717_150657_684ms,Thenar (R),R_The_ED_FD_FCR A,10,300.2382843527016,308.2382843527016,332.5980937252749,,,none,30.0,95,1,monophasic
Modulated_autosave_20260717_150657_684ms,Thenar (R),R_The_ED_FD_FCR A,1,0.7942811758256951,8.794281175825695,32.35980937257421,,,none,30.0,100,1,monophasic
Modulated_autosave_20260717_150657_684ms,Thenar (R),R_The_ED_FD_FCR A,2,33.35980937257421,41.35980937257421,65.71961874514842,,,none,30.0,100,1,monophasic
Modulated_autosave_20260717_150657_684ms,Thenar (R),R_The_ED_FD_FCR A,3,66.71961874514842,74.71961874514842,99.07942811772264,,,none,30.0,100,1,monophasic
Modulated_autosave_20260717_150657_684ms,Thenar (R),R_The_ED_FD_FCR A,4,100.07942811772264,108.07942811772264,132.43923749029685,,,none,30.0,100,1,monophasic
Modulated_autosave_20260717_150657_684ms,Thenar (R),R_The_ED_FD_FCR A,5,133.43923749029685,141.43923749029685,165.79904686287017,,,none,30.0,100,1,monophasic
Modulated_autosave_20260717_150657_684ms,Thenar (R),R_The_ED_FD_FCR A,6,166.79904686287017,174.79904686287017,199.15885623544438,,,none,30.0,100,1,monophasic
Modulated_autosave_20260717_150657_684ms,Thenar (R),R_The_ED_FD_FCR A,7,200.15885623544438,208.15885623544438,232.51866560801858,,,none,30.0,100,1,monophasic
Modulated_autosave_20260717_150657_684ms,Thenar (R),R_The_ED_FD_FCR A,8,233.51866560801858,241.51866560801858,265.8784749801274,,,none,30.0,100,1,monophasic
Modulated_autosave_20260717_150657_684ms,Thenar (R),R_The_ED_FD_FCR A,9,266.8784749801274,274.8784749801274,299.2382843527016,,,none,30.0,100,1,monophasic
Modulated_autosave_20260717_150657_684ms,Thenar (R),R_The_ED_FD_FCR A,10,300.2382843527016,308.2382843527016,332.5980937252749,,,none,30.0,100,1,monophasic
Modulated_autosave_20260717_150657_684ms,Thenar (R),R_The_ED_FD_FCR A,1,0.7942811758256951,8.794281175825695,32.35980937257421,,,none,30.0,105,1,monophasic
Modulated_autosave_20260717_150657_684ms,Thenar (R),R_The_ED_FD_FCR A,2,33.35980937257421,41.35980937257421,65.71961874514842,,,none,30.0,105,1,monophasic
Modulated_autosave_20260717_150657_684ms,Thenar (R),R_The_ED_FD_FCR A,3,66.71961874514842,74.71961874514842,99.07942811772264,,,none,30.0,105,1,monophasic
Modulated_autosave_20260717_150657_684ms,Thenar (R),R_The_ED_FD_FCR A,4,100.07942811772264,108.07942811772264,132.43923749029685,,,none,30.0,105,1,monophasic
Modulated_autosave_20260717_150657_684ms,Thenar (R),R_The_ED_FD_FCR A,5,133.43923749029685,141.43923749029685,165.79904686287017,,,none,30.0,105,1,monophasic
Modulated_autosave_20260717_150657_684ms,Thenar (R),R_The_ED_FD_FCR A,6,166.79904686287017,174.79904686287017,199.15885623544438,,,none,30.0,105,1,monophasic
Modulated_autosave_20260717_150657_684ms,Thenar (R),R_The_ED_FD_FCR A,7,200.15885623544438,208.15885623544438,232.51866560801858,,,none,30.0,105,1,monophasic
Modulated_autosave_20260717_150657_684ms,Thenar (R),R_The_ED_FD_FCR A,8,233.51866560801858,241.51866560801858,265.8784749801274,,,none,30.0,105,1,monophasic
Modulated_autosave_20260717_150657_684ms,Thenar (R),R_The_ED_FD_FCR A,9,266.8784749801274,274.8784749801274,299.2382843527016,,,none,30.0,105,1,monophasic
Modulated_autosave_20260717_150657_684ms,Thenar (R),R_The_ED_FD_FCR A,10,300.2382843527016,308.2382843527016,332.5980937252749,,,none,30.0,105,1,monophasic
Modulated_autosave_20260717_150657_684ms,Thenar (R),R_The_ED_FD_FCR A,1,0.7942811758256951,8.794281175825695,32.35980937257421,0.09768825769424438,0.09768825769424438,none,30.0,110,1,monophasic
Modulated_autosave_20260717_150657_684ms,Thenar (R),R_The_ED_FD_FCR A,2,33.35980937257421,41.35980937257421,65.71961874514842,0.01829556655138731,0.01829556655138731,none,30.0,110,1,monophasic
Modulated_autosave_20260717_150657_684ms,Thenar (R),R_The_ED_FD_FCR A,3,66.71961874514842,74.71961874514842,99.07942811772264,0.09365987777709961,0.09365987777709961,none,30.0,110,1,monophasic
Modulated_autosave_20260717_150657_684ms,Thenar (R),R_The_ED_FD_FCR A,4,100.07942811772264,108.07942811772264,132.43923749029685,0.0785534419119358,0.0785534419119358,none,30.0,110,1,monophasic
Modulated_autosave_20260717_150657_684ms,Thenar (R),R_The_ED_FD_FCR A,5,133.43923749029685,141.43923749029685,165.79904686287017,0.09265278279781342,0.09265278279781342,none,30.0,110,1,monophasic
Modulated_autosave_20260717_150657_684ms,Thenar (R),R_The_ED_FD_FCR A,6,166.79904686287017,174.79904686287017,199.15885623544438,0.01443503494374454,0.01443503494374454,none,30.0,110,1,monophasic
Modulated_autosave_20260717_150657_684ms,Thenar (R),R_The_ED_FD_FCR A,7,200.15885623544438,208.15885623544438,232.51866560801858,0.07553215697407722,0.07553215697407722,none,30.0,110,1,monophasic
Modulated_autosave_20260717_150657_684ms,Thenar (R),R_The_ED_FD_FCR A,8,233.51866560801858,241.51866560801858,265.8784749801274,0.08929579704999924,0.08929579704999924,none,30.0,110,1,monophasic
Modulated_autosave_20260717_150657_684ms,Thenar (R),R_The_ED_FD_FCR A,9,266.8784749801274,274.8784749801274,299.2382843527016,0.034912641160190105,0.034912641160190105,none,30.0,110,1,monophasic
Modulated_autosave_20260717_150657_684ms,Thenar (R),R_The_ED_FD_FCR A,10,300.2382843527016,308.2382843527016,332.5980937252749,0.011413748608902097,0.011413748608902097,none,30.0,110,1,monophasic
Modulated_autosave_20260717_150657_684ms,Ext. digitorum (R),R_The_ED_FD_FCR B,1,0.7942811758256951,8.794281175825695,32.35980937257421,,,none,30.0,15,1,monophasic
Modulated_autosave_20260717_150657_684ms,Ext. digitorum (R),R_The_ED_FD_FCR B,2,33.35980937257421,41.35980937257421,65.71961874514842,,,none,30.0,15,1,monophasic
Modulated_autosave_20260717_150657_684ms,Ext. digitorum (R),R_The_ED_FD_FCR B,3,66.71961874514842,74.71961874514842,99.07942811772264,,,none,30.0,15,1,monophasic
Modulated_autosave_20260717_150657_684ms,Ext. digitorum (R),R_The_ED_FD_FCR B,4,100.07942811772264,108.07942811772264,132.43923749029685,,,none,30.0,15,1,monophasic
Modulated_autosave_20260717_150657_684ms,Ext. digitorum (R),R_The_ED_FD_FCR B,5,133.43923749029685,141.43923749029685,165.79904686287017,,,none,30.0,15,1,monophasic
Modulated_autosave_20260717_150657_684ms,Ext. digitorum (R),R_The_ED_FD_FCR B,6,166.79904686287017,174.79904686287017,199.15885623544438,,,none,30.0,15,1,monophasic
Modulated_autosave_20260717_150657_684ms,Ext. digitorum (R),R_The_ED_FD_FCR B,7,200.15885623544438,208.15885623544438,232.51866560801858,,,none,30.0,15,1,monophasic
Modulated_autosave_20260717_150657_684ms,Ext. digitorum (R),R_The_ED_FD_FCR B,8,233.51866560801858,241.51866560801858,265.8784749801274,,,none,30.0,15,1,monophasic
Modulated_autosave_20260717_150657_684ms,Ext. digitorum (R),R_The_ED_FD_FCR B,9,266.8784749801274,274.8784749801274,299.2382843527016,,,none,30.0,15,1,monophasic
Modulated_autosave_20260717_150657_684ms,Ext. digitorum (R),R_The_ED_FD_FCR B,10,300.2382843527016,308.2382843527016,332.5980937252749,,,none,30.0,15,1,monophasic
Modulated_autosave_20260717_150657_684ms,Ext. digitorum (R),R_The_ED_FD_FCR B,1,0.7942811758256951,8.794281175825695,32.35980937257421,,,none,30.0,20,1,monophasic
Modulated_autosave_20260717_150657_684ms,Ext. digitorum (R),R_The_ED_FD_FCR B,2,33.35980937257421,41.35980937257421,65.71961874514842,,,none,30.0,20,1,monophasic
Modulated_autosave_20260717_150657_684ms,Ext. digitorum (R),R_The_ED_FD_FCR B,3,66.71961874514842,74.71961874514842,99.07942811772264,,,none,30.0,20,1,monophasic
Modulated_autosave_20260717_150657_684ms,Ext. digitorum (R),R_The_ED_FD_FCR B,4,100.07942811772264,108.07942811772264,132.43923749029685,,,none,30.0,20,1,monophasic
Modulated_autosave_20260717_150657_684ms,Ext. digitorum (R),R_The_ED_FD_FCR B,5,133.43923749029685,141.43923749029685,165.79904686287017,,,none,30.0,20,1,monophasic
Modulated_autosave_20260717_150657_684ms,Ext. digitorum (R),R_The_ED_FD_FCR B,6,166.79904686287017,174.79904686287017,199.15885623544438,,,none,30.0,20,1,monophasic
Modulated_autosave_20260717_150657_684ms,Ext. digitorum (R),R_The_ED_FD_FCR B,7,200.15885623544438,208.15885623544438,232.51866560801858,,,none,30.0,20,1,monophasic
Modulated_autosave_20260717_150657_684ms,Ext. digitorum (R),R_The_ED_FD_FCR B,8,233.51866560801858,241.51866560801858,265.8784749801274,,,none,30.0,20,1,monophasic
Modulated_autosave_20260717_150657_684ms,Ext. digitorum (R),R_The_ED_FD_FCR B,9,266.8784749801274,274.8784749801274,299.2382843527016,,,none,30.0,20,1,monophasic
Modulated_autosave_20260717_150657_684ms,Ext. digitorum (R),R_The_ED_FD_FCR B,10,300.2382843527016,308.2382843527016,332.5980937252749,,,none,30.0,20,1,monophasic
Modulated_autosave_20260717_150657_684ms,Ext. digitorum (R),R_The_ED_FD_FCR B,1,0.7942811758256951,8.794281175825695,32.35980937257421,,,none,30.0,25,1,monophasic
Modulated_autosave_20260717_150657_684ms,Ext. digitorum (R),R_The_ED_FD_FCR B,2,33.35980937257421,41.35980937257421,65.71961874514842,,,none,30.0,25,1,monophasic
Modulated_autosave_20260717_150657_684ms,Ext. digitorum (R),R_The_ED_FD_FCR B,3,66.71961874514842,74.71961874514842,99.07942811772264,,,none,30.0,25,1,monophasic
Modulated_autosave_20260717_150657_684ms,Ext. digitorum (R),R_The_ED_FD_FCR B,4,100.07942811772264,108.07942811772264,132.43923749029685,,,none,30.0,25,1,monophasic
Modulated_autosave_20260717_150657_684ms,Ext. digitorum (R),R_The_ED_FD_FCR B,5,133.43923749029685,141.43923749029685,165.79904686287017,,,none,30.0,25,1,monophasic
Modulated_autosave_20260717_150657_684ms,Ext. digitorum (R),R_The_ED_FD_FCR B,6,166.79904686287017,174.79904686287017,199.15885623544438,,,none,30.0,25,1,monophasic
Modulated_autosave_20260717_150657_684ms,Ext. digitorum (R),R_The_ED_FD_FCR B,7,200.15885623544438,208.15885623544438,232.51866560801858,,,none,30.0,25,1,monophasic
Modulated_autosave_20260717_150657_684ms,Ext. digitorum (R),R_The_ED_FD_FCR B,8,233.51866560801858,241.51866560801858,265.8784749801274,,,none,30.0,25,1,monophasic
Modulated_autosave_20260717_150657_684ms,Ext. digitorum (R),R_The_ED_FD_FCR B,9,266.8784749801274,274.8784749801274,299.2382843527016,,,none,30.0,25,1,monophasic
Modulated_autosave_20260717_150657_684ms,Ext. digitorum (R),R_The_ED_FD_FCR B,10,300.2382843527016,308.2382843527016,332.5980937252749,,,none,30.0,25,1,monophasic
Modulated_autosave_20260717_150657_684ms,Ext. digitorum (R),R_The_ED_FD_FCR B,1,0.7942811758256951,8.794281175825695,32.35980937257421,,,none,30.0,30,1,monophasic
Modulated_autosave_20260717_150657_684ms,Ext. digitorum (R),R_The_ED_FD_FCR B,2,33.35980937257421,41.35980937257421,65.71961874514842,,,none,30.0,30,1,monophasic
Modulated_autosave_20260717_150657_684ms,Ext. digitorum (R),R_The_ED_FD_FCR B,3,66.71961874514842,74.71961874514842,99.07942811772264,,,none,30.0,30,1,monophasic
Modulated_autosave_20260717_150657_684ms,Ext. digitorum (R),R_The_ED_FD_FCR B,4,100.07942811772264,108.07942811772264,132.43923749029685,,,none,30.0,30,1,monophasic
Modulated_autosave_20260717_150657_684ms,Ext. digitorum (R),R_The_ED_FD_FCR B,5,133.43923749029685,141.43923749029685,165.79904686287017,,,none,30.0,30,1,monophasic
Modulated_autosave_20260717_150657_684ms,Ext. digitorum (R),R_The_ED_FD_FCR B,6,166.79904686287017,174.79904686287017,199.15885623544438,,,none,30.0,30,1,monophasic
Modulated_autosave_20260717_150657_684ms,Ext. digitorum (R),R_The_ED_FD_FCR B,7,200.15885623544438,208.15885623544438,232.51866560801858,,,none,30.0,30,1,monophasic
Modulated_autosave_20260717_150657_684ms,Ext. digitorum (R),R_The_ED_FD_FCR B,8,233.51866560801858,241.51866560801858,265.8784749801274,,,none,30.0,30,1,monophasic
Modulated_autosave_20260717_150657_684ms,Ext. digitorum (R),R_The_ED_FD_FCR B,9,266.8784749801274,274.8784749801274,299.2382843527016,,,none,30.0,30,1,monophasic
Modulated_autosave_20260717_150657_684ms,Ext. digitorum (R),R_The_ED_FD_FCR B,10,300.2382843527016,308.2382843527016,332.5980937252749,,,none,30.0,30,1,monophasic
Modulated_autosave_20260717_150657_684ms,Ext. digitorum (R),R_The_ED_FD_FCR B,1,0.7942811758256951,8.794281175825695,32.35980937257421,,,none,30.0,35,1,monophasic
Modulated_autosave_20260717_150657_684ms,Ext. digitorum (R),R_The_ED_FD_FCR B,2,33.35980937257421,41.35980937257421,65.71961874514842,,,none,30.0,35,1,monophasic
Modulated_autosave_20260717_150657_684ms,Ext. digitorum (R),R_The_ED_FD_FCR B,3,66.71961874514842,74.71961874514842,99.07942811772264,,,none,30.0,35,1,monophasic
Modulated_autosave_20260717_150657_684ms,Ext. digitorum (R),R_The_ED_FD_FCR B,4,100.07942811772264,108.07942811772264,132.43923749029685,,,none,30.0,35,1,monophasic
Modulated_autosave_20260717_150657_684ms,Ext. digitorum (R),R_The_ED_FD_FCR B,5,133.43923749029685,141.43923749029685,165.79904686287017,,,none,30.0,35,1,monophasic
Modulated_autosave_20260717_150657_684ms,Ext. digitorum (R),R_The_ED_FD_FCR B,6,166.79904686287017,174.79904686287017,199.15885623544438,,,none,30.0,35,1,monophasic
Modulated_autosave_20260717_150657_684ms,Ext. digitorum (R),R_The_ED_FD_FCR B,7,200.15885623544438,208.15885623544438,232.51866560801858,,,none,30.0,35,1,monophasic
Modulated_autosave_20260717_150657_684ms,Ext. digitorum (R),R_The_ED_FD_FCR B,8,233.51866560801858,241.51866560801858,265.8784749801274,,,none,30.0,35,1,monophasic
Modulated_autosave_20260717_150657_684ms,Ext. digitorum (R),R_The_ED_FD_FCR B,9,266.8784749801274,274.8784749801274,299.2382843527016,,,none,30.0,35,1,monophasic
Modulated_autosave_20260717_150657_684ms,Ext. digitorum (R),R_The_ED_FD_FCR B,10,300.2382843527016,308.2382843527016,332.5980937252749,,,none,30.0,35,1,monophasic
Modulated_autosave_20260717_150657_684ms,Ext. digitorum (R),R_The_ED_FD_FCR B,1,0.7942811758256951,8.794281175825695,32.35980937257421,,,none,30.0,40,1,monophasic
Modulated_autosave_20260717_150657_684ms,Ext. digitorum (R),R_The_ED_FD_FCR B,2,33.35980937257421,41.35980937257421,65.71961874514842,,,none,30.0,40,1,monophasic
Modulated_autosave_20260717_150657_684ms,Ext. digitorum (R),R_The_ED_FD_FCR B,3,66.71961874514842,74.71961874514842,99.07942811772264,,,none,30.0,40,1,monophasic
Modulated_autosave_20260717_150657_684ms,Ext. digitorum (R),R_The_ED_FD_FCR B,4,100.07942811772264,108.07942811772264,132.43923749029685,,,none,30.0,40,1,monophasic
Modulated_autosave_20260717_150657_684ms,Ext. digitorum (R),R_The_ED_FD_FCR B,5,133.43923749029685,141.43923749029685,165.79904686287017,,,none,30.0,40,1,monophasic
Modulated_autosave_20260717_150657_684ms,Ext. digitorum (R),R_The_ED_FD_FCR B,6,166.79904686287017,174.79904686287017,199.15885623544438,,,none,30.0,40,1,monophasic
Modulated_autosave_20260717_150657_684ms,Ext. digitorum (R),R_The_ED_FD_FCR B,7,200.15885623544438,208.15885623544438,232.51866560801858,,,none,30.0,40,1,monophasic
Modulated_autosave_20260717_150657_684ms,Ext. digitorum (R),R_The_ED_FD_FCR B,8,233.51866560801858,241.51866560801858,265.8784749801274,,,none,30.0,40,1,monophasic
Modulated_autosave_20260717_150657_684ms,Ext. digitorum (R),R_The_ED_FD_FCR B,9,266.8784749801274,274.8784749801274,299.2382843527016,,,none,30.0,40,1,monophasic
Modulated_autosave_20260717_150657_684ms,Ext. digitorum (R),R_The_ED_FD_FCR B,10,300.2382843527016,308.2382843527016,332.5980937252749,,,none,30.0,40,1,monophasic
Modulated_autosave_20260717_150657_684ms,Ext. digitorum (R),R_The_ED_FD_FCR B,1,0.7942811758256951,8.794281175825695,32.35980937257421,,,none,30.0,45,1,monophasic
Modulated_autosave_20260717_150657_684ms,Ext. digitorum (R),R_The_ED_FD_FCR B,2,33.35980937257421,41.35980937257421,65.71961874514842,,,none,30.0,45,1,monophasic
Modulated_autosave_20260717_150657_684ms,Ext. digitorum (R),R_The_ED_FD_FCR B,3,66.71961874514842,74.71961874514842,99.07942811772264,,,none,30.0,45,1,monophasic
Modulated_autosave_20260717_150657_684ms,Ext. digitorum (R),R_The_ED_FD_FCR B,4,100.07942811772264,108.07942811772264,132.43923749029685,,,none,30.0,45,1,monophasic
Modulated_autosave_20260717_150657_684ms,Ext. digitorum (R),R_The_ED_FD_FCR B,5,133.43923749029685,141.43923749029685,165.79904686287017,,,none,30.0,45,1,monophasic
Modulated_autosave_20260717_150657_684ms,Ext. digitorum (R),R_The_ED_FD_FCR B,6,166.79904686287017,174.79904686287017,199.15885623544438,,,none,30.0,45,1,monophasic
Modulated_autosave_20260717_150657_684ms,Ext. digitorum (R),R_The_ED_FD_FCR B,7,200.15885623544438,208.15885623544438,232.51866560801858,,,none,30.0,45,1,monophasic
Modulated_autosave_20260717_150657_684ms,Ext. digitorum (R),R_The_ED_FD_FCR B,8,233.51866560801858,241.51866560801858,265.8784749801274,,,none,30.0,45,1,monophasic
Modulated_autosave_20260717_150657_684ms,Ext. digitorum (R),R_The_ED_FD_FCR B,9,266.8784749801274,274.8784749801274,299.2382843527016,,,none,30.0,45,1,monophasic
Modulated_autosave_20260717_150657_684ms,Ext. digitorum (R),R_The_ED_FD_FCR B,10,300.2382843527016,308.2382843527016,332.5980937252749,,,none,30.0,45,1,monophasic
Modulated_autosave_20260717_150657_684ms,Ext. digitorum (R),R_The_ED_FD_FCR B,1,0.7942811758256951,8.794281175825695,32.35980937257421,,,none,30.0,50,1,monophasic
Modulated_autosave_20260717_150657_684ms,Ext. digitorum (R),R_The_ED_FD_FCR B,2,33.35980937257421,41.35980937257421,65.71961874514842,,,none,30.0,50,1,monophasic
Modulated_autosave_20260717_150657_684ms,Ext. digitorum (R),R_The_ED_FD_FCR B,3,66.71961874514842,74.71961874514842,99.07942811772264,,,none,30.0,50,1,monophasic
Modulated_autosave_20260717_150657_684ms,Ext. digitorum (R),R_The_ED_FD_FCR B,4,100.07942811772264,108.07942811772264,132.43923749029685,,,none,30.0,50,1,monophasic
Modulated_autosave_20260717_150657_684ms,Ext. digitorum (R),R_The_ED_FD_FCR B,5,133.43923749029685,141.43923749029685,165.79904686287017,,,none,30.0,50,1,monophasic
Modulated_autosave_20260717_150657_684ms,Ext. digitorum (R),R_The_ED_FD_FCR B,6,166.79904686287017,174.79904686287017,199.15885623544438,,,none,30.0,50,1,monophasic
Modulated_autosave_20260717_150657_684ms,Ext. digitorum (R),R_The_ED_FD_FCR B,7,200.15885623544438,208.15885623544438,232.51866560801858,,,none,30.0,50,1,monophasic
Modulated_autosave_20260717_150657_684ms,Ext. digitorum (R),R_The_ED_FD_FCR B,8,233.51866560801858,241.51866560801858,265.8784749801274,,,none,30.0,50,1,monophasic
Modulated_autosave_20260717_150657_684ms,Ext. digitorum (R),R_The_ED_FD_FCR B,9,266.8784749801274,274.8784749801274,299.2382843527016,,,none,30.0,50,1,monophasic
Modulated_autosave_20260717_150657_684ms,Ext. digitorum (R),R_The_ED_FD_FCR B,10,300.2382843527016,308.2382843527016,332.5980937252749,,,none,30.0,50,1,monophasic
Modulated_autosave_20260717_150657_684ms,Ext. digitorum (R),R_The_ED_FD_FCR B,1,0.7942811758256951,8.794281175825695,32.35980937257421,,,none,30.0,55,1,monophasic
Modulated_autosave_20260717_150657_684ms,Ext. digitorum (R),R_The_ED_FD_FCR B,2,33.35980937257421,41.35980937257421,65.71961874514842,,,none,30.0,55,1,monophasic
Modulated_autosave_20260717_150657_684ms,Ext. digitorum (R),R_The_ED_FD_FCR B,3,66.71961874514842,74.71961874514842,99.07942811772264,,,none,30.0,55,1,monophasic
Modulated_autosave_20260717_150657_684ms,Ext. digitorum (R),R_The_ED_FD_FCR B,4,100.07942811772264,108.07942811772264,132.43923749029685,,,none,30.0,55,1,monophasic
Modulated_autosave_20260717_150657_684ms,Ext. digitorum (R),R_The_ED_FD_FCR B,5,133.43923749029685,141.43923749029685,165.79904686287017,,,none,30.0,55,1,monophasic
Modulated_autosave_20260717_150657_684ms,Ext. digitorum (R),R_The_ED_FD_FCR B,6,166.79904686287017,174.79904686287017,199.15885623544438,,,none,30.0,55,1,monophasic
Modulated_autosave_20260717_150657_684ms,Ext. digitorum (R),R_The_ED_FD_FCR B,7,200.15885623544438,208.15885623544438,232.51866560801858,,,none,30.0,55,1,monophasic
Modulated_autosave_20260717_150657_684ms,Ext. digitorum (R),R_The_ED_FD_FCR B,8,233.51866560801858,241.51866560801858,265.8784749801274,,,none,30.0,55,1,monophasic
Modulated_autosave_20260717_150657_684ms,Ext. digitorum (R),R_The_ED_FD_FCR B,9,266.8784749801274,274.8784749801274,299.2382843527016,,,none,30.0,55,1,monophasic
Modulated_autosave_20260717_150657_684ms,Ext. digitorum (R),R_The_ED_FD_FCR B,10,300.2382843527016,308.2382843527016,332.5980937252749,,,none,30.0,55,1,monophasic
Modulated_autosave_20260717_150657_684ms,Ext. digitorum (R),R_The_ED_FD_FCR B,1,0.7942811758256951,8.794281175825695,32.35980937257421,,,none,30.0,60,1,monophasic
Modulated_autosave_20260717_150657_684ms,Ext. digitorum (R),R_The_ED_FD_FCR B,2,33.35980937257421,41.35980937257421,65.71961874514842,,,none,30.0,60,1,monophasic
Modulated_autosave_20260717_150657_684ms,Ext. digitorum (R),R_The_ED_FD_FCR B,3,66.71961874514842,74.71961874514842,99.07942811772264,,,none,30.0,60,1,monophasic
Modulated_autosave_20260717_150657_684ms,Ext. digitorum (R),R_The_ED_FD_FCR B,4,100.07942811772264,108.07942811772264,132.43923749029685,,,none,30.0,60,1,monophasic
Modulated_autosave_20260717_150657_684ms,Ext. digitorum (R),R_The_ED_FD_FCR B,5,133.43923749029685,141.43923749029685,165.79904686287017,,,none,30.0,60,1,monophasic
Modulated_autosave_20260717_150657_684ms,Ext. digitorum (R),R_The_ED_FD_FCR B,6,166.79904686287017,174.79904686287017,199.15885623544438,,,none,30.0,60,1,monophasic
Modulated_autosave_20260717_150657_684ms,Ext. digitorum (R),R_The_ED_FD_FCR B,7,200.15885623544438,208.15885623544438,232.51866560801858,,,none,30.0,60,1,monophasic
Modulated_autosave_20260717_150657_684ms,Ext. digitorum (R),R_The_ED_FD_FCR B,8,233.51866560801858,241.51866560801858,265.8784749801274,,,none,30.0,60,1,monophasic
Modulated_autosave_20260717_150657_684ms,Ext. digitorum (R),R_The_ED_FD_FCR B,9,266.8784749801274,274.8784749801274,299.2382843527016,,,none,30.0,60,1,monophasic
Modulated_autosave_20260717_150657_684ms,Ext. digitorum (R),R_The_ED_FD_FCR B,10,300.2382843527016,308.2382843527016,332.5980937252749,,,none,30.0,60,1,monophasic
Modulated_autosave_20260717_150657_684ms,Ext. digitorum (R),R_The_ED_FD_FCR B,1,0.7942811758256951,8.794281175825695,32.35980937257421,,,none,30.0,65,1,monophasic
Modulated_autosave_20260717_150657_684ms,Ext. digitorum (R),R_The_ED_FD_FCR B,2,33.35980937257421,41.35980937257421,65.71961874514842,,,none,30.0,65,1,monophasic
Modulated_autosave_20260717_150657_684ms,Ext. digitorum (R),R_The_ED_FD_FCR B,3,66.71961874514842,74.71961874514842,99.07942811772264,,,none,30.0,65,1,monophasic
Modulated_autosave_20260717_150657_684ms,Ext. digitorum (R),R_The_ED_FD_FCR B,4,100.07942811772264,108.07942811772264,132.43923749029685,,,none,30.0,65,1,monophasic
Modulated_autosave_20260717_150657_684ms,Ext. digitorum (R),R_The_ED_FD_FCR B,5,133.43923749029685,141.43923749029685,165.79904686287017,,,none,30.0,65,1,monophasic
Modulated_autosave_20260717_150657_684ms,Ext. digitorum (R),R_The_ED_FD_FCR B,6,166.79904686287017,174.79904686287017,199.15885623544438,,,none,30.0,65,1,monophasic
Modulated_autosave_20260717_150657_684ms,Ext. digitorum (R),R_The_ED_FD_FCR B,7,200.15885623544438,208.15885623544438,232.51866560801858,,,none,30.0,65,1,monophasic
Modulated_autosave_20260717_150657_684ms,Ext. digitorum (R),R_The_ED_FD_FCR B,8,233.51866560801858,241.51866560801858,265.8784749801274,,,none,30.0,65,1,monophasic
Modulated_autosave_20260717_150657_684ms,Ext. digitorum (R),R_The_ED_FD_FCR B,9,266.8784749801274,274.8784749801274,299.2382843527016,,,none,30.0,65,1,monophasic
Modulated_autosave_20260717_150657_684ms,Ext. digitorum (R),R_The_ED_FD_FCR B,10,300.2382843527016,308.2382843527016,332.5980937252749,,,none,30.0,65,1,monophasic
Modulated_autosave_20260717_150657_684ms,Ext. digitorum (R),R_The_ED_FD_FCR B,1,0.7942811758256951,8.794281175825695,32.35980937257421,,,none,30.0,70,1,monophasic
Modulated_autosave_20260717_150657_684ms,Ext. digitorum (R),R_The_ED_FD_FCR B,2,33.35980937257421,41.35980937257421,65.71961874514842,,,none,30.0,70,1,monophasic
Modulated_autosave_20260717_150657_684ms,Ext. digitorum (R),R_The_ED_FD_FCR B,3,66.71961874514842,74.71961874514842,99.07942811772264,,,none,30.0,70,1,monophasic
Modulated_autosave_20260717_150657_684ms,Ext. digitorum (R),R_The_ED_FD_FCR B,4,100.07942811772264,108.07942811772264,132.43923749029685,,,none,30.0,70,1,monophasic
Modulated_autosave_20260717_150657_684ms,Ext. digitorum (R),R_The_ED_FD_FCR B,5,133.43923749029685,141.43923749029685,165.79904686287017,,,none,30.0,70,1,monophasic
Modulated_autosave_20260717_150657_684ms,Ext. digitorum (R),R_The_ED_FD_FCR B,6,166.79904686287017,174.79904686287017,199.15885623544438,,,none,30.0,70,1,monophasic
Modulated_autosave_20260717_150657_684ms,Ext. digitorum (R),R_The_ED_FD_FCR B,7,200.15885623544438,208.15885623544438,232.51866560801858,,,none,30.0,70,1,monophasic
Modulated_autosave_20260717_150657_684ms,Ext. digitorum (R),R_The_ED_FD_FCR B,8,233.51866560801858,241.51866560801858,265.8784749801274,,,none,30.0,70,1,monophasic
Modulated_autosave_20260717_150657_684ms,Ext. digitorum (R),R_The_ED_FD_FCR B,9,266.8784749801274,274.8784749801274,299.2382843527016,,,none,30.0,70,1,monophasic
Modulated_autosave_20260717_150657_684ms,Ext. digitorum (R),R_The_ED_FD_FCR B,10,300.2382843527016,308.2382843527016,332.5980937252749,,,none,30.0,70,1,monophasic
Modulated_autosave_20260717_150657_684ms,Ext. digitorum (R),R_The_ED_FD_FCR B,1,0.7942811758256951,8.794281175825695,32.35980937257421,,,none,30.0,75,1,monophasic
Modulated_autosave_20260717_150657_684ms,Ext. digitorum (R),R_The_ED_FD_FCR B,2,33.35980937257421,41.35980937257421,65.71961874514842,,,none,30.0,75,1,monophasic
Modulated_autosave_20260717_150657_684ms,Ext. digitorum (R),R_The_ED_FD_FCR B,3,66.71961874514842,74.71961874514842,99.07942811772264,,,none,30.0,75,1,monophasic
Modulated_autosave_20260717_150657_684ms,Ext. digitorum (R),R_The_ED_FD_FCR B,4,100.07942811772264,108.07942811772264,132.43923749029685,,,none,30.0,75,1,monophasic
Modulated_autosave_20260717_150657_684ms,Ext. digitorum (R),R_The_ED_FD_FCR B,5,133.43923749029685,141.43923749029685,165.79904686287017,,,none,30.0,75,1,monophasic
Modulated_autosave_20260717_150657_684ms,Ext. digitorum (R),R_The_ED_FD_FCR B,6,166.79904686287017,174.79904686287017,199.15885623544438,,,none,30.0,75,1,monophasic
Modulated_autosave_20260717_150657_684ms,Ext. digitorum (R),R_The_ED_FD_FCR B,7,200.15885623544438,208.15885623544438,232.51866560801858,,,none,30.0,75,1,monophasic
Modulated_autosave_20260717_150657_684ms,Ext. digitorum (R),R_The_ED_FD_FCR B,8,233.51866560801858,241.51866560801858,265.8784749801274,,,none,30.0,75,1,monophasic
Modulated_autosave_20260717_150657_684ms,Ext. digitorum (R),R_The_ED_FD_FCR B,9,266.8784749801274,274.8784749801274,299.2382843527016,,,none,30.0,75,1,monophasic
Modulated_autosave_20260717_150657_684ms,Ext. digitorum (R),R_The_ED_FD_FCR B,10,300.2382843527016,308.2382843527016,332.5980937252749,,,none,30.0,75,1,monophasic
Modulated_autosave_20260717_150657_684ms,Ext. digitorum (R),R_The_ED_FD_FCR B,1,0.7942811758256951,8.794281175825695,32.35980937257421,,,none,30.0,80,1,monophasic
Modulated_autosave_20260717_150657_684ms,Ext. digitorum (R),R_The_ED_FD_FCR B,2,33.35980937257421,41.35980937257421,65.71961874514842,,,none,30.0,80,1,monophasic
Modulated_autosave_20260717_150657_684ms,Ext. digitorum (R),R_The_ED_FD_FCR B,3,66.71961874514842,74.71961874514842,99.07942811772264,,,none,30.0,80,1,monophasic
Modulated_autosave_20260717_150657_684ms,Ext. digitorum (R),R_The_ED_FD_FCR B,4,100.07942811772264,108.07942811772264,132.43923749029685,,,none,30.0,80,1,monophasic
Modulated_autosave_20260717_150657_684ms,Ext. digitorum (R),R_The_ED_FD_FCR B,5,133.43923749029685,141.43923749029685,165.79904686287017,,,none,30.0,80,1,monophasic
Modulated_autosave_20260717_150657_684ms,Ext. digitorum (R),R_The_ED_FD_FCR B,6,166.79904686287017,174.79904686287017,199.15885623544438,,,none,30.0,80,1,monophasic
Modulated_autosave_20260717_150657_684ms,Ext. digitorum (R),R_The_ED_FD_FCR B,7,200.15885623544438,208.15885623544438,232.51866560801858,,,none,30.0,80,1,monophasic
Modulated_autosave_20260717_150657_684ms,Ext. digitorum (R),R_The_ED_FD_FCR B,8,233.51866560801858,241.51866560801858,265.8784749801274,,,none,30.0,80,1,monophasic
Modulated_autosave_20260717_150657_684ms,Ext. digitorum (R),R_The_ED_FD_FCR B,9,266.8784749801274,274.8784749801274,299.2382843527016,,,none,30.0,80,1,monophasic
Modulated_autosave_20260717_150657_684ms,Ext. digitorum (R),R_The_ED_FD_FCR B,10,300.2382843527016,308.2382843527016,332.5980937252749,,,none,30.0,80,1,monophasic
Modulated_autosave_20260717_150657_684ms,Ext. digitorum (R),R_The_ED_FD_FCR B,1,0.7942811758256951,8.794281175825695,32.35980937257421,,,none,30.0,85,1,monophasic
Modulated_autosave_20260717_150657_684ms,Ext. digitorum (R),R_The_ED_FD_FCR B,2,33.35980937257421,41.35980937257421,65.71961874514842,,,none,30.0,85,1,monophasic
Modulated_autosave_20260717_150657_684ms,Ext. digitorum (R),R_The_ED_FD_FCR B,3,66.71961874514842,74.71961874514842,99.07942811772264,,,none,30.0,85,1,monophasic
Modulated_autosave_20260717_150657_684ms,Ext. digitorum (R),R_The_ED_FD_FCR B,4,100.07942811772264,108.07942811772264,132.43923749029685,,,none,30.0,85,1,monophasic
Modulated_autosave_20260717_150657_684ms,Ext. digitorum (R),R_The_ED_FD_FCR B,5,133.43923749029685,141.43923749029685,165.79904686287017,,,none,30.0,85,1,monophasic
Modulated_autosave_20260717_150657_684ms,Ext. digitorum (R),R_The_ED_FD_FCR B,6,166.79904686287017,174.79904686287017,199.15885623544438,,,none,30.0,85,1,monophasic
Modulated_autosave_20260717_150657_684ms,Ext. digitorum (R),R_The_ED_FD_FCR B,7,200.15885623544438,208.15885623544438,232.51866560801858,,,none,30.0,85,1,monophasic
Modulated_autosave_20260717_150657_684ms,Ext. digitorum (R),R_The_ED_FD_FCR B,8,233.51866560801858,241.51866560801858,265.8784749801274,,,none,30.0,85,1,monophasic
Modulated_autosave_20260717_150657_684ms,Ext. digitorum (R),R_The_ED_FD_FCR B,9,266.8784749801274,274.8784749801274,299.2382843527016,,,none,30.0,85,1,monophasic
Modulated_autosave_20260717_150657_684ms,Ext. digitorum (R),R_The_ED_FD_FCR B,10,300.2382843527016,308.2382843527016,332.5980937252749,,,none,30.0,85,1,monophasic
Modulated_autosave_20260717_150657_684ms,Ext. digitorum (R),R_The_ED_FD_FCR B,1,0.7942811758256951,8.794281175825695,32.35980937257421,0.03356984700076282,0.03356984700076282,none,30.0,90,1,monophasic
Modulated_autosave_20260717_150657_684ms,Ext. digitorum (R),R_The_ED_FD_FCR B,2,33.35980937257421,41.35980937257421,65.71961874514842,0.015442129224538803,0.015442129224538803,none,30.0,90,1,monophasic
Modulated_autosave_20260717_150657_684ms,Ext. digitorum (R),R_The_ED_FD_FCR B,3,66.71961874514842,74.71961874514842,99.07942811772264,0.010070954682305455,0.010070954682305455,none,30.0,90,1,monophasic
Modulated_autosave_20260717_150657_684ms,Ext. digitorum (R),R_The_ED_FD_FCR B,4,100.07942811772264,108.07942811772264,132.43923749029685,0.032562752487137914,0.032562752487137914,none,30.0,90,1,monophasic
Modulated_autosave_20260717_150657_684ms,Ext. digitorum (R),R_The_ED_FD_FCR B,5,133.43923749029685,141.43923749029685,165.79904686287017,0.019134813686832786,0.019134813686832786,none,30.0,90,1,monophasic
Modulated_autosave_20260717_150657_684ms,Ext. digitorum (R),R_The_ED_FD_FCR B,6,166.79904686287017,174.79904686287017,199.15885623544438,0.01275654137134552,0.01275654137134552,none,30.0,90,1,monophasic
Modulated_autosave_20260717_150657_684ms,Ext. digitorum (R),R_The_ED_FD_FCR B,7,200.15885623544438,208.15885623544438,232.51866560801858,0.017456320812925696,0.017456320812925696,none,30.0,90,1,monophasic
Modulated_autosave_20260717_150657_684ms,Ext. digitorum (R),R_The_ED_FD_FCR B,8,233.51866560801858,241.51866560801858,265.8784749801274,0.032059205463156104,0.032059205463156104,none,30.0,90,1,monophasic
Modulated_autosave_20260717_150657_684ms,Ext. digitorum (R),R_The_ED_FD_FCR B,9,266.8784749801274,274.8784749801274,299.2382843527016,0.016784924315288663,0.016784924315288663,none,30.0,90,1,monophasic
Modulated_autosave_20260717_150657_684ms,Ext. digitorum (R),R_The_ED_FD_FCR B,10,300.2382843527016,308.2382843527016,332.5980937252749,0.015442130388692021,0.015442130388692021,none,30.0,90,1,monophasic
Modulated_autosave_20260717_150657_684ms,Ext. digitorum (R),R_The_ED_FD_FCR B,1,0.7942811758256951,8.794281175825695,32.35980937257421,0.031219958560541272,0.031219958560541272,none,30.0,95,1,monophasic
Modulated_autosave_20260717_150657_684ms,Ext. digitorum (R),R_The_ED_FD_FCR B,2,33.35980937257421,41.35980937257421,65.71961874514842,0.04028381872922182,0.04028381872922182,none,30.0,95,1,monophasic
Modulated_autosave_20260717_150657_684ms,Ext. digitorum (R),R_The_ED_FD_FCR B,3,66.71961874514842,74.71961874514842,99.07942811772264,0.011078049428761005,0.011078049428761005,none,30.0,95,1,monophasic
Modulated_autosave_20260717_150657_684ms,Ext. digitorum (R),R_The_ED_FD_FCR B,4,100.07942811772264,108.07942811772264,132.43923749029685,0.056397346779704094,0.056397346779704094,none,30.0,95,1,monophasic
Modulated_autosave_20260717_150657_684ms,Ext. digitorum (R),R_The_ED_FD_FCR B,5,133.43923749029685,141.43923749029685,165.79904686287017,0.032227053539827466,0.032227053539827466,none,30.0,95,1,monophasic
Modulated_autosave_20260717_150657_684ms,Ext. digitorum (R),R_The_ED_FD_FCR B,6,166.79904686287017,174.79904686287017,199.15885623544438,0.025177385890856385,0.025177385890856385,none,30.0,95,1,monophasic
Modulated_autosave_20260717_150657_684ms,Ext. digitorum (R),R_The_ED_FD_FCR B,7,200.15885623544438,208.15885623544438,232.51866560801858,0.039444570895284414,0.039444570895284414,none,30.0,95,1,monophasic
Modulated_autosave_20260717_150657_684ms,Ext. digitorum (R),R_The_ED_FD_FCR B,8,233.51866560801858,241.51866560801858,265.8784749801274,0.01644922513514757,0.01644922513514757,none,30.0,95,1,monophasic
Modulated_autosave_20260717_150657_684ms,Ext. digitorum (R),R_The_ED_FD_FCR B,9,266.8784749801274,274.8784749801274,299.2382843527016,0.02551308390684426,0.02551308390684426,none,30.0,95,1,monophasic
Modulated_autosave_20260717_150657_684ms,Ext. digitorum (R),R_The_ED_FD_FCR B,10,300.2382843527016,308.2382843527016,332.5980937252749,0.03961242106743157,0.03961242106743157,none,30.0,95,1,monophasic
Modulated_autosave_20260717_150657_684ms,Ext. digitorum (R),R_The_ED_FD_FCR B,1,0.7942811758256951,8.794281175825695,32.35980937257421,0.06210421957075596,0.06210421957075596,none,30.0,100,1,monophasic
Modulated_autosave_20260717_150657_684ms,Ext. digitorum (R),R_The_ED_FD_FCR B,2,33.35980937257421,41.35980937257421,65.71961874514842,,,none,30.0,100,1,monophasic
Modulated_autosave_20260717_150657_684ms,Ext. digitorum (R),R_The_ED_FD_FCR B,3,66.71961874514842,74.71961874514842,99.07942811772264,0.029541465686634183,0.029541465686634183,none,30.0,100,1,monophasic
Modulated_autosave_20260717_150657_684ms,Ext. digitorum (R),R_The_ED_FD_FCR B,4,100.07942811772264,108.07942811772264,132.43923749029685,0.06160067021846771,0.06160067021846771,none,30.0,100,1,monophasic
Modulated_autosave_20260717_150657_684ms,Ext. digitorum (R),R_The_ED_FD_FCR B,5,133.43923749029685,141.43923749029685,165.79904686287017,0.043640803545713425,0.043640803545713425,none,30.0,100,1,monophasic
Modulated_autosave_20260717_150657_684ms,Ext. digitorum (R),R_The_ED_FD_FCR B,6,166.79904686287017,174.79904686287017,199.15885623544438,0.03390554687939584,0.03390554687939584,none,30.0,100,1,monophasic
Modulated_autosave_20260717_150657_684ms,Ext. digitorum (R),R_The_ED_FD_FCR B,7,200.15885623544438,208.15885623544438,232.51866560801858,0.05908293277025223,0.05908293277025223,none,30.0,100,1,monophasic
Modulated_autosave_20260717_150657_684ms,Ext. digitorum (R),R_The_ED_FD_FCR B,8,233.51866560801858,241.51866560801858,265.8784749801274,0.03491264255717397,0.03491264255717397,none,30.0,100,1,monophasic
Modulated_autosave_20260717_150657_684ms,Ext. digitorum (R),R_The_ED_FD_FCR B,9,266.8784749801274,274.8784749801274,299.2382843527016,0.05438315309584141,0.05438315309584141,none,30.0,100,1,monophasic
Modulated_autosave_20260717_150657_684ms,Ext. digitorum (R),R_The_ED_FD_FCR B,10,300.2382843527016,308.2382843527016,332.5980937252749,0.040283818962052464,0.040283818962052464,none,30.0,100,1,monophasic
Modulated_autosave_20260717_150657_684ms,Ext. digitorum (R),R_The_ED_FD_FCR B,1,0.7942811758256951,8.794281175825695,32.35980937257421,0.06311131455004215,0.06311131455004215,none,30.0,105,1,monophasic
Modulated_autosave_20260717_150657_684ms,Ext. digitorum (R),R_The_ED_FD_FCR B,2,33.35980937257421,41.35980937257421,65.71961874514842,0.06932173669338226,0.06932173669338226,none,30.0,105,1,monophasic
Modulated_autosave_20260717_150657_684ms,Ext. digitorum (R),R_The_ED_FD_FCR B,3,66.71961874514842,74.71961874514842,99.07942811772264,0.0560616459697485,0.0560616459697485,none,30.0,105,1,monophasic
Modulated_autosave_20260717_150657_684ms,Ext. digitorum (R),R_The_ED_FD_FCR B,4,100.07942811772264,108.07942811772264,132.43923749029685,0.07553215883672237,0.07553215883672237,none,30.0,105,1,monophasic
Modulated_autosave_20260717_150657_684ms,Ext. digitorum (R),R_The_ED_FD_FCR B,5,133.43923749029685,141.43923749029685,165.79904686287017,0.062439918518066406,0.062439918518066406,none,30.0,105,1,monophasic
Modulated_autosave_20260717_150657_684ms,Ext. digitorum (R),R_The_ED_FD_FCR B,6,166.79904686287017,174.79904686287017,199.15885623544438,0.06646829843521118,0.06646829843521118,none,30.0,105,1,monophasic
Modulated_autosave_20260717_150657_684ms,Ext. digitorum (R),R_The_ED_FD_FCR B,7,200.15885623544438,208.15885623544438,232.51866560801858,0.04632639139890671,0.04632639139890671,none,30.0,105,1,monophasic
Modulated_autosave_20260717_150657_684ms,Ext. digitorum (R),R_The_ED_FD_FCR B,8,233.51866560801858,241.51866560801858,265.8784749801274,0.05656519532203674,0.05656519532203674,none,30.0,105,1,monophasic
Modulated_autosave_20260717_150657_684ms,Ext. digitorum (R),R_The_ED_FD_FCR B,9,266.8784749801274,274.8784749801274,299.2382843527016,0.06982528418302536,0.06982528418302536,none,30.0,105,1,monophasic
Modulated_autosave_20260717_150657_684ms,Ext. digitorum (R),R_The_ED_FD_FCR B,10,300.2382843527016,308.2382843527016,332.5980937252749,0.0555580984801054,0.0555580984801054,none,30.0,105,1,monophasic
Modulated_autosave_20260717_150657_684ms,Ext. digitorum (R),R_The_ED_FD_FCR B,1,0.7942811758256951,8.794281175825695,32.35980937257421,0.06831464357674122,0.06831464357674122,none,30.0,110,1,monophasic
Modulated_autosave_20260717_150657_684ms,Ext. digitorum (R),R_The_ED_FD_FCR B,2,33.35980937257421,41.35980937257421,65.71961874514842,0.08358892053365707,0.08358892053365707,none,30.0,110,1,monophasic
Modulated_autosave_20260717_150657_684ms,Ext. digitorum (R),R_The_ED_FD_FCR B,3,66.71961874514842,74.71961874514842,99.07942811772264,0.06613260135054588,0.06613260135054588,none,30.0,110,1,monophasic
Modulated_autosave_20260717_150657_684ms,Ext. digitorum (R),R_The_ED_FD_FCR B,4,100.07942811772264,108.07942811772264,132.43923749029685,0.07385366410017014,0.07385366410017014,none,30.0,110,1,monophasic
Modulated_autosave_20260717_150657_684ms,Ext. digitorum (R),R_The_ED_FD_FCR B,5,133.43923749029685,141.43923749029685,165.79904686287017,0.07553216069936752,0.07553216069936752,none,30.0,110,1,monophasic
Modulated_autosave_20260717_150657_684ms,Ext. digitorum (R),R_The_ED_FD_FCR B,6,166.79904686287017,174.79904686287017,199.15885623544438,0.063111312687397,0.063111312687397,none,30.0,110,1,monophasic
Modulated_autosave_20260717_150657_684ms,Ext. digitorum (R),R_The_ED_FD_FCR B,7,200.15885623544438,208.15885623544438,232.51866560801858,0.06982528418302536,0.06982528418302536,none,30.0,110,1,monophasic
Modulated_autosave_20260717_150657_684ms,Ext. digitorum (R),R_The_ED_FD_FCR B,8,233.51866560801858,241.51866560801858,265.8784749801274,0.05690089240670204,0.05690089240670204,none,30.0,110,1,monophasic
Modulated_autosave_20260717_150657_684ms,Ext. digitorum (R),R_The_ED_FD_FCR B,9,266.8784749801274,274.8784749801274,299.2382843527016,0.06210421957075596,0.06210421957075596,none,30.0,110,1,monophasic
Modulated_autosave_20260717_150657_684ms,Ext. digitorum (R),R_The_ED_FD_FCR B,10,300.2382843527016,308.2382843527016,332.5980937252749,0.0572365908883512,0.0572365908883512,none,30.0,110,1,monophasic
Modulated_autosave_20260717_150657_684ms,Flex. digitorum (R),R_The_ED_FD_FCR C,1,0.7942811758256951,8.794281175825695,32.35980937257421,,,none,30.0,15,1,monophasic
Modulated_autosave_20260717_150657_684ms,Flex. digitorum (R),R_The_ED_FD_FCR C,2,33.35980937257421,41.35980937257421,65.71961874514842,,,none,30.0,15,1,monophasic
Modulated_autosave_20260717_150657_684ms,Flex. digitorum (R),R_The_ED_FD_FCR C,3,66.71961874514842,74.71961874514842,99.07942811772264,,,none,30.0,15,1,monophasic
Modulated_autosave_20260717_150657_684ms,Flex. digitorum (R),R_The_ED_FD_FCR C,4,100.07942811772264,108.07942811772264,132.43923749029685,,,none,30.0,15,1,monophasic
Modulated_autosave_20260717_150657_684ms,Flex. digitorum (R),R_The_ED_FD_FCR C,5,133.43923749029685,141.43923749029685,165.79904686287017,,,none,30.0,15,1,monophasic
Modulated_autosave_20260717_150657_684ms,Flex. digitorum (R),R_The_ED_FD_FCR C,6,166.79904686287017,174.79904686287017,199.15885623544438,,,none,30.0,15,1,monophasic
Modulated_autosave_20260717_150657_684ms,Flex. digitorum (R),R_The_ED_FD_FCR C,7,200.15885623544438,208.15885623544438,232.51866560801858,,,none,30.0,15,1,monophasic
Modulated_autosave_20260717_150657_684ms,Flex. digitorum (R),R_The_ED_FD_FCR C,8,233.51866560801858,241.51866560801858,265.8784749801274,,,none,30.0,15,1,monophasic
Modulated_autosave_20260717_150657_684ms,Flex. digitorum (R),R_The_ED_FD_FCR C,9,266.8784749801274,274.8784749801274,299.2382843527016,,,none,30.0,15,1,monophasic
Modulated_autosave_20260717_150657_684ms,Flex. digitorum (R),R_The_ED_FD_FCR C,10,300.2382843527016,308.2382843527016,332.5980937252749,,,none,30.0,15,1,monophasic
Modulated_autosave_20260717_150657_684ms,Flex. digitorum (R),R_The_ED_FD_FCR C,1,0.7942811758256951,8.794281175825695,32.35980937257421,,,none,30.0,20,1,monophasic
Modulated_autosave_20260717_150657_684ms,Flex. digitorum (R),R_The_ED_FD_FCR C,2,33.35980937257421,41.35980937257421,65.71961874514842,,,none,30.0,20,1,monophasic
Modulated_autosave_20260717_150657_684ms,Flex. digitorum (R),R_The_ED_FD_FCR C,3,66.71961874514842,74.71961874514842,99.07942811772264,,,none,30.0,20,1,monophasic
Modulated_autosave_20260717_150657_684ms,Flex. digitorum (R),R_The_ED_FD_FCR C,4,100.07942811772264,108.07942811772264,132.43923749029685,,,none,30.0,20,1,monophasic
Modulated_autosave_20260717_150657_684ms,Flex. digitorum (R),R_The_ED_FD_FCR C,5,133.43923749029685,141.43923749029685,165.79904686287017,,,none,30.0,20,1,monophasic
Modulated_autosave_20260717_150657_684ms,Flex. digitorum (R),R_The_ED_FD_FCR C,6,166.79904686287017,174.79904686287017,199.15885623544438,,,none,30.0,20,1,monophasic
Modulated_autosave_20260717_150657_684ms,Flex. digitorum (R),R_The_ED_FD_FCR C,7,200.15885623544438,208.15885623544438,232.51866560801858,,,none,30.0,20,1,monophasic
Modulated_autosave_20260717_150657_684ms,Flex. digitorum (R),R_The_ED_FD_FCR C,8,233.51866560801858,241.51866560801858,265.8784749801274,,,none,30.0,20,1,monophasic
Modulated_autosave_20260717_150657_684ms,Flex. digitorum (R),R_The_ED_FD_FCR C,9,266.8784749801274,274.8784749801274,299.2382843527016,,,none,30.0,20,1,monophasic
Modulated_autosave_20260717_150657_684ms,Flex. digitorum (R),R_The_ED_FD_FCR C,10,300.2382843527016,308.2382843527016,332.5980937252749,,,none,30.0,20,1,monophasic
Modulated_autosave_20260717_150657_684ms,Flex. digitorum (R),R_The_ED_FD_FCR C,1,0.7942811758256951,8.794281175825695,32.35980937257421,,,none,30.0,25,1,monophasic
Modulated_autosave_20260717_150657_684ms,Flex. digitorum (R),R_The_ED_FD_FCR C,2,33.35980937257421,41.35980937257421,65.71961874514842,,,none,30.0,25,1,monophasic
Modulated_autosave_20260717_150657_684ms,Flex. digitorum (R),R_The_ED_FD_FCR C,3,66.71961874514842,74.71961874514842,99.07942811772264,,,none,30.0,25,1,monophasic
Modulated_autosave_20260717_150657_684ms,Flex. digitorum (R),R_The_ED_FD_FCR C,4,100.07942811772264,108.07942811772264,132.43923749029685,,,none,30.0,25,1,monophasic
Modulated_autosave_20260717_150657_684ms,Flex. digitorum (R),R_The_ED_FD_FCR C,5,133.43923749029685,141.43923749029685,165.79904686287017,,,none,30.0,25,1,monophasic
Modulated_autosave_20260717_150657_684ms,Flex. digitorum (R),R_The_ED_FD_FCR C,6,166.79904686287017,174.79904686287017,199.15885623544438,,,none,30.0,25,1,monophasic
Modulated_autosave_20260717_150657_684ms,Flex. digitorum (R),R_The_ED_FD_FCR C,7,200.15885623544438,208.15885623544438,232.51866560801858,,,none,30.0,25,1,monophasic
Modulated_autosave_20260717_150657_684ms,Flex. digitorum (R),R_The_ED_FD_FCR C,8,233.51866560801858,241.51866560801858,265.8784749801274,,,none,30.0,25,1,monophasic
Modulated_autosave_20260717_150657_684ms,Flex. digitorum (R),R_The_ED_FD_FCR C,9,266.8784749801274,274.8784749801274,299.2382843527016,,,none,30.0,25,1,monophasic
Modulated_autosave_20260717_150657_684ms,Flex. digitorum (R),R_The_ED_FD_FCR C,10,300.2382843527016,308.2382843527016,332.5980937252749,,,none,30.0,25,1,monophasic
Modulated_autosave_20260717_150657_684ms,Flex. digitorum (R),R_The_ED_FD_FCR C,1,0.7942811758256951,8.794281175825695,32.35980937257421,,,none,30.0,30,1,monophasic
Modulated_autosave_20260717_150657_684ms,Flex. digitorum (R),R_The_ED_FD_FCR C,2,33.35980937257421,41.35980937257421,65.71961874514842,,,none,30.0,30,1,monophasic
Modulated_autosave_20260717_150657_684ms,Flex. digitorum (R),R_The_ED_FD_FCR C,3,66.71961874514842,74.71961874514842,99.07942811772264,,,none,30.0,30,1,monophasic
Modulated_autosave_20260717_150657_684ms,Flex. digitorum (R),R_The_ED_FD_FCR C,4,100.07942811772264,108.07942811772264,132.43923749029685,,,none,30.0,30,1,monophasic
Modulated_autosave_20260717_150657_684ms,Flex. digitorum (R),R_The_ED_FD_FCR C,5,133.43923749029685,141.43923749029685,165.79904686287017,,,none,30.0,30,1,monophasic
Modulated_autosave_20260717_150657_684ms,Flex. digitorum (R),R_The_ED_FD_FCR C,6,166.79904686287017,174.79904686287017,199.15885623544438,,,none,30.0,30,1,monophasic
Modulated_autosave_20260717_150657_684ms,Flex. digitorum (R),R_The_ED_FD_FCR C,7,200.15885623544438,208.15885623544438,232.51866560801858,,,none,30.0,30,1,monophasic
Modulated_autosave_20260717_150657_684ms,Flex. digitorum (R),R_The_ED_FD_FCR C,8,233.51866560801858,241.51866560801858,265.8784749801274,,,none,30.0,30,1,monophasic
Modulated_autosave_20260717_150657_684ms,Flex. digitorum (R),R_The_ED_FD_FCR C,9,266.8784749801274,274.8784749801274,299.2382843527016,,,none,30.0,30,1,monophasic
Modulated_autosave_20260717_150657_684ms,Flex. digitorum (R),R_The_ED_FD_FCR C,10,300.2382843527016,308.2382843527016,332.5980937252749,,,none,30.0,30,1,monophasic
Modulated_autosave_20260717_150657_684ms,Flex. digitorum (R),R_The_ED_FD_FCR C,1,0.7942811758256951,8.794281175825695,32.35980937257421,,,none,30.0,35,1,monophasic
Modulated_autosave_20260717_150657_684ms,Flex. digitorum (R),R_The_ED_FD_FCR C,2,33.35980937257421,41.35980937257421,65.71961874514842,,,none,30.0,35,1,monophasic
Modulated_autosave_20260717_150657_684ms,Flex. digitorum (R),R_The_ED_FD_FCR C,3,66.71961874514842,74.71961874514842,99.07942811772264,,,none,30.0,35,1,monophasic
Modulated_autosave_20260717_150657_684ms,Flex. digitorum (R),R_The_ED_FD_FCR C,4,100.07942811772264,108.07942811772264,132.43923749029685,,,none,30.0,35,1,monophasic
Modulated_autosave_20260717_150657_684ms,Flex. digitorum (R),R_The_ED_FD_FCR C,5,133.43923749029685,141.43923749029685,165.79904686287017,,,none,30.0,35,1,monophasic
Modulated_autosave_20260717_150657_684ms,Flex. digitorum (R),R_The_ED_FD_FCR C,6,166.79904686287017,174.79904686287017,199.15885623544438,,,none,30.0,35,1,monophasic
Modulated_autosave_20260717_150657_684ms,Flex. digitorum (R),R_The_ED_FD_FCR C,7,200.15885623544438,208.15885623544438,232.51866560801858,,,none,30.0,35,1,monophasic
Modulated_autosave_20260717_150657_684ms,Flex. digitorum (R),R_The_ED_FD_FCR C,8,233.51866560801858,241.51866560801858,265.8784749801274,,,none,30.0,35,1,monophasic
Modulated_autosave_20260717_150657_684ms,Flex. digitorum (R),R_The_ED_FD_FCR C,9,266.8784749801274,274.8784749801274,299.2382843527016,,,none,30.0,35,1,monophasic
Modulated_autosave_20260717_150657_684ms,Flex. digitorum (R),R_The_ED_FD_FCR C,10,300.2382843527016,308.2382843527016,332.5980937252749,,,none,30.0,35,1,monophasic
Modulated_autosave_20260717_150657_684ms,Flex. digitorum (R),R_The_ED_FD_FCR C,1,0.7942811758256951,8.794281175825695,32.35980937257421,,,none,30.0,40,1,monophasic
Modulated_autosave_20260717_150657_684ms,Flex. digitorum (R),R_The_ED_FD_FCR C,2,33.35980937257421,41.35980937257421,65.71961874514842,,,none,30.0,40,1,monophasic
Modulated_autosave_20260717_150657_684ms,Flex. digitorum (R),R_The_ED_FD_FCR C,3,66.71961874514842,74.71961874514842,99.07942811772264,,,none,30.0,40,1,monophasic
Modulated_autosave_20260717_150657_684ms,Flex. digitorum (R),R_The_ED_FD_FCR C,4,100.07942811772264,108.07942811772264,132.43923749029685,,,none,30.0,40,1,monophasic
Modulated_autosave_20260717_150657_684ms,Flex. digitorum (R),R_The_ED_FD_FCR C,5,133.43923749029685,141.43923749029685,165.79904686287017,,,none,30.0,40,1,monophasic
Modulated_autosave_20260717_150657_684ms,Flex. digitorum (R),R_The_ED_FD_FCR C,6,166.79904686287017,174.79904686287017,199.15885623544438,,,none,30.0,40,1,monophasic
Modulated_autosave_20260717_150657_684ms,Flex. digitorum (R),R_The_ED_FD_FCR C,7,200.15885623544438,208.15885623544438,232.51866560801858,,,none,30.0,40,1,monophasic
Modulated_autosave_20260717_150657_684ms,Flex. digitorum (R),R_The_ED_FD_FCR C,8,233.51866560801858,241.51866560801858,265.8784749801274,,,none,30.0,40,1,monophasic
Modulated_autosave_20260717_150657_684ms,Flex. digitorum (R),R_The_ED_FD_FCR C,9,266.8784749801274,274.8784749801274,299.2382843527016,,,none,30.0,40,1,monophasic
Modulated_autosave_20260717_150657_684ms,Flex. digitorum (R),R_The_ED_FD_FCR C,10,300.2382843527016,308.2382843527016,332.5980937252749,,,none,30.0,40,1,monophasic
Modulated_autosave_20260717_150657_684ms,Flex. digitorum (R),R_The_ED_FD_FCR C,1,0.7942811758256951,8.794281175825695,32.35980937257421,,,none,30.0,45,1,monophasic
Modulated_autosave_20260717_150657_684ms,Flex. digitorum (R),R_The_ED_FD_FCR C,2,33.35980937257421,41.35980937257421,65.71961874514842,,,none,30.0,45,1,monophasic
Modulated_autosave_20260717_150657_684ms,Flex. digitorum (R),R_The_ED_FD_FCR C,3,66.71961874514842,74.71961874514842,99.07942811772264,,,none,30.0,45,1,monophasic
Modulated_autosave_20260717_150657_684ms,Flex. digitorum (R),R_The_ED_FD_FCR C,4,100.07942811772264,108.07942811772264,132.43923749029685,,,none,30.0,45,1,monophasic
Modulated_autosave_20260717_150657_684ms,Flex. digitorum (R),R_The_ED_FD_FCR C,5,133.43923749029685,141.43923749029685,165.79904686287017,,,none,30.0,45,1,monophasic
Modulated_autosave_20260717_150657_684ms,Flex. digitorum (R),R_The_ED_FD_FCR C,6,166.79904686287017,174.79904686287017,199.15885623544438,,,none,30.0,45,1,monophasic
Modulated_autosave_20260717_150657_684ms,Flex. digitorum (R),R_The_ED_FD_FCR C,7,200.15885623544438,208.15885623544438,232.51866560801858,,,none,30.0,45,1,monophasic
Modulated_autosave_20260717_150657_684ms,Flex. digitorum (R),R_The_ED_FD_FCR C,8,233.51866560801858,241.51866560801858,265.8784749801274,,,none,30.0,45,1,monophasic
Modulated_autosave_20260717_150657_684ms,Flex. digitorum (R),R_The_ED_FD_FCR C,9,266.8784749801274,274.8784749801274,299.2382843527016,,,none,30.0,45,1,monophasic
Modulated_autosave_20260717_150657_684ms,Flex. digitorum (R),R_The_ED_FD_FCR C,10,300.2382843527016,308.2382843527016,332.5980937252749,,,none,30.0,45,1,monophasic
Modulated_autosave_20260717_150657_684ms,Flex. digitorum (R),R_The_ED_FD_FCR C,1,0.7942811758256951,8.794281175825695,32.35980937257421,,,none,30.0,50,1,monophasic
Modulated_autosave_20260717_150657_684ms,Flex. digitorum (R),R_The_ED_FD_FCR C,2,33.35980937257421,41.35980937257421,65.71961874514842,,,none,30.0,50,1,monophasic
Modulated_autosave_20260717_150657_684ms,Flex. digitorum (R),R_The_ED_FD_FCR C,3,66.71961874514842,74.71961874514842,99.07942811772264,,,none,30.0,50,1,monophasic
Modulated_autosave_20260717_150657_684ms,Flex. digitorum (R),R_The_ED_FD_FCR C,4,100.07942811772264,108.07942811772264,132.43923749029685,,,none,30.0,50,1,monophasic
Modulated_autosave_20260717_150657_684ms,Flex. digitorum (R),R_The_ED_FD_FCR C,5,133.43923749029685,141.43923749029685,165.79904686287017,,,none,30.0,50,1,monophasic
Modulated_autosave_20260717_150657_684ms,Flex. digitorum (R),R_The_ED_FD_FCR C,6,166.79904686287017,174.79904686287017,199.15885623544438,,,none,30.0,50,1,monophasic
Modulated_autosave_20260717_150657_684ms,Flex. digitorum (R),R_The_ED_FD_FCR C,7,200.15885623544438,208.15885623544438,232.51866560801858,,,none,30.0,50,1,monophasic
Modulated_autosave_20260717_150657_684ms,Flex. digitorum (R),R_The_ED_FD_FCR C,8,233.51866560801858,241.51866560801858,265.8784749801274,,,none,30.0,50,1,monophasic
Modulated_autosave_20260717_150657_684ms,Flex. digitorum (R),R_The_ED_FD_FCR C,9,266.8784749801274,274.8784749801274,299.2382843527016,,,none,30.0,50,1,monophasic
Modulated_autosave_20260717_150657_684ms,Flex. digitorum (R),R_The_ED_FD_FCR C,10,300.2382843527016,308.2382843527016,332.5980937252749,,,none,30.0,50,1,monophasic
Modulated_autosave_20260717_150657_684ms,Flex. digitorum (R),R_The_ED_FD_FCR C,1,0.7942811758256951,8.794281175825695,32.35980937257421,,,none,30.0,55,1,monophasic
Modulated_autosave_20260717_150657_684ms,Flex. digitorum (R),R_The_ED_FD_FCR C,2,33.35980937257421,41.35980937257421,65.71961874514842,,,none,30.0,55,1,monophasic
Modulated_autosave_20260717_150657_684ms,Flex. digitorum (R),R_The_ED_FD_FCR C,3,66.71961874514842,74.71961874514842,99.07942811772264,,,none,30.0,55,1,monophasic
Modulated_autosave_20260717_150657_684ms,Flex. digitorum (R),R_The_ED_FD_FCR C,4,100.07942811772264,108.07942811772264,132.43923749029685,,,none,30.0,55,1,monophasic
Modulated_autosave_20260717_150657_684ms,Flex. digitorum (R),R_The_ED_FD_FCR C,5,133.43923749029685,141.43923749029685,165.79904686287017,,,none,30.0,55,1,monophasic
Modulated_autosave_20260717_150657_684ms,Flex. digitorum (R),R_The_ED_FD_FCR C,6,166.79904686287017,174.79904686287017,199.15885623544438,,,none,30.0,55,1,monophasic
Modulated_autosave_20260717_150657_684ms,Flex. digitorum (R),R_The_ED_FD_FCR C,7,200.15885623544438,208.15885623544438,232.51866560801858,,,none,30.0,55,1,monophasic
Modulated_autosave_20260717_150657_684ms,Flex. digitorum (R),R_The_ED_FD_FCR C,8,233.51866560801858,241.51866560801858,265.8784749801274,,,none,30.0,55,1,monophasic
Modulated_autosave_20260717_150657_684ms,Flex. digitorum (R),R_The_ED_FD_FCR C,9,266.8784749801274,274.8784749801274,299.2382843527016,,,none,30.0,55,1,monophasic
Modulated_autosave_20260717_150657_684ms,Flex. digitorum (R),R_The_ED_FD_FCR C,10,300.2382843527016,308.2382843527016,332.5980937252749,,,none,30.0,55,1,monophasic
Modulated_autosave_20260717_150657_684ms,Flex. digitorum (R),R_The_ED_FD_FCR C,1,0.7942811758256951,8.794281175825695,32.35980937257421,,,none,30.0,60,1,monophasic
Modulated_autosave_20260717_150657_684ms,Flex. digitorum (R),R_The_ED_FD_FCR C,2,33.35980937257421,41.35980937257421,65.71961874514842,,,none,30.0,60,1,monophasic
Modulated_autosave_20260717_150657_684ms,Flex. digitorum (R),R_The_ED_FD_FCR C,3,66.71961874514842,74.71961874514842,99.07942811772264,,,none,30.0,60,1,monophasic
Modulated_autosave_20260717_150657_684ms,Flex. digitorum (R),R_The_ED_FD_FCR C,4,100.07942811772264,108.07942811772264,132.43923749029685,,,none,30.0,60,1,monophasic
Modulated_autosave_20260717_150657_684ms,Flex. digitorum (R),R_The_ED_FD_FCR C,5,133.43923749029685,141.43923749029685,165.79904686287017,,,none,30.0,60,1,monophasic
Modulated_autosave_20260717_150657_684ms,Flex. digitorum (R),R_The_ED_FD_FCR C,6,166.79904686287017,174.79904686287017,199.15885623544438,,,none,30.0,60,1,monophasic
Modulated_autosave_20260717_150657_684ms,Flex. digitorum (R),R_The_ED_FD_FCR C,7,200.15885623544438,208.15885623544438,232.51866560801858,,,none,30.0,60,1,monophasic
Modulated_autosave_20260717_150657_684ms,Flex. digitorum (R),R_The_ED_FD_FCR C,8,233.51866560801858,241.51866560801858,265.8784749801274,,,none,30.0,60,1,monophasic
Modulated_autosave_20260717_150657_684ms,Flex. digitorum (R),R_The_ED_FD_FCR C,9,266.8784749801274,274.8784749801274,299.2382843527016,,,none,30.0,60,1,monophasic
Modulated_autosave_20260717_150657_684ms,Flex. digitorum (R),R_The_ED_FD_FCR C,10,300.2382843527016,308.2382843527016,332.5980937252749,,,none,30.0,60,1,monophasic
Modulated_autosave_20260717_150657_684ms,Flex. digitorum (R),R_The_ED_FD_FCR C,1,0.7942811758256951,8.794281175825695,32.35980937257421,,,none,30.0,65,1,monophasic
Modulated_autosave_20260717_150657_684ms,Flex. digitorum (R),R_The_ED_FD_FCR C,2,33.35980937257421,41.35980937257421,65.71961874514842,,,none,30.0,65,1,monophasic
Modulated_autosave_20260717_150657_684ms,Flex. digitorum (R),R_The_ED_FD_FCR C,3,66.71961874514842,74.71961874514842,99.07942811772264,,,none,30.0,65,1,monophasic
Modulated_autosave_20260717_150657_684ms,Flex. digitorum (R),R_The_ED_FD_FCR C,4,100.07942811772264,108.07942811772264,132.43923749029685,,,none,30.0,65,1,monophasic
Modulated_autosave_20260717_150657_684ms,Flex. digitorum (R),R_The_ED_FD_FCR C,5,133.43923749029685,141.43923749029685,165.79904686287017,,,none,30.0,65,1,monophasic
Modulated_autosave_20260717_150657_684ms,Flex. digitorum (R),R_The_ED_FD_FCR C,6,166.79904686287017,174.79904686287017,199.15885623544438,,,none,30.0,65,1,monophasic
Modulated_autosave_20260717_150657_684ms,Flex. digitorum (R),R_The_ED_FD_FCR C,7,200.15885623544438,208.15885623544438,232.51866560801858,,,none,30.0,65,1,monophasic
Modulated_autosave_20260717_150657_684ms,Flex. digitorum (R),R_The_ED_FD_FCR C,8,233.51866560801858,241.51866560801858,265.8784749801274,,,none,30.0,65,1,monophasic
Modulated_autosave_20260717_150657_684ms,Flex. digitorum (R),R_The_ED_FD_FCR C,9,266.8784749801274,274.8784749801274,299.2382843527016,,,none,30.0,65,1,monophasic
Modulated_autosave_20260717_150657_684ms,Flex. digitorum (R),R_The_ED_FD_FCR C,10,300.2382843527016,308.2382843527016,332.5980937252749,,,none,30.0,65,1,monophasic
Modulated_autosave_20260717_150657_684ms,Flex. digitorum (R),R_The_ED_FD_FCR C,1,0.7942811758256951,8.794281175825695,32.35980937257421,,,none,30.0,70,1,monophasic
Modulated_autosave_20260717_150657_684ms,Flex. digitorum (R),R_The_ED_FD_FCR C,2,33.35980937257421,41.35980937257421,65.71961874514842,,,none,30.0,70,1,monophasic
Modulated_autosave_20260717_150657_684ms,Flex. digitorum (R),R_The_ED_FD_FCR C,3,66.71961874514842,74.71961874514842,99.07942811772264,,,none,30.0,70,1,monophasic
Modulated_autosave_20260717_150657_684ms,Flex. digitorum (R),R_The_ED_FD_FCR C,4,100.07942811772264,108.07942811772264,132.43923749029685,,,none,30.0,70,1,monophasic
Modulated_autosave_20260717_150657_684ms,Flex. digitorum (R),R_The_ED_FD_FCR C,5,133.43923749029685,141.43923749029685,165.79904686287017,,,none,30.0,70,1,monophasic
Modulated_autosave_20260717_150657_684ms,Flex. digitorum (R),R_The_ED_FD_FCR C,6,166.79904686287017,174.79904686287017,199.15885623544438,,,none,30.0,70,1,monophasic
Modulated_autosave_20260717_150657_684ms,Flex. digitorum (R),R_The_ED_FD_FCR C,7,200.15885623544438,208.15885623544438,232.51866560801858,,,none,30.0,70,1,monophasic
Modulated_autosave_20260717_150657_684ms,Flex. digitorum (R),R_The_ED_FD_FCR C,8,233.51866560801858,241.51866560801858,265.8784749801274,,,none,30.0,70,1,monophasic
Modulated_autosave_20260717_150657_684ms,Flex. digitorum (R),R_The_ED_FD_FCR C,9,266.8784749801274,274.8784749801274,299.2382843527016,,,none,30.0,70,1,monophasic
Modulated_autosave_20260717_150657_684ms,Flex. digitorum (R),R_The_ED_FD_FCR C,10,300.2382843527016,308.2382843527016,332.5980937252749,,,none,30.0,70,1,monophasic
Modulated_autosave_20260717_150657_684ms,Flex. digitorum (R),R_The_ED_FD_FCR C,1,0.7942811758256951,8.794281175825695,32.35980937257421,,,none,30.0,75,1,monophasic
Modulated_autosave_20260717_150657_684ms,Flex. digitorum (R),R_The_ED_FD_FCR C,2,33.35980937257421,41.35980937257421,65.71961874514842,,,none,30.0,75,1,monophasic
Modulated_autosave_20260717_150657_684ms,Flex. digitorum (R),R_The_ED_FD_FCR C,3,66.71961874514842,74.71961874514842,99.07942811772264,,,none,30.0,75,1,monophasic
Modulated_autosave_20260717_150657_684ms,Flex. digitorum (R),R_The_ED_FD_FCR C,4,100.07942811772264,108.07942811772264,132.43923749029685,,,none,30.0,75,1,monophasic
Modulated_autosave_20260717_150657_684ms,Flex. digitorum (R),R_The_ED_FD_FCR C,5,133.43923749029685,141.43923749029685,165.79904686287017,,,none,30.0,75,1,monophasic
Modulated_autosave_20260717_150657_684ms,Flex. digitorum (R),R_The_ED_FD_FCR C,6,166.79904686287017,174.79904686287017,199.15885623544438,,,none,30.0,75,1,monophasic
Modulated_autosave_20260717_150657_684ms,Flex. digitorum (R),R_The_ED_FD_FCR C,7,200.15885623544438,208.15885623544438,232.51866560801858,,,none,30.0,75,1,monophasic
Modulated_autosave_20260717_150657_684ms,Flex. digitorum (R),R_The_ED_FD_FCR C,8,233.51866560801858,241.51866560801858,265.8784749801274,,,none,30.0,75,1,monophasic
Modulated_autosave_20260717_150657_684ms,Flex. digitorum (R),R_The_ED_FD_FCR C,9,266.8784749801274,274.8784749801274,299.2382843527016,,,none,30.0,75,1,monophasic
Modulated_autosave_20260717_150657_684ms,Flex. digitorum (R),R_The_ED_FD_FCR C,10,300.2382843527016,308.2382843527016,332.5980937252749,,,none,30.0,75,1,monophasic
Modulated_autosave_20260717_150657_684ms,Flex. digitorum (R),R_The_ED_FD_FCR C,1,0.7942811758256951,8.794281175825695,32.35980937257421,,,none,30.0,80,1,monophasic
Modulated_autosave_20260717_150657_684ms,Flex. digitorum (R),R_The_ED_FD_FCR C,2,33.35980937257421,41.35980937257421,65.71961874514842,,,none,30.0,80,1,monophasic
Modulated_autosave_20260717_150657_684ms,Flex. digitorum (R),R_The_ED_FD_FCR C,3,66.71961874514842,74.71961874514842,99.07942811772264,,,none,30.0,80,1,monophasic
Modulated_autosave_20260717_150657_684ms,Flex. digitorum (R),R_The_ED_FD_FCR C,4,100.07942811772264,108.07942811772264,132.43923749029685,,,none,30.0,80,1,monophasic
Modulated_autosave_20260717_150657_684ms,Flex. digitorum (R),R_The_ED_FD_FCR C,5,133.43923749029685,141.43923749029685,165.79904686287017,,,none,30.0,80,1,monophasic
Modulated_autosave_20260717_150657_684ms,Flex. digitorum (R),R_The_ED_FD_FCR C,6,166.79904686287017,174.79904686287017,199.15885623544438,,,none,30.0,80,1,monophasic
Modulated_autosave_20260717_150657_684ms,Flex. digitorum (R),R_The_ED_FD_FCR C,7,200.15885623544438,208.15885623544438,232.51866560801858,,,none,30.0,80,1,monophasic
Modulated_autosave_20260717_150657_684ms,Flex. digitorum (R),R_The_ED_FD_FCR C,8,233.51866560801858,241.51866560801858,265.8784749801274,,,none,30.0,80,1,monophasic
Modulated_autosave_20260717_150657_684ms,Flex. digitorum (R),R_The_ED_FD_FCR C,9,266.8784749801274,274.8784749801274,299.2382843527016,,,none,30.0,80,1,monophasic
Modulated_autosave_20260717_150657_684ms,Flex. digitorum (R),R_The_ED_FD_FCR C,10,300.2382843527016,308.2382843527016,332.5980937252749,,,none,30.0,80,1,monophasic
Modulated_autosave_20260717_150657_684ms,Flex. digitorum (R),R_The_ED_FD_FCR C,1,0.7942811758256951,8.794281175825695,32.35980937257421,,,none,30.0,85,1,monophasic
Modulated_autosave_20260717_150657_684ms,Flex. digitorum (R),R_The_ED_FD_FCR C,2,33.35980937257421,41.35980937257421,65.71961874514842,,,none,30.0,85,1,monophasic
Modulated_autosave_20260717_150657_684ms,Flex. digitorum (R),R_The_ED_FD_FCR C,3,66.71961874514842,74.71961874514842,99.07942811772264,,,none,30.0,85,1,monophasic
Modulated_autosave_20260717_150657_684ms,Flex. digitorum (R),R_The_ED_FD_FCR C,4,100.07942811772264,108.07942811772264,132.43923749029685,,,none,30.0,85,1,monophasic
Modulated_autosave_20260717_150657_684ms,Flex. digitorum (R),R_The_ED_FD_FCR C,5,133.43923749029685,141.43923749029685,165.79904686287017,,,none,30.0,85,1,monophasic
Modulated_autosave_20260717_150657_684ms,Flex. digitorum (R),R_The_ED_FD_FCR C,6,166.79904686287017,174.79904686287017,199.15885623544438,,,none,30.0,85,1,monophasic
Modulated_autosave_20260717_150657_684ms,Flex. digitorum (R),R_The_ED_FD_FCR C,7,200.15885623544438,208.15885623544438,232.51866560801858,,,none,30.0,85,1,monophasic
Modulated_autosave_20260717_150657_684ms,Flex. digitorum (R),R_The_ED_FD_FCR C,8,233.51866560801858,241.51866560801858,265.8784749801274,,,none,30.0,85,1,monophasic
Modulated_autosave_20260717_150657_684ms,Flex. digitorum (R),R_The_ED_FD_FCR C,9,266.8784749801274,274.8784749801274,299.2382843527016,,,none,30.0,85,1,monophasic
Modulated_autosave_20260717_150657_684ms,Flex. digitorum (R),R_The_ED_FD_FCR C,10,300.2382843527016,308.2382843527016,332.5980937252749,,,none,30.0,85,1,monophasic
Modulated_autosave_20260717_150657_684ms,Flex. digitorum (R),R_The_ED_FD_FCR C,1,0.7942811758256951,8.794281175825695,32.35980937257421,,,none,30.0,90,1,monophasic
Modulated_autosave_20260717_150657_684ms,Flex. digitorum (R),R_The_ED_FD_FCR C,2,33.35980937257421,41.35980937257421,65.71961874514842,,,none,30.0,90,1,monophasic
Modulated_autosave_20260717_150657_684ms,Flex. digitorum (R),R_The_ED_FD_FCR C,3,66.71961874514842,74.71961874514842,99.07942811772264,,,none,30.0,90,1,monophasic
Modulated_autosave_20260717_150657_684ms,Flex. digitorum (R),R_The_ED_FD_FCR C,4,100.07942811772264,108.07942811772264,132.43923749029685,,,none,30.0,90,1,monophasic
Modulated_autosave_20260717_150657_684ms,Flex. digitorum (R),R_The_ED_FD_FCR C,5,133.43923749029685,141.43923749029685,165.79904686287017,,,none,30.0,90,1,monophasic
Modulated_autosave_20260717_150657_684ms,Flex. digitorum (R),R_The_ED_FD_FCR C,6,166.79904686287017,174.79904686287017,199.15885623544438,,,none,30.0,90,1,monophasic
Modulated_autosave_20260717_150657_684ms,Flex. digitorum (R),R_The_ED_FD_FCR C,7,200.15885623544438,208.15885623544438,232.51866560801858,,,none,30.0,90,1,monophasic
Modulated_autosave_20260717_150657_684ms,Flex. digitorum (R),R_The_ED_FD_FCR C,8,233.51866560801858,241.51866560801858,265.8784749801274,,,none,30.0,90,1,monophasic
Modulated_autosave_20260717_150657_684ms,Flex. digitorum (R),R_The_ED_FD_FCR C,9,266.8784749801274,274.8784749801274,299.2382843527016,,,none,30.0,90,1,monophasic
Modulated_autosave_20260717_150657_684ms,Flex. digitorum (R),R_The_ED_FD_FCR C,10,300.2382843527016,308.2382843527016,332.5980937252749,,,none,30.0,90,1,monophasic
Modulated_autosave_20260717_150657_684ms,Flex. digitorum (R),R_The_ED_FD_FCR C,1,0.7942811758256951,8.794281175825695,32.35980937257421,0.13260090351104736,0.13260090351104736,none,30.0,95,1,monophasic
Modulated_autosave_20260717_150657_684ms,Flex. digitorum (R),R_The_ED_FD_FCR C,2,33.35980937257421,41.35980937257421,65.71961874514842,0.17792019248008728,0.17792019248008728,none,30.0,95,1,monophasic
Modulated_autosave_20260717_150657_684ms,Flex. digitorum (R),R_The_ED_FD_FCR C,3,66.71961874514842,74.71961874514842,99.07942811772264,0.0068818191066384315,0.0068818191066384315,none,30.0,95,1,monophasic
Modulated_autosave_20260717_150657_684ms,Flex. digitorum (R),R_The_ED_FD_FCR C,4,100.07942811772264,108.07942811772264,132.43923749029685,0.10540932416915894,0.10540932416915894,none,30.0,95,1,monophasic
Modulated_autosave_20260717_150657_684ms,Flex. digitorum (R),R_The_ED_FD_FCR C,5,133.43923749029685,141.43923749029685,165.79904686287017,0.15576409548521042,0.15576409548521042,none,30.0,95,1,monophasic
Modulated_autosave_20260717_150657_684ms,Flex. digitorum (R),R_The_ED_FD_FCR C,6,166.79904686287017,174.79904686287017,199.15885623544438,0.10356298461556435,0.10356298461556435,none,30.0,95,1,monophasic
Modulated_autosave_20260717_150657_684ms,Flex. digitorum (R),R_The_ED_FD_FCR C,7,200.15885623544438,208.15885623544438,232.51866560801858,0.008728160290047526,0.008728160290047526,none,30.0,95,1,monophasic
Modulated_autosave_20260717_150657_684ms,Flex. digitorum (R),R_The_ED_FD_FCR C,8,233.51866560801858,241.51866560801858,265.8784749801274,0.10473792627453804,0.10473792627453804,none,30.0,95,1,monophasic
Modulated_autosave_20260717_150657_684ms,Flex. digitorum (R),R_The_ED_FD_FCR C,9,266.8784749801274,274.8784749801274,299.2382843527016,0.006881818640977144,0.006881818640977144,none,30.0,95,1,monophasic
Modulated_autosave_20260717_150657_684ms,Flex. digitorum (R),R_The_ED_FD_FCR C,10,300.2382843527016,308.2382843527016,332.5980937252749,0.09214923530817032,0.09214923530817032,none,30.0,95,1,monophasic
Modulated_autosave_20260717_150657_684ms,Flex. digitorum (R),R_The_ED_FD_FCR C,1,0.7942811758256951,8.794281175825695,32.35980937257421,0.18731975555419922,0.18731975555419922,none,30.0,100,1,monophasic
Modulated_autosave_20260717_150657_684ms,Flex. digitorum (R),R_The_ED_FD_FCR C,2,33.35980937257421,41.35980937257421,65.71961874514842,,,none,30.0,100,1,monophasic
Modulated_autosave_20260717_150657_684ms,Flex. digitorum (R),R_The_ED_FD_FCR C,3,66.71961874514842,74.71961874514842,99.07942811772264,0.09349202737212181,0.09349202737212181,none,30.0,100,1,monophasic
Modulated_autosave_20260717_150657_684ms,Flex. digitorum (R),R_The_ED_FD_FCR C,4,100.07942811772264,108.07942811772264,132.43923749029685,0.1602960228919983,0.1602960228919983,none,30.0,100,1,monophasic
Modulated_autosave_20260717_150657_684ms,Flex. digitorum (R),R_The_ED_FD_FCR C,5,133.43923749029685,141.43923749029685,165.79904686287017,0.16919203847646713,0.16919203847646713,none,30.0,100,1,monophasic
Modulated_autosave_20260717_150657_684ms,Flex. digitorum (R),R_The_ED_FD_FCR C,6,166.79904686287017,174.79904686287017,199.15885623544438,0.09097428619861603,0.09097428619861603,none,30.0,100,1,monophasic
Modulated_autosave_20260717_150657_684ms,Flex. digitorum (R),R_The_ED_FD_FCR C,7,200.15885623544438,208.15885623544438,232.51866560801858,0.09164568409323692,0.09164568409323692,none,30.0,100,1,monophasic
Modulated_autosave_20260717_150657_684ms,Flex. digitorum (R),R_The_ED_FD_FCR C,8,233.51866560801858,241.51866560801858,265.8784749801274,0.14871443063020706,0.14871443063020706,none,30.0,100,1,monophasic
Modulated_autosave_20260717_150657_684ms,Flex. digitorum (R),R_The_ED_FD_FCR C,9,266.8784749801274,274.8784749801274,299.2382843527016,0.2051117680966854,0.2051117680966854,none,30.0,100,1,monophasic
Modulated_autosave_20260717_150657_684ms,Flex. digitorum (R),R_The_ED_FD_FCR C,10,300.2382843527016,308.2382843527016,332.5980937252749,0.08761730417609215,0.08761730417609215,none,30.0,100,1,monophasic
Modulated_autosave_20260717_150657_684ms,Flex. digitorum (R),R_The_ED_FD_FCR C,1,0.7942811758256951,8.794281175825695,32.35980937257421,0.20947584509849548,0.20947584509849548,none,30.0,105,1,monophasic
Modulated_autosave_20260717_150657_684ms,Flex. digitorum (R),R_The_ED_FD_FCR C,2,33.35980937257421,41.35980937257421,65.71961874514842,0.16449225321412086,0.16449225321412086,none,30.0,105,1,monophasic
Modulated_autosave_20260717_150657_684ms,Flex. digitorum (R),R_The_ED_FD_FCR C,3,66.71961874514842,74.71961874514842,99.07942811772264,0.13495078682899475,0.13495078682899475,none,30.0,105,1,monophasic
Modulated_autosave_20260717_150657_684ms,Flex. digitorum (R),R_The_ED_FD_FCR C,4,100.07942811772264,108.07942811772264,132.43923749029685,0.18664836138486862,0.18664836138486862,none,30.0,105,1,monophasic
Modulated_autosave_20260717_150657_684ms,Flex. digitorum (R),R_The_ED_FD_FCR C,5,133.43923749029685,141.43923749029685,165.79904686287017,0.13730068132281303,0.13730068132281303,none,30.0,105,1,monophasic
Modulated_autosave_20260717_150657_684ms,Flex. digitorum (R),R_The_ED_FD_FCR C,6,166.79904686287017,174.79904686287017,199.15885623544438,0.20192264020442963,0.20192264020442963,none,30.0,105,1,monophasic
Modulated_autosave_20260717_150657_684ms,Flex. digitorum (R),R_The_ED_FD_FCR C,7,200.15885623544438,208.15885623544438,232.51866560801858,0.1104447990655899,0.1104447990655899,none,30.0,105,1,monophasic
Modulated_autosave_20260717_150657_684ms,Flex. digitorum (R),R_The_ED_FD_FCR C,8,233.51866560801858,241.51866560801858,265.8784749801274,0.1438468024134636,0.1438468024134636,none,30.0,105,1,monophasic
Modulated_autosave_20260717_150657_684ms,Flex. digitorum (R),R_The_ED_FD_FCR C,9,266.8784749801274,274.8784749801274,299.2382843527016,0.29256122559309006,0.29256122559309006,none,30.0,105,1,monophasic
Modulated_autosave_20260717_150657_684ms,Flex. digitorum (R),R_The_ED_FD_FCR C,10,300.2382843527016,308.2382843527016,332.5980937252749,0.1607995703816414,0.1607995703816414,none,30.0,105,1,monophasic
Modulated_autosave_20260717_150657_684ms,Flex. digitorum (R),R_The_ED_FD_FCR C,1,0.7942811758256951,8.794281175825695,32.35980937257421,0.24539559334516525,0.24539559334516525,none,30.0,110,1,monophasic
Modulated_autosave_20260717_150657_684ms,Flex. digitorum (R),R_The_ED_FD_FCR C,2,33.35980937257421,41.35980937257421,65.71961874514842,0.2396887168288231,0.2396887168288231,none,30.0,110,1,monophasic
Modulated_autosave_20260717_150657_684ms,Flex. digitorum (R),R_The_ED_FD_FCR C,3,66.71961874514842,74.71961874514842,99.07942811772264,0.17792019248008728,0.17792019248008728,none,30.0,110,1,monophasic
Modulated_autosave_20260717_150657_684ms,Flex. digitorum (R),R_The_ED_FD_FCR C,4,100.07942811772264,108.07942811772264,132.43923749029685,0.20041199773550034,0.20041199773550034,none,30.0,110,1,monophasic
Modulated_autosave_20260717_150657_684ms,Flex. digitorum (R),R_The_ED_FD_FCR C,5,133.43923749029685,141.43923749029685,165.79904686287017,0.18715190142393112,0.18715190142393112,none,30.0,110,1,monophasic
Modulated_autosave_20260717_150657_684ms,Flex. digitorum (R),R_The_ED_FD_FCR C,6,166.79904686287017,174.79904686287017,199.15885623544438,0.16214236989617348,0.16214236989617348,none,30.0,110,1,monophasic
Modulated_autosave_20260717_150657_684ms,Flex. digitorum (R),R_The_ED_FD_FCR C,7,200.15885623544438,208.15885623544438,232.51866560801858,0.16952773183584213,0.16952773183584213,none,30.0,110,1,monophasic
Modulated_autosave_20260717_150657_684ms,Flex. digitorum (R),R_The_ED_FD_FCR C,8,233.51866560801858,241.51866560801858,265.8784749801274,0.15576409548521042,0.15576409548521042,none,30.0,110,1,monophasic
Modulated_autosave_20260717_150657_684ms,Flex. digitorum (R),R_The_ED_FD_FCR C,9,266.8784749801274,274.8784749801274,299.2382843527016,0.1272297240793705,0.1272297240793705,none,30.0,110,1,monophasic
Modulated_autosave_20260717_150657_684ms,Flex. digitorum (R),R_The_ED_FD_FCR C,10,300.2382843527016,308.2382843527016,332.5980937252749,0.17019913345575333,0.17019913345575333,none,30.0,110,1,monophasic
Modulated_autosave_20260717_150657_684ms,Flex. carpi rad. (R),R_The_ED_FD_FCR D,1,0.7942811758256951,8.794281175825695,32.35980937257421,,,none,30.0,15,1,monophasic
Modulated_autosave_20260717_150657_684ms,Flex. carpi rad. (R),R_The_ED_FD_FCR D,2,33.35980937257421,41.35980937257421,65.71961874514842,,,none,30.0,15,1,monophasic
Modulated_autosave_20260717_150657_684ms,Flex. carpi rad. (R),R_The_ED_FD_FCR D,3,66.71961874514842,74.71961874514842,99.07942811772264,,,none,30.0,15,1,monophasic
Modulated_autosave_20260717_150657_684ms,Flex. carpi rad. (R),R_The_ED_FD_FCR D,4,100.07942811772264,108.07942811772264,132.43923749029685,,,none,30.0,15,1,monophasic
Modulated_autosave_20260717_150657_684ms,Flex. carpi rad. (R),R_The_ED_FD_FCR D,5,133.43923749029685,141.43923749029685,165.79904686287017,,,none,30.0,15,1,monophasic
Modulated_autosave_20260717_150657_684ms,Flex. carpi rad. (R),R_The_ED_FD_FCR D,6,166.79904686287017,174.79904686287017,199.15885623544438,,,none,30.0,15,1,monophasic
Modulated_autosave_20260717_150657_684ms,Flex. carpi rad. (R),R_The_ED_FD_FCR D,7,200.15885623544438,208.15885623544438,232.51866560801858,,,none,30.0,15,1,monophasic
Modulated_autosave_20260717_150657_684ms,Flex. carpi rad. (R),R_The_ED_FD_FCR D,8,233.51866560801858,241.51866560801858,265.8784749801274,,,none,30.0,15,1,monophasic
Modulated_autosave_20260717_150657_684ms,Flex. carpi rad. (R),R_The_ED_FD_FCR D,9,266.8784749801274,274.8784749801274,299.2382843527016,,,none,30.0,15,1,monophasic
Modulated_autosave_20260717_150657_684ms,Flex. carpi rad. (R),R_The_ED_FD_FCR D,10,300.2382843527016,308.2382843527016,332.5980937252749,,,none,30.0,15,1,monophasic
Modulated_autosave_20260717_150657_684ms,Flex. carpi rad. (R),R_The_ED_FD_FCR D,1,0.7942811758256951,8.794281175825695,32.35980937257421,,,none,30.0,20,1,monophasic
Modulated_autosave_20260717_150657_684ms,Flex. carpi rad. (R),R_The_ED_FD_FCR D,2,33.35980937257421,41.35980937257421,65.71961874514842,,,none,30.0,20,1,monophasic
Modulated_autosave_20260717_150657_684ms,Flex. carpi rad. (R),R_The_ED_FD_FCR D,3,66.71961874514842,74.71961874514842,99.07942811772264,,,none,30.0,20,1,monophasic
Modulated_autosave_20260717_150657_684ms,Flex. carpi rad. (R),R_The_ED_FD_FCR D,4,100.07942811772264,108.07942811772264,132.43923749029685,,,none,30.0,20,1,monophasic
Modulated_autosave_20260717_150657_684ms,Flex. carpi rad. (R),R_The_ED_FD_FCR D,5,133.43923749029685,141.43923749029685,165.79904686287017,,,none,30.0,20,1,monophasic
Modulated_autosave_20260717_150657_684ms,Flex. carpi rad. (R),R_The_ED_FD_FCR D,6,166.79904686287017,174.79904686287017,199.15885623544438,,,none,30.0,20,1,monophasic
Modulated_autosave_20260717_150657_684ms,Flex. carpi rad. (R),R_The_ED_FD_FCR D,7,200.15885623544438,208.15885623544438,232.51866560801858,,,none,30.0,20,1,monophasic
Modulated_autosave_20260717_150657_684ms,Flex. carpi rad. (R),R_The_ED_FD_FCR D,8,233.51866560801858,241.51866560801858,265.8784749801274,,,none,30.0,20,1,monophasic
Modulated_autosave_20260717_150657_684ms,Flex. carpi rad. (R),R_The_ED_FD_FCR D,9,266.8784749801274,274.8784749801274,299.2382843527016,,,none,30.0,20,1,monophasic
Modulated_autosave_20260717_150657_684ms,Flex. carpi rad. (R),R_The_ED_FD_FCR D,10,300.2382843527016,308.2382843527016,332.5980937252749,,,none,30.0,20,1,monophasic
Modulated_autosave_20260717_150657_684ms,Flex. carpi rad. (R),R_The_ED_FD_FCR D,1,0.7942811758256951,8.794281175825695,32.35980937257421,,,none,30.0,25,1,monophasic
Modulated_autosave_20260717_150657_684ms,Flex. carpi rad. (R),R_The_ED_FD_FCR D,2,33.35980937257421,41.35980937257421,65.71961874514842,,,none,30.0,25,1,monophasic
Modulated_autosave_20260717_150657_684ms,Flex. carpi rad. (R),R_The_ED_FD_FCR D,3,66.71961874514842,74.71961874514842,99.07942811772264,,,none,30.0,25,1,monophasic
Modulated_autosave_20260717_150657_684ms,Flex. carpi rad. (R),R_The_ED_FD_FCR D,4,100.07942811772264,108.07942811772264,132.43923749029685,,,none,30.0,25,1,monophasic
Modulated_autosave_20260717_150657_684ms,Flex. carpi rad. (R),R_The_ED_FD_FCR D,5,133.43923749029685,141.43923749029685,165.79904686287017,,,none,30.0,25,1,monophasic
Modulated_autosave_20260717_150657_684ms,Flex. carpi rad. (R),R_The_ED_FD_FCR D,6,166.79904686287017,174.79904686287017,199.15885623544438,,,none,30.0,25,1,monophasic
Modulated_autosave_20260717_150657_684ms,Flex. carpi rad. (R),R_The_ED_FD_FCR D,7,200.15885623544438,208.15885623544438,232.51866560801858,,,none,30.0,25,1,monophasic
Modulated_autosave_20260717_150657_684ms,Flex. carpi rad. (R),R_The_ED_FD_FCR D,8,233.51866560801858,241.51866560801858,265.8784749801274,,,none,30.0,25,1,monophasic
Modulated_autosave_20260717_150657_684ms,Flex. carpi rad. (R),R_The_ED_FD_FCR D,9,266.8784749801274,274.8784749801274,299.2382843527016,,,none,30.0,25,1,monophasic
Modulated_autosave_20260717_150657_684ms,Flex. carpi rad. (R),R_The_ED_FD_FCR D,10,300.2382843527016,308.2382843527016,332.5980937252749,,,none,30.0,25,1,monophasic
Modulated_autosave_20260717_150657_684ms,Flex. carpi rad. (R),R_The_ED_FD_FCR D,1,0.7942811758256951,8.794281175825695,32.35980937257421,,,none,30.0,30,1,monophasic
Modulated_autosave_20260717_150657_684ms,Flex. carpi rad. (R),R_The_ED_FD_FCR D,2,33.35980937257421,41.35980937257421,65.71961874514842,,,none,30.0,30,1,monophasic
Modulated_autosave_20260717_150657_684ms,Flex. carpi rad. (R),R_The_ED_FD_FCR D,3,66.71961874514842,74.71961874514842,99.07942811772264,,,none,30.0,30,1,monophasic
Modulated_autosave_20260717_150657_684ms,Flex. carpi rad. (R),R_The_ED_FD_FCR D,4,100.07942811772264,108.07942811772264,132.43923749029685,,,none,30.0,30,1,monophasic
Modulated_autosave_20260717_150657_684ms,Flex. carpi rad. (R),R_The_ED_FD_FCR D,5,133.43923749029685,141.43923749029685,165.79904686287017,,,none,30.0,30,1,monophasic
Modulated_autosave_20260717_150657_684ms,Flex. carpi rad. (R),R_The_ED_FD_FCR D,6,166.79904686287017,174.79904686287017,199.15885623544438,,,none,30.0,30,1,monophasic
Modulated_autosave_20260717_150657_684ms,Flex. carpi rad. (R),R_The_ED_FD_FCR D,7,200.15885623544438,208.15885623544438,232.51866560801858,,,none,30.0,30,1,monophasic
Modulated_autosave_20260717_150657_684ms,Flex. carpi rad. (R),R_The_ED_FD_FCR D,8,233.51866560801858,241.51866560801858,265.8784749801274,,,none,30.0,30,1,monophasic
Modulated_autosave_20260717_150657_684ms,Flex. carpi rad. (R),R_The_ED_FD_FCR D,9,266.8784749801274,274.8784749801274,299.2382843527016,,,none,30.0,30,1,monophasic
Modulated_autosave_20260717_150657_684ms,Flex. carpi rad. (R),R_The_ED_FD_FCR D,10,300.2382843527016,308.2382843527016,332.5980937252749,,,none,30.0,30,1,monophasic
Modulated_autosave_20260717_150657_684ms,Flex. carpi rad. (R),R_The_ED_FD_FCR D,1,0.7942811758256951,8.794281175825695,32.35980937257421,,,none,30.0,35,1,monophasic
Modulated_autosave_20260717_150657_684ms,Flex. carpi rad. (R),R_The_ED_FD_FCR D,2,33.35980937257421,41.35980937257421,65.71961874514842,,,none,30.0,35,1,monophasic
Modulated_autosave_20260717_150657_684ms,Flex. carpi rad. (R),R_The_ED_FD_FCR D,3,66.71961874514842,74.71961874514842,99.07942811772264,,,none,30.0,35,1,monophasic
Modulated_autosave_20260717_150657_684ms,Flex. carpi rad. (R),R_The_ED_FD_FCR D,4,100.07942811772264,108.07942811772264,132.43923749029685,,,none,30.0,35,1,monophasic
Modulated_autosave_20260717_150657_684ms,Flex. carpi rad. (R),R_The_ED_FD_FCR D,5,133.43923749029685,141.43923749029685,165.79904686287017,,,none,30.0,35,1,monophasic
Modulated_autosave_20260717_150657_684ms,Flex. carpi rad. (R),R_The_ED_FD_FCR D,6,166.79904686287017,174.79904686287017,199.15885623544438,,,none,30.0,35,1,monophasic
Modulated_autosave_20260717_150657_684ms,Flex. carpi rad. (R),R_The_ED_FD_FCR D,7,200.15885623544438,208.15885623544438,232.51866560801858,,,none,30.0,35,1,monophasic
Modulated_autosave_20260717_150657_684ms,Flex. carpi rad. (R),R_The_ED_FD_FCR D,8,233.51866560801858,241.51866560801858,265.8784749801274,,,none,30.0,35,1,monophasic
Modulated_autosave_20260717_150657_684ms,Flex. carpi rad. (R),R_The_ED_FD_FCR D,9,266.8784749801274,274.8784749801274,299.2382843527016,,,none,30.0,35,1,monophasic
Modulated_autosave_20260717_150657_684ms,Flex. carpi rad. (R),R_The_ED_FD_FCR D,10,300.2382843527016,308.2382843527016,332.5980937252749,,,none,30.0,35,1,monophasic
Modulated_autosave_20260717_150657_684ms,Flex. carpi rad. (R),R_The_ED_FD_FCR D,1,0.7942811758256951,8.794281175825695,32.35980937257421,,,none,30.0,40,1,monophasic
Modulated_autosave_20260717_150657_684ms,Flex. carpi rad. (R),R_The_ED_FD_FCR D,2,33.35980937257421,41.35980937257421,65.71961874514842,,,none,30.0,40,1,monophasic
Modulated_autosave_20260717_150657_684ms,Flex. carpi rad. (R),R_The_ED_FD_FCR D,3,66.71961874514842,74.71961874514842,99.07942811772264,,,none,30.0,40,1,monophasic
Modulated_autosave_20260717_150657_684ms,Flex. carpi rad. (R),R_The_ED_FD_FCR D,4,100.07942811772264,108.07942811772264,132.43923749029685,,,none,30.0,40,1,monophasic
Modulated_autosave_20260717_150657_684ms,Flex. carpi rad. (R),R_The_ED_FD_FCR D,5,133.43923749029685,141.43923749029685,165.79904686287017,,,none,30.0,40,1,monophasic
Modulated_autosave_20260717_150657_684ms,Flex. carpi rad. (R),R_The_ED_FD_FCR D,6,166.79904686287017,174.79904686287017,199.15885623544438,,,none,30.0,40,1,monophasic
Modulated_autosave_20260717_150657_684ms,Flex. carpi rad. (R),R_The_ED_FD_FCR D,7,200.15885623544438,208.15885623544438,232.51866560801858,,,none,30.0,40,1,monophasic
Modulated_autosave_20260717_150657_684ms,Flex. carpi rad. (R),R_The_ED_FD_FCR D,8,233.51866560801858,241.51866560801858,265.8784749801274,,,none,30.0,40,1,monophasic
Modulated_autosave_20260717_150657_684ms,Flex. carpi rad. (R),R_The_ED_FD_FCR D,9,266.8784749801274,274.8784749801274,299.2382843527016,,,none,30.0,40,1,monophasic
Modulated_autosave_20260717_150657_684ms,Flex. carpi rad. (R),R_The_ED_FD_FCR D,10,300.2382843527016,308.2382843527016,332.5980937252749,,,none,30.0,40,1,monophasic
Modulated_autosave_20260717_150657_684ms,Flex. carpi rad. (R),R_The_ED_FD_FCR D,1,0.7942811758256951,8.794281175825695,32.35980937257421,,,none,30.0,45,1,monophasic
Modulated_autosave_20260717_150657_684ms,Flex. carpi rad. (R),R_The_ED_FD_FCR D,2,33.35980937257421,41.35980937257421,65.71961874514842,,,none,30.0,45,1,monophasic
Modulated_autosave_20260717_150657_684ms,Flex. carpi rad. (R),R_The_ED_FD_FCR D,3,66.71961874514842,74.71961874514842,99.07942811772264,,,none,30.0,45,1,monophasic
Modulated_autosave_20260717_150657_684ms,Flex. carpi rad. (R),R_The_ED_FD_FCR D,4,100.07942811772264,108.07942811772264,132.43923749029685,,,none,30.0,45,1,monophasic
Modulated_autosave_20260717_150657_684ms,Flex. carpi rad. (R),R_The_ED_FD_FCR D,5,133.43923749029685,141.43923749029685,165.79904686287017,,,none,30.0,45,1,monophasic
Modulated_autosave_20260717_150657_684ms,Flex. carpi rad. (R),R_The_ED_FD_FCR D,6,166.79904686287017,174.79904686287017,199.15885623544438,,,none,30.0,45,1,monophasic
Modulated_autosave_20260717_150657_684ms,Flex. carpi rad. (R),R_The_ED_FD_FCR D,7,200.15885623544438,208.15885623544438,232.51866560801858,,,none,30.0,45,1,monophasic
Modulated_autosave_20260717_150657_684ms,Flex. carpi rad. (R),R_The_ED_FD_FCR D,8,233.51866560801858,241.51866560801858,265.8784749801274,,,none,30.0,45,1,monophasic
Modulated_autosave_20260717_150657_684ms,Flex. carpi rad. (R),R_The_ED_FD_FCR D,9,266.8784749801274,274.8784749801274,299.2382843527016,,,none,30.0,45,1,monophasic
Modulated_autosave_20260717_150657_684ms,Flex. carpi rad. (R),R_The_ED_FD_FCR D,10,300.2382843527016,308.2382843527016,332.5980937252749,,,none,30.0,45,1,monophasic
Modulated_autosave_20260717_150657_684ms,Flex. carpi rad. (R),R_The_ED_FD_FCR D,1,0.7942811758256951,8.794281175825695,32.35980937257421,,,none,30.0,50,1,monophasic
Modulated_autosave_20260717_150657_684ms,Flex. carpi rad. (R),R_The_ED_FD_FCR D,2,33.35980937257421,41.35980937257421,65.71961874514842,,,none,30.0,50,1,monophasic
Modulated_autosave_20260717_150657_684ms,Flex. carpi rad. (R),R_The_ED_FD_FCR D,3,66.71961874514842,74.71961874514842,99.07942811772264,,,none,30.0,50,1,monophasic
Modulated_autosave_20260717_150657_684ms,Flex. carpi rad. (R),R_The_ED_FD_FCR D,4,100.07942811772264,108.07942811772264,132.43923749029685,,,none,30.0,50,1,monophasic
Modulated_autosave_20260717_150657_684ms,Flex. carpi rad. (R),R_The_ED_FD_FCR D,5,133.43923749029685,141.43923749029685,165.79904686287017,,,none,30.0,50,1,monophasic
Modulated_autosave_20260717_150657_684ms,Flex. carpi rad. (R),R_The_ED_FD_FCR D,6,166.79904686287017,174.79904686287017,199.15885623544438,,,none,30.0,50,1,monophasic
Modulated_autosave_20260717_150657_684ms,Flex. carpi rad. (R),R_The_ED_FD_FCR D,7,200.15885623544438,208.15885623544438,232.51866560801858,,,none,30.0,50,1,monophasic
Modulated_autosave_20260717_150657_684ms,Flex. carpi rad. (R),R_The_ED_FD_FCR D,8,233.51866560801858,241.51866560801858,265.8784749801274,,,none,30.0,50,1,monophasic
Modulated_autosave_20260717_150657_684ms,Flex. carpi rad. (R),R_The_ED_FD_FCR D,9,266.8784749801274,274.8784749801274,299.2382843527016,,,none,30.0,50,1,monophasic
Modulated_autosave_20260717_150657_684ms,Flex. carpi rad. (R),R_The_ED_FD_FCR D,10,300.2382843527016,308.2382843527016,332.5980937252749,,,none,30.0,50,1,monophasic
Modulated_autosave_20260717_150657_684ms,Flex. carpi rad. (R),R_The_ED_FD_FCR D,1,0.7942811758256951,8.794281175825695,32.35980937257421,,,none,30.0,55,1,monophasic
Modulated_autosave_20260717_150657_684ms,Flex. carpi rad. (R),R_The_ED_FD_FCR D,2,33.35980937257421,41.35980937257421,65.71961874514842,,,none,30.0,55,1,monophasic
Modulated_autosave_20260717_150657_684ms,Flex. carpi rad. (R),R_The_ED_FD_FCR D,3,66.71961874514842,74.71961874514842,99.07942811772264,,,none,30.0,55,1,monophasic
Modulated_autosave_20260717_150657_684ms,Flex. carpi rad. (R),R_The_ED_FD_FCR D,4,100.07942811772264,108.07942811772264,132.43923749029685,,,none,30.0,55,1,monophasic
Modulated_autosave_20260717_150657_684ms,Flex. carpi rad. (R),R_The_ED_FD_FCR D,5,133.43923749029685,141.43923749029685,165.79904686287017,,,none,30.0,55,1,monophasic
Modulated_autosave_20260717_150657_684ms,Flex. carpi rad. (R),R_The_ED_FD_FCR D,6,166.79904686287017,174.79904686287017,199.15885623544438,,,none,30.0,55,1,monophasic
Modulated_autosave_20260717_150657_684ms,Flex. carpi rad. (R),R_The_ED_FD_FCR D,7,200.15885623544438,208.15885623544438,232.51866560801858,,,none,30.0,55,1,monophasic
Modulated_autosave_20260717_150657_684ms,Flex. carpi rad. (R),R_The_ED_FD_FCR D,8,233.51866560801858,241.51866560801858,265.8784749801274,,,none,30.0,55,1,monophasic
Modulated_autosave_20260717_150657_684ms,Flex. carpi rad. (R),R_The_ED_FD_FCR D,9,266.8784749801274,274.8784749801274,299.2382843527016,,,none,30.0,55,1,monophasic
Modulated_autosave_20260717_150657_684ms,Flex. carpi rad. (R),R_The_ED_FD_FCR D,10,300.2382843527016,308.2382843527016,332.5980937252749,,,none,30.0,55,1,monophasic
Modulated_autosave_20260717_150657_684ms,Flex. carpi rad. (R),R_The_ED_FD_FCR D,1,0.7942811758256951,8.794281175825695,32.35980937257421,,,none,30.0,60,1,monophasic
Modulated_autosave_20260717_150657_684ms,Flex. carpi rad. (R),R_The_ED_FD_FCR D,2,33.35980937257421,41.35980937257421,65.71961874514842,,,none,30.0,60,1,monophasic
Modulated_autosave_20260717_150657_684ms,Flex. carpi rad. (R),R_The_ED_FD_FCR D,3,66.71961874514842,74.71961874514842,99.07942811772264,,,none,30.0,60,1,monophasic
Modulated_autosave_20260717_150657_684ms,Flex. carpi rad. (R),R_The_ED_FD_FCR D,4,100.07942811772264,108.07942811772264,132.43923749029685,,,none,30.0,60,1,monophasic
Modulated_autosave_20260717_150657_684ms,Flex. carpi rad. (R),R_The_ED_FD_FCR D,5,133.43923749029685,141.43923749029685,165.79904686287017,,,none,30.0,60,1,monophasic
Modulated_autosave_20260717_150657_684ms,Flex. carpi rad. (R),R_The_ED_FD_FCR D,6,166.79904686287017,174.79904686287017,199.15885623544438,,,none,30.0,60,1,monophasic
Modulated_autosave_20260717_150657_684ms,Flex. carpi rad. (R),R_The_ED_FD_FCR D,7,200.15885623544438,208.15885623544438,232.51866560801858,,,none,30.0,60,1,monophasic
Modulated_autosave_20260717_150657_684ms,Flex. carpi rad. (R),R_The_ED_FD_FCR D,8,233.51866560801858,241.51866560801858,265.8784749801274,,,none,30.0,60,1,monophasic
Modulated_autosave_20260717_150657_684ms,Flex. carpi rad. (R),R_The_ED_FD_FCR D,9,266.8784749801274,274.8784749801274,299.2382843527016,,,none,30.0,60,1,monophasic
Modulated_autosave_20260717_150657_684ms,Flex. carpi rad. (R),R_The_ED_FD_FCR D,10,300.2382843527016,308.2382843527016,332.5980937252749,,,none,30.0,60,1,monophasic
Modulated_autosave_20260717_150657_684ms,Flex. carpi rad. (R),R_The_ED_FD_FCR D,1,0.7942811758256951,8.794281175825695,32.35980937257421,,,none,30.0,65,1,monophasic
Modulated_autosave_20260717_150657_684ms,Flex. carpi rad. (R),R_The_ED_FD_FCR D,2,33.35980937257421,41.35980937257421,65.71961874514842,,,none,30.0,65,1,monophasic
Modulated_autosave_20260717_150657_684ms,Flex. carpi rad. (R),R_The_ED_FD_FCR D,3,66.71961874514842,74.71961874514842,99.07942811772264,,,none,30.0,65,1,monophasic
Modulated_autosave_20260717_150657_684ms,Flex. carpi rad. (R),R_The_ED_FD_FCR D,4,100.07942811772264,108.07942811772264,132.43923749029685,,,none,30.0,65,1,monophasic
Modulated_autosave_20260717_150657_684ms,Flex. carpi rad. (R),R_The_ED_FD_FCR D,5,133.43923749029685,141.43923749029685,165.79904686287017,,,none,30.0,65,1,monophasic
Modulated_autosave_20260717_150657_684ms,Flex. carpi rad. (R),R_The_ED_FD_FCR D,6,166.79904686287017,174.79904686287017,199.15885623544438,,,none,30.0,65,1,monophasic
Modulated_autosave_20260717_150657_684ms,Flex. carpi rad. (R),R_The_ED_FD_FCR D,7,200.15885623544438,208.15885623544438,232.51866560801858,,,none,30.0,65,1,monophasic
Modulated_autosave_20260717_150657_684ms,Flex. carpi rad. (R),R_The_ED_FD_FCR D,8,233.51866560801858,241.51866560801858,265.8784749801274,,,none,30.0,65,1,monophasic
Modulated_autosave_20260717_150657_684ms,Flex. carpi rad. (R),R_The_ED_FD_FCR D,9,266.8784749801274,274.8784749801274,299.2382843527016,,,none,30.0,65,1,monophasic
Modulated_autosave_20260717_150657_684ms,Flex. carpi rad. (R),R_The_ED_FD_FCR D,10,300.2382843527016,308.2382843527016,332.5980937252749,,,none,30.0,65,1,monophasic
Modulated_autosave_20260717_150657_684ms,Flex. carpi rad. (R),R_The_ED_FD_FCR D,1,0.7942811758256951,8.794281175825695,32.35980937257421,,,none,30.0,70,1,monophasic
Modulated_autosave_20260717_150657_684ms,Flex. carpi rad. (R),R_The_ED_FD_FCR D,2,33.35980937257421,41.35980937257421,65.71961874514842,,,none,30.0,70,1,monophasic
Modulated_autosave_20260717_150657_684ms,Flex. carpi rad. (R),R_The_ED_FD_FCR D,3,66.71961874514842,74.71961874514842,99.07942811772264,,,none,30.0,70,1,monophasic
Modulated_autosave_20260717_150657_684ms,Flex. carpi rad. (R),R_The_ED_FD_FCR D,4,100.07942811772264,108.07942811772264,132.43923749029685,,,none,30.0,70,1,monophasic
Modulated_autosave_20260717_150657_684ms,Flex. carpi rad. (R),R_The_ED_FD_FCR D,5,133.43923749029685,141.43923749029685,165.79904686287017,,,none,30.0,70,1,monophasic
Modulated_autosave_20260717_150657_684ms,Flex. carpi rad. (R),R_The_ED_FD_FCR D,6,166.79904686287017,174.79904686287017,199.15885623544438,,,none,30.0,70,1,monophasic
Modulated_autosave_20260717_150657_684ms,Flex. carpi rad. (R),R_The_ED_FD_FCR D,7,200.15885623544438,208.15885623544438,232.51866560801858,,,none,30.0,70,1,monophasic
Modulated_autosave_20260717_150657_684ms,Flex. carpi rad. (R),R_The_ED_FD_FCR D,8,233.51866560801858,241.51866560801858,265.8784749801274,,,none,30.0,70,1,monophasic
Modulated_autosave_20260717_150657_684ms,Flex. carpi rad. (R),R_The_ED_FD_FCR D,9,266.8784749801274,274.8784749801274,299.2382843527016,,,none,30.0,70,1,monophasic
Modulated_autosave_20260717_150657_684ms,Flex. carpi rad. (R),R_The_ED_FD_FCR D,10,300.2382843527016,308.2382843527016,332.5980937252749,,,none,30.0,70,1,monophasic
Modulated_autosave_20260717_150657_684ms,Flex. carpi rad. (R),R_The_ED_FD_FCR D,1,0.7942811758256951,8.794281175825695,32.35980937257421,,,none,30.0,75,1,monophasic
Modulated_autosave_20260717_150657_684ms,Flex. carpi rad. (R),R_The_ED_FD_FCR D,2,33.35980937257421,41.35980937257421,65.71961874514842,,,none,30.0,75,1,monophasic
Modulated_autosave_20260717_150657_684ms,Flex. carpi rad. (R),R_The_ED_FD_FCR D,3,66.71961874514842,74.71961874514842,99.07942811772264,,,none,30.0,75,1,monophasic
Modulated_autosave_20260717_150657_684ms,Flex. carpi rad. (R),R_The_ED_FD_FCR D,4,100.07942811772264,108.07942811772264,132.43923749029685,,,none,30.0,75,1,monophasic
Modulated_autosave_20260717_150657_684ms,Flex. carpi rad. (R),R_The_ED_FD_FCR D,5,133.43923749029685,141.43923749029685,165.79904686287017,,,none,30.0,75,1,monophasic
Modulated_autosave_20260717_150657_684ms,Flex. carpi rad. (R),R_The_ED_FD_FCR D,6,166.79904686287017,174.79904686287017,199.15885623544438,,,none,30.0,75,1,monophasic
Modulated_autosave_20260717_150657_684ms,Flex. carpi rad. (R),R_The_ED_FD_FCR D,7,200.15885623544438,208.15885623544438,232.51866560801858,,,none,30.0,75,1,monophasic
Modulated_autosave_20260717_150657_684ms,Flex. carpi rad. (R),R_The_ED_FD_FCR D,8,233.51866560801858,241.51866560801858,265.8784749801274,,,none,30.0,75,1,monophasic
Modulated_autosave_20260717_150657_684ms,Flex. carpi rad. (R),R_The_ED_FD_FCR D,9,266.8784749801274,274.8784749801274,299.2382843527016,,,none,30.0,75,1,monophasic
Modulated_autosave_20260717_150657_684ms,Flex. carpi rad. (R),R_The_ED_FD_FCR D,10,300.2382843527016,308.2382843527016,332.5980937252749,,,none,30.0,75,1,monophasic
Modulated_autosave_20260717_150657_684ms,Flex. carpi rad. (R),R_The_ED_FD_FCR D,1,0.7942811758256951,8.794281175825695,32.35980937257421,,,none,30.0,80,1,monophasic
Modulated_autosave_20260717_150657_684ms,Flex. carpi rad. (R),R_The_ED_FD_FCR D,2,33.35980937257421,41.35980937257421,65.71961874514842,,,none,30.0,80,1,monophasic
Modulated_autosave_20260717_150657_684ms,Flex. carpi rad. (R),R_The_ED_FD_FCR D,3,66.71961874514842,74.71961874514842,99.07942811772264,,,none,30.0,80,1,monophasic
Modulated_autosave_20260717_150657_684ms,Flex. carpi rad. (R),R_The_ED_FD_FCR D,4,100.07942811772264,108.07942811772264,132.43923749029685,,,none,30.0,80,1,monophasic
Modulated_autosave_20260717_150657_684ms,Flex. carpi rad. (R),R_The_ED_FD_FCR D,5,133.43923749029685,141.43923749029685,165.79904686287017,,,none,30.0,80,1,monophasic
Modulated_autosave_20260717_150657_684ms,Flex. carpi rad. (R),R_The_ED_FD_FCR D,6,166.79904686287017,174.79904686287017,199.15885623544438,,,none,30.0,80,1,monophasic
Modulated_autosave_20260717_150657_684ms,Flex. carpi rad. (R),R_The_ED_FD_FCR D,7,200.15885623544438,208.15885623544438,232.51866560801858,,,none,30.0,80,1,monophasic
Modulated_autosave_20260717_150657_684ms,Flex. carpi rad. (R),R_The_ED_FD_FCR D,8,233.51866560801858,241.51866560801858,265.8784749801274,,,none,30.0,80,1,monophasic
Modulated_autosave_20260717_150657_684ms,Flex. carpi rad. (R),R_The_ED_FD_FCR D,9,266.8784749801274,274.8784749801274,299.2382843527016,,,none,30.0,80,1,monophasic
Modulated_autosave_20260717_150657_684ms,Flex. carpi rad. (R),R_The_ED_FD_FCR D,10,300.2382843527016,308.2382843527016,332.5980937252749,,,none,30.0,80,1,monophasic
Modulated_autosave_20260717_150657_684ms,Flex. carpi rad. (R),R_The_ED_FD_FCR D,1,0.7942811758256951,8.794281175825695,32.35980937257421,0.02853437070734799,0.02853437070734799,none,30.0,85,1,monophasic
Modulated_autosave_20260717_150657_684ms,Flex. carpi rad. (R),R_The_ED_FD_FCR D,2,33.35980937257421,41.35980937257421,65.71961874514842,0.005371175706386566,0.005371175706386566,none,30.0,85,1,monophasic
Modulated_autosave_20260717_150657_684ms,Flex. carpi rad. (R),R_The_ED_FD_FCR D,3,66.71961874514842,74.71961874514842,99.07942811772264,0.027527275728061795,0.027527275728061795,none,30.0,85,1,monophasic
Modulated_autosave_20260717_150657_684ms,Flex. carpi rad. (R),R_The_ED_FD_FCR D,4,100.07942811772264,108.07942811772264,132.43923749029685,0.022827496053650975,0.022827496053650975,none,30.0,85,1,monophasic
Modulated_autosave_20260717_150657_684ms,Flex. carpi rad. (R),R_The_ED_FD_FCR D,5,133.43923749029685,141.43923749029685,165.79904686287017,0.0073853665962815285,0.0073853665962815285,none,30.0,85,1,monophasic
Modulated_autosave_20260717_150657_684ms,Flex. carpi rad. (R),R_The_ED_FD_FCR D,6,166.79904686287017,174.79904686287017,199.15885623544438,0.024841687409207225,0.024841687409207225,none,30.0,85,1,monophasic
Modulated_autosave_20260717_150657_684ms,Flex. carpi rad. (R),R_The_ED_FD_FCR D,7,200.15885623544438,208.15885623544438,232.51866560801858,0.007217517122626305,0.007217517122626305,none,30.0,85,1,monophasic
Modulated_autosave_20260717_150657_684ms,Flex. carpi rad. (R),R_The_ED_FD_FCR D,8,233.51866560801858,241.51866560801858,265.8784749801274,0.01812771800905466,0.01812771800905466,none,30.0,85,1,monophasic
Modulated_autosave_20260717_150657_684ms,Flex. carpi rad. (R),R_The_ED_FD_FCR D,9,266.8784749801274,274.8784749801274,299.2382843527016,0.02450598869472742,0.02450598869472742,none,30.0,85,1,monophasic
Modulated_autosave_20260717_150657_684ms,Flex. carpi rad. (R),R_The_ED_FD_FCR D,10,300.2382843527016,308.2382843527016,332.5980937252749,0.006042572669684887,0.006042572669684887,none,30.0,85,1,monophasic
Modulated_autosave_20260717_150657_684ms,Flex. carpi rad. (R),R_The_ED_FD_FCR D,1,0.7942811758256951,8.794281175825695,32.35980937257421,0.704966813325882,0.704966813325882,none,30.0,90,1,monophasic
Modulated_autosave_20260717_150657_684ms,Flex. carpi rad. (R),R_The_ED_FD_FCR D,2,33.35980937257421,41.35980937257421,65.71961874514842,0.009399556554853916,0.009399556554853916,none,30.0,90,1,monophasic
Modulated_autosave_20260717_150657_684ms,Flex. carpi rad. (R),R_The_ED_FD_FCR D,3,66.71961874514842,74.71961874514842,99.07942811772264,0.033569849794730544,0.033569849794730544,none,30.0,90,1,monophasic
Modulated_autosave_20260717_150657_684ms,Flex. carpi rad. (R),R_The_ED_FD_FCR D,4,100.07942811772264,108.07942811772264,132.43923749029685,0.023834592662751675,0.023834592662751675,none,30.0,90,1,monophasic
Modulated_autosave_20260717_150657_684ms,Flex. carpi rad. (R),R_The_ED_FD_FCR D,5,133.43923749029685,141.43923749029685,165.79904686287017,0.03356984746642411,0.03356984746642411,none,30.0,90,1,monophasic
Modulated_autosave_20260717_150657_684ms,Flex. carpi rad. (R),R_The_ED_FD_FCR D,6,166.79904686287017,174.79904686287017,199.15885623544438,0.028870068723335862,0.028870068723335862,none,30.0,90,1,monophasic
Modulated_autosave_20260717_150657_684ms,Flex. carpi rad. (R),R_The_ED_FD_FCR D,7,200.15885623544438,208.15885623544438,232.51866560801858,0.004699778743088245,0.004699778743088245,none,30.0,90,1,monophasic
Modulated_autosave_20260717_150657_684ms,Flex. carpi rad. (R),R_The_ED_FD_FCR D,8,233.51866560801858,241.51866560801858,265.8784749801274,0.0287022206466645,0.0287022206466645,none,30.0,90,1,monophasic
Modulated_autosave_20260717_150657_684ms,Flex. carpi rad. (R),R_The_ED_FD_FCR D,9,266.8784749801274,274.8784749801274,299.2382843527016,0.02299534622579813,0.02299534622579813,none,30.0,90,1,monophasic
Modulated_autosave_20260717_150657_684ms,Flex. carpi rad. (R),R_The_ED_FD_FCR D,10,300.2382843527016,308.2382843527016,332.5980937252749,0.02920576767064631,0.02920576767064631,none,30.0,90,1,monophasic
Modulated_autosave_20260717_150657_684ms,Flex. carpi rad. (R),R_The_ED_FD_FCR D,1,0.7942811758256951,8.794281175825695,32.35980937257421,0.7949340045452118,0.7949340045452118,none,30.0,95,1,monophasic
Modulated_autosave_20260717_150657_684ms,Flex. carpi rad. (R),R_The_ED_FD_FCR D,2,33.35980937257421,41.35980937257421,65.71961874514842,0.7069810032844543,0.7069810032844543,none,30.0,95,1,monophasic
Modulated_autosave_20260717_150657_684ms,Flex. carpi rad. (R),R_The_ED_FD_FCR D,3,66.71961874514842,74.71961874514842,99.07942811772264,0.754314512014389,0.754314512014389,none,30.0,95,1,monophasic
Modulated_autosave_20260717_150657_684ms,Flex. carpi rad. (R),R_The_ED_FD_FCR D,4,100.07942811772264,108.07942811772264,132.43923749029685,0.7820096015930176,0.7820096015930176,none,30.0,95,1,monophasic
Modulated_autosave_20260717_150657_684ms,Flex. carpi rad. (R),R_The_ED_FD_FCR D,5,133.43923749029685,141.43923749029685,165.79904686287017,0.6794537305831909,0.6794537305831909,none,30.0,95,1,monophasic
Modulated_autosave_20260717_150657_684ms,Flex. carpi rad. (R),R_The_ED_FD_FCR D,6,166.79904686287017,174.79904686287017,199.15885623544438,0.05354390665888786,0.05354390665888786,none,30.0,95,1,monophasic
Modulated_autosave_20260717_150657_684ms,Flex. carpi rad. (R),R_The_ED_FD_FCR D,7,200.15885623544438,208.15885623544438,232.51866560801858,0.7021133899688721,0.7021133899688721,none,30.0,95,1,monophasic
Modulated_autosave_20260717_150657_684ms,Flex. carpi rad. (R),R_The_ED_FD_FCR D,8,233.51866560801858,241.51866560801858,265.8784749801274,0.7126878798007965,0.7126878798007965,none,30.0,95,1,monophasic
Modulated_autosave_20260717_150657_684ms,Flex. carpi rad. (R),R_The_ED_FD_FCR D,9,266.8784749801274,274.8784749801274,299.2382843527016,0.06076142657548189,0.06076142657548189,none,30.0,95,1,monophasic
Modulated_autosave_20260717_150657_684ms,Flex. carpi rad. (R),R_The_ED_FD_FCR D,10,300.2382843527016,308.2382843527016,332.5980937252749,0.6666971743106842,0.6666971743106842,none,30.0,95,1,monophasic
Modulated_autosave_20260717_150657_684ms,Flex. carpi rad. (R),R_The_ED_FD_FCR D,1,0.7942811758256951,8.794281175825695,32.35980937257421,0.7872129380702972,0.7872129380702972,none,30.0,100,1,monophasic
Modulated_autosave_20260717_150657_684ms,Flex. carpi rad. (R),R_The_ED_FD_FCR D,2,33.35980937257421,41.35980937257421,65.71961874514842,,,none,30.0,100,1,monophasic
Modulated_autosave_20260717_150657_684ms,Flex. carpi rad. (R),R_The_ED_FD_FCR D,3,66.71961874514842,74.71961874514842,99.07942811772264,0.7586785554885864,0.7586785554885864,none,30.0,100,1,monophasic
Modulated_autosave_20260717_150657_684ms,Flex. carpi rad. (R),R_The_ED_FD_FCR D,4,100.07942811772264,108.07942811772264,132.43923749029685,0.7754634916782379,0.7754634916782379,none,30.0,100,1,monophasic
Modulated_autosave_20260717_150657_684ms,Flex. carpi rad. (R),R_The_ED_FD_FCR D,5,133.43923749029685,141.43923749029685,165.79904686287017,0.7069810032844543,0.7069810032844543,none,30.0,100,1,monophasic
Modulated_autosave_20260717_150657_684ms,Flex. carpi rad. (R),R_The_ED_FD_FCR D,6,166.79904686287017,174.79904686287017,199.15885623544438,0.7044632434844971,0.7044632434844971,none,30.0,100,1,monophasic
Modulated_autosave_20260717_150657_684ms,Flex. carpi rad. (R),R_The_ED_FD_FCR D,7,200.15885623544438,208.15885623544438,232.51866560801858,0.7219195663928986,0.7219195663928986,none,30.0,100,1,monophasic
Modulated_autosave_20260717_150657_684ms,Flex. carpi rad. (R),R_The_ED_FD_FCR D,8,233.51866560801858,241.51866560801858,265.8784749801274,0.697245717048645,0.697245717048645,none,30.0,100,1,monophasic
Modulated_autosave_20260717_150657_684ms,Flex. carpi rad. (R),R_The_ED_FD_FCR D,9,266.8784749801274,274.8784749801274,299.2382843527016,0.6781109273433685,0.6781109273433685,none,30.0,100,1,monophasic
Modulated_autosave_20260717_150657_684ms,Flex. carpi rad. (R),R_The_ED_FD_FCR D,10,300.2382843527016,308.2382843527016,332.5980937252749,0.7314870059490204,0.7314870059490204,none,30.0,100,1,monophasic
Modulated_autosave_20260717_150657_684ms,Flex. carpi rad. (R),R_The_ED_FD_FCR D,1,0.7942811758256951,8.794281175825695,32.35980937257421,0.7845273613929749,0.7845273613929749,none,30.0,105,1,monophasic
Modulated_autosave_20260717_150657_684ms,Flex. carpi rad. (R),R_The_ED_FD_FCR D,2,33.35980937257421,41.35980937257421,65.71961874514842,0.8348821103572845,0.8348821103572845,none,30.0,105,1,monophasic
Modulated_autosave_20260717_150657_684ms,Flex. carpi rad. (R),R_The_ED_FD_FCR D,3,66.71961874514842,74.71961874514842,99.07942811772264,0.7962768077850342,0.7962768077850342,none,30.0,105,1,monophasic
Modulated_autosave_20260717_150657_684ms,Flex. carpi rad. (R),R_The_ED_FD_FCR D,4,100.07942811772264,108.07942811772264,132.43923749029685,0.7136949896812439,0.7136949896812439,none,30.0,105,1,monophasic
Modulated_autosave_20260717_150657_684ms,Flex. carpi rad. (R),R_The_ED_FD_FCR D,5,133.43923749029685,141.43923749029685,165.79904686287017,0.7709315717220306,0.7709315717220306,none,30.0,105,1,monophasic
Modulated_autosave_20260717_150657_684ms,Flex. carpi rad. (R),R_The_ED_FD_FCR D,6,166.79904686287017,174.79904686287017,199.15885623544438,0.7707636952400208,0.7707636952400208,none,30.0,105,1,monophasic
Modulated_autosave_20260717_150657_684ms,Flex. carpi rad. (R),R_The_ED_FD_FCR D,7,200.15885623544438,208.15885623544438,232.51866560801858,0.6806286871433258,0.6806286871433258,none,30.0,105,1,monophasic
Modulated_autosave_20260717_150657_684ms,Flex. carpi rad. (R),R_The_ED_FD_FCR D,8,233.51866560801858,241.51866560801858,265.8784749801274,0.755321592092514,0.755321592092514,none,30.0,105,1,monophasic
Modulated_autosave_20260717_150657_684ms,Flex. carpi rad. (R),R_The_ED_FD_FCR D,9,266.8784749801274,274.8784749801274,299.2382843527016,0.687006950378418,0.687006950378418,none,30.0,105,1,monophasic
Modulated_autosave_20260717_150657_684ms,Flex. carpi rad. (R),R_The_ED_FD_FCR D,10,300.2382843527016,308.2382843527016,332.5980937252749,0.634805828332901,0.634805828332901,none,30.0,105,1,monophasic
Modulated_autosave_20260717_150657_684ms,Flex. carpi rad. (R),R_The_ED_FD_FCR D,1,0.7942811758256951,8.794281175825695,32.35980937257421,,,none,30.0,110,1,monophasic
Modulated_autosave_20260717_150657_684ms,Flex. carpi rad. (R),R_The_ED_FD_FCR D,2,33.35980937257421,41.35980937257421,65.71961874514842,,,none,30.0,110,1,monophasic
Modulated_autosave_20260717_150657_684ms,Flex. carpi rad. (R),R_The_ED_FD_FCR D,3,66.71961874514842,74.71961874514842,99.07942811772264,,,none,30.0,110,1,monophasic
Modulated_autosave_20260717_150657_684ms,Flex. carpi rad. (R),R_The_ED_FD_FCR D,4,100.07942811772264,108.07942811772264,132.43923749029685,,,none,30.0,110,1,monophasic
Modulated_autosave_20260717_150657_684ms,Flex. carpi rad. (R),R_The_ED_FD_FCR D,5,133.43923749029685,141.43923749029685,165.79904686287017,,,none,30.0,110,1,monophasic
Modulated_autosave_20260717_150657_684ms,Flex. carpi rad. (R),R_The_ED_FD_FCR D,6,166.79904686287017,174.79904686287017,199.15885623544438,,,none,30.0,110,1,monophasic
Modulated_autosave_20260717_150657_684ms,Flex. carpi rad. (R),R_The_ED_FD_FCR D,7,200.15885623544438,208.15885623544438,232.51866560801858,,,none,30.0,110,1,monophasic
Modulated_autosave_20260717_150657_684ms,Flex. carpi rad. (R),R_The_ED_FD_FCR D,8,233.51866560801858,241.51866560801858,265.8784749801274,,,none,30.0,110,1,monophasic
Modulated_autosave_20260717_150657_684ms,Flex. carpi rad. (R),R_The_ED_FD_FCR D,9,266.8784749801274,274.8784749801274,299.2382843527016,,,none,30.0,110,1,monophasic
Modulated_autosave_20260717_150657_684ms,Flex. carpi rad. (R),R_The_ED_FD_FCR D,10,300.2382843527016,308.2382843527016,332.5980937252749,,,none,30.0,110,1,monophasic
