source_file,muscle,channel,pulse,pulse_t_ms,win_start_ms,win_stop_ms,p2p,p2p_norm_pct,norm_mode,freq_hz,amp_ma,electrode,mode
Burst_autosave_20260724_114055_891ms,Deltoid med. (L),L_DELmed,1,0.0,8.0,32.359809372573764,,,none,30.0,10,2,monophasic
Burst_autosave_20260724_114055_891ms,Deltoid med. (L),L_DELmed,2,33.359809372573764,41.359809372573764,64.92533756885643,,,none,30.0,10,2,monophasic
Burst_autosave_20260724_114055_891ms,Deltoid med. (L),L_DELmed,3,65.92533756885643,73.92533756885643,98.28514694143064,,,none,30.0,10,2,monophasic
Burst_autosave_20260724_114055_891ms,Deltoid med. (L),L_DELmed,4,99.28514694143064,107.28514694143064,132.4392374893647,,,none,30.0,10,2,monophasic
Burst_autosave_20260724_114055_891ms,Deltoid med. (L),L_DELmed,5,133.4392374893647,141.4392374893647,165.00476568657908,,,none,30.0,10,2,monophasic
Burst_autosave_20260724_114055_891ms,Deltoid med. (L),L_DELmed,6,166.00476568657908,174.00476568657908,198.36457505915283,,,none,30.0,10,2,monophasic
Burst_autosave_20260724_114055_891ms,Deltoid med. (L),L_DELmed,7,199.36457505915283,207.36457505915283,231.72438443172706,,,none,30.0,10,2,monophasic
Burst_autosave_20260724_114055_891ms,Deltoid med. (L),L_DELmed,8,232.72438443172706,240.72438443172706,265.08419380430126,,,none,30.0,10,2,monophasic
Burst_autosave_20260724_114055_891ms,Deltoid med. (L),L_DELmed,9,266.08419380430126,274.08419380430126,298.44400317687547,,,none,30.0,10,2,monophasic
Burst_autosave_20260724_114055_891ms,Deltoid med. (L),L_DELmed,10,299.44400317687547,307.44400317687547,331.8038125494492,,,none,30.0,10,2,monophasic
Burst_autosave_20260724_114055_891ms,Deltoid med. (L),L_DELmed,1,0.0,8.0,32.359809372573764,,,none,30.0,15,2,monophasic
Burst_autosave_20260724_114055_891ms,Deltoid med. (L),L_DELmed,2,33.359809372573764,41.359809372573764,64.92533756885643,,,none,30.0,15,2,monophasic
Burst_autosave_20260724_114055_891ms,Deltoid med. (L),L_DELmed,3,65.92533756885643,73.92533756885643,98.28514694143064,,,none,30.0,15,2,monophasic
Burst_autosave_20260724_114055_891ms,Deltoid med. (L),L_DELmed,4,99.28514694143064,107.28514694143064,132.4392374893647,,,none,30.0,15,2,monophasic
Burst_autosave_20260724_114055_891ms,Deltoid med. (L),L_DELmed,5,133.4392374893647,141.4392374893647,165.00476568657908,,,none,30.0,15,2,monophasic
Burst_autosave_20260724_114055_891ms,Deltoid med. (L),L_DELmed,6,166.00476568657908,174.00476568657908,198.36457505915283,,,none,30.0,15,2,monophasic
Burst_autosave_20260724_114055_891ms,Deltoid med. (L),L_DELmed,7,199.36457505915283,207.36457505915283,231.72438443172706,,,none,30.0,15,2,monophasic
Burst_autosave_20260724_114055_891ms,Deltoid med. (L),L_DELmed,8,232.72438443172706,240.72438443172706,265.08419380430126,,,none,30.0,15,2,monophasic
Burst_autosave_20260724_114055_891ms,Deltoid med. (L),L_DELmed,9,266.08419380430126,274.08419380430126,298.44400317687547,,,none,30.0,15,2,monophasic
Burst_autosave_20260724_114055_891ms,Deltoid med. (L),L_DELmed,10,299.44400317687547,307.44400317687547,331.8038125494492,,,none,30.0,15,2,monophasic
Burst_autosave_20260724_114055_891ms,Deltoid med. (L),L_DELmed,1,0.0,8.0,32.359809372573764,,,none,30.0,20,2,monophasic
Burst_autosave_20260724_114055_891ms,Deltoid med. (L),L_DELmed,2,33.359809372573764,41.359809372573764,64.92533756885643,,,none,30.0,20,2,monophasic
Burst_autosave_20260724_114055_891ms,Deltoid med. (L),L_DELmed,3,65.92533756885643,73.92533756885643,98.28514694143064,,,none,30.0,20,2,monophasic
Burst_autosave_20260724_114055_891ms,Deltoid med. (L),L_DELmed,4,99.28514694143064,107.28514694143064,132.4392374893647,,,none,30.0,20,2,monophasic
Burst_autosave_20260724_114055_891ms,Deltoid med. (L),L_DELmed,5,133.4392374893647,141.4392374893647,165.00476568657908,,,none,30.0,20,2,monophasic
Burst_autosave_20260724_114055_891ms,Deltoid med. (L),L_DELmed,6,166.00476568657908,174.00476568657908,198.36457505915283,,,none,30.0,20,2,monophasic
Burst_autosave_20260724_114055_891ms,Deltoid med. (L),L_DELmed,7,199.36457505915283,207.36457505915283,231.72438443172706,,,none,30.0,20,2,monophasic
Burst_autosave_20260724_114055_891ms,Deltoid med. (L),L_DELmed,8,232.72438443172706,240.72438443172706,265.08419380430126,,,none,30.0,20,2,monophasic
Burst_autosave_20260724_114055_891ms,Deltoid med. (L),L_DELmed,9,266.08419380430126,274.08419380430126,298.44400317687547,,,none,30.0,20,2,monophasic
Burst_autosave_20260724_114055_891ms,Deltoid med. (L),L_DELmed,10,299.44400317687547,307.44400317687547,331.8038125494492,,,none,30.0,20,2,monophasic
Burst_autosave_20260724_114055_891ms,Deltoid med. (L),L_DELmed,1,0.0,8.0,32.359809372573764,,,none,30.0,25,2,monophasic
Burst_autosave_20260724_114055_891ms,Deltoid med. (L),L_DELmed,2,33.359809372573764,41.359809372573764,64.92533756885643,,,none,30.0,25,2,monophasic
Burst_autosave_20260724_114055_891ms,Deltoid med. (L),L_DELmed,3,65.92533756885643,73.92533756885643,98.28514694143064,,,none,30.0,25,2,monophasic
Burst_autosave_20260724_114055_891ms,Deltoid med. (L),L_DELmed,4,99.28514694143064,107.28514694143064,132.4392374893647,,,none,30.0,25,2,monophasic
Burst_autosave_20260724_114055_891ms,Deltoid med. (L),L_DELmed,5,133.4392374893647,141.4392374893647,165.00476568657908,,,none,30.0,25,2,monophasic
Burst_autosave_20260724_114055_891ms,Deltoid med. (L),L_DELmed,6,166.00476568657908,174.00476568657908,198.36457505915283,,,none,30.0,25,2,monophasic
Burst_autosave_20260724_114055_891ms,Deltoid med. (L),L_DELmed,7,199.36457505915283,207.36457505915283,231.72438443172706,,,none,30.0,25,2,monophasic
Burst_autosave_20260724_114055_891ms,Deltoid med. (L),L_DELmed,8,232.72438443172706,240.72438443172706,265.08419380430126,,,none,30.0,25,2,monophasic
Burst_autosave_20260724_114055_891ms,Deltoid med. (L),L_DELmed,9,266.08419380430126,274.08419380430126,298.44400317687547,,,none,30.0,25,2,monophasic
Burst_autosave_20260724_114055_891ms,Deltoid med. (L),L_DELmed,10,299.44400317687547,307.44400317687547,331.8038125494492,,,none,30.0,25,2,monophasic
Burst_autosave_20260724_114055_891ms,Deltoid med. (L),L_DELmed,1,0.0,8.0,32.359809372573764,,,none,30.0,30,2,monophasic
Burst_autosave_20260724_114055_891ms,Deltoid med. (L),L_DELmed,2,33.359809372573764,41.359809372573764,64.92533756885643,,,none,30.0,30,2,monophasic
Burst_autosave_20260724_114055_891ms,Deltoid med. (L),L_DELmed,3,65.92533756885643,73.92533756885643,98.28514694143064,,,none,30.0,30,2,monophasic
Burst_autosave_20260724_114055_891ms,Deltoid med. (L),L_DELmed,4,99.28514694143064,107.28514694143064,132.4392374893647,,,none,30.0,30,2,monophasic
Burst_autosave_20260724_114055_891ms,Deltoid med. (L),L_DELmed,5,133.4392374893647,141.4392374893647,165.00476568657908,,,none,30.0,30,2,monophasic
Burst_autosave_20260724_114055_891ms,Deltoid med. (L),L_DELmed,6,166.00476568657908,174.00476568657908,198.36457505915283,,,none,30.0,30,2,monophasic
Burst_autosave_20260724_114055_891ms,Deltoid med. (L),L_DELmed,7,199.36457505915283,207.36457505915283,231.72438443172706,,,none,30.0,30,2,monophasic
Burst_autosave_20260724_114055_891ms,Deltoid med. (L),L_DELmed,8,232.72438443172706,240.72438443172706,265.08419380430126,,,none,30.0,30,2,monophasic
Burst_autosave_20260724_114055_891ms,Deltoid med. (L),L_DELmed,9,266.08419380430126,274.08419380430126,298.44400317687547,,,none,30.0,30,2,monophasic
Burst_autosave_20260724_114055_891ms,Deltoid med. (L),L_DELmed,10,299.44400317687547,307.44400317687547,331.8038125494492,,,none,30.0,30,2,monophasic
Burst_autosave_20260724_114055_891ms,Deltoid med. (L),L_DELmed,1,0.0,8.0,32.359809372573764,,,none,30.0,35,2,monophasic
Burst_autosave_20260724_114055_891ms,Deltoid med. (L),L_DELmed,2,33.359809372573764,41.359809372573764,64.92533756885643,,,none,30.0,35,2,monophasic
Burst_autosave_20260724_114055_891ms,Deltoid med. (L),L_DELmed,3,65.92533756885643,73.92533756885643,98.28514694143064,,,none,30.0,35,2,monophasic
Burst_autosave_20260724_114055_891ms,Deltoid med. (L),L_DELmed,4,99.28514694143064,107.28514694143064,132.4392374893647,,,none,30.0,35,2,monophasic
Burst_autosave_20260724_114055_891ms,Deltoid med. (L),L_DELmed,5,133.4392374893647,141.4392374893647,165.00476568657908,,,none,30.0,35,2,monophasic
Burst_autosave_20260724_114055_891ms,Deltoid med. (L),L_DELmed,6,166.00476568657908,174.00476568657908,198.36457505915283,,,none,30.0,35,2,monophasic
Burst_autosave_20260724_114055_891ms,Deltoid med. (L),L_DELmed,7,199.36457505915283,207.36457505915283,231.72438443172706,,,none,30.0,35,2,monophasic
Burst_autosave_20260724_114055_891ms,Deltoid med. (L),L_DELmed,8,232.72438443172706,240.72438443172706,265.08419380430126,,,none,30.0,35,2,monophasic
Burst_autosave_20260724_114055_891ms,Deltoid med. (L),L_DELmed,9,266.08419380430126,274.08419380430126,298.44400317687547,,,none,30.0,35,2,monophasic
Burst_autosave_20260724_114055_891ms,Deltoid med. (L),L_DELmed,10,299.44400317687547,307.44400317687547,331.8038125494492,,,none,30.0,35,2,monophasic
Burst_autosave_20260724_114055_891ms,Deltoid med. (L),L_DELmed,1,0.0,8.0,32.359809372573764,,,none,30.0,40,2,monophasic
Burst_autosave_20260724_114055_891ms,Deltoid med. (L),L_DELmed,2,33.359809372573764,41.359809372573764,64.92533756885643,,,none,30.0,40,2,monophasic
Burst_autosave_20260724_114055_891ms,Deltoid med. (L),L_DELmed,3,65.92533756885643,73.92533756885643,98.28514694143064,,,none,30.0,40,2,monophasic
Burst_autosave_20260724_114055_891ms,Deltoid med. (L),L_DELmed,4,99.28514694143064,107.28514694143064,132.4392374893647,,,none,30.0,40,2,monophasic
Burst_autosave_20260724_114055_891ms,Deltoid med. (L),L_DELmed,5,133.4392374893647,141.4392374893647,165.00476568657908,,,none,30.0,40,2,monophasic
Burst_autosave_20260724_114055_891ms,Deltoid med. (L),L_DELmed,6,166.00476568657908,174.00476568657908,198.36457505915283,,,none,30.0,40,2,monophasic
Burst_autosave_20260724_114055_891ms,Deltoid med. (L),L_DELmed,7,199.36457505915283,207.36457505915283,231.72438443172706,,,none,30.0,40,2,monophasic
Burst_autosave_20260724_114055_891ms,Deltoid med. (L),L_DELmed,8,232.72438443172706,240.72438443172706,265.08419380430126,,,none,30.0,40,2,monophasic
Burst_autosave_20260724_114055_891ms,Deltoid med. (L),L_DELmed,9,266.08419380430126,274.08419380430126,298.44400317687547,,,none,30.0,40,2,monophasic
Burst_autosave_20260724_114055_891ms,Deltoid med. (L),L_DELmed,10,299.44400317687547,307.44400317687547,331.8038125494492,,,none,30.0,40,2,monophasic
Burst_autosave_20260724_114055_891ms,Biceps (L),L_BB,1,0.0,8.0,32.359809372573764,,,none,30.0,10,2,monophasic
Burst_autosave_20260724_114055_891ms,Biceps (L),L_BB,2,33.359809372573764,41.359809372573764,64.92533756885643,,,none,30.0,10,2,monophasic
Burst_autosave_20260724_114055_891ms,Biceps (L),L_BB,3,65.92533756885643,73.92533756885643,98.28514694143064,,,none,30.0,10,2,monophasic
Burst_autosave_20260724_114055_891ms,Biceps (L),L_BB,4,99.28514694143064,107.28514694143064,132.4392374893647,,,none,30.0,10,2,monophasic
Burst_autosave_20260724_114055_891ms,Biceps (L),L_BB,5,133.4392374893647,141.4392374893647,165.00476568657908,,,none,30.0,10,2,monophasic
Burst_autosave_20260724_114055_891ms,Biceps (L),L_BB,6,166.00476568657908,174.00476568657908,198.36457505915283,,,none,30.0,10,2,monophasic
Burst_autosave_20260724_114055_891ms,Biceps (L),L_BB,7,199.36457505915283,207.36457505915283,231.72438443172706,,,none,30.0,10,2,monophasic
Burst_autosave_20260724_114055_891ms,Biceps (L),L_BB,8,232.72438443172706,240.72438443172706,265.08419380430126,,,none,30.0,10,2,monophasic
Burst_autosave_20260724_114055_891ms,Biceps (L),L_BB,9,266.08419380430126,274.08419380430126,298.44400317687547,,,none,30.0,10,2,monophasic
Burst_autosave_20260724_114055_891ms,Biceps (L),L_BB,10,299.44400317687547,307.44400317687547,331.8038125494492,,,none,30.0,10,2,monophasic
Burst_autosave_20260724_114055_891ms,Biceps (L),L_BB,1,0.0,8.0,32.359809372573764,,,none,30.0,15,2,monophasic
Burst_autosave_20260724_114055_891ms,Biceps (L),L_BB,2,33.359809372573764,41.359809372573764,64.92533756885643,,,none,30.0,15,2,monophasic
Burst_autosave_20260724_114055_891ms,Biceps (L),L_BB,3,65.92533756885643,73.92533756885643,98.28514694143064,,,none,30.0,15,2,monophasic
Burst_autosave_20260724_114055_891ms,Biceps (L),L_BB,4,99.28514694143064,107.28514694143064,132.4392374893647,,,none,30.0,15,2,monophasic
Burst_autosave_20260724_114055_891ms,Biceps (L),L_BB,5,133.4392374893647,141.4392374893647,165.00476568657908,,,none,30.0,15,2,monophasic
Burst_autosave_20260724_114055_891ms,Biceps (L),L_BB,6,166.00476568657908,174.00476568657908,198.36457505915283,,,none,30.0,15,2,monophasic
Burst_autosave_20260724_114055_891ms,Biceps (L),L_BB,7,199.36457505915283,207.36457505915283,231.72438443172706,,,none,30.0,15,2,monophasic
Burst_autosave_20260724_114055_891ms,Biceps (L),L_BB,8,232.72438443172706,240.72438443172706,265.08419380430126,,,none,30.0,15,2,monophasic
Burst_autosave_20260724_114055_891ms,Biceps (L),L_BB,9,266.08419380430126,274.08419380430126,298.44400317687547,,,none,30.0,15,2,monophasic
Burst_autosave_20260724_114055_891ms,Biceps (L),L_BB,10,299.44400317687547,307.44400317687547,331.8038125494492,,,none,30.0,15,2,monophasic
Burst_autosave_20260724_114055_891ms,Biceps (L),L_BB,1,0.0,8.0,32.359809372573764,,,none,30.0,20,2,monophasic
Burst_autosave_20260724_114055_891ms,Biceps (L),L_BB,2,33.359809372573764,41.359809372573764,64.92533756885643,,,none,30.0,20,2,monophasic
Burst_autosave_20260724_114055_891ms,Biceps (L),L_BB,3,65.92533756885643,73.92533756885643,98.28514694143064,,,none,30.0,20,2,monophasic
Burst_autosave_20260724_114055_891ms,Biceps (L),L_BB,4,99.28514694143064,107.28514694143064,132.4392374893647,,,none,30.0,20,2,monophasic
Burst_autosave_20260724_114055_891ms,Biceps (L),L_BB,5,133.4392374893647,141.4392374893647,165.00476568657908,,,none,30.0,20,2,monophasic
Burst_autosave_20260724_114055_891ms,Biceps (L),L_BB,6,166.00476568657908,174.00476568657908,198.36457505915283,,,none,30.0,20,2,monophasic
Burst_autosave_20260724_114055_891ms,Biceps (L),L_BB,7,199.36457505915283,207.36457505915283,231.72438443172706,,,none,30.0,20,2,monophasic
Burst_autosave_20260724_114055_891ms,Biceps (L),L_BB,8,232.72438443172706,240.72438443172706,265.08419380430126,,,none,30.0,20,2,monophasic
Burst_autosave_20260724_114055_891ms,Biceps (L),L_BB,9,266.08419380430126,274.08419380430126,298.44400317687547,,,none,30.0,20,2,monophasic
Burst_autosave_20260724_114055_891ms,Biceps (L),L_BB,10,299.44400317687547,307.44400317687547,331.8038125494492,,,none,30.0,20,2,monophasic
Burst_autosave_20260724_114055_891ms,Biceps (L),L_BB,1,0.0,8.0,32.359809372573764,,,none,30.0,25,2,monophasic
Burst_autosave_20260724_114055_891ms,Biceps (L),L_BB,2,33.359809372573764,41.359809372573764,64.92533756885643,,,none,30.0,25,2,monophasic
Burst_autosave_20260724_114055_891ms,Biceps (L),L_BB,3,65.92533756885643,73.92533756885643,98.28514694143064,,,none,30.0,25,2,monophasic
Burst_autosave_20260724_114055_891ms,Biceps (L),L_BB,4,99.28514694143064,107.28514694143064,132.4392374893647,,,none,30.0,25,2,monophasic
Burst_autosave_20260724_114055_891ms,Biceps (L),L_BB,5,133.4392374893647,141.4392374893647,165.00476568657908,,,none,30.0,25,2,monophasic
Burst_autosave_20260724_114055_891ms,Biceps (L),L_BB,6,166.00476568657908,174.00476568657908,198.36457505915283,,,none,30.0,25,2,monophasic
Burst_autosave_20260724_114055_891ms,Biceps (L),L_BB,7,199.36457505915283,207.36457505915283,231.72438443172706,,,none,30.0,25,2,monophasic
Burst_autosave_20260724_114055_891ms,Biceps (L),L_BB,8,232.72438443172706,240.72438443172706,265.08419380430126,,,none,30.0,25,2,monophasic
Burst_autosave_20260724_114055_891ms,Biceps (L),L_BB,9,266.08419380430126,274.08419380430126,298.44400317687547,,,none,30.0,25,2,monophasic
Burst_autosave_20260724_114055_891ms,Biceps (L),L_BB,10,299.44400317687547,307.44400317687547,331.8038125494492,,,none,30.0,25,2,monophasic
Burst_autosave_20260724_114055_891ms,Biceps (L),L_BB,1,0.0,8.0,32.359809372573764,,,none,30.0,30,2,monophasic
Burst_autosave_20260724_114055_891ms,Biceps (L),L_BB,2,33.359809372573764,41.359809372573764,64.92533756885643,,,none,30.0,30,2,monophasic
Burst_autosave_20260724_114055_891ms,Biceps (L),L_BB,3,65.92533756885643,73.92533756885643,98.28514694143064,,,none,30.0,30,2,monophasic
Burst_autosave_20260724_114055_891ms,Biceps (L),L_BB,4,99.28514694143064,107.28514694143064,132.4392374893647,,,none,30.0,30,2,monophasic
Burst_autosave_20260724_114055_891ms,Biceps (L),L_BB,5,133.4392374893647,141.4392374893647,165.00476568657908,,,none,30.0,30,2,monophasic
Burst_autosave_20260724_114055_891ms,Biceps (L),L_BB,6,166.00476568657908,174.00476568657908,198.36457505915283,,,none,30.0,30,2,monophasic
Burst_autosave_20260724_114055_891ms,Biceps (L),L_BB,7,199.36457505915283,207.36457505915283,231.72438443172706,,,none,30.0,30,2,monophasic
Burst_autosave_20260724_114055_891ms,Biceps (L),L_BB,8,232.72438443172706,240.72438443172706,265.08419380430126,,,none,30.0,30,2,monophasic
Burst_autosave_20260724_114055_891ms,Biceps (L),L_BB,9,266.08419380430126,274.08419380430126,298.44400317687547,,,none,30.0,30,2,monophasic
Burst_autosave_20260724_114055_891ms,Biceps (L),L_BB,10,299.44400317687547,307.44400317687547,331.8038125494492,,,none,30.0,30,2,monophasic
Burst_autosave_20260724_114055_891ms,Biceps (L),L_BB,1,0.0,8.0,32.359809372573764,,,none,30.0,35,2,monophasic
Burst_autosave_20260724_114055_891ms,Biceps (L),L_BB,2,33.359809372573764,41.359809372573764,64.92533756885643,,,none,30.0,35,2,monophasic
Burst_autosave_20260724_114055_891ms,Biceps (L),L_BB,3,65.92533756885643,73.92533756885643,98.28514694143064,,,none,30.0,35,2,monophasic
Burst_autosave_20260724_114055_891ms,Biceps (L),L_BB,4,99.28514694143064,107.28514694143064,132.4392374893647,,,none,30.0,35,2,monophasic
Burst_autosave_20260724_114055_891ms,Biceps (L),L_BB,5,133.4392374893647,141.4392374893647,165.00476568657908,,,none,30.0,35,2,monophasic
Burst_autosave_20260724_114055_891ms,Biceps (L),L_BB,6,166.00476568657908,174.00476568657908,198.36457505915283,,,none,30.0,35,2,monophasic
Burst_autosave_20260724_114055_891ms,Biceps (L),L_BB,7,199.36457505915283,207.36457505915283,231.72438443172706,,,none,30.0,35,2,monophasic
Burst_autosave_20260724_114055_891ms,Biceps (L),L_BB,8,232.72438443172706,240.72438443172706,265.08419380430126,,,none,30.0,35,2,monophasic
Burst_autosave_20260724_114055_891ms,Biceps (L),L_BB,9,266.08419380430126,274.08419380430126,298.44400317687547,,,none,30.0,35,2,monophasic
Burst_autosave_20260724_114055_891ms,Biceps (L),L_BB,10,299.44400317687547,307.44400317687547,331.8038125494492,,,none,30.0,35,2,monophasic
Burst_autosave_20260724_114055_891ms,Biceps (L),L_BB,1,0.0,8.0,32.359809372573764,0.030212863348424435,0.030212863348424435,none,30.0,40,2,monophasic
Burst_autosave_20260724_114055_891ms,Biceps (L),L_BB,2,33.359809372573764,41.359809372573764,64.92533756885643,0.030045014806091785,0.030045014806091785,none,30.0,40,2,monophasic
Burst_autosave_20260724_114055_891ms,Biceps (L),L_BB,3,65.92533756885643,73.92533756885643,98.28514694143064,0.032730601727962494,0.032730601727962494,none,30.0,40,2,monophasic
Burst_autosave_20260724_114055_891ms,Biceps (L),L_BB,4,99.28514694143064,107.28514694143064,132.4392374893647,0.03088425938040018,0.03088425938040018,none,30.0,40,2,monophasic
Burst_autosave_20260724_114055_891ms,Biceps (L),L_BB,5,133.4392374893647,141.4392374893647,165.00476568657908,0.024505989626049995,0.024505989626049995,none,30.0,40,2,monophasic
Burst_autosave_20260724_114055_891ms,Biceps (L),L_BB,6,166.00476568657908,174.00476568657908,198.36457505915283,0.030548561364412308,0.030548561364412308,none,30.0,40,2,monophasic
Burst_autosave_20260724_114055_891ms,Biceps (L),L_BB,7,199.36457505915283,207.36457505915283,231.72438443172706,0.023498893715441227,0.023498893715441227,none,30.0,40,2,monophasic
Burst_autosave_20260724_114055_891ms,Biceps (L),L_BB,8,232.72438443172706,240.72438443172706,265.08419380430126,0.016784924548119307,0.016784924548119307,none,30.0,40,2,monophasic
Burst_autosave_20260724_114055_891ms,Biceps (L),L_BB,9,266.08419380430126,274.08419380430126,298.44400317687547,0.0240024421364069,0.0240024421364069,none,30.0,40,2,monophasic
Burst_autosave_20260724_114055_891ms,Biceps (L),L_BB,10,299.44400317687547,307.44400317687547,331.8038125494492,0.02316319476813078,0.02316319476813078,none,30.0,40,2,monophasic
Burst_autosave_20260724_114055_891ms,Triceps long (L),L_TBlg,1,0.0,8.0,32.359809372573764,,,none,30.0,10,2,monophasic
Burst_autosave_20260724_114055_891ms,Triceps long (L),L_TBlg,2,33.359809372573764,41.359809372573764,64.92533756885643,,,none,30.0,10,2,monophasic
Burst_autosave_20260724_114055_891ms,Triceps long (L),L_TBlg,3,65.92533756885643,73.92533756885643,98.28514694143064,,,none,30.0,10,2,monophasic
Burst_autosave_20260724_114055_891ms,Triceps long (L),L_TBlg,4,99.28514694143064,107.28514694143064,132.4392374893647,,,none,30.0,10,2,monophasic
Burst_autosave_20260724_114055_891ms,Triceps long (L),L_TBlg,5,133.4392374893647,141.4392374893647,165.00476568657908,,,none,30.0,10,2,monophasic
Burst_autosave_20260724_114055_891ms,Triceps long (L),L_TBlg,6,166.00476568657908,174.00476568657908,198.36457505915283,,,none,30.0,10,2,monophasic
Burst_autosave_20260724_114055_891ms,Triceps long (L),L_TBlg,7,199.36457505915283,207.36457505915283,231.72438443172706,,,none,30.0,10,2,monophasic
Burst_autosave_20260724_114055_891ms,Triceps long (L),L_TBlg,8,232.72438443172706,240.72438443172706,265.08419380430126,,,none,30.0,10,2,monophasic
Burst_autosave_20260724_114055_891ms,Triceps long (L),L_TBlg,9,266.08419380430126,274.08419380430126,298.44400317687547,,,none,30.0,10,2,monophasic
Burst_autosave_20260724_114055_891ms,Triceps long (L),L_TBlg,10,299.44400317687547,307.44400317687547,331.8038125494492,,,none,30.0,10,2,monophasic
Burst_autosave_20260724_114055_891ms,Triceps long (L),L_TBlg,1,0.0,8.0,32.359809372573764,,,none,30.0,15,2,monophasic
Burst_autosave_20260724_114055_891ms,Triceps long (L),L_TBlg,2,33.359809372573764,41.359809372573764,64.92533756885643,,,none,30.0,15,2,monophasic
Burst_autosave_20260724_114055_891ms,Triceps long (L),L_TBlg,3,65.92533756885643,73.92533756885643,98.28514694143064,,,none,30.0,15,2,monophasic
Burst_autosave_20260724_114055_891ms,Triceps long (L),L_TBlg,4,99.28514694143064,107.28514694143064,132.4392374893647,,,none,30.0,15,2,monophasic
Burst_autosave_20260724_114055_891ms,Triceps long (L),L_TBlg,5,133.4392374893647,141.4392374893647,165.00476568657908,,,none,30.0,15,2,monophasic
Burst_autosave_20260724_114055_891ms,Triceps long (L),L_TBlg,6,166.00476568657908,174.00476568657908,198.36457505915283,,,none,30.0,15,2,monophasic
Burst_autosave_20260724_114055_891ms,Triceps long (L),L_TBlg,7,199.36457505915283,207.36457505915283,231.72438443172706,,,none,30.0,15,2,monophasic
Burst_autosave_20260724_114055_891ms,Triceps long (L),L_TBlg,8,232.72438443172706,240.72438443172706,265.08419380430126,,,none,30.0,15,2,monophasic
Burst_autosave_20260724_114055_891ms,Triceps long (L),L_TBlg,9,266.08419380430126,274.08419380430126,298.44400317687547,,,none,30.0,15,2,monophasic
Burst_autosave_20260724_114055_891ms,Triceps long (L),L_TBlg,10,299.44400317687547,307.44400317687547,331.8038125494492,,,none,30.0,15,2,monophasic
Burst_autosave_20260724_114055_891ms,Triceps long (L),L_TBlg,1,0.0,8.0,32.359809372573764,,,none,30.0,20,2,monophasic
Burst_autosave_20260724_114055_891ms,Triceps long (L),L_TBlg,2,33.359809372573764,41.359809372573764,64.92533756885643,,,none,30.0,20,2,monophasic
Burst_autosave_20260724_114055_891ms,Triceps long (L),L_TBlg,3,65.92533756885643,73.92533756885643,98.28514694143064,,,none,30.0,20,2,monophasic
Burst_autosave_20260724_114055_891ms,Triceps long (L),L_TBlg,4,99.28514694143064,107.28514694143064,132.4392374893647,,,none,30.0,20,2,monophasic
Burst_autosave_20260724_114055_891ms,Triceps long (L),L_TBlg,5,133.4392374893647,141.4392374893647,165.00476568657908,,,none,30.0,20,2,monophasic
Burst_autosave_20260724_114055_891ms,Triceps long (L),L_TBlg,6,166.00476568657908,174.00476568657908,198.36457505915283,,,none,30.0,20,2,monophasic
Burst_autosave_20260724_114055_891ms,Triceps long (L),L_TBlg,7,199.36457505915283,207.36457505915283,231.72438443172706,,,none,30.0,20,2,monophasic
Burst_autosave_20260724_114055_891ms,Triceps long (L),L_TBlg,8,232.72438443172706,240.72438443172706,265.08419380430126,,,none,30.0,20,2,monophasic
Burst_autosave_20260724_114055_891ms,Triceps long (L),L_TBlg,9,266.08419380430126,274.08419380430126,298.44400317687547,,,none,30.0,20,2,monophasic
Burst_autosave_20260724_114055_891ms,Triceps long (L),L_TBlg,10,299.44400317687547,307.44400317687547,331.8038125494492,,,none,30.0,20,2,monophasic
Burst_autosave_20260724_114055_891ms,Triceps long (L),L_TBlg,1,0.0,8.0,32.359809372573764,,,none,30.0,25,2,monophasic
Burst_autosave_20260724_114055_891ms,Triceps long (L),L_TBlg,2,33.359809372573764,41.359809372573764,64.92533756885643,,,none,30.0,25,2,monophasic
Burst_autosave_20260724_114055_891ms,Triceps long (L),L_TBlg,3,65.92533756885643,73.92533756885643,98.28514694143064,,,none,30.0,25,2,monophasic
Burst_autosave_20260724_114055_891ms,Triceps long (L),L_TBlg,4,99.28514694143064,107.28514694143064,132.4392374893647,,,none,30.0,25,2,monophasic
Burst_autosave_20260724_114055_891ms,Triceps long (L),L_TBlg,5,133.4392374893647,141.4392374893647,165.00476568657908,,,none,30.0,25,2,monophasic
Burst_autosave_20260724_114055_891ms,Triceps long (L),L_TBlg,6,166.00476568657908,174.00476568657908,198.36457505915283,,,none,30.0,25,2,monophasic
Burst_autosave_20260724_114055_891ms,Triceps long (L),L_TBlg,7,199.36457505915283,207.36457505915283,231.72438443172706,,,none,30.0,25,2,monophasic
Burst_autosave_20260724_114055_891ms,Triceps long (L),L_TBlg,8,232.72438443172706,240.72438443172706,265.08419380430126,,,none,30.0,25,2,monophasic
Burst_autosave_20260724_114055_891ms,Triceps long (L),L_TBlg,9,266.08419380430126,274.08419380430126,298.44400317687547,,,none,30.0,25,2,monophasic
Burst_autosave_20260724_114055_891ms,Triceps long (L),L_TBlg,10,299.44400317687547,307.44400317687547,331.8038125494492,,,none,30.0,25,2,monophasic
Burst_autosave_20260724_114055_891ms,Triceps long (L),L_TBlg,1,0.0,8.0,32.359809372573764,,,none,30.0,30,2,monophasic
Burst_autosave_20260724_114055_891ms,Triceps long (L),L_TBlg,2,33.359809372573764,41.359809372573764,64.92533756885643,,,none,30.0,30,2,monophasic
Burst_autosave_20260724_114055_891ms,Triceps long (L),L_TBlg,3,65.92533756885643,73.92533756885643,98.28514694143064,,,none,30.0,30,2,monophasic
Burst_autosave_20260724_114055_891ms,Triceps long (L),L_TBlg,4,99.28514694143064,107.28514694143064,132.4392374893647,,,none,30.0,30,2,monophasic
Burst_autosave_20260724_114055_891ms,Triceps long (L),L_TBlg,5,133.4392374893647,141.4392374893647,165.00476568657908,,,none,30.0,30,2,monophasic
Burst_autosave_20260724_114055_891ms,Triceps long (L),L_TBlg,6,166.00476568657908,174.00476568657908,198.36457505915283,,,none,30.0,30,2,monophasic
Burst_autosave_20260724_114055_891ms,Triceps long (L),L_TBlg,7,199.36457505915283,207.36457505915283,231.72438443172706,,,none,30.0,30,2,monophasic
Burst_autosave_20260724_114055_891ms,Triceps long (L),L_TBlg,8,232.72438443172706,240.72438443172706,265.08419380430126,,,none,30.0,30,2,monophasic
Burst_autosave_20260724_114055_891ms,Triceps long (L),L_TBlg,9,266.08419380430126,274.08419380430126,298.44400317687547,,,none,30.0,30,2,monophasic
Burst_autosave_20260724_114055_891ms,Triceps long (L),L_TBlg,10,299.44400317687547,307.44400317687547,331.8038125494492,,,none,30.0,30,2,monophasic
Burst_autosave_20260724_114055_891ms,Triceps long (L),L_TBlg,1,0.0,8.0,32.359809372573764,,,none,30.0,35,2,monophasic
Burst_autosave_20260724_114055_891ms,Triceps long (L),L_TBlg,2,33.359809372573764,41.359809372573764,64.92533756885643,,,none,30.0,35,2,monophasic
Burst_autosave_20260724_114055_891ms,Triceps long (L),L_TBlg,3,65.92533756885643,73.92533756885643,98.28514694143064,,,none,30.0,35,2,monophasic
Burst_autosave_20260724_114055_891ms,Triceps long (L),L_TBlg,4,99.28514694143064,107.28514694143064,132.4392374893647,,,none,30.0,35,2,monophasic
Burst_autosave_20260724_114055_891ms,Triceps long (L),L_TBlg,5,133.4392374893647,141.4392374893647,165.00476568657908,,,none,30.0,35,2,monophasic
Burst_autosave_20260724_114055_891ms,Triceps long (L),L_TBlg,6,166.00476568657908,174.00476568657908,198.36457505915283,,,none,30.0,35,2,monophasic
Burst_autosave_20260724_114055_891ms,Triceps long (L),L_TBlg,7,199.36457505915283,207.36457505915283,231.72438443172706,,,none,30.0,35,2,monophasic
Burst_autosave_20260724_114055_891ms,Triceps long (L),L_TBlg,8,232.72438443172706,240.72438443172706,265.08419380430126,,,none,30.0,35,2,monophasic
Burst_autosave_20260724_114055_891ms,Triceps long (L),L_TBlg,9,266.08419380430126,274.08419380430126,298.44400317687547,,,none,30.0,35,2,monophasic
Burst_autosave_20260724_114055_891ms,Triceps long (L),L_TBlg,10,299.44400317687547,307.44400317687547,331.8038125494492,,,none,30.0,35,2,monophasic
Burst_autosave_20260724_114055_891ms,Triceps long (L),L_TBlg,1,0.0,8.0,32.359809372573764,0.02987716533243656,0.02987716533243656,none,30.0,40,2,monophasic
Burst_autosave_20260724_114055_891ms,Triceps long (L),L_TBlg,2,33.359809372573764,41.359809372573764,64.92533756885643,0.03356984909623861,0.03356984909623861,none,30.0,40,2,monophasic
Burst_autosave_20260724_114055_891ms,Triceps long (L),L_TBlg,3,65.92533756885643,73.92533756885643,98.28514694143064,0.029877164401113987,0.029877164401113987,none,30.0,40,2,monophasic
Burst_autosave_20260724_114055_891ms,Triceps long (L),L_TBlg,4,99.28514694143064,107.28514694143064,132.4392374893647,0.029373617842793465,0.029373617842793465,none,30.0,40,2,monophasic
Burst_autosave_20260724_114055_891ms,Triceps long (L),L_TBlg,5,133.4392374893647,141.4392374893647,165.00476568657908,0.024505989626049995,0.024505989626049995,none,30.0,40,2,monophasic
Burst_autosave_20260724_114055_891ms,Triceps long (L),L_TBlg,6,166.00476568657908,174.00476568657908,198.36457505915283,0.03273060265928507,0.03273060265928507,none,30.0,40,2,monophasic
Burst_autosave_20260724_114055_891ms,Triceps long (L),L_TBlg,7,199.36457505915283,207.36457505915283,231.72438443172706,0.03424124512821436,0.03424124512821436,none,30.0,40,2,monophasic
Burst_autosave_20260724_114055_891ms,Triceps long (L),L_TBlg,8,232.72438443172706,240.72438443172706,265.08419380430126,0.038269626908004284,0.038269626908004284,none,30.0,40,2,monophasic
Burst_autosave_20260724_114055_891ms,Triceps long (L),L_TBlg,9,266.08419380430126,274.08419380430126,298.44400317687547,0.03373769856989384,0.03373769856989384,none,30.0,40,2,monophasic
Burst_autosave_20260724_114055_891ms,Triceps long (L),L_TBlg,10,299.44400317687547,307.44400317687547,331.8038125494492,0.025848783552646637,0.025848783552646637,none,30.0,40,2,monophasic
Burst_autosave_20260724_114055_891ms,Thenar (L),L_The_ED_FD_FCR A,1,0.0,8.0,32.359809372573764,,,none,30.0,10,2,monophasic
Burst_autosave_20260724_114055_891ms,Thenar (L),L_The_ED_FD_FCR A,2,33.359809372573764,41.359809372573764,64.92533756885643,,,none,30.0,10,2,monophasic
Burst_autosave_20260724_114055_891ms,Thenar (L),L_The_ED_FD_FCR A,3,65.92533756885643,73.92533756885643,98.28514694143064,,,none,30.0,10,2,monophasic
Burst_autosave_20260724_114055_891ms,Thenar (L),L_The_ED_FD_FCR A,4,99.28514694143064,107.28514694143064,132.4392374893647,,,none,30.0,10,2,monophasic
Burst_autosave_20260724_114055_891ms,Thenar (L),L_The_ED_FD_FCR A,5,133.4392374893647,141.4392374893647,165.00476568657908,,,none,30.0,10,2,monophasic
Burst_autosave_20260724_114055_891ms,Thenar (L),L_The_ED_FD_FCR A,6,166.00476568657908,174.00476568657908,198.36457505915283,,,none,30.0,10,2,monophasic
Burst_autosave_20260724_114055_891ms,Thenar (L),L_The_ED_FD_FCR A,7,199.36457505915283,207.36457505915283,231.72438443172706,,,none,30.0,10,2,monophasic
Burst_autosave_20260724_114055_891ms,Thenar (L),L_The_ED_FD_FCR A,8,232.72438443172706,240.72438443172706,265.08419380430126,,,none,30.0,10,2,monophasic
Burst_autosave_20260724_114055_891ms,Thenar (L),L_The_ED_FD_FCR A,9,266.08419380430126,274.08419380430126,298.44400317687547,,,none,30.0,10,2,monophasic
Burst_autosave_20260724_114055_891ms,Thenar (L),L_The_ED_FD_FCR A,10,299.44400317687547,307.44400317687547,331.8038125494492,,,none,30.0,10,2,monophasic
Burst_autosave_20260724_114055_891ms,Thenar (L),L_The_ED_FD_FCR A,1,0.0,8.0,32.359809372573764,,,none,30.0,15,2,monophasic
Burst_autosave_20260724_114055_891ms,Thenar (L),L_The_ED_FD_FCR A,2,33.359809372573764,41.359809372573764,64.92533756885643,,,none,30.0,15,2,monophasic
Burst_autosave_20260724_114055_891ms,Thenar (L),L_The_ED_FD_FCR A,3,65.92533756885643,73.92533756885643,98.28514694143064,,,none,30.0,15,2,monophasic
Burst_autosave_20260724_114055_891ms,Thenar (L),L_The_ED_FD_FCR A,4,99.28514694143064,107.28514694143064,132.4392374893647,,,none,30.0,15,2,monophasic
Burst_autosave_20260724_114055_891ms,Thenar (L),L_The_ED_FD_FCR A,5,133.4392374893647,141.4392374893647,165.00476568657908,,,none,30.0,15,2,monophasic
Burst_autosave_20260724_114055_891ms,Thenar (L),L_The_ED_FD_FCR A,6,166.00476568657908,174.00476568657908,198.36457505915283,,,none,30.0,15,2,monophasic
Burst_autosave_20260724_114055_891ms,Thenar (L),L_The_ED_FD_FCR A,7,199.36457505915283,207.36457505915283,231.72438443172706,,,none,30.0,15,2,monophasic
Burst_autosave_20260724_114055_891ms,Thenar (L),L_The_ED_FD_FCR A,8,232.72438443172706,240.72438443172706,265.08419380430126,,,none,30.0,15,2,monophasic
Burst_autosave_20260724_114055_891ms,Thenar (L),L_The_ED_FD_FCR A,9,266.08419380430126,274.08419380430126,298.44400317687547,,,none,30.0,15,2,monophasic
Burst_autosave_20260724_114055_891ms,Thenar (L),L_The_ED_FD_FCR A,10,299.44400317687547,307.44400317687547,331.8038125494492,,,none,30.0,15,2,monophasic
Burst_autosave_20260724_114055_891ms,Thenar (L),L_The_ED_FD_FCR A,1,0.0,8.0,32.359809372573764,,,none,30.0,20,2,monophasic
Burst_autosave_20260724_114055_891ms,Thenar (L),L_The_ED_FD_FCR A,2,33.359809372573764,41.359809372573764,64.92533756885643,,,none,30.0,20,2,monophasic
Burst_autosave_20260724_114055_891ms,Thenar (L),L_The_ED_FD_FCR A,3,65.92533756885643,73.92533756885643,98.28514694143064,,,none,30.0,20,2,monophasic
Burst_autosave_20260724_114055_891ms,Thenar (L),L_The_ED_FD_FCR A,4,99.28514694143064,107.28514694143064,132.4392374893647,,,none,30.0,20,2,monophasic
Burst_autosave_20260724_114055_891ms,Thenar (L),L_The_ED_FD_FCR A,5,133.4392374893647,141.4392374893647,165.00476568657908,,,none,30.0,20,2,monophasic
Burst_autosave_20260724_114055_891ms,Thenar (L),L_The_ED_FD_FCR A,6,166.00476568657908,174.00476568657908,198.36457505915283,,,none,30.0,20,2,monophasic
Burst_autosave_20260724_114055_891ms,Thenar (L),L_The_ED_FD_FCR A,7,199.36457505915283,207.36457505915283,231.72438443172706,,,none,30.0,20,2,monophasic
Burst_autosave_20260724_114055_891ms,Thenar (L),L_The_ED_FD_FCR A,8,232.72438443172706,240.72438443172706,265.08419380430126,,,none,30.0,20,2,monophasic
Burst_autosave_20260724_114055_891ms,Thenar (L),L_The_ED_FD_FCR A,9,266.08419380430126,274.08419380430126,298.44400317687547,,,none,30.0,20,2,monophasic
Burst_autosave_20260724_114055_891ms,Thenar (L),L_The_ED_FD_FCR A,10,299.44400317687547,307.44400317687547,331.8038125494492,,,none,30.0,20,2,monophasic
Burst_autosave_20260724_114055_891ms,Thenar (L),L_The_ED_FD_FCR A,1,0.0,8.0,32.359809372573764,,,none,30.0,25,2,monophasic
Burst_autosave_20260724_114055_891ms,Thenar (L),L_The_ED_FD_FCR A,2,33.359809372573764,41.359809372573764,64.92533756885643,,,none,30.0,25,2,monophasic
Burst_autosave_20260724_114055_891ms,Thenar (L),L_The_ED_FD_FCR A,3,65.92533756885643,73.92533756885643,98.28514694143064,,,none,30.0,25,2,monophasic
Burst_autosave_20260724_114055_891ms,Thenar (L),L_The_ED_FD_FCR A,4,99.28514694143064,107.28514694143064,132.4392374893647,,,none,30.0,25,2,monophasic
Burst_autosave_20260724_114055_891ms,Thenar (L),L_The_ED_FD_FCR A,5,133.4392374893647,141.4392374893647,165.00476568657908,,,none,30.0,25,2,monophasic
Burst_autosave_20260724_114055_891ms,Thenar (L),L_The_ED_FD_FCR A,6,166.00476568657908,174.00476568657908,198.36457505915283,,,none,30.0,25,2,monophasic
Burst_autosave_20260724_114055_891ms,Thenar (L),L_The_ED_FD_FCR A,7,199.36457505915283,207.36457505915283,231.72438443172706,,,none,30.0,25,2,monophasic
Burst_autosave_20260724_114055_891ms,Thenar (L),L_The_ED_FD_FCR A,8,232.72438443172706,240.72438443172706,265.08419380430126,,,none,30.0,25,2,monophasic
Burst_autosave_20260724_114055_891ms,Thenar (L),L_The_ED_FD_FCR A,9,266.08419380430126,274.08419380430126,298.44400317687547,,,none,30.0,25,2,monophasic
Burst_autosave_20260724_114055_891ms,Thenar (L),L_The_ED_FD_FCR A,10,299.44400317687547,307.44400317687547,331.8038125494492,,,none,30.0,25,2,monophasic
Burst_autosave_20260724_114055_891ms,Thenar (L),L_The_ED_FD_FCR A,1,0.0,8.0,32.359809372573764,,,none,30.0,30,2,monophasic
Burst_autosave_20260724_114055_891ms,Thenar (L),L_The_ED_FD_FCR A,2,33.359809372573764,41.359809372573764,64.92533756885643,,,none,30.0,30,2,monophasic
Burst_autosave_20260724_114055_891ms,Thenar (L),L_The_ED_FD_FCR A,3,65.92533756885643,73.92533756885643,98.28514694143064,,,none,30.0,30,2,monophasic
Burst_autosave_20260724_114055_891ms,Thenar (L),L_The_ED_FD_FCR A,4,99.28514694143064,107.28514694143064,132.4392374893647,,,none,30.0,30,2,monophasic
Burst_autosave_20260724_114055_891ms,Thenar (L),L_The_ED_FD_FCR A,5,133.4392374893647,141.4392374893647,165.00476568657908,,,none,30.0,30,2,monophasic
Burst_autosave_20260724_114055_891ms,Thenar (L),L_The_ED_FD_FCR A,6,166.00476568657908,174.00476568657908,198.36457505915283,,,none,30.0,30,2,monophasic
Burst_autosave_20260724_114055_891ms,Thenar (L),L_The_ED_FD_FCR A,7,199.36457505915283,207.36457505915283,231.72438443172706,,,none,30.0,30,2,monophasic
Burst_autosave_20260724_114055_891ms,Thenar (L),L_The_ED_FD_FCR A,8,232.72438443172706,240.72438443172706,265.08419380430126,,,none,30.0,30,2,monophasic
Burst_autosave_20260724_114055_891ms,Thenar (L),L_The_ED_FD_FCR A,9,266.08419380430126,274.08419380430126,298.44400317687547,,,none,30.0,30,2,monophasic
Burst_autosave_20260724_114055_891ms,Thenar (L),L_The_ED_FD_FCR A,10,299.44400317687547,307.44400317687547,331.8038125494492,,,none,30.0,30,2,monophasic
Burst_autosave_20260724_114055_891ms,Thenar (L),L_The_ED_FD_FCR A,1,0.0,8.0,32.359809372573764,0.02265964774414897,0.02265964774414897,none,30.0,35,2,monophasic
Burst_autosave_20260724_114055_891ms,Thenar (L),L_The_ED_FD_FCR A,2,33.359809372573764,41.359809372573764,64.92533756885643,0.02282749698497355,0.02282749698497355,none,30.0,35,2,monophasic
Burst_autosave_20260724_114055_891ms,Thenar (L),L_The_ED_FD_FCR A,3,65.92533756885643,73.92533756885643,98.28514694143064,0.02534523606300354,0.02534523606300354,none,30.0,35,2,monophasic
Burst_autosave_20260724_114055_891ms,Thenar (L),L_The_ED_FD_FCR A,4,99.28514694143064,107.28514694143064,132.4392374893647,0.010574502404779196,0.010574502404779196,none,30.0,35,2,monophasic
Burst_autosave_20260724_114055_891ms,Thenar (L),L_The_ED_FD_FCR A,5,133.4392374893647,141.4392374893647,165.00476568657908,0.00939955748617649,0.00939955748617649,none,30.0,35,2,monophasic
Burst_autosave_20260724_114055_891ms,Thenar (L),L_The_ED_FD_FCR A,6,166.00476568657908,174.00476568657908,198.36457505915283,0.02584878308698535,0.02584878308698535,none,30.0,35,2,monophasic
Burst_autosave_20260724_114055_891ms,Thenar (L),L_The_ED_FD_FCR A,7,199.36457505915283,207.36457505915283,231.72438443172706,0.02182040107436478,0.02182040107436478,none,30.0,35,2,monophasic
Burst_autosave_20260724_114055_891ms,Thenar (L),L_The_ED_FD_FCR A,8,232.72438443172706,240.72438443172706,265.08419380430126,0.02047760714776814,0.02047760714776814,none,30.0,35,2,monophasic
Burst_autosave_20260724_114055_891ms,Thenar (L),L_The_ED_FD_FCR A,9,266.08419380430126,274.08419380430126,298.44400317687547,0.00906385900452733,0.00906385900452733,none,30.0,35,2,monophasic
Burst_autosave_20260724_114055_891ms,Thenar (L),L_The_ED_FD_FCR A,10,299.44400317687547,307.44400317687547,331.8038125494492,0.008896009996533394,0.008896009996533394,none,30.0,35,2,monophasic
Burst_autosave_20260724_114055_891ms,Thenar (L),L_The_ED_FD_FCR A,1,0.0,8.0,32.359809372573764,,,none,30.0,40,2,monophasic
Burst_autosave_20260724_114055_891ms,Thenar (L),L_The_ED_FD_FCR A,2,33.359809372573764,41.359809372573764,64.92533756885643,,,none,30.0,40,2,monophasic
Burst_autosave_20260724_114055_891ms,Thenar (L),L_The_ED_FD_FCR A,3,65.92533756885643,73.92533756885643,98.28514694143064,,,none,30.0,40,2,monophasic
Burst_autosave_20260724_114055_891ms,Thenar (L),L_The_ED_FD_FCR A,4,99.28514694143064,107.28514694143064,132.4392374893647,,,none,30.0,40,2,monophasic
Burst_autosave_20260724_114055_891ms,Thenar (L),L_The_ED_FD_FCR A,5,133.4392374893647,141.4392374893647,165.00476568657908,,,none,30.0,40,2,monophasic
Burst_autosave_20260724_114055_891ms,Thenar (L),L_The_ED_FD_FCR A,6,166.00476568657908,174.00476568657908,198.36457505915283,,,none,30.0,40,2,monophasic
Burst_autosave_20260724_114055_891ms,Thenar (L),L_The_ED_FD_FCR A,7,199.36457505915283,207.36457505915283,231.72438443172706,,,none,30.0,40,2,monophasic
Burst_autosave_20260724_114055_891ms,Thenar (L),L_The_ED_FD_FCR A,8,232.72438443172706,240.72438443172706,265.08419380430126,,,none,30.0,40,2,monophasic
Burst_autosave_20260724_114055_891ms,Thenar (L),L_The_ED_FD_FCR A,9,266.08419380430126,274.08419380430126,298.44400317687547,,,none,30.0,40,2,monophasic
Burst_autosave_20260724_114055_891ms,Thenar (L),L_The_ED_FD_FCR A,10,299.44400317687547,307.44400317687547,331.8038125494492,,,none,30.0,40,2,monophasic
Burst_autosave_20260724_114055_891ms,Ext. digitorum (L),L_The_ED_FD_FCR B,1,0.0,8.0,32.359809372573764,,,none,30.0,10,2,monophasic
Burst_autosave_20260724_114055_891ms,Ext. digitorum (L),L_The_ED_FD_FCR B,2,33.359809372573764,41.359809372573764,64.92533756885643,,,none,30.0,10,2,monophasic
Burst_autosave_20260724_114055_891ms,Ext. digitorum (L),L_The_ED_FD_FCR B,3,65.92533756885643,73.92533756885643,98.28514694143064,,,none,30.0,10,2,monophasic
Burst_autosave_20260724_114055_891ms,Ext. digitorum (L),L_The_ED_FD_FCR B,4,99.28514694143064,107.28514694143064,132.4392374893647,,,none,30.0,10,2,monophasic
Burst_autosave_20260724_114055_891ms,Ext. digitorum (L),L_The_ED_FD_FCR B,5,133.4392374893647,141.4392374893647,165.00476568657908,,,none,30.0,10,2,monophasic
Burst_autosave_20260724_114055_891ms,Ext. digitorum (L),L_The_ED_FD_FCR B,6,166.00476568657908,174.00476568657908,198.36457505915283,,,none,30.0,10,2,monophasic
Burst_autosave_20260724_114055_891ms,Ext. digitorum (L),L_The_ED_FD_FCR B,7,199.36457505915283,207.36457505915283,231.72438443172706,,,none,30.0,10,2,monophasic
Burst_autosave_20260724_114055_891ms,Ext. digitorum (L),L_The_ED_FD_FCR B,8,232.72438443172706,240.72438443172706,265.08419380430126,,,none,30.0,10,2,monophasic
Burst_autosave_20260724_114055_891ms,Ext. digitorum (L),L_The_ED_FD_FCR B,9,266.08419380430126,274.08419380430126,298.44400317687547,,,none,30.0,10,2,monophasic
Burst_autosave_20260724_114055_891ms,Ext. digitorum (L),L_The_ED_FD_FCR B,10,299.44400317687547,307.44400317687547,331.8038125494492,,,none,30.0,10,2,monophasic
Burst_autosave_20260724_114055_891ms,Ext. digitorum (L),L_The_ED_FD_FCR B,1,0.0,8.0,32.359809372573764,,,none,30.0,15,2,monophasic
Burst_autosave_20260724_114055_891ms,Ext. digitorum (L),L_The_ED_FD_FCR B,2,33.359809372573764,41.359809372573764,64.92533756885643,,,none,30.0,15,2,monophasic
Burst_autosave_20260724_114055_891ms,Ext. digitorum (L),L_The_ED_FD_FCR B,3,65.92533756885643,73.92533756885643,98.28514694143064,,,none,30.0,15,2,monophasic
Burst_autosave_20260724_114055_891ms,Ext. digitorum (L),L_The_ED_FD_FCR B,4,99.28514694143064,107.28514694143064,132.4392374893647,,,none,30.0,15,2,monophasic
Burst_autosave_20260724_114055_891ms,Ext. digitorum (L),L_The_ED_FD_FCR B,5,133.4392374893647,141.4392374893647,165.00476568657908,,,none,30.0,15,2,monophasic
Burst_autosave_20260724_114055_891ms,Ext. digitorum (L),L_The_ED_FD_FCR B,6,166.00476568657908,174.00476568657908,198.36457505915283,,,none,30.0,15,2,monophasic
Burst_autosave_20260724_114055_891ms,Ext. digitorum (L),L_The_ED_FD_FCR B,7,199.36457505915283,207.36457505915283,231.72438443172706,,,none,30.0,15,2,monophasic
Burst_autosave_20260724_114055_891ms,Ext. digitorum (L),L_The_ED_FD_FCR B,8,232.72438443172706,240.72438443172706,265.08419380430126,,,none,30.0,15,2,monophasic
Burst_autosave_20260724_114055_891ms,Ext. digitorum (L),L_The_ED_FD_FCR B,9,266.08419380430126,274.08419380430126,298.44400317687547,,,none,30.0,15,2,monophasic
Burst_autosave_20260724_114055_891ms,Ext. digitorum (L),L_The_ED_FD_FCR B,10,299.44400317687547,307.44400317687547,331.8038125494492,,,none,30.0,15,2,monophasic
Burst_autosave_20260724_114055_891ms,Ext. digitorum (L),L_The_ED_FD_FCR B,1,0.0,8.0,32.359809372573764,,,none,30.0,20,2,monophasic
Burst_autosave_20260724_114055_891ms,Ext. digitorum (L),L_The_ED_FD_FCR B,2,33.359809372573764,41.359809372573764,64.92533756885643,,,none,30.0,20,2,monophasic
Burst_autosave_20260724_114055_891ms,Ext. digitorum (L),L_The_ED_FD_FCR B,3,65.92533756885643,73.92533756885643,98.28514694143064,,,none,30.0,20,2,monophasic
Burst_autosave_20260724_114055_891ms,Ext. digitorum (L),L_The_ED_FD_FCR B,4,99.28514694143064,107.28514694143064,132.4392374893647,,,none,30.0,20,2,monophasic
Burst_autosave_20260724_114055_891ms,Ext. digitorum (L),L_The_ED_FD_FCR B,5,133.4392374893647,141.4392374893647,165.00476568657908,,,none,30.0,20,2,monophasic
Burst_autosave_20260724_114055_891ms,Ext. digitorum (L),L_The_ED_FD_FCR B,6,166.00476568657908,174.00476568657908,198.36457505915283,,,none,30.0,20,2,monophasic
Burst_autosave_20260724_114055_891ms,Ext. digitorum (L),L_The_ED_FD_FCR B,7,199.36457505915283,207.36457505915283,231.72438443172706,,,none,30.0,20,2,monophasic
Burst_autosave_20260724_114055_891ms,Ext. digitorum (L),L_The_ED_FD_FCR B,8,232.72438443172706,240.72438443172706,265.08419380430126,,,none,30.0,20,2,monophasic
Burst_autosave_20260724_114055_891ms,Ext. digitorum (L),L_The_ED_FD_FCR B,9,266.08419380430126,274.08419380430126,298.44400317687547,,,none,30.0,20,2,monophasic
Burst_autosave_20260724_114055_891ms,Ext. digitorum (L),L_The_ED_FD_FCR B,10,299.44400317687547,307.44400317687547,331.8038125494492,,,none,30.0,20,2,monophasic
Burst_autosave_20260724_114055_891ms,Ext. digitorum (L),L_The_ED_FD_FCR B,1,0.0,8.0,32.359809372573764,,,none,30.0,25,2,monophasic
Burst_autosave_20260724_114055_891ms,Ext. digitorum (L),L_The_ED_FD_FCR B,2,33.359809372573764,41.359809372573764,64.92533756885643,,,none,30.0,25,2,monophasic
Burst_autosave_20260724_114055_891ms,Ext. digitorum (L),L_The_ED_FD_FCR B,3,65.92533756885643,73.92533756885643,98.28514694143064,,,none,30.0,25,2,monophasic
Burst_autosave_20260724_114055_891ms,Ext. digitorum (L),L_The_ED_FD_FCR B,4,99.28514694143064,107.28514694143064,132.4392374893647,,,none,30.0,25,2,monophasic
Burst_autosave_20260724_114055_891ms,Ext. digitorum (L),L_The_ED_FD_FCR B,5,133.4392374893647,141.4392374893647,165.00476568657908,,,none,30.0,25,2,monophasic
Burst_autosave_20260724_114055_891ms,Ext. digitorum (L),L_The_ED_FD_FCR B,6,166.00476568657908,174.00476568657908,198.36457505915283,,,none,30.0,25,2,monophasic
Burst_autosave_20260724_114055_891ms,Ext. digitorum (L),L_The_ED_FD_FCR B,7,199.36457505915283,207.36457505915283,231.72438443172706,,,none,30.0,25,2,monophasic
Burst_autosave_20260724_114055_891ms,Ext. digitorum (L),L_The_ED_FD_FCR B,8,232.72438443172706,240.72438443172706,265.08419380430126,,,none,30.0,25,2,monophasic
Burst_autosave_20260724_114055_891ms,Ext. digitorum (L),L_The_ED_FD_FCR B,9,266.08419380430126,274.08419380430126,298.44400317687547,,,none,30.0,25,2,monophasic
Burst_autosave_20260724_114055_891ms,Ext. digitorum (L),L_The_ED_FD_FCR B,10,299.44400317687547,307.44400317687547,331.8038125494492,,,none,30.0,25,2,monophasic
Burst_autosave_20260724_114055_891ms,Ext. digitorum (L),L_The_ED_FD_FCR B,1,0.0,8.0,32.359809372573764,0.023498893715441227,0.023498893715441227,none,30.0,30,2,monophasic
Burst_autosave_20260724_114055_891ms,Ext. digitorum (L),L_The_ED_FD_FCR B,2,33.359809372573764,41.359809372573764,64.92533756885643,0.013427939731627703,0.013427939731627703,none,30.0,30,2,monophasic
Burst_autosave_20260724_114055_891ms,Ext. digitorum (L),L_The_ED_FD_FCR B,3,65.92533756885643,73.92533756885643,98.28514694143064,0.012085145805031061,0.012085145805031061,none,30.0,30,2,monophasic
Burst_autosave_20260724_114055_891ms,Ext. digitorum (L),L_The_ED_FD_FCR B,4,99.28514694143064,107.28514694143064,132.4392374893647,0.020477606914937496,0.020477606914937496,none,30.0,30,2,monophasic
Burst_autosave_20260724_114055_891ms,Ext. digitorum (L),L_The_ED_FD_FCR B,5,133.4392374893647,141.4392374893647,165.00476568657908,0.01661707554012537,0.01661707554012537,none,30.0,30,2,monophasic
Burst_autosave_20260724_114055_891ms,Ext. digitorum (L),L_The_ED_FD_FCR B,6,166.00476568657908,174.00476568657908,198.36457505915283,0.01678492408245802,0.01678492408245802,none,30.0,30,2,monophasic
Burst_autosave_20260724_114055_891ms,Ext. digitorum (L),L_The_ED_FD_FCR B,7,199.36457505915283,207.36457505915283,231.72438443172706,0.021316854283213615,0.021316854283213615,none,30.0,30,2,monophasic
Burst_autosave_20260724_114055_891ms,Ext. digitorum (L),L_The_ED_FD_FCR B,8,232.72438443172706,240.72438443172706,265.08419380430126,0.018127718474715948,0.018127718474715948,none,30.0,30,2,monophasic
Burst_autosave_20260724_114055_891ms,Ext. digitorum (L),L_The_ED_FD_FCR B,9,266.08419380430126,274.08419380430126,298.44400317687547,0.021484702825546265,0.021484702825546265,none,30.0,30,2,monophasic
Burst_autosave_20260724_114055_891ms,Ext. digitorum (L),L_The_ED_FD_FCR B,10,299.44400317687547,307.44400317687547,331.8038125494492,0.023834592662751675,0.023834592662751675,none,30.0,30,2,monophasic
Burst_autosave_20260724_114055_891ms,Ext. digitorum (L),L_The_ED_FD_FCR B,1,0.0,8.0,32.359809372573764,0.03625543601810932,0.03625543601810932,none,30.0,35,2,monophasic
Burst_autosave_20260724_114055_891ms,Ext. digitorum (L),L_The_ED_FD_FCR B,2,33.359809372573764,41.359809372573764,64.92533756885643,0.02954146731644869,0.02954146731644869,none,30.0,35,2,monophasic
Burst_autosave_20260724_114055_891ms,Ext. digitorum (L),L_The_ED_FD_FCR B,3,65.92533756885643,73.92533756885643,98.28514694143064,0.0399481188505888,0.0399481188505888,none,30.0,35,2,monophasic
Burst_autosave_20260724_114055_891ms,Ext. digitorum (L),L_The_ED_FD_FCR B,4,99.28514694143064,107.28514694143064,132.4392374893647,0.023163195699453354,0.023163195699453354,none,30.0,35,2,monophasic
Burst_autosave_20260724_114055_891ms,Ext. digitorum (L),L_The_ED_FD_FCR B,5,133.4392374893647,141.4392374893647,165.00476568657908,0.023163195699453354,0.023163195699453354,none,30.0,35,2,monophasic
Burst_autosave_20260724_114055_891ms,Ext. digitorum (L),L_The_ED_FD_FCR B,6,166.00476568657908,174.00476568657908,198.36457505915283,0.04968337528407574,0.04968337528407574,none,30.0,35,2,monophasic
Burst_autosave_20260724_114055_891ms,Ext. digitorum (L),L_The_ED_FD_FCR B,7,199.36457505915283,207.36457505915283,231.72438443172706,0.027191576547920704,0.027191576547920704,none,30.0,35,2,monophasic
Burst_autosave_20260724_114055_891ms,Ext. digitorum (L),L_The_ED_FD_FCR B,8,232.72438443172706,240.72438443172706,265.08419380430126,0.0401159692555666,0.0401159692555666,none,30.0,35,2,monophasic
Burst_autosave_20260724_114055_891ms,Ext. digitorum (L),L_The_ED_FD_FCR B,9,266.08419380430126,274.08419380430126,298.44400317687547,0.03323414921760559,0.03323414921760559,none,30.0,35,2,monophasic
Burst_autosave_20260724_114055_891ms,Ext. digitorum (L),L_The_ED_FD_FCR B,10,299.44400317687547,307.44400317687547,331.8038125494492,0.02484168764203787,0.02484168764203787,none,30.0,35,2,monophasic
Burst_autosave_20260724_114055_891ms,Ext. digitorum (L),L_The_ED_FD_FCR B,1,0.0,8.0,32.359809372573764,0.06042572669684887,0.06042572669684887,none,30.0,40,2,monophasic
Burst_autosave_20260724_114055_891ms,Ext. digitorum (L),L_The_ED_FD_FCR B,2,33.359809372573764,41.359809372573764,64.92533756885643,0.06713969632983208,0.06713969632983208,none,30.0,40,2,monophasic
Burst_autosave_20260724_114055_891ms,Ext. digitorum (L),L_The_ED_FD_FCR B,3,65.92533756885643,73.92533756885643,98.28514694143064,0.059250783175230026,0.059250783175230026,none,30.0,40,2,monophasic
Burst_autosave_20260724_114055_891ms,Ext. digitorum (L),L_The_ED_FD_FCR B,4,99.28514694143064,107.28514694143064,132.4392374893647,0.05236896313726902,0.05236896313726902,none,30.0,40,2,monophasic
Burst_autosave_20260724_114055_891ms,Ext. digitorum (L),L_The_ED_FD_FCR B,5,133.4392374893647,141.4392374893647,165.00476568657908,0.05572594702243805,0.05572594702243805,none,30.0,40,2,monophasic
Burst_autosave_20260724_114055_891ms,Ext. digitorum (L),L_The_ED_FD_FCR B,6,166.00476568657908,174.00476568657908,198.36457505915283,0.050019074231386185,0.050019074231386185,none,30.0,40,2,monophasic
Burst_autosave_20260724_114055_891ms,Ext. digitorum (L),L_The_ED_FD_FCR B,7,199.36457505915283,207.36457505915283,231.72438443172706,0.0550545509904623,0.0550545509904623,none,30.0,40,2,monophasic
Burst_autosave_20260724_114055_891ms,Ext. digitorum (L),L_The_ED_FD_FCR B,8,232.72438443172706,240.72438443172706,265.08419380430126,,,none,30.0,40,2,monophasic
Burst_autosave_20260724_114055_891ms,Ext. digitorum (L),L_The_ED_FD_FCR B,9,266.08419380430126,274.08419380430126,298.44400317687547,0.05404745601117611,0.05404745601117611,none,30.0,40,2,monophasic
Burst_autosave_20260724_114055_891ms,Ext. digitorum (L),L_The_ED_FD_FCR B,10,299.44400317687547,307.44400317687547,331.8038125494492,0.059418629854917526,0.059418629854917526,none,30.0,40,2,monophasic
Burst_autosave_20260724_114055_891ms,Flex. digitorum (L),L_The_ED_FD_FCR C,1,0.0,8.0,32.359809372573764,,,none,30.0,10,2,monophasic
Burst_autosave_20260724_114055_891ms,Flex. digitorum (L),L_The_ED_FD_FCR C,2,33.359809372573764,41.359809372573764,64.92533756885643,,,none,30.0,10,2,monophasic
Burst_autosave_20260724_114055_891ms,Flex. digitorum (L),L_The_ED_FD_FCR C,3,65.92533756885643,73.92533756885643,98.28514694143064,,,none,30.0,10,2,monophasic
Burst_autosave_20260724_114055_891ms,Flex. digitorum (L),L_The_ED_FD_FCR C,4,99.28514694143064,107.28514694143064,132.4392374893647,,,none,30.0,10,2,monophasic
Burst_autosave_20260724_114055_891ms,Flex. digitorum (L),L_The_ED_FD_FCR C,5,133.4392374893647,141.4392374893647,165.00476568657908,,,none,30.0,10,2,monophasic
Burst_autosave_20260724_114055_891ms,Flex. digitorum (L),L_The_ED_FD_FCR C,6,166.00476568657908,174.00476568657908,198.36457505915283,,,none,30.0,10,2,monophasic
Burst_autosave_20260724_114055_891ms,Flex. digitorum (L),L_The_ED_FD_FCR C,7,199.36457505915283,207.36457505915283,231.72438443172706,,,none,30.0,10,2,monophasic
Burst_autosave_20260724_114055_891ms,Flex. digitorum (L),L_The_ED_FD_FCR C,8,232.72438443172706,240.72438443172706,265.08419380430126,,,none,30.0,10,2,monophasic
Burst_autosave_20260724_114055_891ms,Flex. digitorum (L),L_The_ED_FD_FCR C,9,266.08419380430126,274.08419380430126,298.44400317687547,,,none,30.0,10,2,monophasic
Burst_autosave_20260724_114055_891ms,Flex. digitorum (L),L_The_ED_FD_FCR C,10,299.44400317687547,307.44400317687547,331.8038125494492,,,none,30.0,10,2,monophasic
Burst_autosave_20260724_114055_891ms,Flex. digitorum (L),L_The_ED_FD_FCR C,1,0.0,8.0,32.359809372573764,,,none,30.0,15,2,monophasic
Burst_autosave_20260724_114055_891ms,Flex. digitorum (L),L_The_ED_FD_FCR C,2,33.359809372573764,41.359809372573764,64.92533756885643,,,none,30.0,15,2,monophasic
Burst_autosave_20260724_114055_891ms,Flex. digitorum (L),L_The_ED_FD_FCR C,3,65.92533756885643,73.92533756885643,98.28514694143064,,,none,30.0,15,2,monophasic
Burst_autosave_20260724_114055_891ms,Flex. digitorum (L),L_The_ED_FD_FCR C,4,99.28514694143064,107.28514694143064,132.4392374893647,,,none,30.0,15,2,monophasic
Burst_autosave_20260724_114055_891ms,Flex. digitorum (L),L_The_ED_FD_FCR C,5,133.4392374893647,141.4392374893647,165.00476568657908,,,none,30.0,15,2,monophasic
Burst_autosave_20260724_114055_891ms,Flex. digitorum (L),L_The_ED_FD_FCR C,6,166.00476568657908,174.00476568657908,198.36457505915283,,,none,30.0,15,2,monophasic
Burst_autosave_20260724_114055_891ms,Flex. digitorum (L),L_The_ED_FD_FCR C,7,199.36457505915283,207.36457505915283,231.72438443172706,,,none,30.0,15,2,monophasic
Burst_autosave_20260724_114055_891ms,Flex. digitorum (L),L_The_ED_FD_FCR C,8,232.72438443172706,240.72438443172706,265.08419380430126,,,none,30.0,15,2,monophasic
Burst_autosave_20260724_114055_891ms,Flex. digitorum (L),L_The_ED_FD_FCR C,9,266.08419380430126,274.08419380430126,298.44400317687547,,,none,30.0,15,2,monophasic
Burst_autosave_20260724_114055_891ms,Flex. digitorum (L),L_The_ED_FD_FCR C,10,299.44400317687547,307.44400317687547,331.8038125494492,,,none,30.0,15,2,monophasic
Burst_autosave_20260724_114055_891ms,Flex. digitorum (L),L_The_ED_FD_FCR C,1,0.0,8.0,32.359809372573764,,,none,30.0,20,2,monophasic
Burst_autosave_20260724_114055_891ms,Flex. digitorum (L),L_The_ED_FD_FCR C,2,33.359809372573764,41.359809372573764,64.92533756885643,,,none,30.0,20,2,monophasic
Burst_autosave_20260724_114055_891ms,Flex. digitorum (L),L_The_ED_FD_FCR C,3,65.92533756885643,73.92533756885643,98.28514694143064,,,none,30.0,20,2,monophasic
Burst_autosave_20260724_114055_891ms,Flex. digitorum (L),L_The_ED_FD_FCR C,4,99.28514694143064,107.28514694143064,132.4392374893647,,,none,30.0,20,2,monophasic
Burst_autosave_20260724_114055_891ms,Flex. digitorum (L),L_The_ED_FD_FCR C,5,133.4392374893647,141.4392374893647,165.00476568657908,,,none,30.0,20,2,monophasic
Burst_autosave_20260724_114055_891ms,Flex. digitorum (L),L_The_ED_FD_FCR C,6,166.00476568657908,174.00476568657908,198.36457505915283,,,none,30.0,20,2,monophasic
Burst_autosave_20260724_114055_891ms,Flex. digitorum (L),L_The_ED_FD_FCR C,7,199.36457505915283,207.36457505915283,231.72438443172706,,,none,30.0,20,2,monophasic
Burst_autosave_20260724_114055_891ms,Flex. digitorum (L),L_The_ED_FD_FCR C,8,232.72438443172706,240.72438443172706,265.08419380430126,,,none,30.0,20,2,monophasic
Burst_autosave_20260724_114055_891ms,Flex. digitorum (L),L_The_ED_FD_FCR C,9,266.08419380430126,274.08419380430126,298.44400317687547,,,none,30.0,20,2,monophasic
Burst_autosave_20260724_114055_891ms,Flex. digitorum (L),L_The_ED_FD_FCR C,10,299.44400317687547,307.44400317687547,331.8038125494492,,,none,30.0,20,2,monophasic
Burst_autosave_20260724_114055_891ms,Flex. digitorum (L),L_The_ED_FD_FCR C,1,0.0,8.0,32.359809372573764,,,none,30.0,25,2,monophasic
Burst_autosave_20260724_114055_891ms,Flex. digitorum (L),L_The_ED_FD_FCR C,2,33.359809372573764,41.359809372573764,64.92533756885643,,,none,30.0,25,2,monophasic
Burst_autosave_20260724_114055_891ms,Flex. digitorum (L),L_The_ED_FD_FCR C,3,65.92533756885643,73.92533756885643,98.28514694143064,,,none,30.0,25,2,monophasic
Burst_autosave_20260724_114055_891ms,Flex. digitorum (L),L_The_ED_FD_FCR C,4,99.28514694143064,107.28514694143064,132.4392374893647,,,none,30.0,25,2,monophasic
Burst_autosave_20260724_114055_891ms,Flex. digitorum (L),L_The_ED_FD_FCR C,5,133.4392374893647,141.4392374893647,165.00476568657908,,,none,30.0,25,2,monophasic
Burst_autosave_20260724_114055_891ms,Flex. digitorum (L),L_The_ED_FD_FCR C,6,166.00476568657908,174.00476568657908,198.36457505915283,,,none,30.0,25,2,monophasic
Burst_autosave_20260724_114055_891ms,Flex. digitorum (L),L_The_ED_FD_FCR C,7,199.36457505915283,207.36457505915283,231.72438443172706,,,none,30.0,25,2,monophasic
Burst_autosave_20260724_114055_891ms,Flex. digitorum (L),L_The_ED_FD_FCR C,8,232.72438443172706,240.72438443172706,265.08419380430126,,,none,30.0,25,2,monophasic
Burst_autosave_20260724_114055_891ms,Flex. digitorum (L),L_The_ED_FD_FCR C,9,266.08419380430126,274.08419380430126,298.44400317687547,,,none,30.0,25,2,monophasic
Burst_autosave_20260724_114055_891ms,Flex. digitorum (L),L_The_ED_FD_FCR C,10,299.44400317687547,307.44400317687547,331.8038125494492,,,none,30.0,25,2,monophasic
Burst_autosave_20260724_114055_891ms,Flex. digitorum (L),L_The_ED_FD_FCR C,1,0.0,8.0,32.359809372573764,0.11749446764588356,0.11749446764588356,none,30.0,30,2,monophasic
Burst_autosave_20260724_114055_891ms,Flex. digitorum (L),L_The_ED_FD_FCR C,2,33.359809372573764,41.359809372573764,64.92533756885643,0.10305943340063095,0.10305943340063095,none,30.0,30,2,monophasic
Burst_autosave_20260724_114055_891ms,Flex. digitorum (L),L_The_ED_FD_FCR C,3,65.92533756885643,73.92533756885643,98.28514694143064,0.1104447990655899,0.1104447990655899,none,30.0,30,2,monophasic
Burst_autosave_20260724_114055_891ms,Flex. digitorum (L),L_The_ED_FD_FCR C,4,99.28514694143064,107.28514694143064,132.4392374893647,0.1116197444498539,0.1116197444498539,none,30.0,30,2,monophasic
Burst_autosave_20260724_114055_891ms,Flex. digitorum (L),L_The_ED_FD_FCR C,5,133.4392374893647,141.4392374893647,165.00476568657908,0.1117875911295414,0.1117875911295414,none,30.0,30,2,monophasic
Burst_autosave_20260724_114055_891ms,Flex. digitorum (L),L_The_ED_FD_FCR C,6,166.00476568657908,174.00476568657908,198.36457505915283,0.10675211623311043,0.10675211623311043,none,30.0,30,2,monophasic
Burst_autosave_20260724_114055_891ms,Flex. digitorum (L),L_The_ED_FD_FCR C,7,199.36457505915283,207.36457505915283,231.72438443172706,0.11749447137117386,0.11749447137117386,none,30.0,30,2,monophasic
Burst_autosave_20260724_114055_891ms,Flex. digitorum (L),L_The_ED_FD_FCR C,8,232.72438443172706,240.72438443172706,265.08419380430126,0.10591287165880203,0.10591287165880203,none,30.0,30,2,monophasic
Burst_autosave_20260724_114055_891ms,Flex. digitorum (L),L_The_ED_FD_FCR C,9,266.08419380430126,274.08419380430126,298.44400317687547,0.10641641914844513,0.10641641914844513,none,30.0,30,2,monophasic
Burst_autosave_20260724_114055_891ms,Flex. digitorum (L),L_The_ED_FD_FCR C,10,299.44400317687547,307.44400317687547,331.8038125494492,0.110612653195858,0.110612653195858,none,30.0,30,2,monophasic
Burst_autosave_20260724_114055_891ms,Flex. digitorum (L),L_The_ED_FD_FCR C,1,0.0,8.0,32.359809372573764,0.10608072206377983,0.10608072206377983,none,30.0,35,2,monophasic
Burst_autosave_20260724_114055_891ms,Flex. digitorum (L),L_The_ED_FD_FCR C,2,33.359809372573764,41.359809372573764,64.92533756885643,0.10708781704306602,0.10708781704306602,none,30.0,35,2,monophasic
Burst_autosave_20260724_114055_891ms,Flex. digitorum (L),L_The_ED_FD_FCR C,3,65.92533756885643,73.92533756885643,98.28514694143064,0.11514457687735558,0.11514457687735558,none,30.0,35,2,monophasic
Burst_autosave_20260724_114055_891ms,Flex. digitorum (L),L_The_ED_FD_FCR C,4,99.28514694143064,107.28514694143064,132.4392374893647,0.1107804961502552,0.1107804961502552,none,30.0,35,2,monophasic
Burst_autosave_20260724_114055_891ms,Flex. digitorum (L),L_The_ED_FD_FCR C,5,133.4392374893647,141.4392374893647,165.00476568657908,0.12018005549907684,0.12018005549907684,none,30.0,35,2,monophasic
Burst_autosave_20260724_114055_891ms,Flex. digitorum (L),L_The_ED_FD_FCR C,6,166.00476568657908,174.00476568657908,198.36457505915283,0.11245899274945259,0.11245899274945259,none,30.0,35,2,monophasic
Burst_autosave_20260724_114055_891ms,Flex. digitorum (L),L_The_ED_FD_FCR C,7,199.36457505915283,207.36457505915283,231.72438443172706,0.1104447990655899,0.1104447990655899,none,30.0,35,2,monophasic
Burst_autosave_20260724_114055_891ms,Flex. digitorum (L),L_The_ED_FD_FCR C,8,232.72438443172706,240.72438443172706,265.08419380430126,0.11950865760445595,0.11950865760445595,none,30.0,35,2,monophasic
Burst_autosave_20260724_114055_891ms,Flex. digitorum (L),L_The_ED_FD_FCR C,9,266.08419380430126,274.08419380430126,298.44400317687547,0.10322728008031845,0.10322728008031845,none,30.0,35,2,monophasic
Burst_autosave_20260724_114055_891ms,Flex. digitorum (L),L_The_ED_FD_FCR C,10,299.44400317687547,307.44400317687547,331.8038125494492,0.10423437878489494,0.10423437878489494,none,30.0,35,2,monophasic
Burst_autosave_20260724_114055_891ms,Flex. digitorum (L),L_The_ED_FD_FCR C,1,0.0,8.0,32.359809372573764,0.11732662096619606,0.11732662096619606,none,30.0,40,2,monophasic
Burst_autosave_20260724_114055_891ms,Flex. digitorum (L),L_The_ED_FD_FCR C,2,33.359809372573764,41.359809372573764,64.92533756885643,0.12001220509409904,0.12001220509409904,none,30.0,40,2,monophasic
Burst_autosave_20260724_114055_891ms,Flex. digitorum (L),L_The_ED_FD_FCR C,3,65.92533756885643,73.92533756885643,98.28514694143064,0.12353704124689102,0.12353704124689102,none,30.0,40,2,monophasic
Burst_autosave_20260724_114055_891ms,Flex. digitorum (L),L_The_ED_FD_FCR C,4,99.28514694143064,107.28514694143064,132.4392374893647,0.11816586181521416,0.11816586181521416,none,30.0,40,2,monophasic
Burst_autosave_20260724_114055_891ms,Flex. digitorum (L),L_The_ED_FD_FCR C,5,133.4392374893647,141.4392374893647,165.00476568657908,0.11732662096619606,0.11732662096619606,none,30.0,40,2,monophasic
Burst_autosave_20260724_114055_891ms,Flex. digitorum (L),L_The_ED_FD_FCR C,6,166.00476568657908,174.00476568657908,198.36457505915283,0.12454413995146751,0.12454413995146751,none,30.0,40,2,monophasic
Burst_autosave_20260724_114055_891ms,Flex. digitorum (L),L_The_ED_FD_FCR C,7,199.36457505915283,207.36457505915283,231.72438443172706,0.12018005549907684,0.12018005549907684,none,30.0,40,2,monophasic
Burst_autosave_20260724_114055_891ms,Flex. digitorum (L),L_The_ED_FD_FCR C,8,232.72438443172706,240.72438443172706,265.08419380430126,,,none,30.0,40,2,monophasic
Burst_autosave_20260724_114055_891ms,Flex. digitorum (L),L_The_ED_FD_FCR C,9,266.08419380430126,274.08419380430126,298.44400317687547,0.10255588591098785,0.10255588591098785,none,30.0,40,2,monophasic
Burst_autosave_20260724_114055_891ms,Flex. digitorum (L),L_The_ED_FD_FCR C,10,299.44400317687547,307.44400317687547,331.8038125494492,0.11480887979269028,0.11480887979269028,none,30.0,40,2,monophasic
Burst_autosave_20260724_114055_891ms,Flex. carpi rad. (L),L_The_ED_FD_FCR D,1,0.0,8.0,32.359809372573764,,,none,30.0,10,2,monophasic
Burst_autosave_20260724_114055_891ms,Flex. carpi rad. (L),L_The_ED_FD_FCR D,2,33.359809372573764,41.359809372573764,64.92533756885643,,,none,30.0,10,2,monophasic
Burst_autosave_20260724_114055_891ms,Flex. carpi rad. (L),L_The_ED_FD_FCR D,3,65.92533756885643,73.92533756885643,98.28514694143064,,,none,30.0,10,2,monophasic
Burst_autosave_20260724_114055_891ms,Flex. carpi rad. (L),L_The_ED_FD_FCR D,4,99.28514694143064,107.28514694143064,132.4392374893647,,,none,30.0,10,2,monophasic
Burst_autosave_20260724_114055_891ms,Flex. carpi rad. (L),L_The_ED_FD_FCR D,5,133.4392374893647,141.4392374893647,165.00476568657908,,,none,30.0,10,2,monophasic
Burst_autosave_20260724_114055_891ms,Flex. carpi rad. (L),L_The_ED_FD_FCR D,6,166.00476568657908,174.00476568657908,198.36457505915283,,,none,30.0,10,2,monophasic
Burst_autosave_20260724_114055_891ms,Flex. carpi rad. (L),L_The_ED_FD_FCR D,7,199.36457505915283,207.36457505915283,231.72438443172706,,,none,30.0,10,2,monophasic
Burst_autosave_20260724_114055_891ms,Flex. carpi rad. (L),L_The_ED_FD_FCR D,8,232.72438443172706,240.72438443172706,265.08419380430126,,,none,30.0,10,2,monophasic
Burst_autosave_20260724_114055_891ms,Flex. carpi rad. (L),L_The_ED_FD_FCR D,9,266.08419380430126,274.08419380430126,298.44400317687547,,,none,30.0,10,2,monophasic
Burst_autosave_20260724_114055_891ms,Flex. carpi rad. (L),L_The_ED_FD_FCR D,10,299.44400317687547,307.44400317687547,331.8038125494492,,,none,30.0,10,2,monophasic
Burst_autosave_20260724_114055_891ms,Flex. carpi rad. (L),L_The_ED_FD_FCR D,1,0.0,8.0,32.359809372573764,,,none,30.0,15,2,monophasic
Burst_autosave_20260724_114055_891ms,Flex. carpi rad. (L),L_The_ED_FD_FCR D,2,33.359809372573764,41.359809372573764,64.92533756885643,,,none,30.0,15,2,monophasic
Burst_autosave_20260724_114055_891ms,Flex. carpi rad. (L),L_The_ED_FD_FCR D,3,65.92533756885643,73.92533756885643,98.28514694143064,,,none,30.0,15,2,monophasic
Burst_autosave_20260724_114055_891ms,Flex. carpi rad. (L),L_The_ED_FD_FCR D,4,99.28514694143064,107.28514694143064,132.4392374893647,,,none,30.0,15,2,monophasic
Burst_autosave_20260724_114055_891ms,Flex. carpi rad. (L),L_The_ED_FD_FCR D,5,133.4392374893647,141.4392374893647,165.00476568657908,,,none,30.0,15,2,monophasic
Burst_autosave_20260724_114055_891ms,Flex. carpi rad. (L),L_The_ED_FD_FCR D,6,166.00476568657908,174.00476568657908,198.36457505915283,,,none,30.0,15,2,monophasic
Burst_autosave_20260724_114055_891ms,Flex. carpi rad. (L),L_The_ED_FD_FCR D,7,199.36457505915283,207.36457505915283,231.72438443172706,,,none,30.0,15,2,monophasic
Burst_autosave_20260724_114055_891ms,Flex. carpi rad. (L),L_The_ED_FD_FCR D,8,232.72438443172706,240.72438443172706,265.08419380430126,,,none,30.0,15,2,monophasic
Burst_autosave_20260724_114055_891ms,Flex. carpi rad. (L),L_The_ED_FD_FCR D,9,266.08419380430126,274.08419380430126,298.44400317687547,,,none,30.0,15,2,monophasic
Burst_autosave_20260724_114055_891ms,Flex. carpi rad. (L),L_The_ED_FD_FCR D,10,299.44400317687547,307.44400317687547,331.8038125494492,,,none,30.0,15,2,monophasic
Burst_autosave_20260724_114055_891ms,Flex. carpi rad. (L),L_The_ED_FD_FCR D,1,0.0,8.0,32.359809372573764,,,none,30.0,20,2,monophasic
Burst_autosave_20260724_114055_891ms,Flex. carpi rad. (L),L_The_ED_FD_FCR D,2,33.359809372573764,41.359809372573764,64.92533756885643,,,none,30.0,20,2,monophasic
Burst_autosave_20260724_114055_891ms,Flex. carpi rad. (L),L_The_ED_FD_FCR D,3,65.92533756885643,73.92533756885643,98.28514694143064,,,none,30.0,20,2,monophasic
Burst_autosave_20260724_114055_891ms,Flex. carpi rad. (L),L_The_ED_FD_FCR D,4,99.28514694143064,107.28514694143064,132.4392374893647,,,none,30.0,20,2,monophasic
Burst_autosave_20260724_114055_891ms,Flex. carpi rad. (L),L_The_ED_FD_FCR D,5,133.4392374893647,141.4392374893647,165.00476568657908,,,none,30.0,20,2,monophasic
Burst_autosave_20260724_114055_891ms,Flex. carpi rad. (L),L_The_ED_FD_FCR D,6,166.00476568657908,174.00476568657908,198.36457505915283,,,none,30.0,20,2,monophasic
Burst_autosave_20260724_114055_891ms,Flex. carpi rad. (L),L_The_ED_FD_FCR D,7,199.36457505915283,207.36457505915283,231.72438443172706,,,none,30.0,20,2,monophasic
Burst_autosave_20260724_114055_891ms,Flex. carpi rad. (L),L_The_ED_FD_FCR D,8,232.72438443172706,240.72438443172706,265.08419380430126,,,none,30.0,20,2,monophasic
Burst_autosave_20260724_114055_891ms,Flex. carpi rad. (L),L_The_ED_FD_FCR D,9,266.08419380430126,274.08419380430126,298.44400317687547,,,none,30.0,20,2,monophasic
Burst_autosave_20260724_114055_891ms,Flex. carpi rad. (L),L_The_ED_FD_FCR D,10,299.44400317687547,307.44400317687547,331.8038125494492,,,none,30.0,20,2,monophasic
Burst_autosave_20260724_114055_891ms,Flex. carpi rad. (L),L_The_ED_FD_FCR D,1,0.0,8.0,32.359809372573764,,,none,30.0,25,2,monophasic
Burst_autosave_20260724_114055_891ms,Flex. carpi rad. (L),L_The_ED_FD_FCR D,2,33.359809372573764,41.359809372573764,64.92533756885643,,,none,30.0,25,2,monophasic
Burst_autosave_20260724_114055_891ms,Flex. carpi rad. (L),L_The_ED_FD_FCR D,3,65.92533756885643,73.92533756885643,98.28514694143064,,,none,30.0,25,2,monophasic
Burst_autosave_20260724_114055_891ms,Flex. carpi rad. (L),L_The_ED_FD_FCR D,4,99.28514694143064,107.28514694143064,132.4392374893647,,,none,30.0,25,2,monophasic
Burst_autosave_20260724_114055_891ms,Flex. carpi rad. (L),L_The_ED_FD_FCR D,5,133.4392374893647,141.4392374893647,165.00476568657908,,,none,30.0,25,2,monophasic
Burst_autosave_20260724_114055_891ms,Flex. carpi rad. (L),L_The_ED_FD_FCR D,6,166.00476568657908,174.00476568657908,198.36457505915283,,,none,30.0,25,2,monophasic
Burst_autosave_20260724_114055_891ms,Flex. carpi rad. (L),L_The_ED_FD_FCR D,7,199.36457505915283,207.36457505915283,231.72438443172706,,,none,30.0,25,2,monophasic
Burst_autosave_20260724_114055_891ms,Flex. carpi rad. (L),L_The_ED_FD_FCR D,8,232.72438443172706,240.72438443172706,265.08419380430126,,,none,30.0,25,2,monophasic
Burst_autosave_20260724_114055_891ms,Flex. carpi rad. (L),L_The_ED_FD_FCR D,9,266.08419380430126,274.08419380430126,298.44400317687547,,,none,30.0,25,2,monophasic
Burst_autosave_20260724_114055_891ms,Flex. carpi rad. (L),L_The_ED_FD_FCR D,10,299.44400317687547,307.44400317687547,331.8038125494492,,,none,30.0,25,2,monophasic
Burst_autosave_20260724_114055_891ms,Flex. carpi rad. (L),L_The_ED_FD_FCR D,1,0.0,8.0,32.359809372573764,,,none,30.0,30,2,monophasic
Burst_autosave_20260724_114055_891ms,Flex. carpi rad. (L),L_The_ED_FD_FCR D,2,33.359809372573764,41.359809372573764,64.92533756885643,,,none,30.0,30,2,monophasic
Burst_autosave_20260724_114055_891ms,Flex. carpi rad. (L),L_The_ED_FD_FCR D,3,65.92533756885643,73.92533756885643,98.28514694143064,,,none,30.0,30,2,monophasic
Burst_autosave_20260724_114055_891ms,Flex. carpi rad. (L),L_The_ED_FD_FCR D,4,99.28514694143064,107.28514694143064,132.4392374893647,,,none,30.0,30,2,monophasic
Burst_autosave_20260724_114055_891ms,Flex. carpi rad. (L),L_The_ED_FD_FCR D,5,133.4392374893647,141.4392374893647,165.00476568657908,,,none,30.0,30,2,monophasic
Burst_autosave_20260724_114055_891ms,Flex. carpi rad. (L),L_The_ED_FD_FCR D,6,166.00476568657908,174.00476568657908,198.36457505915283,,,none,30.0,30,2,monophasic
Burst_autosave_20260724_114055_891ms,Flex. carpi rad. (L),L_The_ED_FD_FCR D,7,199.36457505915283,207.36457505915283,231.72438443172706,,,none,30.0,30,2,monophasic
Burst_autosave_20260724_114055_891ms,Flex. carpi rad. (L),L_The_ED_FD_FCR D,8,232.72438443172706,240.72438443172706,265.08419380430126,,,none,30.0,30,2,monophasic
Burst_autosave_20260724_114055_891ms,Flex. carpi rad. (L),L_The_ED_FD_FCR D,9,266.08419380430126,274.08419380430126,298.44400317687547,,,none,30.0,30,2,monophasic
Burst_autosave_20260724_114055_891ms,Flex. carpi rad. (L),L_The_ED_FD_FCR D,10,299.44400317687547,307.44400317687547,331.8038125494492,,,none,30.0,30,2,monophasic
Burst_autosave_20260724_114055_891ms,Flex. carpi rad. (L),L_The_ED_FD_FCR D,1,0.0,8.0,32.359809372573764,,,none,30.0,35,2,monophasic
Burst_autosave_20260724_114055_891ms,Flex. carpi rad. (L),L_The_ED_FD_FCR D,2,33.359809372573764,41.359809372573764,64.92533756885643,,,none,30.0,35,2,monophasic
Burst_autosave_20260724_114055_891ms,Flex. carpi rad. (L),L_The_ED_FD_FCR D,3,65.92533756885643,73.92533756885643,98.28514694143064,,,none,30.0,35,2,monophasic
Burst_autosave_20260724_114055_891ms,Flex. carpi rad. (L),L_The_ED_FD_FCR D,4,99.28514694143064,107.28514694143064,132.4392374893647,,,none,30.0,35,2,monophasic
Burst_autosave_20260724_114055_891ms,Flex. carpi rad. (L),L_The_ED_FD_FCR D,5,133.4392374893647,141.4392374893647,165.00476568657908,,,none,30.0,35,2,monophasic
Burst_autosave_20260724_114055_891ms,Flex. carpi rad. (L),L_The_ED_FD_FCR D,6,166.00476568657908,174.00476568657908,198.36457505915283,,,none,30.0,35,2,monophasic
Burst_autosave_20260724_114055_891ms,Flex. carpi rad. (L),L_The_ED_FD_FCR D,7,199.36457505915283,207.36457505915283,231.72438443172706,,,none,30.0,35,2,monophasic
Burst_autosave_20260724_114055_891ms,Flex. carpi rad. (L),L_The_ED_FD_FCR D,8,232.72438443172706,240.72438443172706,265.08419380430126,,,none,30.0,35,2,monophasic
Burst_autosave_20260724_114055_891ms,Flex. carpi rad. (L),L_The_ED_FD_FCR D,9,266.08419380430126,274.08419380430126,298.44400317687547,,,none,30.0,35,2,monophasic
Burst_autosave_20260724_114055_891ms,Flex. carpi rad. (L),L_The_ED_FD_FCR D,10,299.44400317687547,307.44400317687547,331.8038125494492,,,none,30.0,35,2,monophasic
Burst_autosave_20260724_114055_891ms,Flex. carpi rad. (L),L_The_ED_FD_FCR D,1,0.0,8.0,32.359809372573764,0.026520179584622383,0.026520179584622383,none,30.0,40,2,monophasic
Burst_autosave_20260724_114055_891ms,Flex. carpi rad. (L),L_The_ED_FD_FCR D,2,33.359809372573764,41.359809372573764,64.92533756885643,0.021149003878235817,0.021149003878235817,none,30.0,40,2,monophasic
Burst_autosave_20260724_114055_891ms,Flex. carpi rad. (L),L_The_ED_FD_FCR D,3,65.92533756885643,73.92533756885643,98.28514694143064,0.02047760784626007,0.02047760784626007,none,30.0,40,2,monophasic
Burst_autosave_20260724_114055_891ms,Flex. carpi rad. (L),L_The_ED_FD_FCR D,4,99.28514694143064,107.28514694143064,132.4392374893647,0.02601663302630186,0.02601663302630186,none,30.0,40,2,monophasic
Burst_autosave_20260724_114055_891ms,Flex. carpi rad. (L),L_The_ED_FD_FCR D,5,133.4392374893647,141.4392374893647,165.00476568657908,0.016784924548119307,0.016784924548119307,none,30.0,40,2,monophasic
Burst_autosave_20260724_114055_891ms,Flex. carpi rad. (L),L_The_ED_FD_FCR D,6,166.00476568657908,174.00476568657908,198.36457505915283,0.022156100254505873,0.022156100254505873,none,30.0,40,2,monophasic
Burst_autosave_20260724_114055_891ms,Flex. carpi rad. (L),L_The_ED_FD_FCR D,7,199.36457505915283,207.36457505915283,231.72438443172706,0.016281376592814922,0.016281376592814922,none,30.0,40,2,monophasic
Burst_autosave_20260724_114055_891ms,Flex. carpi rad. (L),L_The_ED_FD_FCR D,8,232.72438443172706,240.72438443172706,265.08419380430126,,,none,30.0,40,2,monophasic
Burst_autosave_20260724_114055_891ms,Flex. carpi rad. (L),L_The_ED_FD_FCR D,9,266.08419380430126,274.08419380430126,298.44400317687547,0.021988251246511936,0.021988251246511936,none,30.0,40,2,monophasic
Burst_autosave_20260724_114055_891ms,Flex. carpi rad. (L),L_The_ED_FD_FCR D,10,299.44400317687547,307.44400317687547,331.8038125494492,0.02517738565802574,0.02517738565802574,none,30.0,40,2,monophasic
Burst_autosave_20260724_114055_891ms,Deltoid med. (R),R_DELmed,1,0.0,8.0,32.359809372573764,,,none,30.0,10,2,monophasic
Burst_autosave_20260724_114055_891ms,Deltoid med. (R),R_DELmed,2,33.359809372573764,41.359809372573764,64.92533756885643,,,none,30.0,10,2,monophasic
Burst_autosave_20260724_114055_891ms,Deltoid med. (R),R_DELmed,3,65.92533756885643,73.92533756885643,98.28514694143064,,,none,30.0,10,2,monophasic
Burst_autosave_20260724_114055_891ms,Deltoid med. (R),R_DELmed,4,99.28514694143064,107.28514694143064,132.4392374893647,,,none,30.0,10,2,monophasic
Burst_autosave_20260724_114055_891ms,Deltoid med. (R),R_DELmed,5,133.4392374893647,141.4392374893647,165.00476568657908,,,none,30.0,10,2,monophasic
Burst_autosave_20260724_114055_891ms,Deltoid med. (R),R_DELmed,6,166.00476568657908,174.00476568657908,198.36457505915283,,,none,30.0,10,2,monophasic
Burst_autosave_20260724_114055_891ms,Deltoid med. (R),R_DELmed,7,199.36457505915283,207.36457505915283,231.72438443172706,,,none,30.0,10,2,monophasic
Burst_autosave_20260724_114055_891ms,Deltoid med. (R),R_DELmed,8,232.72438443172706,240.72438443172706,265.08419380430126,,,none,30.0,10,2,monophasic
Burst_autosave_20260724_114055_891ms,Deltoid med. (R),R_DELmed,9,266.08419380430126,274.08419380430126,298.44400317687547,,,none,30.0,10,2,monophasic
Burst_autosave_20260724_114055_891ms,Deltoid med. (R),R_DELmed,10,299.44400317687547,307.44400317687547,331.8038125494492,,,none,30.0,10,2,monophasic
Burst_autosave_20260724_114055_891ms,Deltoid med. (R),R_DELmed,1,0.0,8.0,32.359809372573764,,,none,30.0,15,2,monophasic
Burst_autosave_20260724_114055_891ms,Deltoid med. (R),R_DELmed,2,33.359809372573764,41.359809372573764,64.92533756885643,,,none,30.0,15,2,monophasic
Burst_autosave_20260724_114055_891ms,Deltoid med. (R),R_DELmed,3,65.92533756885643,73.92533756885643,98.28514694143064,,,none,30.0,15,2,monophasic
Burst_autosave_20260724_114055_891ms,Deltoid med. (R),R_DELmed,4,99.28514694143064,107.28514694143064,132.4392374893647,,,none,30.0,15,2,monophasic
Burst_autosave_20260724_114055_891ms,Deltoid med. (R),R_DELmed,5,133.4392374893647,141.4392374893647,165.00476568657908,,,none,30.0,15,2,monophasic
Burst_autosave_20260724_114055_891ms,Deltoid med. (R),R_DELmed,6,166.00476568657908,174.00476568657908,198.36457505915283,,,none,30.0,15,2,monophasic
Burst_autosave_20260724_114055_891ms,Deltoid med. (R),R_DELmed,7,199.36457505915283,207.36457505915283,231.72438443172706,,,none,30.0,15,2,monophasic
Burst_autosave_20260724_114055_891ms,Deltoid med. (R),R_DELmed,8,232.72438443172706,240.72438443172706,265.08419380430126,,,none,30.0,15,2,monophasic
Burst_autosave_20260724_114055_891ms,Deltoid med. (R),R_DELmed,9,266.08419380430126,274.08419380430126,298.44400317687547,,,none,30.0,15,2,monophasic
Burst_autosave_20260724_114055_891ms,Deltoid med. (R),R_DELmed,10,299.44400317687547,307.44400317687547,331.8038125494492,,,none,30.0,15,2,monophasic
Burst_autosave_20260724_114055_891ms,Deltoid med. (R),R_DELmed,1,0.0,8.0,32.359809372573764,,,none,30.0,20,2,monophasic
Burst_autosave_20260724_114055_891ms,Deltoid med. (R),R_DELmed,2,33.359809372573764,41.359809372573764,64.92533756885643,,,none,30.0,20,2,monophasic
Burst_autosave_20260724_114055_891ms,Deltoid med. (R),R_DELmed,3,65.92533756885643,73.92533756885643,98.28514694143064,,,none,30.0,20,2,monophasic
Burst_autosave_20260724_114055_891ms,Deltoid med. (R),R_DELmed,4,99.28514694143064,107.28514694143064,132.4392374893647,,,none,30.0,20,2,monophasic
Burst_autosave_20260724_114055_891ms,Deltoid med. (R),R_DELmed,5,133.4392374893647,141.4392374893647,165.00476568657908,,,none,30.0,20,2,monophasic
Burst_autosave_20260724_114055_891ms,Deltoid med. (R),R_DELmed,6,166.00476568657908,174.00476568657908,198.36457505915283,,,none,30.0,20,2,monophasic
Burst_autosave_20260724_114055_891ms,Deltoid med. (R),R_DELmed,7,199.36457505915283,207.36457505915283,231.72438443172706,,,none,30.0,20,2,monophasic
Burst_autosave_20260724_114055_891ms,Deltoid med. (R),R_DELmed,8,232.72438443172706,240.72438443172706,265.08419380430126,,,none,30.0,20,2,monophasic
Burst_autosave_20260724_114055_891ms,Deltoid med. (R),R_DELmed,9,266.08419380430126,274.08419380430126,298.44400317687547,,,none,30.0,20,2,monophasic
Burst_autosave_20260724_114055_891ms,Deltoid med. (R),R_DELmed,10,299.44400317687547,307.44400317687547,331.8038125494492,,,none,30.0,20,2,monophasic
Burst_autosave_20260724_114055_891ms,Deltoid med. (R),R_DELmed,1,0.0,8.0,32.359809372573764,,,none,30.0,25,2,monophasic
Burst_autosave_20260724_114055_891ms,Deltoid med. (R),R_DELmed,2,33.359809372573764,41.359809372573764,64.92533756885643,,,none,30.0,25,2,monophasic
Burst_autosave_20260724_114055_891ms,Deltoid med. (R),R_DELmed,3,65.92533756885643,73.92533756885643,98.28514694143064,,,none,30.0,25,2,monophasic
Burst_autosave_20260724_114055_891ms,Deltoid med. (R),R_DELmed,4,99.28514694143064,107.28514694143064,132.4392374893647,,,none,30.0,25,2,monophasic
Burst_autosave_20260724_114055_891ms,Deltoid med. (R),R_DELmed,5,133.4392374893647,141.4392374893647,165.00476568657908,,,none,30.0,25,2,monophasic
Burst_autosave_20260724_114055_891ms,Deltoid med. (R),R_DELmed,6,166.00476568657908,174.00476568657908,198.36457505915283,,,none,30.0,25,2,monophasic
Burst_autosave_20260724_114055_891ms,Deltoid med. (R),R_DELmed,7,199.36457505915283,207.36457505915283,231.72438443172706,,,none,30.0,25,2,monophasic
Burst_autosave_20260724_114055_891ms,Deltoid med. (R),R_DELmed,8,232.72438443172706,240.72438443172706,265.08419380430126,,,none,30.0,25,2,monophasic
Burst_autosave_20260724_114055_891ms,Deltoid med. (R),R_DELmed,9,266.08419380430126,274.08419380430126,298.44400317687547,,,none,30.0,25,2,monophasic
Burst_autosave_20260724_114055_891ms,Deltoid med. (R),R_DELmed,10,299.44400317687547,307.44400317687547,331.8038125494492,,,none,30.0,25,2,monophasic
Burst_autosave_20260724_114055_891ms,Deltoid med. (R),R_DELmed,1,0.0,8.0,32.359809372573764,0.02517738565802574,0.02517738565802574,none,30.0,30,2,monophasic
Burst_autosave_20260724_114055_891ms,Deltoid med. (R),R_DELmed,2,33.359809372573764,41.359809372573764,64.92533756885643,0.025848783552646637,0.025848783552646637,none,30.0,30,2,monophasic
Burst_autosave_20260724_114055_891ms,Deltoid med. (R),R_DELmed,3,65.92533756885643,73.92533756885643,98.28514694143064,0.02047760784626007,0.02047760784626007,none,30.0,30,2,monophasic
Burst_autosave_20260724_114055_891ms,Deltoid med. (R),R_DELmed,4,99.28514694143064,107.28514694143064,132.4392374893647,0.015106432139873505,0.015106432139873505,none,30.0,30,2,monophasic
Burst_autosave_20260724_114055_891ms,Deltoid med. (R),R_DELmed,5,133.4392374893647,141.4392374893647,165.00476568657908,0.017120622098445892,0.017120622098445892,none,30.0,30,2,monophasic
Burst_autosave_20260724_114055_891ms,Deltoid med. (R),R_DELmed,6,166.00476568657908,174.00476568657908,198.36457505915283,0.014770733192563057,0.014770733192563057,none,30.0,30,2,monophasic
Burst_autosave_20260724_114055_891ms,Deltoid med. (R),R_DELmed,7,199.36457505915283,207.36457505915283,231.72438443172706,0.01879911683499813,0.01879911683499813,none,30.0,30,2,monophasic
Burst_autosave_20260724_114055_891ms,Deltoid med. (R),R_DELmed,8,232.72438443172706,240.72438443172706,265.08419380430126,0.02249179594218731,0.02249179594218731,none,30.0,30,2,monophasic
Burst_autosave_20260724_114055_891ms,Deltoid med. (R),R_DELmed,9,266.08419380430126,274.08419380430126,298.44400317687547,0.02249179780483246,0.02249179780483246,none,30.0,30,2,monophasic
Burst_autosave_20260724_114055_891ms,Deltoid med. (R),R_DELmed,10,299.44400317687547,307.44400317687547,331.8038125494492,0.02383459359407425,0.02383459359407425,none,30.0,30,2,monophasic
Burst_autosave_20260724_114055_891ms,Deltoid med. (R),R_DELmed,1,0.0,8.0,32.359809372573764,,,none,30.0,35,2,monophasic
Burst_autosave_20260724_114055_891ms,Deltoid med. (R),R_DELmed,2,33.359809372573764,41.359809372573764,64.92533756885643,,,none,30.0,35,2,monophasic
Burst_autosave_20260724_114055_891ms,Deltoid med. (R),R_DELmed,3,65.92533756885643,73.92533756885643,98.28514694143064,,,none,30.0,35,2,monophasic
Burst_autosave_20260724_114055_891ms,Deltoid med. (R),R_DELmed,4,99.28514694143064,107.28514694143064,132.4392374893647,,,none,30.0,35,2,monophasic
Burst_autosave_20260724_114055_891ms,Deltoid med. (R),R_DELmed,5,133.4392374893647,141.4392374893647,165.00476568657908,,,none,30.0,35,2,monophasic
Burst_autosave_20260724_114055_891ms,Deltoid med. (R),R_DELmed,6,166.00476568657908,174.00476568657908,198.36457505915283,,,none,30.0,35,2,monophasic
Burst_autosave_20260724_114055_891ms,Deltoid med. (R),R_DELmed,7,199.36457505915283,207.36457505915283,231.72438443172706,,,none,30.0,35,2,monophasic
Burst_autosave_20260724_114055_891ms,Deltoid med. (R),R_DELmed,8,232.72438443172706,240.72438443172706,265.08419380430126,,,none,30.0,35,2,monophasic
Burst_autosave_20260724_114055_891ms,Deltoid med. (R),R_DELmed,9,266.08419380430126,274.08419380430126,298.44400317687547,,,none,30.0,35,2,monophasic
Burst_autosave_20260724_114055_891ms,Deltoid med. (R),R_DELmed,10,299.44400317687547,307.44400317687547,331.8038125494492,,,none,30.0,35,2,monophasic
Burst_autosave_20260724_114055_891ms,Deltoid med. (R),R_DELmed,1,0.0,8.0,32.359809372573764,0.06663614744320512,0.06663614744320512,none,30.0,40,2,monophasic
Burst_autosave_20260724_114055_891ms,Deltoid med. (R),R_DELmed,2,33.359809372573764,41.359809372573764,64.92533756885643,0.06546120531857014,0.06546120531857014,none,30.0,40,2,monophasic
Burst_autosave_20260724_114055_891ms,Deltoid med. (R),R_DELmed,3,65.92533756885643,73.92533756885643,98.28514694143064,0.08274967595934868,0.08274967595934868,none,30.0,40,2,monophasic
Burst_autosave_20260724_114055_891ms,Deltoid med. (R),R_DELmed,4,99.28514694143064,107.28514694143064,132.4392374893647,0.04162661172449589,0.04162661172449589,none,30.0,40,2,monophasic
Burst_autosave_20260724_114055_891ms,Deltoid med. (R),R_DELmed,5,133.4392374893647,141.4392374893647,165.00476568657908,0.08812085166573524,0.08812085166573524,none,30.0,40,2,monophasic
Burst_autosave_20260724_114055_891ms,Deltoid med. (R),R_DELmed,6,166.00476568657908,174.00476568657908,198.36457505915283,0.10238803923130035,0.10238803923130035,none,30.0,40,2,monophasic
Burst_autosave_20260724_114055_891ms,Deltoid med. (R),R_DELmed,7,199.36457505915283,207.36457505915283,231.72438443172706,0.0963454619050026,0.0963454619050026,none,30.0,40,2,monophasic
Burst_autosave_20260724_114055_891ms,Deltoid med. (R),R_DELmed,8,232.72438443172706,240.72438443172706,265.08419380430126,0.053040360333397985,0.053040360333397985,none,30.0,40,2,monophasic
Burst_autosave_20260724_114055_891ms,Deltoid med. (R),R_DELmed,9,266.08419380430126,274.08419380430126,298.44400317687547,0.10876630991697311,0.10876630991697311,none,30.0,40,2,monophasic
Burst_autosave_20260724_114055_891ms,Deltoid med. (R),R_DELmed,10,299.44400317687547,307.44400317687547,331.8038125494492,0.11766231432557106,0.11766231432557106,none,30.0,40,2,monophasic
Burst_autosave_20260724_114055_891ms,Biceps (R),R_BB,1,0.0,8.0,32.359809372573764,,,none,30.0,10,2,monophasic
Burst_autosave_20260724_114055_891ms,Biceps (R),R_BB,2,33.359809372573764,41.359809372573764,64.92533756885643,,,none,30.0,10,2,monophasic
Burst_autosave_20260724_114055_891ms,Biceps (R),R_BB,3,65.92533756885643,73.92533756885643,98.28514694143064,,,none,30.0,10,2,monophasic
Burst_autosave_20260724_114055_891ms,Biceps (R),R_BB,4,99.28514694143064,107.28514694143064,132.4392374893647,,,none,30.0,10,2,monophasic
Burst_autosave_20260724_114055_891ms,Biceps (R),R_BB,5,133.4392374893647,141.4392374893647,165.00476568657908,,,none,30.0,10,2,monophasic
Burst_autosave_20260724_114055_891ms,Biceps (R),R_BB,6,166.00476568657908,174.00476568657908,198.36457505915283,,,none,30.0,10,2,monophasic
Burst_autosave_20260724_114055_891ms,Biceps (R),R_BB,7,199.36457505915283,207.36457505915283,231.72438443172706,,,none,30.0,10,2,monophasic
Burst_autosave_20260724_114055_891ms,Biceps (R),R_BB,8,232.72438443172706,240.72438443172706,265.08419380430126,,,none,30.0,10,2,monophasic
Burst_autosave_20260724_114055_891ms,Biceps (R),R_BB,9,266.08419380430126,274.08419380430126,298.44400317687547,,,none,30.0,10,2,monophasic
Burst_autosave_20260724_114055_891ms,Biceps (R),R_BB,10,299.44400317687547,307.44400317687547,331.8038125494492,,,none,30.0,10,2,monophasic
Burst_autosave_20260724_114055_891ms,Biceps (R),R_BB,1,0.0,8.0,32.359809372573764,,,none,30.0,15,2,monophasic
Burst_autosave_20260724_114055_891ms,Biceps (R),R_BB,2,33.359809372573764,41.359809372573764,64.92533756885643,,,none,30.0,15,2,monophasic
Burst_autosave_20260724_114055_891ms,Biceps (R),R_BB,3,65.92533756885643,73.92533756885643,98.28514694143064,,,none,30.0,15,2,monophasic
Burst_autosave_20260724_114055_891ms,Biceps (R),R_BB,4,99.28514694143064,107.28514694143064,132.4392374893647,,,none,30.0,15,2,monophasic
Burst_autosave_20260724_114055_891ms,Biceps (R),R_BB,5,133.4392374893647,141.4392374893647,165.00476568657908,,,none,30.0,15,2,monophasic
Burst_autosave_20260724_114055_891ms,Biceps (R),R_BB,6,166.00476568657908,174.00476568657908,198.36457505915283,,,none,30.0,15,2,monophasic
Burst_autosave_20260724_114055_891ms,Biceps (R),R_BB,7,199.36457505915283,207.36457505915283,231.72438443172706,,,none,30.0,15,2,monophasic
Burst_autosave_20260724_114055_891ms,Biceps (R),R_BB,8,232.72438443172706,240.72438443172706,265.08419380430126,,,none,30.0,15,2,monophasic
Burst_autosave_20260724_114055_891ms,Biceps (R),R_BB,9,266.08419380430126,274.08419380430126,298.44400317687547,,,none,30.0,15,2,monophasic
Burst_autosave_20260724_114055_891ms,Biceps (R),R_BB,10,299.44400317687547,307.44400317687547,331.8038125494492,,,none,30.0,15,2,monophasic
Burst_autosave_20260724_114055_891ms,Biceps (R),R_BB,1,0.0,8.0,32.359809372573764,,,none,30.0,20,2,monophasic
Burst_autosave_20260724_114055_891ms,Biceps (R),R_BB,2,33.359809372573764,41.359809372573764,64.92533756885643,,,none,30.0,20,2,monophasic
Burst_autosave_20260724_114055_891ms,Biceps (R),R_BB,3,65.92533756885643,73.92533756885643,98.28514694143064,,,none,30.0,20,2,monophasic
Burst_autosave_20260724_114055_891ms,Biceps (R),R_BB,4,99.28514694143064,107.28514694143064,132.4392374893647,,,none,30.0,20,2,monophasic
Burst_autosave_20260724_114055_891ms,Biceps (R),R_BB,5,133.4392374893647,141.4392374893647,165.00476568657908,,,none,30.0,20,2,monophasic
Burst_autosave_20260724_114055_891ms,Biceps (R),R_BB,6,166.00476568657908,174.00476568657908,198.36457505915283,,,none,30.0,20,2,monophasic
Burst_autosave_20260724_114055_891ms,Biceps (R),R_BB,7,199.36457505915283,207.36457505915283,231.72438443172706,,,none,30.0,20,2,monophasic
Burst_autosave_20260724_114055_891ms,Biceps (R),R_BB,8,232.72438443172706,240.72438443172706,265.08419380430126,,,none,30.0,20,2,monophasic
Burst_autosave_20260724_114055_891ms,Biceps (R),R_BB,9,266.08419380430126,274.08419380430126,298.44400317687547,,,none,30.0,20,2,monophasic
Burst_autosave_20260724_114055_891ms,Biceps (R),R_BB,10,299.44400317687547,307.44400317687547,331.8038125494492,,,none,30.0,20,2,monophasic
Burst_autosave_20260724_114055_891ms,Biceps (R),R_BB,1,0.0,8.0,32.359809372573764,,,none,30.0,25,2,monophasic
Burst_autosave_20260724_114055_891ms,Biceps (R),R_BB,2,33.359809372573764,41.359809372573764,64.92533756885643,,,none,30.0,25,2,monophasic
Burst_autosave_20260724_114055_891ms,Biceps (R),R_BB,3,65.92533756885643,73.92533756885643,98.28514694143064,,,none,30.0,25,2,monophasic
Burst_autosave_20260724_114055_891ms,Biceps (R),R_BB,4,99.28514694143064,107.28514694143064,132.4392374893647,,,none,30.0,25,2,monophasic
Burst_autosave_20260724_114055_891ms,Biceps (R),R_BB,5,133.4392374893647,141.4392374893647,165.00476568657908,,,none,30.0,25,2,monophasic
Burst_autosave_20260724_114055_891ms,Biceps (R),R_BB,6,166.00476568657908,174.00476568657908,198.36457505915283,,,none,30.0,25,2,monophasic
Burst_autosave_20260724_114055_891ms,Biceps (R),R_BB,7,199.36457505915283,207.36457505915283,231.72438443172706,,,none,30.0,25,2,monophasic
Burst_autosave_20260724_114055_891ms,Biceps (R),R_BB,8,232.72438443172706,240.72438443172706,265.08419380430126,,,none,30.0,25,2,monophasic
Burst_autosave_20260724_114055_891ms,Biceps (R),R_BB,9,266.08419380430126,274.08419380430126,298.44400317687547,,,none,30.0,25,2,monophasic
Burst_autosave_20260724_114055_891ms,Biceps (R),R_BB,10,299.44400317687547,307.44400317687547,331.8038125494492,,,none,30.0,25,2,monophasic
Burst_autosave_20260724_114055_891ms,Biceps (R),R_BB,1,0.0,8.0,32.359809372573764,,,none,30.0,30,2,monophasic
Burst_autosave_20260724_114055_891ms,Biceps (R),R_BB,2,33.359809372573764,41.359809372573764,64.92533756885643,,,none,30.0,30,2,monophasic
Burst_autosave_20260724_114055_891ms,Biceps (R),R_BB,3,65.92533756885643,73.92533756885643,98.28514694143064,,,none,30.0,30,2,monophasic
Burst_autosave_20260724_114055_891ms,Biceps (R),R_BB,4,99.28514694143064,107.28514694143064,132.4392374893647,,,none,30.0,30,2,monophasic
Burst_autosave_20260724_114055_891ms,Biceps (R),R_BB,5,133.4392374893647,141.4392374893647,165.00476568657908,,,none,30.0,30,2,monophasic
Burst_autosave_20260724_114055_891ms,Biceps (R),R_BB,6,166.00476568657908,174.00476568657908,198.36457505915283,,,none,30.0,30,2,monophasic
Burst_autosave_20260724_114055_891ms,Biceps (R),R_BB,7,199.36457505915283,207.36457505915283,231.72438443172706,,,none,30.0,30,2,monophasic
Burst_autosave_20260724_114055_891ms,Biceps (R),R_BB,8,232.72438443172706,240.72438443172706,265.08419380430126,,,none,30.0,30,2,monophasic
Burst_autosave_20260724_114055_891ms,Biceps (R),R_BB,9,266.08419380430126,274.08419380430126,298.44400317687547,,,none,30.0,30,2,monophasic
Burst_autosave_20260724_114055_891ms,Biceps (R),R_BB,10,299.44400317687547,307.44400317687547,331.8038125494492,,,none,30.0,30,2,monophasic
Burst_autosave_20260724_114055_891ms,Biceps (R),R_BB,1,0.0,8.0,32.359809372573764,,,none,30.0,35,2,monophasic
Burst_autosave_20260724_114055_891ms,Biceps (R),R_BB,2,33.359809372573764,41.359809372573764,64.92533756885643,,,none,30.0,35,2,monophasic
Burst_autosave_20260724_114055_891ms,Biceps (R),R_BB,3,65.92533756885643,73.92533756885643,98.28514694143064,,,none,30.0,35,2,monophasic
Burst_autosave_20260724_114055_891ms,Biceps (R),R_BB,4,99.28514694143064,107.28514694143064,132.4392374893647,,,none,30.0,35,2,monophasic
Burst_autosave_20260724_114055_891ms,Biceps (R),R_BB,5,133.4392374893647,141.4392374893647,165.00476568657908,,,none,30.0,35,2,monophasic
Burst_autosave_20260724_114055_891ms,Biceps (R),R_BB,6,166.00476568657908,174.00476568657908,198.36457505915283,,,none,30.0,35,2,monophasic
Burst_autosave_20260724_114055_891ms,Biceps (R),R_BB,7,199.36457505915283,207.36457505915283,231.72438443172706,,,none,30.0,35,2,monophasic
Burst_autosave_20260724_114055_891ms,Biceps (R),R_BB,8,232.72438443172706,240.72438443172706,265.08419380430126,,,none,30.0,35,2,monophasic
Burst_autosave_20260724_114055_891ms,Biceps (R),R_BB,9,266.08419380430126,274.08419380430126,298.44400317687547,,,none,30.0,35,2,monophasic
Burst_autosave_20260724_114055_891ms,Biceps (R),R_BB,10,299.44400317687547,307.44400317687547,331.8038125494492,,,none,30.0,35,2,monophasic
Burst_autosave_20260724_114055_891ms,Biceps (R),R_BB,1,0.0,8.0,32.359809372573764,,,none,30.0,40,2,monophasic
Burst_autosave_20260724_114055_891ms,Biceps (R),R_BB,2,33.359809372573764,41.359809372573764,64.92533756885643,,,none,30.0,40,2,monophasic
Burst_autosave_20260724_114055_891ms,Biceps (R),R_BB,3,65.92533756885643,73.92533756885643,98.28514694143064,,,none,30.0,40,2,monophasic
Burst_autosave_20260724_114055_891ms,Biceps (R),R_BB,4,99.28514694143064,107.28514694143064,132.4392374893647,,,none,30.0,40,2,monophasic
Burst_autosave_20260724_114055_891ms,Biceps (R),R_BB,5,133.4392374893647,141.4392374893647,165.00476568657908,,,none,30.0,40,2,monophasic
Burst_autosave_20260724_114055_891ms,Biceps (R),R_BB,6,166.00476568657908,174.00476568657908,198.36457505915283,,,none,30.0,40,2,monophasic
Burst_autosave_20260724_114055_891ms,Biceps (R),R_BB,7,199.36457505915283,207.36457505915283,231.72438443172706,,,none,30.0,40,2,monophasic
Burst_autosave_20260724_114055_891ms,Biceps (R),R_BB,8,232.72438443172706,240.72438443172706,265.08419380430126,,,none,30.0,40,2,monophasic
Burst_autosave_20260724_114055_891ms,Biceps (R),R_BB,9,266.08419380430126,274.08419380430126,298.44400317687547,,,none,30.0,40,2,monophasic
Burst_autosave_20260724_114055_891ms,Biceps (R),R_BB,10,299.44400317687547,307.44400317687547,331.8038125494492,,,none,30.0,40,2,monophasic
Burst_autosave_20260724_114055_891ms,Triceps long (R),R_TBlg,1,0.0,8.0,32.359809372573764,,,none,30.0,10,2,monophasic
Burst_autosave_20260724_114055_891ms,Triceps long (R),R_TBlg,2,33.359809372573764,41.359809372573764,64.92533756885643,,,none,30.0,10,2,monophasic
Burst_autosave_20260724_114055_891ms,Triceps long (R),R_TBlg,3,65.92533756885643,73.92533756885643,98.28514694143064,,,none,30.0,10,2,monophasic
Burst_autosave_20260724_114055_891ms,Triceps long (R),R_TBlg,4,99.28514694143064,107.28514694143064,132.4392374893647,,,none,30.0,10,2,monophasic
Burst_autosave_20260724_114055_891ms,Triceps long (R),R_TBlg,5,133.4392374893647,141.4392374893647,165.00476568657908,,,none,30.0,10,2,monophasic
Burst_autosave_20260724_114055_891ms,Triceps long (R),R_TBlg,6,166.00476568657908,174.00476568657908,198.36457505915283,,,none,30.0,10,2,monophasic
Burst_autosave_20260724_114055_891ms,Triceps long (R),R_TBlg,7,199.36457505915283,207.36457505915283,231.72438443172706,,,none,30.0,10,2,monophasic
Burst_autosave_20260724_114055_891ms,Triceps long (R),R_TBlg,8,232.72438443172706,240.72438443172706,265.08419380430126,,,none,30.0,10,2,monophasic
Burst_autosave_20260724_114055_891ms,Triceps long (R),R_TBlg,9,266.08419380430126,274.08419380430126,298.44400317687547,,,none,30.0,10,2,monophasic
Burst_autosave_20260724_114055_891ms,Triceps long (R),R_TBlg,10,299.44400317687547,307.44400317687547,331.8038125494492,,,none,30.0,10,2,monophasic
Burst_autosave_20260724_114055_891ms,Triceps long (R),R_TBlg,1,0.0,8.0,32.359809372573764,,,none,30.0,15,2,monophasic
Burst_autosave_20260724_114055_891ms,Triceps long (R),R_TBlg,2,33.359809372573764,41.359809372573764,64.92533756885643,,,none,30.0,15,2,monophasic
Burst_autosave_20260724_114055_891ms,Triceps long (R),R_TBlg,3,65.92533756885643,73.92533756885643,98.28514694143064,,,none,30.0,15,2,monophasic
Burst_autosave_20260724_114055_891ms,Triceps long (R),R_TBlg,4,99.28514694143064,107.28514694143064,132.4392374893647,,,none,30.0,15,2,monophasic
Burst_autosave_20260724_114055_891ms,Triceps long (R),R_TBlg,5,133.4392374893647,141.4392374893647,165.00476568657908,,,none,30.0,15,2,monophasic
Burst_autosave_20260724_114055_891ms,Triceps long (R),R_TBlg,6,166.00476568657908,174.00476568657908,198.36457505915283,,,none,30.0,15,2,monophasic
Burst_autosave_20260724_114055_891ms,Triceps long (R),R_TBlg,7,199.36457505915283,207.36457505915283,231.72438443172706,,,none,30.0,15,2,monophasic
Burst_autosave_20260724_114055_891ms,Triceps long (R),R_TBlg,8,232.72438443172706,240.72438443172706,265.08419380430126,,,none,30.0,15,2,monophasic
Burst_autosave_20260724_114055_891ms,Triceps long (R),R_TBlg,9,266.08419380430126,274.08419380430126,298.44400317687547,,,none,30.0,15,2,monophasic
Burst_autosave_20260724_114055_891ms,Triceps long (R),R_TBlg,10,299.44400317687547,307.44400317687547,331.8038125494492,,,none,30.0,15,2,monophasic
Burst_autosave_20260724_114055_891ms,Triceps long (R),R_TBlg,1,0.0,8.0,32.359809372573764,,,none,30.0,20,2,monophasic
Burst_autosave_20260724_114055_891ms,Triceps long (R),R_TBlg,2,33.359809372573764,41.359809372573764,64.92533756885643,,,none,30.0,20,2,monophasic
Burst_autosave_20260724_114055_891ms,Triceps long (R),R_TBlg,3,65.92533756885643,73.92533756885643,98.28514694143064,,,none,30.0,20,2,monophasic
Burst_autosave_20260724_114055_891ms,Triceps long (R),R_TBlg,4,99.28514694143064,107.28514694143064,132.4392374893647,,,none,30.0,20,2,monophasic
Burst_autosave_20260724_114055_891ms,Triceps long (R),R_TBlg,5,133.4392374893647,141.4392374893647,165.00476568657908,,,none,30.0,20,2,monophasic
Burst_autosave_20260724_114055_891ms,Triceps long (R),R_TBlg,6,166.00476568657908,174.00476568657908,198.36457505915283,,,none,30.0,20,2,monophasic
Burst_autosave_20260724_114055_891ms,Triceps long (R),R_TBlg,7,199.36457505915283,207.36457505915283,231.72438443172706,,,none,30.0,20,2,monophasic
Burst_autosave_20260724_114055_891ms,Triceps long (R),R_TBlg,8,232.72438443172706,240.72438443172706,265.08419380430126,,,none,30.0,20,2,monophasic
Burst_autosave_20260724_114055_891ms,Triceps long (R),R_TBlg,9,266.08419380430126,274.08419380430126,298.44400317687547,,,none,30.0,20,2,monophasic
Burst_autosave_20260724_114055_891ms,Triceps long (R),R_TBlg,10,299.44400317687547,307.44400317687547,331.8038125494492,,,none,30.0,20,2,monophasic
Burst_autosave_20260724_114055_891ms,Triceps long (R),R_TBlg,1,0.0,8.0,32.359809372573764,,,none,30.0,25,2,monophasic
Burst_autosave_20260724_114055_891ms,Triceps long (R),R_TBlg,2,33.359809372573764,41.359809372573764,64.92533756885643,,,none,30.0,25,2,monophasic
Burst_autosave_20260724_114055_891ms,Triceps long (R),R_TBlg,3,65.92533756885643,73.92533756885643,98.28514694143064,,,none,30.0,25,2,monophasic
Burst_autosave_20260724_114055_891ms,Triceps long (R),R_TBlg,4,99.28514694143064,107.28514694143064,132.4392374893647,,,none,30.0,25,2,monophasic
Burst_autosave_20260724_114055_891ms,Triceps long (R),R_TBlg,5,133.4392374893647,141.4392374893647,165.00476568657908,,,none,30.0,25,2,monophasic
Burst_autosave_20260724_114055_891ms,Triceps long (R),R_TBlg,6,166.00476568657908,174.00476568657908,198.36457505915283,,,none,30.0,25,2,monophasic
Burst_autosave_20260724_114055_891ms,Triceps long (R),R_TBlg,7,199.36457505915283,207.36457505915283,231.72438443172706,,,none,30.0,25,2,monophasic
Burst_autosave_20260724_114055_891ms,Triceps long (R),R_TBlg,8,232.72438443172706,240.72438443172706,265.08419380430126,,,none,30.0,25,2,monophasic
Burst_autosave_20260724_114055_891ms,Triceps long (R),R_TBlg,9,266.08419380430126,274.08419380430126,298.44400317687547,,,none,30.0,25,2,monophasic
Burst_autosave_20260724_114055_891ms,Triceps long (R),R_TBlg,10,299.44400317687547,307.44400317687547,331.8038125494492,,,none,30.0,25,2,monophasic
Burst_autosave_20260724_114055_891ms,Triceps long (R),R_TBlg,1,0.0,8.0,32.359809372573764,,,none,30.0,30,2,monophasic
Burst_autosave_20260724_114055_891ms,Triceps long (R),R_TBlg,2,33.359809372573764,41.359809372573764,64.92533756885643,,,none,30.0,30,2,monophasic
Burst_autosave_20260724_114055_891ms,Triceps long (R),R_TBlg,3,65.92533756885643,73.92533756885643,98.28514694143064,,,none,30.0,30,2,monophasic
Burst_autosave_20260724_114055_891ms,Triceps long (R),R_TBlg,4,99.28514694143064,107.28514694143064,132.4392374893647,,,none,30.0,30,2,monophasic
Burst_autosave_20260724_114055_891ms,Triceps long (R),R_TBlg,5,133.4392374893647,141.4392374893647,165.00476568657908,,,none,30.0,30,2,monophasic
Burst_autosave_20260724_114055_891ms,Triceps long (R),R_TBlg,6,166.00476568657908,174.00476568657908,198.36457505915283,,,none,30.0,30,2,monophasic
Burst_autosave_20260724_114055_891ms,Triceps long (R),R_TBlg,7,199.36457505915283,207.36457505915283,231.72438443172706,,,none,30.0,30,2,monophasic
Burst_autosave_20260724_114055_891ms,Triceps long (R),R_TBlg,8,232.72438443172706,240.72438443172706,265.08419380430126,,,none,30.0,30,2,monophasic
Burst_autosave_20260724_114055_891ms,Triceps long (R),R_TBlg,9,266.08419380430126,274.08419380430126,298.44400317687547,,,none,30.0,30,2,monophasic
Burst_autosave_20260724_114055_891ms,Triceps long (R),R_TBlg,10,299.44400317687547,307.44400317687547,331.8038125494492,,,none,30.0,30,2,monophasic
Burst_autosave_20260724_114055_891ms,Triceps long (R),R_TBlg,1,0.0,8.0,32.359809372573764,0.03323414851911366,0.03323414851911366,none,30.0,35,2,monophasic
Burst_autosave_20260724_114055_891ms,Triceps long (R),R_TBlg,2,33.359809372573764,41.359809372573764,64.92533756885643,0.04246585816144943,0.04246585816144943,none,30.0,35,2,monophasic
Burst_autosave_20260724_114055_891ms,Triceps long (R),R_TBlg,3,65.92533756885643,73.92533756885643,98.28514694143064,0.03289845027029514,0.03289845027029514,none,30.0,35,2,monophasic
Burst_autosave_20260724_114055_891ms,Triceps long (R),R_TBlg,4,99.28514694143064,107.28514694143064,132.4392374893647,0.032394903944805264,0.032394903944805264,none,30.0,35,2,monophasic
Burst_autosave_20260724_114055_891ms,Triceps long (R),R_TBlg,5,133.4392374893647,141.4392374893647,165.00476568657908,0.033905547112226486,0.033905547112226486,none,30.0,35,2,monophasic
Burst_autosave_20260724_114055_891ms,Triceps long (R),R_TBlg,6,166.00476568657908,174.00476568657908,198.36457505915283,0.03457694407552481,0.03457694407552481,none,30.0,35,2,monophasic
Burst_autosave_20260724_114055_891ms,Triceps long (R),R_TBlg,7,199.36457505915283,207.36457505915283,231.72438443172706,0.017120623029768467,0.017120623029768467,none,30.0,35,2,monophasic
Burst_autosave_20260724_114055_891ms,Triceps long (R),R_TBlg,8,232.72438443172706,240.72438443172706,265.08419380430126,0.026855878764763474,0.026855878764763474,none,30.0,35,2,monophasic
Burst_autosave_20260724_114055_891ms,Triceps long (R),R_TBlg,9,266.08419380430126,274.08419380430126,298.44400317687547,0.03289845213294029,0.03289845213294029,none,30.0,35,2,monophasic
Burst_autosave_20260724_114055_891ms,Triceps long (R),R_TBlg,10,299.44400317687547,307.44400317687547,331.8038125494492,0.03440909506753087,0.03440909506753087,none,30.0,35,2,monophasic
Burst_autosave_20260724_114055_891ms,Triceps long (R),R_TBlg,1,0.0,8.0,32.359809372573764,0.0550545509904623,0.0550545509904623,none,30.0,40,2,monophasic
Burst_autosave_20260724_114055_891ms,Triceps long (R),R_TBlg,2,33.359809372573764,41.359809372573764,64.92533756885643,0.059754328802227974,0.059754328802227974,none,30.0,40,2,monophasic
Burst_autosave_20260724_114055_891ms,Triceps long (R),R_TBlg,3,65.92533756885643,73.92533756885643,98.28514694143064,0.05438315495848656,0.05438315495848656,none,30.0,40,2,monophasic
Burst_autosave_20260724_114055_891ms,Triceps long (R),R_TBlg,4,99.28514694143064,107.28514694143064,132.4392374893647,0.04162661172449589,0.04162661172449589,none,30.0,40,2,monophasic
Burst_autosave_20260724_114055_891ms,Triceps long (R),R_TBlg,5,133.4392374893647,141.4392374893647,165.00476568657908,0.03826962877064943,0.03826962877064943,none,30.0,40,2,monophasic
Burst_autosave_20260724_114055_891ms,Triceps long (R),R_TBlg,6,166.00476568657908,174.00476568657908,198.36457505915283,0.06848249025642872,0.06848249025642872,none,30.0,40,2,monophasic
Burst_autosave_20260724_114055_891ms,Triceps long (R),R_TBlg,7,199.36457505915283,207.36457505915283,231.72438443172706,0.037262530997395515,0.037262530997395515,none,30.0,40,2,monophasic
Burst_autosave_20260724_114055_891ms,Triceps long (R),R_TBlg,8,232.72438443172706,240.72438443172706,265.08419380430126,0.07385366596281528,0.07385366596281528,none,30.0,40,2,monophasic
Burst_autosave_20260724_114055_891ms,Triceps long (R),R_TBlg,9,266.08419380430126,274.08419380430126,298.44400317687547,0.040283817797899246,0.040283817797899246,none,30.0,40,2,monophasic
Burst_autosave_20260724_114055_891ms,Triceps long (R),R_TBlg,10,299.44400317687547,307.44400317687547,331.8038125494492,0.06915388815104961,0.06915388815104961,none,30.0,40,2,monophasic
Burst_autosave_20260724_114055_891ms,Trapezius (R),R_TR,1,0.0,8.0,32.359809372573764,,,none,30.0,10,2,monophasic
Burst_autosave_20260724_114055_891ms,Trapezius (R),R_TR,2,33.359809372573764,41.359809372573764,64.92533756885643,,,none,30.0,10,2,monophasic
Burst_autosave_20260724_114055_891ms,Trapezius (R),R_TR,3,65.92533756885643,73.92533756885643,98.28514694143064,,,none,30.0,10,2,monophasic
Burst_autosave_20260724_114055_891ms,Trapezius (R),R_TR,4,99.28514694143064,107.28514694143064,132.4392374893647,,,none,30.0,10,2,monophasic
Burst_autosave_20260724_114055_891ms,Trapezius (R),R_TR,5,133.4392374893647,141.4392374893647,165.00476568657908,,,none,30.0,10,2,monophasic
Burst_autosave_20260724_114055_891ms,Trapezius (R),R_TR,6,166.00476568657908,174.00476568657908,198.36457505915283,,,none,30.0,10,2,monophasic
Burst_autosave_20260724_114055_891ms,Trapezius (R),R_TR,7,199.36457505915283,207.36457505915283,231.72438443172706,,,none,30.0,10,2,monophasic
Burst_autosave_20260724_114055_891ms,Trapezius (R),R_TR,8,232.72438443172706,240.72438443172706,265.08419380430126,,,none,30.0,10,2,monophasic
Burst_autosave_20260724_114055_891ms,Trapezius (R),R_TR,9,266.08419380430126,274.08419380430126,298.44400317687547,,,none,30.0,10,2,monophasic
Burst_autosave_20260724_114055_891ms,Trapezius (R),R_TR,10,299.44400317687547,307.44400317687547,331.8038125494492,,,none,30.0,10,2,monophasic
Burst_autosave_20260724_114055_891ms,Trapezius (R),R_TR,1,0.0,8.0,32.359809372573764,,,none,30.0,15,2,monophasic
Burst_autosave_20260724_114055_891ms,Trapezius (R),R_TR,2,33.359809372573764,41.359809372573764,64.92533756885643,,,none,30.0,15,2,monophasic
Burst_autosave_20260724_114055_891ms,Trapezius (R),R_TR,3,65.92533756885643,73.92533756885643,98.28514694143064,,,none,30.0,15,2,monophasic
Burst_autosave_20260724_114055_891ms,Trapezius (R),R_TR,4,99.28514694143064,107.28514694143064,132.4392374893647,,,none,30.0,15,2,monophasic
Burst_autosave_20260724_114055_891ms,Trapezius (R),R_TR,5,133.4392374893647,141.4392374893647,165.00476568657908,,,none,30.0,15,2,monophasic
Burst_autosave_20260724_114055_891ms,Trapezius (R),R_TR,6,166.00476568657908,174.00476568657908,198.36457505915283,,,none,30.0,15,2,monophasic
Burst_autosave_20260724_114055_891ms,Trapezius (R),R_TR,7,199.36457505915283,207.36457505915283,231.72438443172706,,,none,30.0,15,2,monophasic
Burst_autosave_20260724_114055_891ms,Trapezius (R),R_TR,8,232.72438443172706,240.72438443172706,265.08419380430126,,,none,30.0,15,2,monophasic
Burst_autosave_20260724_114055_891ms,Trapezius (R),R_TR,9,266.08419380430126,274.08419380430126,298.44400317687547,,,none,30.0,15,2,monophasic
Burst_autosave_20260724_114055_891ms,Trapezius (R),R_TR,10,299.44400317687547,307.44400317687547,331.8038125494492,,,none,30.0,15,2,monophasic
Burst_autosave_20260724_114055_891ms,Trapezius (R),R_TR,1,0.0,8.0,32.359809372573764,,,none,30.0,20,2,monophasic
Burst_autosave_20260724_114055_891ms,Trapezius (R),R_TR,2,33.359809372573764,41.359809372573764,64.92533756885643,,,none,30.0,20,2,monophasic
Burst_autosave_20260724_114055_891ms,Trapezius (R),R_TR,3,65.92533756885643,73.92533756885643,98.28514694143064,,,none,30.0,20,2,monophasic
Burst_autosave_20260724_114055_891ms,Trapezius (R),R_TR,4,99.28514694143064,107.28514694143064,132.4392374893647,,,none,30.0,20,2,monophasic
Burst_autosave_20260724_114055_891ms,Trapezius (R),R_TR,5,133.4392374893647,141.4392374893647,165.00476568657908,,,none,30.0,20,2,monophasic
Burst_autosave_20260724_114055_891ms,Trapezius (R),R_TR,6,166.00476568657908,174.00476568657908,198.36457505915283,,,none,30.0,20,2,monophasic
Burst_autosave_20260724_114055_891ms,Trapezius (R),R_TR,7,199.36457505915283,207.36457505915283,231.72438443172706,,,none,30.0,20,2,monophasic
Burst_autosave_20260724_114055_891ms,Trapezius (R),R_TR,8,232.72438443172706,240.72438443172706,265.08419380430126,,,none,30.0,20,2,monophasic
Burst_autosave_20260724_114055_891ms,Trapezius (R),R_TR,9,266.08419380430126,274.08419380430126,298.44400317687547,,,none,30.0,20,2,monophasic
Burst_autosave_20260724_114055_891ms,Trapezius (R),R_TR,10,299.44400317687547,307.44400317687547,331.8038125494492,,,none,30.0,20,2,monophasic
Burst_autosave_20260724_114055_891ms,Trapezius (R),R_TR,1,0.0,8.0,32.359809372573764,,,none,30.0,25,2,monophasic
Burst_autosave_20260724_114055_891ms,Trapezius (R),R_TR,2,33.359809372573764,41.359809372573764,64.92533756885643,,,none,30.0,25,2,monophasic
Burst_autosave_20260724_114055_891ms,Trapezius (R),R_TR,3,65.92533756885643,73.92533756885643,98.28514694143064,,,none,30.0,25,2,monophasic
Burst_autosave_20260724_114055_891ms,Trapezius (R),R_TR,4,99.28514694143064,107.28514694143064,132.4392374893647,,,none,30.0,25,2,monophasic
Burst_autosave_20260724_114055_891ms,Trapezius (R),R_TR,5,133.4392374893647,141.4392374893647,165.00476568657908,,,none,30.0,25,2,monophasic
Burst_autosave_20260724_114055_891ms,Trapezius (R),R_TR,6,166.00476568657908,174.00476568657908,198.36457505915283,,,none,30.0,25,2,monophasic
Burst_autosave_20260724_114055_891ms,Trapezius (R),R_TR,7,199.36457505915283,207.36457505915283,231.72438443172706,,,none,30.0,25,2,monophasic
Burst_autosave_20260724_114055_891ms,Trapezius (R),R_TR,8,232.72438443172706,240.72438443172706,265.08419380430126,,,none,30.0,25,2,monophasic
Burst_autosave_20260724_114055_891ms,Trapezius (R),R_TR,9,266.08419380430126,274.08419380430126,298.44400317687547,,,none,30.0,25,2,monophasic
Burst_autosave_20260724_114055_891ms,Trapezius (R),R_TR,10,299.44400317687547,307.44400317687547,331.8038125494492,,,none,30.0,25,2,monophasic
Burst_autosave_20260724_114055_891ms,Trapezius (R),R_TR,1,0.0,8.0,32.359809372573764,,,none,30.0,30,2,monophasic
Burst_autosave_20260724_114055_891ms,Trapezius (R),R_TR,2,33.359809372573764,41.359809372573764,64.92533756885643,,,none,30.0,30,2,monophasic
Burst_autosave_20260724_114055_891ms,Trapezius (R),R_TR,3,65.92533756885643,73.92533756885643,98.28514694143064,,,none,30.0,30,2,monophasic
Burst_autosave_20260724_114055_891ms,Trapezius (R),R_TR,4,99.28514694143064,107.28514694143064,132.4392374893647,,,none,30.0,30,2,monophasic
Burst_autosave_20260724_114055_891ms,Trapezius (R),R_TR,5,133.4392374893647,141.4392374893647,165.00476568657908,,,none,30.0,30,2,monophasic
Burst_autosave_20260724_114055_891ms,Trapezius (R),R_TR,6,166.00476568657908,174.00476568657908,198.36457505915283,,,none,30.0,30,2,monophasic
Burst_autosave_20260724_114055_891ms,Trapezius (R),R_TR,7,199.36457505915283,207.36457505915283,231.72438443172706,,,none,30.0,30,2,monophasic
Burst_autosave_20260724_114055_891ms,Trapezius (R),R_TR,8,232.72438443172706,240.72438443172706,265.08419380430126,,,none,30.0,30,2,monophasic
Burst_autosave_20260724_114055_891ms,Trapezius (R),R_TR,9,266.08419380430126,274.08419380430126,298.44400317687547,,,none,30.0,30,2,monophasic
Burst_autosave_20260724_114055_891ms,Trapezius (R),R_TR,10,299.44400317687547,307.44400317687547,331.8038125494492,,,none,30.0,30,2,monophasic
Burst_autosave_20260724_114055_891ms,Trapezius (R),R_TR,1,0.0,8.0,32.359809372573764,,,none,30.0,35,2,monophasic
Burst_autosave_20260724_114055_891ms,Trapezius (R),R_TR,2,33.359809372573764,41.359809372573764,64.92533756885643,,,none,30.0,35,2,monophasic
Burst_autosave_20260724_114055_891ms,Trapezius (R),R_TR,3,65.92533756885643,73.92533756885643,98.28514694143064,,,none,30.0,35,2,monophasic
Burst_autosave_20260724_114055_891ms,Trapezius (R),R_TR,4,99.28514694143064,107.28514694143064,132.4392374893647,,,none,30.0,35,2,monophasic
Burst_autosave_20260724_114055_891ms,Trapezius (R),R_TR,5,133.4392374893647,141.4392374893647,165.00476568657908,,,none,30.0,35,2,monophasic
Burst_autosave_20260724_114055_891ms,Trapezius (R),R_TR,6,166.00476568657908,174.00476568657908,198.36457505915283,,,none,30.0,35,2,monophasic
Burst_autosave_20260724_114055_891ms,Trapezius (R),R_TR,7,199.36457505915283,207.36457505915283,231.72438443172706,,,none,30.0,35,2,monophasic
Burst_autosave_20260724_114055_891ms,Trapezius (R),R_TR,8,232.72438443172706,240.72438443172706,265.08419380430126,,,none,30.0,35,2,monophasic
Burst_autosave_20260724_114055_891ms,Trapezius (R),R_TR,9,266.08419380430126,274.08419380430126,298.44400317687547,,,none,30.0,35,2,monophasic
Burst_autosave_20260724_114055_891ms,Trapezius (R),R_TR,10,299.44400317687547,307.44400317687547,331.8038125494492,,,none,30.0,35,2,monophasic
Burst_autosave_20260724_114055_891ms,Trapezius (R),R_TR,1,0.0,8.0,32.359809372573764,,,none,30.0,40,2,monophasic
Burst_autosave_20260724_114055_891ms,Trapezius (R),R_TR,2,33.359809372573764,41.359809372573764,64.92533756885643,,,none,30.0,40,2,monophasic
Burst_autosave_20260724_114055_891ms,Trapezius (R),R_TR,3,65.92533756885643,73.92533756885643,98.28514694143064,,,none,30.0,40,2,monophasic
Burst_autosave_20260724_114055_891ms,Trapezius (R),R_TR,4,99.28514694143064,107.28514694143064,132.4392374893647,,,none,30.0,40,2,monophasic
Burst_autosave_20260724_114055_891ms,Trapezius (R),R_TR,5,133.4392374893647,141.4392374893647,165.00476568657908,,,none,30.0,40,2,monophasic
Burst_autosave_20260724_114055_891ms,Trapezius (R),R_TR,6,166.00476568657908,174.00476568657908,198.36457505915283,,,none,30.0,40,2,monophasic
Burst_autosave_20260724_114055_891ms,Trapezius (R),R_TR,7,199.36457505915283,207.36457505915283,231.72438443172706,,,none,30.0,40,2,monophasic
Burst_autosave_20260724_114055_891ms,Trapezius (R),R_TR,8,232.72438443172706,240.72438443172706,265.08419380430126,,,none,30.0,40,2,monophasic
Burst_autosave_20260724_114055_891ms,Trapezius (R),R_TR,9,266.08419380430126,274.08419380430126,298.44400317687547,,,none,30.0,40,2,monophasic
Burst_autosave_20260724_114055_891ms,Trapezius (R),R_TR,10,299.44400317687547,307.44400317687547,331.8038125494492,,,none,30.0,40,2,monophasic
Burst_autosave_20260724_114055_891ms,Thenar (R),R_The_ED_FD_FCR A,1,0.0,8.0,32.359809372573764,,,none,30.0,10,2,monophasic
Burst_autosave_20260724_114055_891ms,Thenar (R),R_The_ED_FD_FCR A,2,33.359809372573764,41.359809372573764,64.92533756885643,,,none,30.0,10,2,monophasic
Burst_autosave_20260724_114055_891ms,Thenar (R),R_The_ED_FD_FCR A,3,65.92533756885643,73.92533756885643,98.28514694143064,,,none,30.0,10,2,monophasic
Burst_autosave_20260724_114055_891ms,Thenar (R),R_The_ED_FD_FCR A,4,99.28514694143064,107.28514694143064,132.4392374893647,,,none,30.0,10,2,monophasic
Burst_autosave_20260724_114055_891ms,Thenar (R),R_The_ED_FD_FCR A,5,133.4392374893647,141.4392374893647,165.00476568657908,,,none,30.0,10,2,monophasic
Burst_autosave_20260724_114055_891ms,Thenar (R),R_The_ED_FD_FCR A,6,166.00476568657908,174.00476568657908,198.36457505915283,,,none,30.0,10,2,monophasic
Burst_autosave_20260724_114055_891ms,Thenar (R),R_The_ED_FD_FCR A,7,199.36457505915283,207.36457505915283,231.72438443172706,,,none,30.0,10,2,monophasic
Burst_autosave_20260724_114055_891ms,Thenar (R),R_The_ED_FD_FCR A,8,232.72438443172706,240.72438443172706,265.08419380430126,,,none,30.0,10,2,monophasic
Burst_autosave_20260724_114055_891ms,Thenar (R),R_The_ED_FD_FCR A,9,266.08419380430126,274.08419380430126,298.44400317687547,,,none,30.0,10,2,monophasic
Burst_autosave_20260724_114055_891ms,Thenar (R),R_The_ED_FD_FCR A,10,299.44400317687547,307.44400317687547,331.8038125494492,,,none,30.0,10,2,monophasic
Burst_autosave_20260724_114055_891ms,Thenar (R),R_The_ED_FD_FCR A,1,0.0,8.0,32.359809372573764,,,none,30.0,15,2,monophasic
Burst_autosave_20260724_114055_891ms,Thenar (R),R_The_ED_FD_FCR A,2,33.359809372573764,41.359809372573764,64.92533756885643,,,none,30.0,15,2,monophasic
Burst_autosave_20260724_114055_891ms,Thenar (R),R_The_ED_FD_FCR A,3,65.92533756885643,73.92533756885643,98.28514694143064,,,none,30.0,15,2,monophasic
Burst_autosave_20260724_114055_891ms,Thenar (R),R_The_ED_FD_FCR A,4,99.28514694143064,107.28514694143064,132.4392374893647,,,none,30.0,15,2,monophasic
Burst_autosave_20260724_114055_891ms,Thenar (R),R_The_ED_FD_FCR A,5,133.4392374893647,141.4392374893647,165.00476568657908,,,none,30.0,15,2,monophasic
Burst_autosave_20260724_114055_891ms,Thenar (R),R_The_ED_FD_FCR A,6,166.00476568657908,174.00476568657908,198.36457505915283,,,none,30.0,15,2,monophasic
Burst_autosave_20260724_114055_891ms,Thenar (R),R_The_ED_FD_FCR A,7,199.36457505915283,207.36457505915283,231.72438443172706,,,none,30.0,15,2,monophasic
Burst_autosave_20260724_114055_891ms,Thenar (R),R_The_ED_FD_FCR A,8,232.72438443172706,240.72438443172706,265.08419380430126,,,none,30.0,15,2,monophasic
Burst_autosave_20260724_114055_891ms,Thenar (R),R_The_ED_FD_FCR A,9,266.08419380430126,274.08419380430126,298.44400317687547,,,none,30.0,15,2,monophasic
Burst_autosave_20260724_114055_891ms,Thenar (R),R_The_ED_FD_FCR A,10,299.44400317687547,307.44400317687547,331.8038125494492,,,none,30.0,15,2,monophasic
Burst_autosave_20260724_114055_891ms,Thenar (R),R_The_ED_FD_FCR A,1,0.0,8.0,32.359809372573764,,,none,30.0,20,2,monophasic
Burst_autosave_20260724_114055_891ms,Thenar (R),R_The_ED_FD_FCR A,2,33.359809372573764,41.359809372573764,64.92533756885643,,,none,30.0,20,2,monophasic
Burst_autosave_20260724_114055_891ms,Thenar (R),R_The_ED_FD_FCR A,3,65.92533756885643,73.92533756885643,98.28514694143064,,,none,30.0,20,2,monophasic
Burst_autosave_20260724_114055_891ms,Thenar (R),R_The_ED_FD_FCR A,4,99.28514694143064,107.28514694143064,132.4392374893647,,,none,30.0,20,2,monophasic
Burst_autosave_20260724_114055_891ms,Thenar (R),R_The_ED_FD_FCR A,5,133.4392374893647,141.4392374893647,165.00476568657908,,,none,30.0,20,2,monophasic
Burst_autosave_20260724_114055_891ms,Thenar (R),R_The_ED_FD_FCR A,6,166.00476568657908,174.00476568657908,198.36457505915283,,,none,30.0,20,2,monophasic
Burst_autosave_20260724_114055_891ms,Thenar (R),R_The_ED_FD_FCR A,7,199.36457505915283,207.36457505915283,231.72438443172706,,,none,30.0,20,2,monophasic
Burst_autosave_20260724_114055_891ms,Thenar (R),R_The_ED_FD_FCR A,8,232.72438443172706,240.72438443172706,265.08419380430126,,,none,30.0,20,2,monophasic
Burst_autosave_20260724_114055_891ms,Thenar (R),R_The_ED_FD_FCR A,9,266.08419380430126,274.08419380430126,298.44400317687547,,,none,30.0,20,2,monophasic
Burst_autosave_20260724_114055_891ms,Thenar (R),R_The_ED_FD_FCR A,10,299.44400317687547,307.44400317687547,331.8038125494492,,,none,30.0,20,2,monophasic
Burst_autosave_20260724_114055_891ms,Thenar (R),R_The_ED_FD_FCR A,1,0.0,8.0,32.359809372573764,,,none,30.0,25,2,monophasic
Burst_autosave_20260724_114055_891ms,Thenar (R),R_The_ED_FD_FCR A,2,33.359809372573764,41.359809372573764,64.92533756885643,,,none,30.0,25,2,monophasic
Burst_autosave_20260724_114055_891ms,Thenar (R),R_The_ED_FD_FCR A,3,65.92533756885643,73.92533756885643,98.28514694143064,,,none,30.0,25,2,monophasic
Burst_autosave_20260724_114055_891ms,Thenar (R),R_The_ED_FD_FCR A,4,99.28514694143064,107.28514694143064,132.4392374893647,,,none,30.0,25,2,monophasic
Burst_autosave_20260724_114055_891ms,Thenar (R),R_The_ED_FD_FCR A,5,133.4392374893647,141.4392374893647,165.00476568657908,,,none,30.0,25,2,monophasic
Burst_autosave_20260724_114055_891ms,Thenar (R),R_The_ED_FD_FCR A,6,166.00476568657908,174.00476568657908,198.36457505915283,,,none,30.0,25,2,monophasic
Burst_autosave_20260724_114055_891ms,Thenar (R),R_The_ED_FD_FCR A,7,199.36457505915283,207.36457505915283,231.72438443172706,,,none,30.0,25,2,monophasic
Burst_autosave_20260724_114055_891ms,Thenar (R),R_The_ED_FD_FCR A,8,232.72438443172706,240.72438443172706,265.08419380430126,,,none,30.0,25,2,monophasic
Burst_autosave_20260724_114055_891ms,Thenar (R),R_The_ED_FD_FCR A,9,266.08419380430126,274.08419380430126,298.44400317687547,,,none,30.0,25,2,monophasic
Burst_autosave_20260724_114055_891ms,Thenar (R),R_The_ED_FD_FCR A,10,299.44400317687547,307.44400317687547,331.8038125494492,,,none,30.0,25,2,monophasic
Burst_autosave_20260724_114055_891ms,Thenar (R),R_The_ED_FD_FCR A,1,0.0,8.0,32.359809372573764,,,none,30.0,30,2,monophasic
Burst_autosave_20260724_114055_891ms,Thenar (R),R_The_ED_FD_FCR A,2,33.359809372573764,41.359809372573764,64.92533756885643,,,none,30.0,30,2,monophasic
Burst_autosave_20260724_114055_891ms,Thenar (R),R_The_ED_FD_FCR A,3,65.92533756885643,73.92533756885643,98.28514694143064,,,none,30.0,30,2,monophasic
Burst_autosave_20260724_114055_891ms,Thenar (R),R_The_ED_FD_FCR A,4,99.28514694143064,107.28514694143064,132.4392374893647,,,none,30.0,30,2,monophasic
Burst_autosave_20260724_114055_891ms,Thenar (R),R_The_ED_FD_FCR A,5,133.4392374893647,141.4392374893647,165.00476568657908,,,none,30.0,30,2,monophasic
Burst_autosave_20260724_114055_891ms,Thenar (R),R_The_ED_FD_FCR A,6,166.00476568657908,174.00476568657908,198.36457505915283,,,none,30.0,30,2,monophasic
Burst_autosave_20260724_114055_891ms,Thenar (R),R_The_ED_FD_FCR A,7,199.36457505915283,207.36457505915283,231.72438443172706,,,none,30.0,30,2,monophasic
Burst_autosave_20260724_114055_891ms,Thenar (R),R_The_ED_FD_FCR A,8,232.72438443172706,240.72438443172706,265.08419380430126,,,none,30.0,30,2,monophasic
Burst_autosave_20260724_114055_891ms,Thenar (R),R_The_ED_FD_FCR A,9,266.08419380430126,274.08419380430126,298.44400317687547,,,none,30.0,30,2,monophasic
Burst_autosave_20260724_114055_891ms,Thenar (R),R_The_ED_FD_FCR A,10,299.44400317687547,307.44400317687547,331.8038125494492,,,none,30.0,30,2,monophasic
Burst_autosave_20260724_114055_891ms,Thenar (R),R_The_ED_FD_FCR A,1,0.0,8.0,32.359809372573764,,,none,30.0,35,2,monophasic
Burst_autosave_20260724_114055_891ms,Thenar (R),R_The_ED_FD_FCR A,2,33.359809372573764,41.359809372573764,64.92533756885643,,,none,30.0,35,2,monophasic
Burst_autosave_20260724_114055_891ms,Thenar (R),R_The_ED_FD_FCR A,3,65.92533756885643,73.92533756885643,98.28514694143064,,,none,30.0,35,2,monophasic
Burst_autosave_20260724_114055_891ms,Thenar (R),R_The_ED_FD_FCR A,4,99.28514694143064,107.28514694143064,132.4392374893647,,,none,30.0,35,2,monophasic
Burst_autosave_20260724_114055_891ms,Thenar (R),R_The_ED_FD_FCR A,5,133.4392374893647,141.4392374893647,165.00476568657908,,,none,30.0,35,2,monophasic
Burst_autosave_20260724_114055_891ms,Thenar (R),R_The_ED_FD_FCR A,6,166.00476568657908,174.00476568657908,198.36457505915283,,,none,30.0,35,2,monophasic
Burst_autosave_20260724_114055_891ms,Thenar (R),R_The_ED_FD_FCR A,7,199.36457505915283,207.36457505915283,231.72438443172706,,,none,30.0,35,2,monophasic
Burst_autosave_20260724_114055_891ms,Thenar (R),R_The_ED_FD_FCR A,8,232.72438443172706,240.72438443172706,265.08419380430126,,,none,30.0,35,2,monophasic
Burst_autosave_20260724_114055_891ms,Thenar (R),R_The_ED_FD_FCR A,9,266.08419380430126,274.08419380430126,298.44400317687547,,,none,30.0,35,2,monophasic
Burst_autosave_20260724_114055_891ms,Thenar (R),R_The_ED_FD_FCR A,10,299.44400317687547,307.44400317687547,331.8038125494492,,,none,30.0,35,2,monophasic
Burst_autosave_20260724_114055_891ms,Thenar (R),R_The_ED_FD_FCR A,1,0.0,8.0,32.359809372573764,,,none,30.0,40,2,monophasic
Burst_autosave_20260724_114055_891ms,Thenar (R),R_The_ED_FD_FCR A,2,33.359809372573764,41.359809372573764,64.92533756885643,,,none,30.0,40,2,monophasic
Burst_autosave_20260724_114055_891ms,Thenar (R),R_The_ED_FD_FCR A,3,65.92533756885643,73.92533756885643,98.28514694143064,,,none,30.0,40,2,monophasic
Burst_autosave_20260724_114055_891ms,Thenar (R),R_The_ED_FD_FCR A,4,99.28514694143064,107.28514694143064,132.4392374893647,,,none,30.0,40,2,monophasic
Burst_autosave_20260724_114055_891ms,Thenar (R),R_The_ED_FD_FCR A,5,133.4392374893647,141.4392374893647,165.00476568657908,,,none,30.0,40,2,monophasic
Burst_autosave_20260724_114055_891ms,Thenar (R),R_The_ED_FD_FCR A,6,166.00476568657908,174.00476568657908,198.36457505915283,,,none,30.0,40,2,monophasic
Burst_autosave_20260724_114055_891ms,Thenar (R),R_The_ED_FD_FCR A,7,199.36457505915283,207.36457505915283,231.72438443172706,,,none,30.0,40,2,monophasic
Burst_autosave_20260724_114055_891ms,Thenar (R),R_The_ED_FD_FCR A,8,232.72438443172706,240.72438443172706,265.08419380430126,,,none,30.0,40,2,monophasic
Burst_autosave_20260724_114055_891ms,Thenar (R),R_The_ED_FD_FCR A,9,266.08419380430126,274.08419380430126,298.44400317687547,,,none,30.0,40,2,monophasic
Burst_autosave_20260724_114055_891ms,Thenar (R),R_The_ED_FD_FCR A,10,299.44400317687547,307.44400317687547,331.8038125494492,,,none,30.0,40,2,monophasic
Burst_autosave_20260724_114055_891ms,Ext. digitorum (R),R_The_ED_FD_FCR B,1,0.0,8.0,32.359809372573764,,,none,30.0,10,2,monophasic
Burst_autosave_20260724_114055_891ms,Ext. digitorum (R),R_The_ED_FD_FCR B,2,33.359809372573764,41.359809372573764,64.92533756885643,,,none,30.0,10,2,monophasic
Burst_autosave_20260724_114055_891ms,Ext. digitorum (R),R_The_ED_FD_FCR B,3,65.92533756885643,73.92533756885643,98.28514694143064,,,none,30.0,10,2,monophasic
Burst_autosave_20260724_114055_891ms,Ext. digitorum (R),R_The_ED_FD_FCR B,4,99.28514694143064,107.28514694143064,132.4392374893647,,,none,30.0,10,2,monophasic
Burst_autosave_20260724_114055_891ms,Ext. digitorum (R),R_The_ED_FD_FCR B,5,133.4392374893647,141.4392374893647,165.00476568657908,,,none,30.0,10,2,monophasic
Burst_autosave_20260724_114055_891ms,Ext. digitorum (R),R_The_ED_FD_FCR B,6,166.00476568657908,174.00476568657908,198.36457505915283,,,none,30.0,10,2,monophasic
Burst_autosave_20260724_114055_891ms,Ext. digitorum (R),R_The_ED_FD_FCR B,7,199.36457505915283,207.36457505915283,231.72438443172706,,,none,30.0,10,2,monophasic
Burst_autosave_20260724_114055_891ms,Ext. digitorum (R),R_The_ED_FD_FCR B,8,232.72438443172706,240.72438443172706,265.08419380430126,,,none,30.0,10,2,monophasic
Burst_autosave_20260724_114055_891ms,Ext. digitorum (R),R_The_ED_FD_FCR B,9,266.08419380430126,274.08419380430126,298.44400317687547,,,none,30.0,10,2,monophasic
Burst_autosave_20260724_114055_891ms,Ext. digitorum (R),R_The_ED_FD_FCR B,10,299.44400317687547,307.44400317687547,331.8038125494492,,,none,30.0,10,2,monophasic
Burst_autosave_20260724_114055_891ms,Ext. digitorum (R),R_The_ED_FD_FCR B,1,0.0,8.0,32.359809372573764,,,none,30.0,15,2,monophasic
Burst_autosave_20260724_114055_891ms,Ext. digitorum (R),R_The_ED_FD_FCR B,2,33.359809372573764,41.359809372573764,64.92533756885643,,,none,30.0,15,2,monophasic
Burst_autosave_20260724_114055_891ms,Ext. digitorum (R),R_The_ED_FD_FCR B,3,65.92533756885643,73.92533756885643,98.28514694143064,,,none,30.0,15,2,monophasic
Burst_autosave_20260724_114055_891ms,Ext. digitorum (R),R_The_ED_FD_FCR B,4,99.28514694143064,107.28514694143064,132.4392374893647,,,none,30.0,15,2,monophasic
Burst_autosave_20260724_114055_891ms,Ext. digitorum (R),R_The_ED_FD_FCR B,5,133.4392374893647,141.4392374893647,165.00476568657908,,,none,30.0,15,2,monophasic
Burst_autosave_20260724_114055_891ms,Ext. digitorum (R),R_The_ED_FD_FCR B,6,166.00476568657908,174.00476568657908,198.36457505915283,,,none,30.0,15,2,monophasic
Burst_autosave_20260724_114055_891ms,Ext. digitorum (R),R_The_ED_FD_FCR B,7,199.36457505915283,207.36457505915283,231.72438443172706,,,none,30.0,15,2,monophasic
Burst_autosave_20260724_114055_891ms,Ext. digitorum (R),R_The_ED_FD_FCR B,8,232.72438443172706,240.72438443172706,265.08419380430126,,,none,30.0,15,2,monophasic
Burst_autosave_20260724_114055_891ms,Ext. digitorum (R),R_The_ED_FD_FCR B,9,266.08419380430126,274.08419380430126,298.44400317687547,,,none,30.0,15,2,monophasic
Burst_autosave_20260724_114055_891ms,Ext. digitorum (R),R_The_ED_FD_FCR B,10,299.44400317687547,307.44400317687547,331.8038125494492,,,none,30.0,15,2,monophasic
Burst_autosave_20260724_114055_891ms,Ext. digitorum (R),R_The_ED_FD_FCR B,1,0.0,8.0,32.359809372573764,,,none,30.0,20,2,monophasic
Burst_autosave_20260724_114055_891ms,Ext. digitorum (R),R_The_ED_FD_FCR B,2,33.359809372573764,41.359809372573764,64.92533756885643,,,none,30.0,20,2,monophasic
Burst_autosave_20260724_114055_891ms,Ext. digitorum (R),R_The_ED_FD_FCR B,3,65.92533756885643,73.92533756885643,98.28514694143064,,,none,30.0,20,2,monophasic
Burst_autosave_20260724_114055_891ms,Ext. digitorum (R),R_The_ED_FD_FCR B,4,99.28514694143064,107.28514694143064,132.4392374893647,,,none,30.0,20,2,monophasic
Burst_autosave_20260724_114055_891ms,Ext. digitorum (R),R_The_ED_FD_FCR B,5,133.4392374893647,141.4392374893647,165.00476568657908,,,none,30.0,20,2,monophasic
Burst_autosave_20260724_114055_891ms,Ext. digitorum (R),R_The_ED_FD_FCR B,6,166.00476568657908,174.00476568657908,198.36457505915283,,,none,30.0,20,2,monophasic
Burst_autosave_20260724_114055_891ms,Ext. digitorum (R),R_The_ED_FD_FCR B,7,199.36457505915283,207.36457505915283,231.72438443172706,,,none,30.0,20,2,monophasic
Burst_autosave_20260724_114055_891ms,Ext. digitorum (R),R_The_ED_FD_FCR B,8,232.72438443172706,240.72438443172706,265.08419380430126,,,none,30.0,20,2,monophasic
Burst_autosave_20260724_114055_891ms,Ext. digitorum (R),R_The_ED_FD_FCR B,9,266.08419380430126,274.08419380430126,298.44400317687547,,,none,30.0,20,2,monophasic
Burst_autosave_20260724_114055_891ms,Ext. digitorum (R),R_The_ED_FD_FCR B,10,299.44400317687547,307.44400317687547,331.8038125494492,,,none,30.0,20,2,monophasic
Burst_autosave_20260724_114055_891ms,Ext. digitorum (R),R_The_ED_FD_FCR B,1,0.0,8.0,32.359809372573764,,,none,30.0,25,2,monophasic
Burst_autosave_20260724_114055_891ms,Ext. digitorum (R),R_The_ED_FD_FCR B,2,33.359809372573764,41.359809372573764,64.92533756885643,,,none,30.0,25,2,monophasic
Burst_autosave_20260724_114055_891ms,Ext. digitorum (R),R_The_ED_FD_FCR B,3,65.92533756885643,73.92533756885643,98.28514694143064,,,none,30.0,25,2,monophasic
Burst_autosave_20260724_114055_891ms,Ext. digitorum (R),R_The_ED_FD_FCR B,4,99.28514694143064,107.28514694143064,132.4392374893647,,,none,30.0,25,2,monophasic
Burst_autosave_20260724_114055_891ms,Ext. digitorum (R),R_The_ED_FD_FCR B,5,133.4392374893647,141.4392374893647,165.00476568657908,,,none,30.0,25,2,monophasic
Burst_autosave_20260724_114055_891ms,Ext. digitorum (R),R_The_ED_FD_FCR B,6,166.00476568657908,174.00476568657908,198.36457505915283,,,none,30.0,25,2,monophasic
Burst_autosave_20260724_114055_891ms,Ext. digitorum (R),R_The_ED_FD_FCR B,7,199.36457505915283,207.36457505915283,231.72438443172706,,,none,30.0,25,2,monophasic
Burst_autosave_20260724_114055_891ms,Ext. digitorum (R),R_The_ED_FD_FCR B,8,232.72438443172706,240.72438443172706,265.08419380430126,,,none,30.0,25,2,monophasic
Burst_autosave_20260724_114055_891ms,Ext. digitorum (R),R_The_ED_FD_FCR B,9,266.08419380430126,274.08419380430126,298.44400317687547,,,none,30.0,25,2,monophasic
Burst_autosave_20260724_114055_891ms,Ext. digitorum (R),R_The_ED_FD_FCR B,10,299.44400317687547,307.44400317687547,331.8038125494492,,,none,30.0,25,2,monophasic
Burst_autosave_20260724_114055_891ms,Ext. digitorum (R),R_The_ED_FD_FCR B,1,0.0,8.0,32.359809372573764,,,none,30.0,30,2,monophasic
Burst_autosave_20260724_114055_891ms,Ext. digitorum (R),R_The_ED_FD_FCR B,2,33.359809372573764,41.359809372573764,64.92533756885643,,,none,30.0,30,2,monophasic
Burst_autosave_20260724_114055_891ms,Ext. digitorum (R),R_The_ED_FD_FCR B,3,65.92533756885643,73.92533756885643,98.28514694143064,,,none,30.0,30,2,monophasic
Burst_autosave_20260724_114055_891ms,Ext. digitorum (R),R_The_ED_FD_FCR B,4,99.28514694143064,107.28514694143064,132.4392374893647,,,none,30.0,30,2,monophasic
Burst_autosave_20260724_114055_891ms,Ext. digitorum (R),R_The_ED_FD_FCR B,5,133.4392374893647,141.4392374893647,165.00476568657908,,,none,30.0,30,2,monophasic
Burst_autosave_20260724_114055_891ms,Ext. digitorum (R),R_The_ED_FD_FCR B,6,166.00476568657908,174.00476568657908,198.36457505915283,,,none,30.0,30,2,monophasic
Burst_autosave_20260724_114055_891ms,Ext. digitorum (R),R_The_ED_FD_FCR B,7,199.36457505915283,207.36457505915283,231.72438443172706,,,none,30.0,30,2,monophasic
Burst_autosave_20260724_114055_891ms,Ext. digitorum (R),R_The_ED_FD_FCR B,8,232.72438443172706,240.72438443172706,265.08419380430126,,,none,30.0,30,2,monophasic
Burst_autosave_20260724_114055_891ms,Ext. digitorum (R),R_The_ED_FD_FCR B,9,266.08419380430126,274.08419380430126,298.44400317687547,,,none,30.0,30,2,monophasic
Burst_autosave_20260724_114055_891ms,Ext. digitorum (R),R_The_ED_FD_FCR B,10,299.44400317687547,307.44400317687547,331.8038125494492,,,none,30.0,30,2,monophasic
Burst_autosave_20260724_114055_891ms,Ext. digitorum (R),R_The_ED_FD_FCR B,1,0.0,8.0,32.359809372573764,,,none,30.0,35,2,monophasic
Burst_autosave_20260724_114055_891ms,Ext. digitorum (R),R_The_ED_FD_FCR B,2,33.359809372573764,41.359809372573764,64.92533756885643,,,none,30.0,35,2,monophasic
Burst_autosave_20260724_114055_891ms,Ext. digitorum (R),R_The_ED_FD_FCR B,3,65.92533756885643,73.92533756885643,98.28514694143064,,,none,30.0,35,2,monophasic
Burst_autosave_20260724_114055_891ms,Ext. digitorum (R),R_The_ED_FD_FCR B,4,99.28514694143064,107.28514694143064,132.4392374893647,,,none,30.0,35,2,monophasic
Burst_autosave_20260724_114055_891ms,Ext. digitorum (R),R_The_ED_FD_FCR B,5,133.4392374893647,141.4392374893647,165.00476568657908,,,none,30.0,35,2,monophasic
Burst_autosave_20260724_114055_891ms,Ext. digitorum (R),R_The_ED_FD_FCR B,6,166.00476568657908,174.00476568657908,198.36457505915283,,,none,30.0,35,2,monophasic
Burst_autosave_20260724_114055_891ms,Ext. digitorum (R),R_The_ED_FD_FCR B,7,199.36457505915283,207.36457505915283,231.72438443172706,,,none,30.0,35,2,monophasic
Burst_autosave_20260724_114055_891ms,Ext. digitorum (R),R_The_ED_FD_FCR B,8,232.72438443172706,240.72438443172706,265.08419380430126,,,none,30.0,35,2,monophasic
Burst_autosave_20260724_114055_891ms,Ext. digitorum (R),R_The_ED_FD_FCR B,9,266.08419380430126,274.08419380430126,298.44400317687547,,,none,30.0,35,2,monophasic
Burst_autosave_20260724_114055_891ms,Ext. digitorum (R),R_The_ED_FD_FCR B,10,299.44400317687547,307.44400317687547,331.8038125494492,,,none,30.0,35,2,monophasic
Burst_autosave_20260724_114055_891ms,Ext. digitorum (R),R_The_ED_FD_FCR B,1,0.0,8.0,32.359809372573764,,,none,30.0,40,2,monophasic
Burst_autosave_20260724_114055_891ms,Ext. digitorum (R),R_The_ED_FD_FCR B,2,33.359809372573764,41.359809372573764,64.92533756885643,,,none,30.0,40,2,monophasic
Burst_autosave_20260724_114055_891ms,Ext. digitorum (R),R_The_ED_FD_FCR B,3,65.92533756885643,73.92533756885643,98.28514694143064,,,none,30.0,40,2,monophasic
Burst_autosave_20260724_114055_891ms,Ext. digitorum (R),R_The_ED_FD_FCR B,4,99.28514694143064,107.28514694143064,132.4392374893647,,,none,30.0,40,2,monophasic
Burst_autosave_20260724_114055_891ms,Ext. digitorum (R),R_The_ED_FD_FCR B,5,133.4392374893647,141.4392374893647,165.00476568657908,,,none,30.0,40,2,monophasic
Burst_autosave_20260724_114055_891ms,Ext. digitorum (R),R_The_ED_FD_FCR B,6,166.00476568657908,174.00476568657908,198.36457505915283,,,none,30.0,40,2,monophasic
Burst_autosave_20260724_114055_891ms,Ext. digitorum (R),R_The_ED_FD_FCR B,7,199.36457505915283,207.36457505915283,231.72438443172706,,,none,30.0,40,2,monophasic
Burst_autosave_20260724_114055_891ms,Ext. digitorum (R),R_The_ED_FD_FCR B,8,232.72438443172706,240.72438443172706,265.08419380430126,,,none,30.0,40,2,monophasic
Burst_autosave_20260724_114055_891ms,Ext. digitorum (R),R_The_ED_FD_FCR B,9,266.08419380430126,274.08419380430126,298.44400317687547,,,none,30.0,40,2,monophasic
Burst_autosave_20260724_114055_891ms,Ext. digitorum (R),R_The_ED_FD_FCR B,10,299.44400317687547,307.44400317687547,331.8038125494492,,,none,30.0,40,2,monophasic
Burst_autosave_20260724_114055_891ms,Flex. digitorum (R),R_The_ED_FD_FCR C,1,0.0,8.0,32.359809372573764,,,none,30.0,10,2,monophasic
Burst_autosave_20260724_114055_891ms,Flex. digitorum (R),R_The_ED_FD_FCR C,2,33.359809372573764,41.359809372573764,64.92533756885643,,,none,30.0,10,2,monophasic
Burst_autosave_20260724_114055_891ms,Flex. digitorum (R),R_The_ED_FD_FCR C,3,65.92533756885643,73.92533756885643,98.28514694143064,,,none,30.0,10,2,monophasic
Burst_autosave_20260724_114055_891ms,Flex. digitorum (R),R_The_ED_FD_FCR C,4,99.28514694143064,107.28514694143064,132.4392374893647,,,none,30.0,10,2,monophasic
Burst_autosave_20260724_114055_891ms,Flex. digitorum (R),R_The_ED_FD_FCR C,5,133.4392374893647,141.4392374893647,165.00476568657908,,,none,30.0,10,2,monophasic
Burst_autosave_20260724_114055_891ms,Flex. digitorum (R),R_The_ED_FD_FCR C,6,166.00476568657908,174.00476568657908,198.36457505915283,,,none,30.0,10,2,monophasic
Burst_autosave_20260724_114055_891ms,Flex. digitorum (R),R_The_ED_FD_FCR C,7,199.36457505915283,207.36457505915283,231.72438443172706,,,none,30.0,10,2,monophasic
Burst_autosave_20260724_114055_891ms,Flex. digitorum (R),R_The_ED_FD_FCR C,8,232.72438443172706,240.72438443172706,265.08419380430126,,,none,30.0,10,2,monophasic
Burst_autosave_20260724_114055_891ms,Flex. digitorum (R),R_The_ED_FD_FCR C,9,266.08419380430126,274.08419380430126,298.44400317687547,,,none,30.0,10,2,monophasic
Burst_autosave_20260724_114055_891ms,Flex. digitorum (R),R_The_ED_FD_FCR C,10,299.44400317687547,307.44400317687547,331.8038125494492,,,none,30.0,10,2,monophasic
Burst_autosave_20260724_114055_891ms,Flex. digitorum (R),R_The_ED_FD_FCR C,1,0.0,8.0,32.359809372573764,,,none,30.0,15,2,monophasic
Burst_autosave_20260724_114055_891ms,Flex. digitorum (R),R_The_ED_FD_FCR C,2,33.359809372573764,41.359809372573764,64.92533756885643,,,none,30.0,15,2,monophasic
Burst_autosave_20260724_114055_891ms,Flex. digitorum (R),R_The_ED_FD_FCR C,3,65.92533756885643,73.92533756885643,98.28514694143064,,,none,30.0,15,2,monophasic
Burst_autosave_20260724_114055_891ms,Flex. digitorum (R),R_The_ED_FD_FCR C,4,99.28514694143064,107.28514694143064,132.4392374893647,,,none,30.0,15,2,monophasic
Burst_autosave_20260724_114055_891ms,Flex. digitorum (R),R_The_ED_FD_FCR C,5,133.4392374893647,141.4392374893647,165.00476568657908,,,none,30.0,15,2,monophasic
Burst_autosave_20260724_114055_891ms,Flex. digitorum (R),R_The_ED_FD_FCR C,6,166.00476568657908,174.00476568657908,198.36457505915283,,,none,30.0,15,2,monophasic
Burst_autosave_20260724_114055_891ms,Flex. digitorum (R),R_The_ED_FD_FCR C,7,199.36457505915283,207.36457505915283,231.72438443172706,,,none,30.0,15,2,monophasic
Burst_autosave_20260724_114055_891ms,Flex. digitorum (R),R_The_ED_FD_FCR C,8,232.72438443172706,240.72438443172706,265.08419380430126,,,none,30.0,15,2,monophasic
Burst_autosave_20260724_114055_891ms,Flex. digitorum (R),R_The_ED_FD_FCR C,9,266.08419380430126,274.08419380430126,298.44400317687547,,,none,30.0,15,2,monophasic
Burst_autosave_20260724_114055_891ms,Flex. digitorum (R),R_The_ED_FD_FCR C,10,299.44400317687547,307.44400317687547,331.8038125494492,,,none,30.0,15,2,monophasic
Burst_autosave_20260724_114055_891ms,Flex. digitorum (R),R_The_ED_FD_FCR C,1,0.0,8.0,32.359809372573764,,,none,30.0,20,2,monophasic
Burst_autosave_20260724_114055_891ms,Flex. digitorum (R),R_The_ED_FD_FCR C,2,33.359809372573764,41.359809372573764,64.92533756885643,,,none,30.0,20,2,monophasic
Burst_autosave_20260724_114055_891ms,Flex. digitorum (R),R_The_ED_FD_FCR C,3,65.92533756885643,73.92533756885643,98.28514694143064,,,none,30.0,20,2,monophasic
Burst_autosave_20260724_114055_891ms,Flex. digitorum (R),R_The_ED_FD_FCR C,4,99.28514694143064,107.28514694143064,132.4392374893647,,,none,30.0,20,2,monophasic
Burst_autosave_20260724_114055_891ms,Flex. digitorum (R),R_The_ED_FD_FCR C,5,133.4392374893647,141.4392374893647,165.00476568657908,,,none,30.0,20,2,monophasic
Burst_autosave_20260724_114055_891ms,Flex. digitorum (R),R_The_ED_FD_FCR C,6,166.00476568657908,174.00476568657908,198.36457505915283,,,none,30.0,20,2,monophasic
Burst_autosave_20260724_114055_891ms,Flex. digitorum (R),R_The_ED_FD_FCR C,7,199.36457505915283,207.36457505915283,231.72438443172706,,,none,30.0,20,2,monophasic
Burst_autosave_20260724_114055_891ms,Flex. digitorum (R),R_The_ED_FD_FCR C,8,232.72438443172706,240.72438443172706,265.08419380430126,,,none,30.0,20,2,monophasic
Burst_autosave_20260724_114055_891ms,Flex. digitorum (R),R_The_ED_FD_FCR C,9,266.08419380430126,274.08419380430126,298.44400317687547,,,none,30.0,20,2,monophasic
Burst_autosave_20260724_114055_891ms,Flex. digitorum (R),R_The_ED_FD_FCR C,10,299.44400317687547,307.44400317687547,331.8038125494492,,,none,30.0,20,2,monophasic
Burst_autosave_20260724_114055_891ms,Flex. digitorum (R),R_The_ED_FD_FCR C,1,0.0,8.0,32.359809372573764,0.043472951743751764,0.043472951743751764,none,30.0,25,2,monophasic
Burst_autosave_20260724_114055_891ms,Flex. digitorum (R),R_The_ED_FD_FCR C,2,33.359809372573764,41.359809372573764,64.92533756885643,0.042130161076784134,0.042130161076784134,none,30.0,25,2,monophasic
Burst_autosave_20260724_114055_891ms,Flex. digitorum (R),R_The_ED_FD_FCR C,3,65.92533756885643,73.92533756885643,98.28514694143064,0.045990692218765616,0.045990692218765616,none,30.0,25,2,monophasic
Burst_autosave_20260724_114055_891ms,Flex. digitorum (R),R_The_ED_FD_FCR C,4,99.28514694143064,107.28514694143064,132.4392374893647,0.044480049051344395,0.044480049051344395,none,30.0,25,2,monophasic
Burst_autosave_20260724_114055_891ms,Flex. digitorum (R),R_The_ED_FD_FCR C,5,133.4392374893647,141.4392374893647,165.00476568657908,0.043137256521731615,0.043137256521731615,none,30.0,25,2,monophasic
Burst_autosave_20260724_114055_891ms,Flex. digitorum (R),R_The_ED_FD_FCR C,6,166.00476568657908,174.00476568657908,198.36457505915283,0.04263370716944337,0.04263370716944337,none,30.0,25,2,monophasic
Burst_autosave_20260724_114055_891ms,Flex. digitorum (R),R_The_ED_FD_FCR C,7,199.36457505915283,207.36457505915283,231.72438443172706,0.047669182531535625,0.047669182531535625,none,30.0,25,2,monophasic
Burst_autosave_20260724_114055_891ms,Flex. digitorum (R),R_The_ED_FD_FCR C,8,232.72438443172706,240.72438443172706,265.08419380430126,0.04095521359704435,0.04095521359704435,none,30.0,25,2,monophasic
Burst_autosave_20260724_114055_891ms,Flex. digitorum (R),R_The_ED_FD_FCR C,9,266.08419380430126,274.08419380430126,298.44400317687547,0.04431219841353595,0.04431219841353595,none,30.0,25,2,monophasic
Burst_autosave_20260724_114055_891ms,Flex. digitorum (R),R_The_ED_FD_FCR C,10,299.44400317687547,307.44400317687547,331.8038125494492,0.041290913708508015,0.041290913708508015,none,30.0,25,2,monophasic
Burst_autosave_20260724_114055_891ms,Flex. digitorum (R),R_The_ED_FD_FCR C,1,0.0,8.0,32.359809372573764,0.04783703526481986,0.04783703526481986,none,30.0,30,2,monophasic
Burst_autosave_20260724_114055_891ms,Flex. digitorum (R),R_The_ED_FD_FCR C,2,33.359809372573764,41.359809372573764,64.92533756885643,0.05035477131605148,0.05035477131605148,none,30.0,30,2,monophasic
Burst_autosave_20260724_114055_891ms,Flex. digitorum (R),R_The_ED_FD_FCR C,3,65.92533756885643,73.92533756885643,98.28514694143064,0.043640803545713425,0.043640803545713425,none,30.0,30,2,monophasic
Burst_autosave_20260724_114055_891ms,Flex. digitorum (R),R_The_ED_FD_FCR C,4,99.28514694143064,107.28514694143064,132.4392374893647,0.04834058228880167,0.04834058228880167,none,30.0,30,2,monophasic
Burst_autosave_20260724_114055_891ms,Flex. digitorum (R),R_The_ED_FD_FCR C,5,133.4392374893647,141.4392374893647,165.00476568657908,0.04951552581042051,0.04951552581042051,none,30.0,30,2,monophasic
Burst_autosave_20260724_114055_891ms,Flex. digitorum (R),R_The_ED_FD_FCR C,6,166.00476568657908,174.00476568657908,198.36457505915283,0.04162661265581846,0.04162661265581846,none,30.0,30,2,monophasic
Burst_autosave_20260724_114055_891ms,Flex. digitorum (R),R_The_ED_FD_FCR C,7,199.36457505915283,207.36457505915283,231.72438443172706,0.05035477411001921,0.05035477411001921,none,30.0,30,2,monophasic
Burst_autosave_20260724_114055_891ms,Flex. digitorum (R),R_The_ED_FD_FCR C,8,232.72438443172706,240.72438443172706,265.08419380430126,0.046662088483572006,0.046662088483572006,none,30.0,30,2,monophasic
Burst_autosave_20260724_114055_891ms,Flex. digitorum (R),R_The_ED_FD_FCR C,9,266.08419380430126,274.08419380430126,298.44400317687547,0.045990691520273685,0.045990691520273685,none,30.0,30,2,monophasic
Burst_autosave_20260724_114055_891ms,Flex. digitorum (R),R_The_ED_FD_FCR C,10,299.44400317687547,307.44400317687547,331.8038125494492,0.045822841580957174,0.045822841580957174,none,30.0,30,2,monophasic
Burst_autosave_20260724_114055_891ms,Flex. digitorum (R),R_The_ED_FD_FCR C,1,0.0,8.0,32.359809372573764,0.0710002277046442,0.0710002277046442,none,30.0,35,2,monophasic
Burst_autosave_20260724_114055_891ms,Flex. digitorum (R),R_The_ED_FD_FCR C,2,33.359809372573764,41.359809372573764,64.92533756885643,0.08191042765974998,0.08191042765974998,none,30.0,35,2,monophasic
Burst_autosave_20260724_114055_891ms,Flex. digitorum (R),R_The_ED_FD_FCR C,3,65.92533756885643,73.92533756885643,98.28514694143064,0.06982528604567051,0.06982528604567051,none,30.0,35,2,monophasic
Burst_autosave_20260724_114055_891ms,Flex. digitorum (R),R_The_ED_FD_FCR C,4,99.28514694143064,107.28514694143064,132.4392374893647,0.04347295197658241,0.04347295197658241,none,30.0,35,2,monophasic
Burst_autosave_20260724_114055_891ms,Flex. digitorum (R),R_The_ED_FD_FCR C,5,133.4392374893647,141.4392374893647,165.00476568657908,0.07469291239976883,0.07469291239976883,none,30.0,35,2,monophasic
Burst_autosave_20260724_114055_891ms,Flex. digitorum (R),R_The_ED_FD_FCR C,6,166.00476568657908,174.00476568657908,198.36457505915283,0.05857938341796398,0.05857938341796398,none,30.0,35,2,monophasic
Burst_autosave_20260724_114055_891ms,Flex. digitorum (R),R_The_ED_FD_FCR C,7,199.36457505915283,207.36457505915283,231.72438443172706,0.04229800868779421,0.04229800868779421,none,30.0,35,2,monophasic
Burst_autosave_20260724_114055_891ms,Flex. digitorum (R),R_The_ED_FD_FCR C,8,232.72438443172706,240.72438443172706,265.08419380430126,0.11044479720294476,0.11044479720294476,none,30.0,35,2,monophasic
Burst_autosave_20260724_114055_891ms,Flex. digitorum (R),R_The_ED_FD_FCR C,9,266.08419380430126,274.08419380430126,298.44400317687547,0.071168078109622,0.071168078109622,none,30.0,35,2,monophasic
Burst_autosave_20260724_114055_891ms,Flex. digitorum (R),R_The_ED_FD_FCR C,10,299.44400317687547,307.44400317687547,331.8038125494492,0.04766918532550335,0.04766918532550335,none,30.0,35,2,monophasic
Burst_autosave_20260724_114055_891ms,Flex. digitorum (R),R_The_ED_FD_FCR C,1,0.0,8.0,32.359809372573764,0.15106431767344475,0.15106431767344475,none,30.0,40,2,monophasic
Burst_autosave_20260724_114055_891ms,Flex. digitorum (R),R_The_ED_FD_FCR C,2,33.359809372573764,41.359809372573764,64.92533756885643,0.142000462859869,0.142000462859869,none,30.0,40,2,monophasic
Burst_autosave_20260724_114055_891ms,Flex. digitorum (R),R_The_ED_FD_FCR C,3,65.92533756885643,73.92533756885643,98.28514694143064,0.1438468024134636,0.1438468024134636,none,30.0,40,2,monophasic
Burst_autosave_20260724_114055_891ms,Flex. digitorum (R),R_The_ED_FD_FCR C,4,99.28514694143064,107.28514694143064,132.4392374893647,0.1450217440724373,0.1450217440724373,none,30.0,40,2,monophasic
Burst_autosave_20260724_114055_891ms,Flex. digitorum (R),R_The_ED_FD_FCR C,5,133.4392374893647,141.4392374893647,165.00476568657908,0.1430075541138649,0.1430075541138649,none,30.0,40,2,monophasic
Burst_autosave_20260724_114055_891ms,Flex. digitorum (R),R_The_ED_FD_FCR C,6,166.00476568657908,174.00476568657908,198.36457505915283,0.14636453613638878,0.14636453613638878,none,30.0,40,2,monophasic
Burst_autosave_20260724_114055_891ms,Flex. digitorum (R),R_The_ED_FD_FCR C,7,199.36457505915283,207.36457505915283,231.72438443172706,0.14116121083498,0.14116121083498,none,30.0,40,2,monophasic
Burst_autosave_20260724_114055_891ms,Flex. digitorum (R),R_The_ED_FD_FCR C,8,232.72438443172706,240.72438443172706,265.08419380430126,0.13763637468218803,0.13763637468218803,none,30.0,40,2,monophasic
Burst_autosave_20260724_114055_891ms,Flex. digitorum (R),R_The_ED_FD_FCR C,9,266.08419380430126,274.08419380430126,298.44400317687547,0.15374990180134773,0.15374990180134773,none,30.0,40,2,monophasic
Burst_autosave_20260724_114055_891ms,Flex. digitorum (R),R_The_ED_FD_FCR C,10,299.44400317687547,307.44400317687547,331.8038125494492,0.1443503499031067,0.1443503499031067,none,30.0,40,2,monophasic
Burst_autosave_20260724_114055_891ms,Flex. carpi rad. (R),R_The_ED_FD_FCR D,1,0.0,8.0,32.359809372573764,,,none,30.0,10,2,monophasic
Burst_autosave_20260724_114055_891ms,Flex. carpi rad. (R),R_The_ED_FD_FCR D,2,33.359809372573764,41.359809372573764,64.92533756885643,,,none,30.0,10,2,monophasic
Burst_autosave_20260724_114055_891ms,Flex. carpi rad. (R),R_The_ED_FD_FCR D,3,65.92533756885643,73.92533756885643,98.28514694143064,,,none,30.0,10,2,monophasic
Burst_autosave_20260724_114055_891ms,Flex. carpi rad. (R),R_The_ED_FD_FCR D,4,99.28514694143064,107.28514694143064,132.4392374893647,,,none,30.0,10,2,monophasic
Burst_autosave_20260724_114055_891ms,Flex. carpi rad. (R),R_The_ED_FD_FCR D,5,133.4392374893647,141.4392374893647,165.00476568657908,,,none,30.0,10,2,monophasic
Burst_autosave_20260724_114055_891ms,Flex. carpi rad. (R),R_The_ED_FD_FCR D,6,166.00476568657908,174.00476568657908,198.36457505915283,,,none,30.0,10,2,monophasic
Burst_autosave_20260724_114055_891ms,Flex. carpi rad. (R),R_The_ED_FD_FCR D,7,199.36457505915283,207.36457505915283,231.72438443172706,,,none,30.0,10,2,monophasic
Burst_autosave_20260724_114055_891ms,Flex. carpi rad. (R),R_The_ED_FD_FCR D,8,232.72438443172706,240.72438443172706,265.08419380430126,,,none,30.0,10,2,monophasic
Burst_autosave_20260724_114055_891ms,Flex. carpi rad. (R),R_The_ED_FD_FCR D,9,266.08419380430126,274.08419380430126,298.44400317687547,,,none,30.0,10,2,monophasic
Burst_autosave_20260724_114055_891ms,Flex. carpi rad. (R),R_The_ED_FD_FCR D,10,299.44400317687547,307.44400317687547,331.8038125494492,,,none,30.0,10,2,monophasic
Burst_autosave_20260724_114055_891ms,Flex. carpi rad. (R),R_The_ED_FD_FCR D,1,0.0,8.0,32.359809372573764,,,none,30.0,15,2,monophasic
Burst_autosave_20260724_114055_891ms,Flex. carpi rad. (R),R_The_ED_FD_FCR D,2,33.359809372573764,41.359809372573764,64.92533756885643,,,none,30.0,15,2,monophasic
Burst_autosave_20260724_114055_891ms,Flex. carpi rad. (R),R_The_ED_FD_FCR D,3,65.92533756885643,73.92533756885643,98.28514694143064,,,none,30.0,15,2,monophasic
Burst_autosave_20260724_114055_891ms,Flex. carpi rad. (R),R_The_ED_FD_FCR D,4,99.28514694143064,107.28514694143064,132.4392374893647,,,none,30.0,15,2,monophasic
Burst_autosave_20260724_114055_891ms,Flex. carpi rad. (R),R_The_ED_FD_FCR D,5,133.4392374893647,141.4392374893647,165.00476568657908,,,none,30.0,15,2,monophasic
Burst_autosave_20260724_114055_891ms,Flex. carpi rad. (R),R_The_ED_FD_FCR D,6,166.00476568657908,174.00476568657908,198.36457505915283,,,none,30.0,15,2,monophasic
Burst_autosave_20260724_114055_891ms,Flex. carpi rad. (R),R_The_ED_FD_FCR D,7,199.36457505915283,207.36457505915283,231.72438443172706,,,none,30.0,15,2,monophasic
Burst_autosave_20260724_114055_891ms,Flex. carpi rad. (R),R_The_ED_FD_FCR D,8,232.72438443172706,240.72438443172706,265.08419380430126,,,none,30.0,15,2,monophasic
Burst_autosave_20260724_114055_891ms,Flex. carpi rad. (R),R_The_ED_FD_FCR D,9,266.08419380430126,274.08419380430126,298.44400317687547,,,none,30.0,15,2,monophasic
Burst_autosave_20260724_114055_891ms,Flex. carpi rad. (R),R_The_ED_FD_FCR D,10,299.44400317687547,307.44400317687547,331.8038125494492,,,none,30.0,15,2,monophasic
Burst_autosave_20260724_114055_891ms,Flex. carpi rad. (R),R_The_ED_FD_FCR D,1,0.0,8.0,32.359809372573764,,,none,30.0,20,2,monophasic
Burst_autosave_20260724_114055_891ms,Flex. carpi rad. (R),R_The_ED_FD_FCR D,2,33.359809372573764,41.359809372573764,64.92533756885643,,,none,30.0,20,2,monophasic
Burst_autosave_20260724_114055_891ms,Flex. carpi rad. (R),R_The_ED_FD_FCR D,3,65.92533756885643,73.92533756885643,98.28514694143064,,,none,30.0,20,2,monophasic
Burst_autosave_20260724_114055_891ms,Flex. carpi rad. (R),R_The_ED_FD_FCR D,4,99.28514694143064,107.28514694143064,132.4392374893647,,,none,30.0,20,2,monophasic
Burst_autosave_20260724_114055_891ms,Flex. carpi rad. (R),R_The_ED_FD_FCR D,5,133.4392374893647,141.4392374893647,165.00476568657908,,,none,30.0,20,2,monophasic
Burst_autosave_20260724_114055_891ms,Flex. carpi rad. (R),R_The_ED_FD_FCR D,6,166.00476568657908,174.00476568657908,198.36457505915283,,,none,30.0,20,2,monophasic
Burst_autosave_20260724_114055_891ms,Flex. carpi rad. (R),R_The_ED_FD_FCR D,7,199.36457505915283,207.36457505915283,231.72438443172706,,,none,30.0,20,2,monophasic
Burst_autosave_20260724_114055_891ms,Flex. carpi rad. (R),R_The_ED_FD_FCR D,8,232.72438443172706,240.72438443172706,265.08419380430126,,,none,30.0,20,2,monophasic
Burst_autosave_20260724_114055_891ms,Flex. carpi rad. (R),R_The_ED_FD_FCR D,9,266.08419380430126,274.08419380430126,298.44400317687547,,,none,30.0,20,2,monophasic
Burst_autosave_20260724_114055_891ms,Flex. carpi rad. (R),R_The_ED_FD_FCR D,10,299.44400317687547,307.44400317687547,331.8038125494492,,,none,30.0,20,2,monophasic
Burst_autosave_20260724_114055_891ms,Flex. carpi rad. (R),R_The_ED_FD_FCR D,1,0.0,8.0,32.359809372573764,,,none,30.0,25,2,monophasic
Burst_autosave_20260724_114055_891ms,Flex. carpi rad. (R),R_The_ED_FD_FCR D,2,33.359809372573764,41.359809372573764,64.92533756885643,,,none,30.0,25,2,monophasic
Burst_autosave_20260724_114055_891ms,Flex. carpi rad. (R),R_The_ED_FD_FCR D,3,65.92533756885643,73.92533756885643,98.28514694143064,,,none,30.0,25,2,monophasic
Burst_autosave_20260724_114055_891ms,Flex. carpi rad. (R),R_The_ED_FD_FCR D,4,99.28514694143064,107.28514694143064,132.4392374893647,,,none,30.0,25,2,monophasic
Burst_autosave_20260724_114055_891ms,Flex. carpi rad. (R),R_The_ED_FD_FCR D,5,133.4392374893647,141.4392374893647,165.00476568657908,,,none,30.0,25,2,monophasic
Burst_autosave_20260724_114055_891ms,Flex. carpi rad. (R),R_The_ED_FD_FCR D,6,166.00476568657908,174.00476568657908,198.36457505915283,,,none,30.0,25,2,monophasic
Burst_autosave_20260724_114055_891ms,Flex. carpi rad. (R),R_The_ED_FD_FCR D,7,199.36457505915283,207.36457505915283,231.72438443172706,,,none,30.0,25,2,monophasic
Burst_autosave_20260724_114055_891ms,Flex. carpi rad. (R),R_The_ED_FD_FCR D,8,232.72438443172706,240.72438443172706,265.08419380430126,,,none,30.0,25,2,monophasic
Burst_autosave_20260724_114055_891ms,Flex. carpi rad. (R),R_The_ED_FD_FCR D,9,266.08419380430126,274.08419380430126,298.44400317687547,,,none,30.0,25,2,monophasic
Burst_autosave_20260724_114055_891ms,Flex. carpi rad. (R),R_The_ED_FD_FCR D,10,299.44400317687547,307.44400317687547,331.8038125494492,,,none,30.0,25,2,monophasic
Burst_autosave_20260724_114055_891ms,Flex. carpi rad. (R),R_The_ED_FD_FCR D,1,0.0,8.0,32.359809372573764,,,none,30.0,30,2,monophasic
Burst_autosave_20260724_114055_891ms,Flex. carpi rad. (R),R_The_ED_FD_FCR D,2,33.359809372573764,41.359809372573764,64.92533756885643,,,none,30.0,30,2,monophasic
Burst_autosave_20260724_114055_891ms,Flex. carpi rad. (R),R_The_ED_FD_FCR D,3,65.92533756885643,73.92533756885643,98.28514694143064,,,none,30.0,30,2,monophasic
Burst_autosave_20260724_114055_891ms,Flex. carpi rad. (R),R_The_ED_FD_FCR D,4,99.28514694143064,107.28514694143064,132.4392374893647,,,none,30.0,30,2,monophasic
Burst_autosave_20260724_114055_891ms,Flex. carpi rad. (R),R_The_ED_FD_FCR D,5,133.4392374893647,141.4392374893647,165.00476568657908,,,none,30.0,30,2,monophasic
Burst_autosave_20260724_114055_891ms,Flex. carpi rad. (R),R_The_ED_FD_FCR D,6,166.00476568657908,174.00476568657908,198.36457505915283,,,none,30.0,30,2,monophasic
Burst_autosave_20260724_114055_891ms,Flex. carpi rad. (R),R_The_ED_FD_FCR D,7,199.36457505915283,207.36457505915283,231.72438443172706,,,none,30.0,30,2,monophasic
Burst_autosave_20260724_114055_891ms,Flex. carpi rad. (R),R_The_ED_FD_FCR D,8,232.72438443172706,240.72438443172706,265.08419380430126,,,none,30.0,30,2,monophasic
Burst_autosave_20260724_114055_891ms,Flex. carpi rad. (R),R_The_ED_FD_FCR D,9,266.08419380430126,274.08419380430126,298.44400317687547,,,none,30.0,30,2,monophasic
Burst_autosave_20260724_114055_891ms,Flex. carpi rad. (R),R_The_ED_FD_FCR D,10,299.44400317687547,307.44400317687547,331.8038125494492,,,none,30.0,30,2,monophasic
Burst_autosave_20260724_114055_891ms,Flex. carpi rad. (R),R_The_ED_FD_FCR D,1,0.0,8.0,32.359809372573764,0.07150377705693245,0.07150377705693245,none,30.0,35,2,monophasic
Burst_autosave_20260724_114055_891ms,Flex. carpi rad. (R),R_The_ED_FD_FCR D,2,33.359809372573764,41.359809372573764,64.92533756885643,0.06713969632983208,0.06713969632983208,none,30.0,35,2,monophasic
Burst_autosave_20260724_114055_891ms,Flex. carpi rad. (R),R_The_ED_FD_FCR D,3,65.92533756885643,73.92533756885643,98.28514694143064,0.02333104400895536,0.02333104400895536,none,30.0,35,2,monophasic
Burst_autosave_20260724_114055_891ms,Flex. carpi rad. (R),R_The_ED_FD_FCR D,4,99.28514694143064,107.28514694143064,132.4392374893647,0.05589379742741585,0.05589379742741585,none,30.0,35,2,monophasic
Burst_autosave_20260724_114055_891ms,Flex. carpi rad. (R),R_The_ED_FD_FCR D,5,133.4392374893647,141.4392374893647,165.00476568657908,0.025345234898850322,0.025345234898850322,none,30.0,35,2,monophasic
Burst_autosave_20260724_114055_891ms,Flex. carpi rad. (R),R_The_ED_FD_FCR D,6,166.00476568657908,174.00476568657908,198.36457505915283,0.050186922773718834,0.050186922773718834,none,30.0,35,2,monophasic
Burst_autosave_20260724_114055_891ms,Flex. carpi rad. (R),R_The_ED_FD_FCR D,7,199.36457505915283,207.36457505915283,231.72438443172706,0.01947051170282066,0.01947051170282066,none,30.0,35,2,monophasic
Burst_autosave_20260724_114055_891ms,Flex. carpi rad. (R),R_The_ED_FD_FCR D,8,232.72438443172706,240.72438443172706,265.08419380430126,0.024841687409207225,0.024841687409207225,none,30.0,35,2,monophasic
Burst_autosave_20260724_114055_891ms,Flex. carpi rad. (R),R_The_ED_FD_FCR D,9,266.08419380430126,274.08419380430126,298.44400317687547,0.04431219957768917,0.04431219957768917,none,30.0,35,2,monophasic
Burst_autosave_20260724_114055_891ms,Flex. carpi rad. (R),R_The_ED_FD_FCR D,10,299.44400317687547,307.44400317687547,331.8038125494492,0.04800488241016865,0.04800488241016865,none,30.0,35,2,monophasic
Burst_autosave_20260724_114055_891ms,Flex. carpi rad. (R),R_The_ED_FD_FCR D,1,0.0,8.0,32.359809372573764,0.07167162746191025,0.07167162746191025,none,30.0,40,2,monophasic
Burst_autosave_20260724_114055_891ms,Flex. carpi rad. (R),R_The_ED_FD_FCR D,2,33.359809372573764,41.359809372573764,64.92533756885643,0.06965743377804756,0.06965743377804756,none,30.0,40,2,monophasic
Burst_autosave_20260724_114055_891ms,Flex. carpi rad. (R),R_The_ED_FD_FCR D,3,65.92533756885643,73.92533756885643,98.28514694143064,0.06814679130911827,0.06814679130911827,none,30.0,40,2,monophasic
Burst_autosave_20260724_114055_891ms,Flex. carpi rad. (R),R_The_ED_FD_FCR D,4,99.28514694143064,107.28514694143064,132.4392374893647,0.0641184113919735,0.0641184113919735,none,30.0,40,2,monophasic
Burst_autosave_20260724_114055_891ms,Flex. carpi rad. (R),R_The_ED_FD_FCR D,5,133.4392374893647,141.4392374893647,165.00476568657908,0.056229494512081146,0.056229494512081146,none,30.0,40,2,monophasic
Burst_autosave_20260724_114055_891ms,Flex. carpi rad. (R),R_The_ED_FD_FCR D,6,166.00476568657908,174.00476568657908,198.36457505915283,0.06143282167613506,0.06143282167613506,none,30.0,40,2,monophasic
Burst_autosave_20260724_114055_891ms,Flex. carpi rad. (R),R_The_ED_FD_FCR D,7,199.36457505915283,207.36457505915283,231.72438443172706,0.059586480259895325,0.059586480259895325,none,30.0,40,2,monophasic
Burst_autosave_20260724_114055_891ms,Flex. carpi rad. (R),R_The_ED_FD_FCR D,8,232.72438443172706,240.72438443172706,265.08419380430126,0.05354390852153301,0.05354390852153301,none,30.0,40,2,monophasic
Burst_autosave_20260724_114055_891ms,Flex. carpi rad. (R),R_The_ED_FD_FCR D,9,266.08419380430126,274.08419380430126,298.44400317687547,0.057740138843655586,0.057740138843655586,none,30.0,40,2,monophasic
Burst_autosave_20260724_114055_891ms,Flex. carpi rad. (R),R_The_ED_FD_FCR D,10,299.44400317687547,307.44400317687547,331.8038125494492,0.06059357523918152,0.06059357523918152,none,30.0,40,2,monophasic
