source_file,muscle,channel,pulse,pulse_t_ms,win_start_ms,win_stop_ms,p2p,p2p_norm_pct,norm_mode,freq_hz,amp_ma,electrode,mode
Burst_autosave_20260717_161911_499ms,Deltoid med. (L),L_DELmed,1,0.0,8.0,32.359809372573764,,,none,30.0,10,1,monophasic
Burst_autosave_20260717_161911_499ms,Deltoid med. (L),L_DELmed,2,33.359809372573764,41.359809372573764,65.71961874514798,,,none,30.0,10,1,monophasic
Burst_autosave_20260717_161911_499ms,Deltoid med. (L),L_DELmed,3,66.71961874514798,74.71961874514798,98.28514694143064,,,none,30.0,10,1,monophasic
Burst_autosave_20260717_161911_499ms,Deltoid med. (L),L_DELmed,4,99.28514694143064,107.28514694143064,131.64495631400484,,,none,30.0,10,1,monophasic
Burst_autosave_20260717_161911_499ms,Deltoid med. (L),L_DELmed,5,132.64495631400484,140.64495631400484,165.00476568657862,,,none,30.0,10,1,monophasic
Burst_autosave_20260717_161911_499ms,Deltoid med. (L),L_DELmed,6,166.00476568657862,174.00476568657862,198.36457505915283,,,none,30.0,10,1,monophasic
Burst_autosave_20260717_161911_499ms,Deltoid med. (L),L_DELmed,7,199.36457505915283,207.36457505915283,231.72438443172706,,,none,30.0,10,1,monophasic
Burst_autosave_20260717_161911_499ms,Deltoid med. (L),L_DELmed,8,232.72438443172706,240.72438443172706,265.08419380430126,,,none,30.0,10,1,monophasic
Burst_autosave_20260717_161911_499ms,Deltoid med. (L),L_DELmed,9,266.08419380430126,274.08419380430126,298.444003176875,,,none,30.0,10,1,monophasic
Burst_autosave_20260717_161911_499ms,Deltoid med. (L),L_DELmed,10,299.444003176875,307.444003176875,331.8038125494492,,,none,30.0,10,1,monophasic
Burst_autosave_20260717_161911_499ms,Deltoid med. (L),L_DELmed,1,0.0,8.0,32.359809372573764,,,none,30.0,15,1,monophasic
Burst_autosave_20260717_161911_499ms,Deltoid med. (L),L_DELmed,2,33.359809372573764,41.359809372573764,65.71961874514798,,,none,30.0,15,1,monophasic
Burst_autosave_20260717_161911_499ms,Deltoid med. (L),L_DELmed,3,66.71961874514798,74.71961874514798,98.28514694143064,,,none,30.0,15,1,monophasic
Burst_autosave_20260717_161911_499ms,Deltoid med. (L),L_DELmed,4,99.28514694143064,107.28514694143064,131.64495631400484,,,none,30.0,15,1,monophasic
Burst_autosave_20260717_161911_499ms,Deltoid med. (L),L_DELmed,5,132.64495631400484,140.64495631400484,165.00476568657862,,,none,30.0,15,1,monophasic
Burst_autosave_20260717_161911_499ms,Deltoid med. (L),L_DELmed,6,166.00476568657862,174.00476568657862,198.36457505915283,,,none,30.0,15,1,monophasic
Burst_autosave_20260717_161911_499ms,Deltoid med. (L),L_DELmed,7,199.36457505915283,207.36457505915283,231.72438443172706,,,none,30.0,15,1,monophasic
Burst_autosave_20260717_161911_499ms,Deltoid med. (L),L_DELmed,8,232.72438443172706,240.72438443172706,265.08419380430126,,,none,30.0,15,1,monophasic
Burst_autosave_20260717_161911_499ms,Deltoid med. (L),L_DELmed,9,266.08419380430126,274.08419380430126,298.444003176875,,,none,30.0,15,1,monophasic
Burst_autosave_20260717_161911_499ms,Deltoid med. (L),L_DELmed,10,299.444003176875,307.444003176875,331.8038125494492,,,none,30.0,15,1,monophasic
Burst_autosave_20260717_161911_499ms,Deltoid med. (L),L_DELmed,1,0.0,8.0,32.359809372573764,,,none,30.0,20,1,monophasic
Burst_autosave_20260717_161911_499ms,Deltoid med. (L),L_DELmed,2,33.359809372573764,41.359809372573764,65.71961874514798,,,none,30.0,20,1,monophasic
Burst_autosave_20260717_161911_499ms,Deltoid med. (L),L_DELmed,3,66.71961874514798,74.71961874514798,98.28514694143064,,,none,30.0,20,1,monophasic
Burst_autosave_20260717_161911_499ms,Deltoid med. (L),L_DELmed,4,99.28514694143064,107.28514694143064,131.64495631400484,,,none,30.0,20,1,monophasic
Burst_autosave_20260717_161911_499ms,Deltoid med. (L),L_DELmed,5,132.64495631400484,140.64495631400484,165.00476568657862,,,none,30.0,20,1,monophasic
Burst_autosave_20260717_161911_499ms,Deltoid med. (L),L_DELmed,6,166.00476568657862,174.00476568657862,198.36457505915283,,,none,30.0,20,1,monophasic
Burst_autosave_20260717_161911_499ms,Deltoid med. (L),L_DELmed,7,199.36457505915283,207.36457505915283,231.72438443172706,,,none,30.0,20,1,monophasic
Burst_autosave_20260717_161911_499ms,Deltoid med. (L),L_DELmed,8,232.72438443172706,240.72438443172706,265.08419380430126,,,none,30.0,20,1,monophasic
Burst_autosave_20260717_161911_499ms,Deltoid med. (L),L_DELmed,9,266.08419380430126,274.08419380430126,298.444003176875,,,none,30.0,20,1,monophasic
Burst_autosave_20260717_161911_499ms,Deltoid med. (L),L_DELmed,10,299.444003176875,307.444003176875,331.8038125494492,,,none,30.0,20,1,monophasic
Burst_autosave_20260717_161911_499ms,Deltoid med. (L),L_DELmed,1,0.0,8.0,32.359809372573764,,,none,30.0,25,1,monophasic
Burst_autosave_20260717_161911_499ms,Deltoid med. (L),L_DELmed,2,33.359809372573764,41.359809372573764,65.71961874514798,,,none,30.0,25,1,monophasic
Burst_autosave_20260717_161911_499ms,Deltoid med. (L),L_DELmed,3,66.71961874514798,74.71961874514798,98.28514694143064,,,none,30.0,25,1,monophasic
Burst_autosave_20260717_161911_499ms,Deltoid med. (L),L_DELmed,4,99.28514694143064,107.28514694143064,131.64495631400484,,,none,30.0,25,1,monophasic
Burst_autosave_20260717_161911_499ms,Deltoid med. (L),L_DELmed,5,132.64495631400484,140.64495631400484,165.00476568657862,,,none,30.0,25,1,monophasic
Burst_autosave_20260717_161911_499ms,Deltoid med. (L),L_DELmed,6,166.00476568657862,174.00476568657862,198.36457505915283,,,none,30.0,25,1,monophasic
Burst_autosave_20260717_161911_499ms,Deltoid med. (L),L_DELmed,7,199.36457505915283,207.36457505915283,231.72438443172706,,,none,30.0,25,1,monophasic
Burst_autosave_20260717_161911_499ms,Deltoid med. (L),L_DELmed,8,232.72438443172706,240.72438443172706,265.08419380430126,,,none,30.0,25,1,monophasic
Burst_autosave_20260717_161911_499ms,Deltoid med. (L),L_DELmed,9,266.08419380430126,274.08419380430126,298.444003176875,,,none,30.0,25,1,monophasic
Burst_autosave_20260717_161911_499ms,Deltoid med. (L),L_DELmed,10,299.444003176875,307.444003176875,331.8038125494492,,,none,30.0,25,1,monophasic
Burst_autosave_20260717_161911_499ms,Deltoid med. (L),L_DELmed,1,0.0,8.0,32.359809372573764,,,none,30.0,30,1,monophasic
Burst_autosave_20260717_161911_499ms,Deltoid med. (L),L_DELmed,2,33.359809372573764,41.359809372573764,65.71961874514798,,,none,30.0,30,1,monophasic
Burst_autosave_20260717_161911_499ms,Deltoid med. (L),L_DELmed,3,66.71961874514798,74.71961874514798,98.28514694143064,,,none,30.0,30,1,monophasic
Burst_autosave_20260717_161911_499ms,Deltoid med. (L),L_DELmed,4,99.28514694143064,107.28514694143064,131.64495631400484,,,none,30.0,30,1,monophasic
Burst_autosave_20260717_161911_499ms,Deltoid med. (L),L_DELmed,5,132.64495631400484,140.64495631400484,165.00476568657862,,,none,30.0,30,1,monophasic
Burst_autosave_20260717_161911_499ms,Deltoid med. (L),L_DELmed,6,166.00476568657862,174.00476568657862,198.36457505915283,,,none,30.0,30,1,monophasic
Burst_autosave_20260717_161911_499ms,Deltoid med. (L),L_DELmed,7,199.36457505915283,207.36457505915283,231.72438443172706,,,none,30.0,30,1,monophasic
Burst_autosave_20260717_161911_499ms,Deltoid med. (L),L_DELmed,8,232.72438443172706,240.72438443172706,265.08419380430126,,,none,30.0,30,1,monophasic
Burst_autosave_20260717_161911_499ms,Deltoid med. (L),L_DELmed,9,266.08419380430126,274.08419380430126,298.444003176875,,,none,30.0,30,1,monophasic
Burst_autosave_20260717_161911_499ms,Deltoid med. (L),L_DELmed,10,299.444003176875,307.444003176875,331.8038125494492,,,none,30.0,30,1,monophasic
Burst_autosave_20260717_161911_499ms,Deltoid med. (L),L_DELmed,1,0.0,8.0,32.359809372573764,,,none,30.0,35,1,monophasic
Burst_autosave_20260717_161911_499ms,Deltoid med. (L),L_DELmed,2,33.359809372573764,41.359809372573764,65.71961874514798,,,none,30.0,35,1,monophasic
Burst_autosave_20260717_161911_499ms,Deltoid med. (L),L_DELmed,3,66.71961874514798,74.71961874514798,98.28514694143064,,,none,30.0,35,1,monophasic
Burst_autosave_20260717_161911_499ms,Deltoid med. (L),L_DELmed,4,99.28514694143064,107.28514694143064,131.64495631400484,,,none,30.0,35,1,monophasic
Burst_autosave_20260717_161911_499ms,Deltoid med. (L),L_DELmed,5,132.64495631400484,140.64495631400484,165.00476568657862,,,none,30.0,35,1,monophasic
Burst_autosave_20260717_161911_499ms,Deltoid med. (L),L_DELmed,6,166.00476568657862,174.00476568657862,198.36457505915283,,,none,30.0,35,1,monophasic
Burst_autosave_20260717_161911_499ms,Deltoid med. (L),L_DELmed,7,199.36457505915283,207.36457505915283,231.72438443172706,,,none,30.0,35,1,monophasic
Burst_autosave_20260717_161911_499ms,Deltoid med. (L),L_DELmed,8,232.72438443172706,240.72438443172706,265.08419380430126,,,none,30.0,35,1,monophasic
Burst_autosave_20260717_161911_499ms,Deltoid med. (L),L_DELmed,9,266.08419380430126,274.08419380430126,298.444003176875,,,none,30.0,35,1,monophasic
Burst_autosave_20260717_161911_499ms,Deltoid med. (L),L_DELmed,10,299.444003176875,307.444003176875,331.8038125494492,,,none,30.0,35,1,monophasic
Burst_autosave_20260717_161911_499ms,Deltoid med. (L),L_DELmed,1,0.0,8.0,32.359809372573764,,,none,30.0,40,1,monophasic
Burst_autosave_20260717_161911_499ms,Deltoid med. (L),L_DELmed,2,33.359809372573764,41.359809372573764,65.71961874514798,,,none,30.0,40,1,monophasic
Burst_autosave_20260717_161911_499ms,Deltoid med. (L),L_DELmed,3,66.71961874514798,74.71961874514798,98.28514694143064,,,none,30.0,40,1,monophasic
Burst_autosave_20260717_161911_499ms,Deltoid med. (L),L_DELmed,4,99.28514694143064,107.28514694143064,131.64495631400484,,,none,30.0,40,1,monophasic
Burst_autosave_20260717_161911_499ms,Deltoid med. (L),L_DELmed,5,132.64495631400484,140.64495631400484,165.00476568657862,,,none,30.0,40,1,monophasic
Burst_autosave_20260717_161911_499ms,Deltoid med. (L),L_DELmed,6,166.00476568657862,174.00476568657862,198.36457505915283,,,none,30.0,40,1,monophasic
Burst_autosave_20260717_161911_499ms,Deltoid med. (L),L_DELmed,7,199.36457505915283,207.36457505915283,231.72438443172706,,,none,30.0,40,1,monophasic
Burst_autosave_20260717_161911_499ms,Deltoid med. (L),L_DELmed,8,232.72438443172706,240.72438443172706,265.08419380430126,,,none,30.0,40,1,monophasic
Burst_autosave_20260717_161911_499ms,Deltoid med. (L),L_DELmed,9,266.08419380430126,274.08419380430126,298.444003176875,,,none,30.0,40,1,monophasic
Burst_autosave_20260717_161911_499ms,Deltoid med. (L),L_DELmed,10,299.444003176875,307.444003176875,331.8038125494492,,,none,30.0,40,1,monophasic
Burst_autosave_20260717_161911_499ms,Deltoid med. (L),L_DELmed,1,0.0,8.0,32.359809372573764,,,none,30.0,45,1,monophasic
Burst_autosave_20260717_161911_499ms,Deltoid med. (L),L_DELmed,2,33.359809372573764,41.359809372573764,65.71961874514798,,,none,30.0,45,1,monophasic
Burst_autosave_20260717_161911_499ms,Deltoid med. (L),L_DELmed,3,66.71961874514798,74.71961874514798,98.28514694143064,,,none,30.0,45,1,monophasic
Burst_autosave_20260717_161911_499ms,Deltoid med. (L),L_DELmed,4,99.28514694143064,107.28514694143064,131.64495631400484,,,none,30.0,45,1,monophasic
Burst_autosave_20260717_161911_499ms,Deltoid med. (L),L_DELmed,5,132.64495631400484,140.64495631400484,165.00476568657862,,,none,30.0,45,1,monophasic
Burst_autosave_20260717_161911_499ms,Deltoid med. (L),L_DELmed,6,166.00476568657862,174.00476568657862,198.36457505915283,,,none,30.0,45,1,monophasic
Burst_autosave_20260717_161911_499ms,Deltoid med. (L),L_DELmed,7,199.36457505915283,207.36457505915283,231.72438443172706,,,none,30.0,45,1,monophasic
Burst_autosave_20260717_161911_499ms,Deltoid med. (L),L_DELmed,8,232.72438443172706,240.72438443172706,265.08419380430126,,,none,30.0,45,1,monophasic
Burst_autosave_20260717_161911_499ms,Deltoid med. (L),L_DELmed,9,266.08419380430126,274.08419380430126,298.444003176875,,,none,30.0,45,1,monophasic
Burst_autosave_20260717_161911_499ms,Deltoid med. (L),L_DELmed,10,299.444003176875,307.444003176875,331.8038125494492,,,none,30.0,45,1,monophasic
Burst_autosave_20260717_161911_499ms,Biceps (L),L_BB,1,0.0,8.0,32.359809372573764,,,none,30.0,10,1,monophasic
Burst_autosave_20260717_161911_499ms,Biceps (L),L_BB,2,33.359809372573764,41.359809372573764,65.71961874514798,,,none,30.0,10,1,monophasic
Burst_autosave_20260717_161911_499ms,Biceps (L),L_BB,3,66.71961874514798,74.71961874514798,98.28514694143064,,,none,30.0,10,1,monophasic
Burst_autosave_20260717_161911_499ms,Biceps (L),L_BB,4,99.28514694143064,107.28514694143064,131.64495631400484,,,none,30.0,10,1,monophasic
Burst_autosave_20260717_161911_499ms,Biceps (L),L_BB,5,132.64495631400484,140.64495631400484,165.00476568657862,,,none,30.0,10,1,monophasic
Burst_autosave_20260717_161911_499ms,Biceps (L),L_BB,6,166.00476568657862,174.00476568657862,198.36457505915283,,,none,30.0,10,1,monophasic
Burst_autosave_20260717_161911_499ms,Biceps (L),L_BB,7,199.36457505915283,207.36457505915283,231.72438443172706,,,none,30.0,10,1,monophasic
Burst_autosave_20260717_161911_499ms,Biceps (L),L_BB,8,232.72438443172706,240.72438443172706,265.08419380430126,,,none,30.0,10,1,monophasic
Burst_autosave_20260717_161911_499ms,Biceps (L),L_BB,9,266.08419380430126,274.08419380430126,298.444003176875,,,none,30.0,10,1,monophasic
Burst_autosave_20260717_161911_499ms,Biceps (L),L_BB,10,299.444003176875,307.444003176875,331.8038125494492,,,none,30.0,10,1,monophasic
Burst_autosave_20260717_161911_499ms,Biceps (L),L_BB,1,0.0,8.0,32.359809372573764,,,none,30.0,15,1,monophasic
Burst_autosave_20260717_161911_499ms,Biceps (L),L_BB,2,33.359809372573764,41.359809372573764,65.71961874514798,,,none,30.0,15,1,monophasic
Burst_autosave_20260717_161911_499ms,Biceps (L),L_BB,3,66.71961874514798,74.71961874514798,98.28514694143064,,,none,30.0,15,1,monophasic
Burst_autosave_20260717_161911_499ms,Biceps (L),L_BB,4,99.28514694143064,107.28514694143064,131.64495631400484,,,none,30.0,15,1,monophasic
Burst_autosave_20260717_161911_499ms,Biceps (L),L_BB,5,132.64495631400484,140.64495631400484,165.00476568657862,,,none,30.0,15,1,monophasic
Burst_autosave_20260717_161911_499ms,Biceps (L),L_BB,6,166.00476568657862,174.00476568657862,198.36457505915283,,,none,30.0,15,1,monophasic
Burst_autosave_20260717_161911_499ms,Biceps (L),L_BB,7,199.36457505915283,207.36457505915283,231.72438443172706,,,none,30.0,15,1,monophasic
Burst_autosave_20260717_161911_499ms,Biceps (L),L_BB,8,232.72438443172706,240.72438443172706,265.08419380430126,,,none,30.0,15,1,monophasic
Burst_autosave_20260717_161911_499ms,Biceps (L),L_BB,9,266.08419380430126,274.08419380430126,298.444003176875,,,none,30.0,15,1,monophasic
Burst_autosave_20260717_161911_499ms,Biceps (L),L_BB,10,299.444003176875,307.444003176875,331.8038125494492,,,none,30.0,15,1,monophasic
Burst_autosave_20260717_161911_499ms,Biceps (L),L_BB,1,0.0,8.0,32.359809372573764,,,none,30.0,20,1,monophasic
Burst_autosave_20260717_161911_499ms,Biceps (L),L_BB,2,33.359809372573764,41.359809372573764,65.71961874514798,,,none,30.0,20,1,monophasic
Burst_autosave_20260717_161911_499ms,Biceps (L),L_BB,3,66.71961874514798,74.71961874514798,98.28514694143064,,,none,30.0,20,1,monophasic
Burst_autosave_20260717_161911_499ms,Biceps (L),L_BB,4,99.28514694143064,107.28514694143064,131.64495631400484,,,none,30.0,20,1,monophasic
Burst_autosave_20260717_161911_499ms,Biceps (L),L_BB,5,132.64495631400484,140.64495631400484,165.00476568657862,,,none,30.0,20,1,monophasic
Burst_autosave_20260717_161911_499ms,Biceps (L),L_BB,6,166.00476568657862,174.00476568657862,198.36457505915283,,,none,30.0,20,1,monophasic
Burst_autosave_20260717_161911_499ms,Biceps (L),L_BB,7,199.36457505915283,207.36457505915283,231.72438443172706,,,none,30.0,20,1,monophasic
Burst_autosave_20260717_161911_499ms,Biceps (L),L_BB,8,232.72438443172706,240.72438443172706,265.08419380430126,,,none,30.0,20,1,monophasic
Burst_autosave_20260717_161911_499ms,Biceps (L),L_BB,9,266.08419380430126,274.08419380430126,298.444003176875,,,none,30.0,20,1,monophasic
Burst_autosave_20260717_161911_499ms,Biceps (L),L_BB,10,299.444003176875,307.444003176875,331.8038125494492,,,none,30.0,20,1,monophasic
Burst_autosave_20260717_161911_499ms,Biceps (L),L_BB,1,0.0,8.0,32.359809372573764,,,none,30.0,25,1,monophasic
Burst_autosave_20260717_161911_499ms,Biceps (L),L_BB,2,33.359809372573764,41.359809372573764,65.71961874514798,,,none,30.0,25,1,monophasic
Burst_autosave_20260717_161911_499ms,Biceps (L),L_BB,3,66.71961874514798,74.71961874514798,98.28514694143064,,,none,30.0,25,1,monophasic
Burst_autosave_20260717_161911_499ms,Biceps (L),L_BB,4,99.28514694143064,107.28514694143064,131.64495631400484,,,none,30.0,25,1,monophasic
Burst_autosave_20260717_161911_499ms,Biceps (L),L_BB,5,132.64495631400484,140.64495631400484,165.00476568657862,,,none,30.0,25,1,monophasic
Burst_autosave_20260717_161911_499ms,Biceps (L),L_BB,6,166.00476568657862,174.00476568657862,198.36457505915283,,,none,30.0,25,1,monophasic
Burst_autosave_20260717_161911_499ms,Biceps (L),L_BB,7,199.36457505915283,207.36457505915283,231.72438443172706,,,none,30.0,25,1,monophasic
Burst_autosave_20260717_161911_499ms,Biceps (L),L_BB,8,232.72438443172706,240.72438443172706,265.08419380430126,,,none,30.0,25,1,monophasic
Burst_autosave_20260717_161911_499ms,Biceps (L),L_BB,9,266.08419380430126,274.08419380430126,298.444003176875,,,none,30.0,25,1,monophasic
Burst_autosave_20260717_161911_499ms,Biceps (L),L_BB,10,299.444003176875,307.444003176875,331.8038125494492,,,none,30.0,25,1,monophasic
Burst_autosave_20260717_161911_499ms,Biceps (L),L_BB,1,0.0,8.0,32.359809372573764,,,none,30.0,30,1,monophasic
Burst_autosave_20260717_161911_499ms,Biceps (L),L_BB,2,33.359809372573764,41.359809372573764,65.71961874514798,,,none,30.0,30,1,monophasic
Burst_autosave_20260717_161911_499ms,Biceps (L),L_BB,3,66.71961874514798,74.71961874514798,98.28514694143064,,,none,30.0,30,1,monophasic
Burst_autosave_20260717_161911_499ms,Biceps (L),L_BB,4,99.28514694143064,107.28514694143064,131.64495631400484,,,none,30.0,30,1,monophasic
Burst_autosave_20260717_161911_499ms,Biceps (L),L_BB,5,132.64495631400484,140.64495631400484,165.00476568657862,,,none,30.0,30,1,monophasic
Burst_autosave_20260717_161911_499ms,Biceps (L),L_BB,6,166.00476568657862,174.00476568657862,198.36457505915283,,,none,30.0,30,1,monophasic
Burst_autosave_20260717_161911_499ms,Biceps (L),L_BB,7,199.36457505915283,207.36457505915283,231.72438443172706,,,none,30.0,30,1,monophasic
Burst_autosave_20260717_161911_499ms,Biceps (L),L_BB,8,232.72438443172706,240.72438443172706,265.08419380430126,,,none,30.0,30,1,monophasic
Burst_autosave_20260717_161911_499ms,Biceps (L),L_BB,9,266.08419380430126,274.08419380430126,298.444003176875,,,none,30.0,30,1,monophasic
Burst_autosave_20260717_161911_499ms,Biceps (L),L_BB,10,299.444003176875,307.444003176875,331.8038125494492,,,none,30.0,30,1,monophasic
Burst_autosave_20260717_161911_499ms,Biceps (L),L_BB,1,0.0,8.0,32.359809372573764,,,none,30.0,35,1,monophasic
Burst_autosave_20260717_161911_499ms,Biceps (L),L_BB,2,33.359809372573764,41.359809372573764,65.71961874514798,,,none,30.0,35,1,monophasic
Burst_autosave_20260717_161911_499ms,Biceps (L),L_BB,3,66.71961874514798,74.71961874514798,98.28514694143064,,,none,30.0,35,1,monophasic
Burst_autosave_20260717_161911_499ms,Biceps (L),L_BB,4,99.28514694143064,107.28514694143064,131.64495631400484,,,none,30.0,35,1,monophasic
Burst_autosave_20260717_161911_499ms,Biceps (L),L_BB,5,132.64495631400484,140.64495631400484,165.00476568657862,,,none,30.0,35,1,monophasic
Burst_autosave_20260717_161911_499ms,Biceps (L),L_BB,6,166.00476568657862,174.00476568657862,198.36457505915283,,,none,30.0,35,1,monophasic
Burst_autosave_20260717_161911_499ms,Biceps (L),L_BB,7,199.36457505915283,207.36457505915283,231.72438443172706,,,none,30.0,35,1,monophasic
Burst_autosave_20260717_161911_499ms,Biceps (L),L_BB,8,232.72438443172706,240.72438443172706,265.08419380430126,,,none,30.0,35,1,monophasic
Burst_autosave_20260717_161911_499ms,Biceps (L),L_BB,9,266.08419380430126,274.08419380430126,298.444003176875,,,none,30.0,35,1,monophasic
Burst_autosave_20260717_161911_499ms,Biceps (L),L_BB,10,299.444003176875,307.444003176875,331.8038125494492,,,none,30.0,35,1,monophasic
Burst_autosave_20260717_161911_499ms,Biceps (L),L_BB,1,0.0,8.0,32.359809372573764,,,none,30.0,40,1,monophasic
Burst_autosave_20260717_161911_499ms,Biceps (L),L_BB,2,33.359809372573764,41.359809372573764,65.71961874514798,,,none,30.0,40,1,monophasic
Burst_autosave_20260717_161911_499ms,Biceps (L),L_BB,3,66.71961874514798,74.71961874514798,98.28514694143064,,,none,30.0,40,1,monophasic
Burst_autosave_20260717_161911_499ms,Biceps (L),L_BB,4,99.28514694143064,107.28514694143064,131.64495631400484,,,none,30.0,40,1,monophasic
Burst_autosave_20260717_161911_499ms,Biceps (L),L_BB,5,132.64495631400484,140.64495631400484,165.00476568657862,,,none,30.0,40,1,monophasic
Burst_autosave_20260717_161911_499ms,Biceps (L),L_BB,6,166.00476568657862,174.00476568657862,198.36457505915283,,,none,30.0,40,1,monophasic
Burst_autosave_20260717_161911_499ms,Biceps (L),L_BB,7,199.36457505915283,207.36457505915283,231.72438443172706,,,none,30.0,40,1,monophasic
Burst_autosave_20260717_161911_499ms,Biceps (L),L_BB,8,232.72438443172706,240.72438443172706,265.08419380430126,,,none,30.0,40,1,monophasic
Burst_autosave_20260717_161911_499ms,Biceps (L),L_BB,9,266.08419380430126,274.08419380430126,298.444003176875,,,none,30.0,40,1,monophasic
Burst_autosave_20260717_161911_499ms,Biceps (L),L_BB,10,299.444003176875,307.444003176875,331.8038125494492,,,none,30.0,40,1,monophasic
Burst_autosave_20260717_161911_499ms,Biceps (L),L_BB,1,0.0,8.0,32.359809372573764,0.02114900480955839,0.02114900480955839,none,30.0,45,1,monophasic
Burst_autosave_20260717_161911_499ms,Biceps (L),L_BB,2,33.359809372573764,41.359809372573764,65.71961874514798,0.015442130621522665,0.015442130621522665,none,30.0,45,1,monophasic
Burst_autosave_20260717_161911_499ms,Biceps (L),L_BB,3,66.71961874514798,74.71961874514798,98.28514694143064,0.012924391776323318,0.012924391776323318,none,30.0,45,1,monophasic
Burst_autosave_20260717_161911_499ms,Biceps (L),L_BB,4,99.28514694143064,107.28514694143064,131.64495631400484,0.01812771800905466,0.01812771800905466,none,30.0,45,1,monophasic
Burst_autosave_20260717_161911_499ms,Biceps (L),L_BB,5,132.64495631400484,140.64495631400484,165.00476568657862,0.018295567948371172,0.018295567948371172,none,30.0,45,1,monophasic
Burst_autosave_20260717_161911_499ms,Biceps (L),L_BB,6,166.00476568657862,174.00476568657862,198.36457505915283,0.016784924548119307,0.016784924548119307,none,30.0,45,1,monophasic
Burst_autosave_20260717_161911_499ms,Biceps (L),L_BB,7,199.36457505915283,207.36457505915283,231.72438443172706,0.017792019993066788,0.017792019993066788,none,30.0,45,1,monophasic
Burst_autosave_20260717_161911_499ms,Biceps (L),L_BB,8,232.72438443172706,240.72438443172706,265.08419380430126,0.015777828637510538,0.015777828637510538,none,30.0,45,1,monophasic
Burst_autosave_20260717_161911_499ms,Biceps (L),L_BB,9,266.08419380430126,274.08419380430126,298.444003176875,0.015442130621522665,0.015442130621522665,none,30.0,45,1,monophasic
Burst_autosave_20260717_161911_499ms,Biceps (L),L_BB,10,299.444003176875,307.444003176875,331.8038125494492,0.01879911497235298,0.01879911497235298,none,30.0,45,1,monophasic
Burst_autosave_20260717_161911_499ms,Triceps long (L),L_TBlg,1,0.0,8.0,32.359809372573764,,,none,30.0,10,1,monophasic
Burst_autosave_20260717_161911_499ms,Triceps long (L),L_TBlg,2,33.359809372573764,41.359809372573764,65.71961874514798,,,none,30.0,10,1,monophasic
Burst_autosave_20260717_161911_499ms,Triceps long (L),L_TBlg,3,66.71961874514798,74.71961874514798,98.28514694143064,,,none,30.0,10,1,monophasic
Burst_autosave_20260717_161911_499ms,Triceps long (L),L_TBlg,4,99.28514694143064,107.28514694143064,131.64495631400484,,,none,30.0,10,1,monophasic
Burst_autosave_20260717_161911_499ms,Triceps long (L),L_TBlg,5,132.64495631400484,140.64495631400484,165.00476568657862,,,none,30.0,10,1,monophasic
Burst_autosave_20260717_161911_499ms,Triceps long (L),L_TBlg,6,166.00476568657862,174.00476568657862,198.36457505915283,,,none,30.0,10,1,monophasic
Burst_autosave_20260717_161911_499ms,Triceps long (L),L_TBlg,7,199.36457505915283,207.36457505915283,231.72438443172706,,,none,30.0,10,1,monophasic
Burst_autosave_20260717_161911_499ms,Triceps long (L),L_TBlg,8,232.72438443172706,240.72438443172706,265.08419380430126,,,none,30.0,10,1,monophasic
Burst_autosave_20260717_161911_499ms,Triceps long (L),L_TBlg,9,266.08419380430126,274.08419380430126,298.444003176875,,,none,30.0,10,1,monophasic
Burst_autosave_20260717_161911_499ms,Triceps long (L),L_TBlg,10,299.444003176875,307.444003176875,331.8038125494492,,,none,30.0,10,1,monophasic
Burst_autosave_20260717_161911_499ms,Triceps long (L),L_TBlg,1,0.0,8.0,32.359809372573764,,,none,30.0,15,1,monophasic
Burst_autosave_20260717_161911_499ms,Triceps long (L),L_TBlg,2,33.359809372573764,41.359809372573764,65.71961874514798,,,none,30.0,15,1,monophasic
Burst_autosave_20260717_161911_499ms,Triceps long (L),L_TBlg,3,66.71961874514798,74.71961874514798,98.28514694143064,,,none,30.0,15,1,monophasic
Burst_autosave_20260717_161911_499ms,Triceps long (L),L_TBlg,4,99.28514694143064,107.28514694143064,131.64495631400484,,,none,30.0,15,1,monophasic
Burst_autosave_20260717_161911_499ms,Triceps long (L),L_TBlg,5,132.64495631400484,140.64495631400484,165.00476568657862,,,none,30.0,15,1,monophasic
Burst_autosave_20260717_161911_499ms,Triceps long (L),L_TBlg,6,166.00476568657862,174.00476568657862,198.36457505915283,,,none,30.0,15,1,monophasic
Burst_autosave_20260717_161911_499ms,Triceps long (L),L_TBlg,7,199.36457505915283,207.36457505915283,231.72438443172706,,,none,30.0,15,1,monophasic
Burst_autosave_20260717_161911_499ms,Triceps long (L),L_TBlg,8,232.72438443172706,240.72438443172706,265.08419380430126,,,none,30.0,15,1,monophasic
Burst_autosave_20260717_161911_499ms,Triceps long (L),L_TBlg,9,266.08419380430126,274.08419380430126,298.444003176875,,,none,30.0,15,1,monophasic
Burst_autosave_20260717_161911_499ms,Triceps long (L),L_TBlg,10,299.444003176875,307.444003176875,331.8038125494492,,,none,30.0,15,1,monophasic
Burst_autosave_20260717_161911_499ms,Triceps long (L),L_TBlg,1,0.0,8.0,32.359809372573764,,,none,30.0,20,1,monophasic
Burst_autosave_20260717_161911_499ms,Triceps long (L),L_TBlg,2,33.359809372573764,41.359809372573764,65.71961874514798,,,none,30.0,20,1,monophasic
Burst_autosave_20260717_161911_499ms,Triceps long (L),L_TBlg,3,66.71961874514798,74.71961874514798,98.28514694143064,,,none,30.0,20,1,monophasic
Burst_autosave_20260717_161911_499ms,Triceps long (L),L_TBlg,4,99.28514694143064,107.28514694143064,131.64495631400484,,,none,30.0,20,1,monophasic
Burst_autosave_20260717_161911_499ms,Triceps long (L),L_TBlg,5,132.64495631400484,140.64495631400484,165.00476568657862,,,none,30.0,20,1,monophasic
Burst_autosave_20260717_161911_499ms,Triceps long (L),L_TBlg,6,166.00476568657862,174.00476568657862,198.36457505915283,,,none,30.0,20,1,monophasic
Burst_autosave_20260717_161911_499ms,Triceps long (L),L_TBlg,7,199.36457505915283,207.36457505915283,231.72438443172706,,,none,30.0,20,1,monophasic
Burst_autosave_20260717_161911_499ms,Triceps long (L),L_TBlg,8,232.72438443172706,240.72438443172706,265.08419380430126,,,none,30.0,20,1,monophasic
Burst_autosave_20260717_161911_499ms,Triceps long (L),L_TBlg,9,266.08419380430126,274.08419380430126,298.444003176875,,,none,30.0,20,1,monophasic
Burst_autosave_20260717_161911_499ms,Triceps long (L),L_TBlg,10,299.444003176875,307.444003176875,331.8038125494492,,,none,30.0,20,1,monophasic
Burst_autosave_20260717_161911_499ms,Triceps long (L),L_TBlg,1,0.0,8.0,32.359809372573764,,,none,30.0,25,1,monophasic
Burst_autosave_20260717_161911_499ms,Triceps long (L),L_TBlg,2,33.359809372573764,41.359809372573764,65.71961874514798,,,none,30.0,25,1,monophasic
Burst_autosave_20260717_161911_499ms,Triceps long (L),L_TBlg,3,66.71961874514798,74.71961874514798,98.28514694143064,,,none,30.0,25,1,monophasic
Burst_autosave_20260717_161911_499ms,Triceps long (L),L_TBlg,4,99.28514694143064,107.28514694143064,131.64495631400484,,,none,30.0,25,1,monophasic
Burst_autosave_20260717_161911_499ms,Triceps long (L),L_TBlg,5,132.64495631400484,140.64495631400484,165.00476568657862,,,none,30.0,25,1,monophasic
Burst_autosave_20260717_161911_499ms,Triceps long (L),L_TBlg,6,166.00476568657862,174.00476568657862,198.36457505915283,,,none,30.0,25,1,monophasic
Burst_autosave_20260717_161911_499ms,Triceps long (L),L_TBlg,7,199.36457505915283,207.36457505915283,231.72438443172706,,,none,30.0,25,1,monophasic
Burst_autosave_20260717_161911_499ms,Triceps long (L),L_TBlg,8,232.72438443172706,240.72438443172706,265.08419380430126,,,none,30.0,25,1,monophasic
Burst_autosave_20260717_161911_499ms,Triceps long (L),L_TBlg,9,266.08419380430126,274.08419380430126,298.444003176875,,,none,30.0,25,1,monophasic
Burst_autosave_20260717_161911_499ms,Triceps long (L),L_TBlg,10,299.444003176875,307.444003176875,331.8038125494492,,,none,30.0,25,1,monophasic
Burst_autosave_20260717_161911_499ms,Triceps long (L),L_TBlg,1,0.0,8.0,32.359809372573764,,,none,30.0,30,1,monophasic
Burst_autosave_20260717_161911_499ms,Triceps long (L),L_TBlg,2,33.359809372573764,41.359809372573764,65.71961874514798,,,none,30.0,30,1,monophasic
Burst_autosave_20260717_161911_499ms,Triceps long (L),L_TBlg,3,66.71961874514798,74.71961874514798,98.28514694143064,,,none,30.0,30,1,monophasic
Burst_autosave_20260717_161911_499ms,Triceps long (L),L_TBlg,4,99.28514694143064,107.28514694143064,131.64495631400484,,,none,30.0,30,1,monophasic
Burst_autosave_20260717_161911_499ms,Triceps long (L),L_TBlg,5,132.64495631400484,140.64495631400484,165.00476568657862,,,none,30.0,30,1,monophasic
Burst_autosave_20260717_161911_499ms,Triceps long (L),L_TBlg,6,166.00476568657862,174.00476568657862,198.36457505915283,,,none,30.0,30,1,monophasic
Burst_autosave_20260717_161911_499ms,Triceps long (L),L_TBlg,7,199.36457505915283,207.36457505915283,231.72438443172706,,,none,30.0,30,1,monophasic
Burst_autosave_20260717_161911_499ms,Triceps long (L),L_TBlg,8,232.72438443172706,240.72438443172706,265.08419380430126,,,none,30.0,30,1,monophasic
Burst_autosave_20260717_161911_499ms,Triceps long (L),L_TBlg,9,266.08419380430126,274.08419380430126,298.444003176875,,,none,30.0,30,1,monophasic
Burst_autosave_20260717_161911_499ms,Triceps long (L),L_TBlg,10,299.444003176875,307.444003176875,331.8038125494492,,,none,30.0,30,1,monophasic
Burst_autosave_20260717_161911_499ms,Triceps long (L),L_TBlg,1,0.0,8.0,32.359809372573764,,,none,30.0,35,1,monophasic
Burst_autosave_20260717_161911_499ms,Triceps long (L),L_TBlg,2,33.359809372573764,41.359809372573764,65.71961874514798,,,none,30.0,35,1,monophasic
Burst_autosave_20260717_161911_499ms,Triceps long (L),L_TBlg,3,66.71961874514798,74.71961874514798,98.28514694143064,,,none,30.0,35,1,monophasic
Burst_autosave_20260717_161911_499ms,Triceps long (L),L_TBlg,4,99.28514694143064,107.28514694143064,131.64495631400484,,,none,30.0,35,1,monophasic
Burst_autosave_20260717_161911_499ms,Triceps long (L),L_TBlg,5,132.64495631400484,140.64495631400484,165.00476568657862,,,none,30.0,35,1,monophasic
Burst_autosave_20260717_161911_499ms,Triceps long (L),L_TBlg,6,166.00476568657862,174.00476568657862,198.36457505915283,,,none,30.0,35,1,monophasic
Burst_autosave_20260717_161911_499ms,Triceps long (L),L_TBlg,7,199.36457505915283,207.36457505915283,231.72438443172706,,,none,30.0,35,1,monophasic
Burst_autosave_20260717_161911_499ms,Triceps long (L),L_TBlg,8,232.72438443172706,240.72438443172706,265.08419380430126,,,none,30.0,35,1,monophasic
Burst_autosave_20260717_161911_499ms,Triceps long (L),L_TBlg,9,266.08419380430126,274.08419380430126,298.444003176875,,,none,30.0,35,1,monophasic
Burst_autosave_20260717_161911_499ms,Triceps long (L),L_TBlg,10,299.444003176875,307.444003176875,331.8038125494492,,,none,30.0,35,1,monophasic
Burst_autosave_20260717_161911_499ms,Triceps long (L),L_TBlg,1,0.0,8.0,32.359809372573764,,,none,30.0,40,1,monophasic
Burst_autosave_20260717_161911_499ms,Triceps long (L),L_TBlg,2,33.359809372573764,41.359809372573764,65.71961874514798,,,none,30.0,40,1,monophasic
Burst_autosave_20260717_161911_499ms,Triceps long (L),L_TBlg,3,66.71961874514798,74.71961874514798,98.28514694143064,,,none,30.0,40,1,monophasic
Burst_autosave_20260717_161911_499ms,Triceps long (L),L_TBlg,4,99.28514694143064,107.28514694143064,131.64495631400484,,,none,30.0,40,1,monophasic
Burst_autosave_20260717_161911_499ms,Triceps long (L),L_TBlg,5,132.64495631400484,140.64495631400484,165.00476568657862,,,none,30.0,40,1,monophasic
Burst_autosave_20260717_161911_499ms,Triceps long (L),L_TBlg,6,166.00476568657862,174.00476568657862,198.36457505915283,,,none,30.0,40,1,monophasic
Burst_autosave_20260717_161911_499ms,Triceps long (L),L_TBlg,7,199.36457505915283,207.36457505915283,231.72438443172706,,,none,30.0,40,1,monophasic
Burst_autosave_20260717_161911_499ms,Triceps long (L),L_TBlg,8,232.72438443172706,240.72438443172706,265.08419380430126,,,none,30.0,40,1,monophasic
Burst_autosave_20260717_161911_499ms,Triceps long (L),L_TBlg,9,266.08419380430126,274.08419380430126,298.444003176875,,,none,30.0,40,1,monophasic
Burst_autosave_20260717_161911_499ms,Triceps long (L),L_TBlg,10,299.444003176875,307.444003176875,331.8038125494492,,,none,30.0,40,1,monophasic
Burst_autosave_20260717_161911_499ms,Triceps long (L),L_TBlg,1,0.0,8.0,32.359809372573764,,,none,30.0,45,1,monophasic
Burst_autosave_20260717_161911_499ms,Triceps long (L),L_TBlg,2,33.359809372573764,41.359809372573764,65.71961874514798,,,none,30.0,45,1,monophasic
Burst_autosave_20260717_161911_499ms,Triceps long (L),L_TBlg,3,66.71961874514798,74.71961874514798,98.28514694143064,,,none,30.0,45,1,monophasic
Burst_autosave_20260717_161911_499ms,Triceps long (L),L_TBlg,4,99.28514694143064,107.28514694143064,131.64495631400484,,,none,30.0,45,1,monophasic
Burst_autosave_20260717_161911_499ms,Triceps long (L),L_TBlg,5,132.64495631400484,140.64495631400484,165.00476568657862,,,none,30.0,45,1,monophasic
Burst_autosave_20260717_161911_499ms,Triceps long (L),L_TBlg,6,166.00476568657862,174.00476568657862,198.36457505915283,,,none,30.0,45,1,monophasic
Burst_autosave_20260717_161911_499ms,Triceps long (L),L_TBlg,7,199.36457505915283,207.36457505915283,231.72438443172706,,,none,30.0,45,1,monophasic
Burst_autosave_20260717_161911_499ms,Triceps long (L),L_TBlg,8,232.72438443172706,240.72438443172706,265.08419380430126,,,none,30.0,45,1,monophasic
Burst_autosave_20260717_161911_499ms,Triceps long (L),L_TBlg,9,266.08419380430126,274.08419380430126,298.444003176875,,,none,30.0,45,1,monophasic
Burst_autosave_20260717_161911_499ms,Triceps long (L),L_TBlg,10,299.444003176875,307.444003176875,331.8038125494492,,,none,30.0,45,1,monophasic
Burst_autosave_20260717_161911_499ms,Thenar (L),L_The_ED_FD_FCR A,1,0.0,8.0,32.359809372573764,,,none,30.0,10,1,monophasic
Burst_autosave_20260717_161911_499ms,Thenar (L),L_The_ED_FD_FCR A,2,33.359809372573764,41.359809372573764,65.71961874514798,,,none,30.0,10,1,monophasic
Burst_autosave_20260717_161911_499ms,Thenar (L),L_The_ED_FD_FCR A,3,66.71961874514798,74.71961874514798,98.28514694143064,,,none,30.0,10,1,monophasic
Burst_autosave_20260717_161911_499ms,Thenar (L),L_The_ED_FD_FCR A,4,99.28514694143064,107.28514694143064,131.64495631400484,,,none,30.0,10,1,monophasic
Burst_autosave_20260717_161911_499ms,Thenar (L),L_The_ED_FD_FCR A,5,132.64495631400484,140.64495631400484,165.00476568657862,,,none,30.0,10,1,monophasic
Burst_autosave_20260717_161911_499ms,Thenar (L),L_The_ED_FD_FCR A,6,166.00476568657862,174.00476568657862,198.36457505915283,,,none,30.0,10,1,monophasic
Burst_autosave_20260717_161911_499ms,Thenar (L),L_The_ED_FD_FCR A,7,199.36457505915283,207.36457505915283,231.72438443172706,,,none,30.0,10,1,monophasic
Burst_autosave_20260717_161911_499ms,Thenar (L),L_The_ED_FD_FCR A,8,232.72438443172706,240.72438443172706,265.08419380430126,,,none,30.0,10,1,monophasic
Burst_autosave_20260717_161911_499ms,Thenar (L),L_The_ED_FD_FCR A,9,266.08419380430126,274.08419380430126,298.444003176875,,,none,30.0,10,1,monophasic
Burst_autosave_20260717_161911_499ms,Thenar (L),L_The_ED_FD_FCR A,10,299.444003176875,307.444003176875,331.8038125494492,,,none,30.0,10,1,monophasic
Burst_autosave_20260717_161911_499ms,Thenar (L),L_The_ED_FD_FCR A,1,0.0,8.0,32.359809372573764,,,none,30.0,15,1,monophasic
Burst_autosave_20260717_161911_499ms,Thenar (L),L_The_ED_FD_FCR A,2,33.359809372573764,41.359809372573764,65.71961874514798,,,none,30.0,15,1,monophasic
Burst_autosave_20260717_161911_499ms,Thenar (L),L_The_ED_FD_FCR A,3,66.71961874514798,74.71961874514798,98.28514694143064,,,none,30.0,15,1,monophasic
Burst_autosave_20260717_161911_499ms,Thenar (L),L_The_ED_FD_FCR A,4,99.28514694143064,107.28514694143064,131.64495631400484,,,none,30.0,15,1,monophasic
Burst_autosave_20260717_161911_499ms,Thenar (L),L_The_ED_FD_FCR A,5,132.64495631400484,140.64495631400484,165.00476568657862,,,none,30.0,15,1,monophasic
Burst_autosave_20260717_161911_499ms,Thenar (L),L_The_ED_FD_FCR A,6,166.00476568657862,174.00476568657862,198.36457505915283,,,none,30.0,15,1,monophasic
Burst_autosave_20260717_161911_499ms,Thenar (L),L_The_ED_FD_FCR A,7,199.36457505915283,207.36457505915283,231.72438443172706,,,none,30.0,15,1,monophasic
Burst_autosave_20260717_161911_499ms,Thenar (L),L_The_ED_FD_FCR A,8,232.72438443172706,240.72438443172706,265.08419380430126,,,none,30.0,15,1,monophasic
Burst_autosave_20260717_161911_499ms,Thenar (L),L_The_ED_FD_FCR A,9,266.08419380430126,274.08419380430126,298.444003176875,,,none,30.0,15,1,monophasic
Burst_autosave_20260717_161911_499ms,Thenar (L),L_The_ED_FD_FCR A,10,299.444003176875,307.444003176875,331.8038125494492,,,none,30.0,15,1,monophasic
Burst_autosave_20260717_161911_499ms,Thenar (L),L_The_ED_FD_FCR A,1,0.0,8.0,32.359809372573764,,,none,30.0,20,1,monophasic
Burst_autosave_20260717_161911_499ms,Thenar (L),L_The_ED_FD_FCR A,2,33.359809372573764,41.359809372573764,65.71961874514798,,,none,30.0,20,1,monophasic
Burst_autosave_20260717_161911_499ms,Thenar (L),L_The_ED_FD_FCR A,3,66.71961874514798,74.71961874514798,98.28514694143064,,,none,30.0,20,1,monophasic
Burst_autosave_20260717_161911_499ms,Thenar (L),L_The_ED_FD_FCR A,4,99.28514694143064,107.28514694143064,131.64495631400484,,,none,30.0,20,1,monophasic
Burst_autosave_20260717_161911_499ms,Thenar (L),L_The_ED_FD_FCR A,5,132.64495631400484,140.64495631400484,165.00476568657862,,,none,30.0,20,1,monophasic
Burst_autosave_20260717_161911_499ms,Thenar (L),L_The_ED_FD_FCR A,6,166.00476568657862,174.00476568657862,198.36457505915283,,,none,30.0,20,1,monophasic
Burst_autosave_20260717_161911_499ms,Thenar (L),L_The_ED_FD_FCR A,7,199.36457505915283,207.36457505915283,231.72438443172706,,,none,30.0,20,1,monophasic
Burst_autosave_20260717_161911_499ms,Thenar (L),L_The_ED_FD_FCR A,8,232.72438443172706,240.72438443172706,265.08419380430126,,,none,30.0,20,1,monophasic
Burst_autosave_20260717_161911_499ms,Thenar (L),L_The_ED_FD_FCR A,9,266.08419380430126,274.08419380430126,298.444003176875,,,none,30.0,20,1,monophasic
Burst_autosave_20260717_161911_499ms,Thenar (L),L_The_ED_FD_FCR A,10,299.444003176875,307.444003176875,331.8038125494492,,,none,30.0,20,1,monophasic
Burst_autosave_20260717_161911_499ms,Thenar (L),L_The_ED_FD_FCR A,1,0.0,8.0,32.359809372573764,,,none,30.0,25,1,monophasic
Burst_autosave_20260717_161911_499ms,Thenar (L),L_The_ED_FD_FCR A,2,33.359809372573764,41.359809372573764,65.71961874514798,,,none,30.0,25,1,monophasic
Burst_autosave_20260717_161911_499ms,Thenar (L),L_The_ED_FD_FCR A,3,66.71961874514798,74.71961874514798,98.28514694143064,,,none,30.0,25,1,monophasic
Burst_autosave_20260717_161911_499ms,Thenar (L),L_The_ED_FD_FCR A,4,99.28514694143064,107.28514694143064,131.64495631400484,,,none,30.0,25,1,monophasic
Burst_autosave_20260717_161911_499ms,Thenar (L),L_The_ED_FD_FCR A,5,132.64495631400484,140.64495631400484,165.00476568657862,,,none,30.0,25,1,monophasic
Burst_autosave_20260717_161911_499ms,Thenar (L),L_The_ED_FD_FCR A,6,166.00476568657862,174.00476568657862,198.36457505915283,,,none,30.0,25,1,monophasic
Burst_autosave_20260717_161911_499ms,Thenar (L),L_The_ED_FD_FCR A,7,199.36457505915283,207.36457505915283,231.72438443172706,,,none,30.0,25,1,monophasic
Burst_autosave_20260717_161911_499ms,Thenar (L),L_The_ED_FD_FCR A,8,232.72438443172706,240.72438443172706,265.08419380430126,,,none,30.0,25,1,monophasic
Burst_autosave_20260717_161911_499ms,Thenar (L),L_The_ED_FD_FCR A,9,266.08419380430126,274.08419380430126,298.444003176875,,,none,30.0,25,1,monophasic
Burst_autosave_20260717_161911_499ms,Thenar (L),L_The_ED_FD_FCR A,10,299.444003176875,307.444003176875,331.8038125494492,,,none,30.0,25,1,monophasic
Burst_autosave_20260717_161911_499ms,Thenar (L),L_The_ED_FD_FCR A,1,0.0,8.0,32.359809372573764,,,none,30.0,30,1,monophasic
Burst_autosave_20260717_161911_499ms,Thenar (L),L_The_ED_FD_FCR A,2,33.359809372573764,41.359809372573764,65.71961874514798,,,none,30.0,30,1,monophasic
Burst_autosave_20260717_161911_499ms,Thenar (L),L_The_ED_FD_FCR A,3,66.71961874514798,74.71961874514798,98.28514694143064,,,none,30.0,30,1,monophasic
Burst_autosave_20260717_161911_499ms,Thenar (L),L_The_ED_FD_FCR A,4,99.28514694143064,107.28514694143064,131.64495631400484,,,none,30.0,30,1,monophasic
Burst_autosave_20260717_161911_499ms,Thenar (L),L_The_ED_FD_FCR A,5,132.64495631400484,140.64495631400484,165.00476568657862,,,none,30.0,30,1,monophasic
Burst_autosave_20260717_161911_499ms,Thenar (L),L_The_ED_FD_FCR A,6,166.00476568657862,174.00476568657862,198.36457505915283,,,none,30.0,30,1,monophasic
Burst_autosave_20260717_161911_499ms,Thenar (L),L_The_ED_FD_FCR A,7,199.36457505915283,207.36457505915283,231.72438443172706,,,none,30.0,30,1,monophasic
Burst_autosave_20260717_161911_499ms,Thenar (L),L_The_ED_FD_FCR A,8,232.72438443172706,240.72438443172706,265.08419380430126,,,none,30.0,30,1,monophasic
Burst_autosave_20260717_161911_499ms,Thenar (L),L_The_ED_FD_FCR A,9,266.08419380430126,274.08419380430126,298.444003176875,,,none,30.0,30,1,monophasic
Burst_autosave_20260717_161911_499ms,Thenar (L),L_The_ED_FD_FCR A,10,299.444003176875,307.444003176875,331.8038125494492,,,none,30.0,30,1,monophasic
Burst_autosave_20260717_161911_499ms,Thenar (L),L_The_ED_FD_FCR A,1,0.0,8.0,32.359809372573764,,,none,30.0,35,1,monophasic
Burst_autosave_20260717_161911_499ms,Thenar (L),L_The_ED_FD_FCR A,2,33.359809372573764,41.359809372573764,65.71961874514798,,,none,30.0,35,1,monophasic
Burst_autosave_20260717_161911_499ms,Thenar (L),L_The_ED_FD_FCR A,3,66.71961874514798,74.71961874514798,98.28514694143064,,,none,30.0,35,1,monophasic
Burst_autosave_20260717_161911_499ms,Thenar (L),L_The_ED_FD_FCR A,4,99.28514694143064,107.28514694143064,131.64495631400484,,,none,30.0,35,1,monophasic
Burst_autosave_20260717_161911_499ms,Thenar (L),L_The_ED_FD_FCR A,5,132.64495631400484,140.64495631400484,165.00476568657862,,,none,30.0,35,1,monophasic
Burst_autosave_20260717_161911_499ms,Thenar (L),L_The_ED_FD_FCR A,6,166.00476568657862,174.00476568657862,198.36457505915283,,,none,30.0,35,1,monophasic
Burst_autosave_20260717_161911_499ms,Thenar (L),L_The_ED_FD_FCR A,7,199.36457505915283,207.36457505915283,231.72438443172706,,,none,30.0,35,1,monophasic
Burst_autosave_20260717_161911_499ms,Thenar (L),L_The_ED_FD_FCR A,8,232.72438443172706,240.72438443172706,265.08419380430126,,,none,30.0,35,1,monophasic
Burst_autosave_20260717_161911_499ms,Thenar (L),L_The_ED_FD_FCR A,9,266.08419380430126,274.08419380430126,298.444003176875,,,none,30.0,35,1,monophasic
Burst_autosave_20260717_161911_499ms,Thenar (L),L_The_ED_FD_FCR A,10,299.444003176875,307.444003176875,331.8038125494492,,,none,30.0,35,1,monophasic
Burst_autosave_20260717_161911_499ms,Thenar (L),L_The_ED_FD_FCR A,1,0.0,8.0,32.359809372573764,,,none,30.0,40,1,monophasic
Burst_autosave_20260717_161911_499ms,Thenar (L),L_The_ED_FD_FCR A,2,33.359809372573764,41.359809372573764,65.71961874514798,,,none,30.0,40,1,monophasic
Burst_autosave_20260717_161911_499ms,Thenar (L),L_The_ED_FD_FCR A,3,66.71961874514798,74.71961874514798,98.28514694143064,,,none,30.0,40,1,monophasic
Burst_autosave_20260717_161911_499ms,Thenar (L),L_The_ED_FD_FCR A,4,99.28514694143064,107.28514694143064,131.64495631400484,,,none,30.0,40,1,monophasic
Burst_autosave_20260717_161911_499ms,Thenar (L),L_The_ED_FD_FCR A,5,132.64495631400484,140.64495631400484,165.00476568657862,,,none,30.0,40,1,monophasic
Burst_autosave_20260717_161911_499ms,Thenar (L),L_The_ED_FD_FCR A,6,166.00476568657862,174.00476568657862,198.36457505915283,,,none,30.0,40,1,monophasic
Burst_autosave_20260717_161911_499ms,Thenar (L),L_The_ED_FD_FCR A,7,199.36457505915283,207.36457505915283,231.72438443172706,,,none,30.0,40,1,monophasic
Burst_autosave_20260717_161911_499ms,Thenar (L),L_The_ED_FD_FCR A,8,232.72438443172706,240.72438443172706,265.08419380430126,,,none,30.0,40,1,monophasic
Burst_autosave_20260717_161911_499ms,Thenar (L),L_The_ED_FD_FCR A,9,266.08419380430126,274.08419380430126,298.444003176875,,,none,30.0,40,1,monophasic
Burst_autosave_20260717_161911_499ms,Thenar (L),L_The_ED_FD_FCR A,10,299.444003176875,307.444003176875,331.8038125494492,,,none,30.0,40,1,monophasic
Burst_autosave_20260717_161911_499ms,Thenar (L),L_The_ED_FD_FCR A,1,0.0,8.0,32.359809372573764,,,none,30.0,45,1,monophasic
Burst_autosave_20260717_161911_499ms,Thenar (L),L_The_ED_FD_FCR A,2,33.359809372573764,41.359809372573764,65.71961874514798,,,none,30.0,45,1,monophasic
Burst_autosave_20260717_161911_499ms,Thenar (L),L_The_ED_FD_FCR A,3,66.71961874514798,74.71961874514798,98.28514694143064,,,none,30.0,45,1,monophasic
Burst_autosave_20260717_161911_499ms,Thenar (L),L_The_ED_FD_FCR A,4,99.28514694143064,107.28514694143064,131.64495631400484,,,none,30.0,45,1,monophasic
Burst_autosave_20260717_161911_499ms,Thenar (L),L_The_ED_FD_FCR A,5,132.64495631400484,140.64495631400484,165.00476568657862,,,none,30.0,45,1,monophasic
Burst_autosave_20260717_161911_499ms,Thenar (L),L_The_ED_FD_FCR A,6,166.00476568657862,174.00476568657862,198.36457505915283,,,none,30.0,45,1,monophasic
Burst_autosave_20260717_161911_499ms,Thenar (L),L_The_ED_FD_FCR A,7,199.36457505915283,207.36457505915283,231.72438443172706,,,none,30.0,45,1,monophasic
Burst_autosave_20260717_161911_499ms,Thenar (L),L_The_ED_FD_FCR A,8,232.72438443172706,240.72438443172706,265.08419380430126,,,none,30.0,45,1,monophasic
Burst_autosave_20260717_161911_499ms,Thenar (L),L_The_ED_FD_FCR A,9,266.08419380430126,274.08419380430126,298.444003176875,,,none,30.0,45,1,monophasic
Burst_autosave_20260717_161911_499ms,Thenar (L),L_The_ED_FD_FCR A,10,299.444003176875,307.444003176875,331.8038125494492,,,none,30.0,45,1,monophasic
Burst_autosave_20260717_161911_499ms,Ext. digitorum (L),L_The_ED_FD_FCR B,1,0.0,8.0,32.359809372573764,,,none,30.0,10,1,monophasic
Burst_autosave_20260717_161911_499ms,Ext. digitorum (L),L_The_ED_FD_FCR B,2,33.359809372573764,41.359809372573764,65.71961874514798,,,none,30.0,10,1,monophasic
Burst_autosave_20260717_161911_499ms,Ext. digitorum (L),L_The_ED_FD_FCR B,3,66.71961874514798,74.71961874514798,98.28514694143064,,,none,30.0,10,1,monophasic
Burst_autosave_20260717_161911_499ms,Ext. digitorum (L),L_The_ED_FD_FCR B,4,99.28514694143064,107.28514694143064,131.64495631400484,,,none,30.0,10,1,monophasic
Burst_autosave_20260717_161911_499ms,Ext. digitorum (L),L_The_ED_FD_FCR B,5,132.64495631400484,140.64495631400484,165.00476568657862,,,none,30.0,10,1,monophasic
Burst_autosave_20260717_161911_499ms,Ext. digitorum (L),L_The_ED_FD_FCR B,6,166.00476568657862,174.00476568657862,198.36457505915283,,,none,30.0,10,1,monophasic
Burst_autosave_20260717_161911_499ms,Ext. digitorum (L),L_The_ED_FD_FCR B,7,199.36457505915283,207.36457505915283,231.72438443172706,,,none,30.0,10,1,monophasic
Burst_autosave_20260717_161911_499ms,Ext. digitorum (L),L_The_ED_FD_FCR B,8,232.72438443172706,240.72438443172706,265.08419380430126,,,none,30.0,10,1,monophasic
Burst_autosave_20260717_161911_499ms,Ext. digitorum (L),L_The_ED_FD_FCR B,9,266.08419380430126,274.08419380430126,298.444003176875,,,none,30.0,10,1,monophasic
Burst_autosave_20260717_161911_499ms,Ext. digitorum (L),L_The_ED_FD_FCR B,10,299.444003176875,307.444003176875,331.8038125494492,,,none,30.0,10,1,monophasic
Burst_autosave_20260717_161911_499ms,Ext. digitorum (L),L_The_ED_FD_FCR B,1,0.0,8.0,32.359809372573764,,,none,30.0,15,1,monophasic
Burst_autosave_20260717_161911_499ms,Ext. digitorum (L),L_The_ED_FD_FCR B,2,33.359809372573764,41.359809372573764,65.71961874514798,,,none,30.0,15,1,monophasic
Burst_autosave_20260717_161911_499ms,Ext. digitorum (L),L_The_ED_FD_FCR B,3,66.71961874514798,74.71961874514798,98.28514694143064,,,none,30.0,15,1,monophasic
Burst_autosave_20260717_161911_499ms,Ext. digitorum (L),L_The_ED_FD_FCR B,4,99.28514694143064,107.28514694143064,131.64495631400484,,,none,30.0,15,1,monophasic
Burst_autosave_20260717_161911_499ms,Ext. digitorum (L),L_The_ED_FD_FCR B,5,132.64495631400484,140.64495631400484,165.00476568657862,,,none,30.0,15,1,monophasic
Burst_autosave_20260717_161911_499ms,Ext. digitorum (L),L_The_ED_FD_FCR B,6,166.00476568657862,174.00476568657862,198.36457505915283,,,none,30.0,15,1,monophasic
Burst_autosave_20260717_161911_499ms,Ext. digitorum (L),L_The_ED_FD_FCR B,7,199.36457505915283,207.36457505915283,231.72438443172706,,,none,30.0,15,1,monophasic
Burst_autosave_20260717_161911_499ms,Ext. digitorum (L),L_The_ED_FD_FCR B,8,232.72438443172706,240.72438443172706,265.08419380430126,,,none,30.0,15,1,monophasic
Burst_autosave_20260717_161911_499ms,Ext. digitorum (L),L_The_ED_FD_FCR B,9,266.08419380430126,274.08419380430126,298.444003176875,,,none,30.0,15,1,monophasic
Burst_autosave_20260717_161911_499ms,Ext. digitorum (L),L_The_ED_FD_FCR B,10,299.444003176875,307.444003176875,331.8038125494492,,,none,30.0,15,1,monophasic
Burst_autosave_20260717_161911_499ms,Ext. digitorum (L),L_The_ED_FD_FCR B,1,0.0,8.0,32.359809372573764,,,none,30.0,20,1,monophasic
Burst_autosave_20260717_161911_499ms,Ext. digitorum (L),L_The_ED_FD_FCR B,2,33.359809372573764,41.359809372573764,65.71961874514798,,,none,30.0,20,1,monophasic
Burst_autosave_20260717_161911_499ms,Ext. digitorum (L),L_The_ED_FD_FCR B,3,66.71961874514798,74.71961874514798,98.28514694143064,,,none,30.0,20,1,monophasic
Burst_autosave_20260717_161911_499ms,Ext. digitorum (L),L_The_ED_FD_FCR B,4,99.28514694143064,107.28514694143064,131.64495631400484,,,none,30.0,20,1,monophasic
Burst_autosave_20260717_161911_499ms,Ext. digitorum (L),L_The_ED_FD_FCR B,5,132.64495631400484,140.64495631400484,165.00476568657862,,,none,30.0,20,1,monophasic
Burst_autosave_20260717_161911_499ms,Ext. digitorum (L),L_The_ED_FD_FCR B,6,166.00476568657862,174.00476568657862,198.36457505915283,,,none,30.0,20,1,monophasic
Burst_autosave_20260717_161911_499ms,Ext. digitorum (L),L_The_ED_FD_FCR B,7,199.36457505915283,207.36457505915283,231.72438443172706,,,none,30.0,20,1,monophasic
Burst_autosave_20260717_161911_499ms,Ext. digitorum (L),L_The_ED_FD_FCR B,8,232.72438443172706,240.72438443172706,265.08419380430126,,,none,30.0,20,1,monophasic
Burst_autosave_20260717_161911_499ms,Ext. digitorum (L),L_The_ED_FD_FCR B,9,266.08419380430126,274.08419380430126,298.444003176875,,,none,30.0,20,1,monophasic
Burst_autosave_20260717_161911_499ms,Ext. digitorum (L),L_The_ED_FD_FCR B,10,299.444003176875,307.444003176875,331.8038125494492,,,none,30.0,20,1,monophasic
Burst_autosave_20260717_161911_499ms,Ext. digitorum (L),L_The_ED_FD_FCR B,1,0.0,8.0,32.359809372573764,,,none,30.0,25,1,monophasic
Burst_autosave_20260717_161911_499ms,Ext. digitorum (L),L_The_ED_FD_FCR B,2,33.359809372573764,41.359809372573764,65.71961874514798,,,none,30.0,25,1,monophasic
Burst_autosave_20260717_161911_499ms,Ext. digitorum (L),L_The_ED_FD_FCR B,3,66.71961874514798,74.71961874514798,98.28514694143064,,,none,30.0,25,1,monophasic
Burst_autosave_20260717_161911_499ms,Ext. digitorum (L),L_The_ED_FD_FCR B,4,99.28514694143064,107.28514694143064,131.64495631400484,,,none,30.0,25,1,monophasic
Burst_autosave_20260717_161911_499ms,Ext. digitorum (L),L_The_ED_FD_FCR B,5,132.64495631400484,140.64495631400484,165.00476568657862,,,none,30.0,25,1,monophasic
Burst_autosave_20260717_161911_499ms,Ext. digitorum (L),L_The_ED_FD_FCR B,6,166.00476568657862,174.00476568657862,198.36457505915283,,,none,30.0,25,1,monophasic
Burst_autosave_20260717_161911_499ms,Ext. digitorum (L),L_The_ED_FD_FCR B,7,199.36457505915283,207.36457505915283,231.72438443172706,,,none,30.0,25,1,monophasic
Burst_autosave_20260717_161911_499ms,Ext. digitorum (L),L_The_ED_FD_FCR B,8,232.72438443172706,240.72438443172706,265.08419380430126,,,none,30.0,25,1,monophasic
Burst_autosave_20260717_161911_499ms,Ext. digitorum (L),L_The_ED_FD_FCR B,9,266.08419380430126,274.08419380430126,298.444003176875,,,none,30.0,25,1,monophasic
Burst_autosave_20260717_161911_499ms,Ext. digitorum (L),L_The_ED_FD_FCR B,10,299.444003176875,307.444003176875,331.8038125494492,,,none,30.0,25,1,monophasic
Burst_autosave_20260717_161911_499ms,Ext. digitorum (L),L_The_ED_FD_FCR B,1,0.0,8.0,32.359809372573764,,,none,30.0,30,1,monophasic
Burst_autosave_20260717_161911_499ms,Ext. digitorum (L),L_The_ED_FD_FCR B,2,33.359809372573764,41.359809372573764,65.71961874514798,,,none,30.0,30,1,monophasic
Burst_autosave_20260717_161911_499ms,Ext. digitorum (L),L_The_ED_FD_FCR B,3,66.71961874514798,74.71961874514798,98.28514694143064,,,none,30.0,30,1,monophasic
Burst_autosave_20260717_161911_499ms,Ext. digitorum (L),L_The_ED_FD_FCR B,4,99.28514694143064,107.28514694143064,131.64495631400484,,,none,30.0,30,1,monophasic
Burst_autosave_20260717_161911_499ms,Ext. digitorum (L),L_The_ED_FD_FCR B,5,132.64495631400484,140.64495631400484,165.00476568657862,,,none,30.0,30,1,monophasic
Burst_autosave_20260717_161911_499ms,Ext. digitorum (L),L_The_ED_FD_FCR B,6,166.00476568657862,174.00476568657862,198.36457505915283,,,none,30.0,30,1,monophasic
Burst_autosave_20260717_161911_499ms,Ext. digitorum (L),L_The_ED_FD_FCR B,7,199.36457505915283,207.36457505915283,231.72438443172706,,,none,30.0,30,1,monophasic
Burst_autosave_20260717_161911_499ms,Ext. digitorum (L),L_The_ED_FD_FCR B,8,232.72438443172706,240.72438443172706,265.08419380430126,,,none,30.0,30,1,monophasic
Burst_autosave_20260717_161911_499ms,Ext. digitorum (L),L_The_ED_FD_FCR B,9,266.08419380430126,274.08419380430126,298.444003176875,,,none,30.0,30,1,monophasic
Burst_autosave_20260717_161911_499ms,Ext. digitorum (L),L_The_ED_FD_FCR B,10,299.444003176875,307.444003176875,331.8038125494492,,,none,30.0,30,1,monophasic
Burst_autosave_20260717_161911_499ms,Ext. digitorum (L),L_The_ED_FD_FCR B,1,0.0,8.0,32.359809372573764,0.11548027768731117,0.11548027768731117,none,30.0,35,1,monophasic
Burst_autosave_20260717_161911_499ms,Ext. digitorum (L),L_The_ED_FD_FCR B,2,33.359809372573764,41.359809372573764,65.71961874514798,0.006713969865813851,0.006713969865813851,none,30.0,35,1,monophasic
Burst_autosave_20260717_161911_499ms,Ext. digitorum (L),L_The_ED_FD_FCR B,3,66.71961874514798,74.71961874514798,98.28514694143064,0.10708781704306602,0.10708781704306602,none,30.0,35,1,monophasic
Burst_autosave_20260717_161911_499ms,Ext. digitorum (L),L_The_ED_FD_FCR B,4,99.28514694143064,107.28514694143064,131.64495631400484,0.009231708478182554,0.009231708478182554,none,30.0,35,1,monophasic
Burst_autosave_20260717_161911_499ms,Ext. digitorum (L),L_The_ED_FD_FCR B,5,132.64495631400484,140.64495631400484,165.00476568657862,0.11363393813371658,0.11363393813371658,none,30.0,35,1,monophasic
Burst_autosave_20260717_161911_499ms,Ext. digitorum (L),L_The_ED_FD_FCR B,6,166.00476568657862,174.00476568657862,198.36457505915283,0.008056763792410493,0.008056763792410493,none,30.0,35,1,monophasic
Burst_autosave_20260717_161911_499ms,Ext. digitorum (L),L_The_ED_FD_FCR B,7,199.36457505915283,207.36457505915283,231.72438443172706,0.010406653163954616,0.010406653163954616,none,30.0,35,1,monophasic
Burst_autosave_20260717_161911_499ms,Ext. digitorum (L),L_The_ED_FD_FCR B,8,232.72438443172706,240.72438443172706,265.08419380430126,0.12152285501360893,0.12152285501360893,none,30.0,35,1,monophasic
Burst_autosave_20260717_161911_499ms,Ext. digitorum (L),L_The_ED_FD_FCR B,9,266.08419380430126,274.08419380430126,298.444003176875,0.012420844286680222,0.012420844286680222,none,30.0,35,1,monophasic
Burst_autosave_20260717_161911_499ms,Ext. digitorum (L),L_The_ED_FD_FCR B,10,299.444003176875,307.444003176875,331.8038125494492,0.11581597849726677,0.11581597849726677,none,30.0,35,1,monophasic
Burst_autosave_20260717_161911_499ms,Ext. digitorum (L),L_The_ED_FD_FCR B,1,0.0,8.0,32.359809372573764,0.11245899274945259,0.11245899274945259,none,30.0,40,1,monophasic
Burst_autosave_20260717_161911_499ms,Ext. digitorum (L),L_The_ED_FD_FCR B,2,33.359809372573764,41.359809372573764,65.71961874514798,0.09768825769424438,0.09768825769424438,none,30.0,40,1,monophasic
Burst_autosave_20260717_161911_499ms,Ext. digitorum (L),L_The_ED_FD_FCR B,3,66.71961874514798,74.71961874514798,98.28514694143064,0.09869535267353058,0.09869535267353058,none,30.0,40,1,monophasic
Burst_autosave_20260717_161911_499ms,Ext. digitorum (L),L_The_ED_FD_FCR B,4,99.28514694143064,107.28514694143064,131.64495631400484,0.10675211623311043,0.10675211623311043,none,30.0,40,1,monophasic
Burst_autosave_20260717_161911_499ms,Ext. digitorum (L),L_The_ED_FD_FCR B,5,132.64495631400484,140.64495631400484,165.00476568657862,0.09433127380907536,0.09433127380907536,none,30.0,40,1,monophasic
Burst_autosave_20260717_161911_499ms,Ext. digitorum (L),L_The_ED_FD_FCR B,6,166.00476568657862,174.00476568657862,198.36457505915283,0.09365987591445446,0.09365987591445446,none,30.0,40,1,monophasic
Burst_autosave_20260717_161911_499ms,Ext. digitorum (L),L_The_ED_FD_FCR B,7,199.36457505915283,207.36457505915283,231.72438443172706,0.10910200700163841,0.10910200700163841,none,30.0,40,1,monophasic
Burst_autosave_20260717_161911_499ms,Ext. digitorum (L),L_The_ED_FD_FCR B,8,232.72438443172706,240.72438443172706,265.08419380430126,0.08896009624004364,0.08896009624004364,none,30.0,40,1,monophasic
Burst_autosave_20260717_161911_499ms,Ext. digitorum (L),L_The_ED_FD_FCR B,9,266.08419380430126,274.08419380430126,298.444003176875,0.0795605406165123,0.0795605406165123,none,30.0,40,1,monophasic
Burst_autosave_20260717_161911_499ms,Ext. digitorum (L),L_The_ED_FD_FCR B,10,299.444003176875,307.444003176875,331.8038125494492,0.11296254023909569,0.11296254023909569,none,30.0,40,1,monophasic
Burst_autosave_20260717_161911_499ms,Ext. digitorum (L),L_The_ED_FD_FCR B,1,0.0,8.0,32.359809372573764,0.10608071833848953,0.10608071833848953,none,30.0,45,1,monophasic
Burst_autosave_20260717_161911_499ms,Ext. digitorum (L),L_The_ED_FD_FCR B,2,33.359809372573764,41.359809372573764,65.71961874514798,0.09030289016664028,0.09030289016664028,none,30.0,45,1,monophasic
Burst_autosave_20260717_161911_499ms,Ext. digitorum (L),L_The_ED_FD_FCR B,3,66.71961874514798,74.71961874514798,98.28514694143064,0.09768825769424438,0.09768825769424438,none,30.0,45,1,monophasic
Burst_autosave_20260717_161911_499ms,Ext. digitorum (L),L_The_ED_FD_FCR B,4,99.28514694143064,107.28514694143064,131.64495631400484,0.09802395477890968,0.09802395477890968,none,30.0,45,1,monophasic
Burst_autosave_20260717_161911_499ms,Ext. digitorum (L),L_The_ED_FD_FCR B,5,132.64495631400484,140.64495631400484,165.00476568657862,0.08694590628147125,0.08694590628147125,none,30.0,45,1,monophasic
Burst_autosave_20260717_161911_499ms,Ext. digitorum (L),L_The_ED_FD_FCR B,6,166.00476568657862,174.00476568657862,198.36457505915283,0.08308537490665913,0.08308537490665913,none,30.0,45,1,monophasic
Burst_autosave_20260717_161911_499ms,Ext. digitorum (L),L_The_ED_FD_FCR B,7,199.36457505915283,207.36457505915283,231.72438443172706,0.08526741340756416,0.08526741340756416,none,30.0,45,1,monophasic
Burst_autosave_20260717_161911_499ms,Ext. digitorum (L),L_The_ED_FD_FCR B,8,232.72438443172706,240.72438443172706,265.08419380430126,0.08929579704999924,0.08929579704999924,none,30.0,45,1,monophasic
Burst_autosave_20260717_161911_499ms,Ext. digitorum (L),L_The_ED_FD_FCR B,9,266.08419380430126,274.08419380430126,298.444003176875,0.07620355300605297,0.07620355300605297,none,30.0,45,1,monophasic
Burst_autosave_20260717_161911_499ms,Ext. digitorum (L),L_The_ED_FD_FCR B,10,299.444003176875,307.444003176875,331.8038125494492,0.0706645306199789,0.0706645306199789,none,30.0,45,1,monophasic
Burst_autosave_20260717_161911_499ms,Flex. digitorum (L),L_The_ED_FD_FCR C,1,0.0,8.0,32.359809372573764,,,none,30.0,10,1,monophasic
Burst_autosave_20260717_161911_499ms,Flex. digitorum (L),L_The_ED_FD_FCR C,2,33.359809372573764,41.359809372573764,65.71961874514798,,,none,30.0,10,1,monophasic
Burst_autosave_20260717_161911_499ms,Flex. digitorum (L),L_The_ED_FD_FCR C,3,66.71961874514798,74.71961874514798,98.28514694143064,,,none,30.0,10,1,monophasic
Burst_autosave_20260717_161911_499ms,Flex. digitorum (L),L_The_ED_FD_FCR C,4,99.28514694143064,107.28514694143064,131.64495631400484,,,none,30.0,10,1,monophasic
Burst_autosave_20260717_161911_499ms,Flex. digitorum (L),L_The_ED_FD_FCR C,5,132.64495631400484,140.64495631400484,165.00476568657862,,,none,30.0,10,1,monophasic
Burst_autosave_20260717_161911_499ms,Flex. digitorum (L),L_The_ED_FD_FCR C,6,166.00476568657862,174.00476568657862,198.36457505915283,,,none,30.0,10,1,monophasic
Burst_autosave_20260717_161911_499ms,Flex. digitorum (L),L_The_ED_FD_FCR C,7,199.36457505915283,207.36457505915283,231.72438443172706,,,none,30.0,10,1,monophasic
Burst_autosave_20260717_161911_499ms,Flex. digitorum (L),L_The_ED_FD_FCR C,8,232.72438443172706,240.72438443172706,265.08419380430126,,,none,30.0,10,1,monophasic
Burst_autosave_20260717_161911_499ms,Flex. digitorum (L),L_The_ED_FD_FCR C,9,266.08419380430126,274.08419380430126,298.444003176875,,,none,30.0,10,1,monophasic
Burst_autosave_20260717_161911_499ms,Flex. digitorum (L),L_The_ED_FD_FCR C,10,299.444003176875,307.444003176875,331.8038125494492,,,none,30.0,10,1,monophasic
Burst_autosave_20260717_161911_499ms,Flex. digitorum (L),L_The_ED_FD_FCR C,1,0.0,8.0,32.359809372573764,0.024170290678739548,0.024170290678739548,none,30.0,15,1,monophasic
Burst_autosave_20260717_161911_499ms,Flex. digitorum (L),L_The_ED_FD_FCR C,2,33.359809372573764,41.359809372573764,65.71961874514798,0.006378271384164691,0.006378271384164691,none,30.0,15,1,monophasic
Burst_autosave_20260717_161911_499ms,Flex. digitorum (L),L_The_ED_FD_FCR C,3,66.71961874514798,74.71961874514798,98.28514694143064,0.009399557719007134,0.009399557719007134,none,30.0,15,1,monophasic
Burst_autosave_20260717_161911_499ms,Flex. digitorum (L),L_The_ED_FD_FCR C,4,99.28514694143064,107.28514694143064,131.64495631400484,0.008056763792410493,0.008056763792410493,none,30.0,15,1,monophasic
Burst_autosave_20260717_161911_499ms,Flex. digitorum (L),L_The_ED_FD_FCR C,5,132.64495631400484,140.64495631400484,165.00476568657862,0.014099336694926023,0.014099336694926023,none,30.0,15,1,monophasic
Burst_autosave_20260717_161911_499ms,Flex. digitorum (L),L_The_ED_FD_FCR C,6,166.00476568657862,174.00476568657862,198.36457505915283,0.007385366829112172,0.007385366829112172,none,30.0,15,1,monophasic
Burst_autosave_20260717_161911_499ms,Flex. digitorum (L),L_The_ED_FD_FCR C,7,199.36457505915283,207.36457505915283,231.72438443172706,0.004364080261439085,0.004364080261439085,none,30.0,15,1,monophasic
Burst_autosave_20260717_161911_499ms,Flex. digitorum (L),L_The_ED_FD_FCR C,8,232.72438443172706,240.72438443172706,265.08419380430126,0.01812771800905466,0.01812771800905466,none,30.0,15,1,monophasic
Burst_autosave_20260717_161911_499ms,Flex. digitorum (L),L_The_ED_FD_FCR C,9,266.08419380430126,274.08419380430126,298.444003176875,0.01040665339678526,0.01040665339678526,none,30.0,15,1,monophasic
Burst_autosave_20260717_161911_499ms,Flex. digitorum (L),L_The_ED_FD_FCR C,10,299.444003176875,307.444003176875,331.8038125494492,0.006042572669684887,0.006042572669684887,none,30.0,15,1,monophasic
Burst_autosave_20260717_161911_499ms,Flex. digitorum (L),L_The_ED_FD_FCR C,1,0.0,8.0,32.359809372573764,,,none,30.0,20,1,monophasic
Burst_autosave_20260717_161911_499ms,Flex. digitorum (L),L_The_ED_FD_FCR C,2,33.359809372573764,41.359809372573764,65.71961874514798,,,none,30.0,20,1,monophasic
Burst_autosave_20260717_161911_499ms,Flex. digitorum (L),L_The_ED_FD_FCR C,3,66.71961874514798,74.71961874514798,98.28514694143064,,,none,30.0,20,1,monophasic
Burst_autosave_20260717_161911_499ms,Flex. digitorum (L),L_The_ED_FD_FCR C,4,99.28514694143064,107.28514694143064,131.64495631400484,,,none,30.0,20,1,monophasic
Burst_autosave_20260717_161911_499ms,Flex. digitorum (L),L_The_ED_FD_FCR C,5,132.64495631400484,140.64495631400484,165.00476568657862,,,none,30.0,20,1,monophasic
Burst_autosave_20260717_161911_499ms,Flex. digitorum (L),L_The_ED_FD_FCR C,6,166.00476568657862,174.00476568657862,198.36457505915283,,,none,30.0,20,1,monophasic
Burst_autosave_20260717_161911_499ms,Flex. digitorum (L),L_The_ED_FD_FCR C,7,199.36457505915283,207.36457505915283,231.72438443172706,,,none,30.0,20,1,monophasic
Burst_autosave_20260717_161911_499ms,Flex. digitorum (L),L_The_ED_FD_FCR C,8,232.72438443172706,240.72438443172706,265.08419380430126,,,none,30.0,20,1,monophasic
Burst_autosave_20260717_161911_499ms,Flex. digitorum (L),L_The_ED_FD_FCR C,9,266.08419380430126,274.08419380430126,298.444003176875,,,none,30.0,20,1,monophasic
Burst_autosave_20260717_161911_499ms,Flex. digitorum (L),L_The_ED_FD_FCR C,10,299.444003176875,307.444003176875,331.8038125494492,,,none,30.0,20,1,monophasic
Burst_autosave_20260717_161911_499ms,Flex. digitorum (L),L_The_ED_FD_FCR C,1,0.0,8.0,32.359809372573764,,,none,30.0,25,1,monophasic
Burst_autosave_20260717_161911_499ms,Flex. digitorum (L),L_The_ED_FD_FCR C,2,33.359809372573764,41.359809372573764,65.71961874514798,,,none,30.0,25,1,monophasic
Burst_autosave_20260717_161911_499ms,Flex. digitorum (L),L_The_ED_FD_FCR C,3,66.71961874514798,74.71961874514798,98.28514694143064,,,none,30.0,25,1,monophasic
Burst_autosave_20260717_161911_499ms,Flex. digitorum (L),L_The_ED_FD_FCR C,4,99.28514694143064,107.28514694143064,131.64495631400484,,,none,30.0,25,1,monophasic
Burst_autosave_20260717_161911_499ms,Flex. digitorum (L),L_The_ED_FD_FCR C,5,132.64495631400484,140.64495631400484,165.00476568657862,,,none,30.0,25,1,monophasic
Burst_autosave_20260717_161911_499ms,Flex. digitorum (L),L_The_ED_FD_FCR C,6,166.00476568657862,174.00476568657862,198.36457505915283,,,none,30.0,25,1,monophasic
Burst_autosave_20260717_161911_499ms,Flex. digitorum (L),L_The_ED_FD_FCR C,7,199.36457505915283,207.36457505915283,231.72438443172706,,,none,30.0,25,1,monophasic
Burst_autosave_20260717_161911_499ms,Flex. digitorum (L),L_The_ED_FD_FCR C,8,232.72438443172706,240.72438443172706,265.08419380430126,,,none,30.0,25,1,monophasic
Burst_autosave_20260717_161911_499ms,Flex. digitorum (L),L_The_ED_FD_FCR C,9,266.08419380430126,274.08419380430126,298.444003176875,,,none,30.0,25,1,monophasic
Burst_autosave_20260717_161911_499ms,Flex. digitorum (L),L_The_ED_FD_FCR C,10,299.444003176875,307.444003176875,331.8038125494492,,,none,30.0,25,1,monophasic
Burst_autosave_20260717_161911_499ms,Flex. digitorum (L),L_The_ED_FD_FCR C,1,0.0,8.0,32.359809372573764,,,none,30.0,30,1,monophasic
Burst_autosave_20260717_161911_499ms,Flex. digitorum (L),L_The_ED_FD_FCR C,2,33.359809372573764,41.359809372573764,65.71961874514798,,,none,30.0,30,1,monophasic
Burst_autosave_20260717_161911_499ms,Flex. digitorum (L),L_The_ED_FD_FCR C,3,66.71961874514798,74.71961874514798,98.28514694143064,,,none,30.0,30,1,monophasic
Burst_autosave_20260717_161911_499ms,Flex. digitorum (L),L_The_ED_FD_FCR C,4,99.28514694143064,107.28514694143064,131.64495631400484,,,none,30.0,30,1,monophasic
Burst_autosave_20260717_161911_499ms,Flex. digitorum (L),L_The_ED_FD_FCR C,5,132.64495631400484,140.64495631400484,165.00476568657862,,,none,30.0,30,1,monophasic
Burst_autosave_20260717_161911_499ms,Flex. digitorum (L),L_The_ED_FD_FCR C,6,166.00476568657862,174.00476568657862,198.36457505915283,,,none,30.0,30,1,monophasic
Burst_autosave_20260717_161911_499ms,Flex. digitorum (L),L_The_ED_FD_FCR C,7,199.36457505915283,207.36457505915283,231.72438443172706,,,none,30.0,30,1,monophasic
Burst_autosave_20260717_161911_499ms,Flex. digitorum (L),L_The_ED_FD_FCR C,8,232.72438443172706,240.72438443172706,265.08419380430126,,,none,30.0,30,1,monophasic
Burst_autosave_20260717_161911_499ms,Flex. digitorum (L),L_The_ED_FD_FCR C,9,266.08419380430126,274.08419380430126,298.444003176875,,,none,30.0,30,1,monophasic
Burst_autosave_20260717_161911_499ms,Flex. digitorum (L),L_The_ED_FD_FCR C,10,299.444003176875,307.444003176875,331.8038125494492,,,none,30.0,30,1,monophasic
Burst_autosave_20260717_161911_499ms,Flex. digitorum (L),L_The_ED_FD_FCR C,1,0.0,8.0,32.359809372573764,,,none,30.0,35,1,monophasic
Burst_autosave_20260717_161911_499ms,Flex. digitorum (L),L_The_ED_FD_FCR C,2,33.359809372573764,41.359809372573764,65.71961874514798,,,none,30.0,35,1,monophasic
Burst_autosave_20260717_161911_499ms,Flex. digitorum (L),L_The_ED_FD_FCR C,3,66.71961874514798,74.71961874514798,98.28514694143064,,,none,30.0,35,1,monophasic
Burst_autosave_20260717_161911_499ms,Flex. digitorum (L),L_The_ED_FD_FCR C,4,99.28514694143064,107.28514694143064,131.64495631400484,,,none,30.0,35,1,monophasic
Burst_autosave_20260717_161911_499ms,Flex. digitorum (L),L_The_ED_FD_FCR C,5,132.64495631400484,140.64495631400484,165.00476568657862,,,none,30.0,35,1,monophasic
Burst_autosave_20260717_161911_499ms,Flex. digitorum (L),L_The_ED_FD_FCR C,6,166.00476568657862,174.00476568657862,198.36457505915283,,,none,30.0,35,1,monophasic
Burst_autosave_20260717_161911_499ms,Flex. digitorum (L),L_The_ED_FD_FCR C,7,199.36457505915283,207.36457505915283,231.72438443172706,,,none,30.0,35,1,monophasic
Burst_autosave_20260717_161911_499ms,Flex. digitorum (L),L_The_ED_FD_FCR C,8,232.72438443172706,240.72438443172706,265.08419380430126,,,none,30.0,35,1,monophasic
Burst_autosave_20260717_161911_499ms,Flex. digitorum (L),L_The_ED_FD_FCR C,9,266.08419380430126,274.08419380430126,298.444003176875,,,none,30.0,35,1,monophasic
Burst_autosave_20260717_161911_499ms,Flex. digitorum (L),L_The_ED_FD_FCR C,10,299.444003176875,307.444003176875,331.8038125494492,,,none,30.0,35,1,monophasic
Burst_autosave_20260717_161911_499ms,Flex. digitorum (L),L_The_ED_FD_FCR C,1,0.0,8.0,32.359809372573764,0.033569847233593464,0.033569847233593464,none,30.0,40,1,monophasic
Burst_autosave_20260717_161911_499ms,Flex. digitorum (L),L_The_ED_FD_FCR C,2,33.359809372573764,41.359809372573764,65.71961874514798,0.01846341649070382,0.01846341649070382,none,30.0,40,1,monophasic
Burst_autosave_20260717_161911_499ms,Flex. digitorum (L),L_The_ED_FD_FCR C,3,66.71961874514798,74.71961874514798,98.28514694143064,0.022491798736155033,0.022491798736155033,none,30.0,40,1,monophasic
Burst_autosave_20260717_161911_499ms,Flex. digitorum (L),L_The_ED_FD_FCR C,4,99.28514694143064,107.28514694143064,131.64495631400484,0.033066301606595516,0.033066301606595516,none,30.0,40,1,monophasic
Burst_autosave_20260717_161911_499ms,Flex. digitorum (L),L_The_ED_FD_FCR C,5,132.64495631400484,140.64495631400484,165.00476568657862,0.028702220879495144,0.028702220879495144,none,30.0,40,1,monophasic
Burst_autosave_20260717_161911_499ms,Flex. digitorum (L),L_The_ED_FD_FCR C,6,166.00476568657862,174.00476568657862,198.36457505915283,0.02484168764203787,0.02484168764203787,none,30.0,40,1,monophasic
Burst_autosave_20260717_161911_499ms,Flex. digitorum (L),L_The_ED_FD_FCR C,7,199.36457505915283,207.36457505915283,231.72438443172706,0.021484702825546265,0.021484702825546265,none,30.0,40,1,monophasic
Burst_autosave_20260717_161911_499ms,Flex. digitorum (L),L_The_ED_FD_FCR C,8,232.72438443172706,240.72438443172706,265.08419380430126,0.03457694314420223,0.03457694314420223,none,30.0,40,1,monophasic
Burst_autosave_20260717_161911_499ms,Flex. digitorum (L),L_The_ED_FD_FCR C,9,266.08419380430126,274.08419380430126,298.444003176875,0.018631265964359045,0.018631265964359045,none,30.0,40,1,monophasic
Burst_autosave_20260717_161911_499ms,Flex. digitorum (L),L_The_ED_FD_FCR C,10,299.444003176875,307.444003176875,331.8038125494492,0.020309758372604847,0.020309758372604847,none,30.0,40,1,monophasic
Burst_autosave_20260717_161911_499ms,Flex. digitorum (L),L_The_ED_FD_FCR C,1,0.0,8.0,32.359809372573764,0.04800488241016865,0.04800488241016865,none,30.0,45,1,monophasic
Burst_autosave_20260717_161911_499ms,Flex. digitorum (L),L_The_ED_FD_FCR C,2,33.359809372573764,41.359809372573764,65.71961874514798,0.061432819813489914,0.061432819813489914,none,30.0,45,1,monophasic
Burst_autosave_20260717_161911_499ms,Flex. digitorum (L),L_The_ED_FD_FCR C,3,66.71961874514798,74.71961874514798,98.28514694143064,0.0322270542383194,0.0322270542383194,none,30.0,45,1,monophasic
Burst_autosave_20260717_161911_499ms,Flex. digitorum (L),L_The_ED_FD_FCR C,4,99.28514694143064,107.28514694143064,131.64495631400484,0.05740444175899029,0.05740444175899029,none,30.0,45,1,monophasic
Burst_autosave_20260717_161911_499ms,Flex. digitorum (L),L_The_ED_FD_FCR C,5,132.64495631400484,140.64495631400484,165.00476568657862,0.06009002961218357,0.06009002961218357,none,30.0,45,1,monophasic
Burst_autosave_20260717_161911_499ms,Flex. digitorum (L),L_The_ED_FD_FCR C,6,166.00476568657862,174.00476568657862,198.36457505915283,0.039612420834600925,0.039612420834600925,none,30.0,45,1,monophasic
Burst_autosave_20260717_161911_499ms,Flex. digitorum (L),L_The_ED_FD_FCR C,7,199.36457505915283,207.36457505915283,231.72438443172706,0.0637827105820179,0.0637827105820179,none,30.0,45,1,monophasic
Burst_autosave_20260717_161911_499ms,Flex. digitorum (L),L_The_ED_FD_FCR C,8,232.72438443172706,240.72438443172706,265.08419380430126,0.05035477317869663,0.05035477317869663,none,30.0,45,1,monophasic
Burst_autosave_20260717_161911_499ms,Flex. digitorum (L),L_The_ED_FD_FCR C,9,266.08419380430126,274.08419380430126,298.444003176875,0.04280155710875988,0.04280155710875988,none,30.0,45,1,monophasic
Burst_autosave_20260717_161911_499ms,Flex. digitorum (L),L_The_ED_FD_FCR C,10,299.444003176875,307.444003176875,331.8038125494492,0.05387960560619831,0.05387960560619831,none,30.0,45,1,monophasic
Burst_autosave_20260717_161911_499ms,Flex. carpi rad. (L),L_The_ED_FD_FCR D,1,0.0,8.0,32.359809372573764,,,none,30.0,10,1,monophasic
Burst_autosave_20260717_161911_499ms,Flex. carpi rad. (L),L_The_ED_FD_FCR D,2,33.359809372573764,41.359809372573764,65.71961874514798,,,none,30.0,10,1,monophasic
Burst_autosave_20260717_161911_499ms,Flex. carpi rad. (L),L_The_ED_FD_FCR D,3,66.71961874514798,74.71961874514798,98.28514694143064,,,none,30.0,10,1,monophasic
Burst_autosave_20260717_161911_499ms,Flex. carpi rad. (L),L_The_ED_FD_FCR D,4,99.28514694143064,107.28514694143064,131.64495631400484,,,none,30.0,10,1,monophasic
Burst_autosave_20260717_161911_499ms,Flex. carpi rad. (L),L_The_ED_FD_FCR D,5,132.64495631400484,140.64495631400484,165.00476568657862,,,none,30.0,10,1,monophasic
Burst_autosave_20260717_161911_499ms,Flex. carpi rad. (L),L_The_ED_FD_FCR D,6,166.00476568657862,174.00476568657862,198.36457505915283,,,none,30.0,10,1,monophasic
Burst_autosave_20260717_161911_499ms,Flex. carpi rad. (L),L_The_ED_FD_FCR D,7,199.36457505915283,207.36457505915283,231.72438443172706,,,none,30.0,10,1,monophasic
Burst_autosave_20260717_161911_499ms,Flex. carpi rad. (L),L_The_ED_FD_FCR D,8,232.72438443172706,240.72438443172706,265.08419380430126,,,none,30.0,10,1,monophasic
Burst_autosave_20260717_161911_499ms,Flex. carpi rad. (L),L_The_ED_FD_FCR D,9,266.08419380430126,274.08419380430126,298.444003176875,,,none,30.0,10,1,monophasic
Burst_autosave_20260717_161911_499ms,Flex. carpi rad. (L),L_The_ED_FD_FCR D,10,299.444003176875,307.444003176875,331.8038125494492,,,none,30.0,10,1,monophasic
Burst_autosave_20260717_161911_499ms,Flex. carpi rad. (L),L_The_ED_FD_FCR D,1,0.0,8.0,32.359809372573764,,,none,30.0,15,1,monophasic
Burst_autosave_20260717_161911_499ms,Flex. carpi rad. (L),L_The_ED_FD_FCR D,2,33.359809372573764,41.359809372573764,65.71961874514798,,,none,30.0,15,1,monophasic
Burst_autosave_20260717_161911_499ms,Flex. carpi rad. (L),L_The_ED_FD_FCR D,3,66.71961874514798,74.71961874514798,98.28514694143064,,,none,30.0,15,1,monophasic
Burst_autosave_20260717_161911_499ms,Flex. carpi rad. (L),L_The_ED_FD_FCR D,4,99.28514694143064,107.28514694143064,131.64495631400484,,,none,30.0,15,1,monophasic
Burst_autosave_20260717_161911_499ms,Flex. carpi rad. (L),L_The_ED_FD_FCR D,5,132.64495631400484,140.64495631400484,165.00476568657862,,,none,30.0,15,1,monophasic
Burst_autosave_20260717_161911_499ms,Flex. carpi rad. (L),L_The_ED_FD_FCR D,6,166.00476568657862,174.00476568657862,198.36457505915283,,,none,30.0,15,1,monophasic
Burst_autosave_20260717_161911_499ms,Flex. carpi rad. (L),L_The_ED_FD_FCR D,7,199.36457505915283,207.36457505915283,231.72438443172706,,,none,30.0,15,1,monophasic
Burst_autosave_20260717_161911_499ms,Flex. carpi rad. (L),L_The_ED_FD_FCR D,8,232.72438443172706,240.72438443172706,265.08419380430126,,,none,30.0,15,1,monophasic
Burst_autosave_20260717_161911_499ms,Flex. carpi rad. (L),L_The_ED_FD_FCR D,9,266.08419380430126,274.08419380430126,298.444003176875,,,none,30.0,15,1,monophasic
Burst_autosave_20260717_161911_499ms,Flex. carpi rad. (L),L_The_ED_FD_FCR D,10,299.444003176875,307.444003176875,331.8038125494492,,,none,30.0,15,1,monophasic
Burst_autosave_20260717_161911_499ms,Flex. carpi rad. (L),L_The_ED_FD_FCR D,1,0.0,8.0,32.359809372573764,,,none,30.0,20,1,monophasic
Burst_autosave_20260717_161911_499ms,Flex. carpi rad. (L),L_The_ED_FD_FCR D,2,33.359809372573764,41.359809372573764,65.71961874514798,,,none,30.0,20,1,monophasic
Burst_autosave_20260717_161911_499ms,Flex. carpi rad. (L),L_The_ED_FD_FCR D,3,66.71961874514798,74.71961874514798,98.28514694143064,,,none,30.0,20,1,monophasic
Burst_autosave_20260717_161911_499ms,Flex. carpi rad. (L),L_The_ED_FD_FCR D,4,99.28514694143064,107.28514694143064,131.64495631400484,,,none,30.0,20,1,monophasic
Burst_autosave_20260717_161911_499ms,Flex. carpi rad. (L),L_The_ED_FD_FCR D,5,132.64495631400484,140.64495631400484,165.00476568657862,,,none,30.0,20,1,monophasic
Burst_autosave_20260717_161911_499ms,Flex. carpi rad. (L),L_The_ED_FD_FCR D,6,166.00476568657862,174.00476568657862,198.36457505915283,,,none,30.0,20,1,monophasic
Burst_autosave_20260717_161911_499ms,Flex. carpi rad. (L),L_The_ED_FD_FCR D,7,199.36457505915283,207.36457505915283,231.72438443172706,,,none,30.0,20,1,monophasic
Burst_autosave_20260717_161911_499ms,Flex. carpi rad. (L),L_The_ED_FD_FCR D,8,232.72438443172706,240.72438443172706,265.08419380430126,,,none,30.0,20,1,monophasic
Burst_autosave_20260717_161911_499ms,Flex. carpi rad. (L),L_The_ED_FD_FCR D,9,266.08419380430126,274.08419380430126,298.444003176875,,,none,30.0,20,1,monophasic
Burst_autosave_20260717_161911_499ms,Flex. carpi rad. (L),L_The_ED_FD_FCR D,10,299.444003176875,307.444003176875,331.8038125494492,,,none,30.0,20,1,monophasic
Burst_autosave_20260717_161911_499ms,Flex. carpi rad. (L),L_The_ED_FD_FCR D,1,0.0,8.0,32.359809372573764,,,none,30.0,25,1,monophasic
Burst_autosave_20260717_161911_499ms,Flex. carpi rad. (L),L_The_ED_FD_FCR D,2,33.359809372573764,41.359809372573764,65.71961874514798,,,none,30.0,25,1,monophasic
Burst_autosave_20260717_161911_499ms,Flex. carpi rad. (L),L_The_ED_FD_FCR D,3,66.71961874514798,74.71961874514798,98.28514694143064,,,none,30.0,25,1,monophasic
Burst_autosave_20260717_161911_499ms,Flex. carpi rad. (L),L_The_ED_FD_FCR D,4,99.28514694143064,107.28514694143064,131.64495631400484,,,none,30.0,25,1,monophasic
Burst_autosave_20260717_161911_499ms,Flex. carpi rad. (L),L_The_ED_FD_FCR D,5,132.64495631400484,140.64495631400484,165.00476568657862,,,none,30.0,25,1,monophasic
Burst_autosave_20260717_161911_499ms,Flex. carpi rad. (L),L_The_ED_FD_FCR D,6,166.00476568657862,174.00476568657862,198.36457505915283,,,none,30.0,25,1,monophasic
Burst_autosave_20260717_161911_499ms,Flex. carpi rad. (L),L_The_ED_FD_FCR D,7,199.36457505915283,207.36457505915283,231.72438443172706,,,none,30.0,25,1,monophasic
Burst_autosave_20260717_161911_499ms,Flex. carpi rad. (L),L_The_ED_FD_FCR D,8,232.72438443172706,240.72438443172706,265.08419380430126,,,none,30.0,25,1,monophasic
Burst_autosave_20260717_161911_499ms,Flex. carpi rad. (L),L_The_ED_FD_FCR D,9,266.08419380430126,274.08419380430126,298.444003176875,,,none,30.0,25,1,monophasic
Burst_autosave_20260717_161911_499ms,Flex. carpi rad. (L),L_The_ED_FD_FCR D,10,299.444003176875,307.444003176875,331.8038125494492,,,none,30.0,25,1,monophasic
Burst_autosave_20260717_161911_499ms,Flex. carpi rad. (L),L_The_ED_FD_FCR D,1,0.0,8.0,32.359809372573764,,,none,30.0,30,1,monophasic
Burst_autosave_20260717_161911_499ms,Flex. carpi rad. (L),L_The_ED_FD_FCR D,2,33.359809372573764,41.359809372573764,65.71961874514798,,,none,30.0,30,1,monophasic
Burst_autosave_20260717_161911_499ms,Flex. carpi rad. (L),L_The_ED_FD_FCR D,3,66.71961874514798,74.71961874514798,98.28514694143064,,,none,30.0,30,1,monophasic
Burst_autosave_20260717_161911_499ms,Flex. carpi rad. (L),L_The_ED_FD_FCR D,4,99.28514694143064,107.28514694143064,131.64495631400484,,,none,30.0,30,1,monophasic
Burst_autosave_20260717_161911_499ms,Flex. carpi rad. (L),L_The_ED_FD_FCR D,5,132.64495631400484,140.64495631400484,165.00476568657862,,,none,30.0,30,1,monophasic
Burst_autosave_20260717_161911_499ms,Flex. carpi rad. (L),L_The_ED_FD_FCR D,6,166.00476568657862,174.00476568657862,198.36457505915283,,,none,30.0,30,1,monophasic
Burst_autosave_20260717_161911_499ms,Flex. carpi rad. (L),L_The_ED_FD_FCR D,7,199.36457505915283,207.36457505915283,231.72438443172706,,,none,30.0,30,1,monophasic
Burst_autosave_20260717_161911_499ms,Flex. carpi rad. (L),L_The_ED_FD_FCR D,8,232.72438443172706,240.72438443172706,265.08419380430126,,,none,30.0,30,1,monophasic
Burst_autosave_20260717_161911_499ms,Flex. carpi rad. (L),L_The_ED_FD_FCR D,9,266.08419380430126,274.08419380430126,298.444003176875,,,none,30.0,30,1,monophasic
Burst_autosave_20260717_161911_499ms,Flex. carpi rad. (L),L_The_ED_FD_FCR D,10,299.444003176875,307.444003176875,331.8038125494492,,,none,30.0,30,1,monophasic
Burst_autosave_20260717_161911_499ms,Flex. carpi rad. (L),L_The_ED_FD_FCR D,1,0.0,8.0,32.359809372573764,0.0238345917314291,0.0238345917314291,none,30.0,35,1,monophasic
Burst_autosave_20260717_161911_499ms,Flex. carpi rad. (L),L_The_ED_FD_FCR D,2,33.359809372573764,41.359809372573764,65.71961874514798,0.007721064845100045,0.007721064845100045,none,30.0,35,1,monophasic
Burst_autosave_20260717_161911_499ms,Flex. carpi rad. (L),L_The_ED_FD_FCR D,3,66.71961874514798,74.71961874514798,98.28514694143064,0.006042572902515531,0.006042572902515531,none,30.0,35,1,monophasic
Burst_autosave_20260717_161911_499ms,Flex. carpi rad. (L),L_The_ED_FD_FCR D,4,99.28514694143064,107.28514694143064,131.64495631400484,0.026520180515944958,0.026520180515944958,none,30.0,35,1,monophasic
Burst_autosave_20260717_161911_499ms,Flex. carpi rad. (L),L_The_ED_FD_FCR D,5,132.64495631400484,140.64495631400484,165.00476568657862,0.006713969865813851,0.006713969865813851,none,30.0,35,1,monophasic
Burst_autosave_20260717_161911_499ms,Flex. carpi rad. (L),L_The_ED_FD_FCR D,6,166.00476568657862,174.00476568657862,198.36457505915283,0.010406653163954616,0.010406653163954616,none,30.0,35,1,monophasic
Burst_autosave_20260717_161911_499ms,Flex. carpi rad. (L),L_The_ED_FD_FCR D,7,199.36457505915283,207.36457505915283,231.72438443172706,0.023331043776124716,0.023331043776124716,none,30.0,35,1,monophasic
Burst_autosave_20260717_161911_499ms,Flex. carpi rad. (L),L_The_ED_FD_FCR D,8,232.72438443172706,240.72438443172706,265.08419380430126,0.00570687442086637,0.00570687442086637,none,30.0,35,1,monophasic
Burst_autosave_20260717_161911_499ms,Flex. carpi rad. (L),L_The_ED_FD_FCR D,9,266.08419380430126,274.08419380430126,298.444003176875,0.020477606914937496,0.020477606914937496,none,30.0,35,1,monophasic
Burst_autosave_20260717_161911_499ms,Flex. carpi rad. (L),L_The_ED_FD_FCR D,10,299.444003176875,307.444003176875,331.8038125494492,0.007385366829112172,0.007385366829112172,none,30.0,35,1,monophasic
Burst_autosave_20260717_161911_499ms,Flex. carpi rad. (L),L_The_ED_FD_FCR D,1,0.0,8.0,32.359809372573764,0.02517738565802574,0.02517738565802574,none,30.0,40,1,monophasic
Burst_autosave_20260717_161911_499ms,Flex. carpi rad. (L),L_The_ED_FD_FCR D,2,33.359809372573764,41.359809372573764,65.71961874514798,0.026520180515944958,0.026520180515944958,none,30.0,40,1,monophasic
Burst_autosave_20260717_161911_499ms,Flex. carpi rad. (L),L_The_ED_FD_FCR D,3,66.71961874514798,74.71961874514798,98.28514694143064,0.02618448156863451,0.02618448156863451,none,30.0,40,1,monophasic
Burst_autosave_20260717_161911_499ms,Flex. carpi rad. (L),L_The_ED_FD_FCR D,4,99.28514694143064,107.28514694143064,131.64495631400484,0.03105210978537798,0.03105210978537798,none,30.0,40,1,monophasic
Burst_autosave_20260717_161911_499ms,Flex. carpi rad. (L),L_The_ED_FD_FCR D,5,132.64495631400484,140.64495631400484,165.00476568657862,0.027191576547920704,0.027191576547920704,none,30.0,40,1,monophasic
Burst_autosave_20260717_161911_499ms,Flex. carpi rad. (L),L_The_ED_FD_FCR D,6,166.00476568657862,174.00476568657862,198.36457505915283,0.026520179584622383,0.026520179584622383,none,30.0,40,1,monophasic
Burst_autosave_20260717_161911_499ms,Flex. carpi rad. (L),L_The_ED_FD_FCR D,7,199.36457505915283,207.36457505915283,231.72438443172706,0.0240024421364069,0.0240024421364069,none,30.0,40,1,monophasic
Burst_autosave_20260717_161911_499ms,Flex. carpi rad. (L),L_The_ED_FD_FCR D,8,232.72438443172706,240.72438443172706,265.08419380430126,0.02551308460533619,0.02551308460533619,none,30.0,40,1,monophasic
Burst_autosave_20260717_161911_499ms,Flex. carpi rad. (L),L_The_ED_FD_FCR D,9,266.08419380430126,274.08419380430126,298.444003176875,0.02887006849050522,0.02887006849050522,none,30.0,40,1,monophasic
Burst_autosave_20260717_161911_499ms,Flex. carpi rad. (L),L_The_ED_FD_FCR D,10,299.444003176875,307.444003176875,331.8038125494492,0.02484168764203787,0.02484168764203787,none,30.0,40,1,monophasic
Burst_autosave_20260717_161911_499ms,Flex. carpi rad. (L),L_The_ED_FD_FCR D,1,0.0,8.0,32.359809372573764,0.052872512489557266,0.052872512489557266,none,30.0,45,1,monophasic
Burst_autosave_20260717_161911_499ms,Flex. carpi rad. (L),L_The_ED_FD_FCR D,2,33.359809372573764,41.359809372573764,65.71961874514798,0.04129091277718544,0.04129091277718544,none,30.0,45,1,monophasic
Burst_autosave_20260717_161911_499ms,Flex. carpi rad. (L),L_The_ED_FD_FCR D,3,66.71961874514798,74.71961874514798,98.28514694143064,0.0322270542383194,0.0322270542383194,none,30.0,45,1,monophasic
Burst_autosave_20260717_161911_499ms,Flex. carpi rad. (L),L_The_ED_FD_FCR D,4,99.28514694143064,107.28514694143064,131.64495631400484,0.05136186629533768,0.05136186629533768,none,30.0,45,1,monophasic
Burst_autosave_20260717_161911_499ms,Flex. carpi rad. (L),L_The_ED_FD_FCR D,5,132.64495631400484,140.64495631400484,165.00476568657862,0.04162661172449589,0.04162661172449589,none,30.0,45,1,monophasic
Burst_autosave_20260717_161911_499ms,Flex. carpi rad. (L),L_The_ED_FD_FCR D,6,166.00476568657862,174.00476568657862,198.36457505915283,0.043640801683068275,0.043640801683068275,none,30.0,45,1,monophasic
Burst_autosave_20260717_161911_499ms,Flex. carpi rad. (L),L_The_ED_FD_FCR D,7,199.36457505915283,207.36457505915283,231.72438443172706,0.042298007756471634,0.042298007756471634,none,30.0,45,1,monophasic
Burst_autosave_20260717_161911_499ms,Flex. carpi rad. (L),L_The_ED_FD_FCR D,8,232.72438443172706,240.72438443172706,265.08419380430126,0.04464789852499962,0.04464789852499962,none,30.0,45,1,monophasic
Burst_autosave_20260717_161911_499ms,Flex. carpi rad. (L),L_The_ED_FD_FCR D,9,266.08419380430126,274.08419380430126,298.444003176875,0.03692683391273022,0.03692683391273022,none,30.0,45,1,monophasic
Burst_autosave_20260717_161911_499ms,Flex. carpi rad. (L),L_The_ED_FD_FCR D,10,299.444003176875,307.444003176875,331.8038125494492,0.04481574706733227,0.04481574706733227,none,30.0,45,1,monophasic
Burst_autosave_20260717_161911_499ms,Deltoid med. (R),R_DELmed,1,0.0,8.0,32.359809372573764,,,none,30.0,10,1,monophasic
Burst_autosave_20260717_161911_499ms,Deltoid med. (R),R_DELmed,2,33.359809372573764,41.359809372573764,65.71961874514798,,,none,30.0,10,1,monophasic
Burst_autosave_20260717_161911_499ms,Deltoid med. (R),R_DELmed,3,66.71961874514798,74.71961874514798,98.28514694143064,,,none,30.0,10,1,monophasic
Burst_autosave_20260717_161911_499ms,Deltoid med. (R),R_DELmed,4,99.28514694143064,107.28514694143064,131.64495631400484,,,none,30.0,10,1,monophasic
Burst_autosave_20260717_161911_499ms,Deltoid med. (R),R_DELmed,5,132.64495631400484,140.64495631400484,165.00476568657862,,,none,30.0,10,1,monophasic
Burst_autosave_20260717_161911_499ms,Deltoid med. (R),R_DELmed,6,166.00476568657862,174.00476568657862,198.36457505915283,,,none,30.0,10,1,monophasic
Burst_autosave_20260717_161911_499ms,Deltoid med. (R),R_DELmed,7,199.36457505915283,207.36457505915283,231.72438443172706,,,none,30.0,10,1,monophasic
Burst_autosave_20260717_161911_499ms,Deltoid med. (R),R_DELmed,8,232.72438443172706,240.72438443172706,265.08419380430126,,,none,30.0,10,1,monophasic
Burst_autosave_20260717_161911_499ms,Deltoid med. (R),R_DELmed,9,266.08419380430126,274.08419380430126,298.444003176875,,,none,30.0,10,1,monophasic
Burst_autosave_20260717_161911_499ms,Deltoid med. (R),R_DELmed,10,299.444003176875,307.444003176875,331.8038125494492,,,none,30.0,10,1,monophasic
Burst_autosave_20260717_161911_499ms,Deltoid med. (R),R_DELmed,1,0.0,8.0,32.359809372573764,,,none,30.0,15,1,monophasic
Burst_autosave_20260717_161911_499ms,Deltoid med. (R),R_DELmed,2,33.359809372573764,41.359809372573764,65.71961874514798,,,none,30.0,15,1,monophasic
Burst_autosave_20260717_161911_499ms,Deltoid med. (R),R_DELmed,3,66.71961874514798,74.71961874514798,98.28514694143064,,,none,30.0,15,1,monophasic
Burst_autosave_20260717_161911_499ms,Deltoid med. (R),R_DELmed,4,99.28514694143064,107.28514694143064,131.64495631400484,,,none,30.0,15,1,monophasic
Burst_autosave_20260717_161911_499ms,Deltoid med. (R),R_DELmed,5,132.64495631400484,140.64495631400484,165.00476568657862,,,none,30.0,15,1,monophasic
Burst_autosave_20260717_161911_499ms,Deltoid med. (R),R_DELmed,6,166.00476568657862,174.00476568657862,198.36457505915283,,,none,30.0,15,1,monophasic
Burst_autosave_20260717_161911_499ms,Deltoid med. (R),R_DELmed,7,199.36457505915283,207.36457505915283,231.72438443172706,,,none,30.0,15,1,monophasic
Burst_autosave_20260717_161911_499ms,Deltoid med. (R),R_DELmed,8,232.72438443172706,240.72438443172706,265.08419380430126,,,none,30.0,15,1,monophasic
Burst_autosave_20260717_161911_499ms,Deltoid med. (R),R_DELmed,9,266.08419380430126,274.08419380430126,298.444003176875,,,none,30.0,15,1,monophasic
Burst_autosave_20260717_161911_499ms,Deltoid med. (R),R_DELmed,10,299.444003176875,307.444003176875,331.8038125494492,,,none,30.0,15,1,monophasic
Burst_autosave_20260717_161911_499ms,Deltoid med. (R),R_DELmed,1,0.0,8.0,32.359809372573764,,,none,30.0,20,1,monophasic
Burst_autosave_20260717_161911_499ms,Deltoid med. (R),R_DELmed,2,33.359809372573764,41.359809372573764,65.71961874514798,,,none,30.0,20,1,monophasic
Burst_autosave_20260717_161911_499ms,Deltoid med. (R),R_DELmed,3,66.71961874514798,74.71961874514798,98.28514694143064,,,none,30.0,20,1,monophasic
Burst_autosave_20260717_161911_499ms,Deltoid med. (R),R_DELmed,4,99.28514694143064,107.28514694143064,131.64495631400484,,,none,30.0,20,1,monophasic
Burst_autosave_20260717_161911_499ms,Deltoid med. (R),R_DELmed,5,132.64495631400484,140.64495631400484,165.00476568657862,,,none,30.0,20,1,monophasic
Burst_autosave_20260717_161911_499ms,Deltoid med. (R),R_DELmed,6,166.00476568657862,174.00476568657862,198.36457505915283,,,none,30.0,20,1,monophasic
Burst_autosave_20260717_161911_499ms,Deltoid med. (R),R_DELmed,7,199.36457505915283,207.36457505915283,231.72438443172706,,,none,30.0,20,1,monophasic
Burst_autosave_20260717_161911_499ms,Deltoid med. (R),R_DELmed,8,232.72438443172706,240.72438443172706,265.08419380430126,,,none,30.0,20,1,monophasic
Burst_autosave_20260717_161911_499ms,Deltoid med. (R),R_DELmed,9,266.08419380430126,274.08419380430126,298.444003176875,,,none,30.0,20,1,monophasic
Burst_autosave_20260717_161911_499ms,Deltoid med. (R),R_DELmed,10,299.444003176875,307.444003176875,331.8038125494492,,,none,30.0,20,1,monophasic
Burst_autosave_20260717_161911_499ms,Deltoid med. (R),R_DELmed,1,0.0,8.0,32.359809372573764,,,none,30.0,25,1,monophasic
Burst_autosave_20260717_161911_499ms,Deltoid med. (R),R_DELmed,2,33.359809372573764,41.359809372573764,65.71961874514798,,,none,30.0,25,1,monophasic
Burst_autosave_20260717_161911_499ms,Deltoid med. (R),R_DELmed,3,66.71961874514798,74.71961874514798,98.28514694143064,,,none,30.0,25,1,monophasic
Burst_autosave_20260717_161911_499ms,Deltoid med. (R),R_DELmed,4,99.28514694143064,107.28514694143064,131.64495631400484,,,none,30.0,25,1,monophasic
Burst_autosave_20260717_161911_499ms,Deltoid med. (R),R_DELmed,5,132.64495631400484,140.64495631400484,165.00476568657862,,,none,30.0,25,1,monophasic
Burst_autosave_20260717_161911_499ms,Deltoid med. (R),R_DELmed,6,166.00476568657862,174.00476568657862,198.36457505915283,,,none,30.0,25,1,monophasic
Burst_autosave_20260717_161911_499ms,Deltoid med. (R),R_DELmed,7,199.36457505915283,207.36457505915283,231.72438443172706,,,none,30.0,25,1,monophasic
Burst_autosave_20260717_161911_499ms,Deltoid med. (R),R_DELmed,8,232.72438443172706,240.72438443172706,265.08419380430126,,,none,30.0,25,1,monophasic
Burst_autosave_20260717_161911_499ms,Deltoid med. (R),R_DELmed,9,266.08419380430126,274.08419380430126,298.444003176875,,,none,30.0,25,1,monophasic
Burst_autosave_20260717_161911_499ms,Deltoid med. (R),R_DELmed,10,299.444003176875,307.444003176875,331.8038125494492,,,none,30.0,25,1,monophasic
Burst_autosave_20260717_161911_499ms,Deltoid med. (R),R_DELmed,1,0.0,8.0,32.359809372573764,,,none,30.0,30,1,monophasic
Burst_autosave_20260717_161911_499ms,Deltoid med. (R),R_DELmed,2,33.359809372573764,41.359809372573764,65.71961874514798,,,none,30.0,30,1,monophasic
Burst_autosave_20260717_161911_499ms,Deltoid med. (R),R_DELmed,3,66.71961874514798,74.71961874514798,98.28514694143064,,,none,30.0,30,1,monophasic
Burst_autosave_20260717_161911_499ms,Deltoid med. (R),R_DELmed,4,99.28514694143064,107.28514694143064,131.64495631400484,,,none,30.0,30,1,monophasic
Burst_autosave_20260717_161911_499ms,Deltoid med. (R),R_DELmed,5,132.64495631400484,140.64495631400484,165.00476568657862,,,none,30.0,30,1,monophasic
Burst_autosave_20260717_161911_499ms,Deltoid med. (R),R_DELmed,6,166.00476568657862,174.00476568657862,198.36457505915283,,,none,30.0,30,1,monophasic
Burst_autosave_20260717_161911_499ms,Deltoid med. (R),R_DELmed,7,199.36457505915283,207.36457505915283,231.72438443172706,,,none,30.0,30,1,monophasic
Burst_autosave_20260717_161911_499ms,Deltoid med. (R),R_DELmed,8,232.72438443172706,240.72438443172706,265.08419380430126,,,none,30.0,30,1,monophasic
Burst_autosave_20260717_161911_499ms,Deltoid med. (R),R_DELmed,9,266.08419380430126,274.08419380430126,298.444003176875,,,none,30.0,30,1,monophasic
Burst_autosave_20260717_161911_499ms,Deltoid med. (R),R_DELmed,10,299.444003176875,307.444003176875,331.8038125494492,,,none,30.0,30,1,monophasic
Burst_autosave_20260717_161911_499ms,Deltoid med. (R),R_DELmed,1,0.0,8.0,32.359809372573764,,,none,30.0,35,1,monophasic
Burst_autosave_20260717_161911_499ms,Deltoid med. (R),R_DELmed,2,33.359809372573764,41.359809372573764,65.71961874514798,,,none,30.0,35,1,monophasic
Burst_autosave_20260717_161911_499ms,Deltoid med. (R),R_DELmed,3,66.71961874514798,74.71961874514798,98.28514694143064,,,none,30.0,35,1,monophasic
Burst_autosave_20260717_161911_499ms,Deltoid med. (R),R_DELmed,4,99.28514694143064,107.28514694143064,131.64495631400484,,,none,30.0,35,1,monophasic
Burst_autosave_20260717_161911_499ms,Deltoid med. (R),R_DELmed,5,132.64495631400484,140.64495631400484,165.00476568657862,,,none,30.0,35,1,monophasic
Burst_autosave_20260717_161911_499ms,Deltoid med. (R),R_DELmed,6,166.00476568657862,174.00476568657862,198.36457505915283,,,none,30.0,35,1,monophasic
Burst_autosave_20260717_161911_499ms,Deltoid med. (R),R_DELmed,7,199.36457505915283,207.36457505915283,231.72438443172706,,,none,30.0,35,1,monophasic
Burst_autosave_20260717_161911_499ms,Deltoid med. (R),R_DELmed,8,232.72438443172706,240.72438443172706,265.08419380430126,,,none,30.0,35,1,monophasic
Burst_autosave_20260717_161911_499ms,Deltoid med. (R),R_DELmed,9,266.08419380430126,274.08419380430126,298.444003176875,,,none,30.0,35,1,monophasic
Burst_autosave_20260717_161911_499ms,Deltoid med. (R),R_DELmed,10,299.444003176875,307.444003176875,331.8038125494492,,,none,30.0,35,1,monophasic
Burst_autosave_20260717_161911_499ms,Deltoid med. (R),R_DELmed,1,0.0,8.0,32.359809372573764,,,none,30.0,40,1,monophasic
Burst_autosave_20260717_161911_499ms,Deltoid med. (R),R_DELmed,2,33.359809372573764,41.359809372573764,65.71961874514798,,,none,30.0,40,1,monophasic
Burst_autosave_20260717_161911_499ms,Deltoid med. (R),R_DELmed,3,66.71961874514798,74.71961874514798,98.28514694143064,,,none,30.0,40,1,monophasic
Burst_autosave_20260717_161911_499ms,Deltoid med. (R),R_DELmed,4,99.28514694143064,107.28514694143064,131.64495631400484,,,none,30.0,40,1,monophasic
Burst_autosave_20260717_161911_499ms,Deltoid med. (R),R_DELmed,5,132.64495631400484,140.64495631400484,165.00476568657862,,,none,30.0,40,1,monophasic
Burst_autosave_20260717_161911_499ms,Deltoid med. (R),R_DELmed,6,166.00476568657862,174.00476568657862,198.36457505915283,,,none,30.0,40,1,monophasic
Burst_autosave_20260717_161911_499ms,Deltoid med. (R),R_DELmed,7,199.36457505915283,207.36457505915283,231.72438443172706,,,none,30.0,40,1,monophasic
Burst_autosave_20260717_161911_499ms,Deltoid med. (R),R_DELmed,8,232.72438443172706,240.72438443172706,265.08419380430126,,,none,30.0,40,1,monophasic
Burst_autosave_20260717_161911_499ms,Deltoid med. (R),R_DELmed,9,266.08419380430126,274.08419380430126,298.444003176875,,,none,30.0,40,1,monophasic
Burst_autosave_20260717_161911_499ms,Deltoid med. (R),R_DELmed,10,299.444003176875,307.444003176875,331.8038125494492,,,none,30.0,40,1,monophasic
Burst_autosave_20260717_161911_499ms,Deltoid med. (R),R_DELmed,1,0.0,8.0,32.359809372573764,0.4323796480894089,0.4323796480894089,none,30.0,45,1,monophasic
Burst_autosave_20260717_161911_499ms,Deltoid med. (R),R_DELmed,2,33.359809372573764,41.359809372573764,65.71961874514798,0.412909135222435,0.412909135222435,none,30.0,45,1,monophasic
Burst_autosave_20260717_161911_499ms,Deltoid med. (R),R_DELmed,3,66.71961874514798,74.71961874514798,98.28514694143064,0.4115663468837738,0.4115663468837738,none,30.0,45,1,monophasic
Burst_autosave_20260717_161911_499ms,Deltoid med. (R),R_DELmed,4,99.28514694143064,107.28514694143064,131.64495631400484,0.3998169004917145,0.3998169004917145,none,30.0,45,1,monophasic
Burst_autosave_20260717_161911_499ms,Deltoid med. (R),R_DELmed,5,132.64495631400484,140.64495631400484,165.00476568657862,0.38605324923992157,0.38605324923992157,none,30.0,45,1,monophasic
Burst_autosave_20260717_161911_499ms,Deltoid med. (R),R_DELmed,6,166.00476568657862,174.00476568657862,198.36457505915283,0.37564659118652344,0.37564659118652344,none,30.0,45,1,monophasic
Burst_autosave_20260717_161911_499ms,Deltoid med. (R),R_DELmed,7,199.36457505915283,207.36457505915283,231.72438443172706,0.3682612478733063,0.3682612478733063,none,30.0,45,1,monophasic
Burst_autosave_20260717_161911_499ms,Deltoid med. (R),R_DELmed,8,232.72438443172706,240.72438443172706,265.08419380430126,0.35919736325740814,0.35919736325740814,none,30.0,45,1,monophasic
Burst_autosave_20260717_161911_499ms,Deltoid med. (R),R_DELmed,9,266.08419380430126,274.08419380430126,298.444003176875,0.364736407995224,0.364736407995224,none,30.0,45,1,monophasic
Burst_autosave_20260717_161911_499ms,Deltoid med. (R),R_DELmed,10,299.444003176875,307.444003176875,331.8038125494492,0.35819028317928314,0.35819028317928314,none,30.0,45,1,monophasic
Burst_autosave_20260717_161911_499ms,Biceps (R),R_BB,1,0.0,8.0,32.359809372573764,,,none,30.0,10,1,monophasic
Burst_autosave_20260717_161911_499ms,Biceps (R),R_BB,2,33.359809372573764,41.359809372573764,65.71961874514798,,,none,30.0,10,1,monophasic
Burst_autosave_20260717_161911_499ms,Biceps (R),R_BB,3,66.71961874514798,74.71961874514798,98.28514694143064,,,none,30.0,10,1,monophasic
Burst_autosave_20260717_161911_499ms,Biceps (R),R_BB,4,99.28514694143064,107.28514694143064,131.64495631400484,,,none,30.0,10,1,monophasic
Burst_autosave_20260717_161911_499ms,Biceps (R),R_BB,5,132.64495631400484,140.64495631400484,165.00476568657862,,,none,30.0,10,1,monophasic
Burst_autosave_20260717_161911_499ms,Biceps (R),R_BB,6,166.00476568657862,174.00476568657862,198.36457505915283,,,none,30.0,10,1,monophasic
Burst_autosave_20260717_161911_499ms,Biceps (R),R_BB,7,199.36457505915283,207.36457505915283,231.72438443172706,,,none,30.0,10,1,monophasic
Burst_autosave_20260717_161911_499ms,Biceps (R),R_BB,8,232.72438443172706,240.72438443172706,265.08419380430126,,,none,30.0,10,1,monophasic
Burst_autosave_20260717_161911_499ms,Biceps (R),R_BB,9,266.08419380430126,274.08419380430126,298.444003176875,,,none,30.0,10,1,monophasic
Burst_autosave_20260717_161911_499ms,Biceps (R),R_BB,10,299.444003176875,307.444003176875,331.8038125494492,,,none,30.0,10,1,monophasic
Burst_autosave_20260717_161911_499ms,Biceps (R),R_BB,1,0.0,8.0,32.359809372573764,,,none,30.0,15,1,monophasic
Burst_autosave_20260717_161911_499ms,Biceps (R),R_BB,2,33.359809372573764,41.359809372573764,65.71961874514798,,,none,30.0,15,1,monophasic
Burst_autosave_20260717_161911_499ms,Biceps (R),R_BB,3,66.71961874514798,74.71961874514798,98.28514694143064,,,none,30.0,15,1,monophasic
Burst_autosave_20260717_161911_499ms,Biceps (R),R_BB,4,99.28514694143064,107.28514694143064,131.64495631400484,,,none,30.0,15,1,monophasic
Burst_autosave_20260717_161911_499ms,Biceps (R),R_BB,5,132.64495631400484,140.64495631400484,165.00476568657862,,,none,30.0,15,1,monophasic
Burst_autosave_20260717_161911_499ms,Biceps (R),R_BB,6,166.00476568657862,174.00476568657862,198.36457505915283,,,none,30.0,15,1,monophasic
Burst_autosave_20260717_161911_499ms,Biceps (R),R_BB,7,199.36457505915283,207.36457505915283,231.72438443172706,,,none,30.0,15,1,monophasic
Burst_autosave_20260717_161911_499ms,Biceps (R),R_BB,8,232.72438443172706,240.72438443172706,265.08419380430126,,,none,30.0,15,1,monophasic
Burst_autosave_20260717_161911_499ms,Biceps (R),R_BB,9,266.08419380430126,274.08419380430126,298.444003176875,,,none,30.0,15,1,monophasic
Burst_autosave_20260717_161911_499ms,Biceps (R),R_BB,10,299.444003176875,307.444003176875,331.8038125494492,,,none,30.0,15,1,monophasic
Burst_autosave_20260717_161911_499ms,Biceps (R),R_BB,1,0.0,8.0,32.359809372573764,,,none,30.0,20,1,monophasic
Burst_autosave_20260717_161911_499ms,Biceps (R),R_BB,2,33.359809372573764,41.359809372573764,65.71961874514798,,,none,30.0,20,1,monophasic
Burst_autosave_20260717_161911_499ms,Biceps (R),R_BB,3,66.71961874514798,74.71961874514798,98.28514694143064,,,none,30.0,20,1,monophasic
Burst_autosave_20260717_161911_499ms,Biceps (R),R_BB,4,99.28514694143064,107.28514694143064,131.64495631400484,,,none,30.0,20,1,monophasic
Burst_autosave_20260717_161911_499ms,Biceps (R),R_BB,5,132.64495631400484,140.64495631400484,165.00476568657862,,,none,30.0,20,1,monophasic
Burst_autosave_20260717_161911_499ms,Biceps (R),R_BB,6,166.00476568657862,174.00476568657862,198.36457505915283,,,none,30.0,20,1,monophasic
Burst_autosave_20260717_161911_499ms,Biceps (R),R_BB,7,199.36457505915283,207.36457505915283,231.72438443172706,,,none,30.0,20,1,monophasic
Burst_autosave_20260717_161911_499ms,Biceps (R),R_BB,8,232.72438443172706,240.72438443172706,265.08419380430126,,,none,30.0,20,1,monophasic
Burst_autosave_20260717_161911_499ms,Biceps (R),R_BB,9,266.08419380430126,274.08419380430126,298.444003176875,,,none,30.0,20,1,monophasic
Burst_autosave_20260717_161911_499ms,Biceps (R),R_BB,10,299.444003176875,307.444003176875,331.8038125494492,,,none,30.0,20,1,monophasic
Burst_autosave_20260717_161911_499ms,Biceps (R),R_BB,1,0.0,8.0,32.359809372573764,,,none,30.0,25,1,monophasic
Burst_autosave_20260717_161911_499ms,Biceps (R),R_BB,2,33.359809372573764,41.359809372573764,65.71961874514798,,,none,30.0,25,1,monophasic
Burst_autosave_20260717_161911_499ms,Biceps (R),R_BB,3,66.71961874514798,74.71961874514798,98.28514694143064,,,none,30.0,25,1,monophasic
Burst_autosave_20260717_161911_499ms,Biceps (R),R_BB,4,99.28514694143064,107.28514694143064,131.64495631400484,,,none,30.0,25,1,monophasic
Burst_autosave_20260717_161911_499ms,Biceps (R),R_BB,5,132.64495631400484,140.64495631400484,165.00476568657862,,,none,30.0,25,1,monophasic
Burst_autosave_20260717_161911_499ms,Biceps (R),R_BB,6,166.00476568657862,174.00476568657862,198.36457505915283,,,none,30.0,25,1,monophasic
Burst_autosave_20260717_161911_499ms,Biceps (R),R_BB,7,199.36457505915283,207.36457505915283,231.72438443172706,,,none,30.0,25,1,monophasic
Burst_autosave_20260717_161911_499ms,Biceps (R),R_BB,8,232.72438443172706,240.72438443172706,265.08419380430126,,,none,30.0,25,1,monophasic
Burst_autosave_20260717_161911_499ms,Biceps (R),R_BB,9,266.08419380430126,274.08419380430126,298.444003176875,,,none,30.0,25,1,monophasic
Burst_autosave_20260717_161911_499ms,Biceps (R),R_BB,10,299.444003176875,307.444003176875,331.8038125494492,,,none,30.0,25,1,monophasic
Burst_autosave_20260717_161911_499ms,Biceps (R),R_BB,1,0.0,8.0,32.359809372573764,,,none,30.0,30,1,monophasic
Burst_autosave_20260717_161911_499ms,Biceps (R),R_BB,2,33.359809372573764,41.359809372573764,65.71961874514798,,,none,30.0,30,1,monophasic
Burst_autosave_20260717_161911_499ms,Biceps (R),R_BB,3,66.71961874514798,74.71961874514798,98.28514694143064,,,none,30.0,30,1,monophasic
Burst_autosave_20260717_161911_499ms,Biceps (R),R_BB,4,99.28514694143064,107.28514694143064,131.64495631400484,,,none,30.0,30,1,monophasic
Burst_autosave_20260717_161911_499ms,Biceps (R),R_BB,5,132.64495631400484,140.64495631400484,165.00476568657862,,,none,30.0,30,1,monophasic
Burst_autosave_20260717_161911_499ms,Biceps (R),R_BB,6,166.00476568657862,174.00476568657862,198.36457505915283,,,none,30.0,30,1,monophasic
Burst_autosave_20260717_161911_499ms,Biceps (R),R_BB,7,199.36457505915283,207.36457505915283,231.72438443172706,,,none,30.0,30,1,monophasic
Burst_autosave_20260717_161911_499ms,Biceps (R),R_BB,8,232.72438443172706,240.72438443172706,265.08419380430126,,,none,30.0,30,1,monophasic
Burst_autosave_20260717_161911_499ms,Biceps (R),R_BB,9,266.08419380430126,274.08419380430126,298.444003176875,,,none,30.0,30,1,monophasic
Burst_autosave_20260717_161911_499ms,Biceps (R),R_BB,10,299.444003176875,307.444003176875,331.8038125494492,,,none,30.0,30,1,monophasic
Burst_autosave_20260717_161911_499ms,Biceps (R),R_BB,1,0.0,8.0,32.359809372573764,,,none,30.0,35,1,monophasic
Burst_autosave_20260717_161911_499ms,Biceps (R),R_BB,2,33.359809372573764,41.359809372573764,65.71961874514798,,,none,30.0,35,1,monophasic
Burst_autosave_20260717_161911_499ms,Biceps (R),R_BB,3,66.71961874514798,74.71961874514798,98.28514694143064,,,none,30.0,35,1,monophasic
Burst_autosave_20260717_161911_499ms,Biceps (R),R_BB,4,99.28514694143064,107.28514694143064,131.64495631400484,,,none,30.0,35,1,monophasic
Burst_autosave_20260717_161911_499ms,Biceps (R),R_BB,5,132.64495631400484,140.64495631400484,165.00476568657862,,,none,30.0,35,1,monophasic
Burst_autosave_20260717_161911_499ms,Biceps (R),R_BB,6,166.00476568657862,174.00476568657862,198.36457505915283,,,none,30.0,35,1,monophasic
Burst_autosave_20260717_161911_499ms,Biceps (R),R_BB,7,199.36457505915283,207.36457505915283,231.72438443172706,,,none,30.0,35,1,monophasic
Burst_autosave_20260717_161911_499ms,Biceps (R),R_BB,8,232.72438443172706,240.72438443172706,265.08419380430126,,,none,30.0,35,1,monophasic
Burst_autosave_20260717_161911_499ms,Biceps (R),R_BB,9,266.08419380430126,274.08419380430126,298.444003176875,,,none,30.0,35,1,monophasic
Burst_autosave_20260717_161911_499ms,Biceps (R),R_BB,10,299.444003176875,307.444003176875,331.8038125494492,,,none,30.0,35,1,monophasic
Burst_autosave_20260717_161911_499ms,Biceps (R),R_BB,1,0.0,8.0,32.359809372573764,,,none,30.0,40,1,monophasic
Burst_autosave_20260717_161911_499ms,Biceps (R),R_BB,2,33.359809372573764,41.359809372573764,65.71961874514798,,,none,30.0,40,1,monophasic
Burst_autosave_20260717_161911_499ms,Biceps (R),R_BB,3,66.71961874514798,74.71961874514798,98.28514694143064,,,none,30.0,40,1,monophasic
Burst_autosave_20260717_161911_499ms,Biceps (R),R_BB,4,99.28514694143064,107.28514694143064,131.64495631400484,,,none,30.0,40,1,monophasic
Burst_autosave_20260717_161911_499ms,Biceps (R),R_BB,5,132.64495631400484,140.64495631400484,165.00476568657862,,,none,30.0,40,1,monophasic
Burst_autosave_20260717_161911_499ms,Biceps (R),R_BB,6,166.00476568657862,174.00476568657862,198.36457505915283,,,none,30.0,40,1,monophasic
Burst_autosave_20260717_161911_499ms,Biceps (R),R_BB,7,199.36457505915283,207.36457505915283,231.72438443172706,,,none,30.0,40,1,monophasic
Burst_autosave_20260717_161911_499ms,Biceps (R),R_BB,8,232.72438443172706,240.72438443172706,265.08419380430126,,,none,30.0,40,1,monophasic
Burst_autosave_20260717_161911_499ms,Biceps (R),R_BB,9,266.08419380430126,274.08419380430126,298.444003176875,,,none,30.0,40,1,monophasic
Burst_autosave_20260717_161911_499ms,Biceps (R),R_BB,10,299.444003176875,307.444003176875,331.8038125494492,,,none,30.0,40,1,monophasic
Burst_autosave_20260717_161911_499ms,Biceps (R),R_BB,1,0.0,8.0,32.359809372573764,,,none,30.0,45,1,monophasic
Burst_autosave_20260717_161911_499ms,Biceps (R),R_BB,2,33.359809372573764,41.359809372573764,65.71961874514798,,,none,30.0,45,1,monophasic
Burst_autosave_20260717_161911_499ms,Biceps (R),R_BB,3,66.71961874514798,74.71961874514798,98.28514694143064,,,none,30.0,45,1,monophasic
Burst_autosave_20260717_161911_499ms,Biceps (R),R_BB,4,99.28514694143064,107.28514694143064,131.64495631400484,,,none,30.0,45,1,monophasic
Burst_autosave_20260717_161911_499ms,Biceps (R),R_BB,5,132.64495631400484,140.64495631400484,165.00476568657862,,,none,30.0,45,1,monophasic
Burst_autosave_20260717_161911_499ms,Biceps (R),R_BB,6,166.00476568657862,174.00476568657862,198.36457505915283,,,none,30.0,45,1,monophasic
Burst_autosave_20260717_161911_499ms,Biceps (R),R_BB,7,199.36457505915283,207.36457505915283,231.72438443172706,,,none,30.0,45,1,monophasic
Burst_autosave_20260717_161911_499ms,Biceps (R),R_BB,8,232.72438443172706,240.72438443172706,265.08419380430126,,,none,30.0,45,1,monophasic
Burst_autosave_20260717_161911_499ms,Biceps (R),R_BB,9,266.08419380430126,274.08419380430126,298.444003176875,,,none,30.0,45,1,monophasic
Burst_autosave_20260717_161911_499ms,Biceps (R),R_BB,10,299.444003176875,307.444003176875,331.8038125494492,,,none,30.0,45,1,monophasic
Burst_autosave_20260717_161911_499ms,Triceps long (R),R_TBlg,1,0.0,8.0,32.359809372573764,,,none,30.0,10,1,monophasic
Burst_autosave_20260717_161911_499ms,Triceps long (R),R_TBlg,2,33.359809372573764,41.359809372573764,65.71961874514798,,,none,30.0,10,1,monophasic
Burst_autosave_20260717_161911_499ms,Triceps long (R),R_TBlg,3,66.71961874514798,74.71961874514798,98.28514694143064,,,none,30.0,10,1,monophasic
Burst_autosave_20260717_161911_499ms,Triceps long (R),R_TBlg,4,99.28514694143064,107.28514694143064,131.64495631400484,,,none,30.0,10,1,monophasic
Burst_autosave_20260717_161911_499ms,Triceps long (R),R_TBlg,5,132.64495631400484,140.64495631400484,165.00476568657862,,,none,30.0,10,1,monophasic
Burst_autosave_20260717_161911_499ms,Triceps long (R),R_TBlg,6,166.00476568657862,174.00476568657862,198.36457505915283,,,none,30.0,10,1,monophasic
Burst_autosave_20260717_161911_499ms,Triceps long (R),R_TBlg,7,199.36457505915283,207.36457505915283,231.72438443172706,,,none,30.0,10,1,monophasic
Burst_autosave_20260717_161911_499ms,Triceps long (R),R_TBlg,8,232.72438443172706,240.72438443172706,265.08419380430126,,,none,30.0,10,1,monophasic
Burst_autosave_20260717_161911_499ms,Triceps long (R),R_TBlg,9,266.08419380430126,274.08419380430126,298.444003176875,,,none,30.0,10,1,monophasic
Burst_autosave_20260717_161911_499ms,Triceps long (R),R_TBlg,10,299.444003176875,307.444003176875,331.8038125494492,,,none,30.0,10,1,monophasic
Burst_autosave_20260717_161911_499ms,Triceps long (R),R_TBlg,1,0.0,8.0,32.359809372573764,,,none,30.0,15,1,monophasic
Burst_autosave_20260717_161911_499ms,Triceps long (R),R_TBlg,2,33.359809372573764,41.359809372573764,65.71961874514798,,,none,30.0,15,1,monophasic
Burst_autosave_20260717_161911_499ms,Triceps long (R),R_TBlg,3,66.71961874514798,74.71961874514798,98.28514694143064,,,none,30.0,15,1,monophasic
Burst_autosave_20260717_161911_499ms,Triceps long (R),R_TBlg,4,99.28514694143064,107.28514694143064,131.64495631400484,,,none,30.0,15,1,monophasic
Burst_autosave_20260717_161911_499ms,Triceps long (R),R_TBlg,5,132.64495631400484,140.64495631400484,165.00476568657862,,,none,30.0,15,1,monophasic
Burst_autosave_20260717_161911_499ms,Triceps long (R),R_TBlg,6,166.00476568657862,174.00476568657862,198.36457505915283,,,none,30.0,15,1,monophasic
Burst_autosave_20260717_161911_499ms,Triceps long (R),R_TBlg,7,199.36457505915283,207.36457505915283,231.72438443172706,,,none,30.0,15,1,monophasic
Burst_autosave_20260717_161911_499ms,Triceps long (R),R_TBlg,8,232.72438443172706,240.72438443172706,265.08419380430126,,,none,30.0,15,1,monophasic
Burst_autosave_20260717_161911_499ms,Triceps long (R),R_TBlg,9,266.08419380430126,274.08419380430126,298.444003176875,,,none,30.0,15,1,monophasic
Burst_autosave_20260717_161911_499ms,Triceps long (R),R_TBlg,10,299.444003176875,307.444003176875,331.8038125494492,,,none,30.0,15,1,monophasic
Burst_autosave_20260717_161911_499ms,Triceps long (R),R_TBlg,1,0.0,8.0,32.359809372573764,,,none,30.0,20,1,monophasic
Burst_autosave_20260717_161911_499ms,Triceps long (R),R_TBlg,2,33.359809372573764,41.359809372573764,65.71961874514798,,,none,30.0,20,1,monophasic
Burst_autosave_20260717_161911_499ms,Triceps long (R),R_TBlg,3,66.71961874514798,74.71961874514798,98.28514694143064,,,none,30.0,20,1,monophasic
Burst_autosave_20260717_161911_499ms,Triceps long (R),R_TBlg,4,99.28514694143064,107.28514694143064,131.64495631400484,,,none,30.0,20,1,monophasic
Burst_autosave_20260717_161911_499ms,Triceps long (R),R_TBlg,5,132.64495631400484,140.64495631400484,165.00476568657862,,,none,30.0,20,1,monophasic
Burst_autosave_20260717_161911_499ms,Triceps long (R),R_TBlg,6,166.00476568657862,174.00476568657862,198.36457505915283,,,none,30.0,20,1,monophasic
Burst_autosave_20260717_161911_499ms,Triceps long (R),R_TBlg,7,199.36457505915283,207.36457505915283,231.72438443172706,,,none,30.0,20,1,monophasic
Burst_autosave_20260717_161911_499ms,Triceps long (R),R_TBlg,8,232.72438443172706,240.72438443172706,265.08419380430126,,,none,30.0,20,1,monophasic
Burst_autosave_20260717_161911_499ms,Triceps long (R),R_TBlg,9,266.08419380430126,274.08419380430126,298.444003176875,,,none,30.0,20,1,monophasic
Burst_autosave_20260717_161911_499ms,Triceps long (R),R_TBlg,10,299.444003176875,307.444003176875,331.8038125494492,,,none,30.0,20,1,monophasic
Burst_autosave_20260717_161911_499ms,Triceps long (R),R_TBlg,1,0.0,8.0,32.359809372573764,,,none,30.0,25,1,monophasic
Burst_autosave_20260717_161911_499ms,Triceps long (R),R_TBlg,2,33.359809372573764,41.359809372573764,65.71961874514798,,,none,30.0,25,1,monophasic
Burst_autosave_20260717_161911_499ms,Triceps long (R),R_TBlg,3,66.71961874514798,74.71961874514798,98.28514694143064,,,none,30.0,25,1,monophasic
Burst_autosave_20260717_161911_499ms,Triceps long (R),R_TBlg,4,99.28514694143064,107.28514694143064,131.64495631400484,,,none,30.0,25,1,monophasic
Burst_autosave_20260717_161911_499ms,Triceps long (R),R_TBlg,5,132.64495631400484,140.64495631400484,165.00476568657862,,,none,30.0,25,1,monophasic
Burst_autosave_20260717_161911_499ms,Triceps long (R),R_TBlg,6,166.00476568657862,174.00476568657862,198.36457505915283,,,none,30.0,25,1,monophasic
Burst_autosave_20260717_161911_499ms,Triceps long (R),R_TBlg,7,199.36457505915283,207.36457505915283,231.72438443172706,,,none,30.0,25,1,monophasic
Burst_autosave_20260717_161911_499ms,Triceps long (R),R_TBlg,8,232.72438443172706,240.72438443172706,265.08419380430126,,,none,30.0,25,1,monophasic
Burst_autosave_20260717_161911_499ms,Triceps long (R),R_TBlg,9,266.08419380430126,274.08419380430126,298.444003176875,,,none,30.0,25,1,monophasic
Burst_autosave_20260717_161911_499ms,Triceps long (R),R_TBlg,10,299.444003176875,307.444003176875,331.8038125494492,,,none,30.0,25,1,monophasic
Burst_autosave_20260717_161911_499ms,Triceps long (R),R_TBlg,1,0.0,8.0,32.359809372573764,,,none,30.0,30,1,monophasic
Burst_autosave_20260717_161911_499ms,Triceps long (R),R_TBlg,2,33.359809372573764,41.359809372573764,65.71961874514798,,,none,30.0,30,1,monophasic
Burst_autosave_20260717_161911_499ms,Triceps long (R),R_TBlg,3,66.71961874514798,74.71961874514798,98.28514694143064,,,none,30.0,30,1,monophasic
Burst_autosave_20260717_161911_499ms,Triceps long (R),R_TBlg,4,99.28514694143064,107.28514694143064,131.64495631400484,,,none,30.0,30,1,monophasic
Burst_autosave_20260717_161911_499ms,Triceps long (R),R_TBlg,5,132.64495631400484,140.64495631400484,165.00476568657862,,,none,30.0,30,1,monophasic
Burst_autosave_20260717_161911_499ms,Triceps long (R),R_TBlg,6,166.00476568657862,174.00476568657862,198.36457505915283,,,none,30.0,30,1,monophasic
Burst_autosave_20260717_161911_499ms,Triceps long (R),R_TBlg,7,199.36457505915283,207.36457505915283,231.72438443172706,,,none,30.0,30,1,monophasic
Burst_autosave_20260717_161911_499ms,Triceps long (R),R_TBlg,8,232.72438443172706,240.72438443172706,265.08419380430126,,,none,30.0,30,1,monophasic
Burst_autosave_20260717_161911_499ms,Triceps long (R),R_TBlg,9,266.08419380430126,274.08419380430126,298.444003176875,,,none,30.0,30,1,monophasic
Burst_autosave_20260717_161911_499ms,Triceps long (R),R_TBlg,10,299.444003176875,307.444003176875,331.8038125494492,,,none,30.0,30,1,monophasic
Burst_autosave_20260717_161911_499ms,Triceps long (R),R_TBlg,1,0.0,8.0,32.359809372573764,,,none,30.0,35,1,monophasic
Burst_autosave_20260717_161911_499ms,Triceps long (R),R_TBlg,2,33.359809372573764,41.359809372573764,65.71961874514798,,,none,30.0,35,1,monophasic
Burst_autosave_20260717_161911_499ms,Triceps long (R),R_TBlg,3,66.71961874514798,74.71961874514798,98.28514694143064,,,none,30.0,35,1,monophasic
Burst_autosave_20260717_161911_499ms,Triceps long (R),R_TBlg,4,99.28514694143064,107.28514694143064,131.64495631400484,,,none,30.0,35,1,monophasic
Burst_autosave_20260717_161911_499ms,Triceps long (R),R_TBlg,5,132.64495631400484,140.64495631400484,165.00476568657862,,,none,30.0,35,1,monophasic
Burst_autosave_20260717_161911_499ms,Triceps long (R),R_TBlg,6,166.00476568657862,174.00476568657862,198.36457505915283,,,none,30.0,35,1,monophasic
Burst_autosave_20260717_161911_499ms,Triceps long (R),R_TBlg,7,199.36457505915283,207.36457505915283,231.72438443172706,,,none,30.0,35,1,monophasic
Burst_autosave_20260717_161911_499ms,Triceps long (R),R_TBlg,8,232.72438443172706,240.72438443172706,265.08419380430126,,,none,30.0,35,1,monophasic
Burst_autosave_20260717_161911_499ms,Triceps long (R),R_TBlg,9,266.08419380430126,274.08419380430126,298.444003176875,,,none,30.0,35,1,monophasic
Burst_autosave_20260717_161911_499ms,Triceps long (R),R_TBlg,10,299.444003176875,307.444003176875,331.8038125494492,,,none,30.0,35,1,monophasic
Burst_autosave_20260717_161911_499ms,Triceps long (R),R_TBlg,1,0.0,8.0,32.359809372573764,,,none,30.0,40,1,monophasic
Burst_autosave_20260717_161911_499ms,Triceps long (R),R_TBlg,2,33.359809372573764,41.359809372573764,65.71961874514798,,,none,30.0,40,1,monophasic
Burst_autosave_20260717_161911_499ms,Triceps long (R),R_TBlg,3,66.71961874514798,74.71961874514798,98.28514694143064,,,none,30.0,40,1,monophasic
Burst_autosave_20260717_161911_499ms,Triceps long (R),R_TBlg,4,99.28514694143064,107.28514694143064,131.64495631400484,,,none,30.0,40,1,monophasic
Burst_autosave_20260717_161911_499ms,Triceps long (R),R_TBlg,5,132.64495631400484,140.64495631400484,165.00476568657862,,,none,30.0,40,1,monophasic
Burst_autosave_20260717_161911_499ms,Triceps long (R),R_TBlg,6,166.00476568657862,174.00476568657862,198.36457505915283,,,none,30.0,40,1,monophasic
Burst_autosave_20260717_161911_499ms,Triceps long (R),R_TBlg,7,199.36457505915283,207.36457505915283,231.72438443172706,,,none,30.0,40,1,monophasic
Burst_autosave_20260717_161911_499ms,Triceps long (R),R_TBlg,8,232.72438443172706,240.72438443172706,265.08419380430126,,,none,30.0,40,1,monophasic
Burst_autosave_20260717_161911_499ms,Triceps long (R),R_TBlg,9,266.08419380430126,274.08419380430126,298.444003176875,,,none,30.0,40,1,monophasic
Burst_autosave_20260717_161911_499ms,Triceps long (R),R_TBlg,10,299.444003176875,307.444003176875,331.8038125494492,,,none,30.0,40,1,monophasic
Burst_autosave_20260717_161911_499ms,Triceps long (R),R_TBlg,1,0.0,8.0,32.359809372573764,,,none,30.0,45,1,monophasic
Burst_autosave_20260717_161911_499ms,Triceps long (R),R_TBlg,2,33.359809372573764,41.359809372573764,65.71961874514798,,,none,30.0,45,1,monophasic
Burst_autosave_20260717_161911_499ms,Triceps long (R),R_TBlg,3,66.71961874514798,74.71961874514798,98.28514694143064,,,none,30.0,45,1,monophasic
Burst_autosave_20260717_161911_499ms,Triceps long (R),R_TBlg,4,99.28514694143064,107.28514694143064,131.64495631400484,,,none,30.0,45,1,monophasic
Burst_autosave_20260717_161911_499ms,Triceps long (R),R_TBlg,5,132.64495631400484,140.64495631400484,165.00476568657862,,,none,30.0,45,1,monophasic
Burst_autosave_20260717_161911_499ms,Triceps long (R),R_TBlg,6,166.00476568657862,174.00476568657862,198.36457505915283,,,none,30.0,45,1,monophasic
Burst_autosave_20260717_161911_499ms,Triceps long (R),R_TBlg,7,199.36457505915283,207.36457505915283,231.72438443172706,,,none,30.0,45,1,monophasic
Burst_autosave_20260717_161911_499ms,Triceps long (R),R_TBlg,8,232.72438443172706,240.72438443172706,265.08419380430126,,,none,30.0,45,1,monophasic
Burst_autosave_20260717_161911_499ms,Triceps long (R),R_TBlg,9,266.08419380430126,274.08419380430126,298.444003176875,,,none,30.0,45,1,monophasic
Burst_autosave_20260717_161911_499ms,Triceps long (R),R_TBlg,10,299.444003176875,307.444003176875,331.8038125494492,,,none,30.0,45,1,monophasic
Burst_autosave_20260717_161911_499ms,Trapezius (R),R_TR,1,0.0,8.0,32.359809372573764,,,none,30.0,10,1,monophasic
Burst_autosave_20260717_161911_499ms,Trapezius (R),R_TR,2,33.359809372573764,41.359809372573764,65.71961874514798,,,none,30.0,10,1,monophasic
Burst_autosave_20260717_161911_499ms,Trapezius (R),R_TR,3,66.71961874514798,74.71961874514798,98.28514694143064,,,none,30.0,10,1,monophasic
Burst_autosave_20260717_161911_499ms,Trapezius (R),R_TR,4,99.28514694143064,107.28514694143064,131.64495631400484,,,none,30.0,10,1,monophasic
Burst_autosave_20260717_161911_499ms,Trapezius (R),R_TR,5,132.64495631400484,140.64495631400484,165.00476568657862,,,none,30.0,10,1,monophasic
Burst_autosave_20260717_161911_499ms,Trapezius (R),R_TR,6,166.00476568657862,174.00476568657862,198.36457505915283,,,none,30.0,10,1,monophasic
Burst_autosave_20260717_161911_499ms,Trapezius (R),R_TR,7,199.36457505915283,207.36457505915283,231.72438443172706,,,none,30.0,10,1,monophasic
Burst_autosave_20260717_161911_499ms,Trapezius (R),R_TR,8,232.72438443172706,240.72438443172706,265.08419380430126,,,none,30.0,10,1,monophasic
Burst_autosave_20260717_161911_499ms,Trapezius (R),R_TR,9,266.08419380430126,274.08419380430126,298.444003176875,,,none,30.0,10,1,monophasic
Burst_autosave_20260717_161911_499ms,Trapezius (R),R_TR,10,299.444003176875,307.444003176875,331.8038125494492,,,none,30.0,10,1,monophasic
Burst_autosave_20260717_161911_499ms,Trapezius (R),R_TR,1,0.0,8.0,32.359809372573764,,,none,30.0,15,1,monophasic
Burst_autosave_20260717_161911_499ms,Trapezius (R),R_TR,2,33.359809372573764,41.359809372573764,65.71961874514798,,,none,30.0,15,1,monophasic
Burst_autosave_20260717_161911_499ms,Trapezius (R),R_TR,3,66.71961874514798,74.71961874514798,98.28514694143064,,,none,30.0,15,1,monophasic
Burst_autosave_20260717_161911_499ms,Trapezius (R),R_TR,4,99.28514694143064,107.28514694143064,131.64495631400484,,,none,30.0,15,1,monophasic
Burst_autosave_20260717_161911_499ms,Trapezius (R),R_TR,5,132.64495631400484,140.64495631400484,165.00476568657862,,,none,30.0,15,1,monophasic
Burst_autosave_20260717_161911_499ms,Trapezius (R),R_TR,6,166.00476568657862,174.00476568657862,198.36457505915283,,,none,30.0,15,1,monophasic
Burst_autosave_20260717_161911_499ms,Trapezius (R),R_TR,7,199.36457505915283,207.36457505915283,231.72438443172706,,,none,30.0,15,1,monophasic
Burst_autosave_20260717_161911_499ms,Trapezius (R),R_TR,8,232.72438443172706,240.72438443172706,265.08419380430126,,,none,30.0,15,1,monophasic
Burst_autosave_20260717_161911_499ms,Trapezius (R),R_TR,9,266.08419380430126,274.08419380430126,298.444003176875,,,none,30.0,15,1,monophasic
Burst_autosave_20260717_161911_499ms,Trapezius (R),R_TR,10,299.444003176875,307.444003176875,331.8038125494492,,,none,30.0,15,1,monophasic
Burst_autosave_20260717_161911_499ms,Trapezius (R),R_TR,1,0.0,8.0,32.359809372573764,,,none,30.0,20,1,monophasic
Burst_autosave_20260717_161911_499ms,Trapezius (R),R_TR,2,33.359809372573764,41.359809372573764,65.71961874514798,,,none,30.0,20,1,monophasic
Burst_autosave_20260717_161911_499ms,Trapezius (R),R_TR,3,66.71961874514798,74.71961874514798,98.28514694143064,,,none,30.0,20,1,monophasic
Burst_autosave_20260717_161911_499ms,Trapezius (R),R_TR,4,99.28514694143064,107.28514694143064,131.64495631400484,,,none,30.0,20,1,monophasic
Burst_autosave_20260717_161911_499ms,Trapezius (R),R_TR,5,132.64495631400484,140.64495631400484,165.00476568657862,,,none,30.0,20,1,monophasic
Burst_autosave_20260717_161911_499ms,Trapezius (R),R_TR,6,166.00476568657862,174.00476568657862,198.36457505915283,,,none,30.0,20,1,monophasic
Burst_autosave_20260717_161911_499ms,Trapezius (R),R_TR,7,199.36457505915283,207.36457505915283,231.72438443172706,,,none,30.0,20,1,monophasic
Burst_autosave_20260717_161911_499ms,Trapezius (R),R_TR,8,232.72438443172706,240.72438443172706,265.08419380430126,,,none,30.0,20,1,monophasic
Burst_autosave_20260717_161911_499ms,Trapezius (R),R_TR,9,266.08419380430126,274.08419380430126,298.444003176875,,,none,30.0,20,1,monophasic
Burst_autosave_20260717_161911_499ms,Trapezius (R),R_TR,10,299.444003176875,307.444003176875,331.8038125494492,,,none,30.0,20,1,monophasic
Burst_autosave_20260717_161911_499ms,Trapezius (R),R_TR,1,0.0,8.0,32.359809372573764,,,none,30.0,25,1,monophasic
Burst_autosave_20260717_161911_499ms,Trapezius (R),R_TR,2,33.359809372573764,41.359809372573764,65.71961874514798,,,none,30.0,25,1,monophasic
Burst_autosave_20260717_161911_499ms,Trapezius (R),R_TR,3,66.71961874514798,74.71961874514798,98.28514694143064,,,none,30.0,25,1,monophasic
Burst_autosave_20260717_161911_499ms,Trapezius (R),R_TR,4,99.28514694143064,107.28514694143064,131.64495631400484,,,none,30.0,25,1,monophasic
Burst_autosave_20260717_161911_499ms,Trapezius (R),R_TR,5,132.64495631400484,140.64495631400484,165.00476568657862,,,none,30.0,25,1,monophasic
Burst_autosave_20260717_161911_499ms,Trapezius (R),R_TR,6,166.00476568657862,174.00476568657862,198.36457505915283,,,none,30.0,25,1,monophasic
Burst_autosave_20260717_161911_499ms,Trapezius (R),R_TR,7,199.36457505915283,207.36457505915283,231.72438443172706,,,none,30.0,25,1,monophasic
Burst_autosave_20260717_161911_499ms,Trapezius (R),R_TR,8,232.72438443172706,240.72438443172706,265.08419380430126,,,none,30.0,25,1,monophasic
Burst_autosave_20260717_161911_499ms,Trapezius (R),R_TR,9,266.08419380430126,274.08419380430126,298.444003176875,,,none,30.0,25,1,monophasic
Burst_autosave_20260717_161911_499ms,Trapezius (R),R_TR,10,299.444003176875,307.444003176875,331.8038125494492,,,none,30.0,25,1,monophasic
Burst_autosave_20260717_161911_499ms,Trapezius (R),R_TR,1,0.0,8.0,32.359809372573764,,,none,30.0,30,1,monophasic
Burst_autosave_20260717_161911_499ms,Trapezius (R),R_TR,2,33.359809372573764,41.359809372573764,65.71961874514798,,,none,30.0,30,1,monophasic
Burst_autosave_20260717_161911_499ms,Trapezius (R),R_TR,3,66.71961874514798,74.71961874514798,98.28514694143064,,,none,30.0,30,1,monophasic
Burst_autosave_20260717_161911_499ms,Trapezius (R),R_TR,4,99.28514694143064,107.28514694143064,131.64495631400484,,,none,30.0,30,1,monophasic
Burst_autosave_20260717_161911_499ms,Trapezius (R),R_TR,5,132.64495631400484,140.64495631400484,165.00476568657862,,,none,30.0,30,1,monophasic
Burst_autosave_20260717_161911_499ms,Trapezius (R),R_TR,6,166.00476568657862,174.00476568657862,198.36457505915283,,,none,30.0,30,1,monophasic
Burst_autosave_20260717_161911_499ms,Trapezius (R),R_TR,7,199.36457505915283,207.36457505915283,231.72438443172706,,,none,30.0,30,1,monophasic
Burst_autosave_20260717_161911_499ms,Trapezius (R),R_TR,8,232.72438443172706,240.72438443172706,265.08419380430126,,,none,30.0,30,1,monophasic
Burst_autosave_20260717_161911_499ms,Trapezius (R),R_TR,9,266.08419380430126,274.08419380430126,298.444003176875,,,none,30.0,30,1,monophasic
Burst_autosave_20260717_161911_499ms,Trapezius (R),R_TR,10,299.444003176875,307.444003176875,331.8038125494492,,,none,30.0,30,1,monophasic
Burst_autosave_20260717_161911_499ms,Trapezius (R),R_TR,1,0.0,8.0,32.359809372573764,,,none,30.0,35,1,monophasic
Burst_autosave_20260717_161911_499ms,Trapezius (R),R_TR,2,33.359809372573764,41.359809372573764,65.71961874514798,,,none,30.0,35,1,monophasic
Burst_autosave_20260717_161911_499ms,Trapezius (R),R_TR,3,66.71961874514798,74.71961874514798,98.28514694143064,,,none,30.0,35,1,monophasic
Burst_autosave_20260717_161911_499ms,Trapezius (R),R_TR,4,99.28514694143064,107.28514694143064,131.64495631400484,,,none,30.0,35,1,monophasic
Burst_autosave_20260717_161911_499ms,Trapezius (R),R_TR,5,132.64495631400484,140.64495631400484,165.00476568657862,,,none,30.0,35,1,monophasic
Burst_autosave_20260717_161911_499ms,Trapezius (R),R_TR,6,166.00476568657862,174.00476568657862,198.36457505915283,,,none,30.0,35,1,monophasic
Burst_autosave_20260717_161911_499ms,Trapezius (R),R_TR,7,199.36457505915283,207.36457505915283,231.72438443172706,,,none,30.0,35,1,monophasic
Burst_autosave_20260717_161911_499ms,Trapezius (R),R_TR,8,232.72438443172706,240.72438443172706,265.08419380430126,,,none,30.0,35,1,monophasic
Burst_autosave_20260717_161911_499ms,Trapezius (R),R_TR,9,266.08419380430126,274.08419380430126,298.444003176875,,,none,30.0,35,1,monophasic
Burst_autosave_20260717_161911_499ms,Trapezius (R),R_TR,10,299.444003176875,307.444003176875,331.8038125494492,,,none,30.0,35,1,monophasic
Burst_autosave_20260717_161911_499ms,Trapezius (R),R_TR,1,0.0,8.0,32.359809372573764,,,none,30.0,40,1,monophasic
Burst_autosave_20260717_161911_499ms,Trapezius (R),R_TR,2,33.359809372573764,41.359809372573764,65.71961874514798,,,none,30.0,40,1,monophasic
Burst_autosave_20260717_161911_499ms,Trapezius (R),R_TR,3,66.71961874514798,74.71961874514798,98.28514694143064,,,none,30.0,40,1,monophasic
Burst_autosave_20260717_161911_499ms,Trapezius (R),R_TR,4,99.28514694143064,107.28514694143064,131.64495631400484,,,none,30.0,40,1,monophasic
Burst_autosave_20260717_161911_499ms,Trapezius (R),R_TR,5,132.64495631400484,140.64495631400484,165.00476568657862,,,none,30.0,40,1,monophasic
Burst_autosave_20260717_161911_499ms,Trapezius (R),R_TR,6,166.00476568657862,174.00476568657862,198.36457505915283,,,none,30.0,40,1,monophasic
Burst_autosave_20260717_161911_499ms,Trapezius (R),R_TR,7,199.36457505915283,207.36457505915283,231.72438443172706,,,none,30.0,40,1,monophasic
Burst_autosave_20260717_161911_499ms,Trapezius (R),R_TR,8,232.72438443172706,240.72438443172706,265.08419380430126,,,none,30.0,40,1,monophasic
Burst_autosave_20260717_161911_499ms,Trapezius (R),R_TR,9,266.08419380430126,274.08419380430126,298.444003176875,,,none,30.0,40,1,monophasic
Burst_autosave_20260717_161911_499ms,Trapezius (R),R_TR,10,299.444003176875,307.444003176875,331.8038125494492,,,none,30.0,40,1,monophasic
Burst_autosave_20260717_161911_499ms,Trapezius (R),R_TR,1,0.0,8.0,32.359809372573764,,,none,30.0,45,1,monophasic
Burst_autosave_20260717_161911_499ms,Trapezius (R),R_TR,2,33.359809372573764,41.359809372573764,65.71961874514798,,,none,30.0,45,1,monophasic
Burst_autosave_20260717_161911_499ms,Trapezius (R),R_TR,3,66.71961874514798,74.71961874514798,98.28514694143064,,,none,30.0,45,1,monophasic
Burst_autosave_20260717_161911_499ms,Trapezius (R),R_TR,4,99.28514694143064,107.28514694143064,131.64495631400484,,,none,30.0,45,1,monophasic
Burst_autosave_20260717_161911_499ms,Trapezius (R),R_TR,5,132.64495631400484,140.64495631400484,165.00476568657862,,,none,30.0,45,1,monophasic
Burst_autosave_20260717_161911_499ms,Trapezius (R),R_TR,6,166.00476568657862,174.00476568657862,198.36457505915283,,,none,30.0,45,1,monophasic
Burst_autosave_20260717_161911_499ms,Trapezius (R),R_TR,7,199.36457505915283,207.36457505915283,231.72438443172706,,,none,30.0,45,1,monophasic
Burst_autosave_20260717_161911_499ms,Trapezius (R),R_TR,8,232.72438443172706,240.72438443172706,265.08419380430126,,,none,30.0,45,1,monophasic
Burst_autosave_20260717_161911_499ms,Trapezius (R),R_TR,9,266.08419380430126,274.08419380430126,298.444003176875,,,none,30.0,45,1,monophasic
Burst_autosave_20260717_161911_499ms,Trapezius (R),R_TR,10,299.444003176875,307.444003176875,331.8038125494492,,,none,30.0,45,1,monophasic
Burst_autosave_20260717_161911_499ms,Thenar (R),R_The_ED_FD_FCR A,1,0.0,8.0,32.359809372573764,,,none,30.0,10,1,monophasic
Burst_autosave_20260717_161911_499ms,Thenar (R),R_The_ED_FD_FCR A,2,33.359809372573764,41.359809372573764,65.71961874514798,,,none,30.0,10,1,monophasic
Burst_autosave_20260717_161911_499ms,Thenar (R),R_The_ED_FD_FCR A,3,66.71961874514798,74.71961874514798,98.28514694143064,,,none,30.0,10,1,monophasic
Burst_autosave_20260717_161911_499ms,Thenar (R),R_The_ED_FD_FCR A,4,99.28514694143064,107.28514694143064,131.64495631400484,,,none,30.0,10,1,monophasic
Burst_autosave_20260717_161911_499ms,Thenar (R),R_The_ED_FD_FCR A,5,132.64495631400484,140.64495631400484,165.00476568657862,,,none,30.0,10,1,monophasic
Burst_autosave_20260717_161911_499ms,Thenar (R),R_The_ED_FD_FCR A,6,166.00476568657862,174.00476568657862,198.36457505915283,,,none,30.0,10,1,monophasic
Burst_autosave_20260717_161911_499ms,Thenar (R),R_The_ED_FD_FCR A,7,199.36457505915283,207.36457505915283,231.72438443172706,,,none,30.0,10,1,monophasic
Burst_autosave_20260717_161911_499ms,Thenar (R),R_The_ED_FD_FCR A,8,232.72438443172706,240.72438443172706,265.08419380430126,,,none,30.0,10,1,monophasic
Burst_autosave_20260717_161911_499ms,Thenar (R),R_The_ED_FD_FCR A,9,266.08419380430126,274.08419380430126,298.444003176875,,,none,30.0,10,1,monophasic
Burst_autosave_20260717_161911_499ms,Thenar (R),R_The_ED_FD_FCR A,10,299.444003176875,307.444003176875,331.8038125494492,,,none,30.0,10,1,monophasic
Burst_autosave_20260717_161911_499ms,Thenar (R),R_The_ED_FD_FCR A,1,0.0,8.0,32.359809372573764,,,none,30.0,15,1,monophasic
Burst_autosave_20260717_161911_499ms,Thenar (R),R_The_ED_FD_FCR A,2,33.359809372573764,41.359809372573764,65.71961874514798,,,none,30.0,15,1,monophasic
Burst_autosave_20260717_161911_499ms,Thenar (R),R_The_ED_FD_FCR A,3,66.71961874514798,74.71961874514798,98.28514694143064,,,none,30.0,15,1,monophasic
Burst_autosave_20260717_161911_499ms,Thenar (R),R_The_ED_FD_FCR A,4,99.28514694143064,107.28514694143064,131.64495631400484,,,none,30.0,15,1,monophasic
Burst_autosave_20260717_161911_499ms,Thenar (R),R_The_ED_FD_FCR A,5,132.64495631400484,140.64495631400484,165.00476568657862,,,none,30.0,15,1,monophasic
Burst_autosave_20260717_161911_499ms,Thenar (R),R_The_ED_FD_FCR A,6,166.00476568657862,174.00476568657862,198.36457505915283,,,none,30.0,15,1,monophasic
Burst_autosave_20260717_161911_499ms,Thenar (R),R_The_ED_FD_FCR A,7,199.36457505915283,207.36457505915283,231.72438443172706,,,none,30.0,15,1,monophasic
Burst_autosave_20260717_161911_499ms,Thenar (R),R_The_ED_FD_FCR A,8,232.72438443172706,240.72438443172706,265.08419380430126,,,none,30.0,15,1,monophasic
Burst_autosave_20260717_161911_499ms,Thenar (R),R_The_ED_FD_FCR A,9,266.08419380430126,274.08419380430126,298.444003176875,,,none,30.0,15,1,monophasic
Burst_autosave_20260717_161911_499ms,Thenar (R),R_The_ED_FD_FCR A,10,299.444003176875,307.444003176875,331.8038125494492,,,none,30.0,15,1,monophasic
Burst_autosave_20260717_161911_499ms,Thenar (R),R_The_ED_FD_FCR A,1,0.0,8.0,32.359809372573764,,,none,30.0,20,1,monophasic
Burst_autosave_20260717_161911_499ms,Thenar (R),R_The_ED_FD_FCR A,2,33.359809372573764,41.359809372573764,65.71961874514798,,,none,30.0,20,1,monophasic
Burst_autosave_20260717_161911_499ms,Thenar (R),R_The_ED_FD_FCR A,3,66.71961874514798,74.71961874514798,98.28514694143064,,,none,30.0,20,1,monophasic
Burst_autosave_20260717_161911_499ms,Thenar (R),R_The_ED_FD_FCR A,4,99.28514694143064,107.28514694143064,131.64495631400484,,,none,30.0,20,1,monophasic
Burst_autosave_20260717_161911_499ms,Thenar (R),R_The_ED_FD_FCR A,5,132.64495631400484,140.64495631400484,165.00476568657862,,,none,30.0,20,1,monophasic
Burst_autosave_20260717_161911_499ms,Thenar (R),R_The_ED_FD_FCR A,6,166.00476568657862,174.00476568657862,198.36457505915283,,,none,30.0,20,1,monophasic
Burst_autosave_20260717_161911_499ms,Thenar (R),R_The_ED_FD_FCR A,7,199.36457505915283,207.36457505915283,231.72438443172706,,,none,30.0,20,1,monophasic
Burst_autosave_20260717_161911_499ms,Thenar (R),R_The_ED_FD_FCR A,8,232.72438443172706,240.72438443172706,265.08419380430126,,,none,30.0,20,1,monophasic
Burst_autosave_20260717_161911_499ms,Thenar (R),R_The_ED_FD_FCR A,9,266.08419380430126,274.08419380430126,298.444003176875,,,none,30.0,20,1,monophasic
Burst_autosave_20260717_161911_499ms,Thenar (R),R_The_ED_FD_FCR A,10,299.444003176875,307.444003176875,331.8038125494492,,,none,30.0,20,1,monophasic
Burst_autosave_20260717_161911_499ms,Thenar (R),R_The_ED_FD_FCR A,1,0.0,8.0,32.359809372573764,,,none,30.0,25,1,monophasic
Burst_autosave_20260717_161911_499ms,Thenar (R),R_The_ED_FD_FCR A,2,33.359809372573764,41.359809372573764,65.71961874514798,,,none,30.0,25,1,monophasic
Burst_autosave_20260717_161911_499ms,Thenar (R),R_The_ED_FD_FCR A,3,66.71961874514798,74.71961874514798,98.28514694143064,,,none,30.0,25,1,monophasic
Burst_autosave_20260717_161911_499ms,Thenar (R),R_The_ED_FD_FCR A,4,99.28514694143064,107.28514694143064,131.64495631400484,,,none,30.0,25,1,monophasic
Burst_autosave_20260717_161911_499ms,Thenar (R),R_The_ED_FD_FCR A,5,132.64495631400484,140.64495631400484,165.00476568657862,,,none,30.0,25,1,monophasic
Burst_autosave_20260717_161911_499ms,Thenar (R),R_The_ED_FD_FCR A,6,166.00476568657862,174.00476568657862,198.36457505915283,,,none,30.0,25,1,monophasic
Burst_autosave_20260717_161911_499ms,Thenar (R),R_The_ED_FD_FCR A,7,199.36457505915283,207.36457505915283,231.72438443172706,,,none,30.0,25,1,monophasic
Burst_autosave_20260717_161911_499ms,Thenar (R),R_The_ED_FD_FCR A,8,232.72438443172706,240.72438443172706,265.08419380430126,,,none,30.0,25,1,monophasic
Burst_autosave_20260717_161911_499ms,Thenar (R),R_The_ED_FD_FCR A,9,266.08419380430126,274.08419380430126,298.444003176875,,,none,30.0,25,1,monophasic
Burst_autosave_20260717_161911_499ms,Thenar (R),R_The_ED_FD_FCR A,10,299.444003176875,307.444003176875,331.8038125494492,,,none,30.0,25,1,monophasic
Burst_autosave_20260717_161911_499ms,Thenar (R),R_The_ED_FD_FCR A,1,0.0,8.0,32.359809372573764,,,none,30.0,30,1,monophasic
Burst_autosave_20260717_161911_499ms,Thenar (R),R_The_ED_FD_FCR A,2,33.359809372573764,41.359809372573764,65.71961874514798,,,none,30.0,30,1,monophasic
Burst_autosave_20260717_161911_499ms,Thenar (R),R_The_ED_FD_FCR A,3,66.71961874514798,74.71961874514798,98.28514694143064,,,none,30.0,30,1,monophasic
Burst_autosave_20260717_161911_499ms,Thenar (R),R_The_ED_FD_FCR A,4,99.28514694143064,107.28514694143064,131.64495631400484,,,none,30.0,30,1,monophasic
Burst_autosave_20260717_161911_499ms,Thenar (R),R_The_ED_FD_FCR A,5,132.64495631400484,140.64495631400484,165.00476568657862,,,none,30.0,30,1,monophasic
Burst_autosave_20260717_161911_499ms,Thenar (R),R_The_ED_FD_FCR A,6,166.00476568657862,174.00476568657862,198.36457505915283,,,none,30.0,30,1,monophasic
Burst_autosave_20260717_161911_499ms,Thenar (R),R_The_ED_FD_FCR A,7,199.36457505915283,207.36457505915283,231.72438443172706,,,none,30.0,30,1,monophasic
Burst_autosave_20260717_161911_499ms,Thenar (R),R_The_ED_FD_FCR A,8,232.72438443172706,240.72438443172706,265.08419380430126,,,none,30.0,30,1,monophasic
Burst_autosave_20260717_161911_499ms,Thenar (R),R_The_ED_FD_FCR A,9,266.08419380430126,274.08419380430126,298.444003176875,,,none,30.0,30,1,monophasic
Burst_autosave_20260717_161911_499ms,Thenar (R),R_The_ED_FD_FCR A,10,299.444003176875,307.444003176875,331.8038125494492,,,none,30.0,30,1,monophasic
Burst_autosave_20260717_161911_499ms,Thenar (R),R_The_ED_FD_FCR A,1,0.0,8.0,32.359809372573764,,,none,30.0,35,1,monophasic
Burst_autosave_20260717_161911_499ms,Thenar (R),R_The_ED_FD_FCR A,2,33.359809372573764,41.359809372573764,65.71961874514798,,,none,30.0,35,1,monophasic
Burst_autosave_20260717_161911_499ms,Thenar (R),R_The_ED_FD_FCR A,3,66.71961874514798,74.71961874514798,98.28514694143064,,,none,30.0,35,1,monophasic
Burst_autosave_20260717_161911_499ms,Thenar (R),R_The_ED_FD_FCR A,4,99.28514694143064,107.28514694143064,131.64495631400484,,,none,30.0,35,1,monophasic
Burst_autosave_20260717_161911_499ms,Thenar (R),R_The_ED_FD_FCR A,5,132.64495631400484,140.64495631400484,165.00476568657862,,,none,30.0,35,1,monophasic
Burst_autosave_20260717_161911_499ms,Thenar (R),R_The_ED_FD_FCR A,6,166.00476568657862,174.00476568657862,198.36457505915283,,,none,30.0,35,1,monophasic
Burst_autosave_20260717_161911_499ms,Thenar (R),R_The_ED_FD_FCR A,7,199.36457505915283,207.36457505915283,231.72438443172706,,,none,30.0,35,1,monophasic
Burst_autosave_20260717_161911_499ms,Thenar (R),R_The_ED_FD_FCR A,8,232.72438443172706,240.72438443172706,265.08419380430126,,,none,30.0,35,1,monophasic
Burst_autosave_20260717_161911_499ms,Thenar (R),R_The_ED_FD_FCR A,9,266.08419380430126,274.08419380430126,298.444003176875,,,none,30.0,35,1,monophasic
Burst_autosave_20260717_161911_499ms,Thenar (R),R_The_ED_FD_FCR A,10,299.444003176875,307.444003176875,331.8038125494492,,,none,30.0,35,1,monophasic
Burst_autosave_20260717_161911_499ms,Thenar (R),R_The_ED_FD_FCR A,1,0.0,8.0,32.359809372573764,0.10725566372275352,0.10725566372275352,none,30.0,40,1,monophasic
Burst_autosave_20260717_161911_499ms,Thenar (R),R_The_ED_FD_FCR A,2,33.359809372573764,41.359809372573764,65.71961874514798,0.021988250082358718,0.021988250082358718,none,30.0,40,1,monophasic
Burst_autosave_20260717_161911_499ms,Thenar (R),R_The_ED_FD_FCR A,3,66.71961874514798,74.71961874514798,98.28514694143064,0.005539024714380503,0.005539024714380503,none,30.0,40,1,monophasic
Burst_autosave_20260717_161911_499ms,Thenar (R),R_The_ED_FD_FCR A,4,99.28514694143064,107.28514694143064,131.64495631400484,0.08325322344899178,0.08325322344899178,none,30.0,40,1,monophasic
Burst_autosave_20260717_161911_499ms,Thenar (R),R_The_ED_FD_FCR A,5,132.64495631400484,140.64495631400484,165.00476568657862,0.056229496374726295,0.056229496374726295,none,30.0,40,1,monophasic
Burst_autosave_20260717_161911_499ms,Thenar (R),R_The_ED_FD_FCR A,6,166.00476568657862,174.00476568657862,198.36457505915283,3.09127938747406,3.09127938747406,none,30.0,40,1,monophasic
Burst_autosave_20260717_161911_499ms,Thenar (R),R_The_ED_FD_FCR A,7,199.36457505915283,207.36457505915283,231.72438443172706,6.085374355316162,6.085374355316162,none,30.0,40,1,monophasic
Burst_autosave_20260717_161911_499ms,Thenar (R),R_The_ED_FD_FCR A,8,232.72438443172706,240.72438443172706,265.08419380430126,10.950148582458496,10.950148582458496,none,30.0,40,1,monophasic
Burst_autosave_20260717_161911_499ms,Thenar (R),R_The_ED_FD_FCR A,9,266.08419380430126,274.08419380430126,298.444003176875,10.949645042419434,10.949645042419434,none,30.0,40,1,monophasic
Burst_autosave_20260717_161911_499ms,Thenar (R),R_The_ED_FD_FCR A,10,299.444003176875,307.444003176875,331.8038125494492,10.950652122497559,10.950652122497559,none,30.0,40,1,monophasic
Burst_autosave_20260717_161911_499ms,Thenar (R),R_The_ED_FD_FCR A,1,0.0,8.0,32.359809372573764,0.15341420471668243,0.15341420471668243,none,30.0,45,1,monophasic
Burst_autosave_20260717_161911_499ms,Thenar (R),R_The_ED_FD_FCR A,2,33.359809372573764,41.359809372573764,65.71961874514798,0.13461508974432945,0.13461508974432945,none,30.0,45,1,monophasic
Burst_autosave_20260717_161911_499ms,Thenar (R),R_The_ED_FD_FCR A,3,66.71961874514798,74.71961874514798,98.28514694143064,5.327870607376099,5.327870607376099,none,30.0,45,1,monophasic
Burst_autosave_20260717_161911_499ms,Thenar (R),R_The_ED_FD_FCR A,4,99.28514694143064,107.28514694143064,131.64495631400484,5.980804204940796,5.980804204940796,none,30.0,45,1,monophasic
Burst_autosave_20260717_161911_499ms,Thenar (R),R_The_ED_FD_FCR A,5,132.64495631400484,140.64495631400484,165.00476568657862,10.951155662536621,10.951155662536621,none,30.0,45,1,monophasic
Burst_autosave_20260717_161911_499ms,Thenar (R),R_The_ED_FD_FCR A,6,166.00476568657862,174.00476568657862,198.36457505915283,10.950484275817871,10.950484275817871,none,30.0,45,1,monophasic
Burst_autosave_20260717_161911_499ms,Thenar (R),R_The_ED_FD_FCR A,7,199.36457505915283,207.36457505915283,231.72438443172706,10.950484275817871,10.950484275817871,none,30.0,45,1,monophasic
Burst_autosave_20260717_161911_499ms,Thenar (R),R_The_ED_FD_FCR A,8,232.72438443172706,240.72438443172706,265.08419380430126,10.949980735778809,10.949980735778809,none,30.0,45,1,monophasic
Burst_autosave_20260717_161911_499ms,Thenar (R),R_The_ED_FD_FCR A,9,266.08419380430126,274.08419380430126,298.444003176875,10.950819969177246,10.950819969177246,none,30.0,45,1,monophasic
Burst_autosave_20260717_161911_499ms,Thenar (R),R_The_ED_FD_FCR A,10,299.444003176875,307.444003176875,331.8038125494492,10.949645042419434,10.949645042419434,none,30.0,45,1,monophasic
Burst_autosave_20260717_161911_499ms,Ext. digitorum (R),R_The_ED_FD_FCR B,1,0.0,8.0,32.359809372573764,,,none,30.0,10,1,monophasic
Burst_autosave_20260717_161911_499ms,Ext. digitorum (R),R_The_ED_FD_FCR B,2,33.359809372573764,41.359809372573764,65.71961874514798,,,none,30.0,10,1,monophasic
Burst_autosave_20260717_161911_499ms,Ext. digitorum (R),R_The_ED_FD_FCR B,3,66.71961874514798,74.71961874514798,98.28514694143064,,,none,30.0,10,1,monophasic
Burst_autosave_20260717_161911_499ms,Ext. digitorum (R),R_The_ED_FD_FCR B,4,99.28514694143064,107.28514694143064,131.64495631400484,,,none,30.0,10,1,monophasic
Burst_autosave_20260717_161911_499ms,Ext. digitorum (R),R_The_ED_FD_FCR B,5,132.64495631400484,140.64495631400484,165.00476568657862,,,none,30.0,10,1,monophasic
Burst_autosave_20260717_161911_499ms,Ext. digitorum (R),R_The_ED_FD_FCR B,6,166.00476568657862,174.00476568657862,198.36457505915283,,,none,30.0,10,1,monophasic
Burst_autosave_20260717_161911_499ms,Ext. digitorum (R),R_The_ED_FD_FCR B,7,199.36457505915283,207.36457505915283,231.72438443172706,,,none,30.0,10,1,monophasic
Burst_autosave_20260717_161911_499ms,Ext. digitorum (R),R_The_ED_FD_FCR B,8,232.72438443172706,240.72438443172706,265.08419380430126,,,none,30.0,10,1,monophasic
Burst_autosave_20260717_161911_499ms,Ext. digitorum (R),R_The_ED_FD_FCR B,9,266.08419380430126,274.08419380430126,298.444003176875,,,none,30.0,10,1,monophasic
Burst_autosave_20260717_161911_499ms,Ext. digitorum (R),R_The_ED_FD_FCR B,10,299.444003176875,307.444003176875,331.8038125494492,,,none,30.0,10,1,monophasic
Burst_autosave_20260717_161911_499ms,Ext. digitorum (R),R_The_ED_FD_FCR B,1,0.0,8.0,32.359809372573764,,,none,30.0,15,1,monophasic
Burst_autosave_20260717_161911_499ms,Ext. digitorum (R),R_The_ED_FD_FCR B,2,33.359809372573764,41.359809372573764,65.71961874514798,,,none,30.0,15,1,monophasic
Burst_autosave_20260717_161911_499ms,Ext. digitorum (R),R_The_ED_FD_FCR B,3,66.71961874514798,74.71961874514798,98.28514694143064,,,none,30.0,15,1,monophasic
Burst_autosave_20260717_161911_499ms,Ext. digitorum (R),R_The_ED_FD_FCR B,4,99.28514694143064,107.28514694143064,131.64495631400484,,,none,30.0,15,1,monophasic
Burst_autosave_20260717_161911_499ms,Ext. digitorum (R),R_The_ED_FD_FCR B,5,132.64495631400484,140.64495631400484,165.00476568657862,,,none,30.0,15,1,monophasic
Burst_autosave_20260717_161911_499ms,Ext. digitorum (R),R_The_ED_FD_FCR B,6,166.00476568657862,174.00476568657862,198.36457505915283,,,none,30.0,15,1,monophasic
Burst_autosave_20260717_161911_499ms,Ext. digitorum (R),R_The_ED_FD_FCR B,7,199.36457505915283,207.36457505915283,231.72438443172706,,,none,30.0,15,1,monophasic
Burst_autosave_20260717_161911_499ms,Ext. digitorum (R),R_The_ED_FD_FCR B,8,232.72438443172706,240.72438443172706,265.08419380430126,,,none,30.0,15,1,monophasic
Burst_autosave_20260717_161911_499ms,Ext. digitorum (R),R_The_ED_FD_FCR B,9,266.08419380430126,274.08419380430126,298.444003176875,,,none,30.0,15,1,monophasic
Burst_autosave_20260717_161911_499ms,Ext. digitorum (R),R_The_ED_FD_FCR B,10,299.444003176875,307.444003176875,331.8038125494492,,,none,30.0,15,1,monophasic
Burst_autosave_20260717_161911_499ms,Ext. digitorum (R),R_The_ED_FD_FCR B,1,0.0,8.0,32.359809372573764,,,none,30.0,20,1,monophasic
Burst_autosave_20260717_161911_499ms,Ext. digitorum (R),R_The_ED_FD_FCR B,2,33.359809372573764,41.359809372573764,65.71961874514798,,,none,30.0,20,1,monophasic
Burst_autosave_20260717_161911_499ms,Ext. digitorum (R),R_The_ED_FD_FCR B,3,66.71961874514798,74.71961874514798,98.28514694143064,,,none,30.0,20,1,monophasic
Burst_autosave_20260717_161911_499ms,Ext. digitorum (R),R_The_ED_FD_FCR B,4,99.28514694143064,107.28514694143064,131.64495631400484,,,none,30.0,20,1,monophasic
Burst_autosave_20260717_161911_499ms,Ext. digitorum (R),R_The_ED_FD_FCR B,5,132.64495631400484,140.64495631400484,165.00476568657862,,,none,30.0,20,1,monophasic
Burst_autosave_20260717_161911_499ms,Ext. digitorum (R),R_The_ED_FD_FCR B,6,166.00476568657862,174.00476568657862,198.36457505915283,,,none,30.0,20,1,monophasic
Burst_autosave_20260717_161911_499ms,Ext. digitorum (R),R_The_ED_FD_FCR B,7,199.36457505915283,207.36457505915283,231.72438443172706,,,none,30.0,20,1,monophasic
Burst_autosave_20260717_161911_499ms,Ext. digitorum (R),R_The_ED_FD_FCR B,8,232.72438443172706,240.72438443172706,265.08419380430126,,,none,30.0,20,1,monophasic
Burst_autosave_20260717_161911_499ms,Ext. digitorum (R),R_The_ED_FD_FCR B,9,266.08419380430126,274.08419380430126,298.444003176875,,,none,30.0,20,1,monophasic
Burst_autosave_20260717_161911_499ms,Ext. digitorum (R),R_The_ED_FD_FCR B,10,299.444003176875,307.444003176875,331.8038125494492,,,none,30.0,20,1,monophasic
Burst_autosave_20260717_161911_499ms,Ext. digitorum (R),R_The_ED_FD_FCR B,1,0.0,8.0,32.359809372573764,,,none,30.0,25,1,monophasic
Burst_autosave_20260717_161911_499ms,Ext. digitorum (R),R_The_ED_FD_FCR B,2,33.359809372573764,41.359809372573764,65.71961874514798,,,none,30.0,25,1,monophasic
Burst_autosave_20260717_161911_499ms,Ext. digitorum (R),R_The_ED_FD_FCR B,3,66.71961874514798,74.71961874514798,98.28514694143064,,,none,30.0,25,1,monophasic
Burst_autosave_20260717_161911_499ms,Ext. digitorum (R),R_The_ED_FD_FCR B,4,99.28514694143064,107.28514694143064,131.64495631400484,,,none,30.0,25,1,monophasic
Burst_autosave_20260717_161911_499ms,Ext. digitorum (R),R_The_ED_FD_FCR B,5,132.64495631400484,140.64495631400484,165.00476568657862,,,none,30.0,25,1,monophasic
Burst_autosave_20260717_161911_499ms,Ext. digitorum (R),R_The_ED_FD_FCR B,6,166.00476568657862,174.00476568657862,198.36457505915283,,,none,30.0,25,1,monophasic
Burst_autosave_20260717_161911_499ms,Ext. digitorum (R),R_The_ED_FD_FCR B,7,199.36457505915283,207.36457505915283,231.72438443172706,,,none,30.0,25,1,monophasic
Burst_autosave_20260717_161911_499ms,Ext. digitorum (R),R_The_ED_FD_FCR B,8,232.72438443172706,240.72438443172706,265.08419380430126,,,none,30.0,25,1,monophasic
Burst_autosave_20260717_161911_499ms,Ext. digitorum (R),R_The_ED_FD_FCR B,9,266.08419380430126,274.08419380430126,298.444003176875,,,none,30.0,25,1,monophasic
Burst_autosave_20260717_161911_499ms,Ext. digitorum (R),R_The_ED_FD_FCR B,10,299.444003176875,307.444003176875,331.8038125494492,,,none,30.0,25,1,monophasic
Burst_autosave_20260717_161911_499ms,Ext. digitorum (R),R_The_ED_FD_FCR B,1,0.0,8.0,32.359809372573764,,,none,30.0,30,1,monophasic
Burst_autosave_20260717_161911_499ms,Ext. digitorum (R),R_The_ED_FD_FCR B,2,33.359809372573764,41.359809372573764,65.71961874514798,,,none,30.0,30,1,monophasic
Burst_autosave_20260717_161911_499ms,Ext. digitorum (R),R_The_ED_FD_FCR B,3,66.71961874514798,74.71961874514798,98.28514694143064,,,none,30.0,30,1,monophasic
Burst_autosave_20260717_161911_499ms,Ext. digitorum (R),R_The_ED_FD_FCR B,4,99.28514694143064,107.28514694143064,131.64495631400484,,,none,30.0,30,1,monophasic
Burst_autosave_20260717_161911_499ms,Ext. digitorum (R),R_The_ED_FD_FCR B,5,132.64495631400484,140.64495631400484,165.00476568657862,,,none,30.0,30,1,monophasic
Burst_autosave_20260717_161911_499ms,Ext. digitorum (R),R_The_ED_FD_FCR B,6,166.00476568657862,174.00476568657862,198.36457505915283,,,none,30.0,30,1,monophasic
Burst_autosave_20260717_161911_499ms,Ext. digitorum (R),R_The_ED_FD_FCR B,7,199.36457505915283,207.36457505915283,231.72438443172706,,,none,30.0,30,1,monophasic
Burst_autosave_20260717_161911_499ms,Ext. digitorum (R),R_The_ED_FD_FCR B,8,232.72438443172706,240.72438443172706,265.08419380430126,,,none,30.0,30,1,monophasic
Burst_autosave_20260717_161911_499ms,Ext. digitorum (R),R_The_ED_FD_FCR B,9,266.08419380430126,274.08419380430126,298.444003176875,,,none,30.0,30,1,monophasic
Burst_autosave_20260717_161911_499ms,Ext. digitorum (R),R_The_ED_FD_FCR B,10,299.444003176875,307.444003176875,331.8038125494492,,,none,30.0,30,1,monophasic
Burst_autosave_20260717_161911_499ms,Ext. digitorum (R),R_The_ED_FD_FCR B,1,0.0,8.0,32.359809372573764,0.028870068723335862,0.028870068723335862,none,30.0,35,1,monophasic
Burst_autosave_20260717_161911_499ms,Ext. digitorum (R),R_The_ED_FD_FCR B,2,33.359809372573764,41.359809372573764,65.71961874514798,0.03256275434978306,0.03256275434978306,none,30.0,35,1,monophasic
Burst_autosave_20260717_161911_499ms,Ext. digitorum (R),R_The_ED_FD_FCR B,3,66.71961874514798,74.71961874514798,98.28514694143064,0.008392461575567722,0.008392461575567722,none,30.0,35,1,monophasic
Burst_autosave_20260717_161911_499ms,Ext. digitorum (R),R_The_ED_FD_FCR B,4,99.28514694143064,107.28514694143064,131.64495631400484,0.026520179817453027,0.026520179817453027,none,30.0,35,1,monophasic
Burst_autosave_20260717_161911_499ms,Ext. digitorum (R),R_The_ED_FD_FCR B,5,132.64495631400484,140.64495631400484,165.00476568657862,0.030548561131581664,0.030548561131581664,none,30.0,35,1,monophasic
Burst_autosave_20260717_161911_499ms,Ext. digitorum (R),R_The_ED_FD_FCR B,6,166.00476568657862,174.00476568657862,198.36457505915283,0.008560311514884233,0.008560311514884233,none,30.0,35,1,monophasic
Burst_autosave_20260717_161911_499ms,Ext. digitorum (R),R_The_ED_FD_FCR B,7,199.36457505915283,207.36457505915283,231.72438443172706,0.029541465686634183,0.029541465686634183,none,30.0,35,1,monophasic
Burst_autosave_20260717_161911_499ms,Ext. digitorum (R),R_The_ED_FD_FCR B,8,232.72438443172706,240.72438443172706,265.08419380430126,0.0265201807487756,0.0265201807487756,none,30.0,35,1,monophasic
Burst_autosave_20260717_161911_499ms,Ext. digitorum (R),R_The_ED_FD_FCR B,9,266.08419380430126,274.08419380430126,298.444003176875,0.013763637514784932,0.013763637514784932,none,30.0,35,1,monophasic
Burst_autosave_20260717_161911_499ms,Ext. digitorum (R),R_The_ED_FD_FCR B,10,299.444003176875,307.444003176875,331.8038125494492,0.022827496053650975,0.022827496053650975,none,30.0,35,1,monophasic
Burst_autosave_20260717_161911_499ms,Ext. digitorum (R),R_The_ED_FD_FCR B,1,0.0,8.0,32.359809372573764,0.13008316233754158,0.13008316233754158,none,30.0,40,1,monophasic
Burst_autosave_20260717_161911_499ms,Ext. digitorum (R),R_The_ED_FD_FCR B,2,33.359809372573764,41.359809372573764,65.71961874514798,0.06646829843521118,0.06646829843521118,none,30.0,40,1,monophasic
Burst_autosave_20260717_161911_499ms,Ext. digitorum (R),R_The_ED_FD_FCR B,3,66.71961874514798,74.71961874514798,98.28514694143064,0.10070954635739326,0.10070954635739326,none,30.0,40,1,monophasic
Burst_autosave_20260717_161911_499ms,Ext. digitorum (R),R_The_ED_FD_FCR B,4,99.28514694143064,107.28514694143064,131.64495631400484,0.06143282167613506,0.06143282167613506,none,30.0,40,1,monophasic
Burst_autosave_20260717_161911_499ms,Ext. digitorum (R),R_The_ED_FD_FCR B,5,132.64495631400484,140.64495631400484,165.00476568657862,0.05270466022193432,0.05270466022193432,none,30.0,40,1,monophasic
Burst_autosave_20260717_161911_499ms,Ext. digitorum (R),R_The_ED_FD_FCR B,6,166.00476568657862,174.00476568657862,198.36457505915283,0.050354772713035345,0.050354772713035345,none,30.0,40,1,monophasic
Burst_autosave_20260717_161911_499ms,Ext. digitorum (R),R_The_ED_FD_FCR B,7,199.36457505915283,207.36457505915283,231.72438443172706,0.054886700585484505,0.054886700585484505,none,30.0,40,1,monophasic
Burst_autosave_20260717_161911_499ms,Ext. digitorum (R),R_The_ED_FD_FCR B,8,232.72438443172706,240.72438443172706,265.08419380430126,0.04884412884712219,0.04884412884712219,none,30.0,40,1,monophasic
Burst_autosave_20260717_161911_499ms,Ext. digitorum (R),R_The_ED_FD_FCR B,9,266.08419380430126,274.08419380430126,298.444003176875,0.05438315402716398,0.05438315402716398,none,30.0,40,1,monophasic
Burst_autosave_20260717_161911_499ms,Ext. digitorum (R),R_The_ED_FD_FCR B,10,299.444003176875,307.444003176875,331.8038125494492,0.11413748562335968,0.11413748562335968,none,30.0,40,1,monophasic
Burst_autosave_20260717_161911_499ms,Ext. digitorum (R),R_The_ED_FD_FCR B,1,0.0,8.0,32.359809372573764,0.13243305310606956,0.13243305310606956,none,30.0,45,1,monophasic
Burst_autosave_20260717_161911_499ms,Ext. digitorum (R),R_The_ED_FD_FCR B,2,33.359809372573764,41.359809372573764,65.71961874514798,0.1440146528184414,0.1440146528184414,none,30.0,45,1,monophasic
Burst_autosave_20260717_161911_499ms,Ext. digitorum (R),R_The_ED_FD_FCR B,3,66.71961874514798,74.71961874514798,98.28514694143064,0.1294117607176304,0.1294117607176304,none,30.0,45,1,monophasic
Burst_autosave_20260717_161911_499ms,Ext. digitorum (R),R_The_ED_FD_FCR B,4,99.28514694143064,107.28514694143064,131.64495631400484,0.06495765596628189,0.06495765596628189,none,30.0,45,1,monophasic
Burst_autosave_20260717_161911_499ms,Ext. digitorum (R),R_The_ED_FD_FCR B,5,132.64495631400484,140.64495631400484,165.00476568657862,0.13579003885388374,0.13579003885388374,none,30.0,45,1,monophasic
Burst_autosave_20260717_161911_499ms,Ext. digitorum (R),R_The_ED_FD_FCR B,6,166.00476568657862,174.00476568657862,198.36457505915283,0.13864346966147423,0.13864346966147423,none,30.0,45,1,monophasic
Burst_autosave_20260717_161911_499ms,Ext. digitorum (R),R_The_ED_FD_FCR B,7,199.36457505915283,207.36457505915283,231.72438443172706,0.07435721158981323,0.07435721158981323,none,30.0,45,1,monophasic
Burst_autosave_20260717_161911_499ms,Ext. digitorum (R),R_The_ED_FD_FCR B,8,232.72438443172706,240.72438443172706,265.08419380430126,0.11816586554050446,0.11816586554050446,none,30.0,45,1,monophasic
Burst_autosave_20260717_161911_499ms,Ext. digitorum (R),R_The_ED_FD_FCR B,9,266.08419380430126,274.08419380430126,298.444003176875,0.11749447137117386,0.11749447137117386,none,30.0,45,1,monophasic
Burst_autosave_20260717_161911_499ms,Ext. digitorum (R),R_The_ED_FD_FCR B,10,299.444003176875,307.444003176875,331.8038125494492,0.08627450838685036,0.08627450838685036,none,30.0,45,1,monophasic
Burst_autosave_20260717_161911_499ms,Flex. digitorum (R),R_The_ED_FD_FCR C,1,0.0,8.0,32.359809372573764,,,none,30.0,10,1,monophasic
Burst_autosave_20260717_161911_499ms,Flex. digitorum (R),R_The_ED_FD_FCR C,2,33.359809372573764,41.359809372573764,65.71961874514798,,,none,30.0,10,1,monophasic
Burst_autosave_20260717_161911_499ms,Flex. digitorum (R),R_The_ED_FD_FCR C,3,66.71961874514798,74.71961874514798,98.28514694143064,,,none,30.0,10,1,monophasic
Burst_autosave_20260717_161911_499ms,Flex. digitorum (R),R_The_ED_FD_FCR C,4,99.28514694143064,107.28514694143064,131.64495631400484,,,none,30.0,10,1,monophasic
Burst_autosave_20260717_161911_499ms,Flex. digitorum (R),R_The_ED_FD_FCR C,5,132.64495631400484,140.64495631400484,165.00476568657862,,,none,30.0,10,1,monophasic
Burst_autosave_20260717_161911_499ms,Flex. digitorum (R),R_The_ED_FD_FCR C,6,166.00476568657862,174.00476568657862,198.36457505915283,,,none,30.0,10,1,monophasic
Burst_autosave_20260717_161911_499ms,Flex. digitorum (R),R_The_ED_FD_FCR C,7,199.36457505915283,207.36457505915283,231.72438443172706,,,none,30.0,10,1,monophasic
Burst_autosave_20260717_161911_499ms,Flex. digitorum (R),R_The_ED_FD_FCR C,8,232.72438443172706,240.72438443172706,265.08419380430126,,,none,30.0,10,1,monophasic
Burst_autosave_20260717_161911_499ms,Flex. digitorum (R),R_The_ED_FD_FCR C,9,266.08419380430126,274.08419380430126,298.444003176875,,,none,30.0,10,1,monophasic
Burst_autosave_20260717_161911_499ms,Flex. digitorum (R),R_The_ED_FD_FCR C,10,299.444003176875,307.444003176875,331.8038125494492,,,none,30.0,10,1,monophasic
Burst_autosave_20260717_161911_499ms,Flex. digitorum (R),R_The_ED_FD_FCR C,1,0.0,8.0,32.359809372573764,,,none,30.0,15,1,monophasic
Burst_autosave_20260717_161911_499ms,Flex. digitorum (R),R_The_ED_FD_FCR C,2,33.359809372573764,41.359809372573764,65.71961874514798,,,none,30.0,15,1,monophasic
Burst_autosave_20260717_161911_499ms,Flex. digitorum (R),R_The_ED_FD_FCR C,3,66.71961874514798,74.71961874514798,98.28514694143064,,,none,30.0,15,1,monophasic
Burst_autosave_20260717_161911_499ms,Flex. digitorum (R),R_The_ED_FD_FCR C,4,99.28514694143064,107.28514694143064,131.64495631400484,,,none,30.0,15,1,monophasic
Burst_autosave_20260717_161911_499ms,Flex. digitorum (R),R_The_ED_FD_FCR C,5,132.64495631400484,140.64495631400484,165.00476568657862,,,none,30.0,15,1,monophasic
Burst_autosave_20260717_161911_499ms,Flex. digitorum (R),R_The_ED_FD_FCR C,6,166.00476568657862,174.00476568657862,198.36457505915283,,,none,30.0,15,1,monophasic
Burst_autosave_20260717_161911_499ms,Flex. digitorum (R),R_The_ED_FD_FCR C,7,199.36457505915283,207.36457505915283,231.72438443172706,,,none,30.0,15,1,monophasic
Burst_autosave_20260717_161911_499ms,Flex. digitorum (R),R_The_ED_FD_FCR C,8,232.72438443172706,240.72438443172706,265.08419380430126,,,none,30.0,15,1,monophasic
Burst_autosave_20260717_161911_499ms,Flex. digitorum (R),R_The_ED_FD_FCR C,9,266.08419380430126,274.08419380430126,298.444003176875,,,none,30.0,15,1,monophasic
Burst_autosave_20260717_161911_499ms,Flex. digitorum (R),R_The_ED_FD_FCR C,10,299.444003176875,307.444003176875,331.8038125494492,,,none,30.0,15,1,monophasic
Burst_autosave_20260717_161911_499ms,Flex. digitorum (R),R_The_ED_FD_FCR C,1,0.0,8.0,32.359809372573764,,,none,30.0,20,1,monophasic
Burst_autosave_20260717_161911_499ms,Flex. digitorum (R),R_The_ED_FD_FCR C,2,33.359809372573764,41.359809372573764,65.71961874514798,,,none,30.0,20,1,monophasic
Burst_autosave_20260717_161911_499ms,Flex. digitorum (R),R_The_ED_FD_FCR C,3,66.71961874514798,74.71961874514798,98.28514694143064,,,none,30.0,20,1,monophasic
Burst_autosave_20260717_161911_499ms,Flex. digitorum (R),R_The_ED_FD_FCR C,4,99.28514694143064,107.28514694143064,131.64495631400484,,,none,30.0,20,1,monophasic
Burst_autosave_20260717_161911_499ms,Flex. digitorum (R),R_The_ED_FD_FCR C,5,132.64495631400484,140.64495631400484,165.00476568657862,,,none,30.0,20,1,monophasic
Burst_autosave_20260717_161911_499ms,Flex. digitorum (R),R_The_ED_FD_FCR C,6,166.00476568657862,174.00476568657862,198.36457505915283,,,none,30.0,20,1,monophasic
Burst_autosave_20260717_161911_499ms,Flex. digitorum (R),R_The_ED_FD_FCR C,7,199.36457505915283,207.36457505915283,231.72438443172706,,,none,30.0,20,1,monophasic
Burst_autosave_20260717_161911_499ms,Flex. digitorum (R),R_The_ED_FD_FCR C,8,232.72438443172706,240.72438443172706,265.08419380430126,,,none,30.0,20,1,monophasic
Burst_autosave_20260717_161911_499ms,Flex. digitorum (R),R_The_ED_FD_FCR C,9,266.08419380430126,274.08419380430126,298.444003176875,,,none,30.0,20,1,monophasic
Burst_autosave_20260717_161911_499ms,Flex. digitorum (R),R_The_ED_FD_FCR C,10,299.444003176875,307.444003176875,331.8038125494492,,,none,30.0,20,1,monophasic
Burst_autosave_20260717_161911_499ms,Flex. digitorum (R),R_The_ED_FD_FCR C,1,0.0,8.0,32.359809372573764,,,none,30.0,25,1,monophasic
Burst_autosave_20260717_161911_499ms,Flex. digitorum (R),R_The_ED_FD_FCR C,2,33.359809372573764,41.359809372573764,65.71961874514798,,,none,30.0,25,1,monophasic
Burst_autosave_20260717_161911_499ms,Flex. digitorum (R),R_The_ED_FD_FCR C,3,66.71961874514798,74.71961874514798,98.28514694143064,,,none,30.0,25,1,monophasic
Burst_autosave_20260717_161911_499ms,Flex. digitorum (R),R_The_ED_FD_FCR C,4,99.28514694143064,107.28514694143064,131.64495631400484,,,none,30.0,25,1,monophasic
Burst_autosave_20260717_161911_499ms,Flex. digitorum (R),R_The_ED_FD_FCR C,5,132.64495631400484,140.64495631400484,165.00476568657862,,,none,30.0,25,1,monophasic
Burst_autosave_20260717_161911_499ms,Flex. digitorum (R),R_The_ED_FD_FCR C,6,166.00476568657862,174.00476568657862,198.36457505915283,,,none,30.0,25,1,monophasic
Burst_autosave_20260717_161911_499ms,Flex. digitorum (R),R_The_ED_FD_FCR C,7,199.36457505915283,207.36457505915283,231.72438443172706,,,none,30.0,25,1,monophasic
Burst_autosave_20260717_161911_499ms,Flex. digitorum (R),R_The_ED_FD_FCR C,8,232.72438443172706,240.72438443172706,265.08419380430126,,,none,30.0,25,1,monophasic
Burst_autosave_20260717_161911_499ms,Flex. digitorum (R),R_The_ED_FD_FCR C,9,266.08419380430126,274.08419380430126,298.444003176875,,,none,30.0,25,1,monophasic
Burst_autosave_20260717_161911_499ms,Flex. digitorum (R),R_The_ED_FD_FCR C,10,299.444003176875,307.444003176875,331.8038125494492,,,none,30.0,25,1,monophasic
Burst_autosave_20260717_161911_499ms,Flex. digitorum (R),R_The_ED_FD_FCR C,1,0.0,8.0,32.359809372573764,0.10876630619168282,0.10876630619168282,none,30.0,30,1,monophasic
Burst_autosave_20260717_161911_499ms,Flex. digitorum (R),R_The_ED_FD_FCR C,2,33.359809372573764,41.359809372573764,65.71961874514798,0.02517738565802574,0.02517738565802574,none,30.0,30,1,monophasic
Burst_autosave_20260717_161911_499ms,Flex. digitorum (R),R_The_ED_FD_FCR C,3,66.71961874514798,74.71961874514798,98.28514694143064,0.030212863348424435,0.030212863348424435,none,30.0,30,1,monophasic
Burst_autosave_20260717_161911_499ms,Flex. digitorum (R),R_The_ED_FD_FCR C,4,99.28514694143064,107.28514694143064,131.64495631400484,0.028870069421827793,0.028870069421827793,none,30.0,30,1,monophasic
Burst_autosave_20260717_161911_499ms,Flex. digitorum (R),R_The_ED_FD_FCR C,5,132.64495631400484,140.64495631400484,165.00476568657862,0.0295414668507874,0.0295414668507874,none,30.0,30,1,monophasic
Burst_autosave_20260717_161911_499ms,Flex. digitorum (R),R_The_ED_FD_FCR C,6,166.00476568657862,174.00476568657862,198.36457505915283,0.02954146545380354,0.02954146545380354,none,30.0,30,1,monophasic
Burst_autosave_20260717_161911_499ms,Flex. digitorum (R),R_The_ED_FD_FCR C,7,199.36457505915283,207.36457505915283,231.72438443172706,0.04431219957768917,0.04431219957768917,none,30.0,30,1,monophasic
Burst_autosave_20260717_161911_499ms,Flex. digitorum (R),R_The_ED_FD_FCR C,8,232.72438443172706,240.72438443172706,265.08419380430126,0.02937361691147089,0.02937361691147089,none,30.0,30,1,monophasic
Burst_autosave_20260717_161911_499ms,Flex. digitorum (R),R_The_ED_FD_FCR C,9,266.08419380430126,274.08419380430126,298.444003176875,0.038269626908004284,0.038269626908004284,none,30.0,30,1,monophasic
Burst_autosave_20260717_161911_499ms,Flex. digitorum (R),R_The_ED_FD_FCR C,10,299.444003176875,307.444003176875,331.8038125494492,0.030884260311722755,0.030884260311722755,none,30.0,30,1,monophasic
Burst_autosave_20260717_161911_499ms,Flex. digitorum (R),R_The_ED_FD_FCR C,1,0.0,8.0,32.359809372573764,0.20225834101438522,0.20225834101438522,none,30.0,35,1,monophasic
Burst_autosave_20260717_161911_499ms,Flex. digitorum (R),R_The_ED_FD_FCR C,2,33.359809372573764,41.359809372573764,65.71961874514798,0.1272297278046608,0.1272297278046608,none,30.0,35,1,monophasic
Burst_autosave_20260717_161911_499ms,Flex. digitorum (R),R_The_ED_FD_FCR C,3,66.71961874514798,74.71961874514798,98.28514694143064,0.11682307347655296,0.11682307347655296,none,30.0,35,1,monophasic
Burst_autosave_20260717_161911_499ms,Flex. digitorum (R),R_The_ED_FD_FCR C,4,99.28514694143064,107.28514694143064,131.64495631400484,0.13327230140566826,0.13327230140566826,none,30.0,35,1,monophasic
Burst_autosave_20260717_161911_499ms,Flex. digitorum (R),R_The_ED_FD_FCR C,5,132.64495631400484,140.64495631400484,165.00476568657862,0.16348516196012497,0.16348516196012497,none,30.0,35,1,monophasic
Burst_autosave_20260717_161911_499ms,Flex. digitorum (R),R_The_ED_FD_FCR C,6,166.00476568657862,174.00476568657862,198.36457505915283,0.1195086594671011,0.1195086594671011,none,30.0,35,1,monophasic
Burst_autosave_20260717_161911_499ms,Flex. digitorum (R),R_The_ED_FD_FCR C,7,199.36457505915283,207.36457505915283,231.72438443172706,0.02903791842982173,0.02903791842982173,none,30.0,35,1,monophasic
Burst_autosave_20260717_161911_499ms,Flex. digitorum (R),R_The_ED_FD_FCR C,8,232.72438443172706,240.72438443172706,265.08419380430126,0.12085145339369774,0.12085145339369774,none,30.0,35,1,monophasic
Burst_autosave_20260717_161911_499ms,Flex. digitorum (R),R_The_ED_FD_FCR C,9,266.08419380430126,274.08419380430126,298.444003176875,0.23129624500870705,0.23129624500870705,none,30.0,35,1,monophasic
Burst_autosave_20260717_161911_499ms,Flex. digitorum (R),R_The_ED_FD_FCR C,10,299.444003176875,307.444003176875,331.8038125494492,0.10373083129525185,0.10373083129525185,none,30.0,35,1,monophasic
Burst_autosave_20260717_161911_499ms,Flex. digitorum (R),R_The_ED_FD_FCR C,1,0.0,8.0,32.359809372573764,0.3041428178548813,0.3041428178548813,none,30.0,40,1,monophasic
Burst_autosave_20260717_161911_499ms,Flex. digitorum (R),R_The_ED_FD_FCR C,2,33.359809372573764,41.359809372573764,65.71961874514798,0.191012442111969,0.191012442111969,none,30.0,40,1,monophasic
Burst_autosave_20260717_161911_499ms,Flex. digitorum (R),R_The_ED_FD_FCR C,3,66.71961874514798,74.71961874514798,98.28514694143064,0.1906767413020134,0.1906767413020134,none,30.0,40,1,monophasic
Burst_autosave_20260717_161911_499ms,Flex. digitorum (R),R_The_ED_FD_FCR C,4,99.28514694143064,107.28514694143064,131.64495631400484,0.24036011844873428,0.24036011844873428,none,30.0,40,1,monophasic
Burst_autosave_20260717_161911_499ms,Flex. digitorum (R),R_The_ED_FD_FCR C,5,132.64495631400484,140.64495631400484,165.00476568657862,0.26453040540218353,0.26453040540218353,none,30.0,40,1,monophasic
Burst_autosave_20260717_161911_499ms,Flex. digitorum (R),R_The_ED_FD_FCR C,6,166.00476568657862,174.00476568657862,198.36457505915283,0.13226520270109177,0.13226520270109177,none,30.0,40,1,monophasic
Burst_autosave_20260717_161911_499ms,Flex. digitorum (R),R_The_ED_FD_FCR C,7,199.36457505915283,207.36457505915283,231.72438443172706,0.24757763743400574,0.24757763743400574,none,30.0,40,1,monophasic
Burst_autosave_20260717_161911_499ms,Flex. digitorum (R),R_The_ED_FD_FCR C,8,232.72438443172706,240.72438443172706,265.08419380430126,0.22760356962680817,0.22760356962680817,none,30.0,40,1,monophasic
Burst_autosave_20260717_161911_499ms,Flex. digitorum (R),R_The_ED_FD_FCR C,9,266.08419380430126,274.08419380430126,298.444003176875,0.24539559334516525,0.24539559334516525,none,30.0,40,1,monophasic
Burst_autosave_20260717_161911_499ms,Flex. digitorum (R),R_The_ED_FD_FCR C,10,299.444003176875,307.444003176875,331.8038125494492,0.27661554515361786,0.27661554515361786,none,30.0,40,1,monophasic
Burst_autosave_20260717_161911_499ms,Flex. digitorum (R),R_The_ED_FD_FCR C,1,0.0,8.0,32.359809372573764,0.24690622836351395,0.24690622836351395,none,30.0,45,1,monophasic
Burst_autosave_20260717_161911_499ms,Flex. digitorum (R),R_The_ED_FD_FCR C,2,33.359809372573764,41.359809372573764,65.71961874514798,0.24740977585315704,0.24740977585315704,none,30.0,45,1,monophasic
Burst_autosave_20260717_161911_499ms,Flex. digitorum (R),R_The_ED_FD_FCR C,3,66.71961874514798,74.71961874514798,98.28514694143064,0.3028000220656395,0.3028000220656395,none,30.0,45,1,monophasic
Burst_autosave_20260717_161911_499ms,Flex. digitorum (R),R_The_ED_FD_FCR C,4,99.28514694143064,107.28514694143064,131.64495631400484,0.21216143295168877,0.21216143295168877,none,30.0,45,1,monophasic
Burst_autosave_20260717_161911_499ms,Flex. digitorum (R),R_The_ED_FD_FCR C,5,132.64495631400484,140.64495631400484,165.00476568657862,0.26050202548503876,0.26050202548503876,none,30.0,45,1,monophasic
Burst_autosave_20260717_161911_499ms,Flex. digitorum (R),R_The_ED_FD_FCR C,6,166.00476568657862,174.00476568657862,198.36457505915283,0.26268406212329865,0.26268406212329865,none,30.0,45,1,monophasic
Burst_autosave_20260717_161911_499ms,Flex. digitorum (R),R_The_ED_FD_FCR C,7,199.36457505915283,207.36457505915283,231.72438443172706,0.22928206622600555,0.22928206622600555,none,30.0,45,1,monophasic
Burst_autosave_20260717_161911_499ms,Flex. digitorum (R),R_The_ED_FD_FCR C,8,232.72438443172706,240.72438443172706,265.08419380430126,0.22944991290569305,0.22944991290569305,none,30.0,45,1,monophasic
Burst_autosave_20260717_161911_499ms,Flex. digitorum (R),R_The_ED_FD_FCR C,9,266.08419380430126,274.08419380430126,298.444003176875,0.26184480637311935,0.26184480637311935,none,30.0,45,1,monophasic
Burst_autosave_20260717_161911_499ms,Flex. digitorum (R),R_The_ED_FD_FCR C,10,299.444003176875,307.444003176875,331.8038125494492,0.2401922643184662,0.2401922643184662,none,30.0,45,1,monophasic
Burst_autosave_20260717_161911_499ms,Flex. carpi rad. (R),R_The_ED_FD_FCR D,1,0.0,8.0,32.359809372573764,,,none,30.0,10,1,monophasic
Burst_autosave_20260717_161911_499ms,Flex. carpi rad. (R),R_The_ED_FD_FCR D,2,33.359809372573764,41.359809372573764,65.71961874514798,,,none,30.0,10,1,monophasic
Burst_autosave_20260717_161911_499ms,Flex. carpi rad. (R),R_The_ED_FD_FCR D,3,66.71961874514798,74.71961874514798,98.28514694143064,,,none,30.0,10,1,monophasic
Burst_autosave_20260717_161911_499ms,Flex. carpi rad. (R),R_The_ED_FD_FCR D,4,99.28514694143064,107.28514694143064,131.64495631400484,,,none,30.0,10,1,monophasic
Burst_autosave_20260717_161911_499ms,Flex. carpi rad. (R),R_The_ED_FD_FCR D,5,132.64495631400484,140.64495631400484,165.00476568657862,,,none,30.0,10,1,monophasic
Burst_autosave_20260717_161911_499ms,Flex. carpi rad. (R),R_The_ED_FD_FCR D,6,166.00476568657862,174.00476568657862,198.36457505915283,,,none,30.0,10,1,monophasic
Burst_autosave_20260717_161911_499ms,Flex. carpi rad. (R),R_The_ED_FD_FCR D,7,199.36457505915283,207.36457505915283,231.72438443172706,,,none,30.0,10,1,monophasic
Burst_autosave_20260717_161911_499ms,Flex. carpi rad. (R),R_The_ED_FD_FCR D,8,232.72438443172706,240.72438443172706,265.08419380430126,,,none,30.0,10,1,monophasic
Burst_autosave_20260717_161911_499ms,Flex. carpi rad. (R),R_The_ED_FD_FCR D,9,266.08419380430126,274.08419380430126,298.444003176875,,,none,30.0,10,1,monophasic
Burst_autosave_20260717_161911_499ms,Flex. carpi rad. (R),R_The_ED_FD_FCR D,10,299.444003176875,307.444003176875,331.8038125494492,,,none,30.0,10,1,monophasic
Burst_autosave_20260717_161911_499ms,Flex. carpi rad. (R),R_The_ED_FD_FCR D,1,0.0,8.0,32.359809372573764,,,none,30.0,15,1,monophasic
Burst_autosave_20260717_161911_499ms,Flex. carpi rad. (R),R_The_ED_FD_FCR D,2,33.359809372573764,41.359809372573764,65.71961874514798,,,none,30.0,15,1,monophasic
Burst_autosave_20260717_161911_499ms,Flex. carpi rad. (R),R_The_ED_FD_FCR D,3,66.71961874514798,74.71961874514798,98.28514694143064,,,none,30.0,15,1,monophasic
Burst_autosave_20260717_161911_499ms,Flex. carpi rad. (R),R_The_ED_FD_FCR D,4,99.28514694143064,107.28514694143064,131.64495631400484,,,none,30.0,15,1,monophasic
Burst_autosave_20260717_161911_499ms,Flex. carpi rad. (R),R_The_ED_FD_FCR D,5,132.64495631400484,140.64495631400484,165.00476568657862,,,none,30.0,15,1,monophasic
Burst_autosave_20260717_161911_499ms,Flex. carpi rad. (R),R_The_ED_FD_FCR D,6,166.00476568657862,174.00476568657862,198.36457505915283,,,none,30.0,15,1,monophasic
Burst_autosave_20260717_161911_499ms,Flex. carpi rad. (R),R_The_ED_FD_FCR D,7,199.36457505915283,207.36457505915283,231.72438443172706,,,none,30.0,15,1,monophasic
Burst_autosave_20260717_161911_499ms,Flex. carpi rad. (R),R_The_ED_FD_FCR D,8,232.72438443172706,240.72438443172706,265.08419380430126,,,none,30.0,15,1,monophasic
Burst_autosave_20260717_161911_499ms,Flex. carpi rad. (R),R_The_ED_FD_FCR D,9,266.08419380430126,274.08419380430126,298.444003176875,,,none,30.0,15,1,monophasic
Burst_autosave_20260717_161911_499ms,Flex. carpi rad. (R),R_The_ED_FD_FCR D,10,299.444003176875,307.444003176875,331.8038125494492,,,none,30.0,15,1,monophasic
Burst_autosave_20260717_161911_499ms,Flex. carpi rad. (R),R_The_ED_FD_FCR D,1,0.0,8.0,32.359809372573764,,,none,30.0,20,1,monophasic
Burst_autosave_20260717_161911_499ms,Flex. carpi rad. (R),R_The_ED_FD_FCR D,2,33.359809372573764,41.359809372573764,65.71961874514798,,,none,30.0,20,1,monophasic
Burst_autosave_20260717_161911_499ms,Flex. carpi rad. (R),R_The_ED_FD_FCR D,3,66.71961874514798,74.71961874514798,98.28514694143064,,,none,30.0,20,1,monophasic
Burst_autosave_20260717_161911_499ms,Flex. carpi rad. (R),R_The_ED_FD_FCR D,4,99.28514694143064,107.28514694143064,131.64495631400484,,,none,30.0,20,1,monophasic
Burst_autosave_20260717_161911_499ms,Flex. carpi rad. (R),R_The_ED_FD_FCR D,5,132.64495631400484,140.64495631400484,165.00476568657862,,,none,30.0,20,1,monophasic
Burst_autosave_20260717_161911_499ms,Flex. carpi rad. (R),R_The_ED_FD_FCR D,6,166.00476568657862,174.00476568657862,198.36457505915283,,,none,30.0,20,1,monophasic
Burst_autosave_20260717_161911_499ms,Flex. carpi rad. (R),R_The_ED_FD_FCR D,7,199.36457505915283,207.36457505915283,231.72438443172706,,,none,30.0,20,1,monophasic
Burst_autosave_20260717_161911_499ms,Flex. carpi rad. (R),R_The_ED_FD_FCR D,8,232.72438443172706,240.72438443172706,265.08419380430126,,,none,30.0,20,1,monophasic
Burst_autosave_20260717_161911_499ms,Flex. carpi rad. (R),R_The_ED_FD_FCR D,9,266.08419380430126,274.08419380430126,298.444003176875,,,none,30.0,20,1,monophasic
Burst_autosave_20260717_161911_499ms,Flex. carpi rad. (R),R_The_ED_FD_FCR D,10,299.444003176875,307.444003176875,331.8038125494492,,,none,30.0,20,1,monophasic
Burst_autosave_20260717_161911_499ms,Flex. carpi rad. (R),R_The_ED_FD_FCR D,1,0.0,8.0,32.359809372573764,,,none,30.0,25,1,monophasic
Burst_autosave_20260717_161911_499ms,Flex. carpi rad. (R),R_The_ED_FD_FCR D,2,33.359809372573764,41.359809372573764,65.71961874514798,,,none,30.0,25,1,monophasic
Burst_autosave_20260717_161911_499ms,Flex. carpi rad. (R),R_The_ED_FD_FCR D,3,66.71961874514798,74.71961874514798,98.28514694143064,,,none,30.0,25,1,monophasic
Burst_autosave_20260717_161911_499ms,Flex. carpi rad. (R),R_The_ED_FD_FCR D,4,99.28514694143064,107.28514694143064,131.64495631400484,,,none,30.0,25,1,monophasic
Burst_autosave_20260717_161911_499ms,Flex. carpi rad. (R),R_The_ED_FD_FCR D,5,132.64495631400484,140.64495631400484,165.00476568657862,,,none,30.0,25,1,monophasic
Burst_autosave_20260717_161911_499ms,Flex. carpi rad. (R),R_The_ED_FD_FCR D,6,166.00476568657862,174.00476568657862,198.36457505915283,,,none,30.0,25,1,monophasic
Burst_autosave_20260717_161911_499ms,Flex. carpi rad. (R),R_The_ED_FD_FCR D,7,199.36457505915283,207.36457505915283,231.72438443172706,,,none,30.0,25,1,monophasic
Burst_autosave_20260717_161911_499ms,Flex. carpi rad. (R),R_The_ED_FD_FCR D,8,232.72438443172706,240.72438443172706,265.08419380430126,,,none,30.0,25,1,monophasic
Burst_autosave_20260717_161911_499ms,Flex. carpi rad. (R),R_The_ED_FD_FCR D,9,266.08419380430126,274.08419380430126,298.444003176875,,,none,30.0,25,1,monophasic
Burst_autosave_20260717_161911_499ms,Flex. carpi rad. (R),R_The_ED_FD_FCR D,10,299.444003176875,307.444003176875,331.8038125494492,,,none,30.0,25,1,monophasic
Burst_autosave_20260717_161911_499ms,Flex. carpi rad. (R),R_The_ED_FD_FCR D,1,0.0,8.0,32.359809372573764,0.016113527584820986,0.016113527584820986,none,30.0,30,1,monophasic
Burst_autosave_20260717_161911_499ms,Flex. carpi rad. (R),R_The_ED_FD_FCR D,2,33.359809372573764,41.359809372573764,65.71961874514798,0.004699778743088245,0.004699778743088245,none,30.0,30,1,monophasic
Burst_autosave_20260717_161911_499ms,Flex. carpi rad. (R),R_The_ED_FD_FCR D,3,66.71961874514798,74.71961874514798,98.28514694143064,0.007049668580293655,0.007049668580293655,none,30.0,30,1,monophasic
Burst_autosave_20260717_161911_499ms,Flex. carpi rad. (R),R_The_ED_FD_FCR D,4,99.28514694143064,107.28514694143064,131.64495631400484,0.026855878764763474,0.026855878764763474,none,30.0,30,1,monophasic
Burst_autosave_20260717_161911_499ms,Flex. carpi rad. (R),R_The_ED_FD_FCR D,5,132.64495631400484,140.64495631400484,165.00476568657862,0.01661707554012537,0.01661707554012537,none,30.0,30,1,monophasic
Burst_autosave_20260717_161911_499ms,Flex. carpi rad. (R),R_The_ED_FD_FCR D,6,166.00476568657862,174.00476568657862,198.36457505915283,0.006546120159327984,0.006546120159327984,none,30.0,30,1,monophasic
Burst_autosave_20260717_161911_499ms,Flex. carpi rad. (R),R_The_ED_FD_FCR D,7,199.36457505915283,207.36457505915283,231.72438443172706,0.003356984816491604,0.003356984816491604,none,30.0,30,1,monophasic
Burst_autosave_20260717_161911_499ms,Flex. carpi rad. (R),R_The_ED_FD_FCR D,8,232.72438443172706,240.72438443172706,265.08419380430126,0.01510643120855093,0.01510643120855093,none,30.0,30,1,monophasic
Burst_autosave_20260717_161911_499ms,Flex. carpi rad. (R),R_The_ED_FD_FCR D,9,266.08419380430126,274.08419380430126,298.444003176875,0.006042572669684887,0.006042572669684887,none,30.0,30,1,monophasic
Burst_autosave_20260717_161911_499ms,Flex. carpi rad. (R),R_The_ED_FD_FCR D,10,299.444003176875,307.444003176875,331.8038125494492,0.029037919361144304,0.029037919361144304,none,30.0,30,1,monophasic
Burst_autosave_20260717_161911_499ms,Flex. carpi rad. (R),R_The_ED_FD_FCR D,1,0.0,8.0,32.359809372573764,0.6734111607074738,0.6734111607074738,none,30.0,35,1,monophasic
Burst_autosave_20260717_161911_499ms,Flex. carpi rad. (R),R_The_ED_FD_FCR D,2,33.359809372573764,41.359809372573764,65.71961874514798,0.038269626908004284,0.038269626908004284,none,30.0,35,1,monophasic
Burst_autosave_20260717_161911_499ms,Flex. carpi rad. (R),R_The_ED_FD_FCR D,3,66.71961874514798,74.71961874514798,98.28514694143064,0.025848783319815993,0.025848783319815993,none,30.0,35,1,monophasic
Burst_autosave_20260717_161911_499ms,Flex. carpi rad. (R),R_The_ED_FD_FCR D,4,99.28514694143064,107.28514694143064,131.64495631400484,0.7021133899688721,0.7021133899688721,none,30.0,35,1,monophasic
Burst_autosave_20260717_161911_499ms,Flex. carpi rad. (R),R_The_ED_FD_FCR D,5,132.64495631400484,140.64495631400484,165.00476568657862,0.6512550711631775,0.6512550711631775,none,30.0,35,1,monophasic
Burst_autosave_20260717_161911_499ms,Flex. carpi rad. (R),R_The_ED_FD_FCR D,6,166.00476568657862,174.00476568657862,198.36457505915283,0.7006027400493622,0.7006027400493622,none,30.0,35,1,monophasic
Burst_autosave_20260717_161911_499ms,Flex. carpi rad. (R),R_The_ED_FD_FCR D,7,199.36457505915283,207.36457505915283,231.72438443172706,0.7130235731601715,0.7130235731601715,none,30.0,35,1,monophasic
Burst_autosave_20260717_161911_499ms,Flex. carpi rad. (R),R_The_ED_FD_FCR D,8,232.72438443172706,240.72438443172706,265.08419380430126,0.03138780943118036,0.03138780943118036,none,30.0,35,1,monophasic
Burst_autosave_20260717_161911_499ms,Flex. carpi rad. (R),R_The_ED_FD_FCR D,9,266.08419380430126,274.08419380430126,298.444003176875,0.6672007143497467,0.6672007143497467,none,30.0,35,1,monophasic
Burst_autosave_20260717_161911_499ms,Flex. carpi rad. (R),R_The_ED_FD_FCR D,10,299.444003176875,307.444003176875,331.8038125494492,0.04464789968915284,0.04464789968915284,none,30.0,35,1,monophasic
Burst_autosave_20260717_161911_499ms,Flex. carpi rad. (R),R_The_ED_FD_FCR D,1,0.0,8.0,32.359809372573764,0.7157091498374939,0.7157091498374939,none,30.0,40,1,monophasic
Burst_autosave_20260717_161911_499ms,Flex. carpi rad. (R),R_The_ED_FD_FCR D,2,33.359809372573764,41.359809372573764,65.71961874514798,0.7350118160247803,0.7350118160247803,none,30.0,40,1,monophasic
Burst_autosave_20260717_161911_499ms,Flex. carpi rad. (R),R_The_ED_FD_FCR D,3,66.71961874514798,74.71961874514798,98.28514694143064,0.7257801294326782,0.7257801294326782,none,30.0,40,1,monophasic
Burst_autosave_20260717_161911_499ms,Flex. carpi rad. (R),R_The_ED_FD_FCR D,4,99.28514694143064,107.28514694143064,131.64495631400484,0.7205767929553986,0.7205767929553986,none,30.0,40,1,monophasic
Burst_autosave_20260717_161911_499ms,Flex. carpi rad. (R),R_The_ED_FD_FCR D,5,132.64495631400484,140.64495631400484,165.00476568657862,0.7281300127506256,0.7281300127506256,none,30.0,40,1,monophasic
Burst_autosave_20260717_161911_499ms,Flex. carpi rad. (R),R_The_ED_FD_FCR D,6,166.00476568657862,174.00476568657862,198.36457505915283,0.7452506422996521,0.7452506422996521,none,30.0,40,1,monophasic
Burst_autosave_20260717_161911_499ms,Flex. carpi rad. (R),R_The_ED_FD_FCR D,7,199.36457505915283,207.36457505915283,231.72438443172706,0.6574654877185822,0.6574654877185822,none,30.0,40,1,monophasic
Burst_autosave_20260717_161911_499ms,Flex. carpi rad. (R),R_The_ED_FD_FCR D,8,232.72438443172706,240.72438443172706,265.08419380430126,0.7314870059490204,0.7314870059490204,none,30.0,40,1,monophasic
Burst_autosave_20260717_161911_499ms,Flex. carpi rad. (R),R_The_ED_FD_FCR D,9,266.08419380430126,274.08419380430126,298.444003176875,0.7214160263538361,0.7214160263538361,none,30.0,40,1,monophasic
Burst_autosave_20260717_161911_499ms,Flex. carpi rad. (R),R_The_ED_FD_FCR D,10,299.444003176875,307.444003176875,331.8038125494492,0.6594796478748322,0.6594796478748322,none,30.0,40,1,monophasic
Burst_autosave_20260717_161911_499ms,Flex. carpi rad. (R),R_The_ED_FD_FCR D,1,0.0,8.0,32.359809372573764,0.887586772441864,0.887586772441864,none,30.0,45,1,monophasic
Burst_autosave_20260717_161911_499ms,Flex. carpi rad. (R),R_The_ED_FD_FCR D,2,33.359809372573764,41.359809372573764,65.71961874514798,0.7543144822120667,0.7543144822120667,none,30.0,45,1,monophasic
Burst_autosave_20260717_161911_499ms,Flex. carpi rad. (R),R_The_ED_FD_FCR D,3,66.71961874514798,74.71961874514798,98.28514694143064,0.7885557413101196,0.7885557413101196,none,30.0,45,1,monophasic
Burst_autosave_20260717_161911_499ms,Flex. carpi rad. (R),R_The_ED_FD_FCR D,4,99.28514694143064,107.28514694143064,131.64495631400484,0.7669031918048859,0.7669031918048859,none,30.0,45,1,monophasic
Burst_autosave_20260717_161911_499ms,Flex. carpi rad. (R),R_The_ED_FD_FCR D,5,132.64495631400484,140.64495631400484,165.00476568657862,0.7012741267681122,0.7012741267681122,none,30.0,45,1,monophasic
Burst_autosave_20260717_161911_499ms,Flex. carpi rad. (R),R_The_ED_FD_FCR D,6,166.00476568657862,174.00476568657862,198.36457505915283,0.7573357820510864,0.7573357820510864,none,30.0,45,1,monophasic
Burst_autosave_20260717_161911_499ms,Flex. carpi rad. (R),R_The_ED_FD_FCR D,7,199.36457505915283,207.36457505915283,231.72438443172706,0.7519645988941193,0.7519645988941193,none,30.0,45,1,monophasic
Burst_autosave_20260717_161911_499ms,Flex. carpi rad. (R),R_The_ED_FD_FCR D,8,232.72438443172706,240.72438443172706,265.08419380430126,0.6895246803760529,0.6895246803760529,none,30.0,45,1,monophasic
Burst_autosave_20260717_161911_499ms,Flex. carpi rad. (R),R_The_ED_FD_FCR D,9,266.08419380430126,274.08419380430126,298.444003176875,0.7378652691841125,0.7378652691841125,none,30.0,45,1,monophasic
Burst_autosave_20260717_161911_499ms,Flex. carpi rad. (R),R_The_ED_FD_FCR D,10,299.444003176875,307.444003176875,331.8038125494492,0.7298084795475006,0.7298084795475006,none,30.0,45,1,monophasic
