source_file,muscle,channel,pulse,pulse_t_ms,win_start_ms,win_stop_ms,p2p,p2p_norm_pct,norm_mode,freq_hz,amp_ma,electrode,mode
Modulated_autosave_20260717_162548_293ms,Deltoid med. (L),L_DELmed,1,0.7942811753594015,8.794281175359401,32.35980937256977,,,none,30.0,25,3,monophasic
Modulated_autosave_20260717_162548_293ms,Deltoid med. (L),L_DELmed,2,33.35980937256977,41.35980937256977,65.71961874513954,,,none,30.0,25,3,monophasic
Modulated_autosave_20260717_162548_293ms,Deltoid med. (L),L_DELmed,3,66.71961874513954,74.71961874513954,99.07942811770931,,,none,30.0,25,3,monophasic
Modulated_autosave_20260717_162548_293ms,Deltoid med. (L),L_DELmed,4,100.07942811770931,108.07942811770931,132.4392374903075,,,none,30.0,25,3,monophasic
Modulated_autosave_20260717_162548_293ms,Deltoid med. (L),L_DELmed,5,133.4392374903075,141.4392374903075,165.79904686287728,,,none,30.0,25,3,monophasic
Modulated_autosave_20260717_162548_293ms,Deltoid med. (L),L_DELmed,6,166.79904686287728,174.79904686287728,199.15885623544705,,,none,30.0,25,3,monophasic
Modulated_autosave_20260717_162548_293ms,Deltoid med. (L),L_DELmed,7,200.15885623544705,208.15885623544705,232.51866560801682,,,none,30.0,25,3,monophasic
Modulated_autosave_20260717_162548_293ms,Deltoid med. (L),L_DELmed,8,233.51866560801682,241.51866560801682,265.8784749796487,,,none,30.0,25,3,monophasic
Modulated_autosave_20260717_162548_293ms,Deltoid med. (L),L_DELmed,9,266.8784749796487,274.8784749796487,299.23828435224686,,,none,30.0,25,3,monophasic
Modulated_autosave_20260717_162548_293ms,Deltoid med. (L),L_DELmed,10,300.23828435224686,308.23828435224686,332.59809372481664,,,none,30.0,25,3,monophasic
Modulated_autosave_20260717_162548_293ms,Deltoid med. (L),L_DELmed,1,0.7942811753594015,8.794281175359401,32.35980937256977,,,none,30.0,30,3,monophasic
Modulated_autosave_20260717_162548_293ms,Deltoid med. (L),L_DELmed,2,33.35980937256977,41.35980937256977,65.71961874513954,,,none,30.0,30,3,monophasic
Modulated_autosave_20260717_162548_293ms,Deltoid med. (L),L_DELmed,3,66.71961874513954,74.71961874513954,99.07942811770931,,,none,30.0,30,3,monophasic
Modulated_autosave_20260717_162548_293ms,Deltoid med. (L),L_DELmed,4,100.07942811770931,108.07942811770931,132.4392374903075,,,none,30.0,30,3,monophasic
Modulated_autosave_20260717_162548_293ms,Deltoid med. (L),L_DELmed,5,133.4392374903075,141.4392374903075,165.79904686287728,,,none,30.0,30,3,monophasic
Modulated_autosave_20260717_162548_293ms,Deltoid med. (L),L_DELmed,6,166.79904686287728,174.79904686287728,199.15885623544705,,,none,30.0,30,3,monophasic
Modulated_autosave_20260717_162548_293ms,Deltoid med. (L),L_DELmed,7,200.15885623544705,208.15885623544705,232.51866560801682,,,none,30.0,30,3,monophasic
Modulated_autosave_20260717_162548_293ms,Deltoid med. (L),L_DELmed,8,233.51866560801682,241.51866560801682,265.8784749796487,,,none,30.0,30,3,monophasic
Modulated_autosave_20260717_162548_293ms,Deltoid med. (L),L_DELmed,9,266.8784749796487,274.8784749796487,299.23828435224686,,,none,30.0,30,3,monophasic
Modulated_autosave_20260717_162548_293ms,Deltoid med. (L),L_DELmed,10,300.23828435224686,308.23828435224686,332.59809372481664,,,none,30.0,30,3,monophasic
Modulated_autosave_20260717_162548_293ms,Deltoid med. (L),L_DELmed,1,0.7942811753594015,8.794281175359401,32.35980937256977,,,none,30.0,35,3,monophasic
Modulated_autosave_20260717_162548_293ms,Deltoid med. (L),L_DELmed,2,33.35980937256977,41.35980937256977,65.71961874513954,,,none,30.0,35,3,monophasic
Modulated_autosave_20260717_162548_293ms,Deltoid med. (L),L_DELmed,3,66.71961874513954,74.71961874513954,99.07942811770931,,,none,30.0,35,3,monophasic
Modulated_autosave_20260717_162548_293ms,Deltoid med. (L),L_DELmed,4,100.07942811770931,108.07942811770931,132.4392374903075,,,none,30.0,35,3,monophasic
Modulated_autosave_20260717_162548_293ms,Deltoid med. (L),L_DELmed,5,133.4392374903075,141.4392374903075,165.79904686287728,,,none,30.0,35,3,monophasic
Modulated_autosave_20260717_162548_293ms,Deltoid med. (L),L_DELmed,6,166.79904686287728,174.79904686287728,199.15885623544705,,,none,30.0,35,3,monophasic
Modulated_autosave_20260717_162548_293ms,Deltoid med. (L),L_DELmed,7,200.15885623544705,208.15885623544705,232.51866560801682,,,none,30.0,35,3,monophasic
Modulated_autosave_20260717_162548_293ms,Deltoid med. (L),L_DELmed,8,233.51866560801682,241.51866560801682,265.8784749796487,,,none,30.0,35,3,monophasic
Modulated_autosave_20260717_162548_293ms,Deltoid med. (L),L_DELmed,9,266.8784749796487,274.8784749796487,299.23828435224686,,,none,30.0,35,3,monophasic
Modulated_autosave_20260717_162548_293ms,Deltoid med. (L),L_DELmed,10,300.23828435224686,308.23828435224686,332.59809372481664,,,none,30.0,35,3,monophasic
Modulated_autosave_20260717_162548_293ms,Deltoid med. (L),L_DELmed,1,0.7942811753594015,8.794281175359401,32.35980937256977,,,none,30.0,40,3,monophasic
Modulated_autosave_20260717_162548_293ms,Deltoid med. (L),L_DELmed,2,33.35980937256977,41.35980937256977,65.71961874513954,,,none,30.0,40,3,monophasic
Modulated_autosave_20260717_162548_293ms,Deltoid med. (L),L_DELmed,3,66.71961874513954,74.71961874513954,99.07942811770931,,,none,30.0,40,3,monophasic
Modulated_autosave_20260717_162548_293ms,Deltoid med. (L),L_DELmed,4,100.07942811770931,108.07942811770931,132.4392374903075,,,none,30.0,40,3,monophasic
Modulated_autosave_20260717_162548_293ms,Deltoid med. (L),L_DELmed,5,133.4392374903075,141.4392374903075,165.79904686287728,,,none,30.0,40,3,monophasic
Modulated_autosave_20260717_162548_293ms,Deltoid med. (L),L_DELmed,6,166.79904686287728,174.79904686287728,199.15885623544705,,,none,30.0,40,3,monophasic
Modulated_autosave_20260717_162548_293ms,Deltoid med. (L),L_DELmed,7,200.15885623544705,208.15885623544705,232.51866560801682,,,none,30.0,40,3,monophasic
Modulated_autosave_20260717_162548_293ms,Deltoid med. (L),L_DELmed,8,233.51866560801682,241.51866560801682,265.8784749796487,,,none,30.0,40,3,monophasic
Modulated_autosave_20260717_162548_293ms,Deltoid med. (L),L_DELmed,9,266.8784749796487,274.8784749796487,299.23828435224686,,,none,30.0,40,3,monophasic
Modulated_autosave_20260717_162548_293ms,Deltoid med. (L),L_DELmed,10,300.23828435224686,308.23828435224686,332.59809372481664,,,none,30.0,40,3,monophasic
Modulated_autosave_20260717_162548_293ms,Deltoid med. (L),L_DELmed,1,0.7942811753594015,8.794281175359401,32.35980937256977,,,none,30.0,45,3,monophasic
Modulated_autosave_20260717_162548_293ms,Deltoid med. (L),L_DELmed,2,33.35980937256977,41.35980937256977,65.71961874513954,,,none,30.0,45,3,monophasic
Modulated_autosave_20260717_162548_293ms,Deltoid med. (L),L_DELmed,3,66.71961874513954,74.71961874513954,99.07942811770931,,,none,30.0,45,3,monophasic
Modulated_autosave_20260717_162548_293ms,Deltoid med. (L),L_DELmed,4,100.07942811770931,108.07942811770931,132.4392374903075,,,none,30.0,45,3,monophasic
Modulated_autosave_20260717_162548_293ms,Deltoid med. (L),L_DELmed,5,133.4392374903075,141.4392374903075,165.79904686287728,,,none,30.0,45,3,monophasic
Modulated_autosave_20260717_162548_293ms,Deltoid med. (L),L_DELmed,6,166.79904686287728,174.79904686287728,199.15885623544705,,,none,30.0,45,3,monophasic
Modulated_autosave_20260717_162548_293ms,Deltoid med. (L),L_DELmed,7,200.15885623544705,208.15885623544705,232.51866560801682,,,none,30.0,45,3,monophasic
Modulated_autosave_20260717_162548_293ms,Deltoid med. (L),L_DELmed,8,233.51866560801682,241.51866560801682,265.8784749796487,,,none,30.0,45,3,monophasic
Modulated_autosave_20260717_162548_293ms,Deltoid med. (L),L_DELmed,9,266.8784749796487,274.8784749796487,299.23828435224686,,,none,30.0,45,3,monophasic
Modulated_autosave_20260717_162548_293ms,Deltoid med. (L),L_DELmed,10,300.23828435224686,308.23828435224686,332.59809372481664,,,none,30.0,45,3,monophasic
Modulated_autosave_20260717_162548_293ms,Deltoid med. (L),L_DELmed,1,0.7942811753594015,8.794281175359401,32.35980937256977,,,none,30.0,50,3,monophasic
Modulated_autosave_20260717_162548_293ms,Deltoid med. (L),L_DELmed,2,33.35980937256977,41.35980937256977,65.71961874513954,,,none,30.0,50,3,monophasic
Modulated_autosave_20260717_162548_293ms,Deltoid med. (L),L_DELmed,3,66.71961874513954,74.71961874513954,99.07942811770931,,,none,30.0,50,3,monophasic
Modulated_autosave_20260717_162548_293ms,Deltoid med. (L),L_DELmed,4,100.07942811770931,108.07942811770931,132.4392374903075,,,none,30.0,50,3,monophasic
Modulated_autosave_20260717_162548_293ms,Deltoid med. (L),L_DELmed,5,133.4392374903075,141.4392374903075,165.79904686287728,,,none,30.0,50,3,monophasic
Modulated_autosave_20260717_162548_293ms,Deltoid med. (L),L_DELmed,6,166.79904686287728,174.79904686287728,199.15885623544705,,,none,30.0,50,3,monophasic
Modulated_autosave_20260717_162548_293ms,Deltoid med. (L),L_DELmed,7,200.15885623544705,208.15885623544705,232.51866560801682,,,none,30.0,50,3,monophasic
Modulated_autosave_20260717_162548_293ms,Deltoid med. (L),L_DELmed,8,233.51866560801682,241.51866560801682,265.8784749796487,,,none,30.0,50,3,monophasic
Modulated_autosave_20260717_162548_293ms,Deltoid med. (L),L_DELmed,9,266.8784749796487,274.8784749796487,299.23828435224686,,,none,30.0,50,3,monophasic
Modulated_autosave_20260717_162548_293ms,Deltoid med. (L),L_DELmed,10,300.23828435224686,308.23828435224686,332.59809372481664,,,none,30.0,50,3,monophasic
Modulated_autosave_20260717_162548_293ms,Deltoid med. (L),L_DELmed,1,0.7942811753594015,8.794281175359401,32.35980937256977,,,none,30.0,55,3,monophasic
Modulated_autosave_20260717_162548_293ms,Deltoid med. (L),L_DELmed,2,33.35980937256977,41.35980937256977,65.71961874513954,,,none,30.0,55,3,monophasic
Modulated_autosave_20260717_162548_293ms,Deltoid med. (L),L_DELmed,3,66.71961874513954,74.71961874513954,99.07942811770931,,,none,30.0,55,3,monophasic
Modulated_autosave_20260717_162548_293ms,Deltoid med. (L),L_DELmed,4,100.07942811770931,108.07942811770931,132.4392374903075,,,none,30.0,55,3,monophasic
Modulated_autosave_20260717_162548_293ms,Deltoid med. (L),L_DELmed,5,133.4392374903075,141.4392374903075,165.79904686287728,,,none,30.0,55,3,monophasic
Modulated_autosave_20260717_162548_293ms,Deltoid med. (L),L_DELmed,6,166.79904686287728,174.79904686287728,199.15885623544705,,,none,30.0,55,3,monophasic
Modulated_autosave_20260717_162548_293ms,Deltoid med. (L),L_DELmed,7,200.15885623544705,208.15885623544705,232.51866560801682,,,none,30.0,55,3,monophasic
Modulated_autosave_20260717_162548_293ms,Deltoid med. (L),L_DELmed,8,233.51866560801682,241.51866560801682,265.8784749796487,,,none,30.0,55,3,monophasic
Modulated_autosave_20260717_162548_293ms,Deltoid med. (L),L_DELmed,9,266.8784749796487,274.8784749796487,299.23828435224686,,,none,30.0,55,3,monophasic
Modulated_autosave_20260717_162548_293ms,Deltoid med. (L),L_DELmed,10,300.23828435224686,308.23828435224686,332.59809372481664,,,none,30.0,55,3,monophasic
Modulated_autosave_20260717_162548_293ms,Deltoid med. (L),L_DELmed,1,0.7942811753594015,8.794281175359401,32.35980937256977,,,none,30.0,60,3,monophasic
Modulated_autosave_20260717_162548_293ms,Deltoid med. (L),L_DELmed,2,33.35980937256977,41.35980937256977,65.71961874513954,,,none,30.0,60,3,monophasic
Modulated_autosave_20260717_162548_293ms,Deltoid med. (L),L_DELmed,3,66.71961874513954,74.71961874513954,99.07942811770931,,,none,30.0,60,3,monophasic
Modulated_autosave_20260717_162548_293ms,Deltoid med. (L),L_DELmed,4,100.07942811770931,108.07942811770931,132.4392374903075,,,none,30.0,60,3,monophasic
Modulated_autosave_20260717_162548_293ms,Deltoid med. (L),L_DELmed,5,133.4392374903075,141.4392374903075,165.79904686287728,,,none,30.0,60,3,monophasic
Modulated_autosave_20260717_162548_293ms,Deltoid med. (L),L_DELmed,6,166.79904686287728,174.79904686287728,199.15885623544705,,,none,30.0,60,3,monophasic
Modulated_autosave_20260717_162548_293ms,Deltoid med. (L),L_DELmed,7,200.15885623544705,208.15885623544705,232.51866560801682,,,none,30.0,60,3,monophasic
Modulated_autosave_20260717_162548_293ms,Deltoid med. (L),L_DELmed,8,233.51866560801682,241.51866560801682,265.8784749796487,,,none,30.0,60,3,monophasic
Modulated_autosave_20260717_162548_293ms,Deltoid med. (L),L_DELmed,9,266.8784749796487,274.8784749796487,299.23828435224686,,,none,30.0,60,3,monophasic
Modulated_autosave_20260717_162548_293ms,Deltoid med. (L),L_DELmed,10,300.23828435224686,308.23828435224686,332.59809372481664,,,none,30.0,60,3,monophasic
Modulated_autosave_20260717_162548_293ms,Deltoid med. (L),L_DELmed,1,0.7942811753594015,8.794281175359401,32.35980937256977,,,none,30.0,65,3,monophasic
Modulated_autosave_20260717_162548_293ms,Deltoid med. (L),L_DELmed,2,33.35980937256977,41.35980937256977,65.71961874513954,,,none,30.0,65,3,monophasic
Modulated_autosave_20260717_162548_293ms,Deltoid med. (L),L_DELmed,3,66.71961874513954,74.71961874513954,99.07942811770931,,,none,30.0,65,3,monophasic
Modulated_autosave_20260717_162548_293ms,Deltoid med. (L),L_DELmed,4,100.07942811770931,108.07942811770931,132.4392374903075,,,none,30.0,65,3,monophasic
Modulated_autosave_20260717_162548_293ms,Deltoid med. (L),L_DELmed,5,133.4392374903075,141.4392374903075,165.79904686287728,,,none,30.0,65,3,monophasic
Modulated_autosave_20260717_162548_293ms,Deltoid med. (L),L_DELmed,6,166.79904686287728,174.79904686287728,199.15885623544705,,,none,30.0,65,3,monophasic
Modulated_autosave_20260717_162548_293ms,Deltoid med. (L),L_DELmed,7,200.15885623544705,208.15885623544705,232.51866560801682,,,none,30.0,65,3,monophasic
Modulated_autosave_20260717_162548_293ms,Deltoid med. (L),L_DELmed,8,233.51866560801682,241.51866560801682,265.8784749796487,,,none,30.0,65,3,monophasic
Modulated_autosave_20260717_162548_293ms,Deltoid med. (L),L_DELmed,9,266.8784749796487,274.8784749796487,299.23828435224686,,,none,30.0,65,3,monophasic
Modulated_autosave_20260717_162548_293ms,Deltoid med. (L),L_DELmed,10,300.23828435224686,308.23828435224686,332.59809372481664,,,none,30.0,65,3,monophasic
Modulated_autosave_20260717_162548_293ms,Deltoid med. (L),L_DELmed,1,0.7942811753594015,8.794281175359401,32.35980937256977,,,none,30.0,70,3,monophasic
Modulated_autosave_20260717_162548_293ms,Deltoid med. (L),L_DELmed,2,33.35980937256977,41.35980937256977,65.71961874513954,,,none,30.0,70,3,monophasic
Modulated_autosave_20260717_162548_293ms,Deltoid med. (L),L_DELmed,3,66.71961874513954,74.71961874513954,99.07942811770931,,,none,30.0,70,3,monophasic
Modulated_autosave_20260717_162548_293ms,Deltoid med. (L),L_DELmed,4,100.07942811770931,108.07942811770931,132.4392374903075,,,none,30.0,70,3,monophasic
Modulated_autosave_20260717_162548_293ms,Deltoid med. (L),L_DELmed,5,133.4392374903075,141.4392374903075,165.79904686287728,,,none,30.0,70,3,monophasic
Modulated_autosave_20260717_162548_293ms,Deltoid med. (L),L_DELmed,6,166.79904686287728,174.79904686287728,199.15885623544705,,,none,30.0,70,3,monophasic
Modulated_autosave_20260717_162548_293ms,Deltoid med. (L),L_DELmed,7,200.15885623544705,208.15885623544705,232.51866560801682,,,none,30.0,70,3,monophasic
Modulated_autosave_20260717_162548_293ms,Deltoid med. (L),L_DELmed,8,233.51866560801682,241.51866560801682,265.8784749796487,,,none,30.0,70,3,monophasic
Modulated_autosave_20260717_162548_293ms,Deltoid med. (L),L_DELmed,9,266.8784749796487,274.8784749796487,299.23828435224686,,,none,30.0,70,3,monophasic
Modulated_autosave_20260717_162548_293ms,Deltoid med. (L),L_DELmed,10,300.23828435224686,308.23828435224686,332.59809372481664,,,none,30.0,70,3,monophasic
Modulated_autosave_20260717_162548_293ms,Deltoid med. (L),L_DELmed,1,0.7942811753594015,8.794281175359401,32.35980937256977,,,none,30.0,75,3,monophasic
Modulated_autosave_20260717_162548_293ms,Deltoid med. (L),L_DELmed,2,33.35980937256977,41.35980937256977,65.71961874513954,,,none,30.0,75,3,monophasic
Modulated_autosave_20260717_162548_293ms,Deltoid med. (L),L_DELmed,3,66.71961874513954,74.71961874513954,99.07942811770931,,,none,30.0,75,3,monophasic
Modulated_autosave_20260717_162548_293ms,Deltoid med. (L),L_DELmed,4,100.07942811770931,108.07942811770931,132.4392374903075,,,none,30.0,75,3,monophasic
Modulated_autosave_20260717_162548_293ms,Deltoid med. (L),L_DELmed,5,133.4392374903075,141.4392374903075,165.79904686287728,,,none,30.0,75,3,monophasic
Modulated_autosave_20260717_162548_293ms,Deltoid med. (L),L_DELmed,6,166.79904686287728,174.79904686287728,199.15885623544705,,,none,30.0,75,3,monophasic
Modulated_autosave_20260717_162548_293ms,Deltoid med. (L),L_DELmed,7,200.15885623544705,208.15885623544705,232.51866560801682,,,none,30.0,75,3,monophasic
Modulated_autosave_20260717_162548_293ms,Deltoid med. (L),L_DELmed,8,233.51866560801682,241.51866560801682,265.8784749796487,,,none,30.0,75,3,monophasic
Modulated_autosave_20260717_162548_293ms,Deltoid med. (L),L_DELmed,9,266.8784749796487,274.8784749796487,299.23828435224686,,,none,30.0,75,3,monophasic
Modulated_autosave_20260717_162548_293ms,Deltoid med. (L),L_DELmed,10,300.23828435224686,308.23828435224686,332.59809372481664,,,none,30.0,75,3,monophasic
Modulated_autosave_20260717_162548_293ms,Deltoid med. (L),L_DELmed,1,0.7942811753594015,8.794281175359401,32.35980937256977,,,none,30.0,80,3,monophasic
Modulated_autosave_20260717_162548_293ms,Deltoid med. (L),L_DELmed,2,33.35980937256977,41.35980937256977,65.71961874513954,,,none,30.0,80,3,monophasic
Modulated_autosave_20260717_162548_293ms,Deltoid med. (L),L_DELmed,3,66.71961874513954,74.71961874513954,99.07942811770931,,,none,30.0,80,3,monophasic
Modulated_autosave_20260717_162548_293ms,Deltoid med. (L),L_DELmed,4,100.07942811770931,108.07942811770931,132.4392374903075,,,none,30.0,80,3,monophasic
Modulated_autosave_20260717_162548_293ms,Deltoid med. (L),L_DELmed,5,133.4392374903075,141.4392374903075,165.79904686287728,,,none,30.0,80,3,monophasic
Modulated_autosave_20260717_162548_293ms,Deltoid med. (L),L_DELmed,6,166.79904686287728,174.79904686287728,199.15885623544705,,,none,30.0,80,3,monophasic
Modulated_autosave_20260717_162548_293ms,Deltoid med. (L),L_DELmed,7,200.15885623544705,208.15885623544705,232.51866560801682,,,none,30.0,80,3,monophasic
Modulated_autosave_20260717_162548_293ms,Deltoid med. (L),L_DELmed,8,233.51866560801682,241.51866560801682,265.8784749796487,,,none,30.0,80,3,monophasic
Modulated_autosave_20260717_162548_293ms,Deltoid med. (L),L_DELmed,9,266.8784749796487,274.8784749796487,299.23828435224686,,,none,30.0,80,3,monophasic
Modulated_autosave_20260717_162548_293ms,Deltoid med. (L),L_DELmed,10,300.23828435224686,308.23828435224686,332.59809372481664,,,none,30.0,80,3,monophasic
Modulated_autosave_20260717_162548_293ms,Deltoid med. (L),L_DELmed,1,0.7942811753594015,8.794281175359401,32.35980937256977,,,none,30.0,85,3,monophasic
Modulated_autosave_20260717_162548_293ms,Deltoid med. (L),L_DELmed,2,33.35980937256977,41.35980937256977,65.71961874513954,,,none,30.0,85,3,monophasic
Modulated_autosave_20260717_162548_293ms,Deltoid med. (L),L_DELmed,3,66.71961874513954,74.71961874513954,99.07942811770931,,,none,30.0,85,3,monophasic
Modulated_autosave_20260717_162548_293ms,Deltoid med. (L),L_DELmed,4,100.07942811770931,108.07942811770931,132.4392374903075,,,none,30.0,85,3,monophasic
Modulated_autosave_20260717_162548_293ms,Deltoid med. (L),L_DELmed,5,133.4392374903075,141.4392374903075,165.79904686287728,,,none,30.0,85,3,monophasic
Modulated_autosave_20260717_162548_293ms,Deltoid med. (L),L_DELmed,6,166.79904686287728,174.79904686287728,199.15885623544705,,,none,30.0,85,3,monophasic
Modulated_autosave_20260717_162548_293ms,Deltoid med. (L),L_DELmed,7,200.15885623544705,208.15885623544705,232.51866560801682,,,none,30.0,85,3,monophasic
Modulated_autosave_20260717_162548_293ms,Deltoid med. (L),L_DELmed,8,233.51866560801682,241.51866560801682,265.8784749796487,,,none,30.0,85,3,monophasic
Modulated_autosave_20260717_162548_293ms,Deltoid med. (L),L_DELmed,9,266.8784749796487,274.8784749796487,299.23828435224686,,,none,30.0,85,3,monophasic
Modulated_autosave_20260717_162548_293ms,Deltoid med. (L),L_DELmed,10,300.23828435224686,308.23828435224686,332.59809372481664,,,none,30.0,85,3,monophasic
Modulated_autosave_20260717_162548_293ms,Deltoid med. (L),L_DELmed,1,0.7942811753594015,8.794281175359401,32.35980937256977,,,none,30.0,90,3,monophasic
Modulated_autosave_20260717_162548_293ms,Deltoid med. (L),L_DELmed,2,33.35980937256977,41.35980937256977,65.71961874513954,,,none,30.0,90,3,monophasic
Modulated_autosave_20260717_162548_293ms,Deltoid med. (L),L_DELmed,3,66.71961874513954,74.71961874513954,99.07942811770931,,,none,30.0,90,3,monophasic
Modulated_autosave_20260717_162548_293ms,Deltoid med. (L),L_DELmed,4,100.07942811770931,108.07942811770931,132.4392374903075,,,none,30.0,90,3,monophasic
Modulated_autosave_20260717_162548_293ms,Deltoid med. (L),L_DELmed,5,133.4392374903075,141.4392374903075,165.79904686287728,,,none,30.0,90,3,monophasic
Modulated_autosave_20260717_162548_293ms,Deltoid med. (L),L_DELmed,6,166.79904686287728,174.79904686287728,199.15885623544705,,,none,30.0,90,3,monophasic
Modulated_autosave_20260717_162548_293ms,Deltoid med. (L),L_DELmed,7,200.15885623544705,208.15885623544705,232.51866560801682,,,none,30.0,90,3,monophasic
Modulated_autosave_20260717_162548_293ms,Deltoid med. (L),L_DELmed,8,233.51866560801682,241.51866560801682,265.8784749796487,,,none,30.0,90,3,monophasic
Modulated_autosave_20260717_162548_293ms,Deltoid med. (L),L_DELmed,9,266.8784749796487,274.8784749796487,299.23828435224686,,,none,30.0,90,3,monophasic
Modulated_autosave_20260717_162548_293ms,Deltoid med. (L),L_DELmed,10,300.23828435224686,308.23828435224686,332.59809372481664,,,none,30.0,90,3,monophasic
Modulated_autosave_20260717_162548_293ms,Deltoid med. (L),L_DELmed,1,0.7942811753594015,8.794281175359401,32.35980937256977,,,none,30.0,95,3,monophasic
Modulated_autosave_20260717_162548_293ms,Deltoid med. (L),L_DELmed,2,33.35980937256977,41.35980937256977,65.71961874513954,,,none,30.0,95,3,monophasic
Modulated_autosave_20260717_162548_293ms,Deltoid med. (L),L_DELmed,3,66.71961874513954,74.71961874513954,99.07942811770931,,,none,30.0,95,3,monophasic
Modulated_autosave_20260717_162548_293ms,Deltoid med. (L),L_DELmed,4,100.07942811770931,108.07942811770931,132.4392374903075,,,none,30.0,95,3,monophasic
Modulated_autosave_20260717_162548_293ms,Deltoid med. (L),L_DELmed,5,133.4392374903075,141.4392374903075,165.79904686287728,,,none,30.0,95,3,monophasic
Modulated_autosave_20260717_162548_293ms,Deltoid med. (L),L_DELmed,6,166.79904686287728,174.79904686287728,199.15885623544705,,,none,30.0,95,3,monophasic
Modulated_autosave_20260717_162548_293ms,Deltoid med. (L),L_DELmed,7,200.15885623544705,208.15885623544705,232.51866560801682,,,none,30.0,95,3,monophasic
Modulated_autosave_20260717_162548_293ms,Deltoid med. (L),L_DELmed,8,233.51866560801682,241.51866560801682,265.8784749796487,,,none,30.0,95,3,monophasic
Modulated_autosave_20260717_162548_293ms,Deltoid med. (L),L_DELmed,9,266.8784749796487,274.8784749796487,299.23828435224686,,,none,30.0,95,3,monophasic
Modulated_autosave_20260717_162548_293ms,Deltoid med. (L),L_DELmed,10,300.23828435224686,308.23828435224686,332.59809372481664,,,none,30.0,95,3,monophasic
Modulated_autosave_20260717_162548_293ms,Deltoid med. (L),L_DELmed,1,0.7942811753594015,8.794281175359401,32.35980937256977,,,none,30.0,100,3,monophasic
Modulated_autosave_20260717_162548_293ms,Deltoid med. (L),L_DELmed,2,33.35980937256977,41.35980937256977,65.71961874513954,,,none,30.0,100,3,monophasic
Modulated_autosave_20260717_162548_293ms,Deltoid med. (L),L_DELmed,3,66.71961874513954,74.71961874513954,99.07942811770931,,,none,30.0,100,3,monophasic
Modulated_autosave_20260717_162548_293ms,Deltoid med. (L),L_DELmed,4,100.07942811770931,108.07942811770931,132.4392374903075,,,none,30.0,100,3,monophasic
Modulated_autosave_20260717_162548_293ms,Deltoid med. (L),L_DELmed,5,133.4392374903075,141.4392374903075,165.79904686287728,,,none,30.0,100,3,monophasic
Modulated_autosave_20260717_162548_293ms,Deltoid med. (L),L_DELmed,6,166.79904686287728,174.79904686287728,199.15885623544705,,,none,30.0,100,3,monophasic
Modulated_autosave_20260717_162548_293ms,Deltoid med. (L),L_DELmed,7,200.15885623544705,208.15885623544705,232.51866560801682,,,none,30.0,100,3,monophasic
Modulated_autosave_20260717_162548_293ms,Deltoid med. (L),L_DELmed,8,233.51866560801682,241.51866560801682,265.8784749796487,,,none,30.0,100,3,monophasic
Modulated_autosave_20260717_162548_293ms,Deltoid med. (L),L_DELmed,9,266.8784749796487,274.8784749796487,299.23828435224686,,,none,30.0,100,3,monophasic
Modulated_autosave_20260717_162548_293ms,Deltoid med. (L),L_DELmed,10,300.23828435224686,308.23828435224686,332.59809372481664,,,none,30.0,100,3,monophasic
Modulated_autosave_20260717_162548_293ms,Deltoid med. (L),L_DELmed,1,0.7942811753594015,8.794281175359401,32.35980937256977,,,none,30.0,105,3,monophasic
Modulated_autosave_20260717_162548_293ms,Deltoid med. (L),L_DELmed,2,33.35980937256977,41.35980937256977,65.71961874513954,,,none,30.0,105,3,monophasic
Modulated_autosave_20260717_162548_293ms,Deltoid med. (L),L_DELmed,3,66.71961874513954,74.71961874513954,99.07942811770931,,,none,30.0,105,3,monophasic
Modulated_autosave_20260717_162548_293ms,Deltoid med. (L),L_DELmed,4,100.07942811770931,108.07942811770931,132.4392374903075,,,none,30.0,105,3,monophasic
Modulated_autosave_20260717_162548_293ms,Deltoid med. (L),L_DELmed,5,133.4392374903075,141.4392374903075,165.79904686287728,,,none,30.0,105,3,monophasic
Modulated_autosave_20260717_162548_293ms,Deltoid med. (L),L_DELmed,6,166.79904686287728,174.79904686287728,199.15885623544705,,,none,30.0,105,3,monophasic
Modulated_autosave_20260717_162548_293ms,Deltoid med. (L),L_DELmed,7,200.15885623544705,208.15885623544705,232.51866560801682,,,none,30.0,105,3,monophasic
Modulated_autosave_20260717_162548_293ms,Deltoid med. (L),L_DELmed,8,233.51866560801682,241.51866560801682,265.8784749796487,,,none,30.0,105,3,monophasic
Modulated_autosave_20260717_162548_293ms,Deltoid med. (L),L_DELmed,9,266.8784749796487,274.8784749796487,299.23828435224686,,,none,30.0,105,3,monophasic
Modulated_autosave_20260717_162548_293ms,Deltoid med. (L),L_DELmed,10,300.23828435224686,308.23828435224686,332.59809372481664,,,none,30.0,105,3,monophasic
Modulated_autosave_20260717_162548_293ms,Deltoid med. (L),L_DELmed,1,0.7942811753594015,8.794281175359401,32.35980937256977,,,none,30.0,110,3,monophasic
Modulated_autosave_20260717_162548_293ms,Deltoid med. (L),L_DELmed,2,33.35980937256977,41.35980937256977,65.71961874513954,,,none,30.0,110,3,monophasic
Modulated_autosave_20260717_162548_293ms,Deltoid med. (L),L_DELmed,3,66.71961874513954,74.71961874513954,99.07942811770931,,,none,30.0,110,3,monophasic
Modulated_autosave_20260717_162548_293ms,Deltoid med. (L),L_DELmed,4,100.07942811770931,108.07942811770931,132.4392374903075,,,none,30.0,110,3,monophasic
Modulated_autosave_20260717_162548_293ms,Deltoid med. (L),L_DELmed,5,133.4392374903075,141.4392374903075,165.79904686287728,,,none,30.0,110,3,monophasic
Modulated_autosave_20260717_162548_293ms,Deltoid med. (L),L_DELmed,6,166.79904686287728,174.79904686287728,199.15885623544705,,,none,30.0,110,3,monophasic
Modulated_autosave_20260717_162548_293ms,Deltoid med. (L),L_DELmed,7,200.15885623544705,208.15885623544705,232.51866560801682,,,none,30.0,110,3,monophasic
Modulated_autosave_20260717_162548_293ms,Deltoid med. (L),L_DELmed,8,233.51866560801682,241.51866560801682,265.8784749796487,,,none,30.0,110,3,monophasic
Modulated_autosave_20260717_162548_293ms,Deltoid med. (L),L_DELmed,9,266.8784749796487,274.8784749796487,299.23828435224686,,,none,30.0,110,3,monophasic
Modulated_autosave_20260717_162548_293ms,Deltoid med. (L),L_DELmed,10,300.23828435224686,308.23828435224686,332.59809372481664,,,none,30.0,110,3,monophasic
Modulated_autosave_20260717_162548_293ms,Deltoid med. (L),L_DELmed,1,0.7942811753594015,8.794281175359401,32.35980937256977,,,none,30.0,115,3,monophasic
Modulated_autosave_20260717_162548_293ms,Deltoid med. (L),L_DELmed,2,33.35980937256977,41.35980937256977,65.71961874513954,,,none,30.0,115,3,monophasic
Modulated_autosave_20260717_162548_293ms,Deltoid med. (L),L_DELmed,3,66.71961874513954,74.71961874513954,99.07942811770931,,,none,30.0,115,3,monophasic
Modulated_autosave_20260717_162548_293ms,Deltoid med. (L),L_DELmed,4,100.07942811770931,108.07942811770931,132.4392374903075,,,none,30.0,115,3,monophasic
Modulated_autosave_20260717_162548_293ms,Deltoid med. (L),L_DELmed,5,133.4392374903075,141.4392374903075,165.79904686287728,,,none,30.0,115,3,monophasic
Modulated_autosave_20260717_162548_293ms,Deltoid med. (L),L_DELmed,6,166.79904686287728,174.79904686287728,199.15885623544705,,,none,30.0,115,3,monophasic
Modulated_autosave_20260717_162548_293ms,Deltoid med. (L),L_DELmed,7,200.15885623544705,208.15885623544705,232.51866560801682,,,none,30.0,115,3,monophasic
Modulated_autosave_20260717_162548_293ms,Deltoid med. (L),L_DELmed,8,233.51866560801682,241.51866560801682,265.8784749796487,,,none,30.0,115,3,monophasic
Modulated_autosave_20260717_162548_293ms,Deltoid med. (L),L_DELmed,9,266.8784749796487,274.8784749796487,299.23828435224686,,,none,30.0,115,3,monophasic
Modulated_autosave_20260717_162548_293ms,Deltoid med. (L),L_DELmed,10,300.23828435224686,308.23828435224686,332.59809372481664,,,none,30.0,115,3,monophasic
Modulated_autosave_20260717_162548_293ms,Deltoid med. (L),L_DELmed,1,0.7942811753594015,8.794281175359401,32.35980937256977,,,none,30.0,120,3,monophasic
Modulated_autosave_20260717_162548_293ms,Deltoid med. (L),L_DELmed,2,33.35980937256977,41.35980937256977,65.71961874513954,,,none,30.0,120,3,monophasic
Modulated_autosave_20260717_162548_293ms,Deltoid med. (L),L_DELmed,3,66.71961874513954,74.71961874513954,99.07942811770931,,,none,30.0,120,3,monophasic
Modulated_autosave_20260717_162548_293ms,Deltoid med. (L),L_DELmed,4,100.07942811770931,108.07942811770931,132.4392374903075,,,none,30.0,120,3,monophasic
Modulated_autosave_20260717_162548_293ms,Deltoid med. (L),L_DELmed,5,133.4392374903075,141.4392374903075,165.79904686287728,,,none,30.0,120,3,monophasic
Modulated_autosave_20260717_162548_293ms,Deltoid med. (L),L_DELmed,6,166.79904686287728,174.79904686287728,199.15885623544705,,,none,30.0,120,3,monophasic
Modulated_autosave_20260717_162548_293ms,Deltoid med. (L),L_DELmed,7,200.15885623544705,208.15885623544705,232.51866560801682,,,none,30.0,120,3,monophasic
Modulated_autosave_20260717_162548_293ms,Deltoid med. (L),L_DELmed,8,233.51866560801682,241.51866560801682,265.8784749796487,,,none,30.0,120,3,monophasic
Modulated_autosave_20260717_162548_293ms,Deltoid med. (L),L_DELmed,9,266.8784749796487,274.8784749796487,299.23828435224686,,,none,30.0,120,3,monophasic
Modulated_autosave_20260717_162548_293ms,Deltoid med. (L),L_DELmed,10,300.23828435224686,308.23828435224686,332.59809372481664,,,none,30.0,120,3,monophasic
Modulated_autosave_20260717_162548_293ms,Biceps (L),L_BB,1,0.7942811753594015,8.794281175359401,32.35980937256977,,,none,30.0,25,3,monophasic
Modulated_autosave_20260717_162548_293ms,Biceps (L),L_BB,2,33.35980937256977,41.35980937256977,65.71961874513954,,,none,30.0,25,3,monophasic
Modulated_autosave_20260717_162548_293ms,Biceps (L),L_BB,3,66.71961874513954,74.71961874513954,99.07942811770931,,,none,30.0,25,3,monophasic
Modulated_autosave_20260717_162548_293ms,Biceps (L),L_BB,4,100.07942811770931,108.07942811770931,132.4392374903075,,,none,30.0,25,3,monophasic
Modulated_autosave_20260717_162548_293ms,Biceps (L),L_BB,5,133.4392374903075,141.4392374903075,165.79904686287728,,,none,30.0,25,3,monophasic
Modulated_autosave_20260717_162548_293ms,Biceps (L),L_BB,6,166.79904686287728,174.79904686287728,199.15885623544705,,,none,30.0,25,3,monophasic
Modulated_autosave_20260717_162548_293ms,Biceps (L),L_BB,7,200.15885623544705,208.15885623544705,232.51866560801682,,,none,30.0,25,3,monophasic
Modulated_autosave_20260717_162548_293ms,Biceps (L),L_BB,8,233.51866560801682,241.51866560801682,265.8784749796487,,,none,30.0,25,3,monophasic
Modulated_autosave_20260717_162548_293ms,Biceps (L),L_BB,9,266.8784749796487,274.8784749796487,299.23828435224686,,,none,30.0,25,3,monophasic
Modulated_autosave_20260717_162548_293ms,Biceps (L),L_BB,10,300.23828435224686,308.23828435224686,332.59809372481664,,,none,30.0,25,3,monophasic
Modulated_autosave_20260717_162548_293ms,Biceps (L),L_BB,1,0.7942811753594015,8.794281175359401,32.35980937256977,,,none,30.0,30,3,monophasic
Modulated_autosave_20260717_162548_293ms,Biceps (L),L_BB,2,33.35980937256977,41.35980937256977,65.71961874513954,,,none,30.0,30,3,monophasic
Modulated_autosave_20260717_162548_293ms,Biceps (L),L_BB,3,66.71961874513954,74.71961874513954,99.07942811770931,,,none,30.0,30,3,monophasic
Modulated_autosave_20260717_162548_293ms,Biceps (L),L_BB,4,100.07942811770931,108.07942811770931,132.4392374903075,,,none,30.0,30,3,monophasic
Modulated_autosave_20260717_162548_293ms,Biceps (L),L_BB,5,133.4392374903075,141.4392374903075,165.79904686287728,,,none,30.0,30,3,monophasic
Modulated_autosave_20260717_162548_293ms,Biceps (L),L_BB,6,166.79904686287728,174.79904686287728,199.15885623544705,,,none,30.0,30,3,monophasic
Modulated_autosave_20260717_162548_293ms,Biceps (L),L_BB,7,200.15885623544705,208.15885623544705,232.51866560801682,,,none,30.0,30,3,monophasic
Modulated_autosave_20260717_162548_293ms,Biceps (L),L_BB,8,233.51866560801682,241.51866560801682,265.8784749796487,,,none,30.0,30,3,monophasic
Modulated_autosave_20260717_162548_293ms,Biceps (L),L_BB,9,266.8784749796487,274.8784749796487,299.23828435224686,,,none,30.0,30,3,monophasic
Modulated_autosave_20260717_162548_293ms,Biceps (L),L_BB,10,300.23828435224686,308.23828435224686,332.59809372481664,,,none,30.0,30,3,monophasic
Modulated_autosave_20260717_162548_293ms,Biceps (L),L_BB,1,0.7942811753594015,8.794281175359401,32.35980937256977,,,none,30.0,35,3,monophasic
Modulated_autosave_20260717_162548_293ms,Biceps (L),L_BB,2,33.35980937256977,41.35980937256977,65.71961874513954,,,none,30.0,35,3,monophasic
Modulated_autosave_20260717_162548_293ms,Biceps (L),L_BB,3,66.71961874513954,74.71961874513954,99.07942811770931,,,none,30.0,35,3,monophasic
Modulated_autosave_20260717_162548_293ms,Biceps (L),L_BB,4,100.07942811770931,108.07942811770931,132.4392374903075,,,none,30.0,35,3,monophasic
Modulated_autosave_20260717_162548_293ms,Biceps (L),L_BB,5,133.4392374903075,141.4392374903075,165.79904686287728,,,none,30.0,35,3,monophasic
Modulated_autosave_20260717_162548_293ms,Biceps (L),L_BB,6,166.79904686287728,174.79904686287728,199.15885623544705,,,none,30.0,35,3,monophasic
Modulated_autosave_20260717_162548_293ms,Biceps (L),L_BB,7,200.15885623544705,208.15885623544705,232.51866560801682,,,none,30.0,35,3,monophasic
Modulated_autosave_20260717_162548_293ms,Biceps (L),L_BB,8,233.51866560801682,241.51866560801682,265.8784749796487,,,none,30.0,35,3,monophasic
Modulated_autosave_20260717_162548_293ms,Biceps (L),L_BB,9,266.8784749796487,274.8784749796487,299.23828435224686,,,none,30.0,35,3,monophasic
Modulated_autosave_20260717_162548_293ms,Biceps (L),L_BB,10,300.23828435224686,308.23828435224686,332.59809372481664,,,none,30.0,35,3,monophasic
Modulated_autosave_20260717_162548_293ms,Biceps (L),L_BB,1,0.7942811753594015,8.794281175359401,32.35980937256977,,,none,30.0,40,3,monophasic
Modulated_autosave_20260717_162548_293ms,Biceps (L),L_BB,2,33.35980937256977,41.35980937256977,65.71961874513954,,,none,30.0,40,3,monophasic
Modulated_autosave_20260717_162548_293ms,Biceps (L),L_BB,3,66.71961874513954,74.71961874513954,99.07942811770931,,,none,30.0,40,3,monophasic
Modulated_autosave_20260717_162548_293ms,Biceps (L),L_BB,4,100.07942811770931,108.07942811770931,132.4392374903075,,,none,30.0,40,3,monophasic
Modulated_autosave_20260717_162548_293ms,Biceps (L),L_BB,5,133.4392374903075,141.4392374903075,165.79904686287728,,,none,30.0,40,3,monophasic
Modulated_autosave_20260717_162548_293ms,Biceps (L),L_BB,6,166.79904686287728,174.79904686287728,199.15885623544705,,,none,30.0,40,3,monophasic
Modulated_autosave_20260717_162548_293ms,Biceps (L),L_BB,7,200.15885623544705,208.15885623544705,232.51866560801682,,,none,30.0,40,3,monophasic
Modulated_autosave_20260717_162548_293ms,Biceps (L),L_BB,8,233.51866560801682,241.51866560801682,265.8784749796487,,,none,30.0,40,3,monophasic
Modulated_autosave_20260717_162548_293ms,Biceps (L),L_BB,9,266.8784749796487,274.8784749796487,299.23828435224686,,,none,30.0,40,3,monophasic
Modulated_autosave_20260717_162548_293ms,Biceps (L),L_BB,10,300.23828435224686,308.23828435224686,332.59809372481664,,,none,30.0,40,3,monophasic
Modulated_autosave_20260717_162548_293ms,Biceps (L),L_BB,1,0.7942811753594015,8.794281175359401,32.35980937256977,,,none,30.0,45,3,monophasic
Modulated_autosave_20260717_162548_293ms,Biceps (L),L_BB,2,33.35980937256977,41.35980937256977,65.71961874513954,,,none,30.0,45,3,monophasic
Modulated_autosave_20260717_162548_293ms,Biceps (L),L_BB,3,66.71961874513954,74.71961874513954,99.07942811770931,,,none,30.0,45,3,monophasic
Modulated_autosave_20260717_162548_293ms,Biceps (L),L_BB,4,100.07942811770931,108.07942811770931,132.4392374903075,,,none,30.0,45,3,monophasic
Modulated_autosave_20260717_162548_293ms,Biceps (L),L_BB,5,133.4392374903075,141.4392374903075,165.79904686287728,,,none,30.0,45,3,monophasic
Modulated_autosave_20260717_162548_293ms,Biceps (L),L_BB,6,166.79904686287728,174.79904686287728,199.15885623544705,,,none,30.0,45,3,monophasic
Modulated_autosave_20260717_162548_293ms,Biceps (L),L_BB,7,200.15885623544705,208.15885623544705,232.51866560801682,,,none,30.0,45,3,monophasic
Modulated_autosave_20260717_162548_293ms,Biceps (L),L_BB,8,233.51866560801682,241.51866560801682,265.8784749796487,,,none,30.0,45,3,monophasic
Modulated_autosave_20260717_162548_293ms,Biceps (L),L_BB,9,266.8784749796487,274.8784749796487,299.23828435224686,,,none,30.0,45,3,monophasic
Modulated_autosave_20260717_162548_293ms,Biceps (L),L_BB,10,300.23828435224686,308.23828435224686,332.59809372481664,,,none,30.0,45,3,monophasic
Modulated_autosave_20260717_162548_293ms,Biceps (L),L_BB,1,0.7942811753594015,8.794281175359401,32.35980937256977,,,none,30.0,50,3,monophasic
Modulated_autosave_20260717_162548_293ms,Biceps (L),L_BB,2,33.35980937256977,41.35980937256977,65.71961874513954,,,none,30.0,50,3,monophasic
Modulated_autosave_20260717_162548_293ms,Biceps (L),L_BB,3,66.71961874513954,74.71961874513954,99.07942811770931,,,none,30.0,50,3,monophasic
Modulated_autosave_20260717_162548_293ms,Biceps (L),L_BB,4,100.07942811770931,108.07942811770931,132.4392374903075,,,none,30.0,50,3,monophasic
Modulated_autosave_20260717_162548_293ms,Biceps (L),L_BB,5,133.4392374903075,141.4392374903075,165.79904686287728,,,none,30.0,50,3,monophasic
Modulated_autosave_20260717_162548_293ms,Biceps (L),L_BB,6,166.79904686287728,174.79904686287728,199.15885623544705,,,none,30.0,50,3,monophasic
Modulated_autosave_20260717_162548_293ms,Biceps (L),L_BB,7,200.15885623544705,208.15885623544705,232.51866560801682,,,none,30.0,50,3,monophasic
Modulated_autosave_20260717_162548_293ms,Biceps (L),L_BB,8,233.51866560801682,241.51866560801682,265.8784749796487,,,none,30.0,50,3,monophasic
Modulated_autosave_20260717_162548_293ms,Biceps (L),L_BB,9,266.8784749796487,274.8784749796487,299.23828435224686,,,none,30.0,50,3,monophasic
Modulated_autosave_20260717_162548_293ms,Biceps (L),L_BB,10,300.23828435224686,308.23828435224686,332.59809372481664,,,none,30.0,50,3,monophasic
Modulated_autosave_20260717_162548_293ms,Biceps (L),L_BB,1,0.7942811753594015,8.794281175359401,32.35980937256977,,,none,30.0,55,3,monophasic
Modulated_autosave_20260717_162548_293ms,Biceps (L),L_BB,2,33.35980937256977,41.35980937256977,65.71961874513954,,,none,30.0,55,3,monophasic
Modulated_autosave_20260717_162548_293ms,Biceps (L),L_BB,3,66.71961874513954,74.71961874513954,99.07942811770931,,,none,30.0,55,3,monophasic
Modulated_autosave_20260717_162548_293ms,Biceps (L),L_BB,4,100.07942811770931,108.07942811770931,132.4392374903075,,,none,30.0,55,3,monophasic
Modulated_autosave_20260717_162548_293ms,Biceps (L),L_BB,5,133.4392374903075,141.4392374903075,165.79904686287728,,,none,30.0,55,3,monophasic
Modulated_autosave_20260717_162548_293ms,Biceps (L),L_BB,6,166.79904686287728,174.79904686287728,199.15885623544705,,,none,30.0,55,3,monophasic
Modulated_autosave_20260717_162548_293ms,Biceps (L),L_BB,7,200.15885623544705,208.15885623544705,232.51866560801682,,,none,30.0,55,3,monophasic
Modulated_autosave_20260717_162548_293ms,Biceps (L),L_BB,8,233.51866560801682,241.51866560801682,265.8784749796487,,,none,30.0,55,3,monophasic
Modulated_autosave_20260717_162548_293ms,Biceps (L),L_BB,9,266.8784749796487,274.8784749796487,299.23828435224686,,,none,30.0,55,3,monophasic
Modulated_autosave_20260717_162548_293ms,Biceps (L),L_BB,10,300.23828435224686,308.23828435224686,332.59809372481664,,,none,30.0,55,3,monophasic
Modulated_autosave_20260717_162548_293ms,Biceps (L),L_BB,1,0.7942811753594015,8.794281175359401,32.35980937256977,,,none,30.0,60,3,monophasic
Modulated_autosave_20260717_162548_293ms,Biceps (L),L_BB,2,33.35980937256977,41.35980937256977,65.71961874513954,,,none,30.0,60,3,monophasic
Modulated_autosave_20260717_162548_293ms,Biceps (L),L_BB,3,66.71961874513954,74.71961874513954,99.07942811770931,,,none,30.0,60,3,monophasic
Modulated_autosave_20260717_162548_293ms,Biceps (L),L_BB,4,100.07942811770931,108.07942811770931,132.4392374903075,,,none,30.0,60,3,monophasic
Modulated_autosave_20260717_162548_293ms,Biceps (L),L_BB,5,133.4392374903075,141.4392374903075,165.79904686287728,,,none,30.0,60,3,monophasic
Modulated_autosave_20260717_162548_293ms,Biceps (L),L_BB,6,166.79904686287728,174.79904686287728,199.15885623544705,,,none,30.0,60,3,monophasic
Modulated_autosave_20260717_162548_293ms,Biceps (L),L_BB,7,200.15885623544705,208.15885623544705,232.51866560801682,,,none,30.0,60,3,monophasic
Modulated_autosave_20260717_162548_293ms,Biceps (L),L_BB,8,233.51866560801682,241.51866560801682,265.8784749796487,,,none,30.0,60,3,monophasic
Modulated_autosave_20260717_162548_293ms,Biceps (L),L_BB,9,266.8784749796487,274.8784749796487,299.23828435224686,,,none,30.0,60,3,monophasic
Modulated_autosave_20260717_162548_293ms,Biceps (L),L_BB,10,300.23828435224686,308.23828435224686,332.59809372481664,,,none,30.0,60,3,monophasic
Modulated_autosave_20260717_162548_293ms,Biceps (L),L_BB,1,0.7942811753594015,8.794281175359401,32.35980937256977,,,none,30.0,65,3,monophasic
Modulated_autosave_20260717_162548_293ms,Biceps (L),L_BB,2,33.35980937256977,41.35980937256977,65.71961874513954,,,none,30.0,65,3,monophasic
Modulated_autosave_20260717_162548_293ms,Biceps (L),L_BB,3,66.71961874513954,74.71961874513954,99.07942811770931,,,none,30.0,65,3,monophasic
Modulated_autosave_20260717_162548_293ms,Biceps (L),L_BB,4,100.07942811770931,108.07942811770931,132.4392374903075,,,none,30.0,65,3,monophasic
Modulated_autosave_20260717_162548_293ms,Biceps (L),L_BB,5,133.4392374903075,141.4392374903075,165.79904686287728,,,none,30.0,65,3,monophasic
Modulated_autosave_20260717_162548_293ms,Biceps (L),L_BB,6,166.79904686287728,174.79904686287728,199.15885623544705,,,none,30.0,65,3,monophasic
Modulated_autosave_20260717_162548_293ms,Biceps (L),L_BB,7,200.15885623544705,208.15885623544705,232.51866560801682,,,none,30.0,65,3,monophasic
Modulated_autosave_20260717_162548_293ms,Biceps (L),L_BB,8,233.51866560801682,241.51866560801682,265.8784749796487,,,none,30.0,65,3,monophasic
Modulated_autosave_20260717_162548_293ms,Biceps (L),L_BB,9,266.8784749796487,274.8784749796487,299.23828435224686,,,none,30.0,65,3,monophasic
Modulated_autosave_20260717_162548_293ms,Biceps (L),L_BB,10,300.23828435224686,308.23828435224686,332.59809372481664,,,none,30.0,65,3,monophasic
Modulated_autosave_20260717_162548_293ms,Biceps (L),L_BB,1,0.7942811753594015,8.794281175359401,32.35980937256977,,,none,30.0,70,3,monophasic
Modulated_autosave_20260717_162548_293ms,Biceps (L),L_BB,2,33.35980937256977,41.35980937256977,65.71961874513954,,,none,30.0,70,3,monophasic
Modulated_autosave_20260717_162548_293ms,Biceps (L),L_BB,3,66.71961874513954,74.71961874513954,99.07942811770931,,,none,30.0,70,3,monophasic
Modulated_autosave_20260717_162548_293ms,Biceps (L),L_BB,4,100.07942811770931,108.07942811770931,132.4392374903075,,,none,30.0,70,3,monophasic
Modulated_autosave_20260717_162548_293ms,Biceps (L),L_BB,5,133.4392374903075,141.4392374903075,165.79904686287728,,,none,30.0,70,3,monophasic
Modulated_autosave_20260717_162548_293ms,Biceps (L),L_BB,6,166.79904686287728,174.79904686287728,199.15885623544705,,,none,30.0,70,3,monophasic
Modulated_autosave_20260717_162548_293ms,Biceps (L),L_BB,7,200.15885623544705,208.15885623544705,232.51866560801682,,,none,30.0,70,3,monophasic
Modulated_autosave_20260717_162548_293ms,Biceps (L),L_BB,8,233.51866560801682,241.51866560801682,265.8784749796487,,,none,30.0,70,3,monophasic
Modulated_autosave_20260717_162548_293ms,Biceps (L),L_BB,9,266.8784749796487,274.8784749796487,299.23828435224686,,,none,30.0,70,3,monophasic
Modulated_autosave_20260717_162548_293ms,Biceps (L),L_BB,10,300.23828435224686,308.23828435224686,332.59809372481664,,,none,30.0,70,3,monophasic
Modulated_autosave_20260717_162548_293ms,Biceps (L),L_BB,1,0.7942811753594015,8.794281175359401,32.35980937256977,,,none,30.0,75,3,monophasic
Modulated_autosave_20260717_162548_293ms,Biceps (L),L_BB,2,33.35980937256977,41.35980937256977,65.71961874513954,,,none,30.0,75,3,monophasic
Modulated_autosave_20260717_162548_293ms,Biceps (L),L_BB,3,66.71961874513954,74.71961874513954,99.07942811770931,,,none,30.0,75,3,monophasic
Modulated_autosave_20260717_162548_293ms,Biceps (L),L_BB,4,100.07942811770931,108.07942811770931,132.4392374903075,,,none,30.0,75,3,monophasic
Modulated_autosave_20260717_162548_293ms,Biceps (L),L_BB,5,133.4392374903075,141.4392374903075,165.79904686287728,,,none,30.0,75,3,monophasic
Modulated_autosave_20260717_162548_293ms,Biceps (L),L_BB,6,166.79904686287728,174.79904686287728,199.15885623544705,,,none,30.0,75,3,monophasic
Modulated_autosave_20260717_162548_293ms,Biceps (L),L_BB,7,200.15885623544705,208.15885623544705,232.51866560801682,,,none,30.0,75,3,monophasic
Modulated_autosave_20260717_162548_293ms,Biceps (L),L_BB,8,233.51866560801682,241.51866560801682,265.8784749796487,,,none,30.0,75,3,monophasic
Modulated_autosave_20260717_162548_293ms,Biceps (L),L_BB,9,266.8784749796487,274.8784749796487,299.23828435224686,,,none,30.0,75,3,monophasic
Modulated_autosave_20260717_162548_293ms,Biceps (L),L_BB,10,300.23828435224686,308.23828435224686,332.59809372481664,,,none,30.0,75,3,monophasic
Modulated_autosave_20260717_162548_293ms,Biceps (L),L_BB,1,0.7942811753594015,8.794281175359401,32.35980937256977,,,none,30.0,80,3,monophasic
Modulated_autosave_20260717_162548_293ms,Biceps (L),L_BB,2,33.35980937256977,41.35980937256977,65.71961874513954,,,none,30.0,80,3,monophasic
Modulated_autosave_20260717_162548_293ms,Biceps (L),L_BB,3,66.71961874513954,74.71961874513954,99.07942811770931,,,none,30.0,80,3,monophasic
Modulated_autosave_20260717_162548_293ms,Biceps (L),L_BB,4,100.07942811770931,108.07942811770931,132.4392374903075,,,none,30.0,80,3,monophasic
Modulated_autosave_20260717_162548_293ms,Biceps (L),L_BB,5,133.4392374903075,141.4392374903075,165.79904686287728,,,none,30.0,80,3,monophasic
Modulated_autosave_20260717_162548_293ms,Biceps (L),L_BB,6,166.79904686287728,174.79904686287728,199.15885623544705,,,none,30.0,80,3,monophasic
Modulated_autosave_20260717_162548_293ms,Biceps (L),L_BB,7,200.15885623544705,208.15885623544705,232.51866560801682,,,none,30.0,80,3,monophasic
Modulated_autosave_20260717_162548_293ms,Biceps (L),L_BB,8,233.51866560801682,241.51866560801682,265.8784749796487,,,none,30.0,80,3,monophasic
Modulated_autosave_20260717_162548_293ms,Biceps (L),L_BB,9,266.8784749796487,274.8784749796487,299.23828435224686,,,none,30.0,80,3,monophasic
Modulated_autosave_20260717_162548_293ms,Biceps (L),L_BB,10,300.23828435224686,308.23828435224686,332.59809372481664,,,none,30.0,80,3,monophasic
Modulated_autosave_20260717_162548_293ms,Biceps (L),L_BB,1,0.7942811753594015,8.794281175359401,32.35980937256977,,,none,30.0,85,3,monophasic
Modulated_autosave_20260717_162548_293ms,Biceps (L),L_BB,2,33.35980937256977,41.35980937256977,65.71961874513954,,,none,30.0,85,3,monophasic
Modulated_autosave_20260717_162548_293ms,Biceps (L),L_BB,3,66.71961874513954,74.71961874513954,99.07942811770931,,,none,30.0,85,3,monophasic
Modulated_autosave_20260717_162548_293ms,Biceps (L),L_BB,4,100.07942811770931,108.07942811770931,132.4392374903075,,,none,30.0,85,3,monophasic
Modulated_autosave_20260717_162548_293ms,Biceps (L),L_BB,5,133.4392374903075,141.4392374903075,165.79904686287728,,,none,30.0,85,3,monophasic
Modulated_autosave_20260717_162548_293ms,Biceps (L),L_BB,6,166.79904686287728,174.79904686287728,199.15885623544705,,,none,30.0,85,3,monophasic
Modulated_autosave_20260717_162548_293ms,Biceps (L),L_BB,7,200.15885623544705,208.15885623544705,232.51866560801682,,,none,30.0,85,3,monophasic
Modulated_autosave_20260717_162548_293ms,Biceps (L),L_BB,8,233.51866560801682,241.51866560801682,265.8784749796487,,,none,30.0,85,3,monophasic
Modulated_autosave_20260717_162548_293ms,Biceps (L),L_BB,9,266.8784749796487,274.8784749796487,299.23828435224686,,,none,30.0,85,3,monophasic
Modulated_autosave_20260717_162548_293ms,Biceps (L),L_BB,10,300.23828435224686,308.23828435224686,332.59809372481664,,,none,30.0,85,3,monophasic
Modulated_autosave_20260717_162548_293ms,Biceps (L),L_BB,1,0.7942811753594015,8.794281175359401,32.35980937256977,,,none,30.0,90,3,monophasic
Modulated_autosave_20260717_162548_293ms,Biceps (L),L_BB,2,33.35980937256977,41.35980937256977,65.71961874513954,,,none,30.0,90,3,monophasic
Modulated_autosave_20260717_162548_293ms,Biceps (L),L_BB,3,66.71961874513954,74.71961874513954,99.07942811770931,,,none,30.0,90,3,monophasic
Modulated_autosave_20260717_162548_293ms,Biceps (L),L_BB,4,100.07942811770931,108.07942811770931,132.4392374903075,,,none,30.0,90,3,monophasic
Modulated_autosave_20260717_162548_293ms,Biceps (L),L_BB,5,133.4392374903075,141.4392374903075,165.79904686287728,,,none,30.0,90,3,monophasic
Modulated_autosave_20260717_162548_293ms,Biceps (L),L_BB,6,166.79904686287728,174.79904686287728,199.15885623544705,,,none,30.0,90,3,monophasic
Modulated_autosave_20260717_162548_293ms,Biceps (L),L_BB,7,200.15885623544705,208.15885623544705,232.51866560801682,,,none,30.0,90,3,monophasic
Modulated_autosave_20260717_162548_293ms,Biceps (L),L_BB,8,233.51866560801682,241.51866560801682,265.8784749796487,,,none,30.0,90,3,monophasic
Modulated_autosave_20260717_162548_293ms,Biceps (L),L_BB,9,266.8784749796487,274.8784749796487,299.23828435224686,,,none,30.0,90,3,monophasic
Modulated_autosave_20260717_162548_293ms,Biceps (L),L_BB,10,300.23828435224686,308.23828435224686,332.59809372481664,,,none,30.0,90,3,monophasic
Modulated_autosave_20260717_162548_293ms,Biceps (L),L_BB,1,0.7942811753594015,8.794281175359401,32.35980937256977,,,none,30.0,95,3,monophasic
Modulated_autosave_20260717_162548_293ms,Biceps (L),L_BB,2,33.35980937256977,41.35980937256977,65.71961874513954,,,none,30.0,95,3,monophasic
Modulated_autosave_20260717_162548_293ms,Biceps (L),L_BB,3,66.71961874513954,74.71961874513954,99.07942811770931,,,none,30.0,95,3,monophasic
Modulated_autosave_20260717_162548_293ms,Biceps (L),L_BB,4,100.07942811770931,108.07942811770931,132.4392374903075,,,none,30.0,95,3,monophasic
Modulated_autosave_20260717_162548_293ms,Biceps (L),L_BB,5,133.4392374903075,141.4392374903075,165.79904686287728,,,none,30.0,95,3,monophasic
Modulated_autosave_20260717_162548_293ms,Biceps (L),L_BB,6,166.79904686287728,174.79904686287728,199.15885623544705,,,none,30.0,95,3,monophasic
Modulated_autosave_20260717_162548_293ms,Biceps (L),L_BB,7,200.15885623544705,208.15885623544705,232.51866560801682,,,none,30.0,95,3,monophasic
Modulated_autosave_20260717_162548_293ms,Biceps (L),L_BB,8,233.51866560801682,241.51866560801682,265.8784749796487,,,none,30.0,95,3,monophasic
Modulated_autosave_20260717_162548_293ms,Biceps (L),L_BB,9,266.8784749796487,274.8784749796487,299.23828435224686,,,none,30.0,95,3,monophasic
Modulated_autosave_20260717_162548_293ms,Biceps (L),L_BB,10,300.23828435224686,308.23828435224686,332.59809372481664,,,none,30.0,95,3,monophasic
Modulated_autosave_20260717_162548_293ms,Biceps (L),L_BB,1,0.7942811753594015,8.794281175359401,32.35980937256977,,,none,30.0,100,3,monophasic
Modulated_autosave_20260717_162548_293ms,Biceps (L),L_BB,2,33.35980937256977,41.35980937256977,65.71961874513954,,,none,30.0,100,3,monophasic
Modulated_autosave_20260717_162548_293ms,Biceps (L),L_BB,3,66.71961874513954,74.71961874513954,99.07942811770931,,,none,30.0,100,3,monophasic
Modulated_autosave_20260717_162548_293ms,Biceps (L),L_BB,4,100.07942811770931,108.07942811770931,132.4392374903075,,,none,30.0,100,3,monophasic
Modulated_autosave_20260717_162548_293ms,Biceps (L),L_BB,5,133.4392374903075,141.4392374903075,165.79904686287728,,,none,30.0,100,3,monophasic
Modulated_autosave_20260717_162548_293ms,Biceps (L),L_BB,6,166.79904686287728,174.79904686287728,199.15885623544705,,,none,30.0,100,3,monophasic
Modulated_autosave_20260717_162548_293ms,Biceps (L),L_BB,7,200.15885623544705,208.15885623544705,232.51866560801682,,,none,30.0,100,3,monophasic
Modulated_autosave_20260717_162548_293ms,Biceps (L),L_BB,8,233.51866560801682,241.51866560801682,265.8784749796487,,,none,30.0,100,3,monophasic
Modulated_autosave_20260717_162548_293ms,Biceps (L),L_BB,9,266.8784749796487,274.8784749796487,299.23828435224686,,,none,30.0,100,3,monophasic
Modulated_autosave_20260717_162548_293ms,Biceps (L),L_BB,10,300.23828435224686,308.23828435224686,332.59809372481664,,,none,30.0,100,3,monophasic
Modulated_autosave_20260717_162548_293ms,Biceps (L),L_BB,1,0.7942811753594015,8.794281175359401,32.35980937256977,0.01695277402177453,0.01695277402177453,none,30.0,105,3,monophasic
Modulated_autosave_20260717_162548_293ms,Biceps (L),L_BB,2,33.35980937256977,41.35980937256977,65.71961874513954,0.012420844286680222,0.012420844286680222,none,30.0,105,3,monophasic
Modulated_autosave_20260717_162548_293ms,Biceps (L),L_BB,3,66.71961874513954,74.71961874513954,99.07942811770931,0.010910200653597713,0.010910200653597713,none,30.0,105,3,monophasic
Modulated_autosave_20260717_162548_293ms,Biceps (L),L_BB,4,100.07942811770931,108.07942811770931,132.4392374903075,0.012085145805031061,0.012085145805031061,none,30.0,105,3,monophasic
Modulated_autosave_20260717_162548_293ms,Biceps (L),L_BB,5,133.4392374903075,141.4392374903075,165.79904686287728,0.01107805036008358,0.01107805036008358,none,30.0,105,3,monophasic
Modulated_autosave_20260717_162548_293ms,Biceps (L),L_BB,6,166.79904686287728,174.79904686287728,199.15885623544705,0.012085145805031061,0.012085145805031061,none,30.0,105,3,monophasic
Modulated_autosave_20260717_162548_293ms,Biceps (L),L_BB,7,200.15885623544705,208.15885623544705,232.51866560801682,0.01040665339678526,0.01040665339678526,none,30.0,105,3,monophasic
Modulated_autosave_20260717_162548_293ms,Biceps (L),L_BB,8,233.51866560801682,241.51866560801682,265.8784749796487,0.009399557719007134,0.009399557719007134,none,30.0,105,3,monophasic
Modulated_autosave_20260717_162548_293ms,Biceps (L),L_BB,9,266.8784749796487,274.8784749796487,299.23828435224686,0.012085145805031061,0.012085145805031061,none,30.0,105,3,monophasic
Modulated_autosave_20260717_162548_293ms,Biceps (L),L_BB,10,300.23828435224686,308.23828435224686,332.59809372481664,0.012756542768329382,0.012756542768329382,none,30.0,105,3,monophasic
Modulated_autosave_20260717_162548_293ms,Biceps (L),L_BB,1,0.7942811753594015,8.794281175359401,32.35980937256977,0.012756542768329382,0.012756542768329382,none,30.0,110,3,monophasic
Modulated_autosave_20260717_162548_293ms,Biceps (L),L_BB,2,33.35980937256977,41.35980937256977,65.71961874513954,0.0139314872212708,0.0139314872212708,none,30.0,110,3,monophasic
Modulated_autosave_20260717_162548_293ms,Biceps (L),L_BB,3,66.71961874513954,74.71961874513954,99.07942811770931,0.009063859237357974,0.009063859237357974,none,30.0,110,3,monophasic
Modulated_autosave_20260717_162548_293ms,Biceps (L),L_BB,4,100.07942811770931,108.07942811770931,132.4392374903075,0.012085145805031061,0.012085145805031061,none,30.0,110,3,monophasic
Modulated_autosave_20260717_162548_293ms,Biceps (L),L_BB,5,133.4392374903075,141.4392374903075,165.79904686287728,0.011245899368077517,0.011245899368077517,none,30.0,110,3,monophasic
Modulated_autosave_20260717_162548_293ms,Biceps (L),L_BB,6,166.79904686287728,174.79904686287728,199.15885623544705,0.012085145805031061,0.012085145805031061,none,30.0,110,3,monophasic
Modulated_autosave_20260717_162548_293ms,Biceps (L),L_BB,7,200.15885623544705,208.15885623544705,232.51866560801682,0.014770733658224344,0.014770733658224344,none,30.0,110,3,monophasic
Modulated_autosave_20260717_162548_293ms,Biceps (L),L_BB,8,233.51866560801682,241.51866560801682,265.8784749796487,0.010910200886428356,0.010910200886428356,none,30.0,110,3,monophasic
Modulated_autosave_20260717_162548_293ms,Biceps (L),L_BB,9,266.8784749796487,274.8784749796487,299.23828435224686,0.014099336694926023,0.014099336694926023,none,30.0,110,3,monophasic
Modulated_autosave_20260717_162548_293ms,Biceps (L),L_BB,10,300.23828435224686,308.23828435224686,332.59809372481664,0.012924391776323318,0.012924391776323318,none,30.0,110,3,monophasic
Modulated_autosave_20260717_162548_293ms,Biceps (L),L_BB,1,0.7942811753594015,8.794281175359401,32.35980937256977,0.016113527584820986,0.016113527584820986,none,30.0,115,3,monophasic
Modulated_autosave_20260717_162548_293ms,Biceps (L),L_BB,2,33.35980937256977,41.35980937256977,65.71961874513954,0.010070954915136099,0.010070954915136099,none,30.0,115,3,monophasic
Modulated_autosave_20260717_162548_293ms,Biceps (L),L_BB,3,66.71961874513954,74.71961874513954,99.07942811770931,0.01644922560080886,0.01644922560080886,none,30.0,115,3,monophasic
Modulated_autosave_20260717_162548_293ms,Biceps (L),L_BB,4,100.07942811770931,108.07942811770931,132.4392374903075,0.013427939731627703,0.013427939731627703,none,30.0,115,3,monophasic
Modulated_autosave_20260717_162548_293ms,Biceps (L),L_BB,5,133.4392374903075,141.4392374903075,165.79904686287728,0.0117494473233819,0.0117494473233819,none,30.0,115,3,monophasic
Modulated_autosave_20260717_162548_293ms,Biceps (L),L_BB,6,166.79904686287728,174.79904686287728,199.15885623544705,0.010070954682305455,0.010070954682305455,none,30.0,115,3,monophasic
Modulated_autosave_20260717_162548_293ms,Biceps (L),L_BB,7,200.15885623544705,208.15885623544705,232.51866560801682,0.0117494473233819,0.0117494473233819,none,30.0,115,3,monophasic
Modulated_autosave_20260717_162548_293ms,Biceps (L),L_BB,8,233.51866560801682,241.51866560801682,265.8784749796487,0.0117494473233819,0.0117494473233819,none,30.0,115,3,monophasic
Modulated_autosave_20260717_162548_293ms,Biceps (L),L_BB,9,266.8784749796487,274.8784749796487,299.23828435224686,0.01141374884173274,0.01141374884173274,none,30.0,115,3,monophasic
Modulated_autosave_20260717_162548_293ms,Biceps (L),L_BB,10,300.23828435224686,308.23828435224686,332.59809372481664,0.015777829103171825,0.015777829103171825,none,30.0,115,3,monophasic
Modulated_autosave_20260717_162548_293ms,Biceps (L),L_BB,1,0.7942811753594015,8.794281175359401,32.35980937256977,,,none,30.0,120,3,monophasic
Modulated_autosave_20260717_162548_293ms,Biceps (L),L_BB,2,33.35980937256977,41.35980937256977,65.71961874513954,,,none,30.0,120,3,monophasic
Modulated_autosave_20260717_162548_293ms,Biceps (L),L_BB,3,66.71961874513954,74.71961874513954,99.07942811770931,,,none,30.0,120,3,monophasic
Modulated_autosave_20260717_162548_293ms,Biceps (L),L_BB,4,100.07942811770931,108.07942811770931,132.4392374903075,,,none,30.0,120,3,monophasic
Modulated_autosave_20260717_162548_293ms,Biceps (L),L_BB,5,133.4392374903075,141.4392374903075,165.79904686287728,,,none,30.0,120,3,monophasic
Modulated_autosave_20260717_162548_293ms,Biceps (L),L_BB,6,166.79904686287728,174.79904686287728,199.15885623544705,,,none,30.0,120,3,monophasic
Modulated_autosave_20260717_162548_293ms,Biceps (L),L_BB,7,200.15885623544705,208.15885623544705,232.51866560801682,,,none,30.0,120,3,monophasic
Modulated_autosave_20260717_162548_293ms,Biceps (L),L_BB,8,233.51866560801682,241.51866560801682,265.8784749796487,,,none,30.0,120,3,monophasic
Modulated_autosave_20260717_162548_293ms,Biceps (L),L_BB,9,266.8784749796487,274.8784749796487,299.23828435224686,,,none,30.0,120,3,monophasic
Modulated_autosave_20260717_162548_293ms,Biceps (L),L_BB,10,300.23828435224686,308.23828435224686,332.59809372481664,,,none,30.0,120,3,monophasic
Modulated_autosave_20260717_162548_293ms,Triceps long (L),L_TBlg,1,0.7942811753594015,8.794281175359401,32.35980937256977,,,none,30.0,25,3,monophasic
Modulated_autosave_20260717_162548_293ms,Triceps long (L),L_TBlg,2,33.35980937256977,41.35980937256977,65.71961874513954,,,none,30.0,25,3,monophasic
Modulated_autosave_20260717_162548_293ms,Triceps long (L),L_TBlg,3,66.71961874513954,74.71961874513954,99.07942811770931,,,none,30.0,25,3,monophasic
Modulated_autosave_20260717_162548_293ms,Triceps long (L),L_TBlg,4,100.07942811770931,108.07942811770931,132.4392374903075,,,none,30.0,25,3,monophasic
Modulated_autosave_20260717_162548_293ms,Triceps long (L),L_TBlg,5,133.4392374903075,141.4392374903075,165.79904686287728,,,none,30.0,25,3,monophasic
Modulated_autosave_20260717_162548_293ms,Triceps long (L),L_TBlg,6,166.79904686287728,174.79904686287728,199.15885623544705,,,none,30.0,25,3,monophasic
Modulated_autosave_20260717_162548_293ms,Triceps long (L),L_TBlg,7,200.15885623544705,208.15885623544705,232.51866560801682,,,none,30.0,25,3,monophasic
Modulated_autosave_20260717_162548_293ms,Triceps long (L),L_TBlg,8,233.51866560801682,241.51866560801682,265.8784749796487,,,none,30.0,25,3,monophasic
Modulated_autosave_20260717_162548_293ms,Triceps long (L),L_TBlg,9,266.8784749796487,274.8784749796487,299.23828435224686,,,none,30.0,25,3,monophasic
Modulated_autosave_20260717_162548_293ms,Triceps long (L),L_TBlg,10,300.23828435224686,308.23828435224686,332.59809372481664,,,none,30.0,25,3,monophasic
Modulated_autosave_20260717_162548_293ms,Triceps long (L),L_TBlg,1,0.7942811753594015,8.794281175359401,32.35980937256977,,,none,30.0,30,3,monophasic
Modulated_autosave_20260717_162548_293ms,Triceps long (L),L_TBlg,2,33.35980937256977,41.35980937256977,65.71961874513954,,,none,30.0,30,3,monophasic
Modulated_autosave_20260717_162548_293ms,Triceps long (L),L_TBlg,3,66.71961874513954,74.71961874513954,99.07942811770931,,,none,30.0,30,3,monophasic
Modulated_autosave_20260717_162548_293ms,Triceps long (L),L_TBlg,4,100.07942811770931,108.07942811770931,132.4392374903075,,,none,30.0,30,3,monophasic
Modulated_autosave_20260717_162548_293ms,Triceps long (L),L_TBlg,5,133.4392374903075,141.4392374903075,165.79904686287728,,,none,30.0,30,3,monophasic
Modulated_autosave_20260717_162548_293ms,Triceps long (L),L_TBlg,6,166.79904686287728,174.79904686287728,199.15885623544705,,,none,30.0,30,3,monophasic
Modulated_autosave_20260717_162548_293ms,Triceps long (L),L_TBlg,7,200.15885623544705,208.15885623544705,232.51866560801682,,,none,30.0,30,3,monophasic
Modulated_autosave_20260717_162548_293ms,Triceps long (L),L_TBlg,8,233.51866560801682,241.51866560801682,265.8784749796487,,,none,30.0,30,3,monophasic
Modulated_autosave_20260717_162548_293ms,Triceps long (L),L_TBlg,9,266.8784749796487,274.8784749796487,299.23828435224686,,,none,30.0,30,3,monophasic
Modulated_autosave_20260717_162548_293ms,Triceps long (L),L_TBlg,10,300.23828435224686,308.23828435224686,332.59809372481664,,,none,30.0,30,3,monophasic
Modulated_autosave_20260717_162548_293ms,Triceps long (L),L_TBlg,1,0.7942811753594015,8.794281175359401,32.35980937256977,,,none,30.0,35,3,monophasic
Modulated_autosave_20260717_162548_293ms,Triceps long (L),L_TBlg,2,33.35980937256977,41.35980937256977,65.71961874513954,,,none,30.0,35,3,monophasic
Modulated_autosave_20260717_162548_293ms,Triceps long (L),L_TBlg,3,66.71961874513954,74.71961874513954,99.07942811770931,,,none,30.0,35,3,monophasic
Modulated_autosave_20260717_162548_293ms,Triceps long (L),L_TBlg,4,100.07942811770931,108.07942811770931,132.4392374903075,,,none,30.0,35,3,monophasic
Modulated_autosave_20260717_162548_293ms,Triceps long (L),L_TBlg,5,133.4392374903075,141.4392374903075,165.79904686287728,,,none,30.0,35,3,monophasic
Modulated_autosave_20260717_162548_293ms,Triceps long (L),L_TBlg,6,166.79904686287728,174.79904686287728,199.15885623544705,,,none,30.0,35,3,monophasic
Modulated_autosave_20260717_162548_293ms,Triceps long (L),L_TBlg,7,200.15885623544705,208.15885623544705,232.51866560801682,,,none,30.0,35,3,monophasic
Modulated_autosave_20260717_162548_293ms,Triceps long (L),L_TBlg,8,233.51866560801682,241.51866560801682,265.8784749796487,,,none,30.0,35,3,monophasic
Modulated_autosave_20260717_162548_293ms,Triceps long (L),L_TBlg,9,266.8784749796487,274.8784749796487,299.23828435224686,,,none,30.0,35,3,monophasic
Modulated_autosave_20260717_162548_293ms,Triceps long (L),L_TBlg,10,300.23828435224686,308.23828435224686,332.59809372481664,,,none,30.0,35,3,monophasic
Modulated_autosave_20260717_162548_293ms,Triceps long (L),L_TBlg,1,0.7942811753594015,8.794281175359401,32.35980937256977,,,none,30.0,40,3,monophasic
Modulated_autosave_20260717_162548_293ms,Triceps long (L),L_TBlg,2,33.35980937256977,41.35980937256977,65.71961874513954,,,none,30.0,40,3,monophasic
Modulated_autosave_20260717_162548_293ms,Triceps long (L),L_TBlg,3,66.71961874513954,74.71961874513954,99.07942811770931,,,none,30.0,40,3,monophasic
Modulated_autosave_20260717_162548_293ms,Triceps long (L),L_TBlg,4,100.07942811770931,108.07942811770931,132.4392374903075,,,none,30.0,40,3,monophasic
Modulated_autosave_20260717_162548_293ms,Triceps long (L),L_TBlg,5,133.4392374903075,141.4392374903075,165.79904686287728,,,none,30.0,40,3,monophasic
Modulated_autosave_20260717_162548_293ms,Triceps long (L),L_TBlg,6,166.79904686287728,174.79904686287728,199.15885623544705,,,none,30.0,40,3,monophasic
Modulated_autosave_20260717_162548_293ms,Triceps long (L),L_TBlg,7,200.15885623544705,208.15885623544705,232.51866560801682,,,none,30.0,40,3,monophasic
Modulated_autosave_20260717_162548_293ms,Triceps long (L),L_TBlg,8,233.51866560801682,241.51866560801682,265.8784749796487,,,none,30.0,40,3,monophasic
Modulated_autosave_20260717_162548_293ms,Triceps long (L),L_TBlg,9,266.8784749796487,274.8784749796487,299.23828435224686,,,none,30.0,40,3,monophasic
Modulated_autosave_20260717_162548_293ms,Triceps long (L),L_TBlg,10,300.23828435224686,308.23828435224686,332.59809372481664,,,none,30.0,40,3,monophasic
Modulated_autosave_20260717_162548_293ms,Triceps long (L),L_TBlg,1,0.7942811753594015,8.794281175359401,32.35980937256977,,,none,30.0,45,3,monophasic
Modulated_autosave_20260717_162548_293ms,Triceps long (L),L_TBlg,2,33.35980937256977,41.35980937256977,65.71961874513954,,,none,30.0,45,3,monophasic
Modulated_autosave_20260717_162548_293ms,Triceps long (L),L_TBlg,3,66.71961874513954,74.71961874513954,99.07942811770931,,,none,30.0,45,3,monophasic
Modulated_autosave_20260717_162548_293ms,Triceps long (L),L_TBlg,4,100.07942811770931,108.07942811770931,132.4392374903075,,,none,30.0,45,3,monophasic
Modulated_autosave_20260717_162548_293ms,Triceps long (L),L_TBlg,5,133.4392374903075,141.4392374903075,165.79904686287728,,,none,30.0,45,3,monophasic
Modulated_autosave_20260717_162548_293ms,Triceps long (L),L_TBlg,6,166.79904686287728,174.79904686287728,199.15885623544705,,,none,30.0,45,3,monophasic
Modulated_autosave_20260717_162548_293ms,Triceps long (L),L_TBlg,7,200.15885623544705,208.15885623544705,232.51866560801682,,,none,30.0,45,3,monophasic
Modulated_autosave_20260717_162548_293ms,Triceps long (L),L_TBlg,8,233.51866560801682,241.51866560801682,265.8784749796487,,,none,30.0,45,3,monophasic
Modulated_autosave_20260717_162548_293ms,Triceps long (L),L_TBlg,9,266.8784749796487,274.8784749796487,299.23828435224686,,,none,30.0,45,3,monophasic
Modulated_autosave_20260717_162548_293ms,Triceps long (L),L_TBlg,10,300.23828435224686,308.23828435224686,332.59809372481664,,,none,30.0,45,3,monophasic
Modulated_autosave_20260717_162548_293ms,Triceps long (L),L_TBlg,1,0.7942811753594015,8.794281175359401,32.35980937256977,,,none,30.0,50,3,monophasic
Modulated_autosave_20260717_162548_293ms,Triceps long (L),L_TBlg,2,33.35980937256977,41.35980937256977,65.71961874513954,,,none,30.0,50,3,monophasic
Modulated_autosave_20260717_162548_293ms,Triceps long (L),L_TBlg,3,66.71961874513954,74.71961874513954,99.07942811770931,,,none,30.0,50,3,monophasic
Modulated_autosave_20260717_162548_293ms,Triceps long (L),L_TBlg,4,100.07942811770931,108.07942811770931,132.4392374903075,,,none,30.0,50,3,monophasic
Modulated_autosave_20260717_162548_293ms,Triceps long (L),L_TBlg,5,133.4392374903075,141.4392374903075,165.79904686287728,,,none,30.0,50,3,monophasic
Modulated_autosave_20260717_162548_293ms,Triceps long (L),L_TBlg,6,166.79904686287728,174.79904686287728,199.15885623544705,,,none,30.0,50,3,monophasic
Modulated_autosave_20260717_162548_293ms,Triceps long (L),L_TBlg,7,200.15885623544705,208.15885623544705,232.51866560801682,,,none,30.0,50,3,monophasic
Modulated_autosave_20260717_162548_293ms,Triceps long (L),L_TBlg,8,233.51866560801682,241.51866560801682,265.8784749796487,,,none,30.0,50,3,monophasic
Modulated_autosave_20260717_162548_293ms,Triceps long (L),L_TBlg,9,266.8784749796487,274.8784749796487,299.23828435224686,,,none,30.0,50,3,monophasic
Modulated_autosave_20260717_162548_293ms,Triceps long (L),L_TBlg,10,300.23828435224686,308.23828435224686,332.59809372481664,,,none,30.0,50,3,monophasic
Modulated_autosave_20260717_162548_293ms,Triceps long (L),L_TBlg,1,0.7942811753594015,8.794281175359401,32.35980937256977,,,none,30.0,55,3,monophasic
Modulated_autosave_20260717_162548_293ms,Triceps long (L),L_TBlg,2,33.35980937256977,41.35980937256977,65.71961874513954,,,none,30.0,55,3,monophasic
Modulated_autosave_20260717_162548_293ms,Triceps long (L),L_TBlg,3,66.71961874513954,74.71961874513954,99.07942811770931,,,none,30.0,55,3,monophasic
Modulated_autosave_20260717_162548_293ms,Triceps long (L),L_TBlg,4,100.07942811770931,108.07942811770931,132.4392374903075,,,none,30.0,55,3,monophasic
Modulated_autosave_20260717_162548_293ms,Triceps long (L),L_TBlg,5,133.4392374903075,141.4392374903075,165.79904686287728,,,none,30.0,55,3,monophasic
Modulated_autosave_20260717_162548_293ms,Triceps long (L),L_TBlg,6,166.79904686287728,174.79904686287728,199.15885623544705,,,none,30.0,55,3,monophasic
Modulated_autosave_20260717_162548_293ms,Triceps long (L),L_TBlg,7,200.15885623544705,208.15885623544705,232.51866560801682,,,none,30.0,55,3,monophasic
Modulated_autosave_20260717_162548_293ms,Triceps long (L),L_TBlg,8,233.51866560801682,241.51866560801682,265.8784749796487,,,none,30.0,55,3,monophasic
Modulated_autosave_20260717_162548_293ms,Triceps long (L),L_TBlg,9,266.8784749796487,274.8784749796487,299.23828435224686,,,none,30.0,55,3,monophasic
Modulated_autosave_20260717_162548_293ms,Triceps long (L),L_TBlg,10,300.23828435224686,308.23828435224686,332.59809372481664,,,none,30.0,55,3,monophasic
Modulated_autosave_20260717_162548_293ms,Triceps long (L),L_TBlg,1,0.7942811753594015,8.794281175359401,32.35980937256977,,,none,30.0,60,3,monophasic
Modulated_autosave_20260717_162548_293ms,Triceps long (L),L_TBlg,2,33.35980937256977,41.35980937256977,65.71961874513954,,,none,30.0,60,3,monophasic
Modulated_autosave_20260717_162548_293ms,Triceps long (L),L_TBlg,3,66.71961874513954,74.71961874513954,99.07942811770931,,,none,30.0,60,3,monophasic
Modulated_autosave_20260717_162548_293ms,Triceps long (L),L_TBlg,4,100.07942811770931,108.07942811770931,132.4392374903075,,,none,30.0,60,3,monophasic
Modulated_autosave_20260717_162548_293ms,Triceps long (L),L_TBlg,5,133.4392374903075,141.4392374903075,165.79904686287728,,,none,30.0,60,3,monophasic
Modulated_autosave_20260717_162548_293ms,Triceps long (L),L_TBlg,6,166.79904686287728,174.79904686287728,199.15885623544705,,,none,30.0,60,3,monophasic
Modulated_autosave_20260717_162548_293ms,Triceps long (L),L_TBlg,7,200.15885623544705,208.15885623544705,232.51866560801682,,,none,30.0,60,3,monophasic
Modulated_autosave_20260717_162548_293ms,Triceps long (L),L_TBlg,8,233.51866560801682,241.51866560801682,265.8784749796487,,,none,30.0,60,3,monophasic
Modulated_autosave_20260717_162548_293ms,Triceps long (L),L_TBlg,9,266.8784749796487,274.8784749796487,299.23828435224686,,,none,30.0,60,3,monophasic
Modulated_autosave_20260717_162548_293ms,Triceps long (L),L_TBlg,10,300.23828435224686,308.23828435224686,332.59809372481664,,,none,30.0,60,3,monophasic
Modulated_autosave_20260717_162548_293ms,Triceps long (L),L_TBlg,1,0.7942811753594015,8.794281175359401,32.35980937256977,,,none,30.0,65,3,monophasic
Modulated_autosave_20260717_162548_293ms,Triceps long (L),L_TBlg,2,33.35980937256977,41.35980937256977,65.71961874513954,,,none,30.0,65,3,monophasic
Modulated_autosave_20260717_162548_293ms,Triceps long (L),L_TBlg,3,66.71961874513954,74.71961874513954,99.07942811770931,,,none,30.0,65,3,monophasic
Modulated_autosave_20260717_162548_293ms,Triceps long (L),L_TBlg,4,100.07942811770931,108.07942811770931,132.4392374903075,,,none,30.0,65,3,monophasic
Modulated_autosave_20260717_162548_293ms,Triceps long (L),L_TBlg,5,133.4392374903075,141.4392374903075,165.79904686287728,,,none,30.0,65,3,monophasic
Modulated_autosave_20260717_162548_293ms,Triceps long (L),L_TBlg,6,166.79904686287728,174.79904686287728,199.15885623544705,,,none,30.0,65,3,monophasic
Modulated_autosave_20260717_162548_293ms,Triceps long (L),L_TBlg,7,200.15885623544705,208.15885623544705,232.51866560801682,,,none,30.0,65,3,monophasic
Modulated_autosave_20260717_162548_293ms,Triceps long (L),L_TBlg,8,233.51866560801682,241.51866560801682,265.8784749796487,,,none,30.0,65,3,monophasic
Modulated_autosave_20260717_162548_293ms,Triceps long (L),L_TBlg,9,266.8784749796487,274.8784749796487,299.23828435224686,,,none,30.0,65,3,monophasic
Modulated_autosave_20260717_162548_293ms,Triceps long (L),L_TBlg,10,300.23828435224686,308.23828435224686,332.59809372481664,,,none,30.0,65,3,monophasic
Modulated_autosave_20260717_162548_293ms,Triceps long (L),L_TBlg,1,0.7942811753594015,8.794281175359401,32.35980937256977,,,none,30.0,70,3,monophasic
Modulated_autosave_20260717_162548_293ms,Triceps long (L),L_TBlg,2,33.35980937256977,41.35980937256977,65.71961874513954,,,none,30.0,70,3,monophasic
Modulated_autosave_20260717_162548_293ms,Triceps long (L),L_TBlg,3,66.71961874513954,74.71961874513954,99.07942811770931,,,none,30.0,70,3,monophasic
Modulated_autosave_20260717_162548_293ms,Triceps long (L),L_TBlg,4,100.07942811770931,108.07942811770931,132.4392374903075,,,none,30.0,70,3,monophasic
Modulated_autosave_20260717_162548_293ms,Triceps long (L),L_TBlg,5,133.4392374903075,141.4392374903075,165.79904686287728,,,none,30.0,70,3,monophasic
Modulated_autosave_20260717_162548_293ms,Triceps long (L),L_TBlg,6,166.79904686287728,174.79904686287728,199.15885623544705,,,none,30.0,70,3,monophasic
Modulated_autosave_20260717_162548_293ms,Triceps long (L),L_TBlg,7,200.15885623544705,208.15885623544705,232.51866560801682,,,none,30.0,70,3,monophasic
Modulated_autosave_20260717_162548_293ms,Triceps long (L),L_TBlg,8,233.51866560801682,241.51866560801682,265.8784749796487,,,none,30.0,70,3,monophasic
Modulated_autosave_20260717_162548_293ms,Triceps long (L),L_TBlg,9,266.8784749796487,274.8784749796487,299.23828435224686,,,none,30.0,70,3,monophasic
Modulated_autosave_20260717_162548_293ms,Triceps long (L),L_TBlg,10,300.23828435224686,308.23828435224686,332.59809372481664,,,none,30.0,70,3,monophasic
Modulated_autosave_20260717_162548_293ms,Triceps long (L),L_TBlg,1,0.7942811753594015,8.794281175359401,32.35980937256977,,,none,30.0,75,3,monophasic
Modulated_autosave_20260717_162548_293ms,Triceps long (L),L_TBlg,2,33.35980937256977,41.35980937256977,65.71961874513954,,,none,30.0,75,3,monophasic
Modulated_autosave_20260717_162548_293ms,Triceps long (L),L_TBlg,3,66.71961874513954,74.71961874513954,99.07942811770931,,,none,30.0,75,3,monophasic
Modulated_autosave_20260717_162548_293ms,Triceps long (L),L_TBlg,4,100.07942811770931,108.07942811770931,132.4392374903075,,,none,30.0,75,3,monophasic
Modulated_autosave_20260717_162548_293ms,Triceps long (L),L_TBlg,5,133.4392374903075,141.4392374903075,165.79904686287728,,,none,30.0,75,3,monophasic
Modulated_autosave_20260717_162548_293ms,Triceps long (L),L_TBlg,6,166.79904686287728,174.79904686287728,199.15885623544705,,,none,30.0,75,3,monophasic
Modulated_autosave_20260717_162548_293ms,Triceps long (L),L_TBlg,7,200.15885623544705,208.15885623544705,232.51866560801682,,,none,30.0,75,3,monophasic
Modulated_autosave_20260717_162548_293ms,Triceps long (L),L_TBlg,8,233.51866560801682,241.51866560801682,265.8784749796487,,,none,30.0,75,3,monophasic
Modulated_autosave_20260717_162548_293ms,Triceps long (L),L_TBlg,9,266.8784749796487,274.8784749796487,299.23828435224686,,,none,30.0,75,3,monophasic
Modulated_autosave_20260717_162548_293ms,Triceps long (L),L_TBlg,10,300.23828435224686,308.23828435224686,332.59809372481664,,,none,30.0,75,3,monophasic
Modulated_autosave_20260717_162548_293ms,Triceps long (L),L_TBlg,1,0.7942811753594015,8.794281175359401,32.35980937256977,,,none,30.0,80,3,monophasic
Modulated_autosave_20260717_162548_293ms,Triceps long (L),L_TBlg,2,33.35980937256977,41.35980937256977,65.71961874513954,,,none,30.0,80,3,monophasic
Modulated_autosave_20260717_162548_293ms,Triceps long (L),L_TBlg,3,66.71961874513954,74.71961874513954,99.07942811770931,,,none,30.0,80,3,monophasic
Modulated_autosave_20260717_162548_293ms,Triceps long (L),L_TBlg,4,100.07942811770931,108.07942811770931,132.4392374903075,,,none,30.0,80,3,monophasic
Modulated_autosave_20260717_162548_293ms,Triceps long (L),L_TBlg,5,133.4392374903075,141.4392374903075,165.79904686287728,,,none,30.0,80,3,monophasic
Modulated_autosave_20260717_162548_293ms,Triceps long (L),L_TBlg,6,166.79904686287728,174.79904686287728,199.15885623544705,,,none,30.0,80,3,monophasic
Modulated_autosave_20260717_162548_293ms,Triceps long (L),L_TBlg,7,200.15885623544705,208.15885623544705,232.51866560801682,,,none,30.0,80,3,monophasic
Modulated_autosave_20260717_162548_293ms,Triceps long (L),L_TBlg,8,233.51866560801682,241.51866560801682,265.8784749796487,,,none,30.0,80,3,monophasic
Modulated_autosave_20260717_162548_293ms,Triceps long (L),L_TBlg,9,266.8784749796487,274.8784749796487,299.23828435224686,,,none,30.0,80,3,monophasic
Modulated_autosave_20260717_162548_293ms,Triceps long (L),L_TBlg,10,300.23828435224686,308.23828435224686,332.59809372481664,,,none,30.0,80,3,monophasic
Modulated_autosave_20260717_162548_293ms,Triceps long (L),L_TBlg,1,0.7942811753594015,8.794281175359401,32.35980937256977,,,none,30.0,85,3,monophasic
Modulated_autosave_20260717_162548_293ms,Triceps long (L),L_TBlg,2,33.35980937256977,41.35980937256977,65.71961874513954,,,none,30.0,85,3,monophasic
Modulated_autosave_20260717_162548_293ms,Triceps long (L),L_TBlg,3,66.71961874513954,74.71961874513954,99.07942811770931,,,none,30.0,85,3,monophasic
Modulated_autosave_20260717_162548_293ms,Triceps long (L),L_TBlg,4,100.07942811770931,108.07942811770931,132.4392374903075,,,none,30.0,85,3,monophasic
Modulated_autosave_20260717_162548_293ms,Triceps long (L),L_TBlg,5,133.4392374903075,141.4392374903075,165.79904686287728,,,none,30.0,85,3,monophasic
Modulated_autosave_20260717_162548_293ms,Triceps long (L),L_TBlg,6,166.79904686287728,174.79904686287728,199.15885623544705,,,none,30.0,85,3,monophasic
Modulated_autosave_20260717_162548_293ms,Triceps long (L),L_TBlg,7,200.15885623544705,208.15885623544705,232.51866560801682,,,none,30.0,85,3,monophasic
Modulated_autosave_20260717_162548_293ms,Triceps long (L),L_TBlg,8,233.51866560801682,241.51866560801682,265.8784749796487,,,none,30.0,85,3,monophasic
Modulated_autosave_20260717_162548_293ms,Triceps long (L),L_TBlg,9,266.8784749796487,274.8784749796487,299.23828435224686,,,none,30.0,85,3,monophasic
Modulated_autosave_20260717_162548_293ms,Triceps long (L),L_TBlg,10,300.23828435224686,308.23828435224686,332.59809372481664,,,none,30.0,85,3,monophasic
Modulated_autosave_20260717_162548_293ms,Triceps long (L),L_TBlg,1,0.7942811753594015,8.794281175359401,32.35980937256977,,,none,30.0,90,3,monophasic
Modulated_autosave_20260717_162548_293ms,Triceps long (L),L_TBlg,2,33.35980937256977,41.35980937256977,65.71961874513954,,,none,30.0,90,3,monophasic
Modulated_autosave_20260717_162548_293ms,Triceps long (L),L_TBlg,3,66.71961874513954,74.71961874513954,99.07942811770931,,,none,30.0,90,3,monophasic
Modulated_autosave_20260717_162548_293ms,Triceps long (L),L_TBlg,4,100.07942811770931,108.07942811770931,132.4392374903075,,,none,30.0,90,3,monophasic
Modulated_autosave_20260717_162548_293ms,Triceps long (L),L_TBlg,5,133.4392374903075,141.4392374903075,165.79904686287728,,,none,30.0,90,3,monophasic
Modulated_autosave_20260717_162548_293ms,Triceps long (L),L_TBlg,6,166.79904686287728,174.79904686287728,199.15885623544705,,,none,30.0,90,3,monophasic
Modulated_autosave_20260717_162548_293ms,Triceps long (L),L_TBlg,7,200.15885623544705,208.15885623544705,232.51866560801682,,,none,30.0,90,3,monophasic
Modulated_autosave_20260717_162548_293ms,Triceps long (L),L_TBlg,8,233.51866560801682,241.51866560801682,265.8784749796487,,,none,30.0,90,3,monophasic
Modulated_autosave_20260717_162548_293ms,Triceps long (L),L_TBlg,9,266.8784749796487,274.8784749796487,299.23828435224686,,,none,30.0,90,3,monophasic
Modulated_autosave_20260717_162548_293ms,Triceps long (L),L_TBlg,10,300.23828435224686,308.23828435224686,332.59809372481664,,,none,30.0,90,3,monophasic
Modulated_autosave_20260717_162548_293ms,Triceps long (L),L_TBlg,1,0.7942811753594015,8.794281175359401,32.35980937256977,,,none,30.0,95,3,monophasic
Modulated_autosave_20260717_162548_293ms,Triceps long (L),L_TBlg,2,33.35980937256977,41.35980937256977,65.71961874513954,,,none,30.0,95,3,monophasic
Modulated_autosave_20260717_162548_293ms,Triceps long (L),L_TBlg,3,66.71961874513954,74.71961874513954,99.07942811770931,,,none,30.0,95,3,monophasic
Modulated_autosave_20260717_162548_293ms,Triceps long (L),L_TBlg,4,100.07942811770931,108.07942811770931,132.4392374903075,,,none,30.0,95,3,monophasic
Modulated_autosave_20260717_162548_293ms,Triceps long (L),L_TBlg,5,133.4392374903075,141.4392374903075,165.79904686287728,,,none,30.0,95,3,monophasic
Modulated_autosave_20260717_162548_293ms,Triceps long (L),L_TBlg,6,166.79904686287728,174.79904686287728,199.15885623544705,,,none,30.0,95,3,monophasic
Modulated_autosave_20260717_162548_293ms,Triceps long (L),L_TBlg,7,200.15885623544705,208.15885623544705,232.51866560801682,,,none,30.0,95,3,monophasic
Modulated_autosave_20260717_162548_293ms,Triceps long (L),L_TBlg,8,233.51866560801682,241.51866560801682,265.8784749796487,,,none,30.0,95,3,monophasic
Modulated_autosave_20260717_162548_293ms,Triceps long (L),L_TBlg,9,266.8784749796487,274.8784749796487,299.23828435224686,,,none,30.0,95,3,monophasic
Modulated_autosave_20260717_162548_293ms,Triceps long (L),L_TBlg,10,300.23828435224686,308.23828435224686,332.59809372481664,,,none,30.0,95,3,monophasic
Modulated_autosave_20260717_162548_293ms,Triceps long (L),L_TBlg,1,0.7942811753594015,8.794281175359401,32.35980937256977,,,none,30.0,100,3,monophasic
Modulated_autosave_20260717_162548_293ms,Triceps long (L),L_TBlg,2,33.35980937256977,41.35980937256977,65.71961874513954,,,none,30.0,100,3,monophasic
Modulated_autosave_20260717_162548_293ms,Triceps long (L),L_TBlg,3,66.71961874513954,74.71961874513954,99.07942811770931,,,none,30.0,100,3,monophasic
Modulated_autosave_20260717_162548_293ms,Triceps long (L),L_TBlg,4,100.07942811770931,108.07942811770931,132.4392374903075,,,none,30.0,100,3,monophasic
Modulated_autosave_20260717_162548_293ms,Triceps long (L),L_TBlg,5,133.4392374903075,141.4392374903075,165.79904686287728,,,none,30.0,100,3,monophasic
Modulated_autosave_20260717_162548_293ms,Triceps long (L),L_TBlg,6,166.79904686287728,174.79904686287728,199.15885623544705,,,none,30.0,100,3,monophasic
Modulated_autosave_20260717_162548_293ms,Triceps long (L),L_TBlg,7,200.15885623544705,208.15885623544705,232.51866560801682,,,none,30.0,100,3,monophasic
Modulated_autosave_20260717_162548_293ms,Triceps long (L),L_TBlg,8,233.51866560801682,241.51866560801682,265.8784749796487,,,none,30.0,100,3,monophasic
Modulated_autosave_20260717_162548_293ms,Triceps long (L),L_TBlg,9,266.8784749796487,274.8784749796487,299.23828435224686,,,none,30.0,100,3,monophasic
Modulated_autosave_20260717_162548_293ms,Triceps long (L),L_TBlg,10,300.23828435224686,308.23828435224686,332.59809372481664,,,none,30.0,100,3,monophasic
Modulated_autosave_20260717_162548_293ms,Triceps long (L),L_TBlg,1,0.7942811753594015,8.794281175359401,32.35980937256977,,,none,30.0,105,3,monophasic
Modulated_autosave_20260717_162548_293ms,Triceps long (L),L_TBlg,2,33.35980937256977,41.35980937256977,65.71961874513954,,,none,30.0,105,3,monophasic
Modulated_autosave_20260717_162548_293ms,Triceps long (L),L_TBlg,3,66.71961874513954,74.71961874513954,99.07942811770931,,,none,30.0,105,3,monophasic
Modulated_autosave_20260717_162548_293ms,Triceps long (L),L_TBlg,4,100.07942811770931,108.07942811770931,132.4392374903075,,,none,30.0,105,3,monophasic
Modulated_autosave_20260717_162548_293ms,Triceps long (L),L_TBlg,5,133.4392374903075,141.4392374903075,165.79904686287728,,,none,30.0,105,3,monophasic
Modulated_autosave_20260717_162548_293ms,Triceps long (L),L_TBlg,6,166.79904686287728,174.79904686287728,199.15885623544705,,,none,30.0,105,3,monophasic
Modulated_autosave_20260717_162548_293ms,Triceps long (L),L_TBlg,7,200.15885623544705,208.15885623544705,232.51866560801682,,,none,30.0,105,3,monophasic
Modulated_autosave_20260717_162548_293ms,Triceps long (L),L_TBlg,8,233.51866560801682,241.51866560801682,265.8784749796487,,,none,30.0,105,3,monophasic
Modulated_autosave_20260717_162548_293ms,Triceps long (L),L_TBlg,9,266.8784749796487,274.8784749796487,299.23828435224686,,,none,30.0,105,3,monophasic
Modulated_autosave_20260717_162548_293ms,Triceps long (L),L_TBlg,10,300.23828435224686,308.23828435224686,332.59809372481664,,,none,30.0,105,3,monophasic
Modulated_autosave_20260717_162548_293ms,Triceps long (L),L_TBlg,1,0.7942811753594015,8.794281175359401,32.35980937256977,,,none,30.0,110,3,monophasic
Modulated_autosave_20260717_162548_293ms,Triceps long (L),L_TBlg,2,33.35980937256977,41.35980937256977,65.71961874513954,,,none,30.0,110,3,monophasic
Modulated_autosave_20260717_162548_293ms,Triceps long (L),L_TBlg,3,66.71961874513954,74.71961874513954,99.07942811770931,,,none,30.0,110,3,monophasic
Modulated_autosave_20260717_162548_293ms,Triceps long (L),L_TBlg,4,100.07942811770931,108.07942811770931,132.4392374903075,,,none,30.0,110,3,monophasic
Modulated_autosave_20260717_162548_293ms,Triceps long (L),L_TBlg,5,133.4392374903075,141.4392374903075,165.79904686287728,,,none,30.0,110,3,monophasic
Modulated_autosave_20260717_162548_293ms,Triceps long (L),L_TBlg,6,166.79904686287728,174.79904686287728,199.15885623544705,,,none,30.0,110,3,monophasic
Modulated_autosave_20260717_162548_293ms,Triceps long (L),L_TBlg,7,200.15885623544705,208.15885623544705,232.51866560801682,,,none,30.0,110,3,monophasic
Modulated_autosave_20260717_162548_293ms,Triceps long (L),L_TBlg,8,233.51866560801682,241.51866560801682,265.8784749796487,,,none,30.0,110,3,monophasic
Modulated_autosave_20260717_162548_293ms,Triceps long (L),L_TBlg,9,266.8784749796487,274.8784749796487,299.23828435224686,,,none,30.0,110,3,monophasic
Modulated_autosave_20260717_162548_293ms,Triceps long (L),L_TBlg,10,300.23828435224686,308.23828435224686,332.59809372481664,,,none,30.0,110,3,monophasic
Modulated_autosave_20260717_162548_293ms,Triceps long (L),L_TBlg,1,0.7942811753594015,8.794281175359401,32.35980937256977,,,none,30.0,115,3,monophasic
Modulated_autosave_20260717_162548_293ms,Triceps long (L),L_TBlg,2,33.35980937256977,41.35980937256977,65.71961874513954,,,none,30.0,115,3,monophasic
Modulated_autosave_20260717_162548_293ms,Triceps long (L),L_TBlg,3,66.71961874513954,74.71961874513954,99.07942811770931,,,none,30.0,115,3,monophasic
Modulated_autosave_20260717_162548_293ms,Triceps long (L),L_TBlg,4,100.07942811770931,108.07942811770931,132.4392374903075,,,none,30.0,115,3,monophasic
Modulated_autosave_20260717_162548_293ms,Triceps long (L),L_TBlg,5,133.4392374903075,141.4392374903075,165.79904686287728,,,none,30.0,115,3,monophasic
Modulated_autosave_20260717_162548_293ms,Triceps long (L),L_TBlg,6,166.79904686287728,174.79904686287728,199.15885623544705,,,none,30.0,115,3,monophasic
Modulated_autosave_20260717_162548_293ms,Triceps long (L),L_TBlg,7,200.15885623544705,208.15885623544705,232.51866560801682,,,none,30.0,115,3,monophasic
Modulated_autosave_20260717_162548_293ms,Triceps long (L),L_TBlg,8,233.51866560801682,241.51866560801682,265.8784749796487,,,none,30.0,115,3,monophasic
Modulated_autosave_20260717_162548_293ms,Triceps long (L),L_TBlg,9,266.8784749796487,274.8784749796487,299.23828435224686,,,none,30.0,115,3,monophasic
Modulated_autosave_20260717_162548_293ms,Triceps long (L),L_TBlg,10,300.23828435224686,308.23828435224686,332.59809372481664,,,none,30.0,115,3,monophasic
Modulated_autosave_20260717_162548_293ms,Triceps long (L),L_TBlg,1,0.7942811753594015,8.794281175359401,32.35980937256977,,,none,30.0,120,3,monophasic
Modulated_autosave_20260717_162548_293ms,Triceps long (L),L_TBlg,2,33.35980937256977,41.35980937256977,65.71961874513954,,,none,30.0,120,3,monophasic
Modulated_autosave_20260717_162548_293ms,Triceps long (L),L_TBlg,3,66.71961874513954,74.71961874513954,99.07942811770931,,,none,30.0,120,3,monophasic
Modulated_autosave_20260717_162548_293ms,Triceps long (L),L_TBlg,4,100.07942811770931,108.07942811770931,132.4392374903075,,,none,30.0,120,3,monophasic
Modulated_autosave_20260717_162548_293ms,Triceps long (L),L_TBlg,5,133.4392374903075,141.4392374903075,165.79904686287728,,,none,30.0,120,3,monophasic
Modulated_autosave_20260717_162548_293ms,Triceps long (L),L_TBlg,6,166.79904686287728,174.79904686287728,199.15885623544705,,,none,30.0,120,3,monophasic
Modulated_autosave_20260717_162548_293ms,Triceps long (L),L_TBlg,7,200.15885623544705,208.15885623544705,232.51866560801682,,,none,30.0,120,3,monophasic
Modulated_autosave_20260717_162548_293ms,Triceps long (L),L_TBlg,8,233.51866560801682,241.51866560801682,265.8784749796487,,,none,30.0,120,3,monophasic
Modulated_autosave_20260717_162548_293ms,Triceps long (L),L_TBlg,9,266.8784749796487,274.8784749796487,299.23828435224686,,,none,30.0,120,3,monophasic
Modulated_autosave_20260717_162548_293ms,Triceps long (L),L_TBlg,10,300.23828435224686,308.23828435224686,332.59809372481664,,,none,30.0,120,3,monophasic
Modulated_autosave_20260717_162548_293ms,Thenar (L),L_The_ED_FD_FCR A,1,0.7942811753594015,8.794281175359401,32.35980937256977,,,none,30.0,25,3,monophasic
Modulated_autosave_20260717_162548_293ms,Thenar (L),L_The_ED_FD_FCR A,2,33.35980937256977,41.35980937256977,65.71961874513954,,,none,30.0,25,3,monophasic
Modulated_autosave_20260717_162548_293ms,Thenar (L),L_The_ED_FD_FCR A,3,66.71961874513954,74.71961874513954,99.07942811770931,,,none,30.0,25,3,monophasic
Modulated_autosave_20260717_162548_293ms,Thenar (L),L_The_ED_FD_FCR A,4,100.07942811770931,108.07942811770931,132.4392374903075,,,none,30.0,25,3,monophasic
Modulated_autosave_20260717_162548_293ms,Thenar (L),L_The_ED_FD_FCR A,5,133.4392374903075,141.4392374903075,165.79904686287728,,,none,30.0,25,3,monophasic
Modulated_autosave_20260717_162548_293ms,Thenar (L),L_The_ED_FD_FCR A,6,166.79904686287728,174.79904686287728,199.15885623544705,,,none,30.0,25,3,monophasic
Modulated_autosave_20260717_162548_293ms,Thenar (L),L_The_ED_FD_FCR A,7,200.15885623544705,208.15885623544705,232.51866560801682,,,none,30.0,25,3,monophasic
Modulated_autosave_20260717_162548_293ms,Thenar (L),L_The_ED_FD_FCR A,8,233.51866560801682,241.51866560801682,265.8784749796487,,,none,30.0,25,3,monophasic
Modulated_autosave_20260717_162548_293ms,Thenar (L),L_The_ED_FD_FCR A,9,266.8784749796487,274.8784749796487,299.23828435224686,,,none,30.0,25,3,monophasic
Modulated_autosave_20260717_162548_293ms,Thenar (L),L_The_ED_FD_FCR A,10,300.23828435224686,308.23828435224686,332.59809372481664,,,none,30.0,25,3,monophasic
Modulated_autosave_20260717_162548_293ms,Thenar (L),L_The_ED_FD_FCR A,1,0.7942811753594015,8.794281175359401,32.35980937256977,,,none,30.0,30,3,monophasic
Modulated_autosave_20260717_162548_293ms,Thenar (L),L_The_ED_FD_FCR A,2,33.35980937256977,41.35980937256977,65.71961874513954,,,none,30.0,30,3,monophasic
Modulated_autosave_20260717_162548_293ms,Thenar (L),L_The_ED_FD_FCR A,3,66.71961874513954,74.71961874513954,99.07942811770931,,,none,30.0,30,3,monophasic
Modulated_autosave_20260717_162548_293ms,Thenar (L),L_The_ED_FD_FCR A,4,100.07942811770931,108.07942811770931,132.4392374903075,,,none,30.0,30,3,monophasic
Modulated_autosave_20260717_162548_293ms,Thenar (L),L_The_ED_FD_FCR A,5,133.4392374903075,141.4392374903075,165.79904686287728,,,none,30.0,30,3,monophasic
Modulated_autosave_20260717_162548_293ms,Thenar (L),L_The_ED_FD_FCR A,6,166.79904686287728,174.79904686287728,199.15885623544705,,,none,30.0,30,3,monophasic
Modulated_autosave_20260717_162548_293ms,Thenar (L),L_The_ED_FD_FCR A,7,200.15885623544705,208.15885623544705,232.51866560801682,,,none,30.0,30,3,monophasic
Modulated_autosave_20260717_162548_293ms,Thenar (L),L_The_ED_FD_FCR A,8,233.51866560801682,241.51866560801682,265.8784749796487,,,none,30.0,30,3,monophasic
Modulated_autosave_20260717_162548_293ms,Thenar (L),L_The_ED_FD_FCR A,9,266.8784749796487,274.8784749796487,299.23828435224686,,,none,30.0,30,3,monophasic
Modulated_autosave_20260717_162548_293ms,Thenar (L),L_The_ED_FD_FCR A,10,300.23828435224686,308.23828435224686,332.59809372481664,,,none,30.0,30,3,monophasic
Modulated_autosave_20260717_162548_293ms,Thenar (L),L_The_ED_FD_FCR A,1,0.7942811753594015,8.794281175359401,32.35980937256977,,,none,30.0,35,3,monophasic
Modulated_autosave_20260717_162548_293ms,Thenar (L),L_The_ED_FD_FCR A,2,33.35980937256977,41.35980937256977,65.71961874513954,,,none,30.0,35,3,monophasic
Modulated_autosave_20260717_162548_293ms,Thenar (L),L_The_ED_FD_FCR A,3,66.71961874513954,74.71961874513954,99.07942811770931,,,none,30.0,35,3,monophasic
Modulated_autosave_20260717_162548_293ms,Thenar (L),L_The_ED_FD_FCR A,4,100.07942811770931,108.07942811770931,132.4392374903075,,,none,30.0,35,3,monophasic
Modulated_autosave_20260717_162548_293ms,Thenar (L),L_The_ED_FD_FCR A,5,133.4392374903075,141.4392374903075,165.79904686287728,,,none,30.0,35,3,monophasic
Modulated_autosave_20260717_162548_293ms,Thenar (L),L_The_ED_FD_FCR A,6,166.79904686287728,174.79904686287728,199.15885623544705,,,none,30.0,35,3,monophasic
Modulated_autosave_20260717_162548_293ms,Thenar (L),L_The_ED_FD_FCR A,7,200.15885623544705,208.15885623544705,232.51866560801682,,,none,30.0,35,3,monophasic
Modulated_autosave_20260717_162548_293ms,Thenar (L),L_The_ED_FD_FCR A,8,233.51866560801682,241.51866560801682,265.8784749796487,,,none,30.0,35,3,monophasic
Modulated_autosave_20260717_162548_293ms,Thenar (L),L_The_ED_FD_FCR A,9,266.8784749796487,274.8784749796487,299.23828435224686,,,none,30.0,35,3,monophasic
Modulated_autosave_20260717_162548_293ms,Thenar (L),L_The_ED_FD_FCR A,10,300.23828435224686,308.23828435224686,332.59809372481664,,,none,30.0,35,3,monophasic
Modulated_autosave_20260717_162548_293ms,Thenar (L),L_The_ED_FD_FCR A,1,0.7942811753594015,8.794281175359401,32.35980937256977,,,none,30.0,40,3,monophasic
Modulated_autosave_20260717_162548_293ms,Thenar (L),L_The_ED_FD_FCR A,2,33.35980937256977,41.35980937256977,65.71961874513954,,,none,30.0,40,3,monophasic
Modulated_autosave_20260717_162548_293ms,Thenar (L),L_The_ED_FD_FCR A,3,66.71961874513954,74.71961874513954,99.07942811770931,,,none,30.0,40,3,monophasic
Modulated_autosave_20260717_162548_293ms,Thenar (L),L_The_ED_FD_FCR A,4,100.07942811770931,108.07942811770931,132.4392374903075,,,none,30.0,40,3,monophasic
Modulated_autosave_20260717_162548_293ms,Thenar (L),L_The_ED_FD_FCR A,5,133.4392374903075,141.4392374903075,165.79904686287728,,,none,30.0,40,3,monophasic
Modulated_autosave_20260717_162548_293ms,Thenar (L),L_The_ED_FD_FCR A,6,166.79904686287728,174.79904686287728,199.15885623544705,,,none,30.0,40,3,monophasic
Modulated_autosave_20260717_162548_293ms,Thenar (L),L_The_ED_FD_FCR A,7,200.15885623544705,208.15885623544705,232.51866560801682,,,none,30.0,40,3,monophasic
Modulated_autosave_20260717_162548_293ms,Thenar (L),L_The_ED_FD_FCR A,8,233.51866560801682,241.51866560801682,265.8784749796487,,,none,30.0,40,3,monophasic
Modulated_autosave_20260717_162548_293ms,Thenar (L),L_The_ED_FD_FCR A,9,266.8784749796487,274.8784749796487,299.23828435224686,,,none,30.0,40,3,monophasic
Modulated_autosave_20260717_162548_293ms,Thenar (L),L_The_ED_FD_FCR A,10,300.23828435224686,308.23828435224686,332.59809372481664,,,none,30.0,40,3,monophasic
Modulated_autosave_20260717_162548_293ms,Thenar (L),L_The_ED_FD_FCR A,1,0.7942811753594015,8.794281175359401,32.35980937256977,,,none,30.0,45,3,monophasic
Modulated_autosave_20260717_162548_293ms,Thenar (L),L_The_ED_FD_FCR A,2,33.35980937256977,41.35980937256977,65.71961874513954,,,none,30.0,45,3,monophasic
Modulated_autosave_20260717_162548_293ms,Thenar (L),L_The_ED_FD_FCR A,3,66.71961874513954,74.71961874513954,99.07942811770931,,,none,30.0,45,3,monophasic
Modulated_autosave_20260717_162548_293ms,Thenar (L),L_The_ED_FD_FCR A,4,100.07942811770931,108.07942811770931,132.4392374903075,,,none,30.0,45,3,monophasic
Modulated_autosave_20260717_162548_293ms,Thenar (L),L_The_ED_FD_FCR A,5,133.4392374903075,141.4392374903075,165.79904686287728,,,none,30.0,45,3,monophasic
Modulated_autosave_20260717_162548_293ms,Thenar (L),L_The_ED_FD_FCR A,6,166.79904686287728,174.79904686287728,199.15885623544705,,,none,30.0,45,3,monophasic
Modulated_autosave_20260717_162548_293ms,Thenar (L),L_The_ED_FD_FCR A,7,200.15885623544705,208.15885623544705,232.51866560801682,,,none,30.0,45,3,monophasic
Modulated_autosave_20260717_162548_293ms,Thenar (L),L_The_ED_FD_FCR A,8,233.51866560801682,241.51866560801682,265.8784749796487,,,none,30.0,45,3,monophasic
Modulated_autosave_20260717_162548_293ms,Thenar (L),L_The_ED_FD_FCR A,9,266.8784749796487,274.8784749796487,299.23828435224686,,,none,30.0,45,3,monophasic
Modulated_autosave_20260717_162548_293ms,Thenar (L),L_The_ED_FD_FCR A,10,300.23828435224686,308.23828435224686,332.59809372481664,,,none,30.0,45,3,monophasic
Modulated_autosave_20260717_162548_293ms,Thenar (L),L_The_ED_FD_FCR A,1,0.7942811753594015,8.794281175359401,32.35980937256977,,,none,30.0,50,3,monophasic
Modulated_autosave_20260717_162548_293ms,Thenar (L),L_The_ED_FD_FCR A,2,33.35980937256977,41.35980937256977,65.71961874513954,,,none,30.0,50,3,monophasic
Modulated_autosave_20260717_162548_293ms,Thenar (L),L_The_ED_FD_FCR A,3,66.71961874513954,74.71961874513954,99.07942811770931,,,none,30.0,50,3,monophasic
Modulated_autosave_20260717_162548_293ms,Thenar (L),L_The_ED_FD_FCR A,4,100.07942811770931,108.07942811770931,132.4392374903075,,,none,30.0,50,3,monophasic
Modulated_autosave_20260717_162548_293ms,Thenar (L),L_The_ED_FD_FCR A,5,133.4392374903075,141.4392374903075,165.79904686287728,,,none,30.0,50,3,monophasic
Modulated_autosave_20260717_162548_293ms,Thenar (L),L_The_ED_FD_FCR A,6,166.79904686287728,174.79904686287728,199.15885623544705,,,none,30.0,50,3,monophasic
Modulated_autosave_20260717_162548_293ms,Thenar (L),L_The_ED_FD_FCR A,7,200.15885623544705,208.15885623544705,232.51866560801682,,,none,30.0,50,3,monophasic
Modulated_autosave_20260717_162548_293ms,Thenar (L),L_The_ED_FD_FCR A,8,233.51866560801682,241.51866560801682,265.8784749796487,,,none,30.0,50,3,monophasic
Modulated_autosave_20260717_162548_293ms,Thenar (L),L_The_ED_FD_FCR A,9,266.8784749796487,274.8784749796487,299.23828435224686,,,none,30.0,50,3,monophasic
Modulated_autosave_20260717_162548_293ms,Thenar (L),L_The_ED_FD_FCR A,10,300.23828435224686,308.23828435224686,332.59809372481664,,,none,30.0,50,3,monophasic
Modulated_autosave_20260717_162548_293ms,Thenar (L),L_The_ED_FD_FCR A,1,0.7942811753594015,8.794281175359401,32.35980937256977,,,none,30.0,55,3,monophasic
Modulated_autosave_20260717_162548_293ms,Thenar (L),L_The_ED_FD_FCR A,2,33.35980937256977,41.35980937256977,65.71961874513954,,,none,30.0,55,3,monophasic
Modulated_autosave_20260717_162548_293ms,Thenar (L),L_The_ED_FD_FCR A,3,66.71961874513954,74.71961874513954,99.07942811770931,,,none,30.0,55,3,monophasic
Modulated_autosave_20260717_162548_293ms,Thenar (L),L_The_ED_FD_FCR A,4,100.07942811770931,108.07942811770931,132.4392374903075,,,none,30.0,55,3,monophasic
Modulated_autosave_20260717_162548_293ms,Thenar (L),L_The_ED_FD_FCR A,5,133.4392374903075,141.4392374903075,165.79904686287728,,,none,30.0,55,3,monophasic
Modulated_autosave_20260717_162548_293ms,Thenar (L),L_The_ED_FD_FCR A,6,166.79904686287728,174.79904686287728,199.15885623544705,,,none,30.0,55,3,monophasic
Modulated_autosave_20260717_162548_293ms,Thenar (L),L_The_ED_FD_FCR A,7,200.15885623544705,208.15885623544705,232.51866560801682,,,none,30.0,55,3,monophasic
Modulated_autosave_20260717_162548_293ms,Thenar (L),L_The_ED_FD_FCR A,8,233.51866560801682,241.51866560801682,265.8784749796487,,,none,30.0,55,3,monophasic
Modulated_autosave_20260717_162548_293ms,Thenar (L),L_The_ED_FD_FCR A,9,266.8784749796487,274.8784749796487,299.23828435224686,,,none,30.0,55,3,monophasic
Modulated_autosave_20260717_162548_293ms,Thenar (L),L_The_ED_FD_FCR A,10,300.23828435224686,308.23828435224686,332.59809372481664,,,none,30.0,55,3,monophasic
Modulated_autosave_20260717_162548_293ms,Thenar (L),L_The_ED_FD_FCR A,1,0.7942811753594015,8.794281175359401,32.35980937256977,,,none,30.0,60,3,monophasic
Modulated_autosave_20260717_162548_293ms,Thenar (L),L_The_ED_FD_FCR A,2,33.35980937256977,41.35980937256977,65.71961874513954,,,none,30.0,60,3,monophasic
Modulated_autosave_20260717_162548_293ms,Thenar (L),L_The_ED_FD_FCR A,3,66.71961874513954,74.71961874513954,99.07942811770931,,,none,30.0,60,3,monophasic
Modulated_autosave_20260717_162548_293ms,Thenar (L),L_The_ED_FD_FCR A,4,100.07942811770931,108.07942811770931,132.4392374903075,,,none,30.0,60,3,monophasic
Modulated_autosave_20260717_162548_293ms,Thenar (L),L_The_ED_FD_FCR A,5,133.4392374903075,141.4392374903075,165.79904686287728,,,none,30.0,60,3,monophasic
Modulated_autosave_20260717_162548_293ms,Thenar (L),L_The_ED_FD_FCR A,6,166.79904686287728,174.79904686287728,199.15885623544705,,,none,30.0,60,3,monophasic
Modulated_autosave_20260717_162548_293ms,Thenar (L),L_The_ED_FD_FCR A,7,200.15885623544705,208.15885623544705,232.51866560801682,,,none,30.0,60,3,monophasic
Modulated_autosave_20260717_162548_293ms,Thenar (L),L_The_ED_FD_FCR A,8,233.51866560801682,241.51866560801682,265.8784749796487,,,none,30.0,60,3,monophasic
Modulated_autosave_20260717_162548_293ms,Thenar (L),L_The_ED_FD_FCR A,9,266.8784749796487,274.8784749796487,299.23828435224686,,,none,30.0,60,3,monophasic
Modulated_autosave_20260717_162548_293ms,Thenar (L),L_The_ED_FD_FCR A,10,300.23828435224686,308.23828435224686,332.59809372481664,,,none,30.0,60,3,monophasic
Modulated_autosave_20260717_162548_293ms,Thenar (L),L_The_ED_FD_FCR A,1,0.7942811753594015,8.794281175359401,32.35980937256977,,,none,30.0,65,3,monophasic
Modulated_autosave_20260717_162548_293ms,Thenar (L),L_The_ED_FD_FCR A,2,33.35980937256977,41.35980937256977,65.71961874513954,,,none,30.0,65,3,monophasic
Modulated_autosave_20260717_162548_293ms,Thenar (L),L_The_ED_FD_FCR A,3,66.71961874513954,74.71961874513954,99.07942811770931,,,none,30.0,65,3,monophasic
Modulated_autosave_20260717_162548_293ms,Thenar (L),L_The_ED_FD_FCR A,4,100.07942811770931,108.07942811770931,132.4392374903075,,,none,30.0,65,3,monophasic
Modulated_autosave_20260717_162548_293ms,Thenar (L),L_The_ED_FD_FCR A,5,133.4392374903075,141.4392374903075,165.79904686287728,,,none,30.0,65,3,monophasic
Modulated_autosave_20260717_162548_293ms,Thenar (L),L_The_ED_FD_FCR A,6,166.79904686287728,174.79904686287728,199.15885623544705,,,none,30.0,65,3,monophasic
Modulated_autosave_20260717_162548_293ms,Thenar (L),L_The_ED_FD_FCR A,7,200.15885623544705,208.15885623544705,232.51866560801682,,,none,30.0,65,3,monophasic
Modulated_autosave_20260717_162548_293ms,Thenar (L),L_The_ED_FD_FCR A,8,233.51866560801682,241.51866560801682,265.8784749796487,,,none,30.0,65,3,monophasic
Modulated_autosave_20260717_162548_293ms,Thenar (L),L_The_ED_FD_FCR A,9,266.8784749796487,274.8784749796487,299.23828435224686,,,none,30.0,65,3,monophasic
Modulated_autosave_20260717_162548_293ms,Thenar (L),L_The_ED_FD_FCR A,10,300.23828435224686,308.23828435224686,332.59809372481664,,,none,30.0,65,3,monophasic
Modulated_autosave_20260717_162548_293ms,Thenar (L),L_The_ED_FD_FCR A,1,0.7942811753594015,8.794281175359401,32.35980937256977,,,none,30.0,70,3,monophasic
Modulated_autosave_20260717_162548_293ms,Thenar (L),L_The_ED_FD_FCR A,2,33.35980937256977,41.35980937256977,65.71961874513954,,,none,30.0,70,3,monophasic
Modulated_autosave_20260717_162548_293ms,Thenar (L),L_The_ED_FD_FCR A,3,66.71961874513954,74.71961874513954,99.07942811770931,,,none,30.0,70,3,monophasic
Modulated_autosave_20260717_162548_293ms,Thenar (L),L_The_ED_FD_FCR A,4,100.07942811770931,108.07942811770931,132.4392374903075,,,none,30.0,70,3,monophasic
Modulated_autosave_20260717_162548_293ms,Thenar (L),L_The_ED_FD_FCR A,5,133.4392374903075,141.4392374903075,165.79904686287728,,,none,30.0,70,3,monophasic
Modulated_autosave_20260717_162548_293ms,Thenar (L),L_The_ED_FD_FCR A,6,166.79904686287728,174.79904686287728,199.15885623544705,,,none,30.0,70,3,monophasic
Modulated_autosave_20260717_162548_293ms,Thenar (L),L_The_ED_FD_FCR A,7,200.15885623544705,208.15885623544705,232.51866560801682,,,none,30.0,70,3,monophasic
Modulated_autosave_20260717_162548_293ms,Thenar (L),L_The_ED_FD_FCR A,8,233.51866560801682,241.51866560801682,265.8784749796487,,,none,30.0,70,3,monophasic
Modulated_autosave_20260717_162548_293ms,Thenar (L),L_The_ED_FD_FCR A,9,266.8784749796487,274.8784749796487,299.23828435224686,,,none,30.0,70,3,monophasic
Modulated_autosave_20260717_162548_293ms,Thenar (L),L_The_ED_FD_FCR A,10,300.23828435224686,308.23828435224686,332.59809372481664,,,none,30.0,70,3,monophasic
Modulated_autosave_20260717_162548_293ms,Thenar (L),L_The_ED_FD_FCR A,1,0.7942811753594015,8.794281175359401,32.35980937256977,,,none,30.0,75,3,monophasic
Modulated_autosave_20260717_162548_293ms,Thenar (L),L_The_ED_FD_FCR A,2,33.35980937256977,41.35980937256977,65.71961874513954,,,none,30.0,75,3,monophasic
Modulated_autosave_20260717_162548_293ms,Thenar (L),L_The_ED_FD_FCR A,3,66.71961874513954,74.71961874513954,99.07942811770931,,,none,30.0,75,3,monophasic
Modulated_autosave_20260717_162548_293ms,Thenar (L),L_The_ED_FD_FCR A,4,100.07942811770931,108.07942811770931,132.4392374903075,,,none,30.0,75,3,monophasic
Modulated_autosave_20260717_162548_293ms,Thenar (L),L_The_ED_FD_FCR A,5,133.4392374903075,141.4392374903075,165.79904686287728,,,none,30.0,75,3,monophasic
Modulated_autosave_20260717_162548_293ms,Thenar (L),L_The_ED_FD_FCR A,6,166.79904686287728,174.79904686287728,199.15885623544705,,,none,30.0,75,3,monophasic
Modulated_autosave_20260717_162548_293ms,Thenar (L),L_The_ED_FD_FCR A,7,200.15885623544705,208.15885623544705,232.51866560801682,,,none,30.0,75,3,monophasic
Modulated_autosave_20260717_162548_293ms,Thenar (L),L_The_ED_FD_FCR A,8,233.51866560801682,241.51866560801682,265.8784749796487,,,none,30.0,75,3,monophasic
Modulated_autosave_20260717_162548_293ms,Thenar (L),L_The_ED_FD_FCR A,9,266.8784749796487,274.8784749796487,299.23828435224686,,,none,30.0,75,3,monophasic
Modulated_autosave_20260717_162548_293ms,Thenar (L),L_The_ED_FD_FCR A,10,300.23828435224686,308.23828435224686,332.59809372481664,,,none,30.0,75,3,monophasic
Modulated_autosave_20260717_162548_293ms,Thenar (L),L_The_ED_FD_FCR A,1,0.7942811753594015,8.794281175359401,32.35980937256977,,,none,30.0,80,3,monophasic
Modulated_autosave_20260717_162548_293ms,Thenar (L),L_The_ED_FD_FCR A,2,33.35980937256977,41.35980937256977,65.71961874513954,,,none,30.0,80,3,monophasic
Modulated_autosave_20260717_162548_293ms,Thenar (L),L_The_ED_FD_FCR A,3,66.71961874513954,74.71961874513954,99.07942811770931,,,none,30.0,80,3,monophasic
Modulated_autosave_20260717_162548_293ms,Thenar (L),L_The_ED_FD_FCR A,4,100.07942811770931,108.07942811770931,132.4392374903075,,,none,30.0,80,3,monophasic
Modulated_autosave_20260717_162548_293ms,Thenar (L),L_The_ED_FD_FCR A,5,133.4392374903075,141.4392374903075,165.79904686287728,,,none,30.0,80,3,monophasic
Modulated_autosave_20260717_162548_293ms,Thenar (L),L_The_ED_FD_FCR A,6,166.79904686287728,174.79904686287728,199.15885623544705,,,none,30.0,80,3,monophasic
Modulated_autosave_20260717_162548_293ms,Thenar (L),L_The_ED_FD_FCR A,7,200.15885623544705,208.15885623544705,232.51866560801682,,,none,30.0,80,3,monophasic
Modulated_autosave_20260717_162548_293ms,Thenar (L),L_The_ED_FD_FCR A,8,233.51866560801682,241.51866560801682,265.8784749796487,,,none,30.0,80,3,monophasic
Modulated_autosave_20260717_162548_293ms,Thenar (L),L_The_ED_FD_FCR A,9,266.8784749796487,274.8784749796487,299.23828435224686,,,none,30.0,80,3,monophasic
Modulated_autosave_20260717_162548_293ms,Thenar (L),L_The_ED_FD_FCR A,10,300.23828435224686,308.23828435224686,332.59809372481664,,,none,30.0,80,3,monophasic
Modulated_autosave_20260717_162548_293ms,Thenar (L),L_The_ED_FD_FCR A,1,0.7942811753594015,8.794281175359401,32.35980937256977,,,none,30.0,85,3,monophasic
Modulated_autosave_20260717_162548_293ms,Thenar (L),L_The_ED_FD_FCR A,2,33.35980937256977,41.35980937256977,65.71961874513954,,,none,30.0,85,3,monophasic
Modulated_autosave_20260717_162548_293ms,Thenar (L),L_The_ED_FD_FCR A,3,66.71961874513954,74.71961874513954,99.07942811770931,,,none,30.0,85,3,monophasic
Modulated_autosave_20260717_162548_293ms,Thenar (L),L_The_ED_FD_FCR A,4,100.07942811770931,108.07942811770931,132.4392374903075,,,none,30.0,85,3,monophasic
Modulated_autosave_20260717_162548_293ms,Thenar (L),L_The_ED_FD_FCR A,5,133.4392374903075,141.4392374903075,165.79904686287728,,,none,30.0,85,3,monophasic
Modulated_autosave_20260717_162548_293ms,Thenar (L),L_The_ED_FD_FCR A,6,166.79904686287728,174.79904686287728,199.15885623544705,,,none,30.0,85,3,monophasic
Modulated_autosave_20260717_162548_293ms,Thenar (L),L_The_ED_FD_FCR A,7,200.15885623544705,208.15885623544705,232.51866560801682,,,none,30.0,85,3,monophasic
Modulated_autosave_20260717_162548_293ms,Thenar (L),L_The_ED_FD_FCR A,8,233.51866560801682,241.51866560801682,265.8784749796487,,,none,30.0,85,3,monophasic
Modulated_autosave_20260717_162548_293ms,Thenar (L),L_The_ED_FD_FCR A,9,266.8784749796487,274.8784749796487,299.23828435224686,,,none,30.0,85,3,monophasic
Modulated_autosave_20260717_162548_293ms,Thenar (L),L_The_ED_FD_FCR A,10,300.23828435224686,308.23828435224686,332.59809372481664,,,none,30.0,85,3,monophasic
Modulated_autosave_20260717_162548_293ms,Thenar (L),L_The_ED_FD_FCR A,1,0.7942811753594015,8.794281175359401,32.35980937256977,,,none,30.0,90,3,monophasic
Modulated_autosave_20260717_162548_293ms,Thenar (L),L_The_ED_FD_FCR A,2,33.35980937256977,41.35980937256977,65.71961874513954,,,none,30.0,90,3,monophasic
Modulated_autosave_20260717_162548_293ms,Thenar (L),L_The_ED_FD_FCR A,3,66.71961874513954,74.71961874513954,99.07942811770931,,,none,30.0,90,3,monophasic
Modulated_autosave_20260717_162548_293ms,Thenar (L),L_The_ED_FD_FCR A,4,100.07942811770931,108.07942811770931,132.4392374903075,,,none,30.0,90,3,monophasic
Modulated_autosave_20260717_162548_293ms,Thenar (L),L_The_ED_FD_FCR A,5,133.4392374903075,141.4392374903075,165.79904686287728,,,none,30.0,90,3,monophasic
Modulated_autosave_20260717_162548_293ms,Thenar (L),L_The_ED_FD_FCR A,6,166.79904686287728,174.79904686287728,199.15885623544705,,,none,30.0,90,3,monophasic
Modulated_autosave_20260717_162548_293ms,Thenar (L),L_The_ED_FD_FCR A,7,200.15885623544705,208.15885623544705,232.51866560801682,,,none,30.0,90,3,monophasic
Modulated_autosave_20260717_162548_293ms,Thenar (L),L_The_ED_FD_FCR A,8,233.51866560801682,241.51866560801682,265.8784749796487,,,none,30.0,90,3,monophasic
Modulated_autosave_20260717_162548_293ms,Thenar (L),L_The_ED_FD_FCR A,9,266.8784749796487,274.8784749796487,299.23828435224686,,,none,30.0,90,3,monophasic
Modulated_autosave_20260717_162548_293ms,Thenar (L),L_The_ED_FD_FCR A,10,300.23828435224686,308.23828435224686,332.59809372481664,,,none,30.0,90,3,monophasic
Modulated_autosave_20260717_162548_293ms,Thenar (L),L_The_ED_FD_FCR A,1,0.7942811753594015,8.794281175359401,32.35980937256977,,,none,30.0,95,3,monophasic
Modulated_autosave_20260717_162548_293ms,Thenar (L),L_The_ED_FD_FCR A,2,33.35980937256977,41.35980937256977,65.71961874513954,,,none,30.0,95,3,monophasic
Modulated_autosave_20260717_162548_293ms,Thenar (L),L_The_ED_FD_FCR A,3,66.71961874513954,74.71961874513954,99.07942811770931,,,none,30.0,95,3,monophasic
Modulated_autosave_20260717_162548_293ms,Thenar (L),L_The_ED_FD_FCR A,4,100.07942811770931,108.07942811770931,132.4392374903075,,,none,30.0,95,3,monophasic
Modulated_autosave_20260717_162548_293ms,Thenar (L),L_The_ED_FD_FCR A,5,133.4392374903075,141.4392374903075,165.79904686287728,,,none,30.0,95,3,monophasic
Modulated_autosave_20260717_162548_293ms,Thenar (L),L_The_ED_FD_FCR A,6,166.79904686287728,174.79904686287728,199.15885623544705,,,none,30.0,95,3,monophasic
Modulated_autosave_20260717_162548_293ms,Thenar (L),L_The_ED_FD_FCR A,7,200.15885623544705,208.15885623544705,232.51866560801682,,,none,30.0,95,3,monophasic
Modulated_autosave_20260717_162548_293ms,Thenar (L),L_The_ED_FD_FCR A,8,233.51866560801682,241.51866560801682,265.8784749796487,,,none,30.0,95,3,monophasic
Modulated_autosave_20260717_162548_293ms,Thenar (L),L_The_ED_FD_FCR A,9,266.8784749796487,274.8784749796487,299.23828435224686,,,none,30.0,95,3,monophasic
Modulated_autosave_20260717_162548_293ms,Thenar (L),L_The_ED_FD_FCR A,10,300.23828435224686,308.23828435224686,332.59809372481664,,,none,30.0,95,3,monophasic
Modulated_autosave_20260717_162548_293ms,Thenar (L),L_The_ED_FD_FCR A,1,0.7942811753594015,8.794281175359401,32.35980937256977,,,none,30.0,100,3,monophasic
Modulated_autosave_20260717_162548_293ms,Thenar (L),L_The_ED_FD_FCR A,2,33.35980937256977,41.35980937256977,65.71961874513954,,,none,30.0,100,3,monophasic
Modulated_autosave_20260717_162548_293ms,Thenar (L),L_The_ED_FD_FCR A,3,66.71961874513954,74.71961874513954,99.07942811770931,,,none,30.0,100,3,monophasic
Modulated_autosave_20260717_162548_293ms,Thenar (L),L_The_ED_FD_FCR A,4,100.07942811770931,108.07942811770931,132.4392374903075,,,none,30.0,100,3,monophasic
Modulated_autosave_20260717_162548_293ms,Thenar (L),L_The_ED_FD_FCR A,5,133.4392374903075,141.4392374903075,165.79904686287728,,,none,30.0,100,3,monophasic
Modulated_autosave_20260717_162548_293ms,Thenar (L),L_The_ED_FD_FCR A,6,166.79904686287728,174.79904686287728,199.15885623544705,,,none,30.0,100,3,monophasic
Modulated_autosave_20260717_162548_293ms,Thenar (L),L_The_ED_FD_FCR A,7,200.15885623544705,208.15885623544705,232.51866560801682,,,none,30.0,100,3,monophasic
Modulated_autosave_20260717_162548_293ms,Thenar (L),L_The_ED_FD_FCR A,8,233.51866560801682,241.51866560801682,265.8784749796487,,,none,30.0,100,3,monophasic
Modulated_autosave_20260717_162548_293ms,Thenar (L),L_The_ED_FD_FCR A,9,266.8784749796487,274.8784749796487,299.23828435224686,,,none,30.0,100,3,monophasic
Modulated_autosave_20260717_162548_293ms,Thenar (L),L_The_ED_FD_FCR A,10,300.23828435224686,308.23828435224686,332.59809372481664,,,none,30.0,100,3,monophasic
Modulated_autosave_20260717_162548_293ms,Thenar (L),L_The_ED_FD_FCR A,1,0.7942811753594015,8.794281175359401,32.35980937256977,,,none,30.0,105,3,monophasic
Modulated_autosave_20260717_162548_293ms,Thenar (L),L_The_ED_FD_FCR A,2,33.35980937256977,41.35980937256977,65.71961874513954,,,none,30.0,105,3,monophasic
Modulated_autosave_20260717_162548_293ms,Thenar (L),L_The_ED_FD_FCR A,3,66.71961874513954,74.71961874513954,99.07942811770931,,,none,30.0,105,3,monophasic
Modulated_autosave_20260717_162548_293ms,Thenar (L),L_The_ED_FD_FCR A,4,100.07942811770931,108.07942811770931,132.4392374903075,,,none,30.0,105,3,monophasic
Modulated_autosave_20260717_162548_293ms,Thenar (L),L_The_ED_FD_FCR A,5,133.4392374903075,141.4392374903075,165.79904686287728,,,none,30.0,105,3,monophasic
Modulated_autosave_20260717_162548_293ms,Thenar (L),L_The_ED_FD_FCR A,6,166.79904686287728,174.79904686287728,199.15885623544705,,,none,30.0,105,3,monophasic
Modulated_autosave_20260717_162548_293ms,Thenar (L),L_The_ED_FD_FCR A,7,200.15885623544705,208.15885623544705,232.51866560801682,,,none,30.0,105,3,monophasic
Modulated_autosave_20260717_162548_293ms,Thenar (L),L_The_ED_FD_FCR A,8,233.51866560801682,241.51866560801682,265.8784749796487,,,none,30.0,105,3,monophasic
Modulated_autosave_20260717_162548_293ms,Thenar (L),L_The_ED_FD_FCR A,9,266.8784749796487,274.8784749796487,299.23828435224686,,,none,30.0,105,3,monophasic
Modulated_autosave_20260717_162548_293ms,Thenar (L),L_The_ED_FD_FCR A,10,300.23828435224686,308.23828435224686,332.59809372481664,,,none,30.0,105,3,monophasic
Modulated_autosave_20260717_162548_293ms,Thenar (L),L_The_ED_FD_FCR A,1,0.7942811753594015,8.794281175359401,32.35980937256977,,,none,30.0,110,3,monophasic
Modulated_autosave_20260717_162548_293ms,Thenar (L),L_The_ED_FD_FCR A,2,33.35980937256977,41.35980937256977,65.71961874513954,,,none,30.0,110,3,monophasic
Modulated_autosave_20260717_162548_293ms,Thenar (L),L_The_ED_FD_FCR A,3,66.71961874513954,74.71961874513954,99.07942811770931,,,none,30.0,110,3,monophasic
Modulated_autosave_20260717_162548_293ms,Thenar (L),L_The_ED_FD_FCR A,4,100.07942811770931,108.07942811770931,132.4392374903075,,,none,30.0,110,3,monophasic
Modulated_autosave_20260717_162548_293ms,Thenar (L),L_The_ED_FD_FCR A,5,133.4392374903075,141.4392374903075,165.79904686287728,,,none,30.0,110,3,monophasic
Modulated_autosave_20260717_162548_293ms,Thenar (L),L_The_ED_FD_FCR A,6,166.79904686287728,174.79904686287728,199.15885623544705,,,none,30.0,110,3,monophasic
Modulated_autosave_20260717_162548_293ms,Thenar (L),L_The_ED_FD_FCR A,7,200.15885623544705,208.15885623544705,232.51866560801682,,,none,30.0,110,3,monophasic
Modulated_autosave_20260717_162548_293ms,Thenar (L),L_The_ED_FD_FCR A,8,233.51866560801682,241.51866560801682,265.8784749796487,,,none,30.0,110,3,monophasic
Modulated_autosave_20260717_162548_293ms,Thenar (L),L_The_ED_FD_FCR A,9,266.8784749796487,274.8784749796487,299.23828435224686,,,none,30.0,110,3,monophasic
Modulated_autosave_20260717_162548_293ms,Thenar (L),L_The_ED_FD_FCR A,10,300.23828435224686,308.23828435224686,332.59809372481664,,,none,30.0,110,3,monophasic
Modulated_autosave_20260717_162548_293ms,Thenar (L),L_The_ED_FD_FCR A,1,0.7942811753594015,8.794281175359401,32.35980937256977,,,none,30.0,115,3,monophasic
Modulated_autosave_20260717_162548_293ms,Thenar (L),L_The_ED_FD_FCR A,2,33.35980937256977,41.35980937256977,65.71961874513954,,,none,30.0,115,3,monophasic
Modulated_autosave_20260717_162548_293ms,Thenar (L),L_The_ED_FD_FCR A,3,66.71961874513954,74.71961874513954,99.07942811770931,,,none,30.0,115,3,monophasic
Modulated_autosave_20260717_162548_293ms,Thenar (L),L_The_ED_FD_FCR A,4,100.07942811770931,108.07942811770931,132.4392374903075,,,none,30.0,115,3,monophasic
Modulated_autosave_20260717_162548_293ms,Thenar (L),L_The_ED_FD_FCR A,5,133.4392374903075,141.4392374903075,165.79904686287728,,,none,30.0,115,3,monophasic
Modulated_autosave_20260717_162548_293ms,Thenar (L),L_The_ED_FD_FCR A,6,166.79904686287728,174.79904686287728,199.15885623544705,,,none,30.0,115,3,monophasic
Modulated_autosave_20260717_162548_293ms,Thenar (L),L_The_ED_FD_FCR A,7,200.15885623544705,208.15885623544705,232.51866560801682,,,none,30.0,115,3,monophasic
Modulated_autosave_20260717_162548_293ms,Thenar (L),L_The_ED_FD_FCR A,8,233.51866560801682,241.51866560801682,265.8784749796487,,,none,30.0,115,3,monophasic
Modulated_autosave_20260717_162548_293ms,Thenar (L),L_The_ED_FD_FCR A,9,266.8784749796487,274.8784749796487,299.23828435224686,,,none,30.0,115,3,monophasic
Modulated_autosave_20260717_162548_293ms,Thenar (L),L_The_ED_FD_FCR A,10,300.23828435224686,308.23828435224686,332.59809372481664,,,none,30.0,115,3,monophasic
Modulated_autosave_20260717_162548_293ms,Thenar (L),L_The_ED_FD_FCR A,1,0.7942811753594015,8.794281175359401,32.35980937256977,,,none,30.0,120,3,monophasic
Modulated_autosave_20260717_162548_293ms,Thenar (L),L_The_ED_FD_FCR A,2,33.35980937256977,41.35980937256977,65.71961874513954,,,none,30.0,120,3,monophasic
Modulated_autosave_20260717_162548_293ms,Thenar (L),L_The_ED_FD_FCR A,3,66.71961874513954,74.71961874513954,99.07942811770931,,,none,30.0,120,3,monophasic
Modulated_autosave_20260717_162548_293ms,Thenar (L),L_The_ED_FD_FCR A,4,100.07942811770931,108.07942811770931,132.4392374903075,,,none,30.0,120,3,monophasic
Modulated_autosave_20260717_162548_293ms,Thenar (L),L_The_ED_FD_FCR A,5,133.4392374903075,141.4392374903075,165.79904686287728,,,none,30.0,120,3,monophasic
Modulated_autosave_20260717_162548_293ms,Thenar (L),L_The_ED_FD_FCR A,6,166.79904686287728,174.79904686287728,199.15885623544705,,,none,30.0,120,3,monophasic
Modulated_autosave_20260717_162548_293ms,Thenar (L),L_The_ED_FD_FCR A,7,200.15885623544705,208.15885623544705,232.51866560801682,,,none,30.0,120,3,monophasic
Modulated_autosave_20260717_162548_293ms,Thenar (L),L_The_ED_FD_FCR A,8,233.51866560801682,241.51866560801682,265.8784749796487,,,none,30.0,120,3,monophasic
Modulated_autosave_20260717_162548_293ms,Thenar (L),L_The_ED_FD_FCR A,9,266.8784749796487,274.8784749796487,299.23828435224686,,,none,30.0,120,3,monophasic
Modulated_autosave_20260717_162548_293ms,Thenar (L),L_The_ED_FD_FCR A,10,300.23828435224686,308.23828435224686,332.59809372481664,,,none,30.0,120,3,monophasic
Modulated_autosave_20260717_162548_293ms,Ext. digitorum (L),L_The_ED_FD_FCR B,1,0.7942811753594015,8.794281175359401,32.35980937256977,,,none,30.0,25,3,monophasic
Modulated_autosave_20260717_162548_293ms,Ext. digitorum (L),L_The_ED_FD_FCR B,2,33.35980937256977,41.35980937256977,65.71961874513954,,,none,30.0,25,3,monophasic
Modulated_autosave_20260717_162548_293ms,Ext. digitorum (L),L_The_ED_FD_FCR B,3,66.71961874513954,74.71961874513954,99.07942811770931,,,none,30.0,25,3,monophasic
Modulated_autosave_20260717_162548_293ms,Ext. digitorum (L),L_The_ED_FD_FCR B,4,100.07942811770931,108.07942811770931,132.4392374903075,,,none,30.0,25,3,monophasic
Modulated_autosave_20260717_162548_293ms,Ext. digitorum (L),L_The_ED_FD_FCR B,5,133.4392374903075,141.4392374903075,165.79904686287728,,,none,30.0,25,3,monophasic
Modulated_autosave_20260717_162548_293ms,Ext. digitorum (L),L_The_ED_FD_FCR B,6,166.79904686287728,174.79904686287728,199.15885623544705,,,none,30.0,25,3,monophasic
Modulated_autosave_20260717_162548_293ms,Ext. digitorum (L),L_The_ED_FD_FCR B,7,200.15885623544705,208.15885623544705,232.51866560801682,,,none,30.0,25,3,monophasic
Modulated_autosave_20260717_162548_293ms,Ext. digitorum (L),L_The_ED_FD_FCR B,8,233.51866560801682,241.51866560801682,265.8784749796487,,,none,30.0,25,3,monophasic
Modulated_autosave_20260717_162548_293ms,Ext. digitorum (L),L_The_ED_FD_FCR B,9,266.8784749796487,274.8784749796487,299.23828435224686,,,none,30.0,25,3,monophasic
Modulated_autosave_20260717_162548_293ms,Ext. digitorum (L),L_The_ED_FD_FCR B,10,300.23828435224686,308.23828435224686,332.59809372481664,,,none,30.0,25,3,monophasic
Modulated_autosave_20260717_162548_293ms,Ext. digitorum (L),L_The_ED_FD_FCR B,1,0.7942811753594015,8.794281175359401,32.35980937256977,,,none,30.0,30,3,monophasic
Modulated_autosave_20260717_162548_293ms,Ext. digitorum (L),L_The_ED_FD_FCR B,2,33.35980937256977,41.35980937256977,65.71961874513954,,,none,30.0,30,3,monophasic
Modulated_autosave_20260717_162548_293ms,Ext. digitorum (L),L_The_ED_FD_FCR B,3,66.71961874513954,74.71961874513954,99.07942811770931,,,none,30.0,30,3,monophasic
Modulated_autosave_20260717_162548_293ms,Ext. digitorum (L),L_The_ED_FD_FCR B,4,100.07942811770931,108.07942811770931,132.4392374903075,,,none,30.0,30,3,monophasic
Modulated_autosave_20260717_162548_293ms,Ext. digitorum (L),L_The_ED_FD_FCR B,5,133.4392374903075,141.4392374903075,165.79904686287728,,,none,30.0,30,3,monophasic
Modulated_autosave_20260717_162548_293ms,Ext. digitorum (L),L_The_ED_FD_FCR B,6,166.79904686287728,174.79904686287728,199.15885623544705,,,none,30.0,30,3,monophasic
Modulated_autosave_20260717_162548_293ms,Ext. digitorum (L),L_The_ED_FD_FCR B,7,200.15885623544705,208.15885623544705,232.51866560801682,,,none,30.0,30,3,monophasic
Modulated_autosave_20260717_162548_293ms,Ext. digitorum (L),L_The_ED_FD_FCR B,8,233.51866560801682,241.51866560801682,265.8784749796487,,,none,30.0,30,3,monophasic
Modulated_autosave_20260717_162548_293ms,Ext. digitorum (L),L_The_ED_FD_FCR B,9,266.8784749796487,274.8784749796487,299.23828435224686,,,none,30.0,30,3,monophasic
Modulated_autosave_20260717_162548_293ms,Ext. digitorum (L),L_The_ED_FD_FCR B,10,300.23828435224686,308.23828435224686,332.59809372481664,,,none,30.0,30,3,monophasic
Modulated_autosave_20260717_162548_293ms,Ext. digitorum (L),L_The_ED_FD_FCR B,1,0.7942811753594015,8.794281175359401,32.35980937256977,,,none,30.0,35,3,monophasic
Modulated_autosave_20260717_162548_293ms,Ext. digitorum (L),L_The_ED_FD_FCR B,2,33.35980937256977,41.35980937256977,65.71961874513954,,,none,30.0,35,3,monophasic
Modulated_autosave_20260717_162548_293ms,Ext. digitorum (L),L_The_ED_FD_FCR B,3,66.71961874513954,74.71961874513954,99.07942811770931,,,none,30.0,35,3,monophasic
Modulated_autosave_20260717_162548_293ms,Ext. digitorum (L),L_The_ED_FD_FCR B,4,100.07942811770931,108.07942811770931,132.4392374903075,,,none,30.0,35,3,monophasic
Modulated_autosave_20260717_162548_293ms,Ext. digitorum (L),L_The_ED_FD_FCR B,5,133.4392374903075,141.4392374903075,165.79904686287728,,,none,30.0,35,3,monophasic
Modulated_autosave_20260717_162548_293ms,Ext. digitorum (L),L_The_ED_FD_FCR B,6,166.79904686287728,174.79904686287728,199.15885623544705,,,none,30.0,35,3,monophasic
Modulated_autosave_20260717_162548_293ms,Ext. digitorum (L),L_The_ED_FD_FCR B,7,200.15885623544705,208.15885623544705,232.51866560801682,,,none,30.0,35,3,monophasic
Modulated_autosave_20260717_162548_293ms,Ext. digitorum (L),L_The_ED_FD_FCR B,8,233.51866560801682,241.51866560801682,265.8784749796487,,,none,30.0,35,3,monophasic
Modulated_autosave_20260717_162548_293ms,Ext. digitorum (L),L_The_ED_FD_FCR B,9,266.8784749796487,274.8784749796487,299.23828435224686,,,none,30.0,35,3,monophasic
Modulated_autosave_20260717_162548_293ms,Ext. digitorum (L),L_The_ED_FD_FCR B,10,300.23828435224686,308.23828435224686,332.59809372481664,,,none,30.0,35,3,monophasic
Modulated_autosave_20260717_162548_293ms,Ext. digitorum (L),L_The_ED_FD_FCR B,1,0.7942811753594015,8.794281175359401,32.35980937256977,,,none,30.0,40,3,monophasic
Modulated_autosave_20260717_162548_293ms,Ext. digitorum (L),L_The_ED_FD_FCR B,2,33.35980937256977,41.35980937256977,65.71961874513954,,,none,30.0,40,3,monophasic
Modulated_autosave_20260717_162548_293ms,Ext. digitorum (L),L_The_ED_FD_FCR B,3,66.71961874513954,74.71961874513954,99.07942811770931,,,none,30.0,40,3,monophasic
Modulated_autosave_20260717_162548_293ms,Ext. digitorum (L),L_The_ED_FD_FCR B,4,100.07942811770931,108.07942811770931,132.4392374903075,,,none,30.0,40,3,monophasic
Modulated_autosave_20260717_162548_293ms,Ext. digitorum (L),L_The_ED_FD_FCR B,5,133.4392374903075,141.4392374903075,165.79904686287728,,,none,30.0,40,3,monophasic
Modulated_autosave_20260717_162548_293ms,Ext. digitorum (L),L_The_ED_FD_FCR B,6,166.79904686287728,174.79904686287728,199.15885623544705,,,none,30.0,40,3,monophasic
Modulated_autosave_20260717_162548_293ms,Ext. digitorum (L),L_The_ED_FD_FCR B,7,200.15885623544705,208.15885623544705,232.51866560801682,,,none,30.0,40,3,monophasic
Modulated_autosave_20260717_162548_293ms,Ext. digitorum (L),L_The_ED_FD_FCR B,8,233.51866560801682,241.51866560801682,265.8784749796487,,,none,30.0,40,3,monophasic
Modulated_autosave_20260717_162548_293ms,Ext. digitorum (L),L_The_ED_FD_FCR B,9,266.8784749796487,274.8784749796487,299.23828435224686,,,none,30.0,40,3,monophasic
Modulated_autosave_20260717_162548_293ms,Ext. digitorum (L),L_The_ED_FD_FCR B,10,300.23828435224686,308.23828435224686,332.59809372481664,,,none,30.0,40,3,monophasic
Modulated_autosave_20260717_162548_293ms,Ext. digitorum (L),L_The_ED_FD_FCR B,1,0.7942811753594015,8.794281175359401,32.35980937256977,,,none,30.0,45,3,monophasic
Modulated_autosave_20260717_162548_293ms,Ext. digitorum (L),L_The_ED_FD_FCR B,2,33.35980937256977,41.35980937256977,65.71961874513954,,,none,30.0,45,3,monophasic
Modulated_autosave_20260717_162548_293ms,Ext. digitorum (L),L_The_ED_FD_FCR B,3,66.71961874513954,74.71961874513954,99.07942811770931,,,none,30.0,45,3,monophasic
Modulated_autosave_20260717_162548_293ms,Ext. digitorum (L),L_The_ED_FD_FCR B,4,100.07942811770931,108.07942811770931,132.4392374903075,,,none,30.0,45,3,monophasic
Modulated_autosave_20260717_162548_293ms,Ext. digitorum (L),L_The_ED_FD_FCR B,5,133.4392374903075,141.4392374903075,165.79904686287728,,,none,30.0,45,3,monophasic
Modulated_autosave_20260717_162548_293ms,Ext. digitorum (L),L_The_ED_FD_FCR B,6,166.79904686287728,174.79904686287728,199.15885623544705,,,none,30.0,45,3,monophasic
Modulated_autosave_20260717_162548_293ms,Ext. digitorum (L),L_The_ED_FD_FCR B,7,200.15885623544705,208.15885623544705,232.51866560801682,,,none,30.0,45,3,monophasic
Modulated_autosave_20260717_162548_293ms,Ext. digitorum (L),L_The_ED_FD_FCR B,8,233.51866560801682,241.51866560801682,265.8784749796487,,,none,30.0,45,3,monophasic
Modulated_autosave_20260717_162548_293ms,Ext. digitorum (L),L_The_ED_FD_FCR B,9,266.8784749796487,274.8784749796487,299.23828435224686,,,none,30.0,45,3,monophasic
Modulated_autosave_20260717_162548_293ms,Ext. digitorum (L),L_The_ED_FD_FCR B,10,300.23828435224686,308.23828435224686,332.59809372481664,,,none,30.0,45,3,monophasic
Modulated_autosave_20260717_162548_293ms,Ext. digitorum (L),L_The_ED_FD_FCR B,1,0.7942811753594015,8.794281175359401,32.35980937256977,,,none,30.0,50,3,monophasic
Modulated_autosave_20260717_162548_293ms,Ext. digitorum (L),L_The_ED_FD_FCR B,2,33.35980937256977,41.35980937256977,65.71961874513954,,,none,30.0,50,3,monophasic
Modulated_autosave_20260717_162548_293ms,Ext. digitorum (L),L_The_ED_FD_FCR B,3,66.71961874513954,74.71961874513954,99.07942811770931,,,none,30.0,50,3,monophasic
Modulated_autosave_20260717_162548_293ms,Ext. digitorum (L),L_The_ED_FD_FCR B,4,100.07942811770931,108.07942811770931,132.4392374903075,,,none,30.0,50,3,monophasic
Modulated_autosave_20260717_162548_293ms,Ext. digitorum (L),L_The_ED_FD_FCR B,5,133.4392374903075,141.4392374903075,165.79904686287728,,,none,30.0,50,3,monophasic
Modulated_autosave_20260717_162548_293ms,Ext. digitorum (L),L_The_ED_FD_FCR B,6,166.79904686287728,174.79904686287728,199.15885623544705,,,none,30.0,50,3,monophasic
Modulated_autosave_20260717_162548_293ms,Ext. digitorum (L),L_The_ED_FD_FCR B,7,200.15885623544705,208.15885623544705,232.51866560801682,,,none,30.0,50,3,monophasic
Modulated_autosave_20260717_162548_293ms,Ext. digitorum (L),L_The_ED_FD_FCR B,8,233.51866560801682,241.51866560801682,265.8784749796487,,,none,30.0,50,3,monophasic
Modulated_autosave_20260717_162548_293ms,Ext. digitorum (L),L_The_ED_FD_FCR B,9,266.8784749796487,274.8784749796487,299.23828435224686,,,none,30.0,50,3,monophasic
Modulated_autosave_20260717_162548_293ms,Ext. digitorum (L),L_The_ED_FD_FCR B,10,300.23828435224686,308.23828435224686,332.59809372481664,,,none,30.0,50,3,monophasic
Modulated_autosave_20260717_162548_293ms,Ext. digitorum (L),L_The_ED_FD_FCR B,1,0.7942811753594015,8.794281175359401,32.35980937256977,,,none,30.0,55,3,monophasic
Modulated_autosave_20260717_162548_293ms,Ext. digitorum (L),L_The_ED_FD_FCR B,2,33.35980937256977,41.35980937256977,65.71961874513954,,,none,30.0,55,3,monophasic
Modulated_autosave_20260717_162548_293ms,Ext. digitorum (L),L_The_ED_FD_FCR B,3,66.71961874513954,74.71961874513954,99.07942811770931,,,none,30.0,55,3,monophasic
Modulated_autosave_20260717_162548_293ms,Ext. digitorum (L),L_The_ED_FD_FCR B,4,100.07942811770931,108.07942811770931,132.4392374903075,,,none,30.0,55,3,monophasic
Modulated_autosave_20260717_162548_293ms,Ext. digitorum (L),L_The_ED_FD_FCR B,5,133.4392374903075,141.4392374903075,165.79904686287728,,,none,30.0,55,3,monophasic
Modulated_autosave_20260717_162548_293ms,Ext. digitorum (L),L_The_ED_FD_FCR B,6,166.79904686287728,174.79904686287728,199.15885623544705,,,none,30.0,55,3,monophasic
Modulated_autosave_20260717_162548_293ms,Ext. digitorum (L),L_The_ED_FD_FCR B,7,200.15885623544705,208.15885623544705,232.51866560801682,,,none,30.0,55,3,monophasic
Modulated_autosave_20260717_162548_293ms,Ext. digitorum (L),L_The_ED_FD_FCR B,8,233.51866560801682,241.51866560801682,265.8784749796487,,,none,30.0,55,3,monophasic
Modulated_autosave_20260717_162548_293ms,Ext. digitorum (L),L_The_ED_FD_FCR B,9,266.8784749796487,274.8784749796487,299.23828435224686,,,none,30.0,55,3,monophasic
Modulated_autosave_20260717_162548_293ms,Ext. digitorum (L),L_The_ED_FD_FCR B,10,300.23828435224686,308.23828435224686,332.59809372481664,,,none,30.0,55,3,monophasic
Modulated_autosave_20260717_162548_293ms,Ext. digitorum (L),L_The_ED_FD_FCR B,1,0.7942811753594015,8.794281175359401,32.35980937256977,,,none,30.0,60,3,monophasic
Modulated_autosave_20260717_162548_293ms,Ext. digitorum (L),L_The_ED_FD_FCR B,2,33.35980937256977,41.35980937256977,65.71961874513954,,,none,30.0,60,3,monophasic
Modulated_autosave_20260717_162548_293ms,Ext. digitorum (L),L_The_ED_FD_FCR B,3,66.71961874513954,74.71961874513954,99.07942811770931,,,none,30.0,60,3,monophasic
Modulated_autosave_20260717_162548_293ms,Ext. digitorum (L),L_The_ED_FD_FCR B,4,100.07942811770931,108.07942811770931,132.4392374903075,,,none,30.0,60,3,monophasic
Modulated_autosave_20260717_162548_293ms,Ext. digitorum (L),L_The_ED_FD_FCR B,5,133.4392374903075,141.4392374903075,165.79904686287728,,,none,30.0,60,3,monophasic
Modulated_autosave_20260717_162548_293ms,Ext. digitorum (L),L_The_ED_FD_FCR B,6,166.79904686287728,174.79904686287728,199.15885623544705,,,none,30.0,60,3,monophasic
Modulated_autosave_20260717_162548_293ms,Ext. digitorum (L),L_The_ED_FD_FCR B,7,200.15885623544705,208.15885623544705,232.51866560801682,,,none,30.0,60,3,monophasic
Modulated_autosave_20260717_162548_293ms,Ext. digitorum (L),L_The_ED_FD_FCR B,8,233.51866560801682,241.51866560801682,265.8784749796487,,,none,30.0,60,3,monophasic
Modulated_autosave_20260717_162548_293ms,Ext. digitorum (L),L_The_ED_FD_FCR B,9,266.8784749796487,274.8784749796487,299.23828435224686,,,none,30.0,60,3,monophasic
Modulated_autosave_20260717_162548_293ms,Ext. digitorum (L),L_The_ED_FD_FCR B,10,300.23828435224686,308.23828435224686,332.59809372481664,,,none,30.0,60,3,monophasic
Modulated_autosave_20260717_162548_293ms,Ext. digitorum (L),L_The_ED_FD_FCR B,1,0.7942811753594015,8.794281175359401,32.35980937256977,,,none,30.0,65,3,monophasic
Modulated_autosave_20260717_162548_293ms,Ext. digitorum (L),L_The_ED_FD_FCR B,2,33.35980937256977,41.35980937256977,65.71961874513954,,,none,30.0,65,3,monophasic
Modulated_autosave_20260717_162548_293ms,Ext. digitorum (L),L_The_ED_FD_FCR B,3,66.71961874513954,74.71961874513954,99.07942811770931,,,none,30.0,65,3,monophasic
Modulated_autosave_20260717_162548_293ms,Ext. digitorum (L),L_The_ED_FD_FCR B,4,100.07942811770931,108.07942811770931,132.4392374903075,,,none,30.0,65,3,monophasic
Modulated_autosave_20260717_162548_293ms,Ext. digitorum (L),L_The_ED_FD_FCR B,5,133.4392374903075,141.4392374903075,165.79904686287728,,,none,30.0,65,3,monophasic
Modulated_autosave_20260717_162548_293ms,Ext. digitorum (L),L_The_ED_FD_FCR B,6,166.79904686287728,174.79904686287728,199.15885623544705,,,none,30.0,65,3,monophasic
Modulated_autosave_20260717_162548_293ms,Ext. digitorum (L),L_The_ED_FD_FCR B,7,200.15885623544705,208.15885623544705,232.51866560801682,,,none,30.0,65,3,monophasic
Modulated_autosave_20260717_162548_293ms,Ext. digitorum (L),L_The_ED_FD_FCR B,8,233.51866560801682,241.51866560801682,265.8784749796487,,,none,30.0,65,3,monophasic
Modulated_autosave_20260717_162548_293ms,Ext. digitorum (L),L_The_ED_FD_FCR B,9,266.8784749796487,274.8784749796487,299.23828435224686,,,none,30.0,65,3,monophasic
Modulated_autosave_20260717_162548_293ms,Ext. digitorum (L),L_The_ED_FD_FCR B,10,300.23828435224686,308.23828435224686,332.59809372481664,,,none,30.0,65,3,monophasic
Modulated_autosave_20260717_162548_293ms,Ext. digitorum (L),L_The_ED_FD_FCR B,1,0.7942811753594015,8.794281175359401,32.35980937256977,,,none,30.0,70,3,monophasic
Modulated_autosave_20260717_162548_293ms,Ext. digitorum (L),L_The_ED_FD_FCR B,2,33.35980937256977,41.35980937256977,65.71961874513954,,,none,30.0,70,3,monophasic
Modulated_autosave_20260717_162548_293ms,Ext. digitorum (L),L_The_ED_FD_FCR B,3,66.71961874513954,74.71961874513954,99.07942811770931,,,none,30.0,70,3,monophasic
Modulated_autosave_20260717_162548_293ms,Ext. digitorum (L),L_The_ED_FD_FCR B,4,100.07942811770931,108.07942811770931,132.4392374903075,,,none,30.0,70,3,monophasic
Modulated_autosave_20260717_162548_293ms,Ext. digitorum (L),L_The_ED_FD_FCR B,5,133.4392374903075,141.4392374903075,165.79904686287728,,,none,30.0,70,3,monophasic
Modulated_autosave_20260717_162548_293ms,Ext. digitorum (L),L_The_ED_FD_FCR B,6,166.79904686287728,174.79904686287728,199.15885623544705,,,none,30.0,70,3,monophasic
Modulated_autosave_20260717_162548_293ms,Ext. digitorum (L),L_The_ED_FD_FCR B,7,200.15885623544705,208.15885623544705,232.51866560801682,,,none,30.0,70,3,monophasic
Modulated_autosave_20260717_162548_293ms,Ext. digitorum (L),L_The_ED_FD_FCR B,8,233.51866560801682,241.51866560801682,265.8784749796487,,,none,30.0,70,3,monophasic
Modulated_autosave_20260717_162548_293ms,Ext. digitorum (L),L_The_ED_FD_FCR B,9,266.8784749796487,274.8784749796487,299.23828435224686,,,none,30.0,70,3,monophasic
Modulated_autosave_20260717_162548_293ms,Ext. digitorum (L),L_The_ED_FD_FCR B,10,300.23828435224686,308.23828435224686,332.59809372481664,,,none,30.0,70,3,monophasic
Modulated_autosave_20260717_162548_293ms,Ext. digitorum (L),L_The_ED_FD_FCR B,1,0.7942811753594015,8.794281175359401,32.35980937256977,,,none,30.0,75,3,monophasic
Modulated_autosave_20260717_162548_293ms,Ext. digitorum (L),L_The_ED_FD_FCR B,2,33.35980937256977,41.35980937256977,65.71961874513954,,,none,30.0,75,3,monophasic
Modulated_autosave_20260717_162548_293ms,Ext. digitorum (L),L_The_ED_FD_FCR B,3,66.71961874513954,74.71961874513954,99.07942811770931,,,none,30.0,75,3,monophasic
Modulated_autosave_20260717_162548_293ms,Ext. digitorum (L),L_The_ED_FD_FCR B,4,100.07942811770931,108.07942811770931,132.4392374903075,,,none,30.0,75,3,monophasic
Modulated_autosave_20260717_162548_293ms,Ext. digitorum (L),L_The_ED_FD_FCR B,5,133.4392374903075,141.4392374903075,165.79904686287728,,,none,30.0,75,3,monophasic
Modulated_autosave_20260717_162548_293ms,Ext. digitorum (L),L_The_ED_FD_FCR B,6,166.79904686287728,174.79904686287728,199.15885623544705,,,none,30.0,75,3,monophasic
Modulated_autosave_20260717_162548_293ms,Ext. digitorum (L),L_The_ED_FD_FCR B,7,200.15885623544705,208.15885623544705,232.51866560801682,,,none,30.0,75,3,monophasic
Modulated_autosave_20260717_162548_293ms,Ext. digitorum (L),L_The_ED_FD_FCR B,8,233.51866560801682,241.51866560801682,265.8784749796487,,,none,30.0,75,3,monophasic
Modulated_autosave_20260717_162548_293ms,Ext. digitorum (L),L_The_ED_FD_FCR B,9,266.8784749796487,274.8784749796487,299.23828435224686,,,none,30.0,75,3,monophasic
Modulated_autosave_20260717_162548_293ms,Ext. digitorum (L),L_The_ED_FD_FCR B,10,300.23828435224686,308.23828435224686,332.59809372481664,,,none,30.0,75,3,monophasic
Modulated_autosave_20260717_162548_293ms,Ext. digitorum (L),L_The_ED_FD_FCR B,1,0.7942811753594015,8.794281175359401,32.35980937256977,,,none,30.0,80,3,monophasic
Modulated_autosave_20260717_162548_293ms,Ext. digitorum (L),L_The_ED_FD_FCR B,2,33.35980937256977,41.35980937256977,65.71961874513954,,,none,30.0,80,3,monophasic
Modulated_autosave_20260717_162548_293ms,Ext. digitorum (L),L_The_ED_FD_FCR B,3,66.71961874513954,74.71961874513954,99.07942811770931,,,none,30.0,80,3,monophasic
Modulated_autosave_20260717_162548_293ms,Ext. digitorum (L),L_The_ED_FD_FCR B,4,100.07942811770931,108.07942811770931,132.4392374903075,,,none,30.0,80,3,monophasic
Modulated_autosave_20260717_162548_293ms,Ext. digitorum (L),L_The_ED_FD_FCR B,5,133.4392374903075,141.4392374903075,165.79904686287728,,,none,30.0,80,3,monophasic
Modulated_autosave_20260717_162548_293ms,Ext. digitorum (L),L_The_ED_FD_FCR B,6,166.79904686287728,174.79904686287728,199.15885623544705,,,none,30.0,80,3,monophasic
Modulated_autosave_20260717_162548_293ms,Ext. digitorum (L),L_The_ED_FD_FCR B,7,200.15885623544705,208.15885623544705,232.51866560801682,,,none,30.0,80,3,monophasic
Modulated_autosave_20260717_162548_293ms,Ext. digitorum (L),L_The_ED_FD_FCR B,8,233.51866560801682,241.51866560801682,265.8784749796487,,,none,30.0,80,3,monophasic
Modulated_autosave_20260717_162548_293ms,Ext. digitorum (L),L_The_ED_FD_FCR B,9,266.8784749796487,274.8784749796487,299.23828435224686,,,none,30.0,80,3,monophasic
Modulated_autosave_20260717_162548_293ms,Ext. digitorum (L),L_The_ED_FD_FCR B,10,300.23828435224686,308.23828435224686,332.59809372481664,,,none,30.0,80,3,monophasic
Modulated_autosave_20260717_162548_293ms,Ext. digitorum (L),L_The_ED_FD_FCR B,1,0.7942811753594015,8.794281175359401,32.35980937256977,,,none,30.0,85,3,monophasic
Modulated_autosave_20260717_162548_293ms,Ext. digitorum (L),L_The_ED_FD_FCR B,2,33.35980937256977,41.35980937256977,65.71961874513954,,,none,30.0,85,3,monophasic
Modulated_autosave_20260717_162548_293ms,Ext. digitorum (L),L_The_ED_FD_FCR B,3,66.71961874513954,74.71961874513954,99.07942811770931,,,none,30.0,85,3,monophasic
Modulated_autosave_20260717_162548_293ms,Ext. digitorum (L),L_The_ED_FD_FCR B,4,100.07942811770931,108.07942811770931,132.4392374903075,,,none,30.0,85,3,monophasic
Modulated_autosave_20260717_162548_293ms,Ext. digitorum (L),L_The_ED_FD_FCR B,5,133.4392374903075,141.4392374903075,165.79904686287728,,,none,30.0,85,3,monophasic
Modulated_autosave_20260717_162548_293ms,Ext. digitorum (L),L_The_ED_FD_FCR B,6,166.79904686287728,174.79904686287728,199.15885623544705,,,none,30.0,85,3,monophasic
Modulated_autosave_20260717_162548_293ms,Ext. digitorum (L),L_The_ED_FD_FCR B,7,200.15885623544705,208.15885623544705,232.51866560801682,,,none,30.0,85,3,monophasic
Modulated_autosave_20260717_162548_293ms,Ext. digitorum (L),L_The_ED_FD_FCR B,8,233.51866560801682,241.51866560801682,265.8784749796487,,,none,30.0,85,3,monophasic
Modulated_autosave_20260717_162548_293ms,Ext. digitorum (L),L_The_ED_FD_FCR B,9,266.8784749796487,274.8784749796487,299.23828435224686,,,none,30.0,85,3,monophasic
Modulated_autosave_20260717_162548_293ms,Ext. digitorum (L),L_The_ED_FD_FCR B,10,300.23828435224686,308.23828435224686,332.59809372481664,,,none,30.0,85,3,monophasic
Modulated_autosave_20260717_162548_293ms,Ext. digitorum (L),L_The_ED_FD_FCR B,1,0.7942811753594015,8.794281175359401,32.35980937256977,,,none,30.0,90,3,monophasic
Modulated_autosave_20260717_162548_293ms,Ext. digitorum (L),L_The_ED_FD_FCR B,2,33.35980937256977,41.35980937256977,65.71961874513954,,,none,30.0,90,3,monophasic
Modulated_autosave_20260717_162548_293ms,Ext. digitorum (L),L_The_ED_FD_FCR B,3,66.71961874513954,74.71961874513954,99.07942811770931,,,none,30.0,90,3,monophasic
Modulated_autosave_20260717_162548_293ms,Ext. digitorum (L),L_The_ED_FD_FCR B,4,100.07942811770931,108.07942811770931,132.4392374903075,,,none,30.0,90,3,monophasic
Modulated_autosave_20260717_162548_293ms,Ext. digitorum (L),L_The_ED_FD_FCR B,5,133.4392374903075,141.4392374903075,165.79904686287728,,,none,30.0,90,3,monophasic
Modulated_autosave_20260717_162548_293ms,Ext. digitorum (L),L_The_ED_FD_FCR B,6,166.79904686287728,174.79904686287728,199.15885623544705,,,none,30.0,90,3,monophasic
Modulated_autosave_20260717_162548_293ms,Ext. digitorum (L),L_The_ED_FD_FCR B,7,200.15885623544705,208.15885623544705,232.51866560801682,,,none,30.0,90,3,monophasic
Modulated_autosave_20260717_162548_293ms,Ext. digitorum (L),L_The_ED_FD_FCR B,8,233.51866560801682,241.51866560801682,265.8784749796487,,,none,30.0,90,3,monophasic
Modulated_autosave_20260717_162548_293ms,Ext. digitorum (L),L_The_ED_FD_FCR B,9,266.8784749796487,274.8784749796487,299.23828435224686,,,none,30.0,90,3,monophasic
Modulated_autosave_20260717_162548_293ms,Ext. digitorum (L),L_The_ED_FD_FCR B,10,300.23828435224686,308.23828435224686,332.59809372481664,,,none,30.0,90,3,monophasic
Modulated_autosave_20260717_162548_293ms,Ext. digitorum (L),L_The_ED_FD_FCR B,1,0.7942811753594015,8.794281175359401,32.35980937256977,,,none,30.0,95,3,monophasic
Modulated_autosave_20260717_162548_293ms,Ext. digitorum (L),L_The_ED_FD_FCR B,2,33.35980937256977,41.35980937256977,65.71961874513954,,,none,30.0,95,3,monophasic
Modulated_autosave_20260717_162548_293ms,Ext. digitorum (L),L_The_ED_FD_FCR B,3,66.71961874513954,74.71961874513954,99.07942811770931,,,none,30.0,95,3,monophasic
Modulated_autosave_20260717_162548_293ms,Ext. digitorum (L),L_The_ED_FD_FCR B,4,100.07942811770931,108.07942811770931,132.4392374903075,,,none,30.0,95,3,monophasic
Modulated_autosave_20260717_162548_293ms,Ext. digitorum (L),L_The_ED_FD_FCR B,5,133.4392374903075,141.4392374903075,165.79904686287728,,,none,30.0,95,3,monophasic
Modulated_autosave_20260717_162548_293ms,Ext. digitorum (L),L_The_ED_FD_FCR B,6,166.79904686287728,174.79904686287728,199.15885623544705,,,none,30.0,95,3,monophasic
Modulated_autosave_20260717_162548_293ms,Ext. digitorum (L),L_The_ED_FD_FCR B,7,200.15885623544705,208.15885623544705,232.51866560801682,,,none,30.0,95,3,monophasic
Modulated_autosave_20260717_162548_293ms,Ext. digitorum (L),L_The_ED_FD_FCR B,8,233.51866560801682,241.51866560801682,265.8784749796487,,,none,30.0,95,3,monophasic
Modulated_autosave_20260717_162548_293ms,Ext. digitorum (L),L_The_ED_FD_FCR B,9,266.8784749796487,274.8784749796487,299.23828435224686,,,none,30.0,95,3,monophasic
Modulated_autosave_20260717_162548_293ms,Ext. digitorum (L),L_The_ED_FD_FCR B,10,300.23828435224686,308.23828435224686,332.59809372481664,,,none,30.0,95,3,monophasic
Modulated_autosave_20260717_162548_293ms,Ext. digitorum (L),L_The_ED_FD_FCR B,1,0.7942811753594015,8.794281175359401,32.35980937256977,,,none,30.0,100,3,monophasic
Modulated_autosave_20260717_162548_293ms,Ext. digitorum (L),L_The_ED_FD_FCR B,2,33.35980937256977,41.35980937256977,65.71961874513954,,,none,30.0,100,3,monophasic
Modulated_autosave_20260717_162548_293ms,Ext. digitorum (L),L_The_ED_FD_FCR B,3,66.71961874513954,74.71961874513954,99.07942811770931,,,none,30.0,100,3,monophasic
Modulated_autosave_20260717_162548_293ms,Ext. digitorum (L),L_The_ED_FD_FCR B,4,100.07942811770931,108.07942811770931,132.4392374903075,,,none,30.0,100,3,monophasic
Modulated_autosave_20260717_162548_293ms,Ext. digitorum (L),L_The_ED_FD_FCR B,5,133.4392374903075,141.4392374903075,165.79904686287728,,,none,30.0,100,3,monophasic
Modulated_autosave_20260717_162548_293ms,Ext. digitorum (L),L_The_ED_FD_FCR B,6,166.79904686287728,174.79904686287728,199.15885623544705,,,none,30.0,100,3,monophasic
Modulated_autosave_20260717_162548_293ms,Ext. digitorum (L),L_The_ED_FD_FCR B,7,200.15885623544705,208.15885623544705,232.51866560801682,,,none,30.0,100,3,monophasic
Modulated_autosave_20260717_162548_293ms,Ext. digitorum (L),L_The_ED_FD_FCR B,8,233.51866560801682,241.51866560801682,265.8784749796487,,,none,30.0,100,3,monophasic
Modulated_autosave_20260717_162548_293ms,Ext. digitorum (L),L_The_ED_FD_FCR B,9,266.8784749796487,274.8784749796487,299.23828435224686,,,none,30.0,100,3,monophasic
Modulated_autosave_20260717_162548_293ms,Ext. digitorum (L),L_The_ED_FD_FCR B,10,300.23828435224686,308.23828435224686,332.59809372481664,,,none,30.0,100,3,monophasic
Modulated_autosave_20260717_162548_293ms,Ext. digitorum (L),L_The_ED_FD_FCR B,1,0.7942811753594015,8.794281175359401,32.35980937256977,,,none,30.0,105,3,monophasic
Modulated_autosave_20260717_162548_293ms,Ext. digitorum (L),L_The_ED_FD_FCR B,2,33.35980937256977,41.35980937256977,65.71961874513954,,,none,30.0,105,3,monophasic
Modulated_autosave_20260717_162548_293ms,Ext. digitorum (L),L_The_ED_FD_FCR B,3,66.71961874513954,74.71961874513954,99.07942811770931,,,none,30.0,105,3,monophasic
Modulated_autosave_20260717_162548_293ms,Ext. digitorum (L),L_The_ED_FD_FCR B,4,100.07942811770931,108.07942811770931,132.4392374903075,,,none,30.0,105,3,monophasic
Modulated_autosave_20260717_162548_293ms,Ext. digitorum (L),L_The_ED_FD_FCR B,5,133.4392374903075,141.4392374903075,165.79904686287728,,,none,30.0,105,3,monophasic
Modulated_autosave_20260717_162548_293ms,Ext. digitorum (L),L_The_ED_FD_FCR B,6,166.79904686287728,174.79904686287728,199.15885623544705,,,none,30.0,105,3,monophasic
Modulated_autosave_20260717_162548_293ms,Ext. digitorum (L),L_The_ED_FD_FCR B,7,200.15885623544705,208.15885623544705,232.51866560801682,,,none,30.0,105,3,monophasic
Modulated_autosave_20260717_162548_293ms,Ext. digitorum (L),L_The_ED_FD_FCR B,8,233.51866560801682,241.51866560801682,265.8784749796487,,,none,30.0,105,3,monophasic
Modulated_autosave_20260717_162548_293ms,Ext. digitorum (L),L_The_ED_FD_FCR B,9,266.8784749796487,274.8784749796487,299.23828435224686,,,none,30.0,105,3,monophasic
Modulated_autosave_20260717_162548_293ms,Ext. digitorum (L),L_The_ED_FD_FCR B,10,300.23828435224686,308.23828435224686,332.59809372481664,,,none,30.0,105,3,monophasic
Modulated_autosave_20260717_162548_293ms,Ext. digitorum (L),L_The_ED_FD_FCR B,1,0.7942811753594015,8.794281175359401,32.35980937256977,,,none,30.0,110,3,monophasic
Modulated_autosave_20260717_162548_293ms,Ext. digitorum (L),L_The_ED_FD_FCR B,2,33.35980937256977,41.35980937256977,65.71961874513954,,,none,30.0,110,3,monophasic
Modulated_autosave_20260717_162548_293ms,Ext. digitorum (L),L_The_ED_FD_FCR B,3,66.71961874513954,74.71961874513954,99.07942811770931,,,none,30.0,110,3,monophasic
Modulated_autosave_20260717_162548_293ms,Ext. digitorum (L),L_The_ED_FD_FCR B,4,100.07942811770931,108.07942811770931,132.4392374903075,,,none,30.0,110,3,monophasic
Modulated_autosave_20260717_162548_293ms,Ext. digitorum (L),L_The_ED_FD_FCR B,5,133.4392374903075,141.4392374903075,165.79904686287728,,,none,30.0,110,3,monophasic
Modulated_autosave_20260717_162548_293ms,Ext. digitorum (L),L_The_ED_FD_FCR B,6,166.79904686287728,174.79904686287728,199.15885623544705,,,none,30.0,110,3,monophasic
Modulated_autosave_20260717_162548_293ms,Ext. digitorum (L),L_The_ED_FD_FCR B,7,200.15885623544705,208.15885623544705,232.51866560801682,,,none,30.0,110,3,monophasic
Modulated_autosave_20260717_162548_293ms,Ext. digitorum (L),L_The_ED_FD_FCR B,8,233.51866560801682,241.51866560801682,265.8784749796487,,,none,30.0,110,3,monophasic
Modulated_autosave_20260717_162548_293ms,Ext. digitorum (L),L_The_ED_FD_FCR B,9,266.8784749796487,274.8784749796487,299.23828435224686,,,none,30.0,110,3,monophasic
Modulated_autosave_20260717_162548_293ms,Ext. digitorum (L),L_The_ED_FD_FCR B,10,300.23828435224686,308.23828435224686,332.59809372481664,,,none,30.0,110,3,monophasic
Modulated_autosave_20260717_162548_293ms,Ext. digitorum (L),L_The_ED_FD_FCR B,1,0.7942811753594015,8.794281175359401,32.35980937256977,,,none,30.0,115,3,monophasic
Modulated_autosave_20260717_162548_293ms,Ext. digitorum (L),L_The_ED_FD_FCR B,2,33.35980937256977,41.35980937256977,65.71961874513954,,,none,30.0,115,3,monophasic
Modulated_autosave_20260717_162548_293ms,Ext. digitorum (L),L_The_ED_FD_FCR B,3,66.71961874513954,74.71961874513954,99.07942811770931,,,none,30.0,115,3,monophasic
Modulated_autosave_20260717_162548_293ms,Ext. digitorum (L),L_The_ED_FD_FCR B,4,100.07942811770931,108.07942811770931,132.4392374903075,,,none,30.0,115,3,monophasic
Modulated_autosave_20260717_162548_293ms,Ext. digitorum (L),L_The_ED_FD_FCR B,5,133.4392374903075,141.4392374903075,165.79904686287728,,,none,30.0,115,3,monophasic
Modulated_autosave_20260717_162548_293ms,Ext. digitorum (L),L_The_ED_FD_FCR B,6,166.79904686287728,174.79904686287728,199.15885623544705,,,none,30.0,115,3,monophasic
Modulated_autosave_20260717_162548_293ms,Ext. digitorum (L),L_The_ED_FD_FCR B,7,200.15885623544705,208.15885623544705,232.51866560801682,,,none,30.0,115,3,monophasic
Modulated_autosave_20260717_162548_293ms,Ext. digitorum (L),L_The_ED_FD_FCR B,8,233.51866560801682,241.51866560801682,265.8784749796487,,,none,30.0,115,3,monophasic
Modulated_autosave_20260717_162548_293ms,Ext. digitorum (L),L_The_ED_FD_FCR B,9,266.8784749796487,274.8784749796487,299.23828435224686,,,none,30.0,115,3,monophasic
Modulated_autosave_20260717_162548_293ms,Ext. digitorum (L),L_The_ED_FD_FCR B,10,300.23828435224686,308.23828435224686,332.59809372481664,,,none,30.0,115,3,monophasic
Modulated_autosave_20260717_162548_293ms,Ext. digitorum (L),L_The_ED_FD_FCR B,1,0.7942811753594015,8.794281175359401,32.35980937256977,,,none,30.0,120,3,monophasic
Modulated_autosave_20260717_162548_293ms,Ext. digitorum (L),L_The_ED_FD_FCR B,2,33.35980937256977,41.35980937256977,65.71961874513954,,,none,30.0,120,3,monophasic
Modulated_autosave_20260717_162548_293ms,Ext. digitorum (L),L_The_ED_FD_FCR B,3,66.71961874513954,74.71961874513954,99.07942811770931,,,none,30.0,120,3,monophasic
Modulated_autosave_20260717_162548_293ms,Ext. digitorum (L),L_The_ED_FD_FCR B,4,100.07942811770931,108.07942811770931,132.4392374903075,,,none,30.0,120,3,monophasic
Modulated_autosave_20260717_162548_293ms,Ext. digitorum (L),L_The_ED_FD_FCR B,5,133.4392374903075,141.4392374903075,165.79904686287728,,,none,30.0,120,3,monophasic
Modulated_autosave_20260717_162548_293ms,Ext. digitorum (L),L_The_ED_FD_FCR B,6,166.79904686287728,174.79904686287728,199.15885623544705,,,none,30.0,120,3,monophasic
Modulated_autosave_20260717_162548_293ms,Ext. digitorum (L),L_The_ED_FD_FCR B,7,200.15885623544705,208.15885623544705,232.51866560801682,,,none,30.0,120,3,monophasic
Modulated_autosave_20260717_162548_293ms,Ext. digitorum (L),L_The_ED_FD_FCR B,8,233.51866560801682,241.51866560801682,265.8784749796487,,,none,30.0,120,3,monophasic
Modulated_autosave_20260717_162548_293ms,Ext. digitorum (L),L_The_ED_FD_FCR B,9,266.8784749796487,274.8784749796487,299.23828435224686,,,none,30.0,120,3,monophasic
Modulated_autosave_20260717_162548_293ms,Ext. digitorum (L),L_The_ED_FD_FCR B,10,300.23828435224686,308.23828435224686,332.59809372481664,,,none,30.0,120,3,monophasic
Modulated_autosave_20260717_162548_293ms,Flex. digitorum (L),L_The_ED_FD_FCR C,1,0.7942811753594015,8.794281175359401,32.35980937256977,,,none,30.0,25,3,monophasic
Modulated_autosave_20260717_162548_293ms,Flex. digitorum (L),L_The_ED_FD_FCR C,2,33.35980937256977,41.35980937256977,65.71961874513954,,,none,30.0,25,3,monophasic
Modulated_autosave_20260717_162548_293ms,Flex. digitorum (L),L_The_ED_FD_FCR C,3,66.71961874513954,74.71961874513954,99.07942811770931,,,none,30.0,25,3,monophasic
Modulated_autosave_20260717_162548_293ms,Flex. digitorum (L),L_The_ED_FD_FCR C,4,100.07942811770931,108.07942811770931,132.4392374903075,,,none,30.0,25,3,monophasic
Modulated_autosave_20260717_162548_293ms,Flex. digitorum (L),L_The_ED_FD_FCR C,5,133.4392374903075,141.4392374903075,165.79904686287728,,,none,30.0,25,3,monophasic
Modulated_autosave_20260717_162548_293ms,Flex. digitorum (L),L_The_ED_FD_FCR C,6,166.79904686287728,174.79904686287728,199.15885623544705,,,none,30.0,25,3,monophasic
Modulated_autosave_20260717_162548_293ms,Flex. digitorum (L),L_The_ED_FD_FCR C,7,200.15885623544705,208.15885623544705,232.51866560801682,,,none,30.0,25,3,monophasic
Modulated_autosave_20260717_162548_293ms,Flex. digitorum (L),L_The_ED_FD_FCR C,8,233.51866560801682,241.51866560801682,265.8784749796487,,,none,30.0,25,3,monophasic
Modulated_autosave_20260717_162548_293ms,Flex. digitorum (L),L_The_ED_FD_FCR C,9,266.8784749796487,274.8784749796487,299.23828435224686,,,none,30.0,25,3,monophasic
Modulated_autosave_20260717_162548_293ms,Flex. digitorum (L),L_The_ED_FD_FCR C,10,300.23828435224686,308.23828435224686,332.59809372481664,,,none,30.0,25,3,monophasic
Modulated_autosave_20260717_162548_293ms,Flex. digitorum (L),L_The_ED_FD_FCR C,1,0.7942811753594015,8.794281175359401,32.35980937256977,,,none,30.0,30,3,monophasic
Modulated_autosave_20260717_162548_293ms,Flex. digitorum (L),L_The_ED_FD_FCR C,2,33.35980937256977,41.35980937256977,65.71961874513954,,,none,30.0,30,3,monophasic
Modulated_autosave_20260717_162548_293ms,Flex. digitorum (L),L_The_ED_FD_FCR C,3,66.71961874513954,74.71961874513954,99.07942811770931,,,none,30.0,30,3,monophasic
Modulated_autosave_20260717_162548_293ms,Flex. digitorum (L),L_The_ED_FD_FCR C,4,100.07942811770931,108.07942811770931,132.4392374903075,,,none,30.0,30,3,monophasic
Modulated_autosave_20260717_162548_293ms,Flex. digitorum (L),L_The_ED_FD_FCR C,5,133.4392374903075,141.4392374903075,165.79904686287728,,,none,30.0,30,3,monophasic
Modulated_autosave_20260717_162548_293ms,Flex. digitorum (L),L_The_ED_FD_FCR C,6,166.79904686287728,174.79904686287728,199.15885623544705,,,none,30.0,30,3,monophasic
Modulated_autosave_20260717_162548_293ms,Flex. digitorum (L),L_The_ED_FD_FCR C,7,200.15885623544705,208.15885623544705,232.51866560801682,,,none,30.0,30,3,monophasic
Modulated_autosave_20260717_162548_293ms,Flex. digitorum (L),L_The_ED_FD_FCR C,8,233.51866560801682,241.51866560801682,265.8784749796487,,,none,30.0,30,3,monophasic
Modulated_autosave_20260717_162548_293ms,Flex. digitorum (L),L_The_ED_FD_FCR C,9,266.8784749796487,274.8784749796487,299.23828435224686,,,none,30.0,30,3,monophasic
Modulated_autosave_20260717_162548_293ms,Flex. digitorum (L),L_The_ED_FD_FCR C,10,300.23828435224686,308.23828435224686,332.59809372481664,,,none,30.0,30,3,monophasic
Modulated_autosave_20260717_162548_293ms,Flex. digitorum (L),L_The_ED_FD_FCR C,1,0.7942811753594015,8.794281175359401,32.35980937256977,,,none,30.0,35,3,monophasic
Modulated_autosave_20260717_162548_293ms,Flex. digitorum (L),L_The_ED_FD_FCR C,2,33.35980937256977,41.35980937256977,65.71961874513954,,,none,30.0,35,3,monophasic
Modulated_autosave_20260717_162548_293ms,Flex. digitorum (L),L_The_ED_FD_FCR C,3,66.71961874513954,74.71961874513954,99.07942811770931,,,none,30.0,35,3,monophasic
Modulated_autosave_20260717_162548_293ms,Flex. digitorum (L),L_The_ED_FD_FCR C,4,100.07942811770931,108.07942811770931,132.4392374903075,,,none,30.0,35,3,monophasic
Modulated_autosave_20260717_162548_293ms,Flex. digitorum (L),L_The_ED_FD_FCR C,5,133.4392374903075,141.4392374903075,165.79904686287728,,,none,30.0,35,3,monophasic
Modulated_autosave_20260717_162548_293ms,Flex. digitorum (L),L_The_ED_FD_FCR C,6,166.79904686287728,174.79904686287728,199.15885623544705,,,none,30.0,35,3,monophasic
Modulated_autosave_20260717_162548_293ms,Flex. digitorum (L),L_The_ED_FD_FCR C,7,200.15885623544705,208.15885623544705,232.51866560801682,,,none,30.0,35,3,monophasic
Modulated_autosave_20260717_162548_293ms,Flex. digitorum (L),L_The_ED_FD_FCR C,8,233.51866560801682,241.51866560801682,265.8784749796487,,,none,30.0,35,3,monophasic
Modulated_autosave_20260717_162548_293ms,Flex. digitorum (L),L_The_ED_FD_FCR C,9,266.8784749796487,274.8784749796487,299.23828435224686,,,none,30.0,35,3,monophasic
Modulated_autosave_20260717_162548_293ms,Flex. digitorum (L),L_The_ED_FD_FCR C,10,300.23828435224686,308.23828435224686,332.59809372481664,,,none,30.0,35,3,monophasic
Modulated_autosave_20260717_162548_293ms,Flex. digitorum (L),L_The_ED_FD_FCR C,1,0.7942811753594015,8.794281175359401,32.35980937256977,,,none,30.0,40,3,monophasic
Modulated_autosave_20260717_162548_293ms,Flex. digitorum (L),L_The_ED_FD_FCR C,2,33.35980937256977,41.35980937256977,65.71961874513954,,,none,30.0,40,3,monophasic
Modulated_autosave_20260717_162548_293ms,Flex. digitorum (L),L_The_ED_FD_FCR C,3,66.71961874513954,74.71961874513954,99.07942811770931,,,none,30.0,40,3,monophasic
Modulated_autosave_20260717_162548_293ms,Flex. digitorum (L),L_The_ED_FD_FCR C,4,100.07942811770931,108.07942811770931,132.4392374903075,,,none,30.0,40,3,monophasic
Modulated_autosave_20260717_162548_293ms,Flex. digitorum (L),L_The_ED_FD_FCR C,5,133.4392374903075,141.4392374903075,165.79904686287728,,,none,30.0,40,3,monophasic
Modulated_autosave_20260717_162548_293ms,Flex. digitorum (L),L_The_ED_FD_FCR C,6,166.79904686287728,174.79904686287728,199.15885623544705,,,none,30.0,40,3,monophasic
Modulated_autosave_20260717_162548_293ms,Flex. digitorum (L),L_The_ED_FD_FCR C,7,200.15885623544705,208.15885623544705,232.51866560801682,,,none,30.0,40,3,monophasic
Modulated_autosave_20260717_162548_293ms,Flex. digitorum (L),L_The_ED_FD_FCR C,8,233.51866560801682,241.51866560801682,265.8784749796487,,,none,30.0,40,3,monophasic
Modulated_autosave_20260717_162548_293ms,Flex. digitorum (L),L_The_ED_FD_FCR C,9,266.8784749796487,274.8784749796487,299.23828435224686,,,none,30.0,40,3,monophasic
Modulated_autosave_20260717_162548_293ms,Flex. digitorum (L),L_The_ED_FD_FCR C,10,300.23828435224686,308.23828435224686,332.59809372481664,,,none,30.0,40,3,monophasic
Modulated_autosave_20260717_162548_293ms,Flex. digitorum (L),L_The_ED_FD_FCR C,1,0.7942811753594015,8.794281175359401,32.35980937256977,,,none,30.0,45,3,monophasic
Modulated_autosave_20260717_162548_293ms,Flex. digitorum (L),L_The_ED_FD_FCR C,2,33.35980937256977,41.35980937256977,65.71961874513954,,,none,30.0,45,3,monophasic
Modulated_autosave_20260717_162548_293ms,Flex. digitorum (L),L_The_ED_FD_FCR C,3,66.71961874513954,74.71961874513954,99.07942811770931,,,none,30.0,45,3,monophasic
Modulated_autosave_20260717_162548_293ms,Flex. digitorum (L),L_The_ED_FD_FCR C,4,100.07942811770931,108.07942811770931,132.4392374903075,,,none,30.0,45,3,monophasic
Modulated_autosave_20260717_162548_293ms,Flex. digitorum (L),L_The_ED_FD_FCR C,5,133.4392374903075,141.4392374903075,165.79904686287728,,,none,30.0,45,3,monophasic
Modulated_autosave_20260717_162548_293ms,Flex. digitorum (L),L_The_ED_FD_FCR C,6,166.79904686287728,174.79904686287728,199.15885623544705,,,none,30.0,45,3,monophasic
Modulated_autosave_20260717_162548_293ms,Flex. digitorum (L),L_The_ED_FD_FCR C,7,200.15885623544705,208.15885623544705,232.51866560801682,,,none,30.0,45,3,monophasic
Modulated_autosave_20260717_162548_293ms,Flex. digitorum (L),L_The_ED_FD_FCR C,8,233.51866560801682,241.51866560801682,265.8784749796487,,,none,30.0,45,3,monophasic
Modulated_autosave_20260717_162548_293ms,Flex. digitorum (L),L_The_ED_FD_FCR C,9,266.8784749796487,274.8784749796487,299.23828435224686,,,none,30.0,45,3,monophasic
Modulated_autosave_20260717_162548_293ms,Flex. digitorum (L),L_The_ED_FD_FCR C,10,300.23828435224686,308.23828435224686,332.59809372481664,,,none,30.0,45,3,monophasic
Modulated_autosave_20260717_162548_293ms,Flex. digitorum (L),L_The_ED_FD_FCR C,1,0.7942811753594015,8.794281175359401,32.35980937256977,,,none,30.0,50,3,monophasic
Modulated_autosave_20260717_162548_293ms,Flex. digitorum (L),L_The_ED_FD_FCR C,2,33.35980937256977,41.35980937256977,65.71961874513954,,,none,30.0,50,3,monophasic
Modulated_autosave_20260717_162548_293ms,Flex. digitorum (L),L_The_ED_FD_FCR C,3,66.71961874513954,74.71961874513954,99.07942811770931,,,none,30.0,50,3,monophasic
Modulated_autosave_20260717_162548_293ms,Flex. digitorum (L),L_The_ED_FD_FCR C,4,100.07942811770931,108.07942811770931,132.4392374903075,,,none,30.0,50,3,monophasic
Modulated_autosave_20260717_162548_293ms,Flex. digitorum (L),L_The_ED_FD_FCR C,5,133.4392374903075,141.4392374903075,165.79904686287728,,,none,30.0,50,3,monophasic
Modulated_autosave_20260717_162548_293ms,Flex. digitorum (L),L_The_ED_FD_FCR C,6,166.79904686287728,174.79904686287728,199.15885623544705,,,none,30.0,50,3,monophasic
Modulated_autosave_20260717_162548_293ms,Flex. digitorum (L),L_The_ED_FD_FCR C,7,200.15885623544705,208.15885623544705,232.51866560801682,,,none,30.0,50,3,monophasic
Modulated_autosave_20260717_162548_293ms,Flex. digitorum (L),L_The_ED_FD_FCR C,8,233.51866560801682,241.51866560801682,265.8784749796487,,,none,30.0,50,3,monophasic
Modulated_autosave_20260717_162548_293ms,Flex. digitorum (L),L_The_ED_FD_FCR C,9,266.8784749796487,274.8784749796487,299.23828435224686,,,none,30.0,50,3,monophasic
Modulated_autosave_20260717_162548_293ms,Flex. digitorum (L),L_The_ED_FD_FCR C,10,300.23828435224686,308.23828435224686,332.59809372481664,,,none,30.0,50,3,monophasic
Modulated_autosave_20260717_162548_293ms,Flex. digitorum (L),L_The_ED_FD_FCR C,1,0.7942811753594015,8.794281175359401,32.35980937256977,,,none,30.0,55,3,monophasic
Modulated_autosave_20260717_162548_293ms,Flex. digitorum (L),L_The_ED_FD_FCR C,2,33.35980937256977,41.35980937256977,65.71961874513954,,,none,30.0,55,3,monophasic
Modulated_autosave_20260717_162548_293ms,Flex. digitorum (L),L_The_ED_FD_FCR C,3,66.71961874513954,74.71961874513954,99.07942811770931,,,none,30.0,55,3,monophasic
Modulated_autosave_20260717_162548_293ms,Flex. digitorum (L),L_The_ED_FD_FCR C,4,100.07942811770931,108.07942811770931,132.4392374903075,,,none,30.0,55,3,monophasic
Modulated_autosave_20260717_162548_293ms,Flex. digitorum (L),L_The_ED_FD_FCR C,5,133.4392374903075,141.4392374903075,165.79904686287728,,,none,30.0,55,3,monophasic
Modulated_autosave_20260717_162548_293ms,Flex. digitorum (L),L_The_ED_FD_FCR C,6,166.79904686287728,174.79904686287728,199.15885623544705,,,none,30.0,55,3,monophasic
Modulated_autosave_20260717_162548_293ms,Flex. digitorum (L),L_The_ED_FD_FCR C,7,200.15885623544705,208.15885623544705,232.51866560801682,,,none,30.0,55,3,monophasic
Modulated_autosave_20260717_162548_293ms,Flex. digitorum (L),L_The_ED_FD_FCR C,8,233.51866560801682,241.51866560801682,265.8784749796487,,,none,30.0,55,3,monophasic
Modulated_autosave_20260717_162548_293ms,Flex. digitorum (L),L_The_ED_FD_FCR C,9,266.8784749796487,274.8784749796487,299.23828435224686,,,none,30.0,55,3,monophasic
Modulated_autosave_20260717_162548_293ms,Flex. digitorum (L),L_The_ED_FD_FCR C,10,300.23828435224686,308.23828435224686,332.59809372481664,,,none,30.0,55,3,monophasic
Modulated_autosave_20260717_162548_293ms,Flex. digitorum (L),L_The_ED_FD_FCR C,1,0.7942811753594015,8.794281175359401,32.35980937256977,,,none,30.0,60,3,monophasic
Modulated_autosave_20260717_162548_293ms,Flex. digitorum (L),L_The_ED_FD_FCR C,2,33.35980937256977,41.35980937256977,65.71961874513954,,,none,30.0,60,3,monophasic
Modulated_autosave_20260717_162548_293ms,Flex. digitorum (L),L_The_ED_FD_FCR C,3,66.71961874513954,74.71961874513954,99.07942811770931,,,none,30.0,60,3,monophasic
Modulated_autosave_20260717_162548_293ms,Flex. digitorum (L),L_The_ED_FD_FCR C,4,100.07942811770931,108.07942811770931,132.4392374903075,,,none,30.0,60,3,monophasic
Modulated_autosave_20260717_162548_293ms,Flex. digitorum (L),L_The_ED_FD_FCR C,5,133.4392374903075,141.4392374903075,165.79904686287728,,,none,30.0,60,3,monophasic
Modulated_autosave_20260717_162548_293ms,Flex. digitorum (L),L_The_ED_FD_FCR C,6,166.79904686287728,174.79904686287728,199.15885623544705,,,none,30.0,60,3,monophasic
Modulated_autosave_20260717_162548_293ms,Flex. digitorum (L),L_The_ED_FD_FCR C,7,200.15885623544705,208.15885623544705,232.51866560801682,,,none,30.0,60,3,monophasic
Modulated_autosave_20260717_162548_293ms,Flex. digitorum (L),L_The_ED_FD_FCR C,8,233.51866560801682,241.51866560801682,265.8784749796487,,,none,30.0,60,3,monophasic
Modulated_autosave_20260717_162548_293ms,Flex. digitorum (L),L_The_ED_FD_FCR C,9,266.8784749796487,274.8784749796487,299.23828435224686,,,none,30.0,60,3,monophasic
Modulated_autosave_20260717_162548_293ms,Flex. digitorum (L),L_The_ED_FD_FCR C,10,300.23828435224686,308.23828435224686,332.59809372481664,,,none,30.0,60,3,monophasic
Modulated_autosave_20260717_162548_293ms,Flex. digitorum (L),L_The_ED_FD_FCR C,1,0.7942811753594015,8.794281175359401,32.35980937256977,,,none,30.0,65,3,monophasic
Modulated_autosave_20260717_162548_293ms,Flex. digitorum (L),L_The_ED_FD_FCR C,2,33.35980937256977,41.35980937256977,65.71961874513954,,,none,30.0,65,3,monophasic
Modulated_autosave_20260717_162548_293ms,Flex. digitorum (L),L_The_ED_FD_FCR C,3,66.71961874513954,74.71961874513954,99.07942811770931,,,none,30.0,65,3,monophasic
Modulated_autosave_20260717_162548_293ms,Flex. digitorum (L),L_The_ED_FD_FCR C,4,100.07942811770931,108.07942811770931,132.4392374903075,,,none,30.0,65,3,monophasic
Modulated_autosave_20260717_162548_293ms,Flex. digitorum (L),L_The_ED_FD_FCR C,5,133.4392374903075,141.4392374903075,165.79904686287728,,,none,30.0,65,3,monophasic
Modulated_autosave_20260717_162548_293ms,Flex. digitorum (L),L_The_ED_FD_FCR C,6,166.79904686287728,174.79904686287728,199.15885623544705,,,none,30.0,65,3,monophasic
Modulated_autosave_20260717_162548_293ms,Flex. digitorum (L),L_The_ED_FD_FCR C,7,200.15885623544705,208.15885623544705,232.51866560801682,,,none,30.0,65,3,monophasic
Modulated_autosave_20260717_162548_293ms,Flex. digitorum (L),L_The_ED_FD_FCR C,8,233.51866560801682,241.51866560801682,265.8784749796487,,,none,30.0,65,3,monophasic
Modulated_autosave_20260717_162548_293ms,Flex. digitorum (L),L_The_ED_FD_FCR C,9,266.8784749796487,274.8784749796487,299.23828435224686,,,none,30.0,65,3,monophasic
Modulated_autosave_20260717_162548_293ms,Flex. digitorum (L),L_The_ED_FD_FCR C,10,300.23828435224686,308.23828435224686,332.59809372481664,,,none,30.0,65,3,monophasic
Modulated_autosave_20260717_162548_293ms,Flex. digitorum (L),L_The_ED_FD_FCR C,1,0.7942811753594015,8.794281175359401,32.35980937256977,,,none,30.0,70,3,monophasic
Modulated_autosave_20260717_162548_293ms,Flex. digitorum (L),L_The_ED_FD_FCR C,2,33.35980937256977,41.35980937256977,65.71961874513954,,,none,30.0,70,3,monophasic
Modulated_autosave_20260717_162548_293ms,Flex. digitorum (L),L_The_ED_FD_FCR C,3,66.71961874513954,74.71961874513954,99.07942811770931,,,none,30.0,70,3,monophasic
Modulated_autosave_20260717_162548_293ms,Flex. digitorum (L),L_The_ED_FD_FCR C,4,100.07942811770931,108.07942811770931,132.4392374903075,,,none,30.0,70,3,monophasic
Modulated_autosave_20260717_162548_293ms,Flex. digitorum (L),L_The_ED_FD_FCR C,5,133.4392374903075,141.4392374903075,165.79904686287728,,,none,30.0,70,3,monophasic
Modulated_autosave_20260717_162548_293ms,Flex. digitorum (L),L_The_ED_FD_FCR C,6,166.79904686287728,174.79904686287728,199.15885623544705,,,none,30.0,70,3,monophasic
Modulated_autosave_20260717_162548_293ms,Flex. digitorum (L),L_The_ED_FD_FCR C,7,200.15885623544705,208.15885623544705,232.51866560801682,,,none,30.0,70,3,monophasic
Modulated_autosave_20260717_162548_293ms,Flex. digitorum (L),L_The_ED_FD_FCR C,8,233.51866560801682,241.51866560801682,265.8784749796487,,,none,30.0,70,3,monophasic
Modulated_autosave_20260717_162548_293ms,Flex. digitorum (L),L_The_ED_FD_FCR C,9,266.8784749796487,274.8784749796487,299.23828435224686,,,none,30.0,70,3,monophasic
Modulated_autosave_20260717_162548_293ms,Flex. digitorum (L),L_The_ED_FD_FCR C,10,300.23828435224686,308.23828435224686,332.59809372481664,,,none,30.0,70,3,monophasic
Modulated_autosave_20260717_162548_293ms,Flex. digitorum (L),L_The_ED_FD_FCR C,1,0.7942811753594015,8.794281175359401,32.35980937256977,,,none,30.0,75,3,monophasic
Modulated_autosave_20260717_162548_293ms,Flex. digitorum (L),L_The_ED_FD_FCR C,2,33.35980937256977,41.35980937256977,65.71961874513954,,,none,30.0,75,3,monophasic
Modulated_autosave_20260717_162548_293ms,Flex. digitorum (L),L_The_ED_FD_FCR C,3,66.71961874513954,74.71961874513954,99.07942811770931,,,none,30.0,75,3,monophasic
Modulated_autosave_20260717_162548_293ms,Flex. digitorum (L),L_The_ED_FD_FCR C,4,100.07942811770931,108.07942811770931,132.4392374903075,,,none,30.0,75,3,monophasic
Modulated_autosave_20260717_162548_293ms,Flex. digitorum (L),L_The_ED_FD_FCR C,5,133.4392374903075,141.4392374903075,165.79904686287728,,,none,30.0,75,3,monophasic
Modulated_autosave_20260717_162548_293ms,Flex. digitorum (L),L_The_ED_FD_FCR C,6,166.79904686287728,174.79904686287728,199.15885623544705,,,none,30.0,75,3,monophasic
Modulated_autosave_20260717_162548_293ms,Flex. digitorum (L),L_The_ED_FD_FCR C,7,200.15885623544705,208.15885623544705,232.51866560801682,,,none,30.0,75,3,monophasic
Modulated_autosave_20260717_162548_293ms,Flex. digitorum (L),L_The_ED_FD_FCR C,8,233.51866560801682,241.51866560801682,265.8784749796487,,,none,30.0,75,3,monophasic
Modulated_autosave_20260717_162548_293ms,Flex. digitorum (L),L_The_ED_FD_FCR C,9,266.8784749796487,274.8784749796487,299.23828435224686,,,none,30.0,75,3,monophasic
Modulated_autosave_20260717_162548_293ms,Flex. digitorum (L),L_The_ED_FD_FCR C,10,300.23828435224686,308.23828435224686,332.59809372481664,,,none,30.0,75,3,monophasic
Modulated_autosave_20260717_162548_293ms,Flex. digitorum (L),L_The_ED_FD_FCR C,1,0.7942811753594015,8.794281175359401,32.35980937256977,,,none,30.0,80,3,monophasic
Modulated_autosave_20260717_162548_293ms,Flex. digitorum (L),L_The_ED_FD_FCR C,2,33.35980937256977,41.35980937256977,65.71961874513954,,,none,30.0,80,3,monophasic
Modulated_autosave_20260717_162548_293ms,Flex. digitorum (L),L_The_ED_FD_FCR C,3,66.71961874513954,74.71961874513954,99.07942811770931,,,none,30.0,80,3,monophasic
Modulated_autosave_20260717_162548_293ms,Flex. digitorum (L),L_The_ED_FD_FCR C,4,100.07942811770931,108.07942811770931,132.4392374903075,,,none,30.0,80,3,monophasic
Modulated_autosave_20260717_162548_293ms,Flex. digitorum (L),L_The_ED_FD_FCR C,5,133.4392374903075,141.4392374903075,165.79904686287728,,,none,30.0,80,3,monophasic
Modulated_autosave_20260717_162548_293ms,Flex. digitorum (L),L_The_ED_FD_FCR C,6,166.79904686287728,174.79904686287728,199.15885623544705,,,none,30.0,80,3,monophasic
Modulated_autosave_20260717_162548_293ms,Flex. digitorum (L),L_The_ED_FD_FCR C,7,200.15885623544705,208.15885623544705,232.51866560801682,,,none,30.0,80,3,monophasic
Modulated_autosave_20260717_162548_293ms,Flex. digitorum (L),L_The_ED_FD_FCR C,8,233.51866560801682,241.51866560801682,265.8784749796487,,,none,30.0,80,3,monophasic
Modulated_autosave_20260717_162548_293ms,Flex. digitorum (L),L_The_ED_FD_FCR C,9,266.8784749796487,274.8784749796487,299.23828435224686,,,none,30.0,80,3,monophasic
Modulated_autosave_20260717_162548_293ms,Flex. digitorum (L),L_The_ED_FD_FCR C,10,300.23828435224686,308.23828435224686,332.59809372481664,,,none,30.0,80,3,monophasic
Modulated_autosave_20260717_162548_293ms,Flex. digitorum (L),L_The_ED_FD_FCR C,1,0.7942811753594015,8.794281175359401,32.35980937256977,,,none,30.0,85,3,monophasic
Modulated_autosave_20260717_162548_293ms,Flex. digitorum (L),L_The_ED_FD_FCR C,2,33.35980937256977,41.35980937256977,65.71961874513954,,,none,30.0,85,3,monophasic
Modulated_autosave_20260717_162548_293ms,Flex. digitorum (L),L_The_ED_FD_FCR C,3,66.71961874513954,74.71961874513954,99.07942811770931,,,none,30.0,85,3,monophasic
Modulated_autosave_20260717_162548_293ms,Flex. digitorum (L),L_The_ED_FD_FCR C,4,100.07942811770931,108.07942811770931,132.4392374903075,,,none,30.0,85,3,monophasic
Modulated_autosave_20260717_162548_293ms,Flex. digitorum (L),L_The_ED_FD_FCR C,5,133.4392374903075,141.4392374903075,165.79904686287728,,,none,30.0,85,3,monophasic
Modulated_autosave_20260717_162548_293ms,Flex. digitorum (L),L_The_ED_FD_FCR C,6,166.79904686287728,174.79904686287728,199.15885623544705,,,none,30.0,85,3,monophasic
Modulated_autosave_20260717_162548_293ms,Flex. digitorum (L),L_The_ED_FD_FCR C,7,200.15885623544705,208.15885623544705,232.51866560801682,,,none,30.0,85,3,monophasic
Modulated_autosave_20260717_162548_293ms,Flex. digitorum (L),L_The_ED_FD_FCR C,8,233.51866560801682,241.51866560801682,265.8784749796487,,,none,30.0,85,3,monophasic
Modulated_autosave_20260717_162548_293ms,Flex. digitorum (L),L_The_ED_FD_FCR C,9,266.8784749796487,274.8784749796487,299.23828435224686,,,none,30.0,85,3,monophasic
Modulated_autosave_20260717_162548_293ms,Flex. digitorum (L),L_The_ED_FD_FCR C,10,300.23828435224686,308.23828435224686,332.59809372481664,,,none,30.0,85,3,monophasic
Modulated_autosave_20260717_162548_293ms,Flex. digitorum (L),L_The_ED_FD_FCR C,1,0.7942811753594015,8.794281175359401,32.35980937256977,,,none,30.0,90,3,monophasic
Modulated_autosave_20260717_162548_293ms,Flex. digitorum (L),L_The_ED_FD_FCR C,2,33.35980937256977,41.35980937256977,65.71961874513954,,,none,30.0,90,3,monophasic
Modulated_autosave_20260717_162548_293ms,Flex. digitorum (L),L_The_ED_FD_FCR C,3,66.71961874513954,74.71961874513954,99.07942811770931,,,none,30.0,90,3,monophasic
Modulated_autosave_20260717_162548_293ms,Flex. digitorum (L),L_The_ED_FD_FCR C,4,100.07942811770931,108.07942811770931,132.4392374903075,,,none,30.0,90,3,monophasic
Modulated_autosave_20260717_162548_293ms,Flex. digitorum (L),L_The_ED_FD_FCR C,5,133.4392374903075,141.4392374903075,165.79904686287728,,,none,30.0,90,3,monophasic
Modulated_autosave_20260717_162548_293ms,Flex. digitorum (L),L_The_ED_FD_FCR C,6,166.79904686287728,174.79904686287728,199.15885623544705,,,none,30.0,90,3,monophasic
Modulated_autosave_20260717_162548_293ms,Flex. digitorum (L),L_The_ED_FD_FCR C,7,200.15885623544705,208.15885623544705,232.51866560801682,,,none,30.0,90,3,monophasic
Modulated_autosave_20260717_162548_293ms,Flex. digitorum (L),L_The_ED_FD_FCR C,8,233.51866560801682,241.51866560801682,265.8784749796487,,,none,30.0,90,3,monophasic
Modulated_autosave_20260717_162548_293ms,Flex. digitorum (L),L_The_ED_FD_FCR C,9,266.8784749796487,274.8784749796487,299.23828435224686,,,none,30.0,90,3,monophasic
Modulated_autosave_20260717_162548_293ms,Flex. digitorum (L),L_The_ED_FD_FCR C,10,300.23828435224686,308.23828435224686,332.59809372481664,,,none,30.0,90,3,monophasic
Modulated_autosave_20260717_162548_293ms,Flex. digitorum (L),L_The_ED_FD_FCR C,1,0.7942811753594015,8.794281175359401,32.35980937256977,,,none,30.0,95,3,monophasic
Modulated_autosave_20260717_162548_293ms,Flex. digitorum (L),L_The_ED_FD_FCR C,2,33.35980937256977,41.35980937256977,65.71961874513954,,,none,30.0,95,3,monophasic
Modulated_autosave_20260717_162548_293ms,Flex. digitorum (L),L_The_ED_FD_FCR C,3,66.71961874513954,74.71961874513954,99.07942811770931,,,none,30.0,95,3,monophasic
Modulated_autosave_20260717_162548_293ms,Flex. digitorum (L),L_The_ED_FD_FCR C,4,100.07942811770931,108.07942811770931,132.4392374903075,,,none,30.0,95,3,monophasic
Modulated_autosave_20260717_162548_293ms,Flex. digitorum (L),L_The_ED_FD_FCR C,5,133.4392374903075,141.4392374903075,165.79904686287728,,,none,30.0,95,3,monophasic
Modulated_autosave_20260717_162548_293ms,Flex. digitorum (L),L_The_ED_FD_FCR C,6,166.79904686287728,174.79904686287728,199.15885623544705,,,none,30.0,95,3,monophasic
Modulated_autosave_20260717_162548_293ms,Flex. digitorum (L),L_The_ED_FD_FCR C,7,200.15885623544705,208.15885623544705,232.51866560801682,,,none,30.0,95,3,monophasic
Modulated_autosave_20260717_162548_293ms,Flex. digitorum (L),L_The_ED_FD_FCR C,8,233.51866560801682,241.51866560801682,265.8784749796487,,,none,30.0,95,3,monophasic
Modulated_autosave_20260717_162548_293ms,Flex. digitorum (L),L_The_ED_FD_FCR C,9,266.8784749796487,274.8784749796487,299.23828435224686,,,none,30.0,95,3,monophasic
Modulated_autosave_20260717_162548_293ms,Flex. digitorum (L),L_The_ED_FD_FCR C,10,300.23828435224686,308.23828435224686,332.59809372481664,,,none,30.0,95,3,monophasic
Modulated_autosave_20260717_162548_293ms,Flex. digitorum (L),L_The_ED_FD_FCR C,1,0.7942811753594015,8.794281175359401,32.35980937256977,,,none,30.0,100,3,monophasic
Modulated_autosave_20260717_162548_293ms,Flex. digitorum (L),L_The_ED_FD_FCR C,2,33.35980937256977,41.35980937256977,65.71961874513954,,,none,30.0,100,3,monophasic
Modulated_autosave_20260717_162548_293ms,Flex. digitorum (L),L_The_ED_FD_FCR C,3,66.71961874513954,74.71961874513954,99.07942811770931,,,none,30.0,100,3,monophasic
Modulated_autosave_20260717_162548_293ms,Flex. digitorum (L),L_The_ED_FD_FCR C,4,100.07942811770931,108.07942811770931,132.4392374903075,,,none,30.0,100,3,monophasic
Modulated_autosave_20260717_162548_293ms,Flex. digitorum (L),L_The_ED_FD_FCR C,5,133.4392374903075,141.4392374903075,165.79904686287728,,,none,30.0,100,3,monophasic
Modulated_autosave_20260717_162548_293ms,Flex. digitorum (L),L_The_ED_FD_FCR C,6,166.79904686287728,174.79904686287728,199.15885623544705,,,none,30.0,100,3,monophasic
Modulated_autosave_20260717_162548_293ms,Flex. digitorum (L),L_The_ED_FD_FCR C,7,200.15885623544705,208.15885623544705,232.51866560801682,,,none,30.0,100,3,monophasic
Modulated_autosave_20260717_162548_293ms,Flex. digitorum (L),L_The_ED_FD_FCR C,8,233.51866560801682,241.51866560801682,265.8784749796487,,,none,30.0,100,3,monophasic
Modulated_autosave_20260717_162548_293ms,Flex. digitorum (L),L_The_ED_FD_FCR C,9,266.8784749796487,274.8784749796487,299.23828435224686,,,none,30.0,100,3,monophasic
Modulated_autosave_20260717_162548_293ms,Flex. digitorum (L),L_The_ED_FD_FCR C,10,300.23828435224686,308.23828435224686,332.59809372481664,,,none,30.0,100,3,monophasic
Modulated_autosave_20260717_162548_293ms,Flex. digitorum (L),L_The_ED_FD_FCR C,1,0.7942811753594015,8.794281175359401,32.35980937256977,,,none,30.0,105,3,monophasic
Modulated_autosave_20260717_162548_293ms,Flex. digitorum (L),L_The_ED_FD_FCR C,2,33.35980937256977,41.35980937256977,65.71961874513954,,,none,30.0,105,3,monophasic
Modulated_autosave_20260717_162548_293ms,Flex. digitorum (L),L_The_ED_FD_FCR C,3,66.71961874513954,74.71961874513954,99.07942811770931,,,none,30.0,105,3,monophasic
Modulated_autosave_20260717_162548_293ms,Flex. digitorum (L),L_The_ED_FD_FCR C,4,100.07942811770931,108.07942811770931,132.4392374903075,,,none,30.0,105,3,monophasic
Modulated_autosave_20260717_162548_293ms,Flex. digitorum (L),L_The_ED_FD_FCR C,5,133.4392374903075,141.4392374903075,165.79904686287728,,,none,30.0,105,3,monophasic
Modulated_autosave_20260717_162548_293ms,Flex. digitorum (L),L_The_ED_FD_FCR C,6,166.79904686287728,174.79904686287728,199.15885623544705,,,none,30.0,105,3,monophasic
Modulated_autosave_20260717_162548_293ms,Flex. digitorum (L),L_The_ED_FD_FCR C,7,200.15885623544705,208.15885623544705,232.51866560801682,,,none,30.0,105,3,monophasic
Modulated_autosave_20260717_162548_293ms,Flex. digitorum (L),L_The_ED_FD_FCR C,8,233.51866560801682,241.51866560801682,265.8784749796487,,,none,30.0,105,3,monophasic
Modulated_autosave_20260717_162548_293ms,Flex. digitorum (L),L_The_ED_FD_FCR C,9,266.8784749796487,274.8784749796487,299.23828435224686,,,none,30.0,105,3,monophasic
Modulated_autosave_20260717_162548_293ms,Flex. digitorum (L),L_The_ED_FD_FCR C,10,300.23828435224686,308.23828435224686,332.59809372481664,,,none,30.0,105,3,monophasic
Modulated_autosave_20260717_162548_293ms,Flex. digitorum (L),L_The_ED_FD_FCR C,1,0.7942811753594015,8.794281175359401,32.35980937256977,,,none,30.0,110,3,monophasic
Modulated_autosave_20260717_162548_293ms,Flex. digitorum (L),L_The_ED_FD_FCR C,2,33.35980937256977,41.35980937256977,65.71961874513954,,,none,30.0,110,3,monophasic
Modulated_autosave_20260717_162548_293ms,Flex. digitorum (L),L_The_ED_FD_FCR C,3,66.71961874513954,74.71961874513954,99.07942811770931,,,none,30.0,110,3,monophasic
Modulated_autosave_20260717_162548_293ms,Flex. digitorum (L),L_The_ED_FD_FCR C,4,100.07942811770931,108.07942811770931,132.4392374903075,,,none,30.0,110,3,monophasic
Modulated_autosave_20260717_162548_293ms,Flex. digitorum (L),L_The_ED_FD_FCR C,5,133.4392374903075,141.4392374903075,165.79904686287728,,,none,30.0,110,3,monophasic
Modulated_autosave_20260717_162548_293ms,Flex. digitorum (L),L_The_ED_FD_FCR C,6,166.79904686287728,174.79904686287728,199.15885623544705,,,none,30.0,110,3,monophasic
Modulated_autosave_20260717_162548_293ms,Flex. digitorum (L),L_The_ED_FD_FCR C,7,200.15885623544705,208.15885623544705,232.51866560801682,,,none,30.0,110,3,monophasic
Modulated_autosave_20260717_162548_293ms,Flex. digitorum (L),L_The_ED_FD_FCR C,8,233.51866560801682,241.51866560801682,265.8784749796487,,,none,30.0,110,3,monophasic
Modulated_autosave_20260717_162548_293ms,Flex. digitorum (L),L_The_ED_FD_FCR C,9,266.8784749796487,274.8784749796487,299.23828435224686,,,none,30.0,110,3,monophasic
Modulated_autosave_20260717_162548_293ms,Flex. digitorum (L),L_The_ED_FD_FCR C,10,300.23828435224686,308.23828435224686,332.59809372481664,,,none,30.0,110,3,monophasic
Modulated_autosave_20260717_162548_293ms,Flex. digitorum (L),L_The_ED_FD_FCR C,1,0.7942811753594015,8.794281175359401,32.35980937256977,,,none,30.0,115,3,monophasic
Modulated_autosave_20260717_162548_293ms,Flex. digitorum (L),L_The_ED_FD_FCR C,2,33.35980937256977,41.35980937256977,65.71961874513954,,,none,30.0,115,3,monophasic
Modulated_autosave_20260717_162548_293ms,Flex. digitorum (L),L_The_ED_FD_FCR C,3,66.71961874513954,74.71961874513954,99.07942811770931,,,none,30.0,115,3,monophasic
Modulated_autosave_20260717_162548_293ms,Flex. digitorum (L),L_The_ED_FD_FCR C,4,100.07942811770931,108.07942811770931,132.4392374903075,,,none,30.0,115,3,monophasic
Modulated_autosave_20260717_162548_293ms,Flex. digitorum (L),L_The_ED_FD_FCR C,5,133.4392374903075,141.4392374903075,165.79904686287728,,,none,30.0,115,3,monophasic
Modulated_autosave_20260717_162548_293ms,Flex. digitorum (L),L_The_ED_FD_FCR C,6,166.79904686287728,174.79904686287728,199.15885623544705,,,none,30.0,115,3,monophasic
Modulated_autosave_20260717_162548_293ms,Flex. digitorum (L),L_The_ED_FD_FCR C,7,200.15885623544705,208.15885623544705,232.51866560801682,,,none,30.0,115,3,monophasic
Modulated_autosave_20260717_162548_293ms,Flex. digitorum (L),L_The_ED_FD_FCR C,8,233.51866560801682,241.51866560801682,265.8784749796487,,,none,30.0,115,3,monophasic
Modulated_autosave_20260717_162548_293ms,Flex. digitorum (L),L_The_ED_FD_FCR C,9,266.8784749796487,274.8784749796487,299.23828435224686,,,none,30.0,115,3,monophasic
Modulated_autosave_20260717_162548_293ms,Flex. digitorum (L),L_The_ED_FD_FCR C,10,300.23828435224686,308.23828435224686,332.59809372481664,,,none,30.0,115,3,monophasic
Modulated_autosave_20260717_162548_293ms,Flex. digitorum (L),L_The_ED_FD_FCR C,1,0.7942811753594015,8.794281175359401,32.35980937256977,,,none,30.0,120,3,monophasic
Modulated_autosave_20260717_162548_293ms,Flex. digitorum (L),L_The_ED_FD_FCR C,2,33.35980937256977,41.35980937256977,65.71961874513954,,,none,30.0,120,3,monophasic
Modulated_autosave_20260717_162548_293ms,Flex. digitorum (L),L_The_ED_FD_FCR C,3,66.71961874513954,74.71961874513954,99.07942811770931,,,none,30.0,120,3,monophasic
Modulated_autosave_20260717_162548_293ms,Flex. digitorum (L),L_The_ED_FD_FCR C,4,100.07942811770931,108.07942811770931,132.4392374903075,,,none,30.0,120,3,monophasic
Modulated_autosave_20260717_162548_293ms,Flex. digitorum (L),L_The_ED_FD_FCR C,5,133.4392374903075,141.4392374903075,165.79904686287728,,,none,30.0,120,3,monophasic
Modulated_autosave_20260717_162548_293ms,Flex. digitorum (L),L_The_ED_FD_FCR C,6,166.79904686287728,174.79904686287728,199.15885623544705,,,none,30.0,120,3,monophasic
Modulated_autosave_20260717_162548_293ms,Flex. digitorum (L),L_The_ED_FD_FCR C,7,200.15885623544705,208.15885623544705,232.51866560801682,,,none,30.0,120,3,monophasic
Modulated_autosave_20260717_162548_293ms,Flex. digitorum (L),L_The_ED_FD_FCR C,8,233.51866560801682,241.51866560801682,265.8784749796487,,,none,30.0,120,3,monophasic
Modulated_autosave_20260717_162548_293ms,Flex. digitorum (L),L_The_ED_FD_FCR C,9,266.8784749796487,274.8784749796487,299.23828435224686,,,none,30.0,120,3,monophasic
Modulated_autosave_20260717_162548_293ms,Flex. digitorum (L),L_The_ED_FD_FCR C,10,300.23828435224686,308.23828435224686,332.59809372481664,,,none,30.0,120,3,monophasic
Modulated_autosave_20260717_162548_293ms,Flex. carpi rad. (L),L_The_ED_FD_FCR D,1,0.7942811753594015,8.794281175359401,32.35980937256977,,,none,30.0,25,3,monophasic
Modulated_autosave_20260717_162548_293ms,Flex. carpi rad. (L),L_The_ED_FD_FCR D,2,33.35980937256977,41.35980937256977,65.71961874513954,,,none,30.0,25,3,monophasic
Modulated_autosave_20260717_162548_293ms,Flex. carpi rad. (L),L_The_ED_FD_FCR D,3,66.71961874513954,74.71961874513954,99.07942811770931,,,none,30.0,25,3,monophasic
Modulated_autosave_20260717_162548_293ms,Flex. carpi rad. (L),L_The_ED_FD_FCR D,4,100.07942811770931,108.07942811770931,132.4392374903075,,,none,30.0,25,3,monophasic
Modulated_autosave_20260717_162548_293ms,Flex. carpi rad. (L),L_The_ED_FD_FCR D,5,133.4392374903075,141.4392374903075,165.79904686287728,,,none,30.0,25,3,monophasic
Modulated_autosave_20260717_162548_293ms,Flex. carpi rad. (L),L_The_ED_FD_FCR D,6,166.79904686287728,174.79904686287728,199.15885623544705,,,none,30.0,25,3,monophasic
Modulated_autosave_20260717_162548_293ms,Flex. carpi rad. (L),L_The_ED_FD_FCR D,7,200.15885623544705,208.15885623544705,232.51866560801682,,,none,30.0,25,3,monophasic
Modulated_autosave_20260717_162548_293ms,Flex. carpi rad. (L),L_The_ED_FD_FCR D,8,233.51866560801682,241.51866560801682,265.8784749796487,,,none,30.0,25,3,monophasic
Modulated_autosave_20260717_162548_293ms,Flex. carpi rad. (L),L_The_ED_FD_FCR D,9,266.8784749796487,274.8784749796487,299.23828435224686,,,none,30.0,25,3,monophasic
Modulated_autosave_20260717_162548_293ms,Flex. carpi rad. (L),L_The_ED_FD_FCR D,10,300.23828435224686,308.23828435224686,332.59809372481664,,,none,30.0,25,3,monophasic
Modulated_autosave_20260717_162548_293ms,Flex. carpi rad. (L),L_The_ED_FD_FCR D,1,0.7942811753594015,8.794281175359401,32.35980937256977,,,none,30.0,30,3,monophasic
Modulated_autosave_20260717_162548_293ms,Flex. carpi rad. (L),L_The_ED_FD_FCR D,2,33.35980937256977,41.35980937256977,65.71961874513954,,,none,30.0,30,3,monophasic
Modulated_autosave_20260717_162548_293ms,Flex. carpi rad. (L),L_The_ED_FD_FCR D,3,66.71961874513954,74.71961874513954,99.07942811770931,,,none,30.0,30,3,monophasic
Modulated_autosave_20260717_162548_293ms,Flex. carpi rad. (L),L_The_ED_FD_FCR D,4,100.07942811770931,108.07942811770931,132.4392374903075,,,none,30.0,30,3,monophasic
Modulated_autosave_20260717_162548_293ms,Flex. carpi rad. (L),L_The_ED_FD_FCR D,5,133.4392374903075,141.4392374903075,165.79904686287728,,,none,30.0,30,3,monophasic
Modulated_autosave_20260717_162548_293ms,Flex. carpi rad. (L),L_The_ED_FD_FCR D,6,166.79904686287728,174.79904686287728,199.15885623544705,,,none,30.0,30,3,monophasic
Modulated_autosave_20260717_162548_293ms,Flex. carpi rad. (L),L_The_ED_FD_FCR D,7,200.15885623544705,208.15885623544705,232.51866560801682,,,none,30.0,30,3,monophasic
Modulated_autosave_20260717_162548_293ms,Flex. carpi rad. (L),L_The_ED_FD_FCR D,8,233.51866560801682,241.51866560801682,265.8784749796487,,,none,30.0,30,3,monophasic
Modulated_autosave_20260717_162548_293ms,Flex. carpi rad. (L),L_The_ED_FD_FCR D,9,266.8784749796487,274.8784749796487,299.23828435224686,,,none,30.0,30,3,monophasic
Modulated_autosave_20260717_162548_293ms,Flex. carpi rad. (L),L_The_ED_FD_FCR D,10,300.23828435224686,308.23828435224686,332.59809372481664,,,none,30.0,30,3,monophasic
Modulated_autosave_20260717_162548_293ms,Flex. carpi rad. (L),L_The_ED_FD_FCR D,1,0.7942811753594015,8.794281175359401,32.35980937256977,,,none,30.0,35,3,monophasic
Modulated_autosave_20260717_162548_293ms,Flex. carpi rad. (L),L_The_ED_FD_FCR D,2,33.35980937256977,41.35980937256977,65.71961874513954,,,none,30.0,35,3,monophasic
Modulated_autosave_20260717_162548_293ms,Flex. carpi rad. (L),L_The_ED_FD_FCR D,3,66.71961874513954,74.71961874513954,99.07942811770931,,,none,30.0,35,3,monophasic
Modulated_autosave_20260717_162548_293ms,Flex. carpi rad. (L),L_The_ED_FD_FCR D,4,100.07942811770931,108.07942811770931,132.4392374903075,,,none,30.0,35,3,monophasic
Modulated_autosave_20260717_162548_293ms,Flex. carpi rad. (L),L_The_ED_FD_FCR D,5,133.4392374903075,141.4392374903075,165.79904686287728,,,none,30.0,35,3,monophasic
Modulated_autosave_20260717_162548_293ms,Flex. carpi rad. (L),L_The_ED_FD_FCR D,6,166.79904686287728,174.79904686287728,199.15885623544705,,,none,30.0,35,3,monophasic
Modulated_autosave_20260717_162548_293ms,Flex. carpi rad. (L),L_The_ED_FD_FCR D,7,200.15885623544705,208.15885623544705,232.51866560801682,,,none,30.0,35,3,monophasic
Modulated_autosave_20260717_162548_293ms,Flex. carpi rad. (L),L_The_ED_FD_FCR D,8,233.51866560801682,241.51866560801682,265.8784749796487,,,none,30.0,35,3,monophasic
Modulated_autosave_20260717_162548_293ms,Flex. carpi rad. (L),L_The_ED_FD_FCR D,9,266.8784749796487,274.8784749796487,299.23828435224686,,,none,30.0,35,3,monophasic
Modulated_autosave_20260717_162548_293ms,Flex. carpi rad. (L),L_The_ED_FD_FCR D,10,300.23828435224686,308.23828435224686,332.59809372481664,,,none,30.0,35,3,monophasic
Modulated_autosave_20260717_162548_293ms,Flex. carpi rad. (L),L_The_ED_FD_FCR D,1,0.7942811753594015,8.794281175359401,32.35980937256977,,,none,30.0,40,3,monophasic
Modulated_autosave_20260717_162548_293ms,Flex. carpi rad. (L),L_The_ED_FD_FCR D,2,33.35980937256977,41.35980937256977,65.71961874513954,,,none,30.0,40,3,monophasic
Modulated_autosave_20260717_162548_293ms,Flex. carpi rad. (L),L_The_ED_FD_FCR D,3,66.71961874513954,74.71961874513954,99.07942811770931,,,none,30.0,40,3,monophasic
Modulated_autosave_20260717_162548_293ms,Flex. carpi rad. (L),L_The_ED_FD_FCR D,4,100.07942811770931,108.07942811770931,132.4392374903075,,,none,30.0,40,3,monophasic
Modulated_autosave_20260717_162548_293ms,Flex. carpi rad. (L),L_The_ED_FD_FCR D,5,133.4392374903075,141.4392374903075,165.79904686287728,,,none,30.0,40,3,monophasic
Modulated_autosave_20260717_162548_293ms,Flex. carpi rad. (L),L_The_ED_FD_FCR D,6,166.79904686287728,174.79904686287728,199.15885623544705,,,none,30.0,40,3,monophasic
Modulated_autosave_20260717_162548_293ms,Flex. carpi rad. (L),L_The_ED_FD_FCR D,7,200.15885623544705,208.15885623544705,232.51866560801682,,,none,30.0,40,3,monophasic
Modulated_autosave_20260717_162548_293ms,Flex. carpi rad. (L),L_The_ED_FD_FCR D,8,233.51866560801682,241.51866560801682,265.8784749796487,,,none,30.0,40,3,monophasic
Modulated_autosave_20260717_162548_293ms,Flex. carpi rad. (L),L_The_ED_FD_FCR D,9,266.8784749796487,274.8784749796487,299.23828435224686,,,none,30.0,40,3,monophasic
Modulated_autosave_20260717_162548_293ms,Flex. carpi rad. (L),L_The_ED_FD_FCR D,10,300.23828435224686,308.23828435224686,332.59809372481664,,,none,30.0,40,3,monophasic
Modulated_autosave_20260717_162548_293ms,Flex. carpi rad. (L),L_The_ED_FD_FCR D,1,0.7942811753594015,8.794281175359401,32.35980937256977,,,none,30.0,45,3,monophasic
Modulated_autosave_20260717_162548_293ms,Flex. carpi rad. (L),L_The_ED_FD_FCR D,2,33.35980937256977,41.35980937256977,65.71961874513954,,,none,30.0,45,3,monophasic
Modulated_autosave_20260717_162548_293ms,Flex. carpi rad. (L),L_The_ED_FD_FCR D,3,66.71961874513954,74.71961874513954,99.07942811770931,,,none,30.0,45,3,monophasic
Modulated_autosave_20260717_162548_293ms,Flex. carpi rad. (L),L_The_ED_FD_FCR D,4,100.07942811770931,108.07942811770931,132.4392374903075,,,none,30.0,45,3,monophasic
Modulated_autosave_20260717_162548_293ms,Flex. carpi rad. (L),L_The_ED_FD_FCR D,5,133.4392374903075,141.4392374903075,165.79904686287728,,,none,30.0,45,3,monophasic
Modulated_autosave_20260717_162548_293ms,Flex. carpi rad. (L),L_The_ED_FD_FCR D,6,166.79904686287728,174.79904686287728,199.15885623544705,,,none,30.0,45,3,monophasic
Modulated_autosave_20260717_162548_293ms,Flex. carpi rad. (L),L_The_ED_FD_FCR D,7,200.15885623544705,208.15885623544705,232.51866560801682,,,none,30.0,45,3,monophasic
Modulated_autosave_20260717_162548_293ms,Flex. carpi rad. (L),L_The_ED_FD_FCR D,8,233.51866560801682,241.51866560801682,265.8784749796487,,,none,30.0,45,3,monophasic
Modulated_autosave_20260717_162548_293ms,Flex. carpi rad. (L),L_The_ED_FD_FCR D,9,266.8784749796487,274.8784749796487,299.23828435224686,,,none,30.0,45,3,monophasic
Modulated_autosave_20260717_162548_293ms,Flex. carpi rad. (L),L_The_ED_FD_FCR D,10,300.23828435224686,308.23828435224686,332.59809372481664,,,none,30.0,45,3,monophasic
Modulated_autosave_20260717_162548_293ms,Flex. carpi rad. (L),L_The_ED_FD_FCR D,1,0.7942811753594015,8.794281175359401,32.35980937256977,,,none,30.0,50,3,monophasic
Modulated_autosave_20260717_162548_293ms,Flex. carpi rad. (L),L_The_ED_FD_FCR D,2,33.35980937256977,41.35980937256977,65.71961874513954,,,none,30.0,50,3,monophasic
Modulated_autosave_20260717_162548_293ms,Flex. carpi rad. (L),L_The_ED_FD_FCR D,3,66.71961874513954,74.71961874513954,99.07942811770931,,,none,30.0,50,3,monophasic
Modulated_autosave_20260717_162548_293ms,Flex. carpi rad. (L),L_The_ED_FD_FCR D,4,100.07942811770931,108.07942811770931,132.4392374903075,,,none,30.0,50,3,monophasic
Modulated_autosave_20260717_162548_293ms,Flex. carpi rad. (L),L_The_ED_FD_FCR D,5,133.4392374903075,141.4392374903075,165.79904686287728,,,none,30.0,50,3,monophasic
Modulated_autosave_20260717_162548_293ms,Flex. carpi rad. (L),L_The_ED_FD_FCR D,6,166.79904686287728,174.79904686287728,199.15885623544705,,,none,30.0,50,3,monophasic
Modulated_autosave_20260717_162548_293ms,Flex. carpi rad. (L),L_The_ED_FD_FCR D,7,200.15885623544705,208.15885623544705,232.51866560801682,,,none,30.0,50,3,monophasic
Modulated_autosave_20260717_162548_293ms,Flex. carpi rad. (L),L_The_ED_FD_FCR D,8,233.51866560801682,241.51866560801682,265.8784749796487,,,none,30.0,50,3,monophasic
Modulated_autosave_20260717_162548_293ms,Flex. carpi rad. (L),L_The_ED_FD_FCR D,9,266.8784749796487,274.8784749796487,299.23828435224686,,,none,30.0,50,3,monophasic
Modulated_autosave_20260717_162548_293ms,Flex. carpi rad. (L),L_The_ED_FD_FCR D,10,300.23828435224686,308.23828435224686,332.59809372481664,,,none,30.0,50,3,monophasic
Modulated_autosave_20260717_162548_293ms,Flex. carpi rad. (L),L_The_ED_FD_FCR D,1,0.7942811753594015,8.794281175359401,32.35980937256977,,,none,30.0,55,3,monophasic
Modulated_autosave_20260717_162548_293ms,Flex. carpi rad. (L),L_The_ED_FD_FCR D,2,33.35980937256977,41.35980937256977,65.71961874513954,,,none,30.0,55,3,monophasic
Modulated_autosave_20260717_162548_293ms,Flex. carpi rad. (L),L_The_ED_FD_FCR D,3,66.71961874513954,74.71961874513954,99.07942811770931,,,none,30.0,55,3,monophasic
Modulated_autosave_20260717_162548_293ms,Flex. carpi rad. (L),L_The_ED_FD_FCR D,4,100.07942811770931,108.07942811770931,132.4392374903075,,,none,30.0,55,3,monophasic
Modulated_autosave_20260717_162548_293ms,Flex. carpi rad. (L),L_The_ED_FD_FCR D,5,133.4392374903075,141.4392374903075,165.79904686287728,,,none,30.0,55,3,monophasic
Modulated_autosave_20260717_162548_293ms,Flex. carpi rad. (L),L_The_ED_FD_FCR D,6,166.79904686287728,174.79904686287728,199.15885623544705,,,none,30.0,55,3,monophasic
Modulated_autosave_20260717_162548_293ms,Flex. carpi rad. (L),L_The_ED_FD_FCR D,7,200.15885623544705,208.15885623544705,232.51866560801682,,,none,30.0,55,3,monophasic
Modulated_autosave_20260717_162548_293ms,Flex. carpi rad. (L),L_The_ED_FD_FCR D,8,233.51866560801682,241.51866560801682,265.8784749796487,,,none,30.0,55,3,monophasic
Modulated_autosave_20260717_162548_293ms,Flex. carpi rad. (L),L_The_ED_FD_FCR D,9,266.8784749796487,274.8784749796487,299.23828435224686,,,none,30.0,55,3,monophasic
Modulated_autosave_20260717_162548_293ms,Flex. carpi rad. (L),L_The_ED_FD_FCR D,10,300.23828435224686,308.23828435224686,332.59809372481664,,,none,30.0,55,3,monophasic
Modulated_autosave_20260717_162548_293ms,Flex. carpi rad. (L),L_The_ED_FD_FCR D,1,0.7942811753594015,8.794281175359401,32.35980937256977,,,none,30.0,60,3,monophasic
Modulated_autosave_20260717_162548_293ms,Flex. carpi rad. (L),L_The_ED_FD_FCR D,2,33.35980937256977,41.35980937256977,65.71961874513954,,,none,30.0,60,3,monophasic
Modulated_autosave_20260717_162548_293ms,Flex. carpi rad. (L),L_The_ED_FD_FCR D,3,66.71961874513954,74.71961874513954,99.07942811770931,,,none,30.0,60,3,monophasic
Modulated_autosave_20260717_162548_293ms,Flex. carpi rad. (L),L_The_ED_FD_FCR D,4,100.07942811770931,108.07942811770931,132.4392374903075,,,none,30.0,60,3,monophasic
Modulated_autosave_20260717_162548_293ms,Flex. carpi rad. (L),L_The_ED_FD_FCR D,5,133.4392374903075,141.4392374903075,165.79904686287728,,,none,30.0,60,3,monophasic
Modulated_autosave_20260717_162548_293ms,Flex. carpi rad. (L),L_The_ED_FD_FCR D,6,166.79904686287728,174.79904686287728,199.15885623544705,,,none,30.0,60,3,monophasic
Modulated_autosave_20260717_162548_293ms,Flex. carpi rad. (L),L_The_ED_FD_FCR D,7,200.15885623544705,208.15885623544705,232.51866560801682,,,none,30.0,60,3,monophasic
Modulated_autosave_20260717_162548_293ms,Flex. carpi rad. (L),L_The_ED_FD_FCR D,8,233.51866560801682,241.51866560801682,265.8784749796487,,,none,30.0,60,3,monophasic
Modulated_autosave_20260717_162548_293ms,Flex. carpi rad. (L),L_The_ED_FD_FCR D,9,266.8784749796487,274.8784749796487,299.23828435224686,,,none,30.0,60,3,monophasic
Modulated_autosave_20260717_162548_293ms,Flex. carpi rad. (L),L_The_ED_FD_FCR D,10,300.23828435224686,308.23828435224686,332.59809372481664,,,none,30.0,60,3,monophasic
Modulated_autosave_20260717_162548_293ms,Flex. carpi rad. (L),L_The_ED_FD_FCR D,1,0.7942811753594015,8.794281175359401,32.35980937256977,,,none,30.0,65,3,monophasic
Modulated_autosave_20260717_162548_293ms,Flex. carpi rad. (L),L_The_ED_FD_FCR D,2,33.35980937256977,41.35980937256977,65.71961874513954,,,none,30.0,65,3,monophasic
Modulated_autosave_20260717_162548_293ms,Flex. carpi rad. (L),L_The_ED_FD_FCR D,3,66.71961874513954,74.71961874513954,99.07942811770931,,,none,30.0,65,3,monophasic
Modulated_autosave_20260717_162548_293ms,Flex. carpi rad. (L),L_The_ED_FD_FCR D,4,100.07942811770931,108.07942811770931,132.4392374903075,,,none,30.0,65,3,monophasic
Modulated_autosave_20260717_162548_293ms,Flex. carpi rad. (L),L_The_ED_FD_FCR D,5,133.4392374903075,141.4392374903075,165.79904686287728,,,none,30.0,65,3,monophasic
Modulated_autosave_20260717_162548_293ms,Flex. carpi rad. (L),L_The_ED_FD_FCR D,6,166.79904686287728,174.79904686287728,199.15885623544705,,,none,30.0,65,3,monophasic
Modulated_autosave_20260717_162548_293ms,Flex. carpi rad. (L),L_The_ED_FD_FCR D,7,200.15885623544705,208.15885623544705,232.51866560801682,,,none,30.0,65,3,monophasic
Modulated_autosave_20260717_162548_293ms,Flex. carpi rad. (L),L_The_ED_FD_FCR D,8,233.51866560801682,241.51866560801682,265.8784749796487,,,none,30.0,65,3,monophasic
Modulated_autosave_20260717_162548_293ms,Flex. carpi rad. (L),L_The_ED_FD_FCR D,9,266.8784749796487,274.8784749796487,299.23828435224686,,,none,30.0,65,3,monophasic
Modulated_autosave_20260717_162548_293ms,Flex. carpi rad. (L),L_The_ED_FD_FCR D,10,300.23828435224686,308.23828435224686,332.59809372481664,,,none,30.0,65,3,monophasic
Modulated_autosave_20260717_162548_293ms,Flex. carpi rad. (L),L_The_ED_FD_FCR D,1,0.7942811753594015,8.794281175359401,32.35980937256977,,,none,30.0,70,3,monophasic
Modulated_autosave_20260717_162548_293ms,Flex. carpi rad. (L),L_The_ED_FD_FCR D,2,33.35980937256977,41.35980937256977,65.71961874513954,,,none,30.0,70,3,monophasic
Modulated_autosave_20260717_162548_293ms,Flex. carpi rad. (L),L_The_ED_FD_FCR D,3,66.71961874513954,74.71961874513954,99.07942811770931,,,none,30.0,70,3,monophasic
Modulated_autosave_20260717_162548_293ms,Flex. carpi rad. (L),L_The_ED_FD_FCR D,4,100.07942811770931,108.07942811770931,132.4392374903075,,,none,30.0,70,3,monophasic
Modulated_autosave_20260717_162548_293ms,Flex. carpi rad. (L),L_The_ED_FD_FCR D,5,133.4392374903075,141.4392374903075,165.79904686287728,,,none,30.0,70,3,monophasic
Modulated_autosave_20260717_162548_293ms,Flex. carpi rad. (L),L_The_ED_FD_FCR D,6,166.79904686287728,174.79904686287728,199.15885623544705,,,none,30.0,70,3,monophasic
Modulated_autosave_20260717_162548_293ms,Flex. carpi rad. (L),L_The_ED_FD_FCR D,7,200.15885623544705,208.15885623544705,232.51866560801682,,,none,30.0,70,3,monophasic
Modulated_autosave_20260717_162548_293ms,Flex. carpi rad. (L),L_The_ED_FD_FCR D,8,233.51866560801682,241.51866560801682,265.8784749796487,,,none,30.0,70,3,monophasic
Modulated_autosave_20260717_162548_293ms,Flex. carpi rad. (L),L_The_ED_FD_FCR D,9,266.8784749796487,274.8784749796487,299.23828435224686,,,none,30.0,70,3,monophasic
Modulated_autosave_20260717_162548_293ms,Flex. carpi rad. (L),L_The_ED_FD_FCR D,10,300.23828435224686,308.23828435224686,332.59809372481664,,,none,30.0,70,3,monophasic
Modulated_autosave_20260717_162548_293ms,Flex. carpi rad. (L),L_The_ED_FD_FCR D,1,0.7942811753594015,8.794281175359401,32.35980937256977,,,none,30.0,75,3,monophasic
Modulated_autosave_20260717_162548_293ms,Flex. carpi rad. (L),L_The_ED_FD_FCR D,2,33.35980937256977,41.35980937256977,65.71961874513954,,,none,30.0,75,3,monophasic
Modulated_autosave_20260717_162548_293ms,Flex. carpi rad. (L),L_The_ED_FD_FCR D,3,66.71961874513954,74.71961874513954,99.07942811770931,,,none,30.0,75,3,monophasic
Modulated_autosave_20260717_162548_293ms,Flex. carpi rad. (L),L_The_ED_FD_FCR D,4,100.07942811770931,108.07942811770931,132.4392374903075,,,none,30.0,75,3,monophasic
Modulated_autosave_20260717_162548_293ms,Flex. carpi rad. (L),L_The_ED_FD_FCR D,5,133.4392374903075,141.4392374903075,165.79904686287728,,,none,30.0,75,3,monophasic
Modulated_autosave_20260717_162548_293ms,Flex. carpi rad. (L),L_The_ED_FD_FCR D,6,166.79904686287728,174.79904686287728,199.15885623544705,,,none,30.0,75,3,monophasic
Modulated_autosave_20260717_162548_293ms,Flex. carpi rad. (L),L_The_ED_FD_FCR D,7,200.15885623544705,208.15885623544705,232.51866560801682,,,none,30.0,75,3,monophasic
Modulated_autosave_20260717_162548_293ms,Flex. carpi rad. (L),L_The_ED_FD_FCR D,8,233.51866560801682,241.51866560801682,265.8784749796487,,,none,30.0,75,3,monophasic
Modulated_autosave_20260717_162548_293ms,Flex. carpi rad. (L),L_The_ED_FD_FCR D,9,266.8784749796487,274.8784749796487,299.23828435224686,,,none,30.0,75,3,monophasic
Modulated_autosave_20260717_162548_293ms,Flex. carpi rad. (L),L_The_ED_FD_FCR D,10,300.23828435224686,308.23828435224686,332.59809372481664,,,none,30.0,75,3,monophasic
Modulated_autosave_20260717_162548_293ms,Flex. carpi rad. (L),L_The_ED_FD_FCR D,1,0.7942811753594015,8.794281175359401,32.35980937256977,,,none,30.0,80,3,monophasic
Modulated_autosave_20260717_162548_293ms,Flex. carpi rad. (L),L_The_ED_FD_FCR D,2,33.35980937256977,41.35980937256977,65.71961874513954,,,none,30.0,80,3,monophasic
Modulated_autosave_20260717_162548_293ms,Flex. carpi rad. (L),L_The_ED_FD_FCR D,3,66.71961874513954,74.71961874513954,99.07942811770931,,,none,30.0,80,3,monophasic
Modulated_autosave_20260717_162548_293ms,Flex. carpi rad. (L),L_The_ED_FD_FCR D,4,100.07942811770931,108.07942811770931,132.4392374903075,,,none,30.0,80,3,monophasic
Modulated_autosave_20260717_162548_293ms,Flex. carpi rad. (L),L_The_ED_FD_FCR D,5,133.4392374903075,141.4392374903075,165.79904686287728,,,none,30.0,80,3,monophasic
Modulated_autosave_20260717_162548_293ms,Flex. carpi rad. (L),L_The_ED_FD_FCR D,6,166.79904686287728,174.79904686287728,199.15885623544705,,,none,30.0,80,3,monophasic
Modulated_autosave_20260717_162548_293ms,Flex. carpi rad. (L),L_The_ED_FD_FCR D,7,200.15885623544705,208.15885623544705,232.51866560801682,,,none,30.0,80,3,monophasic
Modulated_autosave_20260717_162548_293ms,Flex. carpi rad. (L),L_The_ED_FD_FCR D,8,233.51866560801682,241.51866560801682,265.8784749796487,,,none,30.0,80,3,monophasic
Modulated_autosave_20260717_162548_293ms,Flex. carpi rad. (L),L_The_ED_FD_FCR D,9,266.8784749796487,274.8784749796487,299.23828435224686,,,none,30.0,80,3,monophasic
Modulated_autosave_20260717_162548_293ms,Flex. carpi rad. (L),L_The_ED_FD_FCR D,10,300.23828435224686,308.23828435224686,332.59809372481664,,,none,30.0,80,3,monophasic
Modulated_autosave_20260717_162548_293ms,Flex. carpi rad. (L),L_The_ED_FD_FCR D,1,0.7942811753594015,8.794281175359401,32.35980937256977,,,none,30.0,85,3,monophasic
Modulated_autosave_20260717_162548_293ms,Flex. carpi rad. (L),L_The_ED_FD_FCR D,2,33.35980937256977,41.35980937256977,65.71961874513954,,,none,30.0,85,3,monophasic
Modulated_autosave_20260717_162548_293ms,Flex. carpi rad. (L),L_The_ED_FD_FCR D,3,66.71961874513954,74.71961874513954,99.07942811770931,,,none,30.0,85,3,monophasic
Modulated_autosave_20260717_162548_293ms,Flex. carpi rad. (L),L_The_ED_FD_FCR D,4,100.07942811770931,108.07942811770931,132.4392374903075,,,none,30.0,85,3,monophasic
Modulated_autosave_20260717_162548_293ms,Flex. carpi rad. (L),L_The_ED_FD_FCR D,5,133.4392374903075,141.4392374903075,165.79904686287728,,,none,30.0,85,3,monophasic
Modulated_autosave_20260717_162548_293ms,Flex. carpi rad. (L),L_The_ED_FD_FCR D,6,166.79904686287728,174.79904686287728,199.15885623544705,,,none,30.0,85,3,monophasic
Modulated_autosave_20260717_162548_293ms,Flex. carpi rad. (L),L_The_ED_FD_FCR D,7,200.15885623544705,208.15885623544705,232.51866560801682,,,none,30.0,85,3,monophasic
Modulated_autosave_20260717_162548_293ms,Flex. carpi rad. (L),L_The_ED_FD_FCR D,8,233.51866560801682,241.51866560801682,265.8784749796487,,,none,30.0,85,3,monophasic
Modulated_autosave_20260717_162548_293ms,Flex. carpi rad. (L),L_The_ED_FD_FCR D,9,266.8784749796487,274.8784749796487,299.23828435224686,,,none,30.0,85,3,monophasic
Modulated_autosave_20260717_162548_293ms,Flex. carpi rad. (L),L_The_ED_FD_FCR D,10,300.23828435224686,308.23828435224686,332.59809372481664,,,none,30.0,85,3,monophasic
Modulated_autosave_20260717_162548_293ms,Flex. carpi rad. (L),L_The_ED_FD_FCR D,1,0.7942811753594015,8.794281175359401,32.35980937256977,,,none,30.0,90,3,monophasic
Modulated_autosave_20260717_162548_293ms,Flex. carpi rad. (L),L_The_ED_FD_FCR D,2,33.35980937256977,41.35980937256977,65.71961874513954,,,none,30.0,90,3,monophasic
Modulated_autosave_20260717_162548_293ms,Flex. carpi rad. (L),L_The_ED_FD_FCR D,3,66.71961874513954,74.71961874513954,99.07942811770931,,,none,30.0,90,3,monophasic
Modulated_autosave_20260717_162548_293ms,Flex. carpi rad. (L),L_The_ED_FD_FCR D,4,100.07942811770931,108.07942811770931,132.4392374903075,,,none,30.0,90,3,monophasic
Modulated_autosave_20260717_162548_293ms,Flex. carpi rad. (L),L_The_ED_FD_FCR D,5,133.4392374903075,141.4392374903075,165.79904686287728,,,none,30.0,90,3,monophasic
Modulated_autosave_20260717_162548_293ms,Flex. carpi rad. (L),L_The_ED_FD_FCR D,6,166.79904686287728,174.79904686287728,199.15885623544705,,,none,30.0,90,3,monophasic
Modulated_autosave_20260717_162548_293ms,Flex. carpi rad. (L),L_The_ED_FD_FCR D,7,200.15885623544705,208.15885623544705,232.51866560801682,,,none,30.0,90,3,monophasic
Modulated_autosave_20260717_162548_293ms,Flex. carpi rad. (L),L_The_ED_FD_FCR D,8,233.51866560801682,241.51866560801682,265.8784749796487,,,none,30.0,90,3,monophasic
Modulated_autosave_20260717_162548_293ms,Flex. carpi rad. (L),L_The_ED_FD_FCR D,9,266.8784749796487,274.8784749796487,299.23828435224686,,,none,30.0,90,3,monophasic
Modulated_autosave_20260717_162548_293ms,Flex. carpi rad. (L),L_The_ED_FD_FCR D,10,300.23828435224686,308.23828435224686,332.59809372481664,,,none,30.0,90,3,monophasic
Modulated_autosave_20260717_162548_293ms,Flex. carpi rad. (L),L_The_ED_FD_FCR D,1,0.7942811753594015,8.794281175359401,32.35980937256977,,,none,30.0,95,3,monophasic
Modulated_autosave_20260717_162548_293ms,Flex. carpi rad. (L),L_The_ED_FD_FCR D,2,33.35980937256977,41.35980937256977,65.71961874513954,,,none,30.0,95,3,monophasic
Modulated_autosave_20260717_162548_293ms,Flex. carpi rad. (L),L_The_ED_FD_FCR D,3,66.71961874513954,74.71961874513954,99.07942811770931,,,none,30.0,95,3,monophasic
Modulated_autosave_20260717_162548_293ms,Flex. carpi rad. (L),L_The_ED_FD_FCR D,4,100.07942811770931,108.07942811770931,132.4392374903075,,,none,30.0,95,3,monophasic
Modulated_autosave_20260717_162548_293ms,Flex. carpi rad. (L),L_The_ED_FD_FCR D,5,133.4392374903075,141.4392374903075,165.79904686287728,,,none,30.0,95,3,monophasic
Modulated_autosave_20260717_162548_293ms,Flex. carpi rad. (L),L_The_ED_FD_FCR D,6,166.79904686287728,174.79904686287728,199.15885623544705,,,none,30.0,95,3,monophasic
Modulated_autosave_20260717_162548_293ms,Flex. carpi rad. (L),L_The_ED_FD_FCR D,7,200.15885623544705,208.15885623544705,232.51866560801682,,,none,30.0,95,3,monophasic
Modulated_autosave_20260717_162548_293ms,Flex. carpi rad. (L),L_The_ED_FD_FCR D,8,233.51866560801682,241.51866560801682,265.8784749796487,,,none,30.0,95,3,monophasic
Modulated_autosave_20260717_162548_293ms,Flex. carpi rad. (L),L_The_ED_FD_FCR D,9,266.8784749796487,274.8784749796487,299.23828435224686,,,none,30.0,95,3,monophasic
Modulated_autosave_20260717_162548_293ms,Flex. carpi rad. (L),L_The_ED_FD_FCR D,10,300.23828435224686,308.23828435224686,332.59809372481664,,,none,30.0,95,3,monophasic
Modulated_autosave_20260717_162548_293ms,Flex. carpi rad. (L),L_The_ED_FD_FCR D,1,0.7942811753594015,8.794281175359401,32.35980937256977,,,none,30.0,100,3,monophasic
Modulated_autosave_20260717_162548_293ms,Flex. carpi rad. (L),L_The_ED_FD_FCR D,2,33.35980937256977,41.35980937256977,65.71961874513954,,,none,30.0,100,3,monophasic
Modulated_autosave_20260717_162548_293ms,Flex. carpi rad. (L),L_The_ED_FD_FCR D,3,66.71961874513954,74.71961874513954,99.07942811770931,,,none,30.0,100,3,monophasic
Modulated_autosave_20260717_162548_293ms,Flex. carpi rad. (L),L_The_ED_FD_FCR D,4,100.07942811770931,108.07942811770931,132.4392374903075,,,none,30.0,100,3,monophasic
Modulated_autosave_20260717_162548_293ms,Flex. carpi rad. (L),L_The_ED_FD_FCR D,5,133.4392374903075,141.4392374903075,165.79904686287728,,,none,30.0,100,3,monophasic
Modulated_autosave_20260717_162548_293ms,Flex. carpi rad. (L),L_The_ED_FD_FCR D,6,166.79904686287728,174.79904686287728,199.15885623544705,,,none,30.0,100,3,monophasic
Modulated_autosave_20260717_162548_293ms,Flex. carpi rad. (L),L_The_ED_FD_FCR D,7,200.15885623544705,208.15885623544705,232.51866560801682,,,none,30.0,100,3,monophasic
Modulated_autosave_20260717_162548_293ms,Flex. carpi rad. (L),L_The_ED_FD_FCR D,8,233.51866560801682,241.51866560801682,265.8784749796487,,,none,30.0,100,3,monophasic
Modulated_autosave_20260717_162548_293ms,Flex. carpi rad. (L),L_The_ED_FD_FCR D,9,266.8784749796487,274.8784749796487,299.23828435224686,,,none,30.0,100,3,monophasic
Modulated_autosave_20260717_162548_293ms,Flex. carpi rad. (L),L_The_ED_FD_FCR D,10,300.23828435224686,308.23828435224686,332.59809372481664,,,none,30.0,100,3,monophasic
Modulated_autosave_20260717_162548_293ms,Flex. carpi rad. (L),L_The_ED_FD_FCR D,1,0.7942811753594015,8.794281175359401,32.35980937256977,,,none,30.0,105,3,monophasic
Modulated_autosave_20260717_162548_293ms,Flex. carpi rad. (L),L_The_ED_FD_FCR D,2,33.35980937256977,41.35980937256977,65.71961874513954,,,none,30.0,105,3,monophasic
Modulated_autosave_20260717_162548_293ms,Flex. carpi rad. (L),L_The_ED_FD_FCR D,3,66.71961874513954,74.71961874513954,99.07942811770931,,,none,30.0,105,3,monophasic
Modulated_autosave_20260717_162548_293ms,Flex. carpi rad. (L),L_The_ED_FD_FCR D,4,100.07942811770931,108.07942811770931,132.4392374903075,,,none,30.0,105,3,monophasic
Modulated_autosave_20260717_162548_293ms,Flex. carpi rad. (L),L_The_ED_FD_FCR D,5,133.4392374903075,141.4392374903075,165.79904686287728,,,none,30.0,105,3,monophasic
Modulated_autosave_20260717_162548_293ms,Flex. carpi rad. (L),L_The_ED_FD_FCR D,6,166.79904686287728,174.79904686287728,199.15885623544705,,,none,30.0,105,3,monophasic
Modulated_autosave_20260717_162548_293ms,Flex. carpi rad. (L),L_The_ED_FD_FCR D,7,200.15885623544705,208.15885623544705,232.51866560801682,,,none,30.0,105,3,monophasic
Modulated_autosave_20260717_162548_293ms,Flex. carpi rad. (L),L_The_ED_FD_FCR D,8,233.51866560801682,241.51866560801682,265.8784749796487,,,none,30.0,105,3,monophasic
Modulated_autosave_20260717_162548_293ms,Flex. carpi rad. (L),L_The_ED_FD_FCR D,9,266.8784749796487,274.8784749796487,299.23828435224686,,,none,30.0,105,3,monophasic
Modulated_autosave_20260717_162548_293ms,Flex. carpi rad. (L),L_The_ED_FD_FCR D,10,300.23828435224686,308.23828435224686,332.59809372481664,,,none,30.0,105,3,monophasic
Modulated_autosave_20260717_162548_293ms,Flex. carpi rad. (L),L_The_ED_FD_FCR D,1,0.7942811753594015,8.794281175359401,32.35980937256977,,,none,30.0,110,3,monophasic
Modulated_autosave_20260717_162548_293ms,Flex. carpi rad. (L),L_The_ED_FD_FCR D,2,33.35980937256977,41.35980937256977,65.71961874513954,,,none,30.0,110,3,monophasic
Modulated_autosave_20260717_162548_293ms,Flex. carpi rad. (L),L_The_ED_FD_FCR D,3,66.71961874513954,74.71961874513954,99.07942811770931,,,none,30.0,110,3,monophasic
Modulated_autosave_20260717_162548_293ms,Flex. carpi rad. (L),L_The_ED_FD_FCR D,4,100.07942811770931,108.07942811770931,132.4392374903075,,,none,30.0,110,3,monophasic
Modulated_autosave_20260717_162548_293ms,Flex. carpi rad. (L),L_The_ED_FD_FCR D,5,133.4392374903075,141.4392374903075,165.79904686287728,,,none,30.0,110,3,monophasic
Modulated_autosave_20260717_162548_293ms,Flex. carpi rad. (L),L_The_ED_FD_FCR D,6,166.79904686287728,174.79904686287728,199.15885623544705,,,none,30.0,110,3,monophasic
Modulated_autosave_20260717_162548_293ms,Flex. carpi rad. (L),L_The_ED_FD_FCR D,7,200.15885623544705,208.15885623544705,232.51866560801682,,,none,30.0,110,3,monophasic
Modulated_autosave_20260717_162548_293ms,Flex. carpi rad. (L),L_The_ED_FD_FCR D,8,233.51866560801682,241.51866560801682,265.8784749796487,,,none,30.0,110,3,monophasic
Modulated_autosave_20260717_162548_293ms,Flex. carpi rad. (L),L_The_ED_FD_FCR D,9,266.8784749796487,274.8784749796487,299.23828435224686,,,none,30.0,110,3,monophasic
Modulated_autosave_20260717_162548_293ms,Flex. carpi rad. (L),L_The_ED_FD_FCR D,10,300.23828435224686,308.23828435224686,332.59809372481664,,,none,30.0,110,3,monophasic
Modulated_autosave_20260717_162548_293ms,Flex. carpi rad. (L),L_The_ED_FD_FCR D,1,0.7942811753594015,8.794281175359401,32.35980937256977,,,none,30.0,115,3,monophasic
Modulated_autosave_20260717_162548_293ms,Flex. carpi rad. (L),L_The_ED_FD_FCR D,2,33.35980937256977,41.35980937256977,65.71961874513954,,,none,30.0,115,3,monophasic
Modulated_autosave_20260717_162548_293ms,Flex. carpi rad. (L),L_The_ED_FD_FCR D,3,66.71961874513954,74.71961874513954,99.07942811770931,,,none,30.0,115,3,monophasic
Modulated_autosave_20260717_162548_293ms,Flex. carpi rad. (L),L_The_ED_FD_FCR D,4,100.07942811770931,108.07942811770931,132.4392374903075,,,none,30.0,115,3,monophasic
Modulated_autosave_20260717_162548_293ms,Flex. carpi rad. (L),L_The_ED_FD_FCR D,5,133.4392374903075,141.4392374903075,165.79904686287728,,,none,30.0,115,3,monophasic
Modulated_autosave_20260717_162548_293ms,Flex. carpi rad. (L),L_The_ED_FD_FCR D,6,166.79904686287728,174.79904686287728,199.15885623544705,,,none,30.0,115,3,monophasic
Modulated_autosave_20260717_162548_293ms,Flex. carpi rad. (L),L_The_ED_FD_FCR D,7,200.15885623544705,208.15885623544705,232.51866560801682,,,none,30.0,115,3,monophasic
Modulated_autosave_20260717_162548_293ms,Flex. carpi rad. (L),L_The_ED_FD_FCR D,8,233.51866560801682,241.51866560801682,265.8784749796487,,,none,30.0,115,3,monophasic
Modulated_autosave_20260717_162548_293ms,Flex. carpi rad. (L),L_The_ED_FD_FCR D,9,266.8784749796487,274.8784749796487,299.23828435224686,,,none,30.0,115,3,monophasic
Modulated_autosave_20260717_162548_293ms,Flex. carpi rad. (L),L_The_ED_FD_FCR D,10,300.23828435224686,308.23828435224686,332.59809372481664,,,none,30.0,115,3,monophasic
Modulated_autosave_20260717_162548_293ms,Flex. carpi rad. (L),L_The_ED_FD_FCR D,1,0.7942811753594015,8.794281175359401,32.35980937256977,,,none,30.0,120,3,monophasic
Modulated_autosave_20260717_162548_293ms,Flex. carpi rad. (L),L_The_ED_FD_FCR D,2,33.35980937256977,41.35980937256977,65.71961874513954,,,none,30.0,120,3,monophasic
Modulated_autosave_20260717_162548_293ms,Flex. carpi rad. (L),L_The_ED_FD_FCR D,3,66.71961874513954,74.71961874513954,99.07942811770931,,,none,30.0,120,3,monophasic
Modulated_autosave_20260717_162548_293ms,Flex. carpi rad. (L),L_The_ED_FD_FCR D,4,100.07942811770931,108.07942811770931,132.4392374903075,,,none,30.0,120,3,monophasic
Modulated_autosave_20260717_162548_293ms,Flex. carpi rad. (L),L_The_ED_FD_FCR D,5,133.4392374903075,141.4392374903075,165.79904686287728,,,none,30.0,120,3,monophasic
Modulated_autosave_20260717_162548_293ms,Flex. carpi rad. (L),L_The_ED_FD_FCR D,6,166.79904686287728,174.79904686287728,199.15885623544705,,,none,30.0,120,3,monophasic
Modulated_autosave_20260717_162548_293ms,Flex. carpi rad. (L),L_The_ED_FD_FCR D,7,200.15885623544705,208.15885623544705,232.51866560801682,,,none,30.0,120,3,monophasic
Modulated_autosave_20260717_162548_293ms,Flex. carpi rad. (L),L_The_ED_FD_FCR D,8,233.51866560801682,241.51866560801682,265.8784749796487,,,none,30.0,120,3,monophasic
Modulated_autosave_20260717_162548_293ms,Flex. carpi rad. (L),L_The_ED_FD_FCR D,9,266.8784749796487,274.8784749796487,299.23828435224686,,,none,30.0,120,3,monophasic
Modulated_autosave_20260717_162548_293ms,Flex. carpi rad. (L),L_The_ED_FD_FCR D,10,300.23828435224686,308.23828435224686,332.59809372481664,,,none,30.0,120,3,monophasic
Modulated_autosave_20260717_162548_293ms,Deltoid med. (R),R_DELmed,1,0.7942811753594015,8.794281175359401,32.35980937256977,,,none,30.0,25,3,monophasic
Modulated_autosave_20260717_162548_293ms,Deltoid med. (R),R_DELmed,2,33.35980937256977,41.35980937256977,65.71961874513954,,,none,30.0,25,3,monophasic
Modulated_autosave_20260717_162548_293ms,Deltoid med. (R),R_DELmed,3,66.71961874513954,74.71961874513954,99.07942811770931,,,none,30.0,25,3,monophasic
Modulated_autosave_20260717_162548_293ms,Deltoid med. (R),R_DELmed,4,100.07942811770931,108.07942811770931,132.4392374903075,,,none,30.0,25,3,monophasic
Modulated_autosave_20260717_162548_293ms,Deltoid med. (R),R_DELmed,5,133.4392374903075,141.4392374903075,165.79904686287728,,,none,30.0,25,3,monophasic
Modulated_autosave_20260717_162548_293ms,Deltoid med. (R),R_DELmed,6,166.79904686287728,174.79904686287728,199.15885623544705,,,none,30.0,25,3,monophasic
Modulated_autosave_20260717_162548_293ms,Deltoid med. (R),R_DELmed,7,200.15885623544705,208.15885623544705,232.51866560801682,,,none,30.0,25,3,monophasic
Modulated_autosave_20260717_162548_293ms,Deltoid med. (R),R_DELmed,8,233.51866560801682,241.51866560801682,265.8784749796487,,,none,30.0,25,3,monophasic
Modulated_autosave_20260717_162548_293ms,Deltoid med. (R),R_DELmed,9,266.8784749796487,274.8784749796487,299.23828435224686,,,none,30.0,25,3,monophasic
Modulated_autosave_20260717_162548_293ms,Deltoid med. (R),R_DELmed,10,300.23828435224686,308.23828435224686,332.59809372481664,,,none,30.0,25,3,monophasic
Modulated_autosave_20260717_162548_293ms,Deltoid med. (R),R_DELmed,1,0.7942811753594015,8.794281175359401,32.35980937256977,,,none,30.0,30,3,monophasic
Modulated_autosave_20260717_162548_293ms,Deltoid med. (R),R_DELmed,2,33.35980937256977,41.35980937256977,65.71961874513954,,,none,30.0,30,3,monophasic
Modulated_autosave_20260717_162548_293ms,Deltoid med. (R),R_DELmed,3,66.71961874513954,74.71961874513954,99.07942811770931,,,none,30.0,30,3,monophasic
Modulated_autosave_20260717_162548_293ms,Deltoid med. (R),R_DELmed,4,100.07942811770931,108.07942811770931,132.4392374903075,,,none,30.0,30,3,monophasic
Modulated_autosave_20260717_162548_293ms,Deltoid med. (R),R_DELmed,5,133.4392374903075,141.4392374903075,165.79904686287728,,,none,30.0,30,3,monophasic
Modulated_autosave_20260717_162548_293ms,Deltoid med. (R),R_DELmed,6,166.79904686287728,174.79904686287728,199.15885623544705,,,none,30.0,30,3,monophasic
Modulated_autosave_20260717_162548_293ms,Deltoid med. (R),R_DELmed,7,200.15885623544705,208.15885623544705,232.51866560801682,,,none,30.0,30,3,monophasic
Modulated_autosave_20260717_162548_293ms,Deltoid med. (R),R_DELmed,8,233.51866560801682,241.51866560801682,265.8784749796487,,,none,30.0,30,3,monophasic
Modulated_autosave_20260717_162548_293ms,Deltoid med. (R),R_DELmed,9,266.8784749796487,274.8784749796487,299.23828435224686,,,none,30.0,30,3,monophasic
Modulated_autosave_20260717_162548_293ms,Deltoid med. (R),R_DELmed,10,300.23828435224686,308.23828435224686,332.59809372481664,,,none,30.0,30,3,monophasic
Modulated_autosave_20260717_162548_293ms,Deltoid med. (R),R_DELmed,1,0.7942811753594015,8.794281175359401,32.35980937256977,,,none,30.0,35,3,monophasic
Modulated_autosave_20260717_162548_293ms,Deltoid med. (R),R_DELmed,2,33.35980937256977,41.35980937256977,65.71961874513954,,,none,30.0,35,3,monophasic
Modulated_autosave_20260717_162548_293ms,Deltoid med. (R),R_DELmed,3,66.71961874513954,74.71961874513954,99.07942811770931,,,none,30.0,35,3,monophasic
Modulated_autosave_20260717_162548_293ms,Deltoid med. (R),R_DELmed,4,100.07942811770931,108.07942811770931,132.4392374903075,,,none,30.0,35,3,monophasic
Modulated_autosave_20260717_162548_293ms,Deltoid med. (R),R_DELmed,5,133.4392374903075,141.4392374903075,165.79904686287728,,,none,30.0,35,3,monophasic
Modulated_autosave_20260717_162548_293ms,Deltoid med. (R),R_DELmed,6,166.79904686287728,174.79904686287728,199.15885623544705,,,none,30.0,35,3,monophasic
Modulated_autosave_20260717_162548_293ms,Deltoid med. (R),R_DELmed,7,200.15885623544705,208.15885623544705,232.51866560801682,,,none,30.0,35,3,monophasic
Modulated_autosave_20260717_162548_293ms,Deltoid med. (R),R_DELmed,8,233.51866560801682,241.51866560801682,265.8784749796487,,,none,30.0,35,3,monophasic
Modulated_autosave_20260717_162548_293ms,Deltoid med. (R),R_DELmed,9,266.8784749796487,274.8784749796487,299.23828435224686,,,none,30.0,35,3,monophasic
Modulated_autosave_20260717_162548_293ms,Deltoid med. (R),R_DELmed,10,300.23828435224686,308.23828435224686,332.59809372481664,,,none,30.0,35,3,monophasic
Modulated_autosave_20260717_162548_293ms,Deltoid med. (R),R_DELmed,1,0.7942811753594015,8.794281175359401,32.35980937256977,,,none,30.0,40,3,monophasic
Modulated_autosave_20260717_162548_293ms,Deltoid med. (R),R_DELmed,2,33.35980937256977,41.35980937256977,65.71961874513954,,,none,30.0,40,3,monophasic
Modulated_autosave_20260717_162548_293ms,Deltoid med. (R),R_DELmed,3,66.71961874513954,74.71961874513954,99.07942811770931,,,none,30.0,40,3,monophasic
Modulated_autosave_20260717_162548_293ms,Deltoid med. (R),R_DELmed,4,100.07942811770931,108.07942811770931,132.4392374903075,,,none,30.0,40,3,monophasic
Modulated_autosave_20260717_162548_293ms,Deltoid med. (R),R_DELmed,5,133.4392374903075,141.4392374903075,165.79904686287728,,,none,30.0,40,3,monophasic
Modulated_autosave_20260717_162548_293ms,Deltoid med. (R),R_DELmed,6,166.79904686287728,174.79904686287728,199.15885623544705,,,none,30.0,40,3,monophasic
Modulated_autosave_20260717_162548_293ms,Deltoid med. (R),R_DELmed,7,200.15885623544705,208.15885623544705,232.51866560801682,,,none,30.0,40,3,monophasic
Modulated_autosave_20260717_162548_293ms,Deltoid med. (R),R_DELmed,8,233.51866560801682,241.51866560801682,265.8784749796487,,,none,30.0,40,3,monophasic
Modulated_autosave_20260717_162548_293ms,Deltoid med. (R),R_DELmed,9,266.8784749796487,274.8784749796487,299.23828435224686,,,none,30.0,40,3,monophasic
Modulated_autosave_20260717_162548_293ms,Deltoid med. (R),R_DELmed,10,300.23828435224686,308.23828435224686,332.59809372481664,,,none,30.0,40,3,monophasic
Modulated_autosave_20260717_162548_293ms,Deltoid med. (R),R_DELmed,1,0.7942811753594015,8.794281175359401,32.35980937256977,,,none,30.0,45,3,monophasic
Modulated_autosave_20260717_162548_293ms,Deltoid med. (R),R_DELmed,2,33.35980937256977,41.35980937256977,65.71961874513954,,,none,30.0,45,3,monophasic
Modulated_autosave_20260717_162548_293ms,Deltoid med. (R),R_DELmed,3,66.71961874513954,74.71961874513954,99.07942811770931,,,none,30.0,45,3,monophasic
Modulated_autosave_20260717_162548_293ms,Deltoid med. (R),R_DELmed,4,100.07942811770931,108.07942811770931,132.4392374903075,,,none,30.0,45,3,monophasic
Modulated_autosave_20260717_162548_293ms,Deltoid med. (R),R_DELmed,5,133.4392374903075,141.4392374903075,165.79904686287728,,,none,30.0,45,3,monophasic
Modulated_autosave_20260717_162548_293ms,Deltoid med. (R),R_DELmed,6,166.79904686287728,174.79904686287728,199.15885623544705,,,none,30.0,45,3,monophasic
Modulated_autosave_20260717_162548_293ms,Deltoid med. (R),R_DELmed,7,200.15885623544705,208.15885623544705,232.51866560801682,,,none,30.0,45,3,monophasic
Modulated_autosave_20260717_162548_293ms,Deltoid med. (R),R_DELmed,8,233.51866560801682,241.51866560801682,265.8784749796487,,,none,30.0,45,3,monophasic
Modulated_autosave_20260717_162548_293ms,Deltoid med. (R),R_DELmed,9,266.8784749796487,274.8784749796487,299.23828435224686,,,none,30.0,45,3,monophasic
Modulated_autosave_20260717_162548_293ms,Deltoid med. (R),R_DELmed,10,300.23828435224686,308.23828435224686,332.59809372481664,,,none,30.0,45,3,monophasic
Modulated_autosave_20260717_162548_293ms,Deltoid med. (R),R_DELmed,1,0.7942811753594015,8.794281175359401,32.35980937256977,,,none,30.0,50,3,monophasic
Modulated_autosave_20260717_162548_293ms,Deltoid med. (R),R_DELmed,2,33.35980937256977,41.35980937256977,65.71961874513954,,,none,30.0,50,3,monophasic
Modulated_autosave_20260717_162548_293ms,Deltoid med. (R),R_DELmed,3,66.71961874513954,74.71961874513954,99.07942811770931,,,none,30.0,50,3,monophasic
Modulated_autosave_20260717_162548_293ms,Deltoid med. (R),R_DELmed,4,100.07942811770931,108.07942811770931,132.4392374903075,,,none,30.0,50,3,monophasic
Modulated_autosave_20260717_162548_293ms,Deltoid med. (R),R_DELmed,5,133.4392374903075,141.4392374903075,165.79904686287728,,,none,30.0,50,3,monophasic
Modulated_autosave_20260717_162548_293ms,Deltoid med. (R),R_DELmed,6,166.79904686287728,174.79904686287728,199.15885623544705,,,none,30.0,50,3,monophasic
Modulated_autosave_20260717_162548_293ms,Deltoid med. (R),R_DELmed,7,200.15885623544705,208.15885623544705,232.51866560801682,,,none,30.0,50,3,monophasic
Modulated_autosave_20260717_162548_293ms,Deltoid med. (R),R_DELmed,8,233.51866560801682,241.51866560801682,265.8784749796487,,,none,30.0,50,3,monophasic
Modulated_autosave_20260717_162548_293ms,Deltoid med. (R),R_DELmed,9,266.8784749796487,274.8784749796487,299.23828435224686,,,none,30.0,50,3,monophasic
Modulated_autosave_20260717_162548_293ms,Deltoid med. (R),R_DELmed,10,300.23828435224686,308.23828435224686,332.59809372481664,,,none,30.0,50,3,monophasic
Modulated_autosave_20260717_162548_293ms,Deltoid med. (R),R_DELmed,1,0.7942811753594015,8.794281175359401,32.35980937256977,,,none,30.0,55,3,monophasic
Modulated_autosave_20260717_162548_293ms,Deltoid med. (R),R_DELmed,2,33.35980937256977,41.35980937256977,65.71961874513954,,,none,30.0,55,3,monophasic
Modulated_autosave_20260717_162548_293ms,Deltoid med. (R),R_DELmed,3,66.71961874513954,74.71961874513954,99.07942811770931,,,none,30.0,55,3,monophasic
Modulated_autosave_20260717_162548_293ms,Deltoid med. (R),R_DELmed,4,100.07942811770931,108.07942811770931,132.4392374903075,,,none,30.0,55,3,monophasic
Modulated_autosave_20260717_162548_293ms,Deltoid med. (R),R_DELmed,5,133.4392374903075,141.4392374903075,165.79904686287728,,,none,30.0,55,3,monophasic
Modulated_autosave_20260717_162548_293ms,Deltoid med. (R),R_DELmed,6,166.79904686287728,174.79904686287728,199.15885623544705,,,none,30.0,55,3,monophasic
Modulated_autosave_20260717_162548_293ms,Deltoid med. (R),R_DELmed,7,200.15885623544705,208.15885623544705,232.51866560801682,,,none,30.0,55,3,monophasic
Modulated_autosave_20260717_162548_293ms,Deltoid med. (R),R_DELmed,8,233.51866560801682,241.51866560801682,265.8784749796487,,,none,30.0,55,3,monophasic
Modulated_autosave_20260717_162548_293ms,Deltoid med. (R),R_DELmed,9,266.8784749796487,274.8784749796487,299.23828435224686,,,none,30.0,55,3,monophasic
Modulated_autosave_20260717_162548_293ms,Deltoid med. (R),R_DELmed,10,300.23828435224686,308.23828435224686,332.59809372481664,,,none,30.0,55,3,monophasic
Modulated_autosave_20260717_162548_293ms,Deltoid med. (R),R_DELmed,1,0.7942811753594015,8.794281175359401,32.35980937256977,,,none,30.0,60,3,monophasic
Modulated_autosave_20260717_162548_293ms,Deltoid med. (R),R_DELmed,2,33.35980937256977,41.35980937256977,65.71961874513954,,,none,30.0,60,3,monophasic
Modulated_autosave_20260717_162548_293ms,Deltoid med. (R),R_DELmed,3,66.71961874513954,74.71961874513954,99.07942811770931,,,none,30.0,60,3,monophasic
Modulated_autosave_20260717_162548_293ms,Deltoid med. (R),R_DELmed,4,100.07942811770931,108.07942811770931,132.4392374903075,,,none,30.0,60,3,monophasic
Modulated_autosave_20260717_162548_293ms,Deltoid med. (R),R_DELmed,5,133.4392374903075,141.4392374903075,165.79904686287728,,,none,30.0,60,3,monophasic
Modulated_autosave_20260717_162548_293ms,Deltoid med. (R),R_DELmed,6,166.79904686287728,174.79904686287728,199.15885623544705,,,none,30.0,60,3,monophasic
Modulated_autosave_20260717_162548_293ms,Deltoid med. (R),R_DELmed,7,200.15885623544705,208.15885623544705,232.51866560801682,,,none,30.0,60,3,monophasic
Modulated_autosave_20260717_162548_293ms,Deltoid med. (R),R_DELmed,8,233.51866560801682,241.51866560801682,265.8784749796487,,,none,30.0,60,3,monophasic
Modulated_autosave_20260717_162548_293ms,Deltoid med. (R),R_DELmed,9,266.8784749796487,274.8784749796487,299.23828435224686,,,none,30.0,60,3,monophasic
Modulated_autosave_20260717_162548_293ms,Deltoid med. (R),R_DELmed,10,300.23828435224686,308.23828435224686,332.59809372481664,,,none,30.0,60,3,monophasic
Modulated_autosave_20260717_162548_293ms,Deltoid med. (R),R_DELmed,1,0.7942811753594015,8.794281175359401,32.35980937256977,,,none,30.0,65,3,monophasic
Modulated_autosave_20260717_162548_293ms,Deltoid med. (R),R_DELmed,2,33.35980937256977,41.35980937256977,65.71961874513954,,,none,30.0,65,3,monophasic
Modulated_autosave_20260717_162548_293ms,Deltoid med. (R),R_DELmed,3,66.71961874513954,74.71961874513954,99.07942811770931,,,none,30.0,65,3,monophasic
Modulated_autosave_20260717_162548_293ms,Deltoid med. (R),R_DELmed,4,100.07942811770931,108.07942811770931,132.4392374903075,,,none,30.0,65,3,monophasic
Modulated_autosave_20260717_162548_293ms,Deltoid med. (R),R_DELmed,5,133.4392374903075,141.4392374903075,165.79904686287728,,,none,30.0,65,3,monophasic
Modulated_autosave_20260717_162548_293ms,Deltoid med. (R),R_DELmed,6,166.79904686287728,174.79904686287728,199.15885623544705,,,none,30.0,65,3,monophasic
Modulated_autosave_20260717_162548_293ms,Deltoid med. (R),R_DELmed,7,200.15885623544705,208.15885623544705,232.51866560801682,,,none,30.0,65,3,monophasic
Modulated_autosave_20260717_162548_293ms,Deltoid med. (R),R_DELmed,8,233.51866560801682,241.51866560801682,265.8784749796487,,,none,30.0,65,3,monophasic
Modulated_autosave_20260717_162548_293ms,Deltoid med. (R),R_DELmed,9,266.8784749796487,274.8784749796487,299.23828435224686,,,none,30.0,65,3,monophasic
Modulated_autosave_20260717_162548_293ms,Deltoid med. (R),R_DELmed,10,300.23828435224686,308.23828435224686,332.59809372481664,,,none,30.0,65,3,monophasic
Modulated_autosave_20260717_162548_293ms,Deltoid med. (R),R_DELmed,1,0.7942811753594015,8.794281175359401,32.35980937256977,,,none,30.0,70,3,monophasic
Modulated_autosave_20260717_162548_293ms,Deltoid med. (R),R_DELmed,2,33.35980937256977,41.35980937256977,65.71961874513954,,,none,30.0,70,3,monophasic
Modulated_autosave_20260717_162548_293ms,Deltoid med. (R),R_DELmed,3,66.71961874513954,74.71961874513954,99.07942811770931,,,none,30.0,70,3,monophasic
Modulated_autosave_20260717_162548_293ms,Deltoid med. (R),R_DELmed,4,100.07942811770931,108.07942811770931,132.4392374903075,,,none,30.0,70,3,monophasic
Modulated_autosave_20260717_162548_293ms,Deltoid med. (R),R_DELmed,5,133.4392374903075,141.4392374903075,165.79904686287728,,,none,30.0,70,3,monophasic
Modulated_autosave_20260717_162548_293ms,Deltoid med. (R),R_DELmed,6,166.79904686287728,174.79904686287728,199.15885623544705,,,none,30.0,70,3,monophasic
Modulated_autosave_20260717_162548_293ms,Deltoid med. (R),R_DELmed,7,200.15885623544705,208.15885623544705,232.51866560801682,,,none,30.0,70,3,monophasic
Modulated_autosave_20260717_162548_293ms,Deltoid med. (R),R_DELmed,8,233.51866560801682,241.51866560801682,265.8784749796487,,,none,30.0,70,3,monophasic
Modulated_autosave_20260717_162548_293ms,Deltoid med. (R),R_DELmed,9,266.8784749796487,274.8784749796487,299.23828435224686,,,none,30.0,70,3,monophasic
Modulated_autosave_20260717_162548_293ms,Deltoid med. (R),R_DELmed,10,300.23828435224686,308.23828435224686,332.59809372481664,,,none,30.0,70,3,monophasic
Modulated_autosave_20260717_162548_293ms,Deltoid med. (R),R_DELmed,1,0.7942811753594015,8.794281175359401,32.35980937256977,,,none,30.0,75,3,monophasic
Modulated_autosave_20260717_162548_293ms,Deltoid med. (R),R_DELmed,2,33.35980937256977,41.35980937256977,65.71961874513954,,,none,30.0,75,3,monophasic
Modulated_autosave_20260717_162548_293ms,Deltoid med. (R),R_DELmed,3,66.71961874513954,74.71961874513954,99.07942811770931,,,none,30.0,75,3,monophasic
Modulated_autosave_20260717_162548_293ms,Deltoid med. (R),R_DELmed,4,100.07942811770931,108.07942811770931,132.4392374903075,,,none,30.0,75,3,monophasic
Modulated_autosave_20260717_162548_293ms,Deltoid med. (R),R_DELmed,5,133.4392374903075,141.4392374903075,165.79904686287728,,,none,30.0,75,3,monophasic
Modulated_autosave_20260717_162548_293ms,Deltoid med. (R),R_DELmed,6,166.79904686287728,174.79904686287728,199.15885623544705,,,none,30.0,75,3,monophasic
Modulated_autosave_20260717_162548_293ms,Deltoid med. (R),R_DELmed,7,200.15885623544705,208.15885623544705,232.51866560801682,,,none,30.0,75,3,monophasic
Modulated_autosave_20260717_162548_293ms,Deltoid med. (R),R_DELmed,8,233.51866560801682,241.51866560801682,265.8784749796487,,,none,30.0,75,3,monophasic
Modulated_autosave_20260717_162548_293ms,Deltoid med. (R),R_DELmed,9,266.8784749796487,274.8784749796487,299.23828435224686,,,none,30.0,75,3,monophasic
Modulated_autosave_20260717_162548_293ms,Deltoid med. (R),R_DELmed,10,300.23828435224686,308.23828435224686,332.59809372481664,,,none,30.0,75,3,monophasic
Modulated_autosave_20260717_162548_293ms,Deltoid med. (R),R_DELmed,1,0.7942811753594015,8.794281175359401,32.35980937256977,,,none,30.0,80,3,monophasic
Modulated_autosave_20260717_162548_293ms,Deltoid med. (R),R_DELmed,2,33.35980937256977,41.35980937256977,65.71961874513954,,,none,30.0,80,3,monophasic
Modulated_autosave_20260717_162548_293ms,Deltoid med. (R),R_DELmed,3,66.71961874513954,74.71961874513954,99.07942811770931,,,none,30.0,80,3,monophasic
Modulated_autosave_20260717_162548_293ms,Deltoid med. (R),R_DELmed,4,100.07942811770931,108.07942811770931,132.4392374903075,,,none,30.0,80,3,monophasic
Modulated_autosave_20260717_162548_293ms,Deltoid med. (R),R_DELmed,5,133.4392374903075,141.4392374903075,165.79904686287728,,,none,30.0,80,3,monophasic
Modulated_autosave_20260717_162548_293ms,Deltoid med. (R),R_DELmed,6,166.79904686287728,174.79904686287728,199.15885623544705,,,none,30.0,80,3,monophasic
Modulated_autosave_20260717_162548_293ms,Deltoid med. (R),R_DELmed,7,200.15885623544705,208.15885623544705,232.51866560801682,,,none,30.0,80,3,monophasic
Modulated_autosave_20260717_162548_293ms,Deltoid med. (R),R_DELmed,8,233.51866560801682,241.51866560801682,265.8784749796487,,,none,30.0,80,3,monophasic
Modulated_autosave_20260717_162548_293ms,Deltoid med. (R),R_DELmed,9,266.8784749796487,274.8784749796487,299.23828435224686,,,none,30.0,80,3,monophasic
Modulated_autosave_20260717_162548_293ms,Deltoid med. (R),R_DELmed,10,300.23828435224686,308.23828435224686,332.59809372481664,,,none,30.0,80,3,monophasic
Modulated_autosave_20260717_162548_293ms,Deltoid med. (R),R_DELmed,1,0.7942811753594015,8.794281175359401,32.35980937256977,,,none,30.0,85,3,monophasic
Modulated_autosave_20260717_162548_293ms,Deltoid med. (R),R_DELmed,2,33.35980937256977,41.35980937256977,65.71961874513954,,,none,30.0,85,3,monophasic
Modulated_autosave_20260717_162548_293ms,Deltoid med. (R),R_DELmed,3,66.71961874513954,74.71961874513954,99.07942811770931,,,none,30.0,85,3,monophasic
Modulated_autosave_20260717_162548_293ms,Deltoid med. (R),R_DELmed,4,100.07942811770931,108.07942811770931,132.4392374903075,,,none,30.0,85,3,monophasic
Modulated_autosave_20260717_162548_293ms,Deltoid med. (R),R_DELmed,5,133.4392374903075,141.4392374903075,165.79904686287728,,,none,30.0,85,3,monophasic
Modulated_autosave_20260717_162548_293ms,Deltoid med. (R),R_DELmed,6,166.79904686287728,174.79904686287728,199.15885623544705,,,none,30.0,85,3,monophasic
Modulated_autosave_20260717_162548_293ms,Deltoid med. (R),R_DELmed,7,200.15885623544705,208.15885623544705,232.51866560801682,,,none,30.0,85,3,monophasic
Modulated_autosave_20260717_162548_293ms,Deltoid med. (R),R_DELmed,8,233.51866560801682,241.51866560801682,265.8784749796487,,,none,30.0,85,3,monophasic
Modulated_autosave_20260717_162548_293ms,Deltoid med. (R),R_DELmed,9,266.8784749796487,274.8784749796487,299.23828435224686,,,none,30.0,85,3,monophasic
Modulated_autosave_20260717_162548_293ms,Deltoid med. (R),R_DELmed,10,300.23828435224686,308.23828435224686,332.59809372481664,,,none,30.0,85,3,monophasic
Modulated_autosave_20260717_162548_293ms,Deltoid med. (R),R_DELmed,1,0.7942811753594015,8.794281175359401,32.35980937256977,,,none,30.0,90,3,monophasic
Modulated_autosave_20260717_162548_293ms,Deltoid med. (R),R_DELmed,2,33.35980937256977,41.35980937256977,65.71961874513954,,,none,30.0,90,3,monophasic
Modulated_autosave_20260717_162548_293ms,Deltoid med. (R),R_DELmed,3,66.71961874513954,74.71961874513954,99.07942811770931,,,none,30.0,90,3,monophasic
Modulated_autosave_20260717_162548_293ms,Deltoid med. (R),R_DELmed,4,100.07942811770931,108.07942811770931,132.4392374903075,,,none,30.0,90,3,monophasic
Modulated_autosave_20260717_162548_293ms,Deltoid med. (R),R_DELmed,5,133.4392374903075,141.4392374903075,165.79904686287728,,,none,30.0,90,3,monophasic
Modulated_autosave_20260717_162548_293ms,Deltoid med. (R),R_DELmed,6,166.79904686287728,174.79904686287728,199.15885623544705,,,none,30.0,90,3,monophasic
Modulated_autosave_20260717_162548_293ms,Deltoid med. (R),R_DELmed,7,200.15885623544705,208.15885623544705,232.51866560801682,,,none,30.0,90,3,monophasic
Modulated_autosave_20260717_162548_293ms,Deltoid med. (R),R_DELmed,8,233.51866560801682,241.51866560801682,265.8784749796487,,,none,30.0,90,3,monophasic
Modulated_autosave_20260717_162548_293ms,Deltoid med. (R),R_DELmed,9,266.8784749796487,274.8784749796487,299.23828435224686,,,none,30.0,90,3,monophasic
Modulated_autosave_20260717_162548_293ms,Deltoid med. (R),R_DELmed,10,300.23828435224686,308.23828435224686,332.59809372481664,,,none,30.0,90,3,monophasic
Modulated_autosave_20260717_162548_293ms,Deltoid med. (R),R_DELmed,1,0.7942811753594015,8.794281175359401,32.35980937256977,,,none,30.0,95,3,monophasic
Modulated_autosave_20260717_162548_293ms,Deltoid med. (R),R_DELmed,2,33.35980937256977,41.35980937256977,65.71961874513954,,,none,30.0,95,3,monophasic
Modulated_autosave_20260717_162548_293ms,Deltoid med. (R),R_DELmed,3,66.71961874513954,74.71961874513954,99.07942811770931,,,none,30.0,95,3,monophasic
Modulated_autosave_20260717_162548_293ms,Deltoid med. (R),R_DELmed,4,100.07942811770931,108.07942811770931,132.4392374903075,,,none,30.0,95,3,monophasic
Modulated_autosave_20260717_162548_293ms,Deltoid med. (R),R_DELmed,5,133.4392374903075,141.4392374903075,165.79904686287728,,,none,30.0,95,3,monophasic
Modulated_autosave_20260717_162548_293ms,Deltoid med. (R),R_DELmed,6,166.79904686287728,174.79904686287728,199.15885623544705,,,none,30.0,95,3,monophasic
Modulated_autosave_20260717_162548_293ms,Deltoid med. (R),R_DELmed,7,200.15885623544705,208.15885623544705,232.51866560801682,,,none,30.0,95,3,monophasic
Modulated_autosave_20260717_162548_293ms,Deltoid med. (R),R_DELmed,8,233.51866560801682,241.51866560801682,265.8784749796487,,,none,30.0,95,3,monophasic
Modulated_autosave_20260717_162548_293ms,Deltoid med. (R),R_DELmed,9,266.8784749796487,274.8784749796487,299.23828435224686,,,none,30.0,95,3,monophasic
Modulated_autosave_20260717_162548_293ms,Deltoid med. (R),R_DELmed,10,300.23828435224686,308.23828435224686,332.59809372481664,,,none,30.0,95,3,monophasic
Modulated_autosave_20260717_162548_293ms,Deltoid med. (R),R_DELmed,1,0.7942811753594015,8.794281175359401,32.35980937256977,,,none,30.0,100,3,monophasic
Modulated_autosave_20260717_162548_293ms,Deltoid med. (R),R_DELmed,2,33.35980937256977,41.35980937256977,65.71961874513954,,,none,30.0,100,3,monophasic
Modulated_autosave_20260717_162548_293ms,Deltoid med. (R),R_DELmed,3,66.71961874513954,74.71961874513954,99.07942811770931,,,none,30.0,100,3,monophasic
Modulated_autosave_20260717_162548_293ms,Deltoid med. (R),R_DELmed,4,100.07942811770931,108.07942811770931,132.4392374903075,,,none,30.0,100,3,monophasic
Modulated_autosave_20260717_162548_293ms,Deltoid med. (R),R_DELmed,5,133.4392374903075,141.4392374903075,165.79904686287728,,,none,30.0,100,3,monophasic
Modulated_autosave_20260717_162548_293ms,Deltoid med. (R),R_DELmed,6,166.79904686287728,174.79904686287728,199.15885623544705,,,none,30.0,100,3,monophasic
Modulated_autosave_20260717_162548_293ms,Deltoid med. (R),R_DELmed,7,200.15885623544705,208.15885623544705,232.51866560801682,,,none,30.0,100,3,monophasic
Modulated_autosave_20260717_162548_293ms,Deltoid med. (R),R_DELmed,8,233.51866560801682,241.51866560801682,265.8784749796487,,,none,30.0,100,3,monophasic
Modulated_autosave_20260717_162548_293ms,Deltoid med. (R),R_DELmed,9,266.8784749796487,274.8784749796487,299.23828435224686,,,none,30.0,100,3,monophasic
Modulated_autosave_20260717_162548_293ms,Deltoid med. (R),R_DELmed,10,300.23828435224686,308.23828435224686,332.59809372481664,,,none,30.0,100,3,monophasic
Modulated_autosave_20260717_162548_293ms,Deltoid med. (R),R_DELmed,1,0.7942811753594015,8.794281175359401,32.35980937256977,,,none,30.0,105,3,monophasic
Modulated_autosave_20260717_162548_293ms,Deltoid med. (R),R_DELmed,2,33.35980937256977,41.35980937256977,65.71961874513954,,,none,30.0,105,3,monophasic
Modulated_autosave_20260717_162548_293ms,Deltoid med. (R),R_DELmed,3,66.71961874513954,74.71961874513954,99.07942811770931,,,none,30.0,105,3,monophasic
Modulated_autosave_20260717_162548_293ms,Deltoid med. (R),R_DELmed,4,100.07942811770931,108.07942811770931,132.4392374903075,,,none,30.0,105,3,monophasic
Modulated_autosave_20260717_162548_293ms,Deltoid med. (R),R_DELmed,5,133.4392374903075,141.4392374903075,165.79904686287728,,,none,30.0,105,3,monophasic
Modulated_autosave_20260717_162548_293ms,Deltoid med. (R),R_DELmed,6,166.79904686287728,174.79904686287728,199.15885623544705,,,none,30.0,105,3,monophasic
Modulated_autosave_20260717_162548_293ms,Deltoid med. (R),R_DELmed,7,200.15885623544705,208.15885623544705,232.51866560801682,,,none,30.0,105,3,monophasic
Modulated_autosave_20260717_162548_293ms,Deltoid med. (R),R_DELmed,8,233.51866560801682,241.51866560801682,265.8784749796487,,,none,30.0,105,3,monophasic
Modulated_autosave_20260717_162548_293ms,Deltoid med. (R),R_DELmed,9,266.8784749796487,274.8784749796487,299.23828435224686,,,none,30.0,105,3,monophasic
Modulated_autosave_20260717_162548_293ms,Deltoid med. (R),R_DELmed,10,300.23828435224686,308.23828435224686,332.59809372481664,,,none,30.0,105,3,monophasic
Modulated_autosave_20260717_162548_293ms,Deltoid med. (R),R_DELmed,1,0.7942811753594015,8.794281175359401,32.35980937256977,,,none,30.0,110,3,monophasic
Modulated_autosave_20260717_162548_293ms,Deltoid med. (R),R_DELmed,2,33.35980937256977,41.35980937256977,65.71961874513954,,,none,30.0,110,3,monophasic
Modulated_autosave_20260717_162548_293ms,Deltoid med. (R),R_DELmed,3,66.71961874513954,74.71961874513954,99.07942811770931,,,none,30.0,110,3,monophasic
Modulated_autosave_20260717_162548_293ms,Deltoid med. (R),R_DELmed,4,100.07942811770931,108.07942811770931,132.4392374903075,,,none,30.0,110,3,monophasic
Modulated_autosave_20260717_162548_293ms,Deltoid med. (R),R_DELmed,5,133.4392374903075,141.4392374903075,165.79904686287728,,,none,30.0,110,3,monophasic
Modulated_autosave_20260717_162548_293ms,Deltoid med. (R),R_DELmed,6,166.79904686287728,174.79904686287728,199.15885623544705,,,none,30.0,110,3,monophasic
Modulated_autosave_20260717_162548_293ms,Deltoid med. (R),R_DELmed,7,200.15885623544705,208.15885623544705,232.51866560801682,,,none,30.0,110,3,monophasic
Modulated_autosave_20260717_162548_293ms,Deltoid med. (R),R_DELmed,8,233.51866560801682,241.51866560801682,265.8784749796487,,,none,30.0,110,3,monophasic
Modulated_autosave_20260717_162548_293ms,Deltoid med. (R),R_DELmed,9,266.8784749796487,274.8784749796487,299.23828435224686,,,none,30.0,110,3,monophasic
Modulated_autosave_20260717_162548_293ms,Deltoid med. (R),R_DELmed,10,300.23828435224686,308.23828435224686,332.59809372481664,,,none,30.0,110,3,monophasic
Modulated_autosave_20260717_162548_293ms,Deltoid med. (R),R_DELmed,1,0.7942811753594015,8.794281175359401,32.35980937256977,,,none,30.0,115,3,monophasic
Modulated_autosave_20260717_162548_293ms,Deltoid med. (R),R_DELmed,2,33.35980937256977,41.35980937256977,65.71961874513954,,,none,30.0,115,3,monophasic
Modulated_autosave_20260717_162548_293ms,Deltoid med. (R),R_DELmed,3,66.71961874513954,74.71961874513954,99.07942811770931,,,none,30.0,115,3,monophasic
Modulated_autosave_20260717_162548_293ms,Deltoid med. (R),R_DELmed,4,100.07942811770931,108.07942811770931,132.4392374903075,,,none,30.0,115,3,monophasic
Modulated_autosave_20260717_162548_293ms,Deltoid med. (R),R_DELmed,5,133.4392374903075,141.4392374903075,165.79904686287728,,,none,30.0,115,3,monophasic
Modulated_autosave_20260717_162548_293ms,Deltoid med. (R),R_DELmed,6,166.79904686287728,174.79904686287728,199.15885623544705,,,none,30.0,115,3,monophasic
Modulated_autosave_20260717_162548_293ms,Deltoid med. (R),R_DELmed,7,200.15885623544705,208.15885623544705,232.51866560801682,,,none,30.0,115,3,monophasic
Modulated_autosave_20260717_162548_293ms,Deltoid med. (R),R_DELmed,8,233.51866560801682,241.51866560801682,265.8784749796487,,,none,30.0,115,3,monophasic
Modulated_autosave_20260717_162548_293ms,Deltoid med. (R),R_DELmed,9,266.8784749796487,274.8784749796487,299.23828435224686,,,none,30.0,115,3,monophasic
Modulated_autosave_20260717_162548_293ms,Deltoid med. (R),R_DELmed,10,300.23828435224686,308.23828435224686,332.59809372481664,,,none,30.0,115,3,monophasic
Modulated_autosave_20260717_162548_293ms,Deltoid med. (R),R_DELmed,1,0.7942811753594015,8.794281175359401,32.35980937256977,,,none,30.0,120,3,monophasic
Modulated_autosave_20260717_162548_293ms,Deltoid med. (R),R_DELmed,2,33.35980937256977,41.35980937256977,65.71961874513954,,,none,30.0,120,3,monophasic
Modulated_autosave_20260717_162548_293ms,Deltoid med. (R),R_DELmed,3,66.71961874513954,74.71961874513954,99.07942811770931,,,none,30.0,120,3,monophasic
Modulated_autosave_20260717_162548_293ms,Deltoid med. (R),R_DELmed,4,100.07942811770931,108.07942811770931,132.4392374903075,,,none,30.0,120,3,monophasic
Modulated_autosave_20260717_162548_293ms,Deltoid med. (R),R_DELmed,5,133.4392374903075,141.4392374903075,165.79904686287728,,,none,30.0,120,3,monophasic
Modulated_autosave_20260717_162548_293ms,Deltoid med. (R),R_DELmed,6,166.79904686287728,174.79904686287728,199.15885623544705,,,none,30.0,120,3,monophasic
Modulated_autosave_20260717_162548_293ms,Deltoid med. (R),R_DELmed,7,200.15885623544705,208.15885623544705,232.51866560801682,,,none,30.0,120,3,monophasic
Modulated_autosave_20260717_162548_293ms,Deltoid med. (R),R_DELmed,8,233.51866560801682,241.51866560801682,265.8784749796487,,,none,30.0,120,3,monophasic
Modulated_autosave_20260717_162548_293ms,Deltoid med. (R),R_DELmed,9,266.8784749796487,274.8784749796487,299.23828435224686,,,none,30.0,120,3,monophasic
Modulated_autosave_20260717_162548_293ms,Deltoid med. (R),R_DELmed,10,300.23828435224686,308.23828435224686,332.59809372481664,,,none,30.0,120,3,monophasic
Modulated_autosave_20260717_162548_293ms,Biceps (R),R_BB,1,0.7942811753594015,8.794281175359401,32.35980937256977,,,none,30.0,25,3,monophasic
Modulated_autosave_20260717_162548_293ms,Biceps (R),R_BB,2,33.35980937256977,41.35980937256977,65.71961874513954,,,none,30.0,25,3,monophasic
Modulated_autosave_20260717_162548_293ms,Biceps (R),R_BB,3,66.71961874513954,74.71961874513954,99.07942811770931,,,none,30.0,25,3,monophasic
Modulated_autosave_20260717_162548_293ms,Biceps (R),R_BB,4,100.07942811770931,108.07942811770931,132.4392374903075,,,none,30.0,25,3,monophasic
Modulated_autosave_20260717_162548_293ms,Biceps (R),R_BB,5,133.4392374903075,141.4392374903075,165.79904686287728,,,none,30.0,25,3,monophasic
Modulated_autosave_20260717_162548_293ms,Biceps (R),R_BB,6,166.79904686287728,174.79904686287728,199.15885623544705,,,none,30.0,25,3,monophasic
Modulated_autosave_20260717_162548_293ms,Biceps (R),R_BB,7,200.15885623544705,208.15885623544705,232.51866560801682,,,none,30.0,25,3,monophasic
Modulated_autosave_20260717_162548_293ms,Biceps (R),R_BB,8,233.51866560801682,241.51866560801682,265.8784749796487,,,none,30.0,25,3,monophasic
Modulated_autosave_20260717_162548_293ms,Biceps (R),R_BB,9,266.8784749796487,274.8784749796487,299.23828435224686,,,none,30.0,25,3,monophasic
Modulated_autosave_20260717_162548_293ms,Biceps (R),R_BB,10,300.23828435224686,308.23828435224686,332.59809372481664,,,none,30.0,25,3,monophasic
Modulated_autosave_20260717_162548_293ms,Biceps (R),R_BB,1,0.7942811753594015,8.794281175359401,32.35980937256977,,,none,30.0,30,3,monophasic
Modulated_autosave_20260717_162548_293ms,Biceps (R),R_BB,2,33.35980937256977,41.35980937256977,65.71961874513954,,,none,30.0,30,3,monophasic
Modulated_autosave_20260717_162548_293ms,Biceps (R),R_BB,3,66.71961874513954,74.71961874513954,99.07942811770931,,,none,30.0,30,3,monophasic
Modulated_autosave_20260717_162548_293ms,Biceps (R),R_BB,4,100.07942811770931,108.07942811770931,132.4392374903075,,,none,30.0,30,3,monophasic
Modulated_autosave_20260717_162548_293ms,Biceps (R),R_BB,5,133.4392374903075,141.4392374903075,165.79904686287728,,,none,30.0,30,3,monophasic
Modulated_autosave_20260717_162548_293ms,Biceps (R),R_BB,6,166.79904686287728,174.79904686287728,199.15885623544705,,,none,30.0,30,3,monophasic
Modulated_autosave_20260717_162548_293ms,Biceps (R),R_BB,7,200.15885623544705,208.15885623544705,232.51866560801682,,,none,30.0,30,3,monophasic
Modulated_autosave_20260717_162548_293ms,Biceps (R),R_BB,8,233.51866560801682,241.51866560801682,265.8784749796487,,,none,30.0,30,3,monophasic
Modulated_autosave_20260717_162548_293ms,Biceps (R),R_BB,9,266.8784749796487,274.8784749796487,299.23828435224686,,,none,30.0,30,3,monophasic
Modulated_autosave_20260717_162548_293ms,Biceps (R),R_BB,10,300.23828435224686,308.23828435224686,332.59809372481664,,,none,30.0,30,3,monophasic
Modulated_autosave_20260717_162548_293ms,Biceps (R),R_BB,1,0.7942811753594015,8.794281175359401,32.35980937256977,,,none,30.0,35,3,monophasic
Modulated_autosave_20260717_162548_293ms,Biceps (R),R_BB,2,33.35980937256977,41.35980937256977,65.71961874513954,,,none,30.0,35,3,monophasic
Modulated_autosave_20260717_162548_293ms,Biceps (R),R_BB,3,66.71961874513954,74.71961874513954,99.07942811770931,,,none,30.0,35,3,monophasic
Modulated_autosave_20260717_162548_293ms,Biceps (R),R_BB,4,100.07942811770931,108.07942811770931,132.4392374903075,,,none,30.0,35,3,monophasic
Modulated_autosave_20260717_162548_293ms,Biceps (R),R_BB,5,133.4392374903075,141.4392374903075,165.79904686287728,,,none,30.0,35,3,monophasic
Modulated_autosave_20260717_162548_293ms,Biceps (R),R_BB,6,166.79904686287728,174.79904686287728,199.15885623544705,,,none,30.0,35,3,monophasic
Modulated_autosave_20260717_162548_293ms,Biceps (R),R_BB,7,200.15885623544705,208.15885623544705,232.51866560801682,,,none,30.0,35,3,monophasic
Modulated_autosave_20260717_162548_293ms,Biceps (R),R_BB,8,233.51866560801682,241.51866560801682,265.8784749796487,,,none,30.0,35,3,monophasic
Modulated_autosave_20260717_162548_293ms,Biceps (R),R_BB,9,266.8784749796487,274.8784749796487,299.23828435224686,,,none,30.0,35,3,monophasic
Modulated_autosave_20260717_162548_293ms,Biceps (R),R_BB,10,300.23828435224686,308.23828435224686,332.59809372481664,,,none,30.0,35,3,monophasic
Modulated_autosave_20260717_162548_293ms,Biceps (R),R_BB,1,0.7942811753594015,8.794281175359401,32.35980937256977,,,none,30.0,40,3,monophasic
Modulated_autosave_20260717_162548_293ms,Biceps (R),R_BB,2,33.35980937256977,41.35980937256977,65.71961874513954,,,none,30.0,40,3,monophasic
Modulated_autosave_20260717_162548_293ms,Biceps (R),R_BB,3,66.71961874513954,74.71961874513954,99.07942811770931,,,none,30.0,40,3,monophasic
Modulated_autosave_20260717_162548_293ms,Biceps (R),R_BB,4,100.07942811770931,108.07942811770931,132.4392374903075,,,none,30.0,40,3,monophasic
Modulated_autosave_20260717_162548_293ms,Biceps (R),R_BB,5,133.4392374903075,141.4392374903075,165.79904686287728,,,none,30.0,40,3,monophasic
Modulated_autosave_20260717_162548_293ms,Biceps (R),R_BB,6,166.79904686287728,174.79904686287728,199.15885623544705,,,none,30.0,40,3,monophasic
Modulated_autosave_20260717_162548_293ms,Biceps (R),R_BB,7,200.15885623544705,208.15885623544705,232.51866560801682,,,none,30.0,40,3,monophasic
Modulated_autosave_20260717_162548_293ms,Biceps (R),R_BB,8,233.51866560801682,241.51866560801682,265.8784749796487,,,none,30.0,40,3,monophasic
Modulated_autosave_20260717_162548_293ms,Biceps (R),R_BB,9,266.8784749796487,274.8784749796487,299.23828435224686,,,none,30.0,40,3,monophasic
Modulated_autosave_20260717_162548_293ms,Biceps (R),R_BB,10,300.23828435224686,308.23828435224686,332.59809372481664,,,none,30.0,40,3,monophasic
Modulated_autosave_20260717_162548_293ms,Biceps (R),R_BB,1,0.7942811753594015,8.794281175359401,32.35980937256977,,,none,30.0,45,3,monophasic
Modulated_autosave_20260717_162548_293ms,Biceps (R),R_BB,2,33.35980937256977,41.35980937256977,65.71961874513954,,,none,30.0,45,3,monophasic
Modulated_autosave_20260717_162548_293ms,Biceps (R),R_BB,3,66.71961874513954,74.71961874513954,99.07942811770931,,,none,30.0,45,3,monophasic
Modulated_autosave_20260717_162548_293ms,Biceps (R),R_BB,4,100.07942811770931,108.07942811770931,132.4392374903075,,,none,30.0,45,3,monophasic
Modulated_autosave_20260717_162548_293ms,Biceps (R),R_BB,5,133.4392374903075,141.4392374903075,165.79904686287728,,,none,30.0,45,3,monophasic
Modulated_autosave_20260717_162548_293ms,Biceps (R),R_BB,6,166.79904686287728,174.79904686287728,199.15885623544705,,,none,30.0,45,3,monophasic
Modulated_autosave_20260717_162548_293ms,Biceps (R),R_BB,7,200.15885623544705,208.15885623544705,232.51866560801682,,,none,30.0,45,3,monophasic
Modulated_autosave_20260717_162548_293ms,Biceps (R),R_BB,8,233.51866560801682,241.51866560801682,265.8784749796487,,,none,30.0,45,3,monophasic
Modulated_autosave_20260717_162548_293ms,Biceps (R),R_BB,9,266.8784749796487,274.8784749796487,299.23828435224686,,,none,30.0,45,3,monophasic
Modulated_autosave_20260717_162548_293ms,Biceps (R),R_BB,10,300.23828435224686,308.23828435224686,332.59809372481664,,,none,30.0,45,3,monophasic
Modulated_autosave_20260717_162548_293ms,Biceps (R),R_BB,1,0.7942811753594015,8.794281175359401,32.35980937256977,,,none,30.0,50,3,monophasic
Modulated_autosave_20260717_162548_293ms,Biceps (R),R_BB,2,33.35980937256977,41.35980937256977,65.71961874513954,,,none,30.0,50,3,monophasic
Modulated_autosave_20260717_162548_293ms,Biceps (R),R_BB,3,66.71961874513954,74.71961874513954,99.07942811770931,,,none,30.0,50,3,monophasic
Modulated_autosave_20260717_162548_293ms,Biceps (R),R_BB,4,100.07942811770931,108.07942811770931,132.4392374903075,,,none,30.0,50,3,monophasic
Modulated_autosave_20260717_162548_293ms,Biceps (R),R_BB,5,133.4392374903075,141.4392374903075,165.79904686287728,,,none,30.0,50,3,monophasic
Modulated_autosave_20260717_162548_293ms,Biceps (R),R_BB,6,166.79904686287728,174.79904686287728,199.15885623544705,,,none,30.0,50,3,monophasic
Modulated_autosave_20260717_162548_293ms,Biceps (R),R_BB,7,200.15885623544705,208.15885623544705,232.51866560801682,,,none,30.0,50,3,monophasic
Modulated_autosave_20260717_162548_293ms,Biceps (R),R_BB,8,233.51866560801682,241.51866560801682,265.8784749796487,,,none,30.0,50,3,monophasic
Modulated_autosave_20260717_162548_293ms,Biceps (R),R_BB,9,266.8784749796487,274.8784749796487,299.23828435224686,,,none,30.0,50,3,monophasic
Modulated_autosave_20260717_162548_293ms,Biceps (R),R_BB,10,300.23828435224686,308.23828435224686,332.59809372481664,,,none,30.0,50,3,monophasic
Modulated_autosave_20260717_162548_293ms,Biceps (R),R_BB,1,0.7942811753594015,8.794281175359401,32.35980937256977,,,none,30.0,55,3,monophasic
Modulated_autosave_20260717_162548_293ms,Biceps (R),R_BB,2,33.35980937256977,41.35980937256977,65.71961874513954,,,none,30.0,55,3,monophasic
Modulated_autosave_20260717_162548_293ms,Biceps (R),R_BB,3,66.71961874513954,74.71961874513954,99.07942811770931,,,none,30.0,55,3,monophasic
Modulated_autosave_20260717_162548_293ms,Biceps (R),R_BB,4,100.07942811770931,108.07942811770931,132.4392374903075,,,none,30.0,55,3,monophasic
Modulated_autosave_20260717_162548_293ms,Biceps (R),R_BB,5,133.4392374903075,141.4392374903075,165.79904686287728,,,none,30.0,55,3,monophasic
Modulated_autosave_20260717_162548_293ms,Biceps (R),R_BB,6,166.79904686287728,174.79904686287728,199.15885623544705,,,none,30.0,55,3,monophasic
Modulated_autosave_20260717_162548_293ms,Biceps (R),R_BB,7,200.15885623544705,208.15885623544705,232.51866560801682,,,none,30.0,55,3,monophasic
Modulated_autosave_20260717_162548_293ms,Biceps (R),R_BB,8,233.51866560801682,241.51866560801682,265.8784749796487,,,none,30.0,55,3,monophasic
Modulated_autosave_20260717_162548_293ms,Biceps (R),R_BB,9,266.8784749796487,274.8784749796487,299.23828435224686,,,none,30.0,55,3,monophasic
Modulated_autosave_20260717_162548_293ms,Biceps (R),R_BB,10,300.23828435224686,308.23828435224686,332.59809372481664,,,none,30.0,55,3,monophasic
Modulated_autosave_20260717_162548_293ms,Biceps (R),R_BB,1,0.7942811753594015,8.794281175359401,32.35980937256977,,,none,30.0,60,3,monophasic
Modulated_autosave_20260717_162548_293ms,Biceps (R),R_BB,2,33.35980937256977,41.35980937256977,65.71961874513954,,,none,30.0,60,3,monophasic
Modulated_autosave_20260717_162548_293ms,Biceps (R),R_BB,3,66.71961874513954,74.71961874513954,99.07942811770931,,,none,30.0,60,3,monophasic
Modulated_autosave_20260717_162548_293ms,Biceps (R),R_BB,4,100.07942811770931,108.07942811770931,132.4392374903075,,,none,30.0,60,3,monophasic
Modulated_autosave_20260717_162548_293ms,Biceps (R),R_BB,5,133.4392374903075,141.4392374903075,165.79904686287728,,,none,30.0,60,3,monophasic
Modulated_autosave_20260717_162548_293ms,Biceps (R),R_BB,6,166.79904686287728,174.79904686287728,199.15885623544705,,,none,30.0,60,3,monophasic
Modulated_autosave_20260717_162548_293ms,Biceps (R),R_BB,7,200.15885623544705,208.15885623544705,232.51866560801682,,,none,30.0,60,3,monophasic
Modulated_autosave_20260717_162548_293ms,Biceps (R),R_BB,8,233.51866560801682,241.51866560801682,265.8784749796487,,,none,30.0,60,3,monophasic
Modulated_autosave_20260717_162548_293ms,Biceps (R),R_BB,9,266.8784749796487,274.8784749796487,299.23828435224686,,,none,30.0,60,3,monophasic
Modulated_autosave_20260717_162548_293ms,Biceps (R),R_BB,10,300.23828435224686,308.23828435224686,332.59809372481664,,,none,30.0,60,3,monophasic
Modulated_autosave_20260717_162548_293ms,Biceps (R),R_BB,1,0.7942811753594015,8.794281175359401,32.35980937256977,,,none,30.0,65,3,monophasic
Modulated_autosave_20260717_162548_293ms,Biceps (R),R_BB,2,33.35980937256977,41.35980937256977,65.71961874513954,,,none,30.0,65,3,monophasic
Modulated_autosave_20260717_162548_293ms,Biceps (R),R_BB,3,66.71961874513954,74.71961874513954,99.07942811770931,,,none,30.0,65,3,monophasic
Modulated_autosave_20260717_162548_293ms,Biceps (R),R_BB,4,100.07942811770931,108.07942811770931,132.4392374903075,,,none,30.0,65,3,monophasic
Modulated_autosave_20260717_162548_293ms,Biceps (R),R_BB,5,133.4392374903075,141.4392374903075,165.79904686287728,,,none,30.0,65,3,monophasic
Modulated_autosave_20260717_162548_293ms,Biceps (R),R_BB,6,166.79904686287728,174.79904686287728,199.15885623544705,,,none,30.0,65,3,monophasic
Modulated_autosave_20260717_162548_293ms,Biceps (R),R_BB,7,200.15885623544705,208.15885623544705,232.51866560801682,,,none,30.0,65,3,monophasic
Modulated_autosave_20260717_162548_293ms,Biceps (R),R_BB,8,233.51866560801682,241.51866560801682,265.8784749796487,,,none,30.0,65,3,monophasic
Modulated_autosave_20260717_162548_293ms,Biceps (R),R_BB,9,266.8784749796487,274.8784749796487,299.23828435224686,,,none,30.0,65,3,monophasic
Modulated_autosave_20260717_162548_293ms,Biceps (R),R_BB,10,300.23828435224686,308.23828435224686,332.59809372481664,,,none,30.0,65,3,monophasic
Modulated_autosave_20260717_162548_293ms,Biceps (R),R_BB,1,0.7942811753594015,8.794281175359401,32.35980937256977,,,none,30.0,70,3,monophasic
Modulated_autosave_20260717_162548_293ms,Biceps (R),R_BB,2,33.35980937256977,41.35980937256977,65.71961874513954,,,none,30.0,70,3,monophasic
Modulated_autosave_20260717_162548_293ms,Biceps (R),R_BB,3,66.71961874513954,74.71961874513954,99.07942811770931,,,none,30.0,70,3,monophasic
Modulated_autosave_20260717_162548_293ms,Biceps (R),R_BB,4,100.07942811770931,108.07942811770931,132.4392374903075,,,none,30.0,70,3,monophasic
Modulated_autosave_20260717_162548_293ms,Biceps (R),R_BB,5,133.4392374903075,141.4392374903075,165.79904686287728,,,none,30.0,70,3,monophasic
Modulated_autosave_20260717_162548_293ms,Biceps (R),R_BB,6,166.79904686287728,174.79904686287728,199.15885623544705,,,none,30.0,70,3,monophasic
Modulated_autosave_20260717_162548_293ms,Biceps (R),R_BB,7,200.15885623544705,208.15885623544705,232.51866560801682,,,none,30.0,70,3,monophasic
Modulated_autosave_20260717_162548_293ms,Biceps (R),R_BB,8,233.51866560801682,241.51866560801682,265.8784749796487,,,none,30.0,70,3,monophasic
Modulated_autosave_20260717_162548_293ms,Biceps (R),R_BB,9,266.8784749796487,274.8784749796487,299.23828435224686,,,none,30.0,70,3,monophasic
Modulated_autosave_20260717_162548_293ms,Biceps (R),R_BB,10,300.23828435224686,308.23828435224686,332.59809372481664,,,none,30.0,70,3,monophasic
Modulated_autosave_20260717_162548_293ms,Biceps (R),R_BB,1,0.7942811753594015,8.794281175359401,32.35980937256977,,,none,30.0,75,3,monophasic
Modulated_autosave_20260717_162548_293ms,Biceps (R),R_BB,2,33.35980937256977,41.35980937256977,65.71961874513954,,,none,30.0,75,3,monophasic
Modulated_autosave_20260717_162548_293ms,Biceps (R),R_BB,3,66.71961874513954,74.71961874513954,99.07942811770931,,,none,30.0,75,3,monophasic
Modulated_autosave_20260717_162548_293ms,Biceps (R),R_BB,4,100.07942811770931,108.07942811770931,132.4392374903075,,,none,30.0,75,3,monophasic
Modulated_autosave_20260717_162548_293ms,Biceps (R),R_BB,5,133.4392374903075,141.4392374903075,165.79904686287728,,,none,30.0,75,3,monophasic
Modulated_autosave_20260717_162548_293ms,Biceps (R),R_BB,6,166.79904686287728,174.79904686287728,199.15885623544705,,,none,30.0,75,3,monophasic
Modulated_autosave_20260717_162548_293ms,Biceps (R),R_BB,7,200.15885623544705,208.15885623544705,232.51866560801682,,,none,30.0,75,3,monophasic
Modulated_autosave_20260717_162548_293ms,Biceps (R),R_BB,8,233.51866560801682,241.51866560801682,265.8784749796487,,,none,30.0,75,3,monophasic
Modulated_autosave_20260717_162548_293ms,Biceps (R),R_BB,9,266.8784749796487,274.8784749796487,299.23828435224686,,,none,30.0,75,3,monophasic
Modulated_autosave_20260717_162548_293ms,Biceps (R),R_BB,10,300.23828435224686,308.23828435224686,332.59809372481664,,,none,30.0,75,3,monophasic
Modulated_autosave_20260717_162548_293ms,Biceps (R),R_BB,1,0.7942811753594015,8.794281175359401,32.35980937256977,,,none,30.0,80,3,monophasic
Modulated_autosave_20260717_162548_293ms,Biceps (R),R_BB,2,33.35980937256977,41.35980937256977,65.71961874513954,,,none,30.0,80,3,monophasic
Modulated_autosave_20260717_162548_293ms,Biceps (R),R_BB,3,66.71961874513954,74.71961874513954,99.07942811770931,,,none,30.0,80,3,monophasic
Modulated_autosave_20260717_162548_293ms,Biceps (R),R_BB,4,100.07942811770931,108.07942811770931,132.4392374903075,,,none,30.0,80,3,monophasic
Modulated_autosave_20260717_162548_293ms,Biceps (R),R_BB,5,133.4392374903075,141.4392374903075,165.79904686287728,,,none,30.0,80,3,monophasic
Modulated_autosave_20260717_162548_293ms,Biceps (R),R_BB,6,166.79904686287728,174.79904686287728,199.15885623544705,,,none,30.0,80,3,monophasic
Modulated_autosave_20260717_162548_293ms,Biceps (R),R_BB,7,200.15885623544705,208.15885623544705,232.51866560801682,,,none,30.0,80,3,monophasic
Modulated_autosave_20260717_162548_293ms,Biceps (R),R_BB,8,233.51866560801682,241.51866560801682,265.8784749796487,,,none,30.0,80,3,monophasic
Modulated_autosave_20260717_162548_293ms,Biceps (R),R_BB,9,266.8784749796487,274.8784749796487,299.23828435224686,,,none,30.0,80,3,monophasic
Modulated_autosave_20260717_162548_293ms,Biceps (R),R_BB,10,300.23828435224686,308.23828435224686,332.59809372481664,,,none,30.0,80,3,monophasic
Modulated_autosave_20260717_162548_293ms,Biceps (R),R_BB,1,0.7942811753594015,8.794281175359401,32.35980937256977,,,none,30.0,85,3,monophasic
Modulated_autosave_20260717_162548_293ms,Biceps (R),R_BB,2,33.35980937256977,41.35980937256977,65.71961874513954,,,none,30.0,85,3,monophasic
Modulated_autosave_20260717_162548_293ms,Biceps (R),R_BB,3,66.71961874513954,74.71961874513954,99.07942811770931,,,none,30.0,85,3,monophasic
Modulated_autosave_20260717_162548_293ms,Biceps (R),R_BB,4,100.07942811770931,108.07942811770931,132.4392374903075,,,none,30.0,85,3,monophasic
Modulated_autosave_20260717_162548_293ms,Biceps (R),R_BB,5,133.4392374903075,141.4392374903075,165.79904686287728,,,none,30.0,85,3,monophasic
Modulated_autosave_20260717_162548_293ms,Biceps (R),R_BB,6,166.79904686287728,174.79904686287728,199.15885623544705,,,none,30.0,85,3,monophasic
Modulated_autosave_20260717_162548_293ms,Biceps (R),R_BB,7,200.15885623544705,208.15885623544705,232.51866560801682,,,none,30.0,85,3,monophasic
Modulated_autosave_20260717_162548_293ms,Biceps (R),R_BB,8,233.51866560801682,241.51866560801682,265.8784749796487,,,none,30.0,85,3,monophasic
Modulated_autosave_20260717_162548_293ms,Biceps (R),R_BB,9,266.8784749796487,274.8784749796487,299.23828435224686,,,none,30.0,85,3,monophasic
Modulated_autosave_20260717_162548_293ms,Biceps (R),R_BB,10,300.23828435224686,308.23828435224686,332.59809372481664,,,none,30.0,85,3,monophasic
Modulated_autosave_20260717_162548_293ms,Biceps (R),R_BB,1,0.7942811753594015,8.794281175359401,32.35980937256977,,,none,30.0,90,3,monophasic
Modulated_autosave_20260717_162548_293ms,Biceps (R),R_BB,2,33.35980937256977,41.35980937256977,65.71961874513954,,,none,30.0,90,3,monophasic
Modulated_autosave_20260717_162548_293ms,Biceps (R),R_BB,3,66.71961874513954,74.71961874513954,99.07942811770931,,,none,30.0,90,3,monophasic
Modulated_autosave_20260717_162548_293ms,Biceps (R),R_BB,4,100.07942811770931,108.07942811770931,132.4392374903075,,,none,30.0,90,3,monophasic
Modulated_autosave_20260717_162548_293ms,Biceps (R),R_BB,5,133.4392374903075,141.4392374903075,165.79904686287728,,,none,30.0,90,3,monophasic
Modulated_autosave_20260717_162548_293ms,Biceps (R),R_BB,6,166.79904686287728,174.79904686287728,199.15885623544705,,,none,30.0,90,3,monophasic
Modulated_autosave_20260717_162548_293ms,Biceps (R),R_BB,7,200.15885623544705,208.15885623544705,232.51866560801682,,,none,30.0,90,3,monophasic
Modulated_autosave_20260717_162548_293ms,Biceps (R),R_BB,8,233.51866560801682,241.51866560801682,265.8784749796487,,,none,30.0,90,3,monophasic
Modulated_autosave_20260717_162548_293ms,Biceps (R),R_BB,9,266.8784749796487,274.8784749796487,299.23828435224686,,,none,30.0,90,3,monophasic
Modulated_autosave_20260717_162548_293ms,Biceps (R),R_BB,10,300.23828435224686,308.23828435224686,332.59809372481664,,,none,30.0,90,3,monophasic
Modulated_autosave_20260717_162548_293ms,Biceps (R),R_BB,1,0.7942811753594015,8.794281175359401,32.35980937256977,,,none,30.0,95,3,monophasic
Modulated_autosave_20260717_162548_293ms,Biceps (R),R_BB,2,33.35980937256977,41.35980937256977,65.71961874513954,,,none,30.0,95,3,monophasic
Modulated_autosave_20260717_162548_293ms,Biceps (R),R_BB,3,66.71961874513954,74.71961874513954,99.07942811770931,,,none,30.0,95,3,monophasic
Modulated_autosave_20260717_162548_293ms,Biceps (R),R_BB,4,100.07942811770931,108.07942811770931,132.4392374903075,,,none,30.0,95,3,monophasic
Modulated_autosave_20260717_162548_293ms,Biceps (R),R_BB,5,133.4392374903075,141.4392374903075,165.79904686287728,,,none,30.0,95,3,monophasic
Modulated_autosave_20260717_162548_293ms,Biceps (R),R_BB,6,166.79904686287728,174.79904686287728,199.15885623544705,,,none,30.0,95,3,monophasic
Modulated_autosave_20260717_162548_293ms,Biceps (R),R_BB,7,200.15885623544705,208.15885623544705,232.51866560801682,,,none,30.0,95,3,monophasic
Modulated_autosave_20260717_162548_293ms,Biceps (R),R_BB,8,233.51866560801682,241.51866560801682,265.8784749796487,,,none,30.0,95,3,monophasic
Modulated_autosave_20260717_162548_293ms,Biceps (R),R_BB,9,266.8784749796487,274.8784749796487,299.23828435224686,,,none,30.0,95,3,monophasic
Modulated_autosave_20260717_162548_293ms,Biceps (R),R_BB,10,300.23828435224686,308.23828435224686,332.59809372481664,,,none,30.0,95,3,monophasic
Modulated_autosave_20260717_162548_293ms,Biceps (R),R_BB,1,0.7942811753594015,8.794281175359401,32.35980937256977,,,none,30.0,100,3,monophasic
Modulated_autosave_20260717_162548_293ms,Biceps (R),R_BB,2,33.35980937256977,41.35980937256977,65.71961874513954,,,none,30.0,100,3,monophasic
Modulated_autosave_20260717_162548_293ms,Biceps (R),R_BB,3,66.71961874513954,74.71961874513954,99.07942811770931,,,none,30.0,100,3,monophasic
Modulated_autosave_20260717_162548_293ms,Biceps (R),R_BB,4,100.07942811770931,108.07942811770931,132.4392374903075,,,none,30.0,100,3,monophasic
Modulated_autosave_20260717_162548_293ms,Biceps (R),R_BB,5,133.4392374903075,141.4392374903075,165.79904686287728,,,none,30.0,100,3,monophasic
Modulated_autosave_20260717_162548_293ms,Biceps (R),R_BB,6,166.79904686287728,174.79904686287728,199.15885623544705,,,none,30.0,100,3,monophasic
Modulated_autosave_20260717_162548_293ms,Biceps (R),R_BB,7,200.15885623544705,208.15885623544705,232.51866560801682,,,none,30.0,100,3,monophasic
Modulated_autosave_20260717_162548_293ms,Biceps (R),R_BB,8,233.51866560801682,241.51866560801682,265.8784749796487,,,none,30.0,100,3,monophasic
Modulated_autosave_20260717_162548_293ms,Biceps (R),R_BB,9,266.8784749796487,274.8784749796487,299.23828435224686,,,none,30.0,100,3,monophasic
Modulated_autosave_20260717_162548_293ms,Biceps (R),R_BB,10,300.23828435224686,308.23828435224686,332.59809372481664,,,none,30.0,100,3,monophasic
Modulated_autosave_20260717_162548_293ms,Biceps (R),R_BB,1,0.7942811753594015,8.794281175359401,32.35980937256977,,,none,30.0,105,3,monophasic
Modulated_autosave_20260717_162548_293ms,Biceps (R),R_BB,2,33.35980937256977,41.35980937256977,65.71961874513954,,,none,30.0,105,3,monophasic
Modulated_autosave_20260717_162548_293ms,Biceps (R),R_BB,3,66.71961874513954,74.71961874513954,99.07942811770931,,,none,30.0,105,3,monophasic
Modulated_autosave_20260717_162548_293ms,Biceps (R),R_BB,4,100.07942811770931,108.07942811770931,132.4392374903075,,,none,30.0,105,3,monophasic
Modulated_autosave_20260717_162548_293ms,Biceps (R),R_BB,5,133.4392374903075,141.4392374903075,165.79904686287728,,,none,30.0,105,3,monophasic
Modulated_autosave_20260717_162548_293ms,Biceps (R),R_BB,6,166.79904686287728,174.79904686287728,199.15885623544705,,,none,30.0,105,3,monophasic
Modulated_autosave_20260717_162548_293ms,Biceps (R),R_BB,7,200.15885623544705,208.15885623544705,232.51866560801682,,,none,30.0,105,3,monophasic
Modulated_autosave_20260717_162548_293ms,Biceps (R),R_BB,8,233.51866560801682,241.51866560801682,265.8784749796487,,,none,30.0,105,3,monophasic
Modulated_autosave_20260717_162548_293ms,Biceps (R),R_BB,9,266.8784749796487,274.8784749796487,299.23828435224686,,,none,30.0,105,3,monophasic
Modulated_autosave_20260717_162548_293ms,Biceps (R),R_BB,10,300.23828435224686,308.23828435224686,332.59809372481664,,,none,30.0,105,3,monophasic
Modulated_autosave_20260717_162548_293ms,Biceps (R),R_BB,1,0.7942811753594015,8.794281175359401,32.35980937256977,,,none,30.0,110,3,monophasic
Modulated_autosave_20260717_162548_293ms,Biceps (R),R_BB,2,33.35980937256977,41.35980937256977,65.71961874513954,,,none,30.0,110,3,monophasic
Modulated_autosave_20260717_162548_293ms,Biceps (R),R_BB,3,66.71961874513954,74.71961874513954,99.07942811770931,,,none,30.0,110,3,monophasic
Modulated_autosave_20260717_162548_293ms,Biceps (R),R_BB,4,100.07942811770931,108.07942811770931,132.4392374903075,,,none,30.0,110,3,monophasic
Modulated_autosave_20260717_162548_293ms,Biceps (R),R_BB,5,133.4392374903075,141.4392374903075,165.79904686287728,,,none,30.0,110,3,monophasic
Modulated_autosave_20260717_162548_293ms,Biceps (R),R_BB,6,166.79904686287728,174.79904686287728,199.15885623544705,,,none,30.0,110,3,monophasic
Modulated_autosave_20260717_162548_293ms,Biceps (R),R_BB,7,200.15885623544705,208.15885623544705,232.51866560801682,,,none,30.0,110,3,monophasic
Modulated_autosave_20260717_162548_293ms,Biceps (R),R_BB,8,233.51866560801682,241.51866560801682,265.8784749796487,,,none,30.0,110,3,monophasic
Modulated_autosave_20260717_162548_293ms,Biceps (R),R_BB,9,266.8784749796487,274.8784749796487,299.23828435224686,,,none,30.0,110,3,monophasic
Modulated_autosave_20260717_162548_293ms,Biceps (R),R_BB,10,300.23828435224686,308.23828435224686,332.59809372481664,,,none,30.0,110,3,monophasic
Modulated_autosave_20260717_162548_293ms,Biceps (R),R_BB,1,0.7942811753594015,8.794281175359401,32.35980937256977,,,none,30.0,115,3,monophasic
Modulated_autosave_20260717_162548_293ms,Biceps (R),R_BB,2,33.35980937256977,41.35980937256977,65.71961874513954,,,none,30.0,115,3,monophasic
Modulated_autosave_20260717_162548_293ms,Biceps (R),R_BB,3,66.71961874513954,74.71961874513954,99.07942811770931,,,none,30.0,115,3,monophasic
Modulated_autosave_20260717_162548_293ms,Biceps (R),R_BB,4,100.07942811770931,108.07942811770931,132.4392374903075,,,none,30.0,115,3,monophasic
Modulated_autosave_20260717_162548_293ms,Biceps (R),R_BB,5,133.4392374903075,141.4392374903075,165.79904686287728,,,none,30.0,115,3,monophasic
Modulated_autosave_20260717_162548_293ms,Biceps (R),R_BB,6,166.79904686287728,174.79904686287728,199.15885623544705,,,none,30.0,115,3,monophasic
Modulated_autosave_20260717_162548_293ms,Biceps (R),R_BB,7,200.15885623544705,208.15885623544705,232.51866560801682,,,none,30.0,115,3,monophasic
Modulated_autosave_20260717_162548_293ms,Biceps (R),R_BB,8,233.51866560801682,241.51866560801682,265.8784749796487,,,none,30.0,115,3,monophasic
Modulated_autosave_20260717_162548_293ms,Biceps (R),R_BB,9,266.8784749796487,274.8784749796487,299.23828435224686,,,none,30.0,115,3,monophasic
Modulated_autosave_20260717_162548_293ms,Biceps (R),R_BB,10,300.23828435224686,308.23828435224686,332.59809372481664,,,none,30.0,115,3,monophasic
Modulated_autosave_20260717_162548_293ms,Biceps (R),R_BB,1,0.7942811753594015,8.794281175359401,32.35980937256977,,,none,30.0,120,3,monophasic
Modulated_autosave_20260717_162548_293ms,Biceps (R),R_BB,2,33.35980937256977,41.35980937256977,65.71961874513954,,,none,30.0,120,3,monophasic
Modulated_autosave_20260717_162548_293ms,Biceps (R),R_BB,3,66.71961874513954,74.71961874513954,99.07942811770931,,,none,30.0,120,3,monophasic
Modulated_autosave_20260717_162548_293ms,Biceps (R),R_BB,4,100.07942811770931,108.07942811770931,132.4392374903075,,,none,30.0,120,3,monophasic
Modulated_autosave_20260717_162548_293ms,Biceps (R),R_BB,5,133.4392374903075,141.4392374903075,165.79904686287728,,,none,30.0,120,3,monophasic
Modulated_autosave_20260717_162548_293ms,Biceps (R),R_BB,6,166.79904686287728,174.79904686287728,199.15885623544705,,,none,30.0,120,3,monophasic
Modulated_autosave_20260717_162548_293ms,Biceps (R),R_BB,7,200.15885623544705,208.15885623544705,232.51866560801682,,,none,30.0,120,3,monophasic
Modulated_autosave_20260717_162548_293ms,Biceps (R),R_BB,8,233.51866560801682,241.51866560801682,265.8784749796487,,,none,30.0,120,3,monophasic
Modulated_autosave_20260717_162548_293ms,Biceps (R),R_BB,9,266.8784749796487,274.8784749796487,299.23828435224686,,,none,30.0,120,3,monophasic
Modulated_autosave_20260717_162548_293ms,Biceps (R),R_BB,10,300.23828435224686,308.23828435224686,332.59809372481664,,,none,30.0,120,3,monophasic
Modulated_autosave_20260717_162548_293ms,Triceps long (R),R_TBlg,1,0.7942811753594015,8.794281175359401,32.35980937256977,,,none,30.0,25,3,monophasic
Modulated_autosave_20260717_162548_293ms,Triceps long (R),R_TBlg,2,33.35980937256977,41.35980937256977,65.71961874513954,,,none,30.0,25,3,monophasic
Modulated_autosave_20260717_162548_293ms,Triceps long (R),R_TBlg,3,66.71961874513954,74.71961874513954,99.07942811770931,,,none,30.0,25,3,monophasic
Modulated_autosave_20260717_162548_293ms,Triceps long (R),R_TBlg,4,100.07942811770931,108.07942811770931,132.4392374903075,,,none,30.0,25,3,monophasic
Modulated_autosave_20260717_162548_293ms,Triceps long (R),R_TBlg,5,133.4392374903075,141.4392374903075,165.79904686287728,,,none,30.0,25,3,monophasic
Modulated_autosave_20260717_162548_293ms,Triceps long (R),R_TBlg,6,166.79904686287728,174.79904686287728,199.15885623544705,,,none,30.0,25,3,monophasic
Modulated_autosave_20260717_162548_293ms,Triceps long (R),R_TBlg,7,200.15885623544705,208.15885623544705,232.51866560801682,,,none,30.0,25,3,monophasic
Modulated_autosave_20260717_162548_293ms,Triceps long (R),R_TBlg,8,233.51866560801682,241.51866560801682,265.8784749796487,,,none,30.0,25,3,monophasic
Modulated_autosave_20260717_162548_293ms,Triceps long (R),R_TBlg,9,266.8784749796487,274.8784749796487,299.23828435224686,,,none,30.0,25,3,monophasic
Modulated_autosave_20260717_162548_293ms,Triceps long (R),R_TBlg,10,300.23828435224686,308.23828435224686,332.59809372481664,,,none,30.0,25,3,monophasic
Modulated_autosave_20260717_162548_293ms,Triceps long (R),R_TBlg,1,0.7942811753594015,8.794281175359401,32.35980937256977,,,none,30.0,30,3,monophasic
Modulated_autosave_20260717_162548_293ms,Triceps long (R),R_TBlg,2,33.35980937256977,41.35980937256977,65.71961874513954,,,none,30.0,30,3,monophasic
Modulated_autosave_20260717_162548_293ms,Triceps long (R),R_TBlg,3,66.71961874513954,74.71961874513954,99.07942811770931,,,none,30.0,30,3,monophasic
Modulated_autosave_20260717_162548_293ms,Triceps long (R),R_TBlg,4,100.07942811770931,108.07942811770931,132.4392374903075,,,none,30.0,30,3,monophasic
Modulated_autosave_20260717_162548_293ms,Triceps long (R),R_TBlg,5,133.4392374903075,141.4392374903075,165.79904686287728,,,none,30.0,30,3,monophasic
Modulated_autosave_20260717_162548_293ms,Triceps long (R),R_TBlg,6,166.79904686287728,174.79904686287728,199.15885623544705,,,none,30.0,30,3,monophasic
Modulated_autosave_20260717_162548_293ms,Triceps long (R),R_TBlg,7,200.15885623544705,208.15885623544705,232.51866560801682,,,none,30.0,30,3,monophasic
Modulated_autosave_20260717_162548_293ms,Triceps long (R),R_TBlg,8,233.51866560801682,241.51866560801682,265.8784749796487,,,none,30.0,30,3,monophasic
Modulated_autosave_20260717_162548_293ms,Triceps long (R),R_TBlg,9,266.8784749796487,274.8784749796487,299.23828435224686,,,none,30.0,30,3,monophasic
Modulated_autosave_20260717_162548_293ms,Triceps long (R),R_TBlg,10,300.23828435224686,308.23828435224686,332.59809372481664,,,none,30.0,30,3,monophasic
Modulated_autosave_20260717_162548_293ms,Triceps long (R),R_TBlg,1,0.7942811753594015,8.794281175359401,32.35980937256977,,,none,30.0,35,3,monophasic
Modulated_autosave_20260717_162548_293ms,Triceps long (R),R_TBlg,2,33.35980937256977,41.35980937256977,65.71961874513954,,,none,30.0,35,3,monophasic
Modulated_autosave_20260717_162548_293ms,Triceps long (R),R_TBlg,3,66.71961874513954,74.71961874513954,99.07942811770931,,,none,30.0,35,3,monophasic
Modulated_autosave_20260717_162548_293ms,Triceps long (R),R_TBlg,4,100.07942811770931,108.07942811770931,132.4392374903075,,,none,30.0,35,3,monophasic
Modulated_autosave_20260717_162548_293ms,Triceps long (R),R_TBlg,5,133.4392374903075,141.4392374903075,165.79904686287728,,,none,30.0,35,3,monophasic
Modulated_autosave_20260717_162548_293ms,Triceps long (R),R_TBlg,6,166.79904686287728,174.79904686287728,199.15885623544705,,,none,30.0,35,3,monophasic
Modulated_autosave_20260717_162548_293ms,Triceps long (R),R_TBlg,7,200.15885623544705,208.15885623544705,232.51866560801682,,,none,30.0,35,3,monophasic
Modulated_autosave_20260717_162548_293ms,Triceps long (R),R_TBlg,8,233.51866560801682,241.51866560801682,265.8784749796487,,,none,30.0,35,3,monophasic
Modulated_autosave_20260717_162548_293ms,Triceps long (R),R_TBlg,9,266.8784749796487,274.8784749796487,299.23828435224686,,,none,30.0,35,3,monophasic
Modulated_autosave_20260717_162548_293ms,Triceps long (R),R_TBlg,10,300.23828435224686,308.23828435224686,332.59809372481664,,,none,30.0,35,3,monophasic
Modulated_autosave_20260717_162548_293ms,Triceps long (R),R_TBlg,1,0.7942811753594015,8.794281175359401,32.35980937256977,,,none,30.0,40,3,monophasic
Modulated_autosave_20260717_162548_293ms,Triceps long (R),R_TBlg,2,33.35980937256977,41.35980937256977,65.71961874513954,,,none,30.0,40,3,monophasic
Modulated_autosave_20260717_162548_293ms,Triceps long (R),R_TBlg,3,66.71961874513954,74.71961874513954,99.07942811770931,,,none,30.0,40,3,monophasic
Modulated_autosave_20260717_162548_293ms,Triceps long (R),R_TBlg,4,100.07942811770931,108.07942811770931,132.4392374903075,,,none,30.0,40,3,monophasic
Modulated_autosave_20260717_162548_293ms,Triceps long (R),R_TBlg,5,133.4392374903075,141.4392374903075,165.79904686287728,,,none,30.0,40,3,monophasic
Modulated_autosave_20260717_162548_293ms,Triceps long (R),R_TBlg,6,166.79904686287728,174.79904686287728,199.15885623544705,,,none,30.0,40,3,monophasic
Modulated_autosave_20260717_162548_293ms,Triceps long (R),R_TBlg,7,200.15885623544705,208.15885623544705,232.51866560801682,,,none,30.0,40,3,monophasic
Modulated_autosave_20260717_162548_293ms,Triceps long (R),R_TBlg,8,233.51866560801682,241.51866560801682,265.8784749796487,,,none,30.0,40,3,monophasic
Modulated_autosave_20260717_162548_293ms,Triceps long (R),R_TBlg,9,266.8784749796487,274.8784749796487,299.23828435224686,,,none,30.0,40,3,monophasic
Modulated_autosave_20260717_162548_293ms,Triceps long (R),R_TBlg,10,300.23828435224686,308.23828435224686,332.59809372481664,,,none,30.0,40,3,monophasic
Modulated_autosave_20260717_162548_293ms,Triceps long (R),R_TBlg,1,0.7942811753594015,8.794281175359401,32.35980937256977,,,none,30.0,45,3,monophasic
Modulated_autosave_20260717_162548_293ms,Triceps long (R),R_TBlg,2,33.35980937256977,41.35980937256977,65.71961874513954,,,none,30.0,45,3,monophasic
Modulated_autosave_20260717_162548_293ms,Triceps long (R),R_TBlg,3,66.71961874513954,74.71961874513954,99.07942811770931,,,none,30.0,45,3,monophasic
Modulated_autosave_20260717_162548_293ms,Triceps long (R),R_TBlg,4,100.07942811770931,108.07942811770931,132.4392374903075,,,none,30.0,45,3,monophasic
Modulated_autosave_20260717_162548_293ms,Triceps long (R),R_TBlg,5,133.4392374903075,141.4392374903075,165.79904686287728,,,none,30.0,45,3,monophasic
Modulated_autosave_20260717_162548_293ms,Triceps long (R),R_TBlg,6,166.79904686287728,174.79904686287728,199.15885623544705,,,none,30.0,45,3,monophasic
Modulated_autosave_20260717_162548_293ms,Triceps long (R),R_TBlg,7,200.15885623544705,208.15885623544705,232.51866560801682,,,none,30.0,45,3,monophasic
Modulated_autosave_20260717_162548_293ms,Triceps long (R),R_TBlg,8,233.51866560801682,241.51866560801682,265.8784749796487,,,none,30.0,45,3,monophasic
Modulated_autosave_20260717_162548_293ms,Triceps long (R),R_TBlg,9,266.8784749796487,274.8784749796487,299.23828435224686,,,none,30.0,45,3,monophasic
Modulated_autosave_20260717_162548_293ms,Triceps long (R),R_TBlg,10,300.23828435224686,308.23828435224686,332.59809372481664,,,none,30.0,45,3,monophasic
Modulated_autosave_20260717_162548_293ms,Triceps long (R),R_TBlg,1,0.7942811753594015,8.794281175359401,32.35980937256977,,,none,30.0,50,3,monophasic
Modulated_autosave_20260717_162548_293ms,Triceps long (R),R_TBlg,2,33.35980937256977,41.35980937256977,65.71961874513954,,,none,30.0,50,3,monophasic
Modulated_autosave_20260717_162548_293ms,Triceps long (R),R_TBlg,3,66.71961874513954,74.71961874513954,99.07942811770931,,,none,30.0,50,3,monophasic
Modulated_autosave_20260717_162548_293ms,Triceps long (R),R_TBlg,4,100.07942811770931,108.07942811770931,132.4392374903075,,,none,30.0,50,3,monophasic
Modulated_autosave_20260717_162548_293ms,Triceps long (R),R_TBlg,5,133.4392374903075,141.4392374903075,165.79904686287728,,,none,30.0,50,3,monophasic
Modulated_autosave_20260717_162548_293ms,Triceps long (R),R_TBlg,6,166.79904686287728,174.79904686287728,199.15885623544705,,,none,30.0,50,3,monophasic
Modulated_autosave_20260717_162548_293ms,Triceps long (R),R_TBlg,7,200.15885623544705,208.15885623544705,232.51866560801682,,,none,30.0,50,3,monophasic
Modulated_autosave_20260717_162548_293ms,Triceps long (R),R_TBlg,8,233.51866560801682,241.51866560801682,265.8784749796487,,,none,30.0,50,3,monophasic
Modulated_autosave_20260717_162548_293ms,Triceps long (R),R_TBlg,9,266.8784749796487,274.8784749796487,299.23828435224686,,,none,30.0,50,3,monophasic
Modulated_autosave_20260717_162548_293ms,Triceps long (R),R_TBlg,10,300.23828435224686,308.23828435224686,332.59809372481664,,,none,30.0,50,3,monophasic
Modulated_autosave_20260717_162548_293ms,Triceps long (R),R_TBlg,1,0.7942811753594015,8.794281175359401,32.35980937256977,,,none,30.0,55,3,monophasic
Modulated_autosave_20260717_162548_293ms,Triceps long (R),R_TBlg,2,33.35980937256977,41.35980937256977,65.71961874513954,,,none,30.0,55,3,monophasic
Modulated_autosave_20260717_162548_293ms,Triceps long (R),R_TBlg,3,66.71961874513954,74.71961874513954,99.07942811770931,,,none,30.0,55,3,monophasic
Modulated_autosave_20260717_162548_293ms,Triceps long (R),R_TBlg,4,100.07942811770931,108.07942811770931,132.4392374903075,,,none,30.0,55,3,monophasic
Modulated_autosave_20260717_162548_293ms,Triceps long (R),R_TBlg,5,133.4392374903075,141.4392374903075,165.79904686287728,,,none,30.0,55,3,monophasic
Modulated_autosave_20260717_162548_293ms,Triceps long (R),R_TBlg,6,166.79904686287728,174.79904686287728,199.15885623544705,,,none,30.0,55,3,monophasic
Modulated_autosave_20260717_162548_293ms,Triceps long (R),R_TBlg,7,200.15885623544705,208.15885623544705,232.51866560801682,,,none,30.0,55,3,monophasic
Modulated_autosave_20260717_162548_293ms,Triceps long (R),R_TBlg,8,233.51866560801682,241.51866560801682,265.8784749796487,,,none,30.0,55,3,monophasic
Modulated_autosave_20260717_162548_293ms,Triceps long (R),R_TBlg,9,266.8784749796487,274.8784749796487,299.23828435224686,,,none,30.0,55,3,monophasic
Modulated_autosave_20260717_162548_293ms,Triceps long (R),R_TBlg,10,300.23828435224686,308.23828435224686,332.59809372481664,,,none,30.0,55,3,monophasic
Modulated_autosave_20260717_162548_293ms,Triceps long (R),R_TBlg,1,0.7942811753594015,8.794281175359401,32.35980937256977,,,none,30.0,60,3,monophasic
Modulated_autosave_20260717_162548_293ms,Triceps long (R),R_TBlg,2,33.35980937256977,41.35980937256977,65.71961874513954,,,none,30.0,60,3,monophasic
Modulated_autosave_20260717_162548_293ms,Triceps long (R),R_TBlg,3,66.71961874513954,74.71961874513954,99.07942811770931,,,none,30.0,60,3,monophasic
Modulated_autosave_20260717_162548_293ms,Triceps long (R),R_TBlg,4,100.07942811770931,108.07942811770931,132.4392374903075,,,none,30.0,60,3,monophasic
Modulated_autosave_20260717_162548_293ms,Triceps long (R),R_TBlg,5,133.4392374903075,141.4392374903075,165.79904686287728,,,none,30.0,60,3,monophasic
Modulated_autosave_20260717_162548_293ms,Triceps long (R),R_TBlg,6,166.79904686287728,174.79904686287728,199.15885623544705,,,none,30.0,60,3,monophasic
Modulated_autosave_20260717_162548_293ms,Triceps long (R),R_TBlg,7,200.15885623544705,208.15885623544705,232.51866560801682,,,none,30.0,60,3,monophasic
Modulated_autosave_20260717_162548_293ms,Triceps long (R),R_TBlg,8,233.51866560801682,241.51866560801682,265.8784749796487,,,none,30.0,60,3,monophasic
Modulated_autosave_20260717_162548_293ms,Triceps long (R),R_TBlg,9,266.8784749796487,274.8784749796487,299.23828435224686,,,none,30.0,60,3,monophasic
Modulated_autosave_20260717_162548_293ms,Triceps long (R),R_TBlg,10,300.23828435224686,308.23828435224686,332.59809372481664,,,none,30.0,60,3,monophasic
Modulated_autosave_20260717_162548_293ms,Triceps long (R),R_TBlg,1,0.7942811753594015,8.794281175359401,32.35980937256977,,,none,30.0,65,3,monophasic
Modulated_autosave_20260717_162548_293ms,Triceps long (R),R_TBlg,2,33.35980937256977,41.35980937256977,65.71961874513954,,,none,30.0,65,3,monophasic
Modulated_autosave_20260717_162548_293ms,Triceps long (R),R_TBlg,3,66.71961874513954,74.71961874513954,99.07942811770931,,,none,30.0,65,3,monophasic
Modulated_autosave_20260717_162548_293ms,Triceps long (R),R_TBlg,4,100.07942811770931,108.07942811770931,132.4392374903075,,,none,30.0,65,3,monophasic
Modulated_autosave_20260717_162548_293ms,Triceps long (R),R_TBlg,5,133.4392374903075,141.4392374903075,165.79904686287728,,,none,30.0,65,3,monophasic
Modulated_autosave_20260717_162548_293ms,Triceps long (R),R_TBlg,6,166.79904686287728,174.79904686287728,199.15885623544705,,,none,30.0,65,3,monophasic
Modulated_autosave_20260717_162548_293ms,Triceps long (R),R_TBlg,7,200.15885623544705,208.15885623544705,232.51866560801682,,,none,30.0,65,3,monophasic
Modulated_autosave_20260717_162548_293ms,Triceps long (R),R_TBlg,8,233.51866560801682,241.51866560801682,265.8784749796487,,,none,30.0,65,3,monophasic
Modulated_autosave_20260717_162548_293ms,Triceps long (R),R_TBlg,9,266.8784749796487,274.8784749796487,299.23828435224686,,,none,30.0,65,3,monophasic
Modulated_autosave_20260717_162548_293ms,Triceps long (R),R_TBlg,10,300.23828435224686,308.23828435224686,332.59809372481664,,,none,30.0,65,3,monophasic
Modulated_autosave_20260717_162548_293ms,Triceps long (R),R_TBlg,1,0.7942811753594015,8.794281175359401,32.35980937256977,,,none,30.0,70,3,monophasic
Modulated_autosave_20260717_162548_293ms,Triceps long (R),R_TBlg,2,33.35980937256977,41.35980937256977,65.71961874513954,,,none,30.0,70,3,monophasic
Modulated_autosave_20260717_162548_293ms,Triceps long (R),R_TBlg,3,66.71961874513954,74.71961874513954,99.07942811770931,,,none,30.0,70,3,monophasic
Modulated_autosave_20260717_162548_293ms,Triceps long (R),R_TBlg,4,100.07942811770931,108.07942811770931,132.4392374903075,,,none,30.0,70,3,monophasic
Modulated_autosave_20260717_162548_293ms,Triceps long (R),R_TBlg,5,133.4392374903075,141.4392374903075,165.79904686287728,,,none,30.0,70,3,monophasic
Modulated_autosave_20260717_162548_293ms,Triceps long (R),R_TBlg,6,166.79904686287728,174.79904686287728,199.15885623544705,,,none,30.0,70,3,monophasic
Modulated_autosave_20260717_162548_293ms,Triceps long (R),R_TBlg,7,200.15885623544705,208.15885623544705,232.51866560801682,,,none,30.0,70,3,monophasic
Modulated_autosave_20260717_162548_293ms,Triceps long (R),R_TBlg,8,233.51866560801682,241.51866560801682,265.8784749796487,,,none,30.0,70,3,monophasic
Modulated_autosave_20260717_162548_293ms,Triceps long (R),R_TBlg,9,266.8784749796487,274.8784749796487,299.23828435224686,,,none,30.0,70,3,monophasic
Modulated_autosave_20260717_162548_293ms,Triceps long (R),R_TBlg,10,300.23828435224686,308.23828435224686,332.59809372481664,,,none,30.0,70,3,monophasic
Modulated_autosave_20260717_162548_293ms,Triceps long (R),R_TBlg,1,0.7942811753594015,8.794281175359401,32.35980937256977,,,none,30.0,75,3,monophasic
Modulated_autosave_20260717_162548_293ms,Triceps long (R),R_TBlg,2,33.35980937256977,41.35980937256977,65.71961874513954,,,none,30.0,75,3,monophasic
Modulated_autosave_20260717_162548_293ms,Triceps long (R),R_TBlg,3,66.71961874513954,74.71961874513954,99.07942811770931,,,none,30.0,75,3,monophasic
Modulated_autosave_20260717_162548_293ms,Triceps long (R),R_TBlg,4,100.07942811770931,108.07942811770931,132.4392374903075,,,none,30.0,75,3,monophasic
Modulated_autosave_20260717_162548_293ms,Triceps long (R),R_TBlg,5,133.4392374903075,141.4392374903075,165.79904686287728,,,none,30.0,75,3,monophasic
Modulated_autosave_20260717_162548_293ms,Triceps long (R),R_TBlg,6,166.79904686287728,174.79904686287728,199.15885623544705,,,none,30.0,75,3,monophasic
Modulated_autosave_20260717_162548_293ms,Triceps long (R),R_TBlg,7,200.15885623544705,208.15885623544705,232.51866560801682,,,none,30.0,75,3,monophasic
Modulated_autosave_20260717_162548_293ms,Triceps long (R),R_TBlg,8,233.51866560801682,241.51866560801682,265.8784749796487,,,none,30.0,75,3,monophasic
Modulated_autosave_20260717_162548_293ms,Triceps long (R),R_TBlg,9,266.8784749796487,274.8784749796487,299.23828435224686,,,none,30.0,75,3,monophasic
Modulated_autosave_20260717_162548_293ms,Triceps long (R),R_TBlg,10,300.23828435224686,308.23828435224686,332.59809372481664,,,none,30.0,75,3,monophasic
Modulated_autosave_20260717_162548_293ms,Triceps long (R),R_TBlg,1,0.7942811753594015,8.794281175359401,32.35980937256977,,,none,30.0,80,3,monophasic
Modulated_autosave_20260717_162548_293ms,Triceps long (R),R_TBlg,2,33.35980937256977,41.35980937256977,65.71961874513954,,,none,30.0,80,3,monophasic
Modulated_autosave_20260717_162548_293ms,Triceps long (R),R_TBlg,3,66.71961874513954,74.71961874513954,99.07942811770931,,,none,30.0,80,3,monophasic
Modulated_autosave_20260717_162548_293ms,Triceps long (R),R_TBlg,4,100.07942811770931,108.07942811770931,132.4392374903075,,,none,30.0,80,3,monophasic
Modulated_autosave_20260717_162548_293ms,Triceps long (R),R_TBlg,5,133.4392374903075,141.4392374903075,165.79904686287728,,,none,30.0,80,3,monophasic
Modulated_autosave_20260717_162548_293ms,Triceps long (R),R_TBlg,6,166.79904686287728,174.79904686287728,199.15885623544705,,,none,30.0,80,3,monophasic
Modulated_autosave_20260717_162548_293ms,Triceps long (R),R_TBlg,7,200.15885623544705,208.15885623544705,232.51866560801682,,,none,30.0,80,3,monophasic
Modulated_autosave_20260717_162548_293ms,Triceps long (R),R_TBlg,8,233.51866560801682,241.51866560801682,265.8784749796487,,,none,30.0,80,3,monophasic
Modulated_autosave_20260717_162548_293ms,Triceps long (R),R_TBlg,9,266.8784749796487,274.8784749796487,299.23828435224686,,,none,30.0,80,3,monophasic
Modulated_autosave_20260717_162548_293ms,Triceps long (R),R_TBlg,10,300.23828435224686,308.23828435224686,332.59809372481664,,,none,30.0,80,3,monophasic
Modulated_autosave_20260717_162548_293ms,Triceps long (R),R_TBlg,1,0.7942811753594015,8.794281175359401,32.35980937256977,,,none,30.0,85,3,monophasic
Modulated_autosave_20260717_162548_293ms,Triceps long (R),R_TBlg,2,33.35980937256977,41.35980937256977,65.71961874513954,,,none,30.0,85,3,monophasic
Modulated_autosave_20260717_162548_293ms,Triceps long (R),R_TBlg,3,66.71961874513954,74.71961874513954,99.07942811770931,,,none,30.0,85,3,monophasic
Modulated_autosave_20260717_162548_293ms,Triceps long (R),R_TBlg,4,100.07942811770931,108.07942811770931,132.4392374903075,,,none,30.0,85,3,monophasic
Modulated_autosave_20260717_162548_293ms,Triceps long (R),R_TBlg,5,133.4392374903075,141.4392374903075,165.79904686287728,,,none,30.0,85,3,monophasic
Modulated_autosave_20260717_162548_293ms,Triceps long (R),R_TBlg,6,166.79904686287728,174.79904686287728,199.15885623544705,,,none,30.0,85,3,monophasic
Modulated_autosave_20260717_162548_293ms,Triceps long (R),R_TBlg,7,200.15885623544705,208.15885623544705,232.51866560801682,,,none,30.0,85,3,monophasic
Modulated_autosave_20260717_162548_293ms,Triceps long (R),R_TBlg,8,233.51866560801682,241.51866560801682,265.8784749796487,,,none,30.0,85,3,monophasic
Modulated_autosave_20260717_162548_293ms,Triceps long (R),R_TBlg,9,266.8784749796487,274.8784749796487,299.23828435224686,,,none,30.0,85,3,monophasic
Modulated_autosave_20260717_162548_293ms,Triceps long (R),R_TBlg,10,300.23828435224686,308.23828435224686,332.59809372481664,,,none,30.0,85,3,monophasic
Modulated_autosave_20260717_162548_293ms,Triceps long (R),R_TBlg,1,0.7942811753594015,8.794281175359401,32.35980937256977,,,none,30.0,90,3,monophasic
Modulated_autosave_20260717_162548_293ms,Triceps long (R),R_TBlg,2,33.35980937256977,41.35980937256977,65.71961874513954,,,none,30.0,90,3,monophasic
Modulated_autosave_20260717_162548_293ms,Triceps long (R),R_TBlg,3,66.71961874513954,74.71961874513954,99.07942811770931,,,none,30.0,90,3,monophasic
Modulated_autosave_20260717_162548_293ms,Triceps long (R),R_TBlg,4,100.07942811770931,108.07942811770931,132.4392374903075,,,none,30.0,90,3,monophasic
Modulated_autosave_20260717_162548_293ms,Triceps long (R),R_TBlg,5,133.4392374903075,141.4392374903075,165.79904686287728,,,none,30.0,90,3,monophasic
Modulated_autosave_20260717_162548_293ms,Triceps long (R),R_TBlg,6,166.79904686287728,174.79904686287728,199.15885623544705,,,none,30.0,90,3,monophasic
Modulated_autosave_20260717_162548_293ms,Triceps long (R),R_TBlg,7,200.15885623544705,208.15885623544705,232.51866560801682,,,none,30.0,90,3,monophasic
Modulated_autosave_20260717_162548_293ms,Triceps long (R),R_TBlg,8,233.51866560801682,241.51866560801682,265.8784749796487,,,none,30.0,90,3,monophasic
Modulated_autosave_20260717_162548_293ms,Triceps long (R),R_TBlg,9,266.8784749796487,274.8784749796487,299.23828435224686,,,none,30.0,90,3,monophasic
Modulated_autosave_20260717_162548_293ms,Triceps long (R),R_TBlg,10,300.23828435224686,308.23828435224686,332.59809372481664,,,none,30.0,90,3,monophasic
Modulated_autosave_20260717_162548_293ms,Triceps long (R),R_TBlg,1,0.7942811753594015,8.794281175359401,32.35980937256977,,,none,30.0,95,3,monophasic
Modulated_autosave_20260717_162548_293ms,Triceps long (R),R_TBlg,2,33.35980937256977,41.35980937256977,65.71961874513954,,,none,30.0,95,3,monophasic
Modulated_autosave_20260717_162548_293ms,Triceps long (R),R_TBlg,3,66.71961874513954,74.71961874513954,99.07942811770931,,,none,30.0,95,3,monophasic
Modulated_autosave_20260717_162548_293ms,Triceps long (R),R_TBlg,4,100.07942811770931,108.07942811770931,132.4392374903075,,,none,30.0,95,3,monophasic
Modulated_autosave_20260717_162548_293ms,Triceps long (R),R_TBlg,5,133.4392374903075,141.4392374903075,165.79904686287728,,,none,30.0,95,3,monophasic
Modulated_autosave_20260717_162548_293ms,Triceps long (R),R_TBlg,6,166.79904686287728,174.79904686287728,199.15885623544705,,,none,30.0,95,3,monophasic
Modulated_autosave_20260717_162548_293ms,Triceps long (R),R_TBlg,7,200.15885623544705,208.15885623544705,232.51866560801682,,,none,30.0,95,3,monophasic
Modulated_autosave_20260717_162548_293ms,Triceps long (R),R_TBlg,8,233.51866560801682,241.51866560801682,265.8784749796487,,,none,30.0,95,3,monophasic
Modulated_autosave_20260717_162548_293ms,Triceps long (R),R_TBlg,9,266.8784749796487,274.8784749796487,299.23828435224686,,,none,30.0,95,3,monophasic
Modulated_autosave_20260717_162548_293ms,Triceps long (R),R_TBlg,10,300.23828435224686,308.23828435224686,332.59809372481664,,,none,30.0,95,3,monophasic
Modulated_autosave_20260717_162548_293ms,Triceps long (R),R_TBlg,1,0.7942811753594015,8.794281175359401,32.35980937256977,,,none,30.0,100,3,monophasic
Modulated_autosave_20260717_162548_293ms,Triceps long (R),R_TBlg,2,33.35980937256977,41.35980937256977,65.71961874513954,,,none,30.0,100,3,monophasic
Modulated_autosave_20260717_162548_293ms,Triceps long (R),R_TBlg,3,66.71961874513954,74.71961874513954,99.07942811770931,,,none,30.0,100,3,monophasic
Modulated_autosave_20260717_162548_293ms,Triceps long (R),R_TBlg,4,100.07942811770931,108.07942811770931,132.4392374903075,,,none,30.0,100,3,monophasic
Modulated_autosave_20260717_162548_293ms,Triceps long (R),R_TBlg,5,133.4392374903075,141.4392374903075,165.79904686287728,,,none,30.0,100,3,monophasic
Modulated_autosave_20260717_162548_293ms,Triceps long (R),R_TBlg,6,166.79904686287728,174.79904686287728,199.15885623544705,,,none,30.0,100,3,monophasic
Modulated_autosave_20260717_162548_293ms,Triceps long (R),R_TBlg,7,200.15885623544705,208.15885623544705,232.51866560801682,,,none,30.0,100,3,monophasic
Modulated_autosave_20260717_162548_293ms,Triceps long (R),R_TBlg,8,233.51866560801682,241.51866560801682,265.8784749796487,,,none,30.0,100,3,monophasic
Modulated_autosave_20260717_162548_293ms,Triceps long (R),R_TBlg,9,266.8784749796487,274.8784749796487,299.23828435224686,,,none,30.0,100,3,monophasic
Modulated_autosave_20260717_162548_293ms,Triceps long (R),R_TBlg,10,300.23828435224686,308.23828435224686,332.59809372481664,,,none,30.0,100,3,monophasic
Modulated_autosave_20260717_162548_293ms,Triceps long (R),R_TBlg,1,0.7942811753594015,8.794281175359401,32.35980937256977,,,none,30.0,105,3,monophasic
Modulated_autosave_20260717_162548_293ms,Triceps long (R),R_TBlg,2,33.35980937256977,41.35980937256977,65.71961874513954,,,none,30.0,105,3,monophasic
Modulated_autosave_20260717_162548_293ms,Triceps long (R),R_TBlg,3,66.71961874513954,74.71961874513954,99.07942811770931,,,none,30.0,105,3,monophasic
Modulated_autosave_20260717_162548_293ms,Triceps long (R),R_TBlg,4,100.07942811770931,108.07942811770931,132.4392374903075,,,none,30.0,105,3,monophasic
Modulated_autosave_20260717_162548_293ms,Triceps long (R),R_TBlg,5,133.4392374903075,141.4392374903075,165.79904686287728,,,none,30.0,105,3,monophasic
Modulated_autosave_20260717_162548_293ms,Triceps long (R),R_TBlg,6,166.79904686287728,174.79904686287728,199.15885623544705,,,none,30.0,105,3,monophasic
Modulated_autosave_20260717_162548_293ms,Triceps long (R),R_TBlg,7,200.15885623544705,208.15885623544705,232.51866560801682,,,none,30.0,105,3,monophasic
Modulated_autosave_20260717_162548_293ms,Triceps long (R),R_TBlg,8,233.51866560801682,241.51866560801682,265.8784749796487,,,none,30.0,105,3,monophasic
Modulated_autosave_20260717_162548_293ms,Triceps long (R),R_TBlg,9,266.8784749796487,274.8784749796487,299.23828435224686,,,none,30.0,105,3,monophasic
Modulated_autosave_20260717_162548_293ms,Triceps long (R),R_TBlg,10,300.23828435224686,308.23828435224686,332.59809372481664,,,none,30.0,105,3,monophasic
Modulated_autosave_20260717_162548_293ms,Triceps long (R),R_TBlg,1,0.7942811753594015,8.794281175359401,32.35980937256977,,,none,30.0,110,3,monophasic
Modulated_autosave_20260717_162548_293ms,Triceps long (R),R_TBlg,2,33.35980937256977,41.35980937256977,65.71961874513954,,,none,30.0,110,3,monophasic
Modulated_autosave_20260717_162548_293ms,Triceps long (R),R_TBlg,3,66.71961874513954,74.71961874513954,99.07942811770931,,,none,30.0,110,3,monophasic
Modulated_autosave_20260717_162548_293ms,Triceps long (R),R_TBlg,4,100.07942811770931,108.07942811770931,132.4392374903075,,,none,30.0,110,3,monophasic
Modulated_autosave_20260717_162548_293ms,Triceps long (R),R_TBlg,5,133.4392374903075,141.4392374903075,165.79904686287728,,,none,30.0,110,3,monophasic
Modulated_autosave_20260717_162548_293ms,Triceps long (R),R_TBlg,6,166.79904686287728,174.79904686287728,199.15885623544705,,,none,30.0,110,3,monophasic
Modulated_autosave_20260717_162548_293ms,Triceps long (R),R_TBlg,7,200.15885623544705,208.15885623544705,232.51866560801682,,,none,30.0,110,3,monophasic
Modulated_autosave_20260717_162548_293ms,Triceps long (R),R_TBlg,8,233.51866560801682,241.51866560801682,265.8784749796487,,,none,30.0,110,3,monophasic
Modulated_autosave_20260717_162548_293ms,Triceps long (R),R_TBlg,9,266.8784749796487,274.8784749796487,299.23828435224686,,,none,30.0,110,3,monophasic
Modulated_autosave_20260717_162548_293ms,Triceps long (R),R_TBlg,10,300.23828435224686,308.23828435224686,332.59809372481664,,,none,30.0,110,3,monophasic
Modulated_autosave_20260717_162548_293ms,Triceps long (R),R_TBlg,1,0.7942811753594015,8.794281175359401,32.35980937256977,,,none,30.0,115,3,monophasic
Modulated_autosave_20260717_162548_293ms,Triceps long (R),R_TBlg,2,33.35980937256977,41.35980937256977,65.71961874513954,,,none,30.0,115,3,monophasic
Modulated_autosave_20260717_162548_293ms,Triceps long (R),R_TBlg,3,66.71961874513954,74.71961874513954,99.07942811770931,,,none,30.0,115,3,monophasic
Modulated_autosave_20260717_162548_293ms,Triceps long (R),R_TBlg,4,100.07942811770931,108.07942811770931,132.4392374903075,,,none,30.0,115,3,monophasic
Modulated_autosave_20260717_162548_293ms,Triceps long (R),R_TBlg,5,133.4392374903075,141.4392374903075,165.79904686287728,,,none,30.0,115,3,monophasic
Modulated_autosave_20260717_162548_293ms,Triceps long (R),R_TBlg,6,166.79904686287728,174.79904686287728,199.15885623544705,,,none,30.0,115,3,monophasic
Modulated_autosave_20260717_162548_293ms,Triceps long (R),R_TBlg,7,200.15885623544705,208.15885623544705,232.51866560801682,,,none,30.0,115,3,monophasic
Modulated_autosave_20260717_162548_293ms,Triceps long (R),R_TBlg,8,233.51866560801682,241.51866560801682,265.8784749796487,,,none,30.0,115,3,monophasic
Modulated_autosave_20260717_162548_293ms,Triceps long (R),R_TBlg,9,266.8784749796487,274.8784749796487,299.23828435224686,,,none,30.0,115,3,monophasic
Modulated_autosave_20260717_162548_293ms,Triceps long (R),R_TBlg,10,300.23828435224686,308.23828435224686,332.59809372481664,,,none,30.0,115,3,monophasic
Modulated_autosave_20260717_162548_293ms,Triceps long (R),R_TBlg,1,0.7942811753594015,8.794281175359401,32.35980937256977,,,none,30.0,120,3,monophasic
Modulated_autosave_20260717_162548_293ms,Triceps long (R),R_TBlg,2,33.35980937256977,41.35980937256977,65.71961874513954,,,none,30.0,120,3,monophasic
Modulated_autosave_20260717_162548_293ms,Triceps long (R),R_TBlg,3,66.71961874513954,74.71961874513954,99.07942811770931,,,none,30.0,120,3,monophasic
Modulated_autosave_20260717_162548_293ms,Triceps long (R),R_TBlg,4,100.07942811770931,108.07942811770931,132.4392374903075,,,none,30.0,120,3,monophasic
Modulated_autosave_20260717_162548_293ms,Triceps long (R),R_TBlg,5,133.4392374903075,141.4392374903075,165.79904686287728,,,none,30.0,120,3,monophasic
Modulated_autosave_20260717_162548_293ms,Triceps long (R),R_TBlg,6,166.79904686287728,174.79904686287728,199.15885623544705,,,none,30.0,120,3,monophasic
Modulated_autosave_20260717_162548_293ms,Triceps long (R),R_TBlg,7,200.15885623544705,208.15885623544705,232.51866560801682,,,none,30.0,120,3,monophasic
Modulated_autosave_20260717_162548_293ms,Triceps long (R),R_TBlg,8,233.51866560801682,241.51866560801682,265.8784749796487,,,none,30.0,120,3,monophasic
Modulated_autosave_20260717_162548_293ms,Triceps long (R),R_TBlg,9,266.8784749796487,274.8784749796487,299.23828435224686,,,none,30.0,120,3,monophasic
Modulated_autosave_20260717_162548_293ms,Triceps long (R),R_TBlg,10,300.23828435224686,308.23828435224686,332.59809372481664,,,none,30.0,120,3,monophasic
Modulated_autosave_20260717_162548_293ms,Trapezius (R),R_TR,1,0.7942811753594015,8.794281175359401,32.35980937256977,,,none,30.0,25,3,monophasic
Modulated_autosave_20260717_162548_293ms,Trapezius (R),R_TR,2,33.35980937256977,41.35980937256977,65.71961874513954,,,none,30.0,25,3,monophasic
Modulated_autosave_20260717_162548_293ms,Trapezius (R),R_TR,3,66.71961874513954,74.71961874513954,99.07942811770931,,,none,30.0,25,3,monophasic
Modulated_autosave_20260717_162548_293ms,Trapezius (R),R_TR,4,100.07942811770931,108.07942811770931,132.4392374903075,,,none,30.0,25,3,monophasic
Modulated_autosave_20260717_162548_293ms,Trapezius (R),R_TR,5,133.4392374903075,141.4392374903075,165.79904686287728,,,none,30.0,25,3,monophasic
Modulated_autosave_20260717_162548_293ms,Trapezius (R),R_TR,6,166.79904686287728,174.79904686287728,199.15885623544705,,,none,30.0,25,3,monophasic
Modulated_autosave_20260717_162548_293ms,Trapezius (R),R_TR,7,200.15885623544705,208.15885623544705,232.51866560801682,,,none,30.0,25,3,monophasic
Modulated_autosave_20260717_162548_293ms,Trapezius (R),R_TR,8,233.51866560801682,241.51866560801682,265.8784749796487,,,none,30.0,25,3,monophasic
Modulated_autosave_20260717_162548_293ms,Trapezius (R),R_TR,9,266.8784749796487,274.8784749796487,299.23828435224686,,,none,30.0,25,3,monophasic
Modulated_autosave_20260717_162548_293ms,Trapezius (R),R_TR,10,300.23828435224686,308.23828435224686,332.59809372481664,,,none,30.0,25,3,monophasic
Modulated_autosave_20260717_162548_293ms,Trapezius (R),R_TR,1,0.7942811753594015,8.794281175359401,32.35980937256977,,,none,30.0,30,3,monophasic
Modulated_autosave_20260717_162548_293ms,Trapezius (R),R_TR,2,33.35980937256977,41.35980937256977,65.71961874513954,,,none,30.0,30,3,monophasic
Modulated_autosave_20260717_162548_293ms,Trapezius (R),R_TR,3,66.71961874513954,74.71961874513954,99.07942811770931,,,none,30.0,30,3,monophasic
Modulated_autosave_20260717_162548_293ms,Trapezius (R),R_TR,4,100.07942811770931,108.07942811770931,132.4392374903075,,,none,30.0,30,3,monophasic
Modulated_autosave_20260717_162548_293ms,Trapezius (R),R_TR,5,133.4392374903075,141.4392374903075,165.79904686287728,,,none,30.0,30,3,monophasic
Modulated_autosave_20260717_162548_293ms,Trapezius (R),R_TR,6,166.79904686287728,174.79904686287728,199.15885623544705,,,none,30.0,30,3,monophasic
Modulated_autosave_20260717_162548_293ms,Trapezius (R),R_TR,7,200.15885623544705,208.15885623544705,232.51866560801682,,,none,30.0,30,3,monophasic
Modulated_autosave_20260717_162548_293ms,Trapezius (R),R_TR,8,233.51866560801682,241.51866560801682,265.8784749796487,,,none,30.0,30,3,monophasic
Modulated_autosave_20260717_162548_293ms,Trapezius (R),R_TR,9,266.8784749796487,274.8784749796487,299.23828435224686,,,none,30.0,30,3,monophasic
Modulated_autosave_20260717_162548_293ms,Trapezius (R),R_TR,10,300.23828435224686,308.23828435224686,332.59809372481664,,,none,30.0,30,3,monophasic
Modulated_autosave_20260717_162548_293ms,Trapezius (R),R_TR,1,0.7942811753594015,8.794281175359401,32.35980937256977,,,none,30.0,35,3,monophasic
Modulated_autosave_20260717_162548_293ms,Trapezius (R),R_TR,2,33.35980937256977,41.35980937256977,65.71961874513954,,,none,30.0,35,3,monophasic
Modulated_autosave_20260717_162548_293ms,Trapezius (R),R_TR,3,66.71961874513954,74.71961874513954,99.07942811770931,,,none,30.0,35,3,monophasic
Modulated_autosave_20260717_162548_293ms,Trapezius (R),R_TR,4,100.07942811770931,108.07942811770931,132.4392374903075,,,none,30.0,35,3,monophasic
Modulated_autosave_20260717_162548_293ms,Trapezius (R),R_TR,5,133.4392374903075,141.4392374903075,165.79904686287728,,,none,30.0,35,3,monophasic
Modulated_autosave_20260717_162548_293ms,Trapezius (R),R_TR,6,166.79904686287728,174.79904686287728,199.15885623544705,,,none,30.0,35,3,monophasic
Modulated_autosave_20260717_162548_293ms,Trapezius (R),R_TR,7,200.15885623544705,208.15885623544705,232.51866560801682,,,none,30.0,35,3,monophasic
Modulated_autosave_20260717_162548_293ms,Trapezius (R),R_TR,8,233.51866560801682,241.51866560801682,265.8784749796487,,,none,30.0,35,3,monophasic
Modulated_autosave_20260717_162548_293ms,Trapezius (R),R_TR,9,266.8784749796487,274.8784749796487,299.23828435224686,,,none,30.0,35,3,monophasic
Modulated_autosave_20260717_162548_293ms,Trapezius (R),R_TR,10,300.23828435224686,308.23828435224686,332.59809372481664,,,none,30.0,35,3,monophasic
Modulated_autosave_20260717_162548_293ms,Trapezius (R),R_TR,1,0.7942811753594015,8.794281175359401,32.35980937256977,,,none,30.0,40,3,monophasic
Modulated_autosave_20260717_162548_293ms,Trapezius (R),R_TR,2,33.35980937256977,41.35980937256977,65.71961874513954,,,none,30.0,40,3,monophasic
Modulated_autosave_20260717_162548_293ms,Trapezius (R),R_TR,3,66.71961874513954,74.71961874513954,99.07942811770931,,,none,30.0,40,3,monophasic
Modulated_autosave_20260717_162548_293ms,Trapezius (R),R_TR,4,100.07942811770931,108.07942811770931,132.4392374903075,,,none,30.0,40,3,monophasic
Modulated_autosave_20260717_162548_293ms,Trapezius (R),R_TR,5,133.4392374903075,141.4392374903075,165.79904686287728,,,none,30.0,40,3,monophasic
Modulated_autosave_20260717_162548_293ms,Trapezius (R),R_TR,6,166.79904686287728,174.79904686287728,199.15885623544705,,,none,30.0,40,3,monophasic
Modulated_autosave_20260717_162548_293ms,Trapezius (R),R_TR,7,200.15885623544705,208.15885623544705,232.51866560801682,,,none,30.0,40,3,monophasic
Modulated_autosave_20260717_162548_293ms,Trapezius (R),R_TR,8,233.51866560801682,241.51866560801682,265.8784749796487,,,none,30.0,40,3,monophasic
Modulated_autosave_20260717_162548_293ms,Trapezius (R),R_TR,9,266.8784749796487,274.8784749796487,299.23828435224686,,,none,30.0,40,3,monophasic
Modulated_autosave_20260717_162548_293ms,Trapezius (R),R_TR,10,300.23828435224686,308.23828435224686,332.59809372481664,,,none,30.0,40,3,monophasic
Modulated_autosave_20260717_162548_293ms,Trapezius (R),R_TR,1,0.7942811753594015,8.794281175359401,32.35980937256977,,,none,30.0,45,3,monophasic
Modulated_autosave_20260717_162548_293ms,Trapezius (R),R_TR,2,33.35980937256977,41.35980937256977,65.71961874513954,,,none,30.0,45,3,monophasic
Modulated_autosave_20260717_162548_293ms,Trapezius (R),R_TR,3,66.71961874513954,74.71961874513954,99.07942811770931,,,none,30.0,45,3,monophasic
Modulated_autosave_20260717_162548_293ms,Trapezius (R),R_TR,4,100.07942811770931,108.07942811770931,132.4392374903075,,,none,30.0,45,3,monophasic
Modulated_autosave_20260717_162548_293ms,Trapezius (R),R_TR,5,133.4392374903075,141.4392374903075,165.79904686287728,,,none,30.0,45,3,monophasic
Modulated_autosave_20260717_162548_293ms,Trapezius (R),R_TR,6,166.79904686287728,174.79904686287728,199.15885623544705,,,none,30.0,45,3,monophasic
Modulated_autosave_20260717_162548_293ms,Trapezius (R),R_TR,7,200.15885623544705,208.15885623544705,232.51866560801682,,,none,30.0,45,3,monophasic
Modulated_autosave_20260717_162548_293ms,Trapezius (R),R_TR,8,233.51866560801682,241.51866560801682,265.8784749796487,,,none,30.0,45,3,monophasic
Modulated_autosave_20260717_162548_293ms,Trapezius (R),R_TR,9,266.8784749796487,274.8784749796487,299.23828435224686,,,none,30.0,45,3,monophasic
Modulated_autosave_20260717_162548_293ms,Trapezius (R),R_TR,10,300.23828435224686,308.23828435224686,332.59809372481664,,,none,30.0,45,3,monophasic
Modulated_autosave_20260717_162548_293ms,Trapezius (R),R_TR,1,0.7942811753594015,8.794281175359401,32.35980937256977,,,none,30.0,50,3,monophasic
Modulated_autosave_20260717_162548_293ms,Trapezius (R),R_TR,2,33.35980937256977,41.35980937256977,65.71961874513954,,,none,30.0,50,3,monophasic
Modulated_autosave_20260717_162548_293ms,Trapezius (R),R_TR,3,66.71961874513954,74.71961874513954,99.07942811770931,,,none,30.0,50,3,monophasic
Modulated_autosave_20260717_162548_293ms,Trapezius (R),R_TR,4,100.07942811770931,108.07942811770931,132.4392374903075,,,none,30.0,50,3,monophasic
Modulated_autosave_20260717_162548_293ms,Trapezius (R),R_TR,5,133.4392374903075,141.4392374903075,165.79904686287728,,,none,30.0,50,3,monophasic
Modulated_autosave_20260717_162548_293ms,Trapezius (R),R_TR,6,166.79904686287728,174.79904686287728,199.15885623544705,,,none,30.0,50,3,monophasic
Modulated_autosave_20260717_162548_293ms,Trapezius (R),R_TR,7,200.15885623544705,208.15885623544705,232.51866560801682,,,none,30.0,50,3,monophasic
Modulated_autosave_20260717_162548_293ms,Trapezius (R),R_TR,8,233.51866560801682,241.51866560801682,265.8784749796487,,,none,30.0,50,3,monophasic
Modulated_autosave_20260717_162548_293ms,Trapezius (R),R_TR,9,266.8784749796487,274.8784749796487,299.23828435224686,,,none,30.0,50,3,monophasic
Modulated_autosave_20260717_162548_293ms,Trapezius (R),R_TR,10,300.23828435224686,308.23828435224686,332.59809372481664,,,none,30.0,50,3,monophasic
Modulated_autosave_20260717_162548_293ms,Trapezius (R),R_TR,1,0.7942811753594015,8.794281175359401,32.35980937256977,,,none,30.0,55,3,monophasic
Modulated_autosave_20260717_162548_293ms,Trapezius (R),R_TR,2,33.35980937256977,41.35980937256977,65.71961874513954,,,none,30.0,55,3,monophasic
Modulated_autosave_20260717_162548_293ms,Trapezius (R),R_TR,3,66.71961874513954,74.71961874513954,99.07942811770931,,,none,30.0,55,3,monophasic
Modulated_autosave_20260717_162548_293ms,Trapezius (R),R_TR,4,100.07942811770931,108.07942811770931,132.4392374903075,,,none,30.0,55,3,monophasic
Modulated_autosave_20260717_162548_293ms,Trapezius (R),R_TR,5,133.4392374903075,141.4392374903075,165.79904686287728,,,none,30.0,55,3,monophasic
Modulated_autosave_20260717_162548_293ms,Trapezius (R),R_TR,6,166.79904686287728,174.79904686287728,199.15885623544705,,,none,30.0,55,3,monophasic
Modulated_autosave_20260717_162548_293ms,Trapezius (R),R_TR,7,200.15885623544705,208.15885623544705,232.51866560801682,,,none,30.0,55,3,monophasic
Modulated_autosave_20260717_162548_293ms,Trapezius (R),R_TR,8,233.51866560801682,241.51866560801682,265.8784749796487,,,none,30.0,55,3,monophasic
Modulated_autosave_20260717_162548_293ms,Trapezius (R),R_TR,9,266.8784749796487,274.8784749796487,299.23828435224686,,,none,30.0,55,3,monophasic
Modulated_autosave_20260717_162548_293ms,Trapezius (R),R_TR,10,300.23828435224686,308.23828435224686,332.59809372481664,,,none,30.0,55,3,monophasic
Modulated_autosave_20260717_162548_293ms,Trapezius (R),R_TR,1,0.7942811753594015,8.794281175359401,32.35980937256977,,,none,30.0,60,3,monophasic
Modulated_autosave_20260717_162548_293ms,Trapezius (R),R_TR,2,33.35980937256977,41.35980937256977,65.71961874513954,,,none,30.0,60,3,monophasic
Modulated_autosave_20260717_162548_293ms,Trapezius (R),R_TR,3,66.71961874513954,74.71961874513954,99.07942811770931,,,none,30.0,60,3,monophasic
Modulated_autosave_20260717_162548_293ms,Trapezius (R),R_TR,4,100.07942811770931,108.07942811770931,132.4392374903075,,,none,30.0,60,3,monophasic
Modulated_autosave_20260717_162548_293ms,Trapezius (R),R_TR,5,133.4392374903075,141.4392374903075,165.79904686287728,,,none,30.0,60,3,monophasic
Modulated_autosave_20260717_162548_293ms,Trapezius (R),R_TR,6,166.79904686287728,174.79904686287728,199.15885623544705,,,none,30.0,60,3,monophasic
Modulated_autosave_20260717_162548_293ms,Trapezius (R),R_TR,7,200.15885623544705,208.15885623544705,232.51866560801682,,,none,30.0,60,3,monophasic
Modulated_autosave_20260717_162548_293ms,Trapezius (R),R_TR,8,233.51866560801682,241.51866560801682,265.8784749796487,,,none,30.0,60,3,monophasic
Modulated_autosave_20260717_162548_293ms,Trapezius (R),R_TR,9,266.8784749796487,274.8784749796487,299.23828435224686,,,none,30.0,60,3,monophasic
Modulated_autosave_20260717_162548_293ms,Trapezius (R),R_TR,10,300.23828435224686,308.23828435224686,332.59809372481664,,,none,30.0,60,3,monophasic
Modulated_autosave_20260717_162548_293ms,Trapezius (R),R_TR,1,0.7942811753594015,8.794281175359401,32.35980937256977,,,none,30.0,65,3,monophasic
Modulated_autosave_20260717_162548_293ms,Trapezius (R),R_TR,2,33.35980937256977,41.35980937256977,65.71961874513954,,,none,30.0,65,3,monophasic
Modulated_autosave_20260717_162548_293ms,Trapezius (R),R_TR,3,66.71961874513954,74.71961874513954,99.07942811770931,,,none,30.0,65,3,monophasic
Modulated_autosave_20260717_162548_293ms,Trapezius (R),R_TR,4,100.07942811770931,108.07942811770931,132.4392374903075,,,none,30.0,65,3,monophasic
Modulated_autosave_20260717_162548_293ms,Trapezius (R),R_TR,5,133.4392374903075,141.4392374903075,165.79904686287728,,,none,30.0,65,3,monophasic
Modulated_autosave_20260717_162548_293ms,Trapezius (R),R_TR,6,166.79904686287728,174.79904686287728,199.15885623544705,,,none,30.0,65,3,monophasic
Modulated_autosave_20260717_162548_293ms,Trapezius (R),R_TR,7,200.15885623544705,208.15885623544705,232.51866560801682,,,none,30.0,65,3,monophasic
Modulated_autosave_20260717_162548_293ms,Trapezius (R),R_TR,8,233.51866560801682,241.51866560801682,265.8784749796487,,,none,30.0,65,3,monophasic
Modulated_autosave_20260717_162548_293ms,Trapezius (R),R_TR,9,266.8784749796487,274.8784749796487,299.23828435224686,,,none,30.0,65,3,monophasic
Modulated_autosave_20260717_162548_293ms,Trapezius (R),R_TR,10,300.23828435224686,308.23828435224686,332.59809372481664,,,none,30.0,65,3,monophasic
Modulated_autosave_20260717_162548_293ms,Trapezius (R),R_TR,1,0.7942811753594015,8.794281175359401,32.35980937256977,,,none,30.0,70,3,monophasic
Modulated_autosave_20260717_162548_293ms,Trapezius (R),R_TR,2,33.35980937256977,41.35980937256977,65.71961874513954,,,none,30.0,70,3,monophasic
Modulated_autosave_20260717_162548_293ms,Trapezius (R),R_TR,3,66.71961874513954,74.71961874513954,99.07942811770931,,,none,30.0,70,3,monophasic
Modulated_autosave_20260717_162548_293ms,Trapezius (R),R_TR,4,100.07942811770931,108.07942811770931,132.4392374903075,,,none,30.0,70,3,monophasic
Modulated_autosave_20260717_162548_293ms,Trapezius (R),R_TR,5,133.4392374903075,141.4392374903075,165.79904686287728,,,none,30.0,70,3,monophasic
Modulated_autosave_20260717_162548_293ms,Trapezius (R),R_TR,6,166.79904686287728,174.79904686287728,199.15885623544705,,,none,30.0,70,3,monophasic
Modulated_autosave_20260717_162548_293ms,Trapezius (R),R_TR,7,200.15885623544705,208.15885623544705,232.51866560801682,,,none,30.0,70,3,monophasic
Modulated_autosave_20260717_162548_293ms,Trapezius (R),R_TR,8,233.51866560801682,241.51866560801682,265.8784749796487,,,none,30.0,70,3,monophasic
Modulated_autosave_20260717_162548_293ms,Trapezius (R),R_TR,9,266.8784749796487,274.8784749796487,299.23828435224686,,,none,30.0,70,3,monophasic
Modulated_autosave_20260717_162548_293ms,Trapezius (R),R_TR,10,300.23828435224686,308.23828435224686,332.59809372481664,,,none,30.0,70,3,monophasic
Modulated_autosave_20260717_162548_293ms,Trapezius (R),R_TR,1,0.7942811753594015,8.794281175359401,32.35980937256977,,,none,30.0,75,3,monophasic
Modulated_autosave_20260717_162548_293ms,Trapezius (R),R_TR,2,33.35980937256977,41.35980937256977,65.71961874513954,,,none,30.0,75,3,monophasic
Modulated_autosave_20260717_162548_293ms,Trapezius (R),R_TR,3,66.71961874513954,74.71961874513954,99.07942811770931,,,none,30.0,75,3,monophasic
Modulated_autosave_20260717_162548_293ms,Trapezius (R),R_TR,4,100.07942811770931,108.07942811770931,132.4392374903075,,,none,30.0,75,3,monophasic
Modulated_autosave_20260717_162548_293ms,Trapezius (R),R_TR,5,133.4392374903075,141.4392374903075,165.79904686287728,,,none,30.0,75,3,monophasic
Modulated_autosave_20260717_162548_293ms,Trapezius (R),R_TR,6,166.79904686287728,174.79904686287728,199.15885623544705,,,none,30.0,75,3,monophasic
Modulated_autosave_20260717_162548_293ms,Trapezius (R),R_TR,7,200.15885623544705,208.15885623544705,232.51866560801682,,,none,30.0,75,3,monophasic
Modulated_autosave_20260717_162548_293ms,Trapezius (R),R_TR,8,233.51866560801682,241.51866560801682,265.8784749796487,,,none,30.0,75,3,monophasic
Modulated_autosave_20260717_162548_293ms,Trapezius (R),R_TR,9,266.8784749796487,274.8784749796487,299.23828435224686,,,none,30.0,75,3,monophasic
Modulated_autosave_20260717_162548_293ms,Trapezius (R),R_TR,10,300.23828435224686,308.23828435224686,332.59809372481664,,,none,30.0,75,3,monophasic
Modulated_autosave_20260717_162548_293ms,Trapezius (R),R_TR,1,0.7942811753594015,8.794281175359401,32.35980937256977,,,none,30.0,80,3,monophasic
Modulated_autosave_20260717_162548_293ms,Trapezius (R),R_TR,2,33.35980937256977,41.35980937256977,65.71961874513954,,,none,30.0,80,3,monophasic
Modulated_autosave_20260717_162548_293ms,Trapezius (R),R_TR,3,66.71961874513954,74.71961874513954,99.07942811770931,,,none,30.0,80,3,monophasic
Modulated_autosave_20260717_162548_293ms,Trapezius (R),R_TR,4,100.07942811770931,108.07942811770931,132.4392374903075,,,none,30.0,80,3,monophasic
Modulated_autosave_20260717_162548_293ms,Trapezius (R),R_TR,5,133.4392374903075,141.4392374903075,165.79904686287728,,,none,30.0,80,3,monophasic
Modulated_autosave_20260717_162548_293ms,Trapezius (R),R_TR,6,166.79904686287728,174.79904686287728,199.15885623544705,,,none,30.0,80,3,monophasic
Modulated_autosave_20260717_162548_293ms,Trapezius (R),R_TR,7,200.15885623544705,208.15885623544705,232.51866560801682,,,none,30.0,80,3,monophasic
Modulated_autosave_20260717_162548_293ms,Trapezius (R),R_TR,8,233.51866560801682,241.51866560801682,265.8784749796487,,,none,30.0,80,3,monophasic
Modulated_autosave_20260717_162548_293ms,Trapezius (R),R_TR,9,266.8784749796487,274.8784749796487,299.23828435224686,,,none,30.0,80,3,monophasic
Modulated_autosave_20260717_162548_293ms,Trapezius (R),R_TR,10,300.23828435224686,308.23828435224686,332.59809372481664,,,none,30.0,80,3,monophasic
Modulated_autosave_20260717_162548_293ms,Trapezius (R),R_TR,1,0.7942811753594015,8.794281175359401,32.35980937256977,,,none,30.0,85,3,monophasic
Modulated_autosave_20260717_162548_293ms,Trapezius (R),R_TR,2,33.35980937256977,41.35980937256977,65.71961874513954,,,none,30.0,85,3,monophasic
Modulated_autosave_20260717_162548_293ms,Trapezius (R),R_TR,3,66.71961874513954,74.71961874513954,99.07942811770931,,,none,30.0,85,3,monophasic
Modulated_autosave_20260717_162548_293ms,Trapezius (R),R_TR,4,100.07942811770931,108.07942811770931,132.4392374903075,,,none,30.0,85,3,monophasic
Modulated_autosave_20260717_162548_293ms,Trapezius (R),R_TR,5,133.4392374903075,141.4392374903075,165.79904686287728,,,none,30.0,85,3,monophasic
Modulated_autosave_20260717_162548_293ms,Trapezius (R),R_TR,6,166.79904686287728,174.79904686287728,199.15885623544705,,,none,30.0,85,3,monophasic
Modulated_autosave_20260717_162548_293ms,Trapezius (R),R_TR,7,200.15885623544705,208.15885623544705,232.51866560801682,,,none,30.0,85,3,monophasic
Modulated_autosave_20260717_162548_293ms,Trapezius (R),R_TR,8,233.51866560801682,241.51866560801682,265.8784749796487,,,none,30.0,85,3,monophasic
Modulated_autosave_20260717_162548_293ms,Trapezius (R),R_TR,9,266.8784749796487,274.8784749796487,299.23828435224686,,,none,30.0,85,3,monophasic
Modulated_autosave_20260717_162548_293ms,Trapezius (R),R_TR,10,300.23828435224686,308.23828435224686,332.59809372481664,,,none,30.0,85,3,monophasic
Modulated_autosave_20260717_162548_293ms,Trapezius (R),R_TR,1,0.7942811753594015,8.794281175359401,32.35980937256977,,,none,30.0,90,3,monophasic
Modulated_autosave_20260717_162548_293ms,Trapezius (R),R_TR,2,33.35980937256977,41.35980937256977,65.71961874513954,,,none,30.0,90,3,monophasic
Modulated_autosave_20260717_162548_293ms,Trapezius (R),R_TR,3,66.71961874513954,74.71961874513954,99.07942811770931,,,none,30.0,90,3,monophasic
Modulated_autosave_20260717_162548_293ms,Trapezius (R),R_TR,4,100.07942811770931,108.07942811770931,132.4392374903075,,,none,30.0,90,3,monophasic
Modulated_autosave_20260717_162548_293ms,Trapezius (R),R_TR,5,133.4392374903075,141.4392374903075,165.79904686287728,,,none,30.0,90,3,monophasic
Modulated_autosave_20260717_162548_293ms,Trapezius (R),R_TR,6,166.79904686287728,174.79904686287728,199.15885623544705,,,none,30.0,90,3,monophasic
Modulated_autosave_20260717_162548_293ms,Trapezius (R),R_TR,7,200.15885623544705,208.15885623544705,232.51866560801682,,,none,30.0,90,3,monophasic
Modulated_autosave_20260717_162548_293ms,Trapezius (R),R_TR,8,233.51866560801682,241.51866560801682,265.8784749796487,,,none,30.0,90,3,monophasic
Modulated_autosave_20260717_162548_293ms,Trapezius (R),R_TR,9,266.8784749796487,274.8784749796487,299.23828435224686,,,none,30.0,90,3,monophasic
Modulated_autosave_20260717_162548_293ms,Trapezius (R),R_TR,10,300.23828435224686,308.23828435224686,332.59809372481664,,,none,30.0,90,3,monophasic
Modulated_autosave_20260717_162548_293ms,Trapezius (R),R_TR,1,0.7942811753594015,8.794281175359401,32.35980937256977,,,none,30.0,95,3,monophasic
Modulated_autosave_20260717_162548_293ms,Trapezius (R),R_TR,2,33.35980937256977,41.35980937256977,65.71961874513954,,,none,30.0,95,3,monophasic
Modulated_autosave_20260717_162548_293ms,Trapezius (R),R_TR,3,66.71961874513954,74.71961874513954,99.07942811770931,,,none,30.0,95,3,monophasic
Modulated_autosave_20260717_162548_293ms,Trapezius (R),R_TR,4,100.07942811770931,108.07942811770931,132.4392374903075,,,none,30.0,95,3,monophasic
Modulated_autosave_20260717_162548_293ms,Trapezius (R),R_TR,5,133.4392374903075,141.4392374903075,165.79904686287728,,,none,30.0,95,3,monophasic
Modulated_autosave_20260717_162548_293ms,Trapezius (R),R_TR,6,166.79904686287728,174.79904686287728,199.15885623544705,,,none,30.0,95,3,monophasic
Modulated_autosave_20260717_162548_293ms,Trapezius (R),R_TR,7,200.15885623544705,208.15885623544705,232.51866560801682,,,none,30.0,95,3,monophasic
Modulated_autosave_20260717_162548_293ms,Trapezius (R),R_TR,8,233.51866560801682,241.51866560801682,265.8784749796487,,,none,30.0,95,3,monophasic
Modulated_autosave_20260717_162548_293ms,Trapezius (R),R_TR,9,266.8784749796487,274.8784749796487,299.23828435224686,,,none,30.0,95,3,monophasic
Modulated_autosave_20260717_162548_293ms,Trapezius (R),R_TR,10,300.23828435224686,308.23828435224686,332.59809372481664,,,none,30.0,95,3,monophasic
Modulated_autosave_20260717_162548_293ms,Trapezius (R),R_TR,1,0.7942811753594015,8.794281175359401,32.35980937256977,,,none,30.0,100,3,monophasic
Modulated_autosave_20260717_162548_293ms,Trapezius (R),R_TR,2,33.35980937256977,41.35980937256977,65.71961874513954,,,none,30.0,100,3,monophasic
Modulated_autosave_20260717_162548_293ms,Trapezius (R),R_TR,3,66.71961874513954,74.71961874513954,99.07942811770931,,,none,30.0,100,3,monophasic
Modulated_autosave_20260717_162548_293ms,Trapezius (R),R_TR,4,100.07942811770931,108.07942811770931,132.4392374903075,,,none,30.0,100,3,monophasic
Modulated_autosave_20260717_162548_293ms,Trapezius (R),R_TR,5,133.4392374903075,141.4392374903075,165.79904686287728,,,none,30.0,100,3,monophasic
Modulated_autosave_20260717_162548_293ms,Trapezius (R),R_TR,6,166.79904686287728,174.79904686287728,199.15885623544705,,,none,30.0,100,3,monophasic
Modulated_autosave_20260717_162548_293ms,Trapezius (R),R_TR,7,200.15885623544705,208.15885623544705,232.51866560801682,,,none,30.0,100,3,monophasic
Modulated_autosave_20260717_162548_293ms,Trapezius (R),R_TR,8,233.51866560801682,241.51866560801682,265.8784749796487,,,none,30.0,100,3,monophasic
Modulated_autosave_20260717_162548_293ms,Trapezius (R),R_TR,9,266.8784749796487,274.8784749796487,299.23828435224686,,,none,30.0,100,3,monophasic
Modulated_autosave_20260717_162548_293ms,Trapezius (R),R_TR,10,300.23828435224686,308.23828435224686,332.59809372481664,,,none,30.0,100,3,monophasic
Modulated_autosave_20260717_162548_293ms,Trapezius (R),R_TR,1,0.7942811753594015,8.794281175359401,32.35980937256977,,,none,30.0,105,3,monophasic
Modulated_autosave_20260717_162548_293ms,Trapezius (R),R_TR,2,33.35980937256977,41.35980937256977,65.71961874513954,,,none,30.0,105,3,monophasic
Modulated_autosave_20260717_162548_293ms,Trapezius (R),R_TR,3,66.71961874513954,74.71961874513954,99.07942811770931,,,none,30.0,105,3,monophasic
Modulated_autosave_20260717_162548_293ms,Trapezius (R),R_TR,4,100.07942811770931,108.07942811770931,132.4392374903075,,,none,30.0,105,3,monophasic
Modulated_autosave_20260717_162548_293ms,Trapezius (R),R_TR,5,133.4392374903075,141.4392374903075,165.79904686287728,,,none,30.0,105,3,monophasic
Modulated_autosave_20260717_162548_293ms,Trapezius (R),R_TR,6,166.79904686287728,174.79904686287728,199.15885623544705,,,none,30.0,105,3,monophasic
Modulated_autosave_20260717_162548_293ms,Trapezius (R),R_TR,7,200.15885623544705,208.15885623544705,232.51866560801682,,,none,30.0,105,3,monophasic
Modulated_autosave_20260717_162548_293ms,Trapezius (R),R_TR,8,233.51866560801682,241.51866560801682,265.8784749796487,,,none,30.0,105,3,monophasic
Modulated_autosave_20260717_162548_293ms,Trapezius (R),R_TR,9,266.8784749796487,274.8784749796487,299.23828435224686,,,none,30.0,105,3,monophasic
Modulated_autosave_20260717_162548_293ms,Trapezius (R),R_TR,10,300.23828435224686,308.23828435224686,332.59809372481664,,,none,30.0,105,3,monophasic
Modulated_autosave_20260717_162548_293ms,Trapezius (R),R_TR,1,0.7942811753594015,8.794281175359401,32.35980937256977,,,none,30.0,110,3,monophasic
Modulated_autosave_20260717_162548_293ms,Trapezius (R),R_TR,2,33.35980937256977,41.35980937256977,65.71961874513954,,,none,30.0,110,3,monophasic
Modulated_autosave_20260717_162548_293ms,Trapezius (R),R_TR,3,66.71961874513954,74.71961874513954,99.07942811770931,,,none,30.0,110,3,monophasic
Modulated_autosave_20260717_162548_293ms,Trapezius (R),R_TR,4,100.07942811770931,108.07942811770931,132.4392374903075,,,none,30.0,110,3,monophasic
Modulated_autosave_20260717_162548_293ms,Trapezius (R),R_TR,5,133.4392374903075,141.4392374903075,165.79904686287728,,,none,30.0,110,3,monophasic
Modulated_autosave_20260717_162548_293ms,Trapezius (R),R_TR,6,166.79904686287728,174.79904686287728,199.15885623544705,,,none,30.0,110,3,monophasic
Modulated_autosave_20260717_162548_293ms,Trapezius (R),R_TR,7,200.15885623544705,208.15885623544705,232.51866560801682,,,none,30.0,110,3,monophasic
Modulated_autosave_20260717_162548_293ms,Trapezius (R),R_TR,8,233.51866560801682,241.51866560801682,265.8784749796487,,,none,30.0,110,3,monophasic
Modulated_autosave_20260717_162548_293ms,Trapezius (R),R_TR,9,266.8784749796487,274.8784749796487,299.23828435224686,,,none,30.0,110,3,monophasic
Modulated_autosave_20260717_162548_293ms,Trapezius (R),R_TR,10,300.23828435224686,308.23828435224686,332.59809372481664,,,none,30.0,110,3,monophasic
Modulated_autosave_20260717_162548_293ms,Trapezius (R),R_TR,1,0.7942811753594015,8.794281175359401,32.35980937256977,,,none,30.0,115,3,monophasic
Modulated_autosave_20260717_162548_293ms,Trapezius (R),R_TR,2,33.35980937256977,41.35980937256977,65.71961874513954,,,none,30.0,115,3,monophasic
Modulated_autosave_20260717_162548_293ms,Trapezius (R),R_TR,3,66.71961874513954,74.71961874513954,99.07942811770931,,,none,30.0,115,3,monophasic
Modulated_autosave_20260717_162548_293ms,Trapezius (R),R_TR,4,100.07942811770931,108.07942811770931,132.4392374903075,,,none,30.0,115,3,monophasic
Modulated_autosave_20260717_162548_293ms,Trapezius (R),R_TR,5,133.4392374903075,141.4392374903075,165.79904686287728,,,none,30.0,115,3,monophasic
Modulated_autosave_20260717_162548_293ms,Trapezius (R),R_TR,6,166.79904686287728,174.79904686287728,199.15885623544705,,,none,30.0,115,3,monophasic
Modulated_autosave_20260717_162548_293ms,Trapezius (R),R_TR,7,200.15885623544705,208.15885623544705,232.51866560801682,,,none,30.0,115,3,monophasic
Modulated_autosave_20260717_162548_293ms,Trapezius (R),R_TR,8,233.51866560801682,241.51866560801682,265.8784749796487,,,none,30.0,115,3,monophasic
Modulated_autosave_20260717_162548_293ms,Trapezius (R),R_TR,9,266.8784749796487,274.8784749796487,299.23828435224686,,,none,30.0,115,3,monophasic
Modulated_autosave_20260717_162548_293ms,Trapezius (R),R_TR,10,300.23828435224686,308.23828435224686,332.59809372481664,,,none,30.0,115,3,monophasic
Modulated_autosave_20260717_162548_293ms,Trapezius (R),R_TR,1,0.7942811753594015,8.794281175359401,32.35980937256977,,,none,30.0,120,3,monophasic
Modulated_autosave_20260717_162548_293ms,Trapezius (R),R_TR,2,33.35980937256977,41.35980937256977,65.71961874513954,,,none,30.0,120,3,monophasic
Modulated_autosave_20260717_162548_293ms,Trapezius (R),R_TR,3,66.71961874513954,74.71961874513954,99.07942811770931,,,none,30.0,120,3,monophasic
Modulated_autosave_20260717_162548_293ms,Trapezius (R),R_TR,4,100.07942811770931,108.07942811770931,132.4392374903075,,,none,30.0,120,3,monophasic
Modulated_autosave_20260717_162548_293ms,Trapezius (R),R_TR,5,133.4392374903075,141.4392374903075,165.79904686287728,,,none,30.0,120,3,monophasic
Modulated_autosave_20260717_162548_293ms,Trapezius (R),R_TR,6,166.79904686287728,174.79904686287728,199.15885623544705,,,none,30.0,120,3,monophasic
Modulated_autosave_20260717_162548_293ms,Trapezius (R),R_TR,7,200.15885623544705,208.15885623544705,232.51866560801682,,,none,30.0,120,3,monophasic
Modulated_autosave_20260717_162548_293ms,Trapezius (R),R_TR,8,233.51866560801682,241.51866560801682,265.8784749796487,,,none,30.0,120,3,monophasic
Modulated_autosave_20260717_162548_293ms,Trapezius (R),R_TR,9,266.8784749796487,274.8784749796487,299.23828435224686,,,none,30.0,120,3,monophasic
Modulated_autosave_20260717_162548_293ms,Trapezius (R),R_TR,10,300.23828435224686,308.23828435224686,332.59809372481664,,,none,30.0,120,3,monophasic
Modulated_autosave_20260717_162548_293ms,Thenar (R),R_The_ED_FD_FCR A,1,0.7942811753594015,8.794281175359401,32.35980937256977,,,none,30.0,25,3,monophasic
Modulated_autosave_20260717_162548_293ms,Thenar (R),R_The_ED_FD_FCR A,2,33.35980937256977,41.35980937256977,65.71961874513954,,,none,30.0,25,3,monophasic
Modulated_autosave_20260717_162548_293ms,Thenar (R),R_The_ED_FD_FCR A,3,66.71961874513954,74.71961874513954,99.07942811770931,,,none,30.0,25,3,monophasic
Modulated_autosave_20260717_162548_293ms,Thenar (R),R_The_ED_FD_FCR A,4,100.07942811770931,108.07942811770931,132.4392374903075,,,none,30.0,25,3,monophasic
Modulated_autosave_20260717_162548_293ms,Thenar (R),R_The_ED_FD_FCR A,5,133.4392374903075,141.4392374903075,165.79904686287728,,,none,30.0,25,3,monophasic
Modulated_autosave_20260717_162548_293ms,Thenar (R),R_The_ED_FD_FCR A,6,166.79904686287728,174.79904686287728,199.15885623544705,,,none,30.0,25,3,monophasic
Modulated_autosave_20260717_162548_293ms,Thenar (R),R_The_ED_FD_FCR A,7,200.15885623544705,208.15885623544705,232.51866560801682,,,none,30.0,25,3,monophasic
Modulated_autosave_20260717_162548_293ms,Thenar (R),R_The_ED_FD_FCR A,8,233.51866560801682,241.51866560801682,265.8784749796487,,,none,30.0,25,3,monophasic
Modulated_autosave_20260717_162548_293ms,Thenar (R),R_The_ED_FD_FCR A,9,266.8784749796487,274.8784749796487,299.23828435224686,,,none,30.0,25,3,monophasic
Modulated_autosave_20260717_162548_293ms,Thenar (R),R_The_ED_FD_FCR A,10,300.23828435224686,308.23828435224686,332.59809372481664,,,none,30.0,25,3,monophasic
Modulated_autosave_20260717_162548_293ms,Thenar (R),R_The_ED_FD_FCR A,1,0.7942811753594015,8.794281175359401,32.35980937256977,,,none,30.0,30,3,monophasic
Modulated_autosave_20260717_162548_293ms,Thenar (R),R_The_ED_FD_FCR A,2,33.35980937256977,41.35980937256977,65.71961874513954,,,none,30.0,30,3,monophasic
Modulated_autosave_20260717_162548_293ms,Thenar (R),R_The_ED_FD_FCR A,3,66.71961874513954,74.71961874513954,99.07942811770931,,,none,30.0,30,3,monophasic
Modulated_autosave_20260717_162548_293ms,Thenar (R),R_The_ED_FD_FCR A,4,100.07942811770931,108.07942811770931,132.4392374903075,,,none,30.0,30,3,monophasic
Modulated_autosave_20260717_162548_293ms,Thenar (R),R_The_ED_FD_FCR A,5,133.4392374903075,141.4392374903075,165.79904686287728,,,none,30.0,30,3,monophasic
Modulated_autosave_20260717_162548_293ms,Thenar (R),R_The_ED_FD_FCR A,6,166.79904686287728,174.79904686287728,199.15885623544705,,,none,30.0,30,3,monophasic
Modulated_autosave_20260717_162548_293ms,Thenar (R),R_The_ED_FD_FCR A,7,200.15885623544705,208.15885623544705,232.51866560801682,,,none,30.0,30,3,monophasic
Modulated_autosave_20260717_162548_293ms,Thenar (R),R_The_ED_FD_FCR A,8,233.51866560801682,241.51866560801682,265.8784749796487,,,none,30.0,30,3,monophasic
Modulated_autosave_20260717_162548_293ms,Thenar (R),R_The_ED_FD_FCR A,9,266.8784749796487,274.8784749796487,299.23828435224686,,,none,30.0,30,3,monophasic
Modulated_autosave_20260717_162548_293ms,Thenar (R),R_The_ED_FD_FCR A,10,300.23828435224686,308.23828435224686,332.59809372481664,,,none,30.0,30,3,monophasic
Modulated_autosave_20260717_162548_293ms,Thenar (R),R_The_ED_FD_FCR A,1,0.7942811753594015,8.794281175359401,32.35980937256977,,,none,30.0,35,3,monophasic
Modulated_autosave_20260717_162548_293ms,Thenar (R),R_The_ED_FD_FCR A,2,33.35980937256977,41.35980937256977,65.71961874513954,,,none,30.0,35,3,monophasic
Modulated_autosave_20260717_162548_293ms,Thenar (R),R_The_ED_FD_FCR A,3,66.71961874513954,74.71961874513954,99.07942811770931,,,none,30.0,35,3,monophasic
Modulated_autosave_20260717_162548_293ms,Thenar (R),R_The_ED_FD_FCR A,4,100.07942811770931,108.07942811770931,132.4392374903075,,,none,30.0,35,3,monophasic
Modulated_autosave_20260717_162548_293ms,Thenar (R),R_The_ED_FD_FCR A,5,133.4392374903075,141.4392374903075,165.79904686287728,,,none,30.0,35,3,monophasic
Modulated_autosave_20260717_162548_293ms,Thenar (R),R_The_ED_FD_FCR A,6,166.79904686287728,174.79904686287728,199.15885623544705,,,none,30.0,35,3,monophasic
Modulated_autosave_20260717_162548_293ms,Thenar (R),R_The_ED_FD_FCR A,7,200.15885623544705,208.15885623544705,232.51866560801682,,,none,30.0,35,3,monophasic
Modulated_autosave_20260717_162548_293ms,Thenar (R),R_The_ED_FD_FCR A,8,233.51866560801682,241.51866560801682,265.8784749796487,,,none,30.0,35,3,monophasic
Modulated_autosave_20260717_162548_293ms,Thenar (R),R_The_ED_FD_FCR A,9,266.8784749796487,274.8784749796487,299.23828435224686,,,none,30.0,35,3,monophasic
Modulated_autosave_20260717_162548_293ms,Thenar (R),R_The_ED_FD_FCR A,10,300.23828435224686,308.23828435224686,332.59809372481664,,,none,30.0,35,3,monophasic
Modulated_autosave_20260717_162548_293ms,Thenar (R),R_The_ED_FD_FCR A,1,0.7942811753594015,8.794281175359401,32.35980937256977,,,none,30.0,40,3,monophasic
Modulated_autosave_20260717_162548_293ms,Thenar (R),R_The_ED_FD_FCR A,2,33.35980937256977,41.35980937256977,65.71961874513954,,,none,30.0,40,3,monophasic
Modulated_autosave_20260717_162548_293ms,Thenar (R),R_The_ED_FD_FCR A,3,66.71961874513954,74.71961874513954,99.07942811770931,,,none,30.0,40,3,monophasic
Modulated_autosave_20260717_162548_293ms,Thenar (R),R_The_ED_FD_FCR A,4,100.07942811770931,108.07942811770931,132.4392374903075,,,none,30.0,40,3,monophasic
Modulated_autosave_20260717_162548_293ms,Thenar (R),R_The_ED_FD_FCR A,5,133.4392374903075,141.4392374903075,165.79904686287728,,,none,30.0,40,3,monophasic
Modulated_autosave_20260717_162548_293ms,Thenar (R),R_The_ED_FD_FCR A,6,166.79904686287728,174.79904686287728,199.15885623544705,,,none,30.0,40,3,monophasic
Modulated_autosave_20260717_162548_293ms,Thenar (R),R_The_ED_FD_FCR A,7,200.15885623544705,208.15885623544705,232.51866560801682,,,none,30.0,40,3,monophasic
Modulated_autosave_20260717_162548_293ms,Thenar (R),R_The_ED_FD_FCR A,8,233.51866560801682,241.51866560801682,265.8784749796487,,,none,30.0,40,3,monophasic
Modulated_autosave_20260717_162548_293ms,Thenar (R),R_The_ED_FD_FCR A,9,266.8784749796487,274.8784749796487,299.23828435224686,,,none,30.0,40,3,monophasic
Modulated_autosave_20260717_162548_293ms,Thenar (R),R_The_ED_FD_FCR A,10,300.23828435224686,308.23828435224686,332.59809372481664,,,none,30.0,40,3,monophasic
Modulated_autosave_20260717_162548_293ms,Thenar (R),R_The_ED_FD_FCR A,1,0.7942811753594015,8.794281175359401,32.35980937256977,,,none,30.0,45,3,monophasic
Modulated_autosave_20260717_162548_293ms,Thenar (R),R_The_ED_FD_FCR A,2,33.35980937256977,41.35980937256977,65.71961874513954,,,none,30.0,45,3,monophasic
Modulated_autosave_20260717_162548_293ms,Thenar (R),R_The_ED_FD_FCR A,3,66.71961874513954,74.71961874513954,99.07942811770931,,,none,30.0,45,3,monophasic
Modulated_autosave_20260717_162548_293ms,Thenar (R),R_The_ED_FD_FCR A,4,100.07942811770931,108.07942811770931,132.4392374903075,,,none,30.0,45,3,monophasic
Modulated_autosave_20260717_162548_293ms,Thenar (R),R_The_ED_FD_FCR A,5,133.4392374903075,141.4392374903075,165.79904686287728,,,none,30.0,45,3,monophasic
Modulated_autosave_20260717_162548_293ms,Thenar (R),R_The_ED_FD_FCR A,6,166.79904686287728,174.79904686287728,199.15885623544705,,,none,30.0,45,3,monophasic
Modulated_autosave_20260717_162548_293ms,Thenar (R),R_The_ED_FD_FCR A,7,200.15885623544705,208.15885623544705,232.51866560801682,,,none,30.0,45,3,monophasic
Modulated_autosave_20260717_162548_293ms,Thenar (R),R_The_ED_FD_FCR A,8,233.51866560801682,241.51866560801682,265.8784749796487,,,none,30.0,45,3,monophasic
Modulated_autosave_20260717_162548_293ms,Thenar (R),R_The_ED_FD_FCR A,9,266.8784749796487,274.8784749796487,299.23828435224686,,,none,30.0,45,3,monophasic
Modulated_autosave_20260717_162548_293ms,Thenar (R),R_The_ED_FD_FCR A,10,300.23828435224686,308.23828435224686,332.59809372481664,,,none,30.0,45,3,monophasic
Modulated_autosave_20260717_162548_293ms,Thenar (R),R_The_ED_FD_FCR A,1,0.7942811753594015,8.794281175359401,32.35980937256977,,,none,30.0,50,3,monophasic
Modulated_autosave_20260717_162548_293ms,Thenar (R),R_The_ED_FD_FCR A,2,33.35980937256977,41.35980937256977,65.71961874513954,,,none,30.0,50,3,monophasic
Modulated_autosave_20260717_162548_293ms,Thenar (R),R_The_ED_FD_FCR A,3,66.71961874513954,74.71961874513954,99.07942811770931,,,none,30.0,50,3,monophasic
Modulated_autosave_20260717_162548_293ms,Thenar (R),R_The_ED_FD_FCR A,4,100.07942811770931,108.07942811770931,132.4392374903075,,,none,30.0,50,3,monophasic
Modulated_autosave_20260717_162548_293ms,Thenar (R),R_The_ED_FD_FCR A,5,133.4392374903075,141.4392374903075,165.79904686287728,,,none,30.0,50,3,monophasic
Modulated_autosave_20260717_162548_293ms,Thenar (R),R_The_ED_FD_FCR A,6,166.79904686287728,174.79904686287728,199.15885623544705,,,none,30.0,50,3,monophasic
Modulated_autosave_20260717_162548_293ms,Thenar (R),R_The_ED_FD_FCR A,7,200.15885623544705,208.15885623544705,232.51866560801682,,,none,30.0,50,3,monophasic
Modulated_autosave_20260717_162548_293ms,Thenar (R),R_The_ED_FD_FCR A,8,233.51866560801682,241.51866560801682,265.8784749796487,,,none,30.0,50,3,monophasic
Modulated_autosave_20260717_162548_293ms,Thenar (R),R_The_ED_FD_FCR A,9,266.8784749796487,274.8784749796487,299.23828435224686,,,none,30.0,50,3,monophasic
Modulated_autosave_20260717_162548_293ms,Thenar (R),R_The_ED_FD_FCR A,10,300.23828435224686,308.23828435224686,332.59809372481664,,,none,30.0,50,3,monophasic
Modulated_autosave_20260717_162548_293ms,Thenar (R),R_The_ED_FD_FCR A,1,0.7942811753594015,8.794281175359401,32.35980937256977,,,none,30.0,55,3,monophasic
Modulated_autosave_20260717_162548_293ms,Thenar (R),R_The_ED_FD_FCR A,2,33.35980937256977,41.35980937256977,65.71961874513954,,,none,30.0,55,3,monophasic
Modulated_autosave_20260717_162548_293ms,Thenar (R),R_The_ED_FD_FCR A,3,66.71961874513954,74.71961874513954,99.07942811770931,,,none,30.0,55,3,monophasic
Modulated_autosave_20260717_162548_293ms,Thenar (R),R_The_ED_FD_FCR A,4,100.07942811770931,108.07942811770931,132.4392374903075,,,none,30.0,55,3,monophasic
Modulated_autosave_20260717_162548_293ms,Thenar (R),R_The_ED_FD_FCR A,5,133.4392374903075,141.4392374903075,165.79904686287728,,,none,30.0,55,3,monophasic
Modulated_autosave_20260717_162548_293ms,Thenar (R),R_The_ED_FD_FCR A,6,166.79904686287728,174.79904686287728,199.15885623544705,,,none,30.0,55,3,monophasic
Modulated_autosave_20260717_162548_293ms,Thenar (R),R_The_ED_FD_FCR A,7,200.15885623544705,208.15885623544705,232.51866560801682,,,none,30.0,55,3,monophasic
Modulated_autosave_20260717_162548_293ms,Thenar (R),R_The_ED_FD_FCR A,8,233.51866560801682,241.51866560801682,265.8784749796487,,,none,30.0,55,3,monophasic
Modulated_autosave_20260717_162548_293ms,Thenar (R),R_The_ED_FD_FCR A,9,266.8784749796487,274.8784749796487,299.23828435224686,,,none,30.0,55,3,monophasic
Modulated_autosave_20260717_162548_293ms,Thenar (R),R_The_ED_FD_FCR A,10,300.23828435224686,308.23828435224686,332.59809372481664,,,none,30.0,55,3,monophasic
Modulated_autosave_20260717_162548_293ms,Thenar (R),R_The_ED_FD_FCR A,1,0.7942811753594015,8.794281175359401,32.35980937256977,,,none,30.0,60,3,monophasic
Modulated_autosave_20260717_162548_293ms,Thenar (R),R_The_ED_FD_FCR A,2,33.35980937256977,41.35980937256977,65.71961874513954,,,none,30.0,60,3,monophasic
Modulated_autosave_20260717_162548_293ms,Thenar (R),R_The_ED_FD_FCR A,3,66.71961874513954,74.71961874513954,99.07942811770931,,,none,30.0,60,3,monophasic
Modulated_autosave_20260717_162548_293ms,Thenar (R),R_The_ED_FD_FCR A,4,100.07942811770931,108.07942811770931,132.4392374903075,,,none,30.0,60,3,monophasic
Modulated_autosave_20260717_162548_293ms,Thenar (R),R_The_ED_FD_FCR A,5,133.4392374903075,141.4392374903075,165.79904686287728,,,none,30.0,60,3,monophasic
Modulated_autosave_20260717_162548_293ms,Thenar (R),R_The_ED_FD_FCR A,6,166.79904686287728,174.79904686287728,199.15885623544705,,,none,30.0,60,3,monophasic
Modulated_autosave_20260717_162548_293ms,Thenar (R),R_The_ED_FD_FCR A,7,200.15885623544705,208.15885623544705,232.51866560801682,,,none,30.0,60,3,monophasic
Modulated_autosave_20260717_162548_293ms,Thenar (R),R_The_ED_FD_FCR A,8,233.51866560801682,241.51866560801682,265.8784749796487,,,none,30.0,60,3,monophasic
Modulated_autosave_20260717_162548_293ms,Thenar (R),R_The_ED_FD_FCR A,9,266.8784749796487,274.8784749796487,299.23828435224686,,,none,30.0,60,3,monophasic
Modulated_autosave_20260717_162548_293ms,Thenar (R),R_The_ED_FD_FCR A,10,300.23828435224686,308.23828435224686,332.59809372481664,,,none,30.0,60,3,monophasic
Modulated_autosave_20260717_162548_293ms,Thenar (R),R_The_ED_FD_FCR A,1,0.7942811753594015,8.794281175359401,32.35980937256977,,,none,30.0,65,3,monophasic
Modulated_autosave_20260717_162548_293ms,Thenar (R),R_The_ED_FD_FCR A,2,33.35980937256977,41.35980937256977,65.71961874513954,,,none,30.0,65,3,monophasic
Modulated_autosave_20260717_162548_293ms,Thenar (R),R_The_ED_FD_FCR A,3,66.71961874513954,74.71961874513954,99.07942811770931,,,none,30.0,65,3,monophasic
Modulated_autosave_20260717_162548_293ms,Thenar (R),R_The_ED_FD_FCR A,4,100.07942811770931,108.07942811770931,132.4392374903075,,,none,30.0,65,3,monophasic
Modulated_autosave_20260717_162548_293ms,Thenar (R),R_The_ED_FD_FCR A,5,133.4392374903075,141.4392374903075,165.79904686287728,,,none,30.0,65,3,monophasic
Modulated_autosave_20260717_162548_293ms,Thenar (R),R_The_ED_FD_FCR A,6,166.79904686287728,174.79904686287728,199.15885623544705,,,none,30.0,65,3,monophasic
Modulated_autosave_20260717_162548_293ms,Thenar (R),R_The_ED_FD_FCR A,7,200.15885623544705,208.15885623544705,232.51866560801682,,,none,30.0,65,3,monophasic
Modulated_autosave_20260717_162548_293ms,Thenar (R),R_The_ED_FD_FCR A,8,233.51866560801682,241.51866560801682,265.8784749796487,,,none,30.0,65,3,monophasic
Modulated_autosave_20260717_162548_293ms,Thenar (R),R_The_ED_FD_FCR A,9,266.8784749796487,274.8784749796487,299.23828435224686,,,none,30.0,65,3,monophasic
Modulated_autosave_20260717_162548_293ms,Thenar (R),R_The_ED_FD_FCR A,10,300.23828435224686,308.23828435224686,332.59809372481664,,,none,30.0,65,3,monophasic
Modulated_autosave_20260717_162548_293ms,Thenar (R),R_The_ED_FD_FCR A,1,0.7942811753594015,8.794281175359401,32.35980937256977,,,none,30.0,70,3,monophasic
Modulated_autosave_20260717_162548_293ms,Thenar (R),R_The_ED_FD_FCR A,2,33.35980937256977,41.35980937256977,65.71961874513954,,,none,30.0,70,3,monophasic
Modulated_autosave_20260717_162548_293ms,Thenar (R),R_The_ED_FD_FCR A,3,66.71961874513954,74.71961874513954,99.07942811770931,,,none,30.0,70,3,monophasic
Modulated_autosave_20260717_162548_293ms,Thenar (R),R_The_ED_FD_FCR A,4,100.07942811770931,108.07942811770931,132.4392374903075,,,none,30.0,70,3,monophasic
Modulated_autosave_20260717_162548_293ms,Thenar (R),R_The_ED_FD_FCR A,5,133.4392374903075,141.4392374903075,165.79904686287728,,,none,30.0,70,3,monophasic
Modulated_autosave_20260717_162548_293ms,Thenar (R),R_The_ED_FD_FCR A,6,166.79904686287728,174.79904686287728,199.15885623544705,,,none,30.0,70,3,monophasic
Modulated_autosave_20260717_162548_293ms,Thenar (R),R_The_ED_FD_FCR A,7,200.15885623544705,208.15885623544705,232.51866560801682,,,none,30.0,70,3,monophasic
Modulated_autosave_20260717_162548_293ms,Thenar (R),R_The_ED_FD_FCR A,8,233.51866560801682,241.51866560801682,265.8784749796487,,,none,30.0,70,3,monophasic
Modulated_autosave_20260717_162548_293ms,Thenar (R),R_The_ED_FD_FCR A,9,266.8784749796487,274.8784749796487,299.23828435224686,,,none,30.0,70,3,monophasic
Modulated_autosave_20260717_162548_293ms,Thenar (R),R_The_ED_FD_FCR A,10,300.23828435224686,308.23828435224686,332.59809372481664,,,none,30.0,70,3,monophasic
Modulated_autosave_20260717_162548_293ms,Thenar (R),R_The_ED_FD_FCR A,1,0.7942811753594015,8.794281175359401,32.35980937256977,,,none,30.0,75,3,monophasic
Modulated_autosave_20260717_162548_293ms,Thenar (R),R_The_ED_FD_FCR A,2,33.35980937256977,41.35980937256977,65.71961874513954,,,none,30.0,75,3,monophasic
Modulated_autosave_20260717_162548_293ms,Thenar (R),R_The_ED_FD_FCR A,3,66.71961874513954,74.71961874513954,99.07942811770931,,,none,30.0,75,3,monophasic
Modulated_autosave_20260717_162548_293ms,Thenar (R),R_The_ED_FD_FCR A,4,100.07942811770931,108.07942811770931,132.4392374903075,,,none,30.0,75,3,monophasic
Modulated_autosave_20260717_162548_293ms,Thenar (R),R_The_ED_FD_FCR A,5,133.4392374903075,141.4392374903075,165.79904686287728,,,none,30.0,75,3,monophasic
Modulated_autosave_20260717_162548_293ms,Thenar (R),R_The_ED_FD_FCR A,6,166.79904686287728,174.79904686287728,199.15885623544705,,,none,30.0,75,3,monophasic
Modulated_autosave_20260717_162548_293ms,Thenar (R),R_The_ED_FD_FCR A,7,200.15885623544705,208.15885623544705,232.51866560801682,,,none,30.0,75,3,monophasic
Modulated_autosave_20260717_162548_293ms,Thenar (R),R_The_ED_FD_FCR A,8,233.51866560801682,241.51866560801682,265.8784749796487,,,none,30.0,75,3,monophasic
Modulated_autosave_20260717_162548_293ms,Thenar (R),R_The_ED_FD_FCR A,9,266.8784749796487,274.8784749796487,299.23828435224686,,,none,30.0,75,3,monophasic
Modulated_autosave_20260717_162548_293ms,Thenar (R),R_The_ED_FD_FCR A,10,300.23828435224686,308.23828435224686,332.59809372481664,,,none,30.0,75,3,monophasic
Modulated_autosave_20260717_162548_293ms,Thenar (R),R_The_ED_FD_FCR A,1,0.7942811753594015,8.794281175359401,32.35980937256977,,,none,30.0,80,3,monophasic
Modulated_autosave_20260717_162548_293ms,Thenar (R),R_The_ED_FD_FCR A,2,33.35980937256977,41.35980937256977,65.71961874513954,,,none,30.0,80,3,monophasic
Modulated_autosave_20260717_162548_293ms,Thenar (R),R_The_ED_FD_FCR A,3,66.71961874513954,74.71961874513954,99.07942811770931,,,none,30.0,80,3,monophasic
Modulated_autosave_20260717_162548_293ms,Thenar (R),R_The_ED_FD_FCR A,4,100.07942811770931,108.07942811770931,132.4392374903075,,,none,30.0,80,3,monophasic
Modulated_autosave_20260717_162548_293ms,Thenar (R),R_The_ED_FD_FCR A,5,133.4392374903075,141.4392374903075,165.79904686287728,,,none,30.0,80,3,monophasic
Modulated_autosave_20260717_162548_293ms,Thenar (R),R_The_ED_FD_FCR A,6,166.79904686287728,174.79904686287728,199.15885623544705,,,none,30.0,80,3,monophasic
Modulated_autosave_20260717_162548_293ms,Thenar (R),R_The_ED_FD_FCR A,7,200.15885623544705,208.15885623544705,232.51866560801682,,,none,30.0,80,3,monophasic
Modulated_autosave_20260717_162548_293ms,Thenar (R),R_The_ED_FD_FCR A,8,233.51866560801682,241.51866560801682,265.8784749796487,,,none,30.0,80,3,monophasic
Modulated_autosave_20260717_162548_293ms,Thenar (R),R_The_ED_FD_FCR A,9,266.8784749796487,274.8784749796487,299.23828435224686,,,none,30.0,80,3,monophasic
Modulated_autosave_20260717_162548_293ms,Thenar (R),R_The_ED_FD_FCR A,10,300.23828435224686,308.23828435224686,332.59809372481664,,,none,30.0,80,3,monophasic
Modulated_autosave_20260717_162548_293ms,Thenar (R),R_The_ED_FD_FCR A,1,0.7942811753594015,8.794281175359401,32.35980937256977,,,none,30.0,85,3,monophasic
Modulated_autosave_20260717_162548_293ms,Thenar (R),R_The_ED_FD_FCR A,2,33.35980937256977,41.35980937256977,65.71961874513954,,,none,30.0,85,3,monophasic
Modulated_autosave_20260717_162548_293ms,Thenar (R),R_The_ED_FD_FCR A,3,66.71961874513954,74.71961874513954,99.07942811770931,,,none,30.0,85,3,monophasic
Modulated_autosave_20260717_162548_293ms,Thenar (R),R_The_ED_FD_FCR A,4,100.07942811770931,108.07942811770931,132.4392374903075,,,none,30.0,85,3,monophasic
Modulated_autosave_20260717_162548_293ms,Thenar (R),R_The_ED_FD_FCR A,5,133.4392374903075,141.4392374903075,165.79904686287728,,,none,30.0,85,3,monophasic
Modulated_autosave_20260717_162548_293ms,Thenar (R),R_The_ED_FD_FCR A,6,166.79904686287728,174.79904686287728,199.15885623544705,,,none,30.0,85,3,monophasic
Modulated_autosave_20260717_162548_293ms,Thenar (R),R_The_ED_FD_FCR A,7,200.15885623544705,208.15885623544705,232.51866560801682,,,none,30.0,85,3,monophasic
Modulated_autosave_20260717_162548_293ms,Thenar (R),R_The_ED_FD_FCR A,8,233.51866560801682,241.51866560801682,265.8784749796487,,,none,30.0,85,3,monophasic
Modulated_autosave_20260717_162548_293ms,Thenar (R),R_The_ED_FD_FCR A,9,266.8784749796487,274.8784749796487,299.23828435224686,,,none,30.0,85,3,monophasic
Modulated_autosave_20260717_162548_293ms,Thenar (R),R_The_ED_FD_FCR A,10,300.23828435224686,308.23828435224686,332.59809372481664,,,none,30.0,85,3,monophasic
Modulated_autosave_20260717_162548_293ms,Thenar (R),R_The_ED_FD_FCR A,1,0.7942811753594015,8.794281175359401,32.35980937256977,,,none,30.0,90,3,monophasic
Modulated_autosave_20260717_162548_293ms,Thenar (R),R_The_ED_FD_FCR A,2,33.35980937256977,41.35980937256977,65.71961874513954,,,none,30.0,90,3,monophasic
Modulated_autosave_20260717_162548_293ms,Thenar (R),R_The_ED_FD_FCR A,3,66.71961874513954,74.71961874513954,99.07942811770931,,,none,30.0,90,3,monophasic
Modulated_autosave_20260717_162548_293ms,Thenar (R),R_The_ED_FD_FCR A,4,100.07942811770931,108.07942811770931,132.4392374903075,,,none,30.0,90,3,monophasic
Modulated_autosave_20260717_162548_293ms,Thenar (R),R_The_ED_FD_FCR A,5,133.4392374903075,141.4392374903075,165.79904686287728,,,none,30.0,90,3,monophasic
Modulated_autosave_20260717_162548_293ms,Thenar (R),R_The_ED_FD_FCR A,6,166.79904686287728,174.79904686287728,199.15885623544705,,,none,30.0,90,3,monophasic
Modulated_autosave_20260717_162548_293ms,Thenar (R),R_The_ED_FD_FCR A,7,200.15885623544705,208.15885623544705,232.51866560801682,,,none,30.0,90,3,monophasic
Modulated_autosave_20260717_162548_293ms,Thenar (R),R_The_ED_FD_FCR A,8,233.51866560801682,241.51866560801682,265.8784749796487,,,none,30.0,90,3,monophasic
Modulated_autosave_20260717_162548_293ms,Thenar (R),R_The_ED_FD_FCR A,9,266.8784749796487,274.8784749796487,299.23828435224686,,,none,30.0,90,3,monophasic
Modulated_autosave_20260717_162548_293ms,Thenar (R),R_The_ED_FD_FCR A,10,300.23828435224686,308.23828435224686,332.59809372481664,,,none,30.0,90,3,monophasic
Modulated_autosave_20260717_162548_293ms,Thenar (R),R_The_ED_FD_FCR A,1,0.7942811753594015,8.794281175359401,32.35980937256977,,,none,30.0,95,3,monophasic
Modulated_autosave_20260717_162548_293ms,Thenar (R),R_The_ED_FD_FCR A,2,33.35980937256977,41.35980937256977,65.71961874513954,,,none,30.0,95,3,monophasic
Modulated_autosave_20260717_162548_293ms,Thenar (R),R_The_ED_FD_FCR A,3,66.71961874513954,74.71961874513954,99.07942811770931,,,none,30.0,95,3,monophasic
Modulated_autosave_20260717_162548_293ms,Thenar (R),R_The_ED_FD_FCR A,4,100.07942811770931,108.07942811770931,132.4392374903075,,,none,30.0,95,3,monophasic
Modulated_autosave_20260717_162548_293ms,Thenar (R),R_The_ED_FD_FCR A,5,133.4392374903075,141.4392374903075,165.79904686287728,,,none,30.0,95,3,monophasic
Modulated_autosave_20260717_162548_293ms,Thenar (R),R_The_ED_FD_FCR A,6,166.79904686287728,174.79904686287728,199.15885623544705,,,none,30.0,95,3,monophasic
Modulated_autosave_20260717_162548_293ms,Thenar (R),R_The_ED_FD_FCR A,7,200.15885623544705,208.15885623544705,232.51866560801682,,,none,30.0,95,3,monophasic
Modulated_autosave_20260717_162548_293ms,Thenar (R),R_The_ED_FD_FCR A,8,233.51866560801682,241.51866560801682,265.8784749796487,,,none,30.0,95,3,monophasic
Modulated_autosave_20260717_162548_293ms,Thenar (R),R_The_ED_FD_FCR A,9,266.8784749796487,274.8784749796487,299.23828435224686,,,none,30.0,95,3,monophasic
Modulated_autosave_20260717_162548_293ms,Thenar (R),R_The_ED_FD_FCR A,10,300.23828435224686,308.23828435224686,332.59809372481664,,,none,30.0,95,3,monophasic
Modulated_autosave_20260717_162548_293ms,Thenar (R),R_The_ED_FD_FCR A,1,0.7942811753594015,8.794281175359401,32.35980937256977,,,none,30.0,100,3,monophasic
Modulated_autosave_20260717_162548_293ms,Thenar (R),R_The_ED_FD_FCR A,2,33.35980937256977,41.35980937256977,65.71961874513954,,,none,30.0,100,3,monophasic
Modulated_autosave_20260717_162548_293ms,Thenar (R),R_The_ED_FD_FCR A,3,66.71961874513954,74.71961874513954,99.07942811770931,,,none,30.0,100,3,monophasic
Modulated_autosave_20260717_162548_293ms,Thenar (R),R_The_ED_FD_FCR A,4,100.07942811770931,108.07942811770931,132.4392374903075,,,none,30.0,100,3,monophasic
Modulated_autosave_20260717_162548_293ms,Thenar (R),R_The_ED_FD_FCR A,5,133.4392374903075,141.4392374903075,165.79904686287728,,,none,30.0,100,3,monophasic
Modulated_autosave_20260717_162548_293ms,Thenar (R),R_The_ED_FD_FCR A,6,166.79904686287728,174.79904686287728,199.15885623544705,,,none,30.0,100,3,monophasic
Modulated_autosave_20260717_162548_293ms,Thenar (R),R_The_ED_FD_FCR A,7,200.15885623544705,208.15885623544705,232.51866560801682,,,none,30.0,100,3,monophasic
Modulated_autosave_20260717_162548_293ms,Thenar (R),R_The_ED_FD_FCR A,8,233.51866560801682,241.51866560801682,265.8784749796487,,,none,30.0,100,3,monophasic
Modulated_autosave_20260717_162548_293ms,Thenar (R),R_The_ED_FD_FCR A,9,266.8784749796487,274.8784749796487,299.23828435224686,,,none,30.0,100,3,monophasic
Modulated_autosave_20260717_162548_293ms,Thenar (R),R_The_ED_FD_FCR A,10,300.23828435224686,308.23828435224686,332.59809372481664,,,none,30.0,100,3,monophasic
Modulated_autosave_20260717_162548_293ms,Thenar (R),R_The_ED_FD_FCR A,1,0.7942811753594015,8.794281175359401,32.35980937256977,,,none,30.0,105,3,monophasic
Modulated_autosave_20260717_162548_293ms,Thenar (R),R_The_ED_FD_FCR A,2,33.35980937256977,41.35980937256977,65.71961874513954,,,none,30.0,105,3,monophasic
Modulated_autosave_20260717_162548_293ms,Thenar (R),R_The_ED_FD_FCR A,3,66.71961874513954,74.71961874513954,99.07942811770931,,,none,30.0,105,3,monophasic
Modulated_autosave_20260717_162548_293ms,Thenar (R),R_The_ED_FD_FCR A,4,100.07942811770931,108.07942811770931,132.4392374903075,,,none,30.0,105,3,monophasic
Modulated_autosave_20260717_162548_293ms,Thenar (R),R_The_ED_FD_FCR A,5,133.4392374903075,141.4392374903075,165.79904686287728,,,none,30.0,105,3,monophasic
Modulated_autosave_20260717_162548_293ms,Thenar (R),R_The_ED_FD_FCR A,6,166.79904686287728,174.79904686287728,199.15885623544705,,,none,30.0,105,3,monophasic
Modulated_autosave_20260717_162548_293ms,Thenar (R),R_The_ED_FD_FCR A,7,200.15885623544705,208.15885623544705,232.51866560801682,,,none,30.0,105,3,monophasic
Modulated_autosave_20260717_162548_293ms,Thenar (R),R_The_ED_FD_FCR A,8,233.51866560801682,241.51866560801682,265.8784749796487,,,none,30.0,105,3,monophasic
Modulated_autosave_20260717_162548_293ms,Thenar (R),R_The_ED_FD_FCR A,9,266.8784749796487,274.8784749796487,299.23828435224686,,,none,30.0,105,3,monophasic
Modulated_autosave_20260717_162548_293ms,Thenar (R),R_The_ED_FD_FCR A,10,300.23828435224686,308.23828435224686,332.59809372481664,,,none,30.0,105,3,monophasic
Modulated_autosave_20260717_162548_293ms,Thenar (R),R_The_ED_FD_FCR A,1,0.7942811753594015,8.794281175359401,32.35980937256977,,,none,30.0,110,3,monophasic
Modulated_autosave_20260717_162548_293ms,Thenar (R),R_The_ED_FD_FCR A,2,33.35980937256977,41.35980937256977,65.71961874513954,,,none,30.0,110,3,monophasic
Modulated_autosave_20260717_162548_293ms,Thenar (R),R_The_ED_FD_FCR A,3,66.71961874513954,74.71961874513954,99.07942811770931,,,none,30.0,110,3,monophasic
Modulated_autosave_20260717_162548_293ms,Thenar (R),R_The_ED_FD_FCR A,4,100.07942811770931,108.07942811770931,132.4392374903075,,,none,30.0,110,3,monophasic
Modulated_autosave_20260717_162548_293ms,Thenar (R),R_The_ED_FD_FCR A,5,133.4392374903075,141.4392374903075,165.79904686287728,,,none,30.0,110,3,monophasic
Modulated_autosave_20260717_162548_293ms,Thenar (R),R_The_ED_FD_FCR A,6,166.79904686287728,174.79904686287728,199.15885623544705,,,none,30.0,110,3,monophasic
Modulated_autosave_20260717_162548_293ms,Thenar (R),R_The_ED_FD_FCR A,7,200.15885623544705,208.15885623544705,232.51866560801682,,,none,30.0,110,3,monophasic
Modulated_autosave_20260717_162548_293ms,Thenar (R),R_The_ED_FD_FCR A,8,233.51866560801682,241.51866560801682,265.8784749796487,,,none,30.0,110,3,monophasic
Modulated_autosave_20260717_162548_293ms,Thenar (R),R_The_ED_FD_FCR A,9,266.8784749796487,274.8784749796487,299.23828435224686,,,none,30.0,110,3,monophasic
Modulated_autosave_20260717_162548_293ms,Thenar (R),R_The_ED_FD_FCR A,10,300.23828435224686,308.23828435224686,332.59809372481664,,,none,30.0,110,3,monophasic
Modulated_autosave_20260717_162548_293ms,Thenar (R),R_The_ED_FD_FCR A,1,0.7942811753594015,8.794281175359401,32.35980937256977,,,none,30.0,115,3,monophasic
Modulated_autosave_20260717_162548_293ms,Thenar (R),R_The_ED_FD_FCR A,2,33.35980937256977,41.35980937256977,65.71961874513954,,,none,30.0,115,3,monophasic
Modulated_autosave_20260717_162548_293ms,Thenar (R),R_The_ED_FD_FCR A,3,66.71961874513954,74.71961874513954,99.07942811770931,,,none,30.0,115,3,monophasic
Modulated_autosave_20260717_162548_293ms,Thenar (R),R_The_ED_FD_FCR A,4,100.07942811770931,108.07942811770931,132.4392374903075,,,none,30.0,115,3,monophasic
Modulated_autosave_20260717_162548_293ms,Thenar (R),R_The_ED_FD_FCR A,5,133.4392374903075,141.4392374903075,165.79904686287728,,,none,30.0,115,3,monophasic
Modulated_autosave_20260717_162548_293ms,Thenar (R),R_The_ED_FD_FCR A,6,166.79904686287728,174.79904686287728,199.15885623544705,,,none,30.0,115,3,monophasic
Modulated_autosave_20260717_162548_293ms,Thenar (R),R_The_ED_FD_FCR A,7,200.15885623544705,208.15885623544705,232.51866560801682,,,none,30.0,115,3,monophasic
Modulated_autosave_20260717_162548_293ms,Thenar (R),R_The_ED_FD_FCR A,8,233.51866560801682,241.51866560801682,265.8784749796487,,,none,30.0,115,3,monophasic
Modulated_autosave_20260717_162548_293ms,Thenar (R),R_The_ED_FD_FCR A,9,266.8784749796487,274.8784749796487,299.23828435224686,,,none,30.0,115,3,monophasic
Modulated_autosave_20260717_162548_293ms,Thenar (R),R_The_ED_FD_FCR A,10,300.23828435224686,308.23828435224686,332.59809372481664,,,none,30.0,115,3,monophasic
Modulated_autosave_20260717_162548_293ms,Thenar (R),R_The_ED_FD_FCR A,1,0.7942811753594015,8.794281175359401,32.35980937256977,,,none,30.0,120,3,monophasic
Modulated_autosave_20260717_162548_293ms,Thenar (R),R_The_ED_FD_FCR A,2,33.35980937256977,41.35980937256977,65.71961874513954,,,none,30.0,120,3,monophasic
Modulated_autosave_20260717_162548_293ms,Thenar (R),R_The_ED_FD_FCR A,3,66.71961874513954,74.71961874513954,99.07942811770931,,,none,30.0,120,3,monophasic
Modulated_autosave_20260717_162548_293ms,Thenar (R),R_The_ED_FD_FCR A,4,100.07942811770931,108.07942811770931,132.4392374903075,,,none,30.0,120,3,monophasic
Modulated_autosave_20260717_162548_293ms,Thenar (R),R_The_ED_FD_FCR A,5,133.4392374903075,141.4392374903075,165.79904686287728,,,none,30.0,120,3,monophasic
Modulated_autosave_20260717_162548_293ms,Thenar (R),R_The_ED_FD_FCR A,6,166.79904686287728,174.79904686287728,199.15885623544705,,,none,30.0,120,3,monophasic
Modulated_autosave_20260717_162548_293ms,Thenar (R),R_The_ED_FD_FCR A,7,200.15885623544705,208.15885623544705,232.51866560801682,,,none,30.0,120,3,monophasic
Modulated_autosave_20260717_162548_293ms,Thenar (R),R_The_ED_FD_FCR A,8,233.51866560801682,241.51866560801682,265.8784749796487,,,none,30.0,120,3,monophasic
Modulated_autosave_20260717_162548_293ms,Thenar (R),R_The_ED_FD_FCR A,9,266.8784749796487,274.8784749796487,299.23828435224686,,,none,30.0,120,3,monophasic
Modulated_autosave_20260717_162548_293ms,Thenar (R),R_The_ED_FD_FCR A,10,300.23828435224686,308.23828435224686,332.59809372481664,,,none,30.0,120,3,monophasic
Modulated_autosave_20260717_162548_293ms,Ext. digitorum (R),R_The_ED_FD_FCR B,1,0.7942811753594015,8.794281175359401,32.35980937256977,,,none,30.0,25,3,monophasic
Modulated_autosave_20260717_162548_293ms,Ext. digitorum (R),R_The_ED_FD_FCR B,2,33.35980937256977,41.35980937256977,65.71961874513954,,,none,30.0,25,3,monophasic
Modulated_autosave_20260717_162548_293ms,Ext. digitorum (R),R_The_ED_FD_FCR B,3,66.71961874513954,74.71961874513954,99.07942811770931,,,none,30.0,25,3,monophasic
Modulated_autosave_20260717_162548_293ms,Ext. digitorum (R),R_The_ED_FD_FCR B,4,100.07942811770931,108.07942811770931,132.4392374903075,,,none,30.0,25,3,monophasic
Modulated_autosave_20260717_162548_293ms,Ext. digitorum (R),R_The_ED_FD_FCR B,5,133.4392374903075,141.4392374903075,165.79904686287728,,,none,30.0,25,3,monophasic
Modulated_autosave_20260717_162548_293ms,Ext. digitorum (R),R_The_ED_FD_FCR B,6,166.79904686287728,174.79904686287728,199.15885623544705,,,none,30.0,25,3,monophasic
Modulated_autosave_20260717_162548_293ms,Ext. digitorum (R),R_The_ED_FD_FCR B,7,200.15885623544705,208.15885623544705,232.51866560801682,,,none,30.0,25,3,monophasic
Modulated_autosave_20260717_162548_293ms,Ext. digitorum (R),R_The_ED_FD_FCR B,8,233.51866560801682,241.51866560801682,265.8784749796487,,,none,30.0,25,3,monophasic
Modulated_autosave_20260717_162548_293ms,Ext. digitorum (R),R_The_ED_FD_FCR B,9,266.8784749796487,274.8784749796487,299.23828435224686,,,none,30.0,25,3,monophasic
Modulated_autosave_20260717_162548_293ms,Ext. digitorum (R),R_The_ED_FD_FCR B,10,300.23828435224686,308.23828435224686,332.59809372481664,,,none,30.0,25,3,monophasic
Modulated_autosave_20260717_162548_293ms,Ext. digitorum (R),R_The_ED_FD_FCR B,1,0.7942811753594015,8.794281175359401,32.35980937256977,,,none,30.0,30,3,monophasic
Modulated_autosave_20260717_162548_293ms,Ext. digitorum (R),R_The_ED_FD_FCR B,2,33.35980937256977,41.35980937256977,65.71961874513954,,,none,30.0,30,3,monophasic
Modulated_autosave_20260717_162548_293ms,Ext. digitorum (R),R_The_ED_FD_FCR B,3,66.71961874513954,74.71961874513954,99.07942811770931,,,none,30.0,30,3,monophasic
Modulated_autosave_20260717_162548_293ms,Ext. digitorum (R),R_The_ED_FD_FCR B,4,100.07942811770931,108.07942811770931,132.4392374903075,,,none,30.0,30,3,monophasic
Modulated_autosave_20260717_162548_293ms,Ext. digitorum (R),R_The_ED_FD_FCR B,5,133.4392374903075,141.4392374903075,165.79904686287728,,,none,30.0,30,3,monophasic
Modulated_autosave_20260717_162548_293ms,Ext. digitorum (R),R_The_ED_FD_FCR B,6,166.79904686287728,174.79904686287728,199.15885623544705,,,none,30.0,30,3,monophasic
Modulated_autosave_20260717_162548_293ms,Ext. digitorum (R),R_The_ED_FD_FCR B,7,200.15885623544705,208.15885623544705,232.51866560801682,,,none,30.0,30,3,monophasic
Modulated_autosave_20260717_162548_293ms,Ext. digitorum (R),R_The_ED_FD_FCR B,8,233.51866560801682,241.51866560801682,265.8784749796487,,,none,30.0,30,3,monophasic
Modulated_autosave_20260717_162548_293ms,Ext. digitorum (R),R_The_ED_FD_FCR B,9,266.8784749796487,274.8784749796487,299.23828435224686,,,none,30.0,30,3,monophasic
Modulated_autosave_20260717_162548_293ms,Ext. digitorum (R),R_The_ED_FD_FCR B,10,300.23828435224686,308.23828435224686,332.59809372481664,,,none,30.0,30,3,monophasic
Modulated_autosave_20260717_162548_293ms,Ext. digitorum (R),R_The_ED_FD_FCR B,1,0.7942811753594015,8.794281175359401,32.35980937256977,,,none,30.0,35,3,monophasic
Modulated_autosave_20260717_162548_293ms,Ext. digitorum (R),R_The_ED_FD_FCR B,2,33.35980937256977,41.35980937256977,65.71961874513954,,,none,30.0,35,3,monophasic
Modulated_autosave_20260717_162548_293ms,Ext. digitorum (R),R_The_ED_FD_FCR B,3,66.71961874513954,74.71961874513954,99.07942811770931,,,none,30.0,35,3,monophasic
Modulated_autosave_20260717_162548_293ms,Ext. digitorum (R),R_The_ED_FD_FCR B,4,100.07942811770931,108.07942811770931,132.4392374903075,,,none,30.0,35,3,monophasic
Modulated_autosave_20260717_162548_293ms,Ext. digitorum (R),R_The_ED_FD_FCR B,5,133.4392374903075,141.4392374903075,165.79904686287728,,,none,30.0,35,3,monophasic
Modulated_autosave_20260717_162548_293ms,Ext. digitorum (R),R_The_ED_FD_FCR B,6,166.79904686287728,174.79904686287728,199.15885623544705,,,none,30.0,35,3,monophasic
Modulated_autosave_20260717_162548_293ms,Ext. digitorum (R),R_The_ED_FD_FCR B,7,200.15885623544705,208.15885623544705,232.51866560801682,,,none,30.0,35,3,monophasic
Modulated_autosave_20260717_162548_293ms,Ext. digitorum (R),R_The_ED_FD_FCR B,8,233.51866560801682,241.51866560801682,265.8784749796487,,,none,30.0,35,3,monophasic
Modulated_autosave_20260717_162548_293ms,Ext. digitorum (R),R_The_ED_FD_FCR B,9,266.8784749796487,274.8784749796487,299.23828435224686,,,none,30.0,35,3,monophasic
Modulated_autosave_20260717_162548_293ms,Ext. digitorum (R),R_The_ED_FD_FCR B,10,300.23828435224686,308.23828435224686,332.59809372481664,,,none,30.0,35,3,monophasic
Modulated_autosave_20260717_162548_293ms,Ext. digitorum (R),R_The_ED_FD_FCR B,1,0.7942811753594015,8.794281175359401,32.35980937256977,,,none,30.0,40,3,monophasic
Modulated_autosave_20260717_162548_293ms,Ext. digitorum (R),R_The_ED_FD_FCR B,2,33.35980937256977,41.35980937256977,65.71961874513954,,,none,30.0,40,3,monophasic
Modulated_autosave_20260717_162548_293ms,Ext. digitorum (R),R_The_ED_FD_FCR B,3,66.71961874513954,74.71961874513954,99.07942811770931,,,none,30.0,40,3,monophasic
Modulated_autosave_20260717_162548_293ms,Ext. digitorum (R),R_The_ED_FD_FCR B,4,100.07942811770931,108.07942811770931,132.4392374903075,,,none,30.0,40,3,monophasic
Modulated_autosave_20260717_162548_293ms,Ext. digitorum (R),R_The_ED_FD_FCR B,5,133.4392374903075,141.4392374903075,165.79904686287728,,,none,30.0,40,3,monophasic
Modulated_autosave_20260717_162548_293ms,Ext. digitorum (R),R_The_ED_FD_FCR B,6,166.79904686287728,174.79904686287728,199.15885623544705,,,none,30.0,40,3,monophasic
Modulated_autosave_20260717_162548_293ms,Ext. digitorum (R),R_The_ED_FD_FCR B,7,200.15885623544705,208.15885623544705,232.51866560801682,,,none,30.0,40,3,monophasic
Modulated_autosave_20260717_162548_293ms,Ext. digitorum (R),R_The_ED_FD_FCR B,8,233.51866560801682,241.51866560801682,265.8784749796487,,,none,30.0,40,3,monophasic
Modulated_autosave_20260717_162548_293ms,Ext. digitorum (R),R_The_ED_FD_FCR B,9,266.8784749796487,274.8784749796487,299.23828435224686,,,none,30.0,40,3,monophasic
Modulated_autosave_20260717_162548_293ms,Ext. digitorum (R),R_The_ED_FD_FCR B,10,300.23828435224686,308.23828435224686,332.59809372481664,,,none,30.0,40,3,monophasic
Modulated_autosave_20260717_162548_293ms,Ext. digitorum (R),R_The_ED_FD_FCR B,1,0.7942811753594015,8.794281175359401,32.35980937256977,,,none,30.0,45,3,monophasic
Modulated_autosave_20260717_162548_293ms,Ext. digitorum (R),R_The_ED_FD_FCR B,2,33.35980937256977,41.35980937256977,65.71961874513954,,,none,30.0,45,3,monophasic
Modulated_autosave_20260717_162548_293ms,Ext. digitorum (R),R_The_ED_FD_FCR B,3,66.71961874513954,74.71961874513954,99.07942811770931,,,none,30.0,45,3,monophasic
Modulated_autosave_20260717_162548_293ms,Ext. digitorum (R),R_The_ED_FD_FCR B,4,100.07942811770931,108.07942811770931,132.4392374903075,,,none,30.0,45,3,monophasic
Modulated_autosave_20260717_162548_293ms,Ext. digitorum (R),R_The_ED_FD_FCR B,5,133.4392374903075,141.4392374903075,165.79904686287728,,,none,30.0,45,3,monophasic
Modulated_autosave_20260717_162548_293ms,Ext. digitorum (R),R_The_ED_FD_FCR B,6,166.79904686287728,174.79904686287728,199.15885623544705,,,none,30.0,45,3,monophasic
Modulated_autosave_20260717_162548_293ms,Ext. digitorum (R),R_The_ED_FD_FCR B,7,200.15885623544705,208.15885623544705,232.51866560801682,,,none,30.0,45,3,monophasic
Modulated_autosave_20260717_162548_293ms,Ext. digitorum (R),R_The_ED_FD_FCR B,8,233.51866560801682,241.51866560801682,265.8784749796487,,,none,30.0,45,3,monophasic
Modulated_autosave_20260717_162548_293ms,Ext. digitorum (R),R_The_ED_FD_FCR B,9,266.8784749796487,274.8784749796487,299.23828435224686,,,none,30.0,45,3,monophasic
Modulated_autosave_20260717_162548_293ms,Ext. digitorum (R),R_The_ED_FD_FCR B,10,300.23828435224686,308.23828435224686,332.59809372481664,,,none,30.0,45,3,monophasic
Modulated_autosave_20260717_162548_293ms,Ext. digitorum (R),R_The_ED_FD_FCR B,1,0.7942811753594015,8.794281175359401,32.35980937256977,,,none,30.0,50,3,monophasic
Modulated_autosave_20260717_162548_293ms,Ext. digitorum (R),R_The_ED_FD_FCR B,2,33.35980937256977,41.35980937256977,65.71961874513954,,,none,30.0,50,3,monophasic
Modulated_autosave_20260717_162548_293ms,Ext. digitorum (R),R_The_ED_FD_FCR B,3,66.71961874513954,74.71961874513954,99.07942811770931,,,none,30.0,50,3,monophasic
Modulated_autosave_20260717_162548_293ms,Ext. digitorum (R),R_The_ED_FD_FCR B,4,100.07942811770931,108.07942811770931,132.4392374903075,,,none,30.0,50,3,monophasic
Modulated_autosave_20260717_162548_293ms,Ext. digitorum (R),R_The_ED_FD_FCR B,5,133.4392374903075,141.4392374903075,165.79904686287728,,,none,30.0,50,3,monophasic
Modulated_autosave_20260717_162548_293ms,Ext. digitorum (R),R_The_ED_FD_FCR B,6,166.79904686287728,174.79904686287728,199.15885623544705,,,none,30.0,50,3,monophasic
Modulated_autosave_20260717_162548_293ms,Ext. digitorum (R),R_The_ED_FD_FCR B,7,200.15885623544705,208.15885623544705,232.51866560801682,,,none,30.0,50,3,monophasic
Modulated_autosave_20260717_162548_293ms,Ext. digitorum (R),R_The_ED_FD_FCR B,8,233.51866560801682,241.51866560801682,265.8784749796487,,,none,30.0,50,3,monophasic
Modulated_autosave_20260717_162548_293ms,Ext. digitorum (R),R_The_ED_FD_FCR B,9,266.8784749796487,274.8784749796487,299.23828435224686,,,none,30.0,50,3,monophasic
Modulated_autosave_20260717_162548_293ms,Ext. digitorum (R),R_The_ED_FD_FCR B,10,300.23828435224686,308.23828435224686,332.59809372481664,,,none,30.0,50,3,monophasic
Modulated_autosave_20260717_162548_293ms,Ext. digitorum (R),R_The_ED_FD_FCR B,1,0.7942811753594015,8.794281175359401,32.35980937256977,,,none,30.0,55,3,monophasic
Modulated_autosave_20260717_162548_293ms,Ext. digitorum (R),R_The_ED_FD_FCR B,2,33.35980937256977,41.35980937256977,65.71961874513954,,,none,30.0,55,3,monophasic
Modulated_autosave_20260717_162548_293ms,Ext. digitorum (R),R_The_ED_FD_FCR B,3,66.71961874513954,74.71961874513954,99.07942811770931,,,none,30.0,55,3,monophasic
Modulated_autosave_20260717_162548_293ms,Ext. digitorum (R),R_The_ED_FD_FCR B,4,100.07942811770931,108.07942811770931,132.4392374903075,,,none,30.0,55,3,monophasic
Modulated_autosave_20260717_162548_293ms,Ext. digitorum (R),R_The_ED_FD_FCR B,5,133.4392374903075,141.4392374903075,165.79904686287728,,,none,30.0,55,3,monophasic
Modulated_autosave_20260717_162548_293ms,Ext. digitorum (R),R_The_ED_FD_FCR B,6,166.79904686287728,174.79904686287728,199.15885623544705,,,none,30.0,55,3,monophasic
Modulated_autosave_20260717_162548_293ms,Ext. digitorum (R),R_The_ED_FD_FCR B,7,200.15885623544705,208.15885623544705,232.51866560801682,,,none,30.0,55,3,monophasic
Modulated_autosave_20260717_162548_293ms,Ext. digitorum (R),R_The_ED_FD_FCR B,8,233.51866560801682,241.51866560801682,265.8784749796487,,,none,30.0,55,3,monophasic
Modulated_autosave_20260717_162548_293ms,Ext. digitorum (R),R_The_ED_FD_FCR B,9,266.8784749796487,274.8784749796487,299.23828435224686,,,none,30.0,55,3,monophasic
Modulated_autosave_20260717_162548_293ms,Ext. digitorum (R),R_The_ED_FD_FCR B,10,300.23828435224686,308.23828435224686,332.59809372481664,,,none,30.0,55,3,monophasic
Modulated_autosave_20260717_162548_293ms,Ext. digitorum (R),R_The_ED_FD_FCR B,1,0.7942811753594015,8.794281175359401,32.35980937256977,,,none,30.0,60,3,monophasic
Modulated_autosave_20260717_162548_293ms,Ext. digitorum (R),R_The_ED_FD_FCR B,2,33.35980937256977,41.35980937256977,65.71961874513954,,,none,30.0,60,3,monophasic
Modulated_autosave_20260717_162548_293ms,Ext. digitorum (R),R_The_ED_FD_FCR B,3,66.71961874513954,74.71961874513954,99.07942811770931,,,none,30.0,60,3,monophasic
Modulated_autosave_20260717_162548_293ms,Ext. digitorum (R),R_The_ED_FD_FCR B,4,100.07942811770931,108.07942811770931,132.4392374903075,,,none,30.0,60,3,monophasic
Modulated_autosave_20260717_162548_293ms,Ext. digitorum (R),R_The_ED_FD_FCR B,5,133.4392374903075,141.4392374903075,165.79904686287728,,,none,30.0,60,3,monophasic
Modulated_autosave_20260717_162548_293ms,Ext. digitorum (R),R_The_ED_FD_FCR B,6,166.79904686287728,174.79904686287728,199.15885623544705,,,none,30.0,60,3,monophasic
Modulated_autosave_20260717_162548_293ms,Ext. digitorum (R),R_The_ED_FD_FCR B,7,200.15885623544705,208.15885623544705,232.51866560801682,,,none,30.0,60,3,monophasic
Modulated_autosave_20260717_162548_293ms,Ext. digitorum (R),R_The_ED_FD_FCR B,8,233.51866560801682,241.51866560801682,265.8784749796487,,,none,30.0,60,3,monophasic
Modulated_autosave_20260717_162548_293ms,Ext. digitorum (R),R_The_ED_FD_FCR B,9,266.8784749796487,274.8784749796487,299.23828435224686,,,none,30.0,60,3,monophasic
Modulated_autosave_20260717_162548_293ms,Ext. digitorum (R),R_The_ED_FD_FCR B,10,300.23828435224686,308.23828435224686,332.59809372481664,,,none,30.0,60,3,monophasic
Modulated_autosave_20260717_162548_293ms,Ext. digitorum (R),R_The_ED_FD_FCR B,1,0.7942811753594015,8.794281175359401,32.35980937256977,,,none,30.0,65,3,monophasic
Modulated_autosave_20260717_162548_293ms,Ext. digitorum (R),R_The_ED_FD_FCR B,2,33.35980937256977,41.35980937256977,65.71961874513954,,,none,30.0,65,3,monophasic
Modulated_autosave_20260717_162548_293ms,Ext. digitorum (R),R_The_ED_FD_FCR B,3,66.71961874513954,74.71961874513954,99.07942811770931,,,none,30.0,65,3,monophasic
Modulated_autosave_20260717_162548_293ms,Ext. digitorum (R),R_The_ED_FD_FCR B,4,100.07942811770931,108.07942811770931,132.4392374903075,,,none,30.0,65,3,monophasic
Modulated_autosave_20260717_162548_293ms,Ext. digitorum (R),R_The_ED_FD_FCR B,5,133.4392374903075,141.4392374903075,165.79904686287728,,,none,30.0,65,3,monophasic
Modulated_autosave_20260717_162548_293ms,Ext. digitorum (R),R_The_ED_FD_FCR B,6,166.79904686287728,174.79904686287728,199.15885623544705,,,none,30.0,65,3,monophasic
Modulated_autosave_20260717_162548_293ms,Ext. digitorum (R),R_The_ED_FD_FCR B,7,200.15885623544705,208.15885623544705,232.51866560801682,,,none,30.0,65,3,monophasic
Modulated_autosave_20260717_162548_293ms,Ext. digitorum (R),R_The_ED_FD_FCR B,8,233.51866560801682,241.51866560801682,265.8784749796487,,,none,30.0,65,3,monophasic
Modulated_autosave_20260717_162548_293ms,Ext. digitorum (R),R_The_ED_FD_FCR B,9,266.8784749796487,274.8784749796487,299.23828435224686,,,none,30.0,65,3,monophasic
Modulated_autosave_20260717_162548_293ms,Ext. digitorum (R),R_The_ED_FD_FCR B,10,300.23828435224686,308.23828435224686,332.59809372481664,,,none,30.0,65,3,monophasic
Modulated_autosave_20260717_162548_293ms,Ext. digitorum (R),R_The_ED_FD_FCR B,1,0.7942811753594015,8.794281175359401,32.35980937256977,,,none,30.0,70,3,monophasic
Modulated_autosave_20260717_162548_293ms,Ext. digitorum (R),R_The_ED_FD_FCR B,2,33.35980937256977,41.35980937256977,65.71961874513954,,,none,30.0,70,3,monophasic
Modulated_autosave_20260717_162548_293ms,Ext. digitorum (R),R_The_ED_FD_FCR B,3,66.71961874513954,74.71961874513954,99.07942811770931,,,none,30.0,70,3,monophasic
Modulated_autosave_20260717_162548_293ms,Ext. digitorum (R),R_The_ED_FD_FCR B,4,100.07942811770931,108.07942811770931,132.4392374903075,,,none,30.0,70,3,monophasic
Modulated_autosave_20260717_162548_293ms,Ext. digitorum (R),R_The_ED_FD_FCR B,5,133.4392374903075,141.4392374903075,165.79904686287728,,,none,30.0,70,3,monophasic
Modulated_autosave_20260717_162548_293ms,Ext. digitorum (R),R_The_ED_FD_FCR B,6,166.79904686287728,174.79904686287728,199.15885623544705,,,none,30.0,70,3,monophasic
Modulated_autosave_20260717_162548_293ms,Ext. digitorum (R),R_The_ED_FD_FCR B,7,200.15885623544705,208.15885623544705,232.51866560801682,,,none,30.0,70,3,monophasic
Modulated_autosave_20260717_162548_293ms,Ext. digitorum (R),R_The_ED_FD_FCR B,8,233.51866560801682,241.51866560801682,265.8784749796487,,,none,30.0,70,3,monophasic
Modulated_autosave_20260717_162548_293ms,Ext. digitorum (R),R_The_ED_FD_FCR B,9,266.8784749796487,274.8784749796487,299.23828435224686,,,none,30.0,70,3,monophasic
Modulated_autosave_20260717_162548_293ms,Ext. digitorum (R),R_The_ED_FD_FCR B,10,300.23828435224686,308.23828435224686,332.59809372481664,,,none,30.0,70,3,monophasic
Modulated_autosave_20260717_162548_293ms,Ext. digitorum (R),R_The_ED_FD_FCR B,1,0.7942811753594015,8.794281175359401,32.35980937256977,,,none,30.0,75,3,monophasic
Modulated_autosave_20260717_162548_293ms,Ext. digitorum (R),R_The_ED_FD_FCR B,2,33.35980937256977,41.35980937256977,65.71961874513954,,,none,30.0,75,3,monophasic
Modulated_autosave_20260717_162548_293ms,Ext. digitorum (R),R_The_ED_FD_FCR B,3,66.71961874513954,74.71961874513954,99.07942811770931,,,none,30.0,75,3,monophasic
Modulated_autosave_20260717_162548_293ms,Ext. digitorum (R),R_The_ED_FD_FCR B,4,100.07942811770931,108.07942811770931,132.4392374903075,,,none,30.0,75,3,monophasic
Modulated_autosave_20260717_162548_293ms,Ext. digitorum (R),R_The_ED_FD_FCR B,5,133.4392374903075,141.4392374903075,165.79904686287728,,,none,30.0,75,3,monophasic
Modulated_autosave_20260717_162548_293ms,Ext. digitorum (R),R_The_ED_FD_FCR B,6,166.79904686287728,174.79904686287728,199.15885623544705,,,none,30.0,75,3,monophasic
Modulated_autosave_20260717_162548_293ms,Ext. digitorum (R),R_The_ED_FD_FCR B,7,200.15885623544705,208.15885623544705,232.51866560801682,,,none,30.0,75,3,monophasic
Modulated_autosave_20260717_162548_293ms,Ext. digitorum (R),R_The_ED_FD_FCR B,8,233.51866560801682,241.51866560801682,265.8784749796487,,,none,30.0,75,3,monophasic
Modulated_autosave_20260717_162548_293ms,Ext. digitorum (R),R_The_ED_FD_FCR B,9,266.8784749796487,274.8784749796487,299.23828435224686,,,none,30.0,75,3,monophasic
Modulated_autosave_20260717_162548_293ms,Ext. digitorum (R),R_The_ED_FD_FCR B,10,300.23828435224686,308.23828435224686,332.59809372481664,,,none,30.0,75,3,monophasic
Modulated_autosave_20260717_162548_293ms,Ext. digitorum (R),R_The_ED_FD_FCR B,1,0.7942811753594015,8.794281175359401,32.35980937256977,,,none,30.0,80,3,monophasic
Modulated_autosave_20260717_162548_293ms,Ext. digitorum (R),R_The_ED_FD_FCR B,2,33.35980937256977,41.35980937256977,65.71961874513954,,,none,30.0,80,3,monophasic
Modulated_autosave_20260717_162548_293ms,Ext. digitorum (R),R_The_ED_FD_FCR B,3,66.71961874513954,74.71961874513954,99.07942811770931,,,none,30.0,80,3,monophasic
Modulated_autosave_20260717_162548_293ms,Ext. digitorum (R),R_The_ED_FD_FCR B,4,100.07942811770931,108.07942811770931,132.4392374903075,,,none,30.0,80,3,monophasic
Modulated_autosave_20260717_162548_293ms,Ext. digitorum (R),R_The_ED_FD_FCR B,5,133.4392374903075,141.4392374903075,165.79904686287728,,,none,30.0,80,3,monophasic
Modulated_autosave_20260717_162548_293ms,Ext. digitorum (R),R_The_ED_FD_FCR B,6,166.79904686287728,174.79904686287728,199.15885623544705,,,none,30.0,80,3,monophasic
Modulated_autosave_20260717_162548_293ms,Ext. digitorum (R),R_The_ED_FD_FCR B,7,200.15885623544705,208.15885623544705,232.51866560801682,,,none,30.0,80,3,monophasic
Modulated_autosave_20260717_162548_293ms,Ext. digitorum (R),R_The_ED_FD_FCR B,8,233.51866560801682,241.51866560801682,265.8784749796487,,,none,30.0,80,3,monophasic
Modulated_autosave_20260717_162548_293ms,Ext. digitorum (R),R_The_ED_FD_FCR B,9,266.8784749796487,274.8784749796487,299.23828435224686,,,none,30.0,80,3,monophasic
Modulated_autosave_20260717_162548_293ms,Ext. digitorum (R),R_The_ED_FD_FCR B,10,300.23828435224686,308.23828435224686,332.59809372481664,,,none,30.0,80,3,monophasic
Modulated_autosave_20260717_162548_293ms,Ext. digitorum (R),R_The_ED_FD_FCR B,1,0.7942811753594015,8.794281175359401,32.35980937256977,,,none,30.0,85,3,monophasic
Modulated_autosave_20260717_162548_293ms,Ext. digitorum (R),R_The_ED_FD_FCR B,2,33.35980937256977,41.35980937256977,65.71961874513954,,,none,30.0,85,3,monophasic
Modulated_autosave_20260717_162548_293ms,Ext. digitorum (R),R_The_ED_FD_FCR B,3,66.71961874513954,74.71961874513954,99.07942811770931,,,none,30.0,85,3,monophasic
Modulated_autosave_20260717_162548_293ms,Ext. digitorum (R),R_The_ED_FD_FCR B,4,100.07942811770931,108.07942811770931,132.4392374903075,,,none,30.0,85,3,monophasic
Modulated_autosave_20260717_162548_293ms,Ext. digitorum (R),R_The_ED_FD_FCR B,5,133.4392374903075,141.4392374903075,165.79904686287728,,,none,30.0,85,3,monophasic
Modulated_autosave_20260717_162548_293ms,Ext. digitorum (R),R_The_ED_FD_FCR B,6,166.79904686287728,174.79904686287728,199.15885623544705,,,none,30.0,85,3,monophasic
Modulated_autosave_20260717_162548_293ms,Ext. digitorum (R),R_The_ED_FD_FCR B,7,200.15885623544705,208.15885623544705,232.51866560801682,,,none,30.0,85,3,monophasic
Modulated_autosave_20260717_162548_293ms,Ext. digitorum (R),R_The_ED_FD_FCR B,8,233.51866560801682,241.51866560801682,265.8784749796487,,,none,30.0,85,3,monophasic
Modulated_autosave_20260717_162548_293ms,Ext. digitorum (R),R_The_ED_FD_FCR B,9,266.8784749796487,274.8784749796487,299.23828435224686,,,none,30.0,85,3,monophasic
Modulated_autosave_20260717_162548_293ms,Ext. digitorum (R),R_The_ED_FD_FCR B,10,300.23828435224686,308.23828435224686,332.59809372481664,,,none,30.0,85,3,monophasic
Modulated_autosave_20260717_162548_293ms,Ext. digitorum (R),R_The_ED_FD_FCR B,1,0.7942811753594015,8.794281175359401,32.35980937256977,,,none,30.0,90,3,monophasic
Modulated_autosave_20260717_162548_293ms,Ext. digitorum (R),R_The_ED_FD_FCR B,2,33.35980937256977,41.35980937256977,65.71961874513954,,,none,30.0,90,3,monophasic
Modulated_autosave_20260717_162548_293ms,Ext. digitorum (R),R_The_ED_FD_FCR B,3,66.71961874513954,74.71961874513954,99.07942811770931,,,none,30.0,90,3,monophasic
Modulated_autosave_20260717_162548_293ms,Ext. digitorum (R),R_The_ED_FD_FCR B,4,100.07942811770931,108.07942811770931,132.4392374903075,,,none,30.0,90,3,monophasic
Modulated_autosave_20260717_162548_293ms,Ext. digitorum (R),R_The_ED_FD_FCR B,5,133.4392374903075,141.4392374903075,165.79904686287728,,,none,30.0,90,3,monophasic
Modulated_autosave_20260717_162548_293ms,Ext. digitorum (R),R_The_ED_FD_FCR B,6,166.79904686287728,174.79904686287728,199.15885623544705,,,none,30.0,90,3,monophasic
Modulated_autosave_20260717_162548_293ms,Ext. digitorum (R),R_The_ED_FD_FCR B,7,200.15885623544705,208.15885623544705,232.51866560801682,,,none,30.0,90,3,monophasic
Modulated_autosave_20260717_162548_293ms,Ext. digitorum (R),R_The_ED_FD_FCR B,8,233.51866560801682,241.51866560801682,265.8784749796487,,,none,30.0,90,3,monophasic
Modulated_autosave_20260717_162548_293ms,Ext. digitorum (R),R_The_ED_FD_FCR B,9,266.8784749796487,274.8784749796487,299.23828435224686,,,none,30.0,90,3,monophasic
Modulated_autosave_20260717_162548_293ms,Ext. digitorum (R),R_The_ED_FD_FCR B,10,300.23828435224686,308.23828435224686,332.59809372481664,,,none,30.0,90,3,monophasic
Modulated_autosave_20260717_162548_293ms,Ext. digitorum (R),R_The_ED_FD_FCR B,1,0.7942811753594015,8.794281175359401,32.35980937256977,,,none,30.0,95,3,monophasic
Modulated_autosave_20260717_162548_293ms,Ext. digitorum (R),R_The_ED_FD_FCR B,2,33.35980937256977,41.35980937256977,65.71961874513954,,,none,30.0,95,3,monophasic
Modulated_autosave_20260717_162548_293ms,Ext. digitorum (R),R_The_ED_FD_FCR B,3,66.71961874513954,74.71961874513954,99.07942811770931,,,none,30.0,95,3,monophasic
Modulated_autosave_20260717_162548_293ms,Ext. digitorum (R),R_The_ED_FD_FCR B,4,100.07942811770931,108.07942811770931,132.4392374903075,,,none,30.0,95,3,monophasic
Modulated_autosave_20260717_162548_293ms,Ext. digitorum (R),R_The_ED_FD_FCR B,5,133.4392374903075,141.4392374903075,165.79904686287728,,,none,30.0,95,3,monophasic
Modulated_autosave_20260717_162548_293ms,Ext. digitorum (R),R_The_ED_FD_FCR B,6,166.79904686287728,174.79904686287728,199.15885623544705,,,none,30.0,95,3,monophasic
Modulated_autosave_20260717_162548_293ms,Ext. digitorum (R),R_The_ED_FD_FCR B,7,200.15885623544705,208.15885623544705,232.51866560801682,,,none,30.0,95,3,monophasic
Modulated_autosave_20260717_162548_293ms,Ext. digitorum (R),R_The_ED_FD_FCR B,8,233.51866560801682,241.51866560801682,265.8784749796487,,,none,30.0,95,3,monophasic
Modulated_autosave_20260717_162548_293ms,Ext. digitorum (R),R_The_ED_FD_FCR B,9,266.8784749796487,274.8784749796487,299.23828435224686,,,none,30.0,95,3,monophasic
Modulated_autosave_20260717_162548_293ms,Ext. digitorum (R),R_The_ED_FD_FCR B,10,300.23828435224686,308.23828435224686,332.59809372481664,,,none,30.0,95,3,monophasic
Modulated_autosave_20260717_162548_293ms,Ext. digitorum (R),R_The_ED_FD_FCR B,1,0.7942811753594015,8.794281175359401,32.35980937256977,,,none,30.0,100,3,monophasic
Modulated_autosave_20260717_162548_293ms,Ext. digitorum (R),R_The_ED_FD_FCR B,2,33.35980937256977,41.35980937256977,65.71961874513954,,,none,30.0,100,3,monophasic
Modulated_autosave_20260717_162548_293ms,Ext. digitorum (R),R_The_ED_FD_FCR B,3,66.71961874513954,74.71961874513954,99.07942811770931,,,none,30.0,100,3,monophasic
Modulated_autosave_20260717_162548_293ms,Ext. digitorum (R),R_The_ED_FD_FCR B,4,100.07942811770931,108.07942811770931,132.4392374903075,,,none,30.0,100,3,monophasic
Modulated_autosave_20260717_162548_293ms,Ext. digitorum (R),R_The_ED_FD_FCR B,5,133.4392374903075,141.4392374903075,165.79904686287728,,,none,30.0,100,3,monophasic
Modulated_autosave_20260717_162548_293ms,Ext. digitorum (R),R_The_ED_FD_FCR B,6,166.79904686287728,174.79904686287728,199.15885623544705,,,none,30.0,100,3,monophasic
Modulated_autosave_20260717_162548_293ms,Ext. digitorum (R),R_The_ED_FD_FCR B,7,200.15885623544705,208.15885623544705,232.51866560801682,,,none,30.0,100,3,monophasic
Modulated_autosave_20260717_162548_293ms,Ext. digitorum (R),R_The_ED_FD_FCR B,8,233.51866560801682,241.51866560801682,265.8784749796487,,,none,30.0,100,3,monophasic
Modulated_autosave_20260717_162548_293ms,Ext. digitorum (R),R_The_ED_FD_FCR B,9,266.8784749796487,274.8784749796487,299.23828435224686,,,none,30.0,100,3,monophasic
Modulated_autosave_20260717_162548_293ms,Ext. digitorum (R),R_The_ED_FD_FCR B,10,300.23828435224686,308.23828435224686,332.59809372481664,,,none,30.0,100,3,monophasic
Modulated_autosave_20260717_162548_293ms,Ext. digitorum (R),R_The_ED_FD_FCR B,1,0.7942811753594015,8.794281175359401,32.35980937256977,,,none,30.0,105,3,monophasic
Modulated_autosave_20260717_162548_293ms,Ext. digitorum (R),R_The_ED_FD_FCR B,2,33.35980937256977,41.35980937256977,65.71961874513954,,,none,30.0,105,3,monophasic
Modulated_autosave_20260717_162548_293ms,Ext. digitorum (R),R_The_ED_FD_FCR B,3,66.71961874513954,74.71961874513954,99.07942811770931,,,none,30.0,105,3,monophasic
Modulated_autosave_20260717_162548_293ms,Ext. digitorum (R),R_The_ED_FD_FCR B,4,100.07942811770931,108.07942811770931,132.4392374903075,,,none,30.0,105,3,monophasic
Modulated_autosave_20260717_162548_293ms,Ext. digitorum (R),R_The_ED_FD_FCR B,5,133.4392374903075,141.4392374903075,165.79904686287728,,,none,30.0,105,3,monophasic
Modulated_autosave_20260717_162548_293ms,Ext. digitorum (R),R_The_ED_FD_FCR B,6,166.79904686287728,174.79904686287728,199.15885623544705,,,none,30.0,105,3,monophasic
Modulated_autosave_20260717_162548_293ms,Ext. digitorum (R),R_The_ED_FD_FCR B,7,200.15885623544705,208.15885623544705,232.51866560801682,,,none,30.0,105,3,monophasic
Modulated_autosave_20260717_162548_293ms,Ext. digitorum (R),R_The_ED_FD_FCR B,8,233.51866560801682,241.51866560801682,265.8784749796487,,,none,30.0,105,3,monophasic
Modulated_autosave_20260717_162548_293ms,Ext. digitorum (R),R_The_ED_FD_FCR B,9,266.8784749796487,274.8784749796487,299.23828435224686,,,none,30.0,105,3,monophasic
Modulated_autosave_20260717_162548_293ms,Ext. digitorum (R),R_The_ED_FD_FCR B,10,300.23828435224686,308.23828435224686,332.59809372481664,,,none,30.0,105,3,monophasic
Modulated_autosave_20260717_162548_293ms,Ext. digitorum (R),R_The_ED_FD_FCR B,1,0.7942811753594015,8.794281175359401,32.35980937256977,,,none,30.0,110,3,monophasic
Modulated_autosave_20260717_162548_293ms,Ext. digitorum (R),R_The_ED_FD_FCR B,2,33.35980937256977,41.35980937256977,65.71961874513954,,,none,30.0,110,3,monophasic
Modulated_autosave_20260717_162548_293ms,Ext. digitorum (R),R_The_ED_FD_FCR B,3,66.71961874513954,74.71961874513954,99.07942811770931,,,none,30.0,110,3,monophasic
Modulated_autosave_20260717_162548_293ms,Ext. digitorum (R),R_The_ED_FD_FCR B,4,100.07942811770931,108.07942811770931,132.4392374903075,,,none,30.0,110,3,monophasic
Modulated_autosave_20260717_162548_293ms,Ext. digitorum (R),R_The_ED_FD_FCR B,5,133.4392374903075,141.4392374903075,165.79904686287728,,,none,30.0,110,3,monophasic
Modulated_autosave_20260717_162548_293ms,Ext. digitorum (R),R_The_ED_FD_FCR B,6,166.79904686287728,174.79904686287728,199.15885623544705,,,none,30.0,110,3,monophasic
Modulated_autosave_20260717_162548_293ms,Ext. digitorum (R),R_The_ED_FD_FCR B,7,200.15885623544705,208.15885623544705,232.51866560801682,,,none,30.0,110,3,monophasic
Modulated_autosave_20260717_162548_293ms,Ext. digitorum (R),R_The_ED_FD_FCR B,8,233.51866560801682,241.51866560801682,265.8784749796487,,,none,30.0,110,3,monophasic
Modulated_autosave_20260717_162548_293ms,Ext. digitorum (R),R_The_ED_FD_FCR B,9,266.8784749796487,274.8784749796487,299.23828435224686,,,none,30.0,110,3,monophasic
Modulated_autosave_20260717_162548_293ms,Ext. digitorum (R),R_The_ED_FD_FCR B,10,300.23828435224686,308.23828435224686,332.59809372481664,,,none,30.0,110,3,monophasic
Modulated_autosave_20260717_162548_293ms,Ext. digitorum (R),R_The_ED_FD_FCR B,1,0.7942811753594015,8.794281175359401,32.35980937256977,,,none,30.0,115,3,monophasic
Modulated_autosave_20260717_162548_293ms,Ext. digitorum (R),R_The_ED_FD_FCR B,2,33.35980937256977,41.35980937256977,65.71961874513954,,,none,30.0,115,3,monophasic
Modulated_autosave_20260717_162548_293ms,Ext. digitorum (R),R_The_ED_FD_FCR B,3,66.71961874513954,74.71961874513954,99.07942811770931,,,none,30.0,115,3,monophasic
Modulated_autosave_20260717_162548_293ms,Ext. digitorum (R),R_The_ED_FD_FCR B,4,100.07942811770931,108.07942811770931,132.4392374903075,,,none,30.0,115,3,monophasic
Modulated_autosave_20260717_162548_293ms,Ext. digitorum (R),R_The_ED_FD_FCR B,5,133.4392374903075,141.4392374903075,165.79904686287728,,,none,30.0,115,3,monophasic
Modulated_autosave_20260717_162548_293ms,Ext. digitorum (R),R_The_ED_FD_FCR B,6,166.79904686287728,174.79904686287728,199.15885623544705,,,none,30.0,115,3,monophasic
Modulated_autosave_20260717_162548_293ms,Ext. digitorum (R),R_The_ED_FD_FCR B,7,200.15885623544705,208.15885623544705,232.51866560801682,,,none,30.0,115,3,monophasic
Modulated_autosave_20260717_162548_293ms,Ext. digitorum (R),R_The_ED_FD_FCR B,8,233.51866560801682,241.51866560801682,265.8784749796487,,,none,30.0,115,3,monophasic
Modulated_autosave_20260717_162548_293ms,Ext. digitorum (R),R_The_ED_FD_FCR B,9,266.8784749796487,274.8784749796487,299.23828435224686,,,none,30.0,115,3,monophasic
Modulated_autosave_20260717_162548_293ms,Ext. digitorum (R),R_The_ED_FD_FCR B,10,300.23828435224686,308.23828435224686,332.59809372481664,,,none,30.0,115,3,monophasic
Modulated_autosave_20260717_162548_293ms,Ext. digitorum (R),R_The_ED_FD_FCR B,1,0.7942811753594015,8.794281175359401,32.35980937256977,,,none,30.0,120,3,monophasic
Modulated_autosave_20260717_162548_293ms,Ext. digitorum (R),R_The_ED_FD_FCR B,2,33.35980937256977,41.35980937256977,65.71961874513954,,,none,30.0,120,3,monophasic
Modulated_autosave_20260717_162548_293ms,Ext. digitorum (R),R_The_ED_FD_FCR B,3,66.71961874513954,74.71961874513954,99.07942811770931,,,none,30.0,120,3,monophasic
Modulated_autosave_20260717_162548_293ms,Ext. digitorum (R),R_The_ED_FD_FCR B,4,100.07942811770931,108.07942811770931,132.4392374903075,,,none,30.0,120,3,monophasic
Modulated_autosave_20260717_162548_293ms,Ext. digitorum (R),R_The_ED_FD_FCR B,5,133.4392374903075,141.4392374903075,165.79904686287728,,,none,30.0,120,3,monophasic
Modulated_autosave_20260717_162548_293ms,Ext. digitorum (R),R_The_ED_FD_FCR B,6,166.79904686287728,174.79904686287728,199.15885623544705,,,none,30.0,120,3,monophasic
Modulated_autosave_20260717_162548_293ms,Ext. digitorum (R),R_The_ED_FD_FCR B,7,200.15885623544705,208.15885623544705,232.51866560801682,,,none,30.0,120,3,monophasic
Modulated_autosave_20260717_162548_293ms,Ext. digitorum (R),R_The_ED_FD_FCR B,8,233.51866560801682,241.51866560801682,265.8784749796487,,,none,30.0,120,3,monophasic
Modulated_autosave_20260717_162548_293ms,Ext. digitorum (R),R_The_ED_FD_FCR B,9,266.8784749796487,274.8784749796487,299.23828435224686,,,none,30.0,120,3,monophasic
Modulated_autosave_20260717_162548_293ms,Ext. digitorum (R),R_The_ED_FD_FCR B,10,300.23828435224686,308.23828435224686,332.59809372481664,,,none,30.0,120,3,monophasic
Modulated_autosave_20260717_162548_293ms,Flex. digitorum (R),R_The_ED_FD_FCR C,1,0.7942811753594015,8.794281175359401,32.35980937256977,,,none,30.0,25,3,monophasic
Modulated_autosave_20260717_162548_293ms,Flex. digitorum (R),R_The_ED_FD_FCR C,2,33.35980937256977,41.35980937256977,65.71961874513954,,,none,30.0,25,3,monophasic
Modulated_autosave_20260717_162548_293ms,Flex. digitorum (R),R_The_ED_FD_FCR C,3,66.71961874513954,74.71961874513954,99.07942811770931,,,none,30.0,25,3,monophasic
Modulated_autosave_20260717_162548_293ms,Flex. digitorum (R),R_The_ED_FD_FCR C,4,100.07942811770931,108.07942811770931,132.4392374903075,,,none,30.0,25,3,monophasic
Modulated_autosave_20260717_162548_293ms,Flex. digitorum (R),R_The_ED_FD_FCR C,5,133.4392374903075,141.4392374903075,165.79904686287728,,,none,30.0,25,3,monophasic
Modulated_autosave_20260717_162548_293ms,Flex. digitorum (R),R_The_ED_FD_FCR C,6,166.79904686287728,174.79904686287728,199.15885623544705,,,none,30.0,25,3,monophasic
Modulated_autosave_20260717_162548_293ms,Flex. digitorum (R),R_The_ED_FD_FCR C,7,200.15885623544705,208.15885623544705,232.51866560801682,,,none,30.0,25,3,monophasic
Modulated_autosave_20260717_162548_293ms,Flex. digitorum (R),R_The_ED_FD_FCR C,8,233.51866560801682,241.51866560801682,265.8784749796487,,,none,30.0,25,3,monophasic
Modulated_autosave_20260717_162548_293ms,Flex. digitorum (R),R_The_ED_FD_FCR C,9,266.8784749796487,274.8784749796487,299.23828435224686,,,none,30.0,25,3,monophasic
Modulated_autosave_20260717_162548_293ms,Flex. digitorum (R),R_The_ED_FD_FCR C,10,300.23828435224686,308.23828435224686,332.59809372481664,,,none,30.0,25,3,monophasic
Modulated_autosave_20260717_162548_293ms,Flex. digitorum (R),R_The_ED_FD_FCR C,1,0.7942811753594015,8.794281175359401,32.35980937256977,,,none,30.0,30,3,monophasic
Modulated_autosave_20260717_162548_293ms,Flex. digitorum (R),R_The_ED_FD_FCR C,2,33.35980937256977,41.35980937256977,65.71961874513954,,,none,30.0,30,3,monophasic
Modulated_autosave_20260717_162548_293ms,Flex. digitorum (R),R_The_ED_FD_FCR C,3,66.71961874513954,74.71961874513954,99.07942811770931,,,none,30.0,30,3,monophasic
Modulated_autosave_20260717_162548_293ms,Flex. digitorum (R),R_The_ED_FD_FCR C,4,100.07942811770931,108.07942811770931,132.4392374903075,,,none,30.0,30,3,monophasic
Modulated_autosave_20260717_162548_293ms,Flex. digitorum (R),R_The_ED_FD_FCR C,5,133.4392374903075,141.4392374903075,165.79904686287728,,,none,30.0,30,3,monophasic
Modulated_autosave_20260717_162548_293ms,Flex. digitorum (R),R_The_ED_FD_FCR C,6,166.79904686287728,174.79904686287728,199.15885623544705,,,none,30.0,30,3,monophasic
Modulated_autosave_20260717_162548_293ms,Flex. digitorum (R),R_The_ED_FD_FCR C,7,200.15885623544705,208.15885623544705,232.51866560801682,,,none,30.0,30,3,monophasic
Modulated_autosave_20260717_162548_293ms,Flex. digitorum (R),R_The_ED_FD_FCR C,8,233.51866560801682,241.51866560801682,265.8784749796487,,,none,30.0,30,3,monophasic
Modulated_autosave_20260717_162548_293ms,Flex. digitorum (R),R_The_ED_FD_FCR C,9,266.8784749796487,274.8784749796487,299.23828435224686,,,none,30.0,30,3,monophasic
Modulated_autosave_20260717_162548_293ms,Flex. digitorum (R),R_The_ED_FD_FCR C,10,300.23828435224686,308.23828435224686,332.59809372481664,,,none,30.0,30,3,monophasic
Modulated_autosave_20260717_162548_293ms,Flex. digitorum (R),R_The_ED_FD_FCR C,1,0.7942811753594015,8.794281175359401,32.35980937256977,,,none,30.0,35,3,monophasic
Modulated_autosave_20260717_162548_293ms,Flex. digitorum (R),R_The_ED_FD_FCR C,2,33.35980937256977,41.35980937256977,65.71961874513954,,,none,30.0,35,3,monophasic
Modulated_autosave_20260717_162548_293ms,Flex. digitorum (R),R_The_ED_FD_FCR C,3,66.71961874513954,74.71961874513954,99.07942811770931,,,none,30.0,35,3,monophasic
Modulated_autosave_20260717_162548_293ms,Flex. digitorum (R),R_The_ED_FD_FCR C,4,100.07942811770931,108.07942811770931,132.4392374903075,,,none,30.0,35,3,monophasic
Modulated_autosave_20260717_162548_293ms,Flex. digitorum (R),R_The_ED_FD_FCR C,5,133.4392374903075,141.4392374903075,165.79904686287728,,,none,30.0,35,3,monophasic
Modulated_autosave_20260717_162548_293ms,Flex. digitorum (R),R_The_ED_FD_FCR C,6,166.79904686287728,174.79904686287728,199.15885623544705,,,none,30.0,35,3,monophasic
Modulated_autosave_20260717_162548_293ms,Flex. digitorum (R),R_The_ED_FD_FCR C,7,200.15885623544705,208.15885623544705,232.51866560801682,,,none,30.0,35,3,monophasic
Modulated_autosave_20260717_162548_293ms,Flex. digitorum (R),R_The_ED_FD_FCR C,8,233.51866560801682,241.51866560801682,265.8784749796487,,,none,30.0,35,3,monophasic
Modulated_autosave_20260717_162548_293ms,Flex. digitorum (R),R_The_ED_FD_FCR C,9,266.8784749796487,274.8784749796487,299.23828435224686,,,none,30.0,35,3,monophasic
Modulated_autosave_20260717_162548_293ms,Flex. digitorum (R),R_The_ED_FD_FCR C,10,300.23828435224686,308.23828435224686,332.59809372481664,,,none,30.0,35,3,monophasic
Modulated_autosave_20260717_162548_293ms,Flex. digitorum (R),R_The_ED_FD_FCR C,1,0.7942811753594015,8.794281175359401,32.35980937256977,,,none,30.0,40,3,monophasic
Modulated_autosave_20260717_162548_293ms,Flex. digitorum (R),R_The_ED_FD_FCR C,2,33.35980937256977,41.35980937256977,65.71961874513954,,,none,30.0,40,3,monophasic
Modulated_autosave_20260717_162548_293ms,Flex. digitorum (R),R_The_ED_FD_FCR C,3,66.71961874513954,74.71961874513954,99.07942811770931,,,none,30.0,40,3,monophasic
Modulated_autosave_20260717_162548_293ms,Flex. digitorum (R),R_The_ED_FD_FCR C,4,100.07942811770931,108.07942811770931,132.4392374903075,,,none,30.0,40,3,monophasic
Modulated_autosave_20260717_162548_293ms,Flex. digitorum (R),R_The_ED_FD_FCR C,5,133.4392374903075,141.4392374903075,165.79904686287728,,,none,30.0,40,3,monophasic
Modulated_autosave_20260717_162548_293ms,Flex. digitorum (R),R_The_ED_FD_FCR C,6,166.79904686287728,174.79904686287728,199.15885623544705,,,none,30.0,40,3,monophasic
Modulated_autosave_20260717_162548_293ms,Flex. digitorum (R),R_The_ED_FD_FCR C,7,200.15885623544705,208.15885623544705,232.51866560801682,,,none,30.0,40,3,monophasic
Modulated_autosave_20260717_162548_293ms,Flex. digitorum (R),R_The_ED_FD_FCR C,8,233.51866560801682,241.51866560801682,265.8784749796487,,,none,30.0,40,3,monophasic
Modulated_autosave_20260717_162548_293ms,Flex. digitorum (R),R_The_ED_FD_FCR C,9,266.8784749796487,274.8784749796487,299.23828435224686,,,none,30.0,40,3,monophasic
Modulated_autosave_20260717_162548_293ms,Flex. digitorum (R),R_The_ED_FD_FCR C,10,300.23828435224686,308.23828435224686,332.59809372481664,,,none,30.0,40,3,monophasic
Modulated_autosave_20260717_162548_293ms,Flex. digitorum (R),R_The_ED_FD_FCR C,1,0.7942811753594015,8.794281175359401,32.35980937256977,,,none,30.0,45,3,monophasic
Modulated_autosave_20260717_162548_293ms,Flex. digitorum (R),R_The_ED_FD_FCR C,2,33.35980937256977,41.35980937256977,65.71961874513954,,,none,30.0,45,3,monophasic
Modulated_autosave_20260717_162548_293ms,Flex. digitorum (R),R_The_ED_FD_FCR C,3,66.71961874513954,74.71961874513954,99.07942811770931,,,none,30.0,45,3,monophasic
Modulated_autosave_20260717_162548_293ms,Flex. digitorum (R),R_The_ED_FD_FCR C,4,100.07942811770931,108.07942811770931,132.4392374903075,,,none,30.0,45,3,monophasic
Modulated_autosave_20260717_162548_293ms,Flex. digitorum (R),R_The_ED_FD_FCR C,5,133.4392374903075,141.4392374903075,165.79904686287728,,,none,30.0,45,3,monophasic
Modulated_autosave_20260717_162548_293ms,Flex. digitorum (R),R_The_ED_FD_FCR C,6,166.79904686287728,174.79904686287728,199.15885623544705,,,none,30.0,45,3,monophasic
Modulated_autosave_20260717_162548_293ms,Flex. digitorum (R),R_The_ED_FD_FCR C,7,200.15885623544705,208.15885623544705,232.51866560801682,,,none,30.0,45,3,monophasic
Modulated_autosave_20260717_162548_293ms,Flex. digitorum (R),R_The_ED_FD_FCR C,8,233.51866560801682,241.51866560801682,265.8784749796487,,,none,30.0,45,3,monophasic
Modulated_autosave_20260717_162548_293ms,Flex. digitorum (R),R_The_ED_FD_FCR C,9,266.8784749796487,274.8784749796487,299.23828435224686,,,none,30.0,45,3,monophasic
Modulated_autosave_20260717_162548_293ms,Flex. digitorum (R),R_The_ED_FD_FCR C,10,300.23828435224686,308.23828435224686,332.59809372481664,,,none,30.0,45,3,monophasic
Modulated_autosave_20260717_162548_293ms,Flex. digitorum (R),R_The_ED_FD_FCR C,1,0.7942811753594015,8.794281175359401,32.35980937256977,,,none,30.0,50,3,monophasic
Modulated_autosave_20260717_162548_293ms,Flex. digitorum (R),R_The_ED_FD_FCR C,2,33.35980937256977,41.35980937256977,65.71961874513954,,,none,30.0,50,3,monophasic
Modulated_autosave_20260717_162548_293ms,Flex. digitorum (R),R_The_ED_FD_FCR C,3,66.71961874513954,74.71961874513954,99.07942811770931,,,none,30.0,50,3,monophasic
Modulated_autosave_20260717_162548_293ms,Flex. digitorum (R),R_The_ED_FD_FCR C,4,100.07942811770931,108.07942811770931,132.4392374903075,,,none,30.0,50,3,monophasic
Modulated_autosave_20260717_162548_293ms,Flex. digitorum (R),R_The_ED_FD_FCR C,5,133.4392374903075,141.4392374903075,165.79904686287728,,,none,30.0,50,3,monophasic
Modulated_autosave_20260717_162548_293ms,Flex. digitorum (R),R_The_ED_FD_FCR C,6,166.79904686287728,174.79904686287728,199.15885623544705,,,none,30.0,50,3,monophasic
Modulated_autosave_20260717_162548_293ms,Flex. digitorum (R),R_The_ED_FD_FCR C,7,200.15885623544705,208.15885623544705,232.51866560801682,,,none,30.0,50,3,monophasic
Modulated_autosave_20260717_162548_293ms,Flex. digitorum (R),R_The_ED_FD_FCR C,8,233.51866560801682,241.51866560801682,265.8784749796487,,,none,30.0,50,3,monophasic
Modulated_autosave_20260717_162548_293ms,Flex. digitorum (R),R_The_ED_FD_FCR C,9,266.8784749796487,274.8784749796487,299.23828435224686,,,none,30.0,50,3,monophasic
Modulated_autosave_20260717_162548_293ms,Flex. digitorum (R),R_The_ED_FD_FCR C,10,300.23828435224686,308.23828435224686,332.59809372481664,,,none,30.0,50,3,monophasic
Modulated_autosave_20260717_162548_293ms,Flex. digitorum (R),R_The_ED_FD_FCR C,1,0.7942811753594015,8.794281175359401,32.35980937256977,,,none,30.0,55,3,monophasic
Modulated_autosave_20260717_162548_293ms,Flex. digitorum (R),R_The_ED_FD_FCR C,2,33.35980937256977,41.35980937256977,65.71961874513954,,,none,30.0,55,3,monophasic
Modulated_autosave_20260717_162548_293ms,Flex. digitorum (R),R_The_ED_FD_FCR C,3,66.71961874513954,74.71961874513954,99.07942811770931,,,none,30.0,55,3,monophasic
Modulated_autosave_20260717_162548_293ms,Flex. digitorum (R),R_The_ED_FD_FCR C,4,100.07942811770931,108.07942811770931,132.4392374903075,,,none,30.0,55,3,monophasic
Modulated_autosave_20260717_162548_293ms,Flex. digitorum (R),R_The_ED_FD_FCR C,5,133.4392374903075,141.4392374903075,165.79904686287728,,,none,30.0,55,3,monophasic
Modulated_autosave_20260717_162548_293ms,Flex. digitorum (R),R_The_ED_FD_FCR C,6,166.79904686287728,174.79904686287728,199.15885623544705,,,none,30.0,55,3,monophasic
Modulated_autosave_20260717_162548_293ms,Flex. digitorum (R),R_The_ED_FD_FCR C,7,200.15885623544705,208.15885623544705,232.51866560801682,,,none,30.0,55,3,monophasic
Modulated_autosave_20260717_162548_293ms,Flex. digitorum (R),R_The_ED_FD_FCR C,8,233.51866560801682,241.51866560801682,265.8784749796487,,,none,30.0,55,3,monophasic
Modulated_autosave_20260717_162548_293ms,Flex. digitorum (R),R_The_ED_FD_FCR C,9,266.8784749796487,274.8784749796487,299.23828435224686,,,none,30.0,55,3,monophasic
Modulated_autosave_20260717_162548_293ms,Flex. digitorum (R),R_The_ED_FD_FCR C,10,300.23828435224686,308.23828435224686,332.59809372481664,,,none,30.0,55,3,monophasic
Modulated_autosave_20260717_162548_293ms,Flex. digitorum (R),R_The_ED_FD_FCR C,1,0.7942811753594015,8.794281175359401,32.35980937256977,,,none,30.0,60,3,monophasic
Modulated_autosave_20260717_162548_293ms,Flex. digitorum (R),R_The_ED_FD_FCR C,2,33.35980937256977,41.35980937256977,65.71961874513954,,,none,30.0,60,3,monophasic
Modulated_autosave_20260717_162548_293ms,Flex. digitorum (R),R_The_ED_FD_FCR C,3,66.71961874513954,74.71961874513954,99.07942811770931,,,none,30.0,60,3,monophasic
Modulated_autosave_20260717_162548_293ms,Flex. digitorum (R),R_The_ED_FD_FCR C,4,100.07942811770931,108.07942811770931,132.4392374903075,,,none,30.0,60,3,monophasic
Modulated_autosave_20260717_162548_293ms,Flex. digitorum (R),R_The_ED_FD_FCR C,5,133.4392374903075,141.4392374903075,165.79904686287728,,,none,30.0,60,3,monophasic
Modulated_autosave_20260717_162548_293ms,Flex. digitorum (R),R_The_ED_FD_FCR C,6,166.79904686287728,174.79904686287728,199.15885623544705,,,none,30.0,60,3,monophasic
Modulated_autosave_20260717_162548_293ms,Flex. digitorum (R),R_The_ED_FD_FCR C,7,200.15885623544705,208.15885623544705,232.51866560801682,,,none,30.0,60,3,monophasic
Modulated_autosave_20260717_162548_293ms,Flex. digitorum (R),R_The_ED_FD_FCR C,8,233.51866560801682,241.51866560801682,265.8784749796487,,,none,30.0,60,3,monophasic
Modulated_autosave_20260717_162548_293ms,Flex. digitorum (R),R_The_ED_FD_FCR C,9,266.8784749796487,274.8784749796487,299.23828435224686,,,none,30.0,60,3,monophasic
Modulated_autosave_20260717_162548_293ms,Flex. digitorum (R),R_The_ED_FD_FCR C,10,300.23828435224686,308.23828435224686,332.59809372481664,,,none,30.0,60,3,monophasic
Modulated_autosave_20260717_162548_293ms,Flex. digitorum (R),R_The_ED_FD_FCR C,1,0.7942811753594015,8.794281175359401,32.35980937256977,,,none,30.0,65,3,monophasic
Modulated_autosave_20260717_162548_293ms,Flex. digitorum (R),R_The_ED_FD_FCR C,2,33.35980937256977,41.35980937256977,65.71961874513954,,,none,30.0,65,3,monophasic
Modulated_autosave_20260717_162548_293ms,Flex. digitorum (R),R_The_ED_FD_FCR C,3,66.71961874513954,74.71961874513954,99.07942811770931,,,none,30.0,65,3,monophasic
Modulated_autosave_20260717_162548_293ms,Flex. digitorum (R),R_The_ED_FD_FCR C,4,100.07942811770931,108.07942811770931,132.4392374903075,,,none,30.0,65,3,monophasic
Modulated_autosave_20260717_162548_293ms,Flex. digitorum (R),R_The_ED_FD_FCR C,5,133.4392374903075,141.4392374903075,165.79904686287728,,,none,30.0,65,3,monophasic
Modulated_autosave_20260717_162548_293ms,Flex. digitorum (R),R_The_ED_FD_FCR C,6,166.79904686287728,174.79904686287728,199.15885623544705,,,none,30.0,65,3,monophasic
Modulated_autosave_20260717_162548_293ms,Flex. digitorum (R),R_The_ED_FD_FCR C,7,200.15885623544705,208.15885623544705,232.51866560801682,,,none,30.0,65,3,monophasic
Modulated_autosave_20260717_162548_293ms,Flex. digitorum (R),R_The_ED_FD_FCR C,8,233.51866560801682,241.51866560801682,265.8784749796487,,,none,30.0,65,3,monophasic
Modulated_autosave_20260717_162548_293ms,Flex. digitorum (R),R_The_ED_FD_FCR C,9,266.8784749796487,274.8784749796487,299.23828435224686,,,none,30.0,65,3,monophasic
Modulated_autosave_20260717_162548_293ms,Flex. digitorum (R),R_The_ED_FD_FCR C,10,300.23828435224686,308.23828435224686,332.59809372481664,,,none,30.0,65,3,monophasic
Modulated_autosave_20260717_162548_293ms,Flex. digitorum (R),R_The_ED_FD_FCR C,1,0.7942811753594015,8.794281175359401,32.35980937256977,,,none,30.0,70,3,monophasic
Modulated_autosave_20260717_162548_293ms,Flex. digitorum (R),R_The_ED_FD_FCR C,2,33.35980937256977,41.35980937256977,65.71961874513954,,,none,30.0,70,3,monophasic
Modulated_autosave_20260717_162548_293ms,Flex. digitorum (R),R_The_ED_FD_FCR C,3,66.71961874513954,74.71961874513954,99.07942811770931,,,none,30.0,70,3,monophasic
Modulated_autosave_20260717_162548_293ms,Flex. digitorum (R),R_The_ED_FD_FCR C,4,100.07942811770931,108.07942811770931,132.4392374903075,,,none,30.0,70,3,monophasic
Modulated_autosave_20260717_162548_293ms,Flex. digitorum (R),R_The_ED_FD_FCR C,5,133.4392374903075,141.4392374903075,165.79904686287728,,,none,30.0,70,3,monophasic
Modulated_autosave_20260717_162548_293ms,Flex. digitorum (R),R_The_ED_FD_FCR C,6,166.79904686287728,174.79904686287728,199.15885623544705,,,none,30.0,70,3,monophasic
Modulated_autosave_20260717_162548_293ms,Flex. digitorum (R),R_The_ED_FD_FCR C,7,200.15885623544705,208.15885623544705,232.51866560801682,,,none,30.0,70,3,monophasic
Modulated_autosave_20260717_162548_293ms,Flex. digitorum (R),R_The_ED_FD_FCR C,8,233.51866560801682,241.51866560801682,265.8784749796487,,,none,30.0,70,3,monophasic
Modulated_autosave_20260717_162548_293ms,Flex. digitorum (R),R_The_ED_FD_FCR C,9,266.8784749796487,274.8784749796487,299.23828435224686,,,none,30.0,70,3,monophasic
Modulated_autosave_20260717_162548_293ms,Flex. digitorum (R),R_The_ED_FD_FCR C,10,300.23828435224686,308.23828435224686,332.59809372481664,,,none,30.0,70,3,monophasic
Modulated_autosave_20260717_162548_293ms,Flex. digitorum (R),R_The_ED_FD_FCR C,1,0.7942811753594015,8.794281175359401,32.35980937256977,,,none,30.0,75,3,monophasic
Modulated_autosave_20260717_162548_293ms,Flex. digitorum (R),R_The_ED_FD_FCR C,2,33.35980937256977,41.35980937256977,65.71961874513954,,,none,30.0,75,3,monophasic
Modulated_autosave_20260717_162548_293ms,Flex. digitorum (R),R_The_ED_FD_FCR C,3,66.71961874513954,74.71961874513954,99.07942811770931,,,none,30.0,75,3,monophasic
Modulated_autosave_20260717_162548_293ms,Flex. digitorum (R),R_The_ED_FD_FCR C,4,100.07942811770931,108.07942811770931,132.4392374903075,,,none,30.0,75,3,monophasic
Modulated_autosave_20260717_162548_293ms,Flex. digitorum (R),R_The_ED_FD_FCR C,5,133.4392374903075,141.4392374903075,165.79904686287728,,,none,30.0,75,3,monophasic
Modulated_autosave_20260717_162548_293ms,Flex. digitorum (R),R_The_ED_FD_FCR C,6,166.79904686287728,174.79904686287728,199.15885623544705,,,none,30.0,75,3,monophasic
Modulated_autosave_20260717_162548_293ms,Flex. digitorum (R),R_The_ED_FD_FCR C,7,200.15885623544705,208.15885623544705,232.51866560801682,,,none,30.0,75,3,monophasic
Modulated_autosave_20260717_162548_293ms,Flex. digitorum (R),R_The_ED_FD_FCR C,8,233.51866560801682,241.51866560801682,265.8784749796487,,,none,30.0,75,3,monophasic
Modulated_autosave_20260717_162548_293ms,Flex. digitorum (R),R_The_ED_FD_FCR C,9,266.8784749796487,274.8784749796487,299.23828435224686,,,none,30.0,75,3,monophasic
Modulated_autosave_20260717_162548_293ms,Flex. digitorum (R),R_The_ED_FD_FCR C,10,300.23828435224686,308.23828435224686,332.59809372481664,,,none,30.0,75,3,monophasic
Modulated_autosave_20260717_162548_293ms,Flex. digitorum (R),R_The_ED_FD_FCR C,1,0.7942811753594015,8.794281175359401,32.35980937256977,,,none,30.0,80,3,monophasic
Modulated_autosave_20260717_162548_293ms,Flex. digitorum (R),R_The_ED_FD_FCR C,2,33.35980937256977,41.35980937256977,65.71961874513954,,,none,30.0,80,3,monophasic
Modulated_autosave_20260717_162548_293ms,Flex. digitorum (R),R_The_ED_FD_FCR C,3,66.71961874513954,74.71961874513954,99.07942811770931,,,none,30.0,80,3,monophasic
Modulated_autosave_20260717_162548_293ms,Flex. digitorum (R),R_The_ED_FD_FCR C,4,100.07942811770931,108.07942811770931,132.4392374903075,,,none,30.0,80,3,monophasic
Modulated_autosave_20260717_162548_293ms,Flex. digitorum (R),R_The_ED_FD_FCR C,5,133.4392374903075,141.4392374903075,165.79904686287728,,,none,30.0,80,3,monophasic
Modulated_autosave_20260717_162548_293ms,Flex. digitorum (R),R_The_ED_FD_FCR C,6,166.79904686287728,174.79904686287728,199.15885623544705,,,none,30.0,80,3,monophasic
Modulated_autosave_20260717_162548_293ms,Flex. digitorum (R),R_The_ED_FD_FCR C,7,200.15885623544705,208.15885623544705,232.51866560801682,,,none,30.0,80,3,monophasic
Modulated_autosave_20260717_162548_293ms,Flex. digitorum (R),R_The_ED_FD_FCR C,8,233.51866560801682,241.51866560801682,265.8784749796487,,,none,30.0,80,3,monophasic
Modulated_autosave_20260717_162548_293ms,Flex. digitorum (R),R_The_ED_FD_FCR C,9,266.8784749796487,274.8784749796487,299.23828435224686,,,none,30.0,80,3,monophasic
Modulated_autosave_20260717_162548_293ms,Flex. digitorum (R),R_The_ED_FD_FCR C,10,300.23828435224686,308.23828435224686,332.59809372481664,,,none,30.0,80,3,monophasic
Modulated_autosave_20260717_162548_293ms,Flex. digitorum (R),R_The_ED_FD_FCR C,1,0.7942811753594015,8.794281175359401,32.35980937256977,,,none,30.0,85,3,monophasic
Modulated_autosave_20260717_162548_293ms,Flex. digitorum (R),R_The_ED_FD_FCR C,2,33.35980937256977,41.35980937256977,65.71961874513954,,,none,30.0,85,3,monophasic
Modulated_autosave_20260717_162548_293ms,Flex. digitorum (R),R_The_ED_FD_FCR C,3,66.71961874513954,74.71961874513954,99.07942811770931,,,none,30.0,85,3,monophasic
Modulated_autosave_20260717_162548_293ms,Flex. digitorum (R),R_The_ED_FD_FCR C,4,100.07942811770931,108.07942811770931,132.4392374903075,,,none,30.0,85,3,monophasic
Modulated_autosave_20260717_162548_293ms,Flex. digitorum (R),R_The_ED_FD_FCR C,5,133.4392374903075,141.4392374903075,165.79904686287728,,,none,30.0,85,3,monophasic
Modulated_autosave_20260717_162548_293ms,Flex. digitorum (R),R_The_ED_FD_FCR C,6,166.79904686287728,174.79904686287728,199.15885623544705,,,none,30.0,85,3,monophasic
Modulated_autosave_20260717_162548_293ms,Flex. digitorum (R),R_The_ED_FD_FCR C,7,200.15885623544705,208.15885623544705,232.51866560801682,,,none,30.0,85,3,monophasic
Modulated_autosave_20260717_162548_293ms,Flex. digitorum (R),R_The_ED_FD_FCR C,8,233.51866560801682,241.51866560801682,265.8784749796487,,,none,30.0,85,3,monophasic
Modulated_autosave_20260717_162548_293ms,Flex. digitorum (R),R_The_ED_FD_FCR C,9,266.8784749796487,274.8784749796487,299.23828435224686,,,none,30.0,85,3,monophasic
Modulated_autosave_20260717_162548_293ms,Flex. digitorum (R),R_The_ED_FD_FCR C,10,300.23828435224686,308.23828435224686,332.59809372481664,,,none,30.0,85,3,monophasic
Modulated_autosave_20260717_162548_293ms,Flex. digitorum (R),R_The_ED_FD_FCR C,1,0.7942811753594015,8.794281175359401,32.35980937256977,,,none,30.0,90,3,monophasic
Modulated_autosave_20260717_162548_293ms,Flex. digitorum (R),R_The_ED_FD_FCR C,2,33.35980937256977,41.35980937256977,65.71961874513954,,,none,30.0,90,3,monophasic
Modulated_autosave_20260717_162548_293ms,Flex. digitorum (R),R_The_ED_FD_FCR C,3,66.71961874513954,74.71961874513954,99.07942811770931,,,none,30.0,90,3,monophasic
Modulated_autosave_20260717_162548_293ms,Flex. digitorum (R),R_The_ED_FD_FCR C,4,100.07942811770931,108.07942811770931,132.4392374903075,,,none,30.0,90,3,monophasic
Modulated_autosave_20260717_162548_293ms,Flex. digitorum (R),R_The_ED_FD_FCR C,5,133.4392374903075,141.4392374903075,165.79904686287728,,,none,30.0,90,3,monophasic
Modulated_autosave_20260717_162548_293ms,Flex. digitorum (R),R_The_ED_FD_FCR C,6,166.79904686287728,174.79904686287728,199.15885623544705,,,none,30.0,90,3,monophasic
Modulated_autosave_20260717_162548_293ms,Flex. digitorum (R),R_The_ED_FD_FCR C,7,200.15885623544705,208.15885623544705,232.51866560801682,,,none,30.0,90,3,monophasic
Modulated_autosave_20260717_162548_293ms,Flex. digitorum (R),R_The_ED_FD_FCR C,8,233.51866560801682,241.51866560801682,265.8784749796487,,,none,30.0,90,3,monophasic
Modulated_autosave_20260717_162548_293ms,Flex. digitorum (R),R_The_ED_FD_FCR C,9,266.8784749796487,274.8784749796487,299.23828435224686,,,none,30.0,90,3,monophasic
Modulated_autosave_20260717_162548_293ms,Flex. digitorum (R),R_The_ED_FD_FCR C,10,300.23828435224686,308.23828435224686,332.59809372481664,,,none,30.0,90,3,monophasic
Modulated_autosave_20260717_162548_293ms,Flex. digitorum (R),R_The_ED_FD_FCR C,1,0.7942811753594015,8.794281175359401,32.35980937256977,,,none,30.0,95,3,monophasic
Modulated_autosave_20260717_162548_293ms,Flex. digitorum (R),R_The_ED_FD_FCR C,2,33.35980937256977,41.35980937256977,65.71961874513954,,,none,30.0,95,3,monophasic
Modulated_autosave_20260717_162548_293ms,Flex. digitorum (R),R_The_ED_FD_FCR C,3,66.71961874513954,74.71961874513954,99.07942811770931,,,none,30.0,95,3,monophasic
Modulated_autosave_20260717_162548_293ms,Flex. digitorum (R),R_The_ED_FD_FCR C,4,100.07942811770931,108.07942811770931,132.4392374903075,,,none,30.0,95,3,monophasic
Modulated_autosave_20260717_162548_293ms,Flex. digitorum (R),R_The_ED_FD_FCR C,5,133.4392374903075,141.4392374903075,165.79904686287728,,,none,30.0,95,3,monophasic
Modulated_autosave_20260717_162548_293ms,Flex. digitorum (R),R_The_ED_FD_FCR C,6,166.79904686287728,174.79904686287728,199.15885623544705,,,none,30.0,95,3,monophasic
Modulated_autosave_20260717_162548_293ms,Flex. digitorum (R),R_The_ED_FD_FCR C,7,200.15885623544705,208.15885623544705,232.51866560801682,,,none,30.0,95,3,monophasic
Modulated_autosave_20260717_162548_293ms,Flex. digitorum (R),R_The_ED_FD_FCR C,8,233.51866560801682,241.51866560801682,265.8784749796487,,,none,30.0,95,3,monophasic
Modulated_autosave_20260717_162548_293ms,Flex. digitorum (R),R_The_ED_FD_FCR C,9,266.8784749796487,274.8784749796487,299.23828435224686,,,none,30.0,95,3,monophasic
Modulated_autosave_20260717_162548_293ms,Flex. digitorum (R),R_The_ED_FD_FCR C,10,300.23828435224686,308.23828435224686,332.59809372481664,,,none,30.0,95,3,monophasic
Modulated_autosave_20260717_162548_293ms,Flex. digitorum (R),R_The_ED_FD_FCR C,1,0.7942811753594015,8.794281175359401,32.35980937256977,,,none,30.0,100,3,monophasic
Modulated_autosave_20260717_162548_293ms,Flex. digitorum (R),R_The_ED_FD_FCR C,2,33.35980937256977,41.35980937256977,65.71961874513954,,,none,30.0,100,3,monophasic
Modulated_autosave_20260717_162548_293ms,Flex. digitorum (R),R_The_ED_FD_FCR C,3,66.71961874513954,74.71961874513954,99.07942811770931,,,none,30.0,100,3,monophasic
Modulated_autosave_20260717_162548_293ms,Flex. digitorum (R),R_The_ED_FD_FCR C,4,100.07942811770931,108.07942811770931,132.4392374903075,,,none,30.0,100,3,monophasic
Modulated_autosave_20260717_162548_293ms,Flex. digitorum (R),R_The_ED_FD_FCR C,5,133.4392374903075,141.4392374903075,165.79904686287728,,,none,30.0,100,3,monophasic
Modulated_autosave_20260717_162548_293ms,Flex. digitorum (R),R_The_ED_FD_FCR C,6,166.79904686287728,174.79904686287728,199.15885623544705,,,none,30.0,100,3,monophasic
Modulated_autosave_20260717_162548_293ms,Flex. digitorum (R),R_The_ED_FD_FCR C,7,200.15885623544705,208.15885623544705,232.51866560801682,,,none,30.0,100,3,monophasic
Modulated_autosave_20260717_162548_293ms,Flex. digitorum (R),R_The_ED_FD_FCR C,8,233.51866560801682,241.51866560801682,265.8784749796487,,,none,30.0,100,3,monophasic
Modulated_autosave_20260717_162548_293ms,Flex. digitorum (R),R_The_ED_FD_FCR C,9,266.8784749796487,274.8784749796487,299.23828435224686,,,none,30.0,100,3,monophasic
Modulated_autosave_20260717_162548_293ms,Flex. digitorum (R),R_The_ED_FD_FCR C,10,300.23828435224686,308.23828435224686,332.59809372481664,,,none,30.0,100,3,monophasic
Modulated_autosave_20260717_162548_293ms,Flex. digitorum (R),R_The_ED_FD_FCR C,1,0.7942811753594015,8.794281175359401,32.35980937256977,,,none,30.0,105,3,monophasic
Modulated_autosave_20260717_162548_293ms,Flex. digitorum (R),R_The_ED_FD_FCR C,2,33.35980937256977,41.35980937256977,65.71961874513954,,,none,30.0,105,3,monophasic
Modulated_autosave_20260717_162548_293ms,Flex. digitorum (R),R_The_ED_FD_FCR C,3,66.71961874513954,74.71961874513954,99.07942811770931,,,none,30.0,105,3,monophasic
Modulated_autosave_20260717_162548_293ms,Flex. digitorum (R),R_The_ED_FD_FCR C,4,100.07942811770931,108.07942811770931,132.4392374903075,,,none,30.0,105,3,monophasic
Modulated_autosave_20260717_162548_293ms,Flex. digitorum (R),R_The_ED_FD_FCR C,5,133.4392374903075,141.4392374903075,165.79904686287728,,,none,30.0,105,3,monophasic
Modulated_autosave_20260717_162548_293ms,Flex. digitorum (R),R_The_ED_FD_FCR C,6,166.79904686287728,174.79904686287728,199.15885623544705,,,none,30.0,105,3,monophasic
Modulated_autosave_20260717_162548_293ms,Flex. digitorum (R),R_The_ED_FD_FCR C,7,200.15885623544705,208.15885623544705,232.51866560801682,,,none,30.0,105,3,monophasic
Modulated_autosave_20260717_162548_293ms,Flex. digitorum (R),R_The_ED_FD_FCR C,8,233.51866560801682,241.51866560801682,265.8784749796487,,,none,30.0,105,3,monophasic
Modulated_autosave_20260717_162548_293ms,Flex. digitorum (R),R_The_ED_FD_FCR C,9,266.8784749796487,274.8784749796487,299.23828435224686,,,none,30.0,105,3,monophasic
Modulated_autosave_20260717_162548_293ms,Flex. digitorum (R),R_The_ED_FD_FCR C,10,300.23828435224686,308.23828435224686,332.59809372481664,,,none,30.0,105,3,monophasic
Modulated_autosave_20260717_162548_293ms,Flex. digitorum (R),R_The_ED_FD_FCR C,1,0.7942811753594015,8.794281175359401,32.35980937256977,,,none,30.0,110,3,monophasic
Modulated_autosave_20260717_162548_293ms,Flex. digitorum (R),R_The_ED_FD_FCR C,2,33.35980937256977,41.35980937256977,65.71961874513954,,,none,30.0,110,3,monophasic
Modulated_autosave_20260717_162548_293ms,Flex. digitorum (R),R_The_ED_FD_FCR C,3,66.71961874513954,74.71961874513954,99.07942811770931,,,none,30.0,110,3,monophasic
Modulated_autosave_20260717_162548_293ms,Flex. digitorum (R),R_The_ED_FD_FCR C,4,100.07942811770931,108.07942811770931,132.4392374903075,,,none,30.0,110,3,monophasic
Modulated_autosave_20260717_162548_293ms,Flex. digitorum (R),R_The_ED_FD_FCR C,5,133.4392374903075,141.4392374903075,165.79904686287728,,,none,30.0,110,3,monophasic
Modulated_autosave_20260717_162548_293ms,Flex. digitorum (R),R_The_ED_FD_FCR C,6,166.79904686287728,174.79904686287728,199.15885623544705,,,none,30.0,110,3,monophasic
Modulated_autosave_20260717_162548_293ms,Flex. digitorum (R),R_The_ED_FD_FCR C,7,200.15885623544705,208.15885623544705,232.51866560801682,,,none,30.0,110,3,monophasic
Modulated_autosave_20260717_162548_293ms,Flex. digitorum (R),R_The_ED_FD_FCR C,8,233.51866560801682,241.51866560801682,265.8784749796487,,,none,30.0,110,3,monophasic
Modulated_autosave_20260717_162548_293ms,Flex. digitorum (R),R_The_ED_FD_FCR C,9,266.8784749796487,274.8784749796487,299.23828435224686,,,none,30.0,110,3,monophasic
Modulated_autosave_20260717_162548_293ms,Flex. digitorum (R),R_The_ED_FD_FCR C,10,300.23828435224686,308.23828435224686,332.59809372481664,,,none,30.0,110,3,monophasic
Modulated_autosave_20260717_162548_293ms,Flex. digitorum (R),R_The_ED_FD_FCR C,1,0.7942811753594015,8.794281175359401,32.35980937256977,,,none,30.0,115,3,monophasic
Modulated_autosave_20260717_162548_293ms,Flex. digitorum (R),R_The_ED_FD_FCR C,2,33.35980937256977,41.35980937256977,65.71961874513954,,,none,30.0,115,3,monophasic
Modulated_autosave_20260717_162548_293ms,Flex. digitorum (R),R_The_ED_FD_FCR C,3,66.71961874513954,74.71961874513954,99.07942811770931,,,none,30.0,115,3,monophasic
Modulated_autosave_20260717_162548_293ms,Flex. digitorum (R),R_The_ED_FD_FCR C,4,100.07942811770931,108.07942811770931,132.4392374903075,,,none,30.0,115,3,monophasic
Modulated_autosave_20260717_162548_293ms,Flex. digitorum (R),R_The_ED_FD_FCR C,5,133.4392374903075,141.4392374903075,165.79904686287728,,,none,30.0,115,3,monophasic
Modulated_autosave_20260717_162548_293ms,Flex. digitorum (R),R_The_ED_FD_FCR C,6,166.79904686287728,174.79904686287728,199.15885623544705,,,none,30.0,115,3,monophasic
Modulated_autosave_20260717_162548_293ms,Flex. digitorum (R),R_The_ED_FD_FCR C,7,200.15885623544705,208.15885623544705,232.51866560801682,,,none,30.0,115,3,monophasic
Modulated_autosave_20260717_162548_293ms,Flex. digitorum (R),R_The_ED_FD_FCR C,8,233.51866560801682,241.51866560801682,265.8784749796487,,,none,30.0,115,3,monophasic
Modulated_autosave_20260717_162548_293ms,Flex. digitorum (R),R_The_ED_FD_FCR C,9,266.8784749796487,274.8784749796487,299.23828435224686,,,none,30.0,115,3,monophasic
Modulated_autosave_20260717_162548_293ms,Flex. digitorum (R),R_The_ED_FD_FCR C,10,300.23828435224686,308.23828435224686,332.59809372481664,,,none,30.0,115,3,monophasic
Modulated_autosave_20260717_162548_293ms,Flex. digitorum (R),R_The_ED_FD_FCR C,1,0.7942811753594015,8.794281175359401,32.35980937256977,,,none,30.0,120,3,monophasic
Modulated_autosave_20260717_162548_293ms,Flex. digitorum (R),R_The_ED_FD_FCR C,2,33.35980937256977,41.35980937256977,65.71961874513954,,,none,30.0,120,3,monophasic
Modulated_autosave_20260717_162548_293ms,Flex. digitorum (R),R_The_ED_FD_FCR C,3,66.71961874513954,74.71961874513954,99.07942811770931,,,none,30.0,120,3,monophasic
Modulated_autosave_20260717_162548_293ms,Flex. digitorum (R),R_The_ED_FD_FCR C,4,100.07942811770931,108.07942811770931,132.4392374903075,,,none,30.0,120,3,monophasic
Modulated_autosave_20260717_162548_293ms,Flex. digitorum (R),R_The_ED_FD_FCR C,5,133.4392374903075,141.4392374903075,165.79904686287728,,,none,30.0,120,3,monophasic
Modulated_autosave_20260717_162548_293ms,Flex. digitorum (R),R_The_ED_FD_FCR C,6,166.79904686287728,174.79904686287728,199.15885623544705,,,none,30.0,120,3,monophasic
Modulated_autosave_20260717_162548_293ms,Flex. digitorum (R),R_The_ED_FD_FCR C,7,200.15885623544705,208.15885623544705,232.51866560801682,,,none,30.0,120,3,monophasic
Modulated_autosave_20260717_162548_293ms,Flex. digitorum (R),R_The_ED_FD_FCR C,8,233.51866560801682,241.51866560801682,265.8784749796487,,,none,30.0,120,3,monophasic
Modulated_autosave_20260717_162548_293ms,Flex. digitorum (R),R_The_ED_FD_FCR C,9,266.8784749796487,274.8784749796487,299.23828435224686,,,none,30.0,120,3,monophasic
Modulated_autosave_20260717_162548_293ms,Flex. digitorum (R),R_The_ED_FD_FCR C,10,300.23828435224686,308.23828435224686,332.59809372481664,,,none,30.0,120,3,monophasic
Modulated_autosave_20260717_162548_293ms,Flex. carpi rad. (R),R_The_ED_FD_FCR D,1,0.7942811753594015,8.794281175359401,32.35980937256977,,,none,30.0,25,3,monophasic
Modulated_autosave_20260717_162548_293ms,Flex. carpi rad. (R),R_The_ED_FD_FCR D,2,33.35980937256977,41.35980937256977,65.71961874513954,,,none,30.0,25,3,monophasic
Modulated_autosave_20260717_162548_293ms,Flex. carpi rad. (R),R_The_ED_FD_FCR D,3,66.71961874513954,74.71961874513954,99.07942811770931,,,none,30.0,25,3,monophasic
Modulated_autosave_20260717_162548_293ms,Flex. carpi rad. (R),R_The_ED_FD_FCR D,4,100.07942811770931,108.07942811770931,132.4392374903075,,,none,30.0,25,3,monophasic
Modulated_autosave_20260717_162548_293ms,Flex. carpi rad. (R),R_The_ED_FD_FCR D,5,133.4392374903075,141.4392374903075,165.79904686287728,,,none,30.0,25,3,monophasic
Modulated_autosave_20260717_162548_293ms,Flex. carpi rad. (R),R_The_ED_FD_FCR D,6,166.79904686287728,174.79904686287728,199.15885623544705,,,none,30.0,25,3,monophasic
Modulated_autosave_20260717_162548_293ms,Flex. carpi rad. (R),R_The_ED_FD_FCR D,7,200.15885623544705,208.15885623544705,232.51866560801682,,,none,30.0,25,3,monophasic
Modulated_autosave_20260717_162548_293ms,Flex. carpi rad. (R),R_The_ED_FD_FCR D,8,233.51866560801682,241.51866560801682,265.8784749796487,,,none,30.0,25,3,monophasic
Modulated_autosave_20260717_162548_293ms,Flex. carpi rad. (R),R_The_ED_FD_FCR D,9,266.8784749796487,274.8784749796487,299.23828435224686,,,none,30.0,25,3,monophasic
Modulated_autosave_20260717_162548_293ms,Flex. carpi rad. (R),R_The_ED_FD_FCR D,10,300.23828435224686,308.23828435224686,332.59809372481664,,,none,30.0,25,3,monophasic
Modulated_autosave_20260717_162548_293ms,Flex. carpi rad. (R),R_The_ED_FD_FCR D,1,0.7942811753594015,8.794281175359401,32.35980937256977,,,none,30.0,30,3,monophasic
Modulated_autosave_20260717_162548_293ms,Flex. carpi rad. (R),R_The_ED_FD_FCR D,2,33.35980937256977,41.35980937256977,65.71961874513954,,,none,30.0,30,3,monophasic
Modulated_autosave_20260717_162548_293ms,Flex. carpi rad. (R),R_The_ED_FD_FCR D,3,66.71961874513954,74.71961874513954,99.07942811770931,,,none,30.0,30,3,monophasic
Modulated_autosave_20260717_162548_293ms,Flex. carpi rad. (R),R_The_ED_FD_FCR D,4,100.07942811770931,108.07942811770931,132.4392374903075,,,none,30.0,30,3,monophasic
Modulated_autosave_20260717_162548_293ms,Flex. carpi rad. (R),R_The_ED_FD_FCR D,5,133.4392374903075,141.4392374903075,165.79904686287728,,,none,30.0,30,3,monophasic
Modulated_autosave_20260717_162548_293ms,Flex. carpi rad. (R),R_The_ED_FD_FCR D,6,166.79904686287728,174.79904686287728,199.15885623544705,,,none,30.0,30,3,monophasic
Modulated_autosave_20260717_162548_293ms,Flex. carpi rad. (R),R_The_ED_FD_FCR D,7,200.15885623544705,208.15885623544705,232.51866560801682,,,none,30.0,30,3,monophasic
Modulated_autosave_20260717_162548_293ms,Flex. carpi rad. (R),R_The_ED_FD_FCR D,8,233.51866560801682,241.51866560801682,265.8784749796487,,,none,30.0,30,3,monophasic
Modulated_autosave_20260717_162548_293ms,Flex. carpi rad. (R),R_The_ED_FD_FCR D,9,266.8784749796487,274.8784749796487,299.23828435224686,,,none,30.0,30,3,monophasic
Modulated_autosave_20260717_162548_293ms,Flex. carpi rad. (R),R_The_ED_FD_FCR D,10,300.23828435224686,308.23828435224686,332.59809372481664,,,none,30.0,30,3,monophasic
Modulated_autosave_20260717_162548_293ms,Flex. carpi rad. (R),R_The_ED_FD_FCR D,1,0.7942811753594015,8.794281175359401,32.35980937256977,,,none,30.0,35,3,monophasic
Modulated_autosave_20260717_162548_293ms,Flex. carpi rad. (R),R_The_ED_FD_FCR D,2,33.35980937256977,41.35980937256977,65.71961874513954,,,none,30.0,35,3,monophasic
Modulated_autosave_20260717_162548_293ms,Flex. carpi rad. (R),R_The_ED_FD_FCR D,3,66.71961874513954,74.71961874513954,99.07942811770931,,,none,30.0,35,3,monophasic
Modulated_autosave_20260717_162548_293ms,Flex. carpi rad. (R),R_The_ED_FD_FCR D,4,100.07942811770931,108.07942811770931,132.4392374903075,,,none,30.0,35,3,monophasic
Modulated_autosave_20260717_162548_293ms,Flex. carpi rad. (R),R_The_ED_FD_FCR D,5,133.4392374903075,141.4392374903075,165.79904686287728,,,none,30.0,35,3,monophasic
Modulated_autosave_20260717_162548_293ms,Flex. carpi rad. (R),R_The_ED_FD_FCR D,6,166.79904686287728,174.79904686287728,199.15885623544705,,,none,30.0,35,3,monophasic
Modulated_autosave_20260717_162548_293ms,Flex. carpi rad. (R),R_The_ED_FD_FCR D,7,200.15885623544705,208.15885623544705,232.51866560801682,,,none,30.0,35,3,monophasic
Modulated_autosave_20260717_162548_293ms,Flex. carpi rad. (R),R_The_ED_FD_FCR D,8,233.51866560801682,241.51866560801682,265.8784749796487,,,none,30.0,35,3,monophasic
Modulated_autosave_20260717_162548_293ms,Flex. carpi rad. (R),R_The_ED_FD_FCR D,9,266.8784749796487,274.8784749796487,299.23828435224686,,,none,30.0,35,3,monophasic
Modulated_autosave_20260717_162548_293ms,Flex. carpi rad. (R),R_The_ED_FD_FCR D,10,300.23828435224686,308.23828435224686,332.59809372481664,,,none,30.0,35,3,monophasic
Modulated_autosave_20260717_162548_293ms,Flex. carpi rad. (R),R_The_ED_FD_FCR D,1,0.7942811753594015,8.794281175359401,32.35980937256977,,,none,30.0,40,3,monophasic
Modulated_autosave_20260717_162548_293ms,Flex. carpi rad. (R),R_The_ED_FD_FCR D,2,33.35980937256977,41.35980937256977,65.71961874513954,,,none,30.0,40,3,monophasic
Modulated_autosave_20260717_162548_293ms,Flex. carpi rad. (R),R_The_ED_FD_FCR D,3,66.71961874513954,74.71961874513954,99.07942811770931,,,none,30.0,40,3,monophasic
Modulated_autosave_20260717_162548_293ms,Flex. carpi rad. (R),R_The_ED_FD_FCR D,4,100.07942811770931,108.07942811770931,132.4392374903075,,,none,30.0,40,3,monophasic
Modulated_autosave_20260717_162548_293ms,Flex. carpi rad. (R),R_The_ED_FD_FCR D,5,133.4392374903075,141.4392374903075,165.79904686287728,,,none,30.0,40,3,monophasic
Modulated_autosave_20260717_162548_293ms,Flex. carpi rad. (R),R_The_ED_FD_FCR D,6,166.79904686287728,174.79904686287728,199.15885623544705,,,none,30.0,40,3,monophasic
Modulated_autosave_20260717_162548_293ms,Flex. carpi rad. (R),R_The_ED_FD_FCR D,7,200.15885623544705,208.15885623544705,232.51866560801682,,,none,30.0,40,3,monophasic
Modulated_autosave_20260717_162548_293ms,Flex. carpi rad. (R),R_The_ED_FD_FCR D,8,233.51866560801682,241.51866560801682,265.8784749796487,,,none,30.0,40,3,monophasic
Modulated_autosave_20260717_162548_293ms,Flex. carpi rad. (R),R_The_ED_FD_FCR D,9,266.8784749796487,274.8784749796487,299.23828435224686,,,none,30.0,40,3,monophasic
Modulated_autosave_20260717_162548_293ms,Flex. carpi rad. (R),R_The_ED_FD_FCR D,10,300.23828435224686,308.23828435224686,332.59809372481664,,,none,30.0,40,3,monophasic
Modulated_autosave_20260717_162548_293ms,Flex. carpi rad. (R),R_The_ED_FD_FCR D,1,0.7942811753594015,8.794281175359401,32.35980937256977,,,none,30.0,45,3,monophasic
Modulated_autosave_20260717_162548_293ms,Flex. carpi rad. (R),R_The_ED_FD_FCR D,2,33.35980937256977,41.35980937256977,65.71961874513954,,,none,30.0,45,3,monophasic
Modulated_autosave_20260717_162548_293ms,Flex. carpi rad. (R),R_The_ED_FD_FCR D,3,66.71961874513954,74.71961874513954,99.07942811770931,,,none,30.0,45,3,monophasic
Modulated_autosave_20260717_162548_293ms,Flex. carpi rad. (R),R_The_ED_FD_FCR D,4,100.07942811770931,108.07942811770931,132.4392374903075,,,none,30.0,45,3,monophasic
Modulated_autosave_20260717_162548_293ms,Flex. carpi rad. (R),R_The_ED_FD_FCR D,5,133.4392374903075,141.4392374903075,165.79904686287728,,,none,30.0,45,3,monophasic
Modulated_autosave_20260717_162548_293ms,Flex. carpi rad. (R),R_The_ED_FD_FCR D,6,166.79904686287728,174.79904686287728,199.15885623544705,,,none,30.0,45,3,monophasic
Modulated_autosave_20260717_162548_293ms,Flex. carpi rad. (R),R_The_ED_FD_FCR D,7,200.15885623544705,208.15885623544705,232.51866560801682,,,none,30.0,45,3,monophasic
Modulated_autosave_20260717_162548_293ms,Flex. carpi rad. (R),R_The_ED_FD_FCR D,8,233.51866560801682,241.51866560801682,265.8784749796487,,,none,30.0,45,3,monophasic
Modulated_autosave_20260717_162548_293ms,Flex. carpi rad. (R),R_The_ED_FD_FCR D,9,266.8784749796487,274.8784749796487,299.23828435224686,,,none,30.0,45,3,monophasic
Modulated_autosave_20260717_162548_293ms,Flex. carpi rad. (R),R_The_ED_FD_FCR D,10,300.23828435224686,308.23828435224686,332.59809372481664,,,none,30.0,45,3,monophasic
Modulated_autosave_20260717_162548_293ms,Flex. carpi rad. (R),R_The_ED_FD_FCR D,1,0.7942811753594015,8.794281175359401,32.35980937256977,,,none,30.0,50,3,monophasic
Modulated_autosave_20260717_162548_293ms,Flex. carpi rad. (R),R_The_ED_FD_FCR D,2,33.35980937256977,41.35980937256977,65.71961874513954,,,none,30.0,50,3,monophasic
Modulated_autosave_20260717_162548_293ms,Flex. carpi rad. (R),R_The_ED_FD_FCR D,3,66.71961874513954,74.71961874513954,99.07942811770931,,,none,30.0,50,3,monophasic
Modulated_autosave_20260717_162548_293ms,Flex. carpi rad. (R),R_The_ED_FD_FCR D,4,100.07942811770931,108.07942811770931,132.4392374903075,,,none,30.0,50,3,monophasic
Modulated_autosave_20260717_162548_293ms,Flex. carpi rad. (R),R_The_ED_FD_FCR D,5,133.4392374903075,141.4392374903075,165.79904686287728,,,none,30.0,50,3,monophasic
Modulated_autosave_20260717_162548_293ms,Flex. carpi rad. (R),R_The_ED_FD_FCR D,6,166.79904686287728,174.79904686287728,199.15885623544705,,,none,30.0,50,3,monophasic
Modulated_autosave_20260717_162548_293ms,Flex. carpi rad. (R),R_The_ED_FD_FCR D,7,200.15885623544705,208.15885623544705,232.51866560801682,,,none,30.0,50,3,monophasic
Modulated_autosave_20260717_162548_293ms,Flex. carpi rad. (R),R_The_ED_FD_FCR D,8,233.51866560801682,241.51866560801682,265.8784749796487,,,none,30.0,50,3,monophasic
Modulated_autosave_20260717_162548_293ms,Flex. carpi rad. (R),R_The_ED_FD_FCR D,9,266.8784749796487,274.8784749796487,299.23828435224686,,,none,30.0,50,3,monophasic
Modulated_autosave_20260717_162548_293ms,Flex. carpi rad. (R),R_The_ED_FD_FCR D,10,300.23828435224686,308.23828435224686,332.59809372481664,,,none,30.0,50,3,monophasic
Modulated_autosave_20260717_162548_293ms,Flex. carpi rad. (R),R_The_ED_FD_FCR D,1,0.7942811753594015,8.794281175359401,32.35980937256977,,,none,30.0,55,3,monophasic
Modulated_autosave_20260717_162548_293ms,Flex. carpi rad. (R),R_The_ED_FD_FCR D,2,33.35980937256977,41.35980937256977,65.71961874513954,,,none,30.0,55,3,monophasic
Modulated_autosave_20260717_162548_293ms,Flex. carpi rad. (R),R_The_ED_FD_FCR D,3,66.71961874513954,74.71961874513954,99.07942811770931,,,none,30.0,55,3,monophasic
Modulated_autosave_20260717_162548_293ms,Flex. carpi rad. (R),R_The_ED_FD_FCR D,4,100.07942811770931,108.07942811770931,132.4392374903075,,,none,30.0,55,3,monophasic
Modulated_autosave_20260717_162548_293ms,Flex. carpi rad. (R),R_The_ED_FD_FCR D,5,133.4392374903075,141.4392374903075,165.79904686287728,,,none,30.0,55,3,monophasic
Modulated_autosave_20260717_162548_293ms,Flex. carpi rad. (R),R_The_ED_FD_FCR D,6,166.79904686287728,174.79904686287728,199.15885623544705,,,none,30.0,55,3,monophasic
Modulated_autosave_20260717_162548_293ms,Flex. carpi rad. (R),R_The_ED_FD_FCR D,7,200.15885623544705,208.15885623544705,232.51866560801682,,,none,30.0,55,3,monophasic
Modulated_autosave_20260717_162548_293ms,Flex. carpi rad. (R),R_The_ED_FD_FCR D,8,233.51866560801682,241.51866560801682,265.8784749796487,,,none,30.0,55,3,monophasic
Modulated_autosave_20260717_162548_293ms,Flex. carpi rad. (R),R_The_ED_FD_FCR D,9,266.8784749796487,274.8784749796487,299.23828435224686,,,none,30.0,55,3,monophasic
Modulated_autosave_20260717_162548_293ms,Flex. carpi rad. (R),R_The_ED_FD_FCR D,10,300.23828435224686,308.23828435224686,332.59809372481664,,,none,30.0,55,3,monophasic
Modulated_autosave_20260717_162548_293ms,Flex. carpi rad. (R),R_The_ED_FD_FCR D,1,0.7942811753594015,8.794281175359401,32.35980937256977,,,none,30.0,60,3,monophasic
Modulated_autosave_20260717_162548_293ms,Flex. carpi rad. (R),R_The_ED_FD_FCR D,2,33.35980937256977,41.35980937256977,65.71961874513954,,,none,30.0,60,3,monophasic
Modulated_autosave_20260717_162548_293ms,Flex. carpi rad. (R),R_The_ED_FD_FCR D,3,66.71961874513954,74.71961874513954,99.07942811770931,,,none,30.0,60,3,monophasic
Modulated_autosave_20260717_162548_293ms,Flex. carpi rad. (R),R_The_ED_FD_FCR D,4,100.07942811770931,108.07942811770931,132.4392374903075,,,none,30.0,60,3,monophasic
Modulated_autosave_20260717_162548_293ms,Flex. carpi rad. (R),R_The_ED_FD_FCR D,5,133.4392374903075,141.4392374903075,165.79904686287728,,,none,30.0,60,3,monophasic
Modulated_autosave_20260717_162548_293ms,Flex. carpi rad. (R),R_The_ED_FD_FCR D,6,166.79904686287728,174.79904686287728,199.15885623544705,,,none,30.0,60,3,monophasic
Modulated_autosave_20260717_162548_293ms,Flex. carpi rad. (R),R_The_ED_FD_FCR D,7,200.15885623544705,208.15885623544705,232.51866560801682,,,none,30.0,60,3,monophasic
Modulated_autosave_20260717_162548_293ms,Flex. carpi rad. (R),R_The_ED_FD_FCR D,8,233.51866560801682,241.51866560801682,265.8784749796487,,,none,30.0,60,3,monophasic
Modulated_autosave_20260717_162548_293ms,Flex. carpi rad. (R),R_The_ED_FD_FCR D,9,266.8784749796487,274.8784749796487,299.23828435224686,,,none,30.0,60,3,monophasic
Modulated_autosave_20260717_162548_293ms,Flex. carpi rad. (R),R_The_ED_FD_FCR D,10,300.23828435224686,308.23828435224686,332.59809372481664,,,none,30.0,60,3,monophasic
Modulated_autosave_20260717_162548_293ms,Flex. carpi rad. (R),R_The_ED_FD_FCR D,1,0.7942811753594015,8.794281175359401,32.35980937256977,,,none,30.0,65,3,monophasic
Modulated_autosave_20260717_162548_293ms,Flex. carpi rad. (R),R_The_ED_FD_FCR D,2,33.35980937256977,41.35980937256977,65.71961874513954,,,none,30.0,65,3,monophasic
Modulated_autosave_20260717_162548_293ms,Flex. carpi rad. (R),R_The_ED_FD_FCR D,3,66.71961874513954,74.71961874513954,99.07942811770931,,,none,30.0,65,3,monophasic
Modulated_autosave_20260717_162548_293ms,Flex. carpi rad. (R),R_The_ED_FD_FCR D,4,100.07942811770931,108.07942811770931,132.4392374903075,,,none,30.0,65,3,monophasic
Modulated_autosave_20260717_162548_293ms,Flex. carpi rad. (R),R_The_ED_FD_FCR D,5,133.4392374903075,141.4392374903075,165.79904686287728,,,none,30.0,65,3,monophasic
Modulated_autosave_20260717_162548_293ms,Flex. carpi rad. (R),R_The_ED_FD_FCR D,6,166.79904686287728,174.79904686287728,199.15885623544705,,,none,30.0,65,3,monophasic
Modulated_autosave_20260717_162548_293ms,Flex. carpi rad. (R),R_The_ED_FD_FCR D,7,200.15885623544705,208.15885623544705,232.51866560801682,,,none,30.0,65,3,monophasic
Modulated_autosave_20260717_162548_293ms,Flex. carpi rad. (R),R_The_ED_FD_FCR D,8,233.51866560801682,241.51866560801682,265.8784749796487,,,none,30.0,65,3,monophasic
Modulated_autosave_20260717_162548_293ms,Flex. carpi rad. (R),R_The_ED_FD_FCR D,9,266.8784749796487,274.8784749796487,299.23828435224686,,,none,30.0,65,3,monophasic
Modulated_autosave_20260717_162548_293ms,Flex. carpi rad. (R),R_The_ED_FD_FCR D,10,300.23828435224686,308.23828435224686,332.59809372481664,,,none,30.0,65,3,monophasic
Modulated_autosave_20260717_162548_293ms,Flex. carpi rad. (R),R_The_ED_FD_FCR D,1,0.7942811753594015,8.794281175359401,32.35980937256977,,,none,30.0,70,3,monophasic
Modulated_autosave_20260717_162548_293ms,Flex. carpi rad. (R),R_The_ED_FD_FCR D,2,33.35980937256977,41.35980937256977,65.71961874513954,,,none,30.0,70,3,monophasic
Modulated_autosave_20260717_162548_293ms,Flex. carpi rad. (R),R_The_ED_FD_FCR D,3,66.71961874513954,74.71961874513954,99.07942811770931,,,none,30.0,70,3,monophasic
Modulated_autosave_20260717_162548_293ms,Flex. carpi rad. (R),R_The_ED_FD_FCR D,4,100.07942811770931,108.07942811770931,132.4392374903075,,,none,30.0,70,3,monophasic
Modulated_autosave_20260717_162548_293ms,Flex. carpi rad. (R),R_The_ED_FD_FCR D,5,133.4392374903075,141.4392374903075,165.79904686287728,,,none,30.0,70,3,monophasic
Modulated_autosave_20260717_162548_293ms,Flex. carpi rad. (R),R_The_ED_FD_FCR D,6,166.79904686287728,174.79904686287728,199.15885623544705,,,none,30.0,70,3,monophasic
Modulated_autosave_20260717_162548_293ms,Flex. carpi rad. (R),R_The_ED_FD_FCR D,7,200.15885623544705,208.15885623544705,232.51866560801682,,,none,30.0,70,3,monophasic
Modulated_autosave_20260717_162548_293ms,Flex. carpi rad. (R),R_The_ED_FD_FCR D,8,233.51866560801682,241.51866560801682,265.8784749796487,,,none,30.0,70,3,monophasic
Modulated_autosave_20260717_162548_293ms,Flex. carpi rad. (R),R_The_ED_FD_FCR D,9,266.8784749796487,274.8784749796487,299.23828435224686,,,none,30.0,70,3,monophasic
Modulated_autosave_20260717_162548_293ms,Flex. carpi rad. (R),R_The_ED_FD_FCR D,10,300.23828435224686,308.23828435224686,332.59809372481664,,,none,30.0,70,3,monophasic
Modulated_autosave_20260717_162548_293ms,Flex. carpi rad. (R),R_The_ED_FD_FCR D,1,0.7942811753594015,8.794281175359401,32.35980937256977,,,none,30.0,75,3,monophasic
Modulated_autosave_20260717_162548_293ms,Flex. carpi rad. (R),R_The_ED_FD_FCR D,2,33.35980937256977,41.35980937256977,65.71961874513954,,,none,30.0,75,3,monophasic
Modulated_autosave_20260717_162548_293ms,Flex. carpi rad. (R),R_The_ED_FD_FCR D,3,66.71961874513954,74.71961874513954,99.07942811770931,,,none,30.0,75,3,monophasic
Modulated_autosave_20260717_162548_293ms,Flex. carpi rad. (R),R_The_ED_FD_FCR D,4,100.07942811770931,108.07942811770931,132.4392374903075,,,none,30.0,75,3,monophasic
Modulated_autosave_20260717_162548_293ms,Flex. carpi rad. (R),R_The_ED_FD_FCR D,5,133.4392374903075,141.4392374903075,165.79904686287728,,,none,30.0,75,3,monophasic
Modulated_autosave_20260717_162548_293ms,Flex. carpi rad. (R),R_The_ED_FD_FCR D,6,166.79904686287728,174.79904686287728,199.15885623544705,,,none,30.0,75,3,monophasic
Modulated_autosave_20260717_162548_293ms,Flex. carpi rad. (R),R_The_ED_FD_FCR D,7,200.15885623544705,208.15885623544705,232.51866560801682,,,none,30.0,75,3,monophasic
Modulated_autosave_20260717_162548_293ms,Flex. carpi rad. (R),R_The_ED_FD_FCR D,8,233.51866560801682,241.51866560801682,265.8784749796487,,,none,30.0,75,3,monophasic
Modulated_autosave_20260717_162548_293ms,Flex. carpi rad. (R),R_The_ED_FD_FCR D,9,266.8784749796487,274.8784749796487,299.23828435224686,,,none,30.0,75,3,monophasic
Modulated_autosave_20260717_162548_293ms,Flex. carpi rad. (R),R_The_ED_FD_FCR D,10,300.23828435224686,308.23828435224686,332.59809372481664,,,none,30.0,75,3,monophasic
Modulated_autosave_20260717_162548_293ms,Flex. carpi rad. (R),R_The_ED_FD_FCR D,1,0.7942811753594015,8.794281175359401,32.35980937256977,,,none,30.0,80,3,monophasic
Modulated_autosave_20260717_162548_293ms,Flex. carpi rad. (R),R_The_ED_FD_FCR D,2,33.35980937256977,41.35980937256977,65.71961874513954,,,none,30.0,80,3,monophasic
Modulated_autosave_20260717_162548_293ms,Flex. carpi rad. (R),R_The_ED_FD_FCR D,3,66.71961874513954,74.71961874513954,99.07942811770931,,,none,30.0,80,3,monophasic
Modulated_autosave_20260717_162548_293ms,Flex. carpi rad. (R),R_The_ED_FD_FCR D,4,100.07942811770931,108.07942811770931,132.4392374903075,,,none,30.0,80,3,monophasic
Modulated_autosave_20260717_162548_293ms,Flex. carpi rad. (R),R_The_ED_FD_FCR D,5,133.4392374903075,141.4392374903075,165.79904686287728,,,none,30.0,80,3,monophasic
Modulated_autosave_20260717_162548_293ms,Flex. carpi rad. (R),R_The_ED_FD_FCR D,6,166.79904686287728,174.79904686287728,199.15885623544705,,,none,30.0,80,3,monophasic
Modulated_autosave_20260717_162548_293ms,Flex. carpi rad. (R),R_The_ED_FD_FCR D,7,200.15885623544705,208.15885623544705,232.51866560801682,,,none,30.0,80,3,monophasic
Modulated_autosave_20260717_162548_293ms,Flex. carpi rad. (R),R_The_ED_FD_FCR D,8,233.51866560801682,241.51866560801682,265.8784749796487,,,none,30.0,80,3,monophasic
Modulated_autosave_20260717_162548_293ms,Flex. carpi rad. (R),R_The_ED_FD_FCR D,9,266.8784749796487,274.8784749796487,299.23828435224686,,,none,30.0,80,3,monophasic
Modulated_autosave_20260717_162548_293ms,Flex. carpi rad. (R),R_The_ED_FD_FCR D,10,300.23828435224686,308.23828435224686,332.59809372481664,,,none,30.0,80,3,monophasic
Modulated_autosave_20260717_162548_293ms,Flex. carpi rad. (R),R_The_ED_FD_FCR D,1,0.7942811753594015,8.794281175359401,32.35980937256977,,,none,30.0,85,3,monophasic
Modulated_autosave_20260717_162548_293ms,Flex. carpi rad. (R),R_The_ED_FD_FCR D,2,33.35980937256977,41.35980937256977,65.71961874513954,,,none,30.0,85,3,monophasic
Modulated_autosave_20260717_162548_293ms,Flex. carpi rad. (R),R_The_ED_FD_FCR D,3,66.71961874513954,74.71961874513954,99.07942811770931,,,none,30.0,85,3,monophasic
Modulated_autosave_20260717_162548_293ms,Flex. carpi rad. (R),R_The_ED_FD_FCR D,4,100.07942811770931,108.07942811770931,132.4392374903075,,,none,30.0,85,3,monophasic
Modulated_autosave_20260717_162548_293ms,Flex. carpi rad. (R),R_The_ED_FD_FCR D,5,133.4392374903075,141.4392374903075,165.79904686287728,,,none,30.0,85,3,monophasic
Modulated_autosave_20260717_162548_293ms,Flex. carpi rad. (R),R_The_ED_FD_FCR D,6,166.79904686287728,174.79904686287728,199.15885623544705,,,none,30.0,85,3,monophasic
Modulated_autosave_20260717_162548_293ms,Flex. carpi rad. (R),R_The_ED_FD_FCR D,7,200.15885623544705,208.15885623544705,232.51866560801682,,,none,30.0,85,3,monophasic
Modulated_autosave_20260717_162548_293ms,Flex. carpi rad. (R),R_The_ED_FD_FCR D,8,233.51866560801682,241.51866560801682,265.8784749796487,,,none,30.0,85,3,monophasic
Modulated_autosave_20260717_162548_293ms,Flex. carpi rad. (R),R_The_ED_FD_FCR D,9,266.8784749796487,274.8784749796487,299.23828435224686,,,none,30.0,85,3,monophasic
Modulated_autosave_20260717_162548_293ms,Flex. carpi rad. (R),R_The_ED_FD_FCR D,10,300.23828435224686,308.23828435224686,332.59809372481664,,,none,30.0,85,3,monophasic
Modulated_autosave_20260717_162548_293ms,Flex. carpi rad. (R),R_The_ED_FD_FCR D,1,0.7942811753594015,8.794281175359401,32.35980937256977,,,none,30.0,90,3,monophasic
Modulated_autosave_20260717_162548_293ms,Flex. carpi rad. (R),R_The_ED_FD_FCR D,2,33.35980937256977,41.35980937256977,65.71961874513954,,,none,30.0,90,3,monophasic
Modulated_autosave_20260717_162548_293ms,Flex. carpi rad. (R),R_The_ED_FD_FCR D,3,66.71961874513954,74.71961874513954,99.07942811770931,,,none,30.0,90,3,monophasic
Modulated_autosave_20260717_162548_293ms,Flex. carpi rad. (R),R_The_ED_FD_FCR D,4,100.07942811770931,108.07942811770931,132.4392374903075,,,none,30.0,90,3,monophasic
Modulated_autosave_20260717_162548_293ms,Flex. carpi rad. (R),R_The_ED_FD_FCR D,5,133.4392374903075,141.4392374903075,165.79904686287728,,,none,30.0,90,3,monophasic
Modulated_autosave_20260717_162548_293ms,Flex. carpi rad. (R),R_The_ED_FD_FCR D,6,166.79904686287728,174.79904686287728,199.15885623544705,,,none,30.0,90,3,monophasic
Modulated_autosave_20260717_162548_293ms,Flex. carpi rad. (R),R_The_ED_FD_FCR D,7,200.15885623544705,208.15885623544705,232.51866560801682,,,none,30.0,90,3,monophasic
Modulated_autosave_20260717_162548_293ms,Flex. carpi rad. (R),R_The_ED_FD_FCR D,8,233.51866560801682,241.51866560801682,265.8784749796487,,,none,30.0,90,3,monophasic
Modulated_autosave_20260717_162548_293ms,Flex. carpi rad. (R),R_The_ED_FD_FCR D,9,266.8784749796487,274.8784749796487,299.23828435224686,,,none,30.0,90,3,monophasic
Modulated_autosave_20260717_162548_293ms,Flex. carpi rad. (R),R_The_ED_FD_FCR D,10,300.23828435224686,308.23828435224686,332.59809372481664,,,none,30.0,90,3,monophasic
Modulated_autosave_20260717_162548_293ms,Flex. carpi rad. (R),R_The_ED_FD_FCR D,1,0.7942811753594015,8.794281175359401,32.35980937256977,,,none,30.0,95,3,monophasic
Modulated_autosave_20260717_162548_293ms,Flex. carpi rad. (R),R_The_ED_FD_FCR D,2,33.35980937256977,41.35980937256977,65.71961874513954,,,none,30.0,95,3,monophasic
Modulated_autosave_20260717_162548_293ms,Flex. carpi rad. (R),R_The_ED_FD_FCR D,3,66.71961874513954,74.71961874513954,99.07942811770931,,,none,30.0,95,3,monophasic
Modulated_autosave_20260717_162548_293ms,Flex. carpi rad. (R),R_The_ED_FD_FCR D,4,100.07942811770931,108.07942811770931,132.4392374903075,,,none,30.0,95,3,monophasic
Modulated_autosave_20260717_162548_293ms,Flex. carpi rad. (R),R_The_ED_FD_FCR D,5,133.4392374903075,141.4392374903075,165.79904686287728,,,none,30.0,95,3,monophasic
Modulated_autosave_20260717_162548_293ms,Flex. carpi rad. (R),R_The_ED_FD_FCR D,6,166.79904686287728,174.79904686287728,199.15885623544705,,,none,30.0,95,3,monophasic
Modulated_autosave_20260717_162548_293ms,Flex. carpi rad. (R),R_The_ED_FD_FCR D,7,200.15885623544705,208.15885623544705,232.51866560801682,,,none,30.0,95,3,monophasic
Modulated_autosave_20260717_162548_293ms,Flex. carpi rad. (R),R_The_ED_FD_FCR D,8,233.51866560801682,241.51866560801682,265.8784749796487,,,none,30.0,95,3,monophasic
Modulated_autosave_20260717_162548_293ms,Flex. carpi rad. (R),R_The_ED_FD_FCR D,9,266.8784749796487,274.8784749796487,299.23828435224686,,,none,30.0,95,3,monophasic
Modulated_autosave_20260717_162548_293ms,Flex. carpi rad. (R),R_The_ED_FD_FCR D,10,300.23828435224686,308.23828435224686,332.59809372481664,,,none,30.0,95,3,monophasic
Modulated_autosave_20260717_162548_293ms,Flex. carpi rad. (R),R_The_ED_FD_FCR D,1,0.7942811753594015,8.794281175359401,32.35980937256977,,,none,30.0,100,3,monophasic
Modulated_autosave_20260717_162548_293ms,Flex. carpi rad. (R),R_The_ED_FD_FCR D,2,33.35980937256977,41.35980937256977,65.71961874513954,,,none,30.0,100,3,monophasic
Modulated_autosave_20260717_162548_293ms,Flex. carpi rad. (R),R_The_ED_FD_FCR D,3,66.71961874513954,74.71961874513954,99.07942811770931,,,none,30.0,100,3,monophasic
Modulated_autosave_20260717_162548_293ms,Flex. carpi rad. (R),R_The_ED_FD_FCR D,4,100.07942811770931,108.07942811770931,132.4392374903075,,,none,30.0,100,3,monophasic
Modulated_autosave_20260717_162548_293ms,Flex. carpi rad. (R),R_The_ED_FD_FCR D,5,133.4392374903075,141.4392374903075,165.79904686287728,,,none,30.0,100,3,monophasic
Modulated_autosave_20260717_162548_293ms,Flex. carpi rad. (R),R_The_ED_FD_FCR D,6,166.79904686287728,174.79904686287728,199.15885623544705,,,none,30.0,100,3,monophasic
Modulated_autosave_20260717_162548_293ms,Flex. carpi rad. (R),R_The_ED_FD_FCR D,7,200.15885623544705,208.15885623544705,232.51866560801682,,,none,30.0,100,3,monophasic
Modulated_autosave_20260717_162548_293ms,Flex. carpi rad. (R),R_The_ED_FD_FCR D,8,233.51866560801682,241.51866560801682,265.8784749796487,,,none,30.0,100,3,monophasic
Modulated_autosave_20260717_162548_293ms,Flex. carpi rad. (R),R_The_ED_FD_FCR D,9,266.8784749796487,274.8784749796487,299.23828435224686,,,none,30.0,100,3,monophasic
Modulated_autosave_20260717_162548_293ms,Flex. carpi rad. (R),R_The_ED_FD_FCR D,10,300.23828435224686,308.23828435224686,332.59809372481664,,,none,30.0,100,3,monophasic
Modulated_autosave_20260717_162548_293ms,Flex. carpi rad. (R),R_The_ED_FD_FCR D,1,0.7942811753594015,8.794281175359401,32.35980937256977,,,none,30.0,105,3,monophasic
Modulated_autosave_20260717_162548_293ms,Flex. carpi rad. (R),R_The_ED_FD_FCR D,2,33.35980937256977,41.35980937256977,65.71961874513954,,,none,30.0,105,3,monophasic
Modulated_autosave_20260717_162548_293ms,Flex. carpi rad. (R),R_The_ED_FD_FCR D,3,66.71961874513954,74.71961874513954,99.07942811770931,,,none,30.0,105,3,monophasic
Modulated_autosave_20260717_162548_293ms,Flex. carpi rad. (R),R_The_ED_FD_FCR D,4,100.07942811770931,108.07942811770931,132.4392374903075,,,none,30.0,105,3,monophasic
Modulated_autosave_20260717_162548_293ms,Flex. carpi rad. (R),R_The_ED_FD_FCR D,5,133.4392374903075,141.4392374903075,165.79904686287728,,,none,30.0,105,3,monophasic
Modulated_autosave_20260717_162548_293ms,Flex. carpi rad. (R),R_The_ED_FD_FCR D,6,166.79904686287728,174.79904686287728,199.15885623544705,,,none,30.0,105,3,monophasic
Modulated_autosave_20260717_162548_293ms,Flex. carpi rad. (R),R_The_ED_FD_FCR D,7,200.15885623544705,208.15885623544705,232.51866560801682,,,none,30.0,105,3,monophasic
Modulated_autosave_20260717_162548_293ms,Flex. carpi rad. (R),R_The_ED_FD_FCR D,8,233.51866560801682,241.51866560801682,265.8784749796487,,,none,30.0,105,3,monophasic
Modulated_autosave_20260717_162548_293ms,Flex. carpi rad. (R),R_The_ED_FD_FCR D,9,266.8784749796487,274.8784749796487,299.23828435224686,,,none,30.0,105,3,monophasic
Modulated_autosave_20260717_162548_293ms,Flex. carpi rad. (R),R_The_ED_FD_FCR D,10,300.23828435224686,308.23828435224686,332.59809372481664,,,none,30.0,105,3,monophasic
Modulated_autosave_20260717_162548_293ms,Flex. carpi rad. (R),R_The_ED_FD_FCR D,1,0.7942811753594015,8.794281175359401,32.35980937256977,,,none,30.0,110,3,monophasic
Modulated_autosave_20260717_162548_293ms,Flex. carpi rad. (R),R_The_ED_FD_FCR D,2,33.35980937256977,41.35980937256977,65.71961874513954,,,none,30.0,110,3,monophasic
Modulated_autosave_20260717_162548_293ms,Flex. carpi rad. (R),R_The_ED_FD_FCR D,3,66.71961874513954,74.71961874513954,99.07942811770931,,,none,30.0,110,3,monophasic
Modulated_autosave_20260717_162548_293ms,Flex. carpi rad. (R),R_The_ED_FD_FCR D,4,100.07942811770931,108.07942811770931,132.4392374903075,,,none,30.0,110,3,monophasic
Modulated_autosave_20260717_162548_293ms,Flex. carpi rad. (R),R_The_ED_FD_FCR D,5,133.4392374903075,141.4392374903075,165.79904686287728,,,none,30.0,110,3,monophasic
Modulated_autosave_20260717_162548_293ms,Flex. carpi rad. (R),R_The_ED_FD_FCR D,6,166.79904686287728,174.79904686287728,199.15885623544705,,,none,30.0,110,3,monophasic
Modulated_autosave_20260717_162548_293ms,Flex. carpi rad. (R),R_The_ED_FD_FCR D,7,200.15885623544705,208.15885623544705,232.51866560801682,,,none,30.0,110,3,monophasic
Modulated_autosave_20260717_162548_293ms,Flex. carpi rad. (R),R_The_ED_FD_FCR D,8,233.51866560801682,241.51866560801682,265.8784749796487,,,none,30.0,110,3,monophasic
Modulated_autosave_20260717_162548_293ms,Flex. carpi rad. (R),R_The_ED_FD_FCR D,9,266.8784749796487,274.8784749796487,299.23828435224686,,,none,30.0,110,3,monophasic
Modulated_autosave_20260717_162548_293ms,Flex. carpi rad. (R),R_The_ED_FD_FCR D,10,300.23828435224686,308.23828435224686,332.59809372481664,,,none,30.0,110,3,monophasic
Modulated_autosave_20260717_162548_293ms,Flex. carpi rad. (R),R_The_ED_FD_FCR D,1,0.7942811753594015,8.794281175359401,32.35980937256977,,,none,30.0,115,3,monophasic
Modulated_autosave_20260717_162548_293ms,Flex. carpi rad. (R),R_The_ED_FD_FCR D,2,33.35980937256977,41.35980937256977,65.71961874513954,,,none,30.0,115,3,monophasic
Modulated_autosave_20260717_162548_293ms,Flex. carpi rad. (R),R_The_ED_FD_FCR D,3,66.71961874513954,74.71961874513954,99.07942811770931,,,none,30.0,115,3,monophasic
Modulated_autosave_20260717_162548_293ms,Flex. carpi rad. (R),R_The_ED_FD_FCR D,4,100.07942811770931,108.07942811770931,132.4392374903075,,,none,30.0,115,3,monophasic
Modulated_autosave_20260717_162548_293ms,Flex. carpi rad. (R),R_The_ED_FD_FCR D,5,133.4392374903075,141.4392374903075,165.79904686287728,,,none,30.0,115,3,monophasic
Modulated_autosave_20260717_162548_293ms,Flex. carpi rad. (R),R_The_ED_FD_FCR D,6,166.79904686287728,174.79904686287728,199.15885623544705,,,none,30.0,115,3,monophasic
Modulated_autosave_20260717_162548_293ms,Flex. carpi rad. (R),R_The_ED_FD_FCR D,7,200.15885623544705,208.15885623544705,232.51866560801682,,,none,30.0,115,3,monophasic
Modulated_autosave_20260717_162548_293ms,Flex. carpi rad. (R),R_The_ED_FD_FCR D,8,233.51866560801682,241.51866560801682,265.8784749796487,,,none,30.0,115,3,monophasic
Modulated_autosave_20260717_162548_293ms,Flex. carpi rad. (R),R_The_ED_FD_FCR D,9,266.8784749796487,274.8784749796487,299.23828435224686,,,none,30.0,115,3,monophasic
Modulated_autosave_20260717_162548_293ms,Flex. carpi rad. (R),R_The_ED_FD_FCR D,10,300.23828435224686,308.23828435224686,332.59809372481664,,,none,30.0,115,3,monophasic
Modulated_autosave_20260717_162548_293ms,Flex. carpi rad. (R),R_The_ED_FD_FCR D,1,0.7942811753594015,8.794281175359401,32.35980937256977,,,none,30.0,120,3,monophasic
Modulated_autosave_20260717_162548_293ms,Flex. carpi rad. (R),R_The_ED_FD_FCR D,2,33.35980937256977,41.35980937256977,65.71961874513954,,,none,30.0,120,3,monophasic
Modulated_autosave_20260717_162548_293ms,Flex. carpi rad. (R),R_The_ED_FD_FCR D,3,66.71961874513954,74.71961874513954,99.07942811770931,,,none,30.0,120,3,monophasic
Modulated_autosave_20260717_162548_293ms,Flex. carpi rad. (R),R_The_ED_FD_FCR D,4,100.07942811770931,108.07942811770931,132.4392374903075,,,none,30.0,120,3,monophasic
Modulated_autosave_20260717_162548_293ms,Flex. carpi rad. (R),R_The_ED_FD_FCR D,5,133.4392374903075,141.4392374903075,165.79904686287728,,,none,30.0,120,3,monophasic
Modulated_autosave_20260717_162548_293ms,Flex. carpi rad. (R),R_The_ED_FD_FCR D,6,166.79904686287728,174.79904686287728,199.15885623544705,,,none,30.0,120,3,monophasic
Modulated_autosave_20260717_162548_293ms,Flex. carpi rad. (R),R_The_ED_FD_FCR D,7,200.15885623544705,208.15885623544705,232.51866560801682,,,none,30.0,120,3,monophasic
Modulated_autosave_20260717_162548_293ms,Flex. carpi rad. (R),R_The_ED_FD_FCR D,8,233.51866560801682,241.51866560801682,265.8784749796487,,,none,30.0,120,3,monophasic
Modulated_autosave_20260717_162548_293ms,Flex. carpi rad. (R),R_The_ED_FD_FCR D,9,266.8784749796487,274.8784749796487,299.23828435224686,,,none,30.0,120,3,monophasic
Modulated_autosave_20260717_162548_293ms,Flex. carpi rad. (R),R_The_ED_FD_FCR D,10,300.23828435224686,308.23828435224686,332.59809372481664,,,none,30.0,120,3,monophasic
