source_file,muscle,channel,pulse,pulse_t_ms,win_start_ms,win_stop_ms,p2p,p2p_norm_pct,norm_mode,freq_hz,amp_ma,electrode,mode
Burst_autosave_20260717_162022_520ms,Deltoid med. (L),L_DELmed,1,0.0,8.0,32.35980937256977,,,none,30.0,10,3,monophasic
Burst_autosave_20260717_162022_520ms,Deltoid med. (L),L_DELmed,2,33.35980937256977,41.35980937256977,64.92533756885643,,,none,30.0,10,3,monophasic
Burst_autosave_20260717_162022_520ms,Deltoid med. (L),L_DELmed,3,65.92533756885643,73.92533756885643,99.07942811772352,,,none,30.0,10,3,monophasic
Burst_autosave_20260717_162022_520ms,Deltoid med. (L),L_DELmed,4,100.07942811772352,108.07942811772352,132.4392374902933,,,none,30.0,10,3,monophasic
Burst_autosave_20260717_162022_520ms,Deltoid med. (L),L_DELmed,5,133.4392374902933,141.4392374902933,165.79904686193936,,,none,30.0,10,3,monophasic
Burst_autosave_20260717_162022_520ms,Deltoid med. (L),L_DELmed,6,166.79904686193936,174.79904686193936,198.36457505914973,,,none,30.0,10,3,monophasic
Burst_autosave_20260717_162022_520ms,Deltoid med. (L),L_DELmed,7,199.36457505914973,207.36457505914973,231.7243844317195,,,none,30.0,10,3,monophasic
Burst_autosave_20260717_162022_520ms,Deltoid med. (L),L_DELmed,8,232.7243844317195,240.7243844317195,265.0841938043035,,,none,30.0,10,3,monophasic
Burst_autosave_20260717_162022_520ms,Deltoid med. (L),L_DELmed,9,266.0841938043035,274.0841938043035,298.44400317687325,,,none,30.0,10,3,monophasic
Burst_autosave_20260717_162022_520ms,Deltoid med. (L),L_DELmed,10,299.44400317687325,307.44400317687325,331.803812549443,,,none,30.0,10,3,monophasic
Burst_autosave_20260717_162022_520ms,Deltoid med. (L),L_DELmed,1,0.0,8.0,32.35980937256977,,,none,30.0,15,3,monophasic
Burst_autosave_20260717_162022_520ms,Deltoid med. (L),L_DELmed,2,33.35980937256977,41.35980937256977,64.92533756885643,,,none,30.0,15,3,monophasic
Burst_autosave_20260717_162022_520ms,Deltoid med. (L),L_DELmed,3,65.92533756885643,73.92533756885643,99.07942811772352,,,none,30.0,15,3,monophasic
Burst_autosave_20260717_162022_520ms,Deltoid med. (L),L_DELmed,4,100.07942811772352,108.07942811772352,132.4392374902933,,,none,30.0,15,3,monophasic
Burst_autosave_20260717_162022_520ms,Deltoid med. (L),L_DELmed,5,133.4392374902933,141.4392374902933,165.79904686193936,,,none,30.0,15,3,monophasic
Burst_autosave_20260717_162022_520ms,Deltoid med. (L),L_DELmed,6,166.79904686193936,174.79904686193936,198.36457505914973,,,none,30.0,15,3,monophasic
Burst_autosave_20260717_162022_520ms,Deltoid med. (L),L_DELmed,7,199.36457505914973,207.36457505914973,231.7243844317195,,,none,30.0,15,3,monophasic
Burst_autosave_20260717_162022_520ms,Deltoid med. (L),L_DELmed,8,232.7243844317195,240.7243844317195,265.0841938043035,,,none,30.0,15,3,monophasic
Burst_autosave_20260717_162022_520ms,Deltoid med. (L),L_DELmed,9,266.0841938043035,274.0841938043035,298.44400317687325,,,none,30.0,15,3,monophasic
Burst_autosave_20260717_162022_520ms,Deltoid med. (L),L_DELmed,10,299.44400317687325,307.44400317687325,331.803812549443,,,none,30.0,15,3,monophasic
Burst_autosave_20260717_162022_520ms,Deltoid med. (L),L_DELmed,1,0.0,8.0,32.35980937256977,,,none,30.0,20,3,monophasic
Burst_autosave_20260717_162022_520ms,Deltoid med. (L),L_DELmed,2,33.35980937256977,41.35980937256977,64.92533756885643,,,none,30.0,20,3,monophasic
Burst_autosave_20260717_162022_520ms,Deltoid med. (L),L_DELmed,3,65.92533756885643,73.92533756885643,99.07942811772352,,,none,30.0,20,3,monophasic
Burst_autosave_20260717_162022_520ms,Deltoid med. (L),L_DELmed,4,100.07942811772352,108.07942811772352,132.4392374902933,,,none,30.0,20,3,monophasic
Burst_autosave_20260717_162022_520ms,Deltoid med. (L),L_DELmed,5,133.4392374902933,141.4392374902933,165.79904686193936,,,none,30.0,20,3,monophasic
Burst_autosave_20260717_162022_520ms,Deltoid med. (L),L_DELmed,6,166.79904686193936,174.79904686193936,198.36457505914973,,,none,30.0,20,3,monophasic
Burst_autosave_20260717_162022_520ms,Deltoid med. (L),L_DELmed,7,199.36457505914973,207.36457505914973,231.7243844317195,,,none,30.0,20,3,monophasic
Burst_autosave_20260717_162022_520ms,Deltoid med. (L),L_DELmed,8,232.7243844317195,240.7243844317195,265.0841938043035,,,none,30.0,20,3,monophasic
Burst_autosave_20260717_162022_520ms,Deltoid med. (L),L_DELmed,9,266.0841938043035,274.0841938043035,298.44400317687325,,,none,30.0,20,3,monophasic
Burst_autosave_20260717_162022_520ms,Deltoid med. (L),L_DELmed,10,299.44400317687325,307.44400317687325,331.803812549443,,,none,30.0,20,3,monophasic
Burst_autosave_20260717_162022_520ms,Deltoid med. (L),L_DELmed,1,0.0,8.0,32.35980937256977,,,none,30.0,25,3,monophasic
Burst_autosave_20260717_162022_520ms,Deltoid med. (L),L_DELmed,2,33.35980937256977,41.35980937256977,64.92533756885643,,,none,30.0,25,3,monophasic
Burst_autosave_20260717_162022_520ms,Deltoid med. (L),L_DELmed,3,65.92533756885643,73.92533756885643,99.07942811772352,,,none,30.0,25,3,monophasic
Burst_autosave_20260717_162022_520ms,Deltoid med. (L),L_DELmed,4,100.07942811772352,108.07942811772352,132.4392374902933,,,none,30.0,25,3,monophasic
Burst_autosave_20260717_162022_520ms,Deltoid med. (L),L_DELmed,5,133.4392374902933,141.4392374902933,165.79904686193936,,,none,30.0,25,3,monophasic
Burst_autosave_20260717_162022_520ms,Deltoid med. (L),L_DELmed,6,166.79904686193936,174.79904686193936,198.36457505914973,,,none,30.0,25,3,monophasic
Burst_autosave_20260717_162022_520ms,Deltoid med. (L),L_DELmed,7,199.36457505914973,207.36457505914973,231.7243844317195,,,none,30.0,25,3,monophasic
Burst_autosave_20260717_162022_520ms,Deltoid med. (L),L_DELmed,8,232.7243844317195,240.7243844317195,265.0841938043035,,,none,30.0,25,3,monophasic
Burst_autosave_20260717_162022_520ms,Deltoid med. (L),L_DELmed,9,266.0841938043035,274.0841938043035,298.44400317687325,,,none,30.0,25,3,monophasic
Burst_autosave_20260717_162022_520ms,Deltoid med. (L),L_DELmed,10,299.44400317687325,307.44400317687325,331.803812549443,,,none,30.0,25,3,monophasic
Burst_autosave_20260717_162022_520ms,Deltoid med. (L),L_DELmed,1,0.0,8.0,32.35980937256977,,,none,30.0,30,3,monophasic
Burst_autosave_20260717_162022_520ms,Deltoid med. (L),L_DELmed,2,33.35980937256977,41.35980937256977,64.92533756885643,,,none,30.0,30,3,monophasic
Burst_autosave_20260717_162022_520ms,Deltoid med. (L),L_DELmed,3,65.92533756885643,73.92533756885643,99.07942811772352,,,none,30.0,30,3,monophasic
Burst_autosave_20260717_162022_520ms,Deltoid med. (L),L_DELmed,4,100.07942811772352,108.07942811772352,132.4392374902933,,,none,30.0,30,3,monophasic
Burst_autosave_20260717_162022_520ms,Deltoid med. (L),L_DELmed,5,133.4392374902933,141.4392374902933,165.79904686193936,,,none,30.0,30,3,monophasic
Burst_autosave_20260717_162022_520ms,Deltoid med. (L),L_DELmed,6,166.79904686193936,174.79904686193936,198.36457505914973,,,none,30.0,30,3,monophasic
Burst_autosave_20260717_162022_520ms,Deltoid med. (L),L_DELmed,7,199.36457505914973,207.36457505914973,231.7243844317195,,,none,30.0,30,3,monophasic
Burst_autosave_20260717_162022_520ms,Deltoid med. (L),L_DELmed,8,232.7243844317195,240.7243844317195,265.0841938043035,,,none,30.0,30,3,monophasic
Burst_autosave_20260717_162022_520ms,Deltoid med. (L),L_DELmed,9,266.0841938043035,274.0841938043035,298.44400317687325,,,none,30.0,30,3,monophasic
Burst_autosave_20260717_162022_520ms,Deltoid med. (L),L_DELmed,10,299.44400317687325,307.44400317687325,331.803812549443,,,none,30.0,30,3,monophasic
Burst_autosave_20260717_162022_520ms,Deltoid med. (L),L_DELmed,1,0.0,8.0,32.35980937256977,,,none,30.0,35,3,monophasic
Burst_autosave_20260717_162022_520ms,Deltoid med. (L),L_DELmed,2,33.35980937256977,41.35980937256977,64.92533756885643,,,none,30.0,35,3,monophasic
Burst_autosave_20260717_162022_520ms,Deltoid med. (L),L_DELmed,3,65.92533756885643,73.92533756885643,99.07942811772352,,,none,30.0,35,3,monophasic
Burst_autosave_20260717_162022_520ms,Deltoid med. (L),L_DELmed,4,100.07942811772352,108.07942811772352,132.4392374902933,,,none,30.0,35,3,monophasic
Burst_autosave_20260717_162022_520ms,Deltoid med. (L),L_DELmed,5,133.4392374902933,141.4392374902933,165.79904686193936,,,none,30.0,35,3,monophasic
Burst_autosave_20260717_162022_520ms,Deltoid med. (L),L_DELmed,6,166.79904686193936,174.79904686193936,198.36457505914973,,,none,30.0,35,3,monophasic
Burst_autosave_20260717_162022_520ms,Deltoid med. (L),L_DELmed,7,199.36457505914973,207.36457505914973,231.7243844317195,,,none,30.0,35,3,monophasic
Burst_autosave_20260717_162022_520ms,Deltoid med. (L),L_DELmed,8,232.7243844317195,240.7243844317195,265.0841938043035,,,none,30.0,35,3,monophasic
Burst_autosave_20260717_162022_520ms,Deltoid med. (L),L_DELmed,9,266.0841938043035,274.0841938043035,298.44400317687325,,,none,30.0,35,3,monophasic
Burst_autosave_20260717_162022_520ms,Deltoid med. (L),L_DELmed,10,299.44400317687325,307.44400317687325,331.803812549443,,,none,30.0,35,3,monophasic
Burst_autosave_20260717_162022_520ms,Deltoid med. (L),L_DELmed,1,0.0,8.0,32.35980937256977,,,none,30.0,40,3,monophasic
Burst_autosave_20260717_162022_520ms,Deltoid med. (L),L_DELmed,2,33.35980937256977,41.35980937256977,64.92533756885643,,,none,30.0,40,3,monophasic
Burst_autosave_20260717_162022_520ms,Deltoid med. (L),L_DELmed,3,65.92533756885643,73.92533756885643,99.07942811772352,,,none,30.0,40,3,monophasic
Burst_autosave_20260717_162022_520ms,Deltoid med. (L),L_DELmed,4,100.07942811772352,108.07942811772352,132.4392374902933,,,none,30.0,40,3,monophasic
Burst_autosave_20260717_162022_520ms,Deltoid med. (L),L_DELmed,5,133.4392374902933,141.4392374902933,165.79904686193936,,,none,30.0,40,3,monophasic
Burst_autosave_20260717_162022_520ms,Deltoid med. (L),L_DELmed,6,166.79904686193936,174.79904686193936,198.36457505914973,,,none,30.0,40,3,monophasic
Burst_autosave_20260717_162022_520ms,Deltoid med. (L),L_DELmed,7,199.36457505914973,207.36457505914973,231.7243844317195,,,none,30.0,40,3,monophasic
Burst_autosave_20260717_162022_520ms,Deltoid med. (L),L_DELmed,8,232.7243844317195,240.7243844317195,265.0841938043035,,,none,30.0,40,3,monophasic
Burst_autosave_20260717_162022_520ms,Deltoid med. (L),L_DELmed,9,266.0841938043035,274.0841938043035,298.44400317687325,,,none,30.0,40,3,monophasic
Burst_autosave_20260717_162022_520ms,Deltoid med. (L),L_DELmed,10,299.44400317687325,307.44400317687325,331.803812549443,,,none,30.0,40,3,monophasic
Burst_autosave_20260717_162022_520ms,Deltoid med. (L),L_DELmed,1,0.0,8.0,32.35980937256977,,,none,30.0,45,3,monophasic
Burst_autosave_20260717_162022_520ms,Deltoid med. (L),L_DELmed,2,33.35980937256977,41.35980937256977,64.92533756885643,,,none,30.0,45,3,monophasic
Burst_autosave_20260717_162022_520ms,Deltoid med. (L),L_DELmed,3,65.92533756885643,73.92533756885643,99.07942811772352,,,none,30.0,45,3,monophasic
Burst_autosave_20260717_162022_520ms,Deltoid med. (L),L_DELmed,4,100.07942811772352,108.07942811772352,132.4392374902933,,,none,30.0,45,3,monophasic
Burst_autosave_20260717_162022_520ms,Deltoid med. (L),L_DELmed,5,133.4392374902933,141.4392374902933,165.79904686193936,,,none,30.0,45,3,monophasic
Burst_autosave_20260717_162022_520ms,Deltoid med. (L),L_DELmed,6,166.79904686193936,174.79904686193936,198.36457505914973,,,none,30.0,45,3,monophasic
Burst_autosave_20260717_162022_520ms,Deltoid med. (L),L_DELmed,7,199.36457505914973,207.36457505914973,231.7243844317195,,,none,30.0,45,3,monophasic
Burst_autosave_20260717_162022_520ms,Deltoid med. (L),L_DELmed,8,232.7243844317195,240.7243844317195,265.0841938043035,,,none,30.0,45,3,monophasic
Burst_autosave_20260717_162022_520ms,Deltoid med. (L),L_DELmed,9,266.0841938043035,274.0841938043035,298.44400317687325,,,none,30.0,45,3,monophasic
Burst_autosave_20260717_162022_520ms,Deltoid med. (L),L_DELmed,10,299.44400317687325,307.44400317687325,331.803812549443,,,none,30.0,45,3,monophasic
Burst_autosave_20260717_162022_520ms,Deltoid med. (L),L_DELmed,1,0.0,8.0,32.35980937256977,,,none,30.0,50,3,monophasic
Burst_autosave_20260717_162022_520ms,Deltoid med. (L),L_DELmed,2,33.35980937256977,41.35980937256977,64.92533756885643,,,none,30.0,50,3,monophasic
Burst_autosave_20260717_162022_520ms,Deltoid med. (L),L_DELmed,3,65.92533756885643,73.92533756885643,99.07942811772352,,,none,30.0,50,3,monophasic
Burst_autosave_20260717_162022_520ms,Deltoid med. (L),L_DELmed,4,100.07942811772352,108.07942811772352,132.4392374902933,,,none,30.0,50,3,monophasic
Burst_autosave_20260717_162022_520ms,Deltoid med. (L),L_DELmed,5,133.4392374902933,141.4392374902933,165.79904686193936,,,none,30.0,50,3,monophasic
Burst_autosave_20260717_162022_520ms,Deltoid med. (L),L_DELmed,6,166.79904686193936,174.79904686193936,198.36457505914973,,,none,30.0,50,3,monophasic
Burst_autosave_20260717_162022_520ms,Deltoid med. (L),L_DELmed,7,199.36457505914973,207.36457505914973,231.7243844317195,,,none,30.0,50,3,monophasic
Burst_autosave_20260717_162022_520ms,Deltoid med. (L),L_DELmed,8,232.7243844317195,240.7243844317195,265.0841938043035,,,none,30.0,50,3,monophasic
Burst_autosave_20260717_162022_520ms,Deltoid med. (L),L_DELmed,9,266.0841938043035,274.0841938043035,298.44400317687325,,,none,30.0,50,3,monophasic
Burst_autosave_20260717_162022_520ms,Deltoid med. (L),L_DELmed,10,299.44400317687325,307.44400317687325,331.803812549443,,,none,30.0,50,3,monophasic
Burst_autosave_20260717_162022_520ms,Deltoid med. (L),L_DELmed,1,0.0,8.0,32.35980937256977,,,none,30.0,55,3,monophasic
Burst_autosave_20260717_162022_520ms,Deltoid med. (L),L_DELmed,2,33.35980937256977,41.35980937256977,64.92533756885643,,,none,30.0,55,3,monophasic
Burst_autosave_20260717_162022_520ms,Deltoid med. (L),L_DELmed,3,65.92533756885643,73.92533756885643,99.07942811772352,,,none,30.0,55,3,monophasic
Burst_autosave_20260717_162022_520ms,Deltoid med. (L),L_DELmed,4,100.07942811772352,108.07942811772352,132.4392374902933,,,none,30.0,55,3,monophasic
Burst_autosave_20260717_162022_520ms,Deltoid med. (L),L_DELmed,5,133.4392374902933,141.4392374902933,165.79904686193936,,,none,30.0,55,3,monophasic
Burst_autosave_20260717_162022_520ms,Deltoid med. (L),L_DELmed,6,166.79904686193936,174.79904686193936,198.36457505914973,,,none,30.0,55,3,monophasic
Burst_autosave_20260717_162022_520ms,Deltoid med. (L),L_DELmed,7,199.36457505914973,207.36457505914973,231.7243844317195,,,none,30.0,55,3,monophasic
Burst_autosave_20260717_162022_520ms,Deltoid med. (L),L_DELmed,8,232.7243844317195,240.7243844317195,265.0841938043035,,,none,30.0,55,3,monophasic
Burst_autosave_20260717_162022_520ms,Deltoid med. (L),L_DELmed,9,266.0841938043035,274.0841938043035,298.44400317687325,,,none,30.0,55,3,monophasic
Burst_autosave_20260717_162022_520ms,Deltoid med. (L),L_DELmed,10,299.44400317687325,307.44400317687325,331.803812549443,,,none,30.0,55,3,monophasic
Burst_autosave_20260717_162022_520ms,Biceps (L),L_BB,1,0.0,8.0,32.35980937256977,,,none,30.0,10,3,monophasic
Burst_autosave_20260717_162022_520ms,Biceps (L),L_BB,2,33.35980937256977,41.35980937256977,64.92533756885643,,,none,30.0,10,3,monophasic
Burst_autosave_20260717_162022_520ms,Biceps (L),L_BB,3,65.92533756885643,73.92533756885643,99.07942811772352,,,none,30.0,10,3,monophasic
Burst_autosave_20260717_162022_520ms,Biceps (L),L_BB,4,100.07942811772352,108.07942811772352,132.4392374902933,,,none,30.0,10,3,monophasic
Burst_autosave_20260717_162022_520ms,Biceps (L),L_BB,5,133.4392374902933,141.4392374902933,165.79904686193936,,,none,30.0,10,3,monophasic
Burst_autosave_20260717_162022_520ms,Biceps (L),L_BB,6,166.79904686193936,174.79904686193936,198.36457505914973,,,none,30.0,10,3,monophasic
Burst_autosave_20260717_162022_520ms,Biceps (L),L_BB,7,199.36457505914973,207.36457505914973,231.7243844317195,,,none,30.0,10,3,monophasic
Burst_autosave_20260717_162022_520ms,Biceps (L),L_BB,8,232.7243844317195,240.7243844317195,265.0841938043035,,,none,30.0,10,3,monophasic
Burst_autosave_20260717_162022_520ms,Biceps (L),L_BB,9,266.0841938043035,274.0841938043035,298.44400317687325,,,none,30.0,10,3,monophasic
Burst_autosave_20260717_162022_520ms,Biceps (L),L_BB,10,299.44400317687325,307.44400317687325,331.803812549443,,,none,30.0,10,3,monophasic
Burst_autosave_20260717_162022_520ms,Biceps (L),L_BB,1,0.0,8.0,32.35980937256977,,,none,30.0,15,3,monophasic
Burst_autosave_20260717_162022_520ms,Biceps (L),L_BB,2,33.35980937256977,41.35980937256977,64.92533756885643,,,none,30.0,15,3,monophasic
Burst_autosave_20260717_162022_520ms,Biceps (L),L_BB,3,65.92533756885643,73.92533756885643,99.07942811772352,,,none,30.0,15,3,monophasic
Burst_autosave_20260717_162022_520ms,Biceps (L),L_BB,4,100.07942811772352,108.07942811772352,132.4392374902933,,,none,30.0,15,3,monophasic
Burst_autosave_20260717_162022_520ms,Biceps (L),L_BB,5,133.4392374902933,141.4392374902933,165.79904686193936,,,none,30.0,15,3,monophasic
Burst_autosave_20260717_162022_520ms,Biceps (L),L_BB,6,166.79904686193936,174.79904686193936,198.36457505914973,,,none,30.0,15,3,monophasic
Burst_autosave_20260717_162022_520ms,Biceps (L),L_BB,7,199.36457505914973,207.36457505914973,231.7243844317195,,,none,30.0,15,3,monophasic
Burst_autosave_20260717_162022_520ms,Biceps (L),L_BB,8,232.7243844317195,240.7243844317195,265.0841938043035,,,none,30.0,15,3,monophasic
Burst_autosave_20260717_162022_520ms,Biceps (L),L_BB,9,266.0841938043035,274.0841938043035,298.44400317687325,,,none,30.0,15,3,monophasic
Burst_autosave_20260717_162022_520ms,Biceps (L),L_BB,10,299.44400317687325,307.44400317687325,331.803812549443,,,none,30.0,15,3,monophasic
Burst_autosave_20260717_162022_520ms,Biceps (L),L_BB,1,0.0,8.0,32.35980937256977,,,none,30.0,20,3,monophasic
Burst_autosave_20260717_162022_520ms,Biceps (L),L_BB,2,33.35980937256977,41.35980937256977,64.92533756885643,,,none,30.0,20,3,monophasic
Burst_autosave_20260717_162022_520ms,Biceps (L),L_BB,3,65.92533756885643,73.92533756885643,99.07942811772352,,,none,30.0,20,3,monophasic
Burst_autosave_20260717_162022_520ms,Biceps (L),L_BB,4,100.07942811772352,108.07942811772352,132.4392374902933,,,none,30.0,20,3,monophasic
Burst_autosave_20260717_162022_520ms,Biceps (L),L_BB,5,133.4392374902933,141.4392374902933,165.79904686193936,,,none,30.0,20,3,monophasic
Burst_autosave_20260717_162022_520ms,Biceps (L),L_BB,6,166.79904686193936,174.79904686193936,198.36457505914973,,,none,30.0,20,3,monophasic
Burst_autosave_20260717_162022_520ms,Biceps (L),L_BB,7,199.36457505914973,207.36457505914973,231.7243844317195,,,none,30.0,20,3,monophasic
Burst_autosave_20260717_162022_520ms,Biceps (L),L_BB,8,232.7243844317195,240.7243844317195,265.0841938043035,,,none,30.0,20,3,monophasic
Burst_autosave_20260717_162022_520ms,Biceps (L),L_BB,9,266.0841938043035,274.0841938043035,298.44400317687325,,,none,30.0,20,3,monophasic
Burst_autosave_20260717_162022_520ms,Biceps (L),L_BB,10,299.44400317687325,307.44400317687325,331.803812549443,,,none,30.0,20,3,monophasic
Burst_autosave_20260717_162022_520ms,Biceps (L),L_BB,1,0.0,8.0,32.35980937256977,,,none,30.0,25,3,monophasic
Burst_autosave_20260717_162022_520ms,Biceps (L),L_BB,2,33.35980937256977,41.35980937256977,64.92533756885643,,,none,30.0,25,3,monophasic
Burst_autosave_20260717_162022_520ms,Biceps (L),L_BB,3,65.92533756885643,73.92533756885643,99.07942811772352,,,none,30.0,25,3,monophasic
Burst_autosave_20260717_162022_520ms,Biceps (L),L_BB,4,100.07942811772352,108.07942811772352,132.4392374902933,,,none,30.0,25,3,monophasic
Burst_autosave_20260717_162022_520ms,Biceps (L),L_BB,5,133.4392374902933,141.4392374902933,165.79904686193936,,,none,30.0,25,3,monophasic
Burst_autosave_20260717_162022_520ms,Biceps (L),L_BB,6,166.79904686193936,174.79904686193936,198.36457505914973,,,none,30.0,25,3,monophasic
Burst_autosave_20260717_162022_520ms,Biceps (L),L_BB,7,199.36457505914973,207.36457505914973,231.7243844317195,,,none,30.0,25,3,monophasic
Burst_autosave_20260717_162022_520ms,Biceps (L),L_BB,8,232.7243844317195,240.7243844317195,265.0841938043035,,,none,30.0,25,3,monophasic
Burst_autosave_20260717_162022_520ms,Biceps (L),L_BB,9,266.0841938043035,274.0841938043035,298.44400317687325,,,none,30.0,25,3,monophasic
Burst_autosave_20260717_162022_520ms,Biceps (L),L_BB,10,299.44400317687325,307.44400317687325,331.803812549443,,,none,30.0,25,3,monophasic
Burst_autosave_20260717_162022_520ms,Biceps (L),L_BB,1,0.0,8.0,32.35980937256977,0.01141374884173274,0.01141374884173274,none,30.0,30,3,monophasic
Burst_autosave_20260717_162022_520ms,Biceps (L),L_BB,2,33.35980937256977,41.35980937256977,64.92533756885643,0.007217517355456948,0.007217517355456948,none,30.0,30,3,monophasic
Burst_autosave_20260717_162022_520ms,Biceps (L),L_BB,3,65.92533756885643,73.92533756885643,99.07942811772352,0.008560311514884233,0.008560311514884233,none,30.0,30,3,monophasic
Burst_autosave_20260717_162022_520ms,Biceps (L),L_BB,4,100.07942811772352,108.07942811772352,132.4392374902933,0.01141374884173274,0.01141374884173274,none,30.0,30,3,monophasic
Burst_autosave_20260717_162022_520ms,Biceps (L),L_BB,5,133.4392374902933,141.4392374902933,165.79904686193936,0.01074235187843442,0.01074235187843442,none,30.0,30,3,monophasic
Burst_autosave_20260717_162022_520ms,Biceps (L),L_BB,6,166.79904686193936,174.79904686193936,198.36457505914973,0.010070954915136099,0.010070954915136099,none,30.0,30,3,monophasic
Burst_autosave_20260717_162022_520ms,Biceps (L),L_BB,7,199.36457505914973,207.36457505914973,231.7243844317195,0.010742351645603776,0.010742351645603776,none,30.0,30,3,monophasic
Burst_autosave_20260717_162022_520ms,Biceps (L),L_BB,8,232.7243844317195,240.7243844317195,265.0841938043035,0.009399557951837778,0.009399557951837778,none,30.0,30,3,monophasic
Burst_autosave_20260717_162022_520ms,Biceps (L),L_BB,9,266.0841938043035,274.0841938043035,298.44400317687325,0.011581597616896033,0.011581597616896033,none,30.0,30,3,monophasic
Burst_autosave_20260717_162022_520ms,Biceps (L),L_BB,10,299.44400317687325,307.44400317687325,331.803812549443,0.008728160755708814,0.008728160755708814,none,30.0,30,3,monophasic
Burst_autosave_20260717_162022_520ms,Biceps (L),L_BB,1,0.0,8.0,32.35980937256977,,,none,30.0,35,3,monophasic
Burst_autosave_20260717_162022_520ms,Biceps (L),L_BB,2,33.35980937256977,41.35980937256977,64.92533756885643,,,none,30.0,35,3,monophasic
Burst_autosave_20260717_162022_520ms,Biceps (L),L_BB,3,65.92533756885643,73.92533756885643,99.07942811772352,,,none,30.0,35,3,monophasic
Burst_autosave_20260717_162022_520ms,Biceps (L),L_BB,4,100.07942811772352,108.07942811772352,132.4392374902933,,,none,30.0,35,3,monophasic
Burst_autosave_20260717_162022_520ms,Biceps (L),L_BB,5,133.4392374902933,141.4392374902933,165.79904686193936,,,none,30.0,35,3,monophasic
Burst_autosave_20260717_162022_520ms,Biceps (L),L_BB,6,166.79904686193936,174.79904686193936,198.36457505914973,,,none,30.0,35,3,monophasic
Burst_autosave_20260717_162022_520ms,Biceps (L),L_BB,7,199.36457505914973,207.36457505914973,231.7243844317195,,,none,30.0,35,3,monophasic
Burst_autosave_20260717_162022_520ms,Biceps (L),L_BB,8,232.7243844317195,240.7243844317195,265.0841938043035,,,none,30.0,35,3,monophasic
Burst_autosave_20260717_162022_520ms,Biceps (L),L_BB,9,266.0841938043035,274.0841938043035,298.44400317687325,,,none,30.0,35,3,monophasic
Burst_autosave_20260717_162022_520ms,Biceps (L),L_BB,10,299.44400317687325,307.44400317687325,331.803812549443,,,none,30.0,35,3,monophasic
Burst_autosave_20260717_162022_520ms,Biceps (L),L_BB,1,0.0,8.0,32.35980937256977,0.012756542768329382,0.012756542768329382,none,30.0,40,3,monophasic
Burst_autosave_20260717_162022_520ms,Biceps (L),L_BB,2,33.35980937256977,41.35980937256977,64.92533756885643,0.011245899368077517,0.011245899368077517,none,30.0,40,3,monophasic
Burst_autosave_20260717_162022_520ms,Biceps (L),L_BB,3,65.92533756885643,73.92533756885643,99.07942811772352,0.01460288418456912,0.01460288418456912,none,30.0,40,3,monophasic
Burst_autosave_20260717_162022_520ms,Biceps (L),L_BB,4,100.07942811772352,108.07942811772352,132.4392374902933,0.009567406959831715,0.009567406959831715,none,30.0,40,3,monophasic
Burst_autosave_20260717_162022_520ms,Biceps (L),L_BB,5,133.4392374902933,141.4392374902933,165.79904686193936,0.0117494473233819,0.0117494473233819,none,30.0,40,3,monophasic
Burst_autosave_20260717_162022_520ms,Biceps (L),L_BB,6,166.79904686193936,174.79904686193936,198.36457505914973,0.013427939731627703,0.013427939731627703,none,30.0,40,3,monophasic
Burst_autosave_20260717_162022_520ms,Biceps (L),L_BB,7,199.36457505914973,207.36457505914973,231.7243844317195,0.009903105208650231,0.009903105208650231,none,30.0,40,3,monophasic
Burst_autosave_20260717_162022_520ms,Biceps (L),L_BB,8,232.7243844317195,240.7243844317195,265.0841938043035,0.012085145805031061,0.012085145805031061,none,30.0,40,3,monophasic
Burst_autosave_20260717_162022_520ms,Biceps (L),L_BB,9,266.0841938043035,274.0841938043035,298.44400317687325,0.012756542302668095,0.012756542302668095,none,30.0,40,3,monophasic
Burst_autosave_20260717_162022_520ms,Biceps (L),L_BB,10,299.44400317687325,307.44400317687325,331.803812549443,0.012756542768329382,0.012756542768329382,none,30.0,40,3,monophasic
Burst_autosave_20260717_162022_520ms,Biceps (L),L_BB,1,0.0,8.0,32.35980937256977,0.013427939731627703,0.013427939731627703,none,30.0,45,3,monophasic
Burst_autosave_20260717_162022_520ms,Biceps (L),L_BB,2,33.35980937256977,41.35980937256977,64.92533756885643,0.013427939731627703,0.013427939731627703,none,30.0,45,3,monophasic
Burst_autosave_20260717_162022_520ms,Biceps (L),L_BB,3,65.92533756885643,73.92533756885643,99.07942811772352,0.012252994813024998,0.012252994813024998,none,30.0,45,3,monophasic
Burst_autosave_20260717_162022_520ms,Biceps (L),L_BB,4,100.07942811772352,108.07942811772352,132.4392374902933,0.014770733658224344,0.014770733658224344,none,30.0,45,3,monophasic
Burst_autosave_20260717_162022_520ms,Biceps (L),L_BB,5,133.4392374902933,141.4392374902933,165.79904686193936,0.016113527584820986,0.016113527584820986,none,30.0,45,3,monophasic
Burst_autosave_20260717_162022_520ms,Biceps (L),L_BB,6,166.79904686193936,174.79904686193936,198.36457505914973,0.014099336694926023,0.014099336694926023,none,30.0,45,3,monophasic
Burst_autosave_20260717_162022_520ms,Biceps (L),L_BB,7,199.36457505914973,207.36457505914973,231.7243844317195,0.016113527584820986,0.016113527584820986,none,30.0,45,3,monophasic
Burst_autosave_20260717_162022_520ms,Biceps (L),L_BB,8,232.7243844317195,240.7243844317195,265.0841938043035,0.01107805036008358,0.01107805036008358,none,30.0,45,3,monophasic
Burst_autosave_20260717_162022_520ms,Biceps (L),L_BB,9,266.0841938043035,274.0841938043035,298.44400317687325,0.010070954682305455,0.010070954682305455,none,30.0,45,3,monophasic
Burst_autosave_20260717_162022_520ms,Biceps (L),L_BB,10,299.44400317687325,307.44400317687325,331.803812549443,0.013763638213276863,0.013763638213276863,none,30.0,45,3,monophasic
Burst_autosave_20260717_162022_520ms,Biceps (L),L_BB,1,0.0,8.0,32.35980937256977,,,none,30.0,50,3,monophasic
Burst_autosave_20260717_162022_520ms,Biceps (L),L_BB,2,33.35980937256977,41.35980937256977,64.92533756885643,,,none,30.0,50,3,monophasic
Burst_autosave_20260717_162022_520ms,Biceps (L),L_BB,3,65.92533756885643,73.92533756885643,99.07942811772352,,,none,30.0,50,3,monophasic
Burst_autosave_20260717_162022_520ms,Biceps (L),L_BB,4,100.07942811772352,108.07942811772352,132.4392374902933,,,none,30.0,50,3,monophasic
Burst_autosave_20260717_162022_520ms,Biceps (L),L_BB,5,133.4392374902933,141.4392374902933,165.79904686193936,,,none,30.0,50,3,monophasic
Burst_autosave_20260717_162022_520ms,Biceps (L),L_BB,6,166.79904686193936,174.79904686193936,198.36457505914973,,,none,30.0,50,3,monophasic
Burst_autosave_20260717_162022_520ms,Biceps (L),L_BB,7,199.36457505914973,207.36457505914973,231.7243844317195,,,none,30.0,50,3,monophasic
Burst_autosave_20260717_162022_520ms,Biceps (L),L_BB,8,232.7243844317195,240.7243844317195,265.0841938043035,,,none,30.0,50,3,monophasic
Burst_autosave_20260717_162022_520ms,Biceps (L),L_BB,9,266.0841938043035,274.0841938043035,298.44400317687325,,,none,30.0,50,3,monophasic
Burst_autosave_20260717_162022_520ms,Biceps (L),L_BB,10,299.44400317687325,307.44400317687325,331.803812549443,,,none,30.0,50,3,monophasic
Burst_autosave_20260717_162022_520ms,Biceps (L),L_BB,1,0.0,8.0,32.35980937256977,0.01644922560080886,0.01644922560080886,none,30.0,55,3,monophasic
Burst_autosave_20260717_162022_520ms,Biceps (L),L_BB,2,33.35980937256977,41.35980937256977,64.92533756885643,0.015777829103171825,0.015777829103171825,none,30.0,55,3,monophasic
Burst_autosave_20260717_162022_520ms,Biceps (L),L_BB,3,65.92533756885643,73.92533756885643,99.07942811772352,0.017120623029768467,0.017120623029768467,none,30.0,55,3,monophasic
Burst_autosave_20260717_162022_520ms,Biceps (L),L_BB,4,100.07942811772352,108.07942811772352,132.4392374902933,0.015106432139873505,0.015106432139873505,none,30.0,55,3,monophasic
Burst_autosave_20260717_162022_520ms,Biceps (L),L_BB,5,133.4392374902933,141.4392374902933,165.79904686193936,0.015274281147867441,0.015274281147867441,none,30.0,55,3,monophasic
Burst_autosave_20260717_162022_520ms,Biceps (L),L_BB,6,166.79904686193936,174.79904686193936,198.36457505914973,0.015777829103171825,0.015777829103171825,none,30.0,55,3,monophasic
Burst_autosave_20260717_162022_520ms,Biceps (L),L_BB,7,199.36457505914973,207.36457505914973,231.7243844317195,0.017456321511417627,0.017456321511417627,none,30.0,55,3,monophasic
Burst_autosave_20260717_162022_520ms,Biceps (L),L_BB,8,232.7243844317195,240.7243844317195,265.0841938043035,0.017456321511417627,0.017456321511417627,none,30.0,55,3,monophasic
Burst_autosave_20260717_162022_520ms,Biceps (L),L_BB,9,266.0841938043035,274.0841938043035,298.44400317687325,0.01980621088296175,0.01980621088296175,none,30.0,55,3,monophasic
Burst_autosave_20260717_162022_520ms,Biceps (L),L_BB,10,299.44400317687325,307.44400317687325,331.803812549443,0.0161135271191597,0.0161135271191597,none,30.0,55,3,monophasic
Burst_autosave_20260717_162022_520ms,Triceps long (L),L_TBlg,1,0.0,8.0,32.35980937256977,,,none,30.0,10,3,monophasic
Burst_autosave_20260717_162022_520ms,Triceps long (L),L_TBlg,2,33.35980937256977,41.35980937256977,64.92533756885643,,,none,30.0,10,3,monophasic
Burst_autosave_20260717_162022_520ms,Triceps long (L),L_TBlg,3,65.92533756885643,73.92533756885643,99.07942811772352,,,none,30.0,10,3,monophasic
Burst_autosave_20260717_162022_520ms,Triceps long (L),L_TBlg,4,100.07942811772352,108.07942811772352,132.4392374902933,,,none,30.0,10,3,monophasic
Burst_autosave_20260717_162022_520ms,Triceps long (L),L_TBlg,5,133.4392374902933,141.4392374902933,165.79904686193936,,,none,30.0,10,3,monophasic
Burst_autosave_20260717_162022_520ms,Triceps long (L),L_TBlg,6,166.79904686193936,174.79904686193936,198.36457505914973,,,none,30.0,10,3,monophasic
Burst_autosave_20260717_162022_520ms,Triceps long (L),L_TBlg,7,199.36457505914973,207.36457505914973,231.7243844317195,,,none,30.0,10,3,monophasic
Burst_autosave_20260717_162022_520ms,Triceps long (L),L_TBlg,8,232.7243844317195,240.7243844317195,265.0841938043035,,,none,30.0,10,3,monophasic
Burst_autosave_20260717_162022_520ms,Triceps long (L),L_TBlg,9,266.0841938043035,274.0841938043035,298.44400317687325,,,none,30.0,10,3,monophasic
Burst_autosave_20260717_162022_520ms,Triceps long (L),L_TBlg,10,299.44400317687325,307.44400317687325,331.803812549443,,,none,30.0,10,3,monophasic
Burst_autosave_20260717_162022_520ms,Triceps long (L),L_TBlg,1,0.0,8.0,32.35980937256977,,,none,30.0,15,3,monophasic
Burst_autosave_20260717_162022_520ms,Triceps long (L),L_TBlg,2,33.35980937256977,41.35980937256977,64.92533756885643,,,none,30.0,15,3,monophasic
Burst_autosave_20260717_162022_520ms,Triceps long (L),L_TBlg,3,65.92533756885643,73.92533756885643,99.07942811772352,,,none,30.0,15,3,monophasic
Burst_autosave_20260717_162022_520ms,Triceps long (L),L_TBlg,4,100.07942811772352,108.07942811772352,132.4392374902933,,,none,30.0,15,3,monophasic
Burst_autosave_20260717_162022_520ms,Triceps long (L),L_TBlg,5,133.4392374902933,141.4392374902933,165.79904686193936,,,none,30.0,15,3,monophasic
Burst_autosave_20260717_162022_520ms,Triceps long (L),L_TBlg,6,166.79904686193936,174.79904686193936,198.36457505914973,,,none,30.0,15,3,monophasic
Burst_autosave_20260717_162022_520ms,Triceps long (L),L_TBlg,7,199.36457505914973,207.36457505914973,231.7243844317195,,,none,30.0,15,3,monophasic
Burst_autosave_20260717_162022_520ms,Triceps long (L),L_TBlg,8,232.7243844317195,240.7243844317195,265.0841938043035,,,none,30.0,15,3,monophasic
Burst_autosave_20260717_162022_520ms,Triceps long (L),L_TBlg,9,266.0841938043035,274.0841938043035,298.44400317687325,,,none,30.0,15,3,monophasic
Burst_autosave_20260717_162022_520ms,Triceps long (L),L_TBlg,10,299.44400317687325,307.44400317687325,331.803812549443,,,none,30.0,15,3,monophasic
Burst_autosave_20260717_162022_520ms,Triceps long (L),L_TBlg,1,0.0,8.0,32.35980937256977,,,none,30.0,20,3,monophasic
Burst_autosave_20260717_162022_520ms,Triceps long (L),L_TBlg,2,33.35980937256977,41.35980937256977,64.92533756885643,,,none,30.0,20,3,monophasic
Burst_autosave_20260717_162022_520ms,Triceps long (L),L_TBlg,3,65.92533756885643,73.92533756885643,99.07942811772352,,,none,30.0,20,3,monophasic
Burst_autosave_20260717_162022_520ms,Triceps long (L),L_TBlg,4,100.07942811772352,108.07942811772352,132.4392374902933,,,none,30.0,20,3,monophasic
Burst_autosave_20260717_162022_520ms,Triceps long (L),L_TBlg,5,133.4392374902933,141.4392374902933,165.79904686193936,,,none,30.0,20,3,monophasic
Burst_autosave_20260717_162022_520ms,Triceps long (L),L_TBlg,6,166.79904686193936,174.79904686193936,198.36457505914973,,,none,30.0,20,3,monophasic
Burst_autosave_20260717_162022_520ms,Triceps long (L),L_TBlg,7,199.36457505914973,207.36457505914973,231.7243844317195,,,none,30.0,20,3,monophasic
Burst_autosave_20260717_162022_520ms,Triceps long (L),L_TBlg,8,232.7243844317195,240.7243844317195,265.0841938043035,,,none,30.0,20,3,monophasic
Burst_autosave_20260717_162022_520ms,Triceps long (L),L_TBlg,9,266.0841938043035,274.0841938043035,298.44400317687325,,,none,30.0,20,3,monophasic
Burst_autosave_20260717_162022_520ms,Triceps long (L),L_TBlg,10,299.44400317687325,307.44400317687325,331.803812549443,,,none,30.0,20,3,monophasic
Burst_autosave_20260717_162022_520ms,Triceps long (L),L_TBlg,1,0.0,8.0,32.35980937256977,,,none,30.0,25,3,monophasic
Burst_autosave_20260717_162022_520ms,Triceps long (L),L_TBlg,2,33.35980937256977,41.35980937256977,64.92533756885643,,,none,30.0,25,3,monophasic
Burst_autosave_20260717_162022_520ms,Triceps long (L),L_TBlg,3,65.92533756885643,73.92533756885643,99.07942811772352,,,none,30.0,25,3,monophasic
Burst_autosave_20260717_162022_520ms,Triceps long (L),L_TBlg,4,100.07942811772352,108.07942811772352,132.4392374902933,,,none,30.0,25,3,monophasic
Burst_autosave_20260717_162022_520ms,Triceps long (L),L_TBlg,5,133.4392374902933,141.4392374902933,165.79904686193936,,,none,30.0,25,3,monophasic
Burst_autosave_20260717_162022_520ms,Triceps long (L),L_TBlg,6,166.79904686193936,174.79904686193936,198.36457505914973,,,none,30.0,25,3,monophasic
Burst_autosave_20260717_162022_520ms,Triceps long (L),L_TBlg,7,199.36457505914973,207.36457505914973,231.7243844317195,,,none,30.0,25,3,monophasic
Burst_autosave_20260717_162022_520ms,Triceps long (L),L_TBlg,8,232.7243844317195,240.7243844317195,265.0841938043035,,,none,30.0,25,3,monophasic
Burst_autosave_20260717_162022_520ms,Triceps long (L),L_TBlg,9,266.0841938043035,274.0841938043035,298.44400317687325,,,none,30.0,25,3,monophasic
Burst_autosave_20260717_162022_520ms,Triceps long (L),L_TBlg,10,299.44400317687325,307.44400317687325,331.803812549443,,,none,30.0,25,3,monophasic
Burst_autosave_20260717_162022_520ms,Triceps long (L),L_TBlg,1,0.0,8.0,32.35980937256977,,,none,30.0,30,3,monophasic
Burst_autosave_20260717_162022_520ms,Triceps long (L),L_TBlg,2,33.35980937256977,41.35980937256977,64.92533756885643,,,none,30.0,30,3,monophasic
Burst_autosave_20260717_162022_520ms,Triceps long (L),L_TBlg,3,65.92533756885643,73.92533756885643,99.07942811772352,,,none,30.0,30,3,monophasic
Burst_autosave_20260717_162022_520ms,Triceps long (L),L_TBlg,4,100.07942811772352,108.07942811772352,132.4392374902933,,,none,30.0,30,3,monophasic
Burst_autosave_20260717_162022_520ms,Triceps long (L),L_TBlg,5,133.4392374902933,141.4392374902933,165.79904686193936,,,none,30.0,30,3,monophasic
Burst_autosave_20260717_162022_520ms,Triceps long (L),L_TBlg,6,166.79904686193936,174.79904686193936,198.36457505914973,,,none,30.0,30,3,monophasic
Burst_autosave_20260717_162022_520ms,Triceps long (L),L_TBlg,7,199.36457505914973,207.36457505914973,231.7243844317195,,,none,30.0,30,3,monophasic
Burst_autosave_20260717_162022_520ms,Triceps long (L),L_TBlg,8,232.7243844317195,240.7243844317195,265.0841938043035,,,none,30.0,30,3,monophasic
Burst_autosave_20260717_162022_520ms,Triceps long (L),L_TBlg,9,266.0841938043035,274.0841938043035,298.44400317687325,,,none,30.0,30,3,monophasic
Burst_autosave_20260717_162022_520ms,Triceps long (L),L_TBlg,10,299.44400317687325,307.44400317687325,331.803812549443,,,none,30.0,30,3,monophasic
Burst_autosave_20260717_162022_520ms,Triceps long (L),L_TBlg,1,0.0,8.0,32.35980937256977,,,none,30.0,35,3,monophasic
Burst_autosave_20260717_162022_520ms,Triceps long (L),L_TBlg,2,33.35980937256977,41.35980937256977,64.92533756885643,,,none,30.0,35,3,monophasic
Burst_autosave_20260717_162022_520ms,Triceps long (L),L_TBlg,3,65.92533756885643,73.92533756885643,99.07942811772352,,,none,30.0,35,3,monophasic
Burst_autosave_20260717_162022_520ms,Triceps long (L),L_TBlg,4,100.07942811772352,108.07942811772352,132.4392374902933,,,none,30.0,35,3,monophasic
Burst_autosave_20260717_162022_520ms,Triceps long (L),L_TBlg,5,133.4392374902933,141.4392374902933,165.79904686193936,,,none,30.0,35,3,monophasic
Burst_autosave_20260717_162022_520ms,Triceps long (L),L_TBlg,6,166.79904686193936,174.79904686193936,198.36457505914973,,,none,30.0,35,3,monophasic
Burst_autosave_20260717_162022_520ms,Triceps long (L),L_TBlg,7,199.36457505914973,207.36457505914973,231.7243844317195,,,none,30.0,35,3,monophasic
Burst_autosave_20260717_162022_520ms,Triceps long (L),L_TBlg,8,232.7243844317195,240.7243844317195,265.0841938043035,,,none,30.0,35,3,monophasic
Burst_autosave_20260717_162022_520ms,Triceps long (L),L_TBlg,9,266.0841938043035,274.0841938043035,298.44400317687325,,,none,30.0,35,3,monophasic
Burst_autosave_20260717_162022_520ms,Triceps long (L),L_TBlg,10,299.44400317687325,307.44400317687325,331.803812549443,,,none,30.0,35,3,monophasic
Burst_autosave_20260717_162022_520ms,Triceps long (L),L_TBlg,1,0.0,8.0,32.35980937256977,,,none,30.0,40,3,monophasic
Burst_autosave_20260717_162022_520ms,Triceps long (L),L_TBlg,2,33.35980937256977,41.35980937256977,64.92533756885643,,,none,30.0,40,3,monophasic
Burst_autosave_20260717_162022_520ms,Triceps long (L),L_TBlg,3,65.92533756885643,73.92533756885643,99.07942811772352,,,none,30.0,40,3,monophasic
Burst_autosave_20260717_162022_520ms,Triceps long (L),L_TBlg,4,100.07942811772352,108.07942811772352,132.4392374902933,,,none,30.0,40,3,monophasic
Burst_autosave_20260717_162022_520ms,Triceps long (L),L_TBlg,5,133.4392374902933,141.4392374902933,165.79904686193936,,,none,30.0,40,3,monophasic
Burst_autosave_20260717_162022_520ms,Triceps long (L),L_TBlg,6,166.79904686193936,174.79904686193936,198.36457505914973,,,none,30.0,40,3,monophasic
Burst_autosave_20260717_162022_520ms,Triceps long (L),L_TBlg,7,199.36457505914973,207.36457505914973,231.7243844317195,,,none,30.0,40,3,monophasic
Burst_autosave_20260717_162022_520ms,Triceps long (L),L_TBlg,8,232.7243844317195,240.7243844317195,265.0841938043035,,,none,30.0,40,3,monophasic
Burst_autosave_20260717_162022_520ms,Triceps long (L),L_TBlg,9,266.0841938043035,274.0841938043035,298.44400317687325,,,none,30.0,40,3,monophasic
Burst_autosave_20260717_162022_520ms,Triceps long (L),L_TBlg,10,299.44400317687325,307.44400317687325,331.803812549443,,,none,30.0,40,3,monophasic
Burst_autosave_20260717_162022_520ms,Triceps long (L),L_TBlg,1,0.0,8.0,32.35980937256977,,,none,30.0,45,3,monophasic
Burst_autosave_20260717_162022_520ms,Triceps long (L),L_TBlg,2,33.35980937256977,41.35980937256977,64.92533756885643,,,none,30.0,45,3,monophasic
Burst_autosave_20260717_162022_520ms,Triceps long (L),L_TBlg,3,65.92533756885643,73.92533756885643,99.07942811772352,,,none,30.0,45,3,monophasic
Burst_autosave_20260717_162022_520ms,Triceps long (L),L_TBlg,4,100.07942811772352,108.07942811772352,132.4392374902933,,,none,30.0,45,3,monophasic
Burst_autosave_20260717_162022_520ms,Triceps long (L),L_TBlg,5,133.4392374902933,141.4392374902933,165.79904686193936,,,none,30.0,45,3,monophasic
Burst_autosave_20260717_162022_520ms,Triceps long (L),L_TBlg,6,166.79904686193936,174.79904686193936,198.36457505914973,,,none,30.0,45,3,monophasic
Burst_autosave_20260717_162022_520ms,Triceps long (L),L_TBlg,7,199.36457505914973,207.36457505914973,231.7243844317195,,,none,30.0,45,3,monophasic
Burst_autosave_20260717_162022_520ms,Triceps long (L),L_TBlg,8,232.7243844317195,240.7243844317195,265.0841938043035,,,none,30.0,45,3,monophasic
Burst_autosave_20260717_162022_520ms,Triceps long (L),L_TBlg,9,266.0841938043035,274.0841938043035,298.44400317687325,,,none,30.0,45,3,monophasic
Burst_autosave_20260717_162022_520ms,Triceps long (L),L_TBlg,10,299.44400317687325,307.44400317687325,331.803812549443,,,none,30.0,45,3,monophasic
Burst_autosave_20260717_162022_520ms,Triceps long (L),L_TBlg,1,0.0,8.0,32.35980937256977,,,none,30.0,50,3,monophasic
Burst_autosave_20260717_162022_520ms,Triceps long (L),L_TBlg,2,33.35980937256977,41.35980937256977,64.92533756885643,,,none,30.0,50,3,monophasic
Burst_autosave_20260717_162022_520ms,Triceps long (L),L_TBlg,3,65.92533756885643,73.92533756885643,99.07942811772352,,,none,30.0,50,3,monophasic
Burst_autosave_20260717_162022_520ms,Triceps long (L),L_TBlg,4,100.07942811772352,108.07942811772352,132.4392374902933,,,none,30.0,50,3,monophasic
Burst_autosave_20260717_162022_520ms,Triceps long (L),L_TBlg,5,133.4392374902933,141.4392374902933,165.79904686193936,,,none,30.0,50,3,monophasic
Burst_autosave_20260717_162022_520ms,Triceps long (L),L_TBlg,6,166.79904686193936,174.79904686193936,198.36457505914973,,,none,30.0,50,3,monophasic
Burst_autosave_20260717_162022_520ms,Triceps long (L),L_TBlg,7,199.36457505914973,207.36457505914973,231.7243844317195,,,none,30.0,50,3,monophasic
Burst_autosave_20260717_162022_520ms,Triceps long (L),L_TBlg,8,232.7243844317195,240.7243844317195,265.0841938043035,,,none,30.0,50,3,monophasic
Burst_autosave_20260717_162022_520ms,Triceps long (L),L_TBlg,9,266.0841938043035,274.0841938043035,298.44400317687325,,,none,30.0,50,3,monophasic
Burst_autosave_20260717_162022_520ms,Triceps long (L),L_TBlg,10,299.44400317687325,307.44400317687325,331.803812549443,,,none,30.0,50,3,monophasic
Burst_autosave_20260717_162022_520ms,Triceps long (L),L_TBlg,1,0.0,8.0,32.35980937256977,,,none,30.0,55,3,monophasic
Burst_autosave_20260717_162022_520ms,Triceps long (L),L_TBlg,2,33.35980937256977,41.35980937256977,64.92533756885643,,,none,30.0,55,3,monophasic
Burst_autosave_20260717_162022_520ms,Triceps long (L),L_TBlg,3,65.92533756885643,73.92533756885643,99.07942811772352,,,none,30.0,55,3,monophasic
Burst_autosave_20260717_162022_520ms,Triceps long (L),L_TBlg,4,100.07942811772352,108.07942811772352,132.4392374902933,,,none,30.0,55,3,monophasic
Burst_autosave_20260717_162022_520ms,Triceps long (L),L_TBlg,5,133.4392374902933,141.4392374902933,165.79904686193936,,,none,30.0,55,3,monophasic
Burst_autosave_20260717_162022_520ms,Triceps long (L),L_TBlg,6,166.79904686193936,174.79904686193936,198.36457505914973,,,none,30.0,55,3,monophasic
Burst_autosave_20260717_162022_520ms,Triceps long (L),L_TBlg,7,199.36457505914973,207.36457505914973,231.7243844317195,,,none,30.0,55,3,monophasic
Burst_autosave_20260717_162022_520ms,Triceps long (L),L_TBlg,8,232.7243844317195,240.7243844317195,265.0841938043035,,,none,30.0,55,3,monophasic
Burst_autosave_20260717_162022_520ms,Triceps long (L),L_TBlg,9,266.0841938043035,274.0841938043035,298.44400317687325,,,none,30.0,55,3,monophasic
Burst_autosave_20260717_162022_520ms,Triceps long (L),L_TBlg,10,299.44400317687325,307.44400317687325,331.803812549443,,,none,30.0,55,3,monophasic
Burst_autosave_20260717_162022_520ms,Thenar (L),L_The_ED_FD_FCR A,1,0.0,8.0,32.35980937256977,,,none,30.0,10,3,monophasic
Burst_autosave_20260717_162022_520ms,Thenar (L),L_The_ED_FD_FCR A,2,33.35980937256977,41.35980937256977,64.92533756885643,,,none,30.0,10,3,monophasic
Burst_autosave_20260717_162022_520ms,Thenar (L),L_The_ED_FD_FCR A,3,65.92533756885643,73.92533756885643,99.07942811772352,,,none,30.0,10,3,monophasic
Burst_autosave_20260717_162022_520ms,Thenar (L),L_The_ED_FD_FCR A,4,100.07942811772352,108.07942811772352,132.4392374902933,,,none,30.0,10,3,monophasic
Burst_autosave_20260717_162022_520ms,Thenar (L),L_The_ED_FD_FCR A,5,133.4392374902933,141.4392374902933,165.79904686193936,,,none,30.0,10,3,monophasic
Burst_autosave_20260717_162022_520ms,Thenar (L),L_The_ED_FD_FCR A,6,166.79904686193936,174.79904686193936,198.36457505914973,,,none,30.0,10,3,monophasic
Burst_autosave_20260717_162022_520ms,Thenar (L),L_The_ED_FD_FCR A,7,199.36457505914973,207.36457505914973,231.7243844317195,,,none,30.0,10,3,monophasic
Burst_autosave_20260717_162022_520ms,Thenar (L),L_The_ED_FD_FCR A,8,232.7243844317195,240.7243844317195,265.0841938043035,,,none,30.0,10,3,monophasic
Burst_autosave_20260717_162022_520ms,Thenar (L),L_The_ED_FD_FCR A,9,266.0841938043035,274.0841938043035,298.44400317687325,,,none,30.0,10,3,monophasic
Burst_autosave_20260717_162022_520ms,Thenar (L),L_The_ED_FD_FCR A,10,299.44400317687325,307.44400317687325,331.803812549443,,,none,30.0,10,3,monophasic
Burst_autosave_20260717_162022_520ms,Thenar (L),L_The_ED_FD_FCR A,1,0.0,8.0,32.35980937256977,,,none,30.0,15,3,monophasic
Burst_autosave_20260717_162022_520ms,Thenar (L),L_The_ED_FD_FCR A,2,33.35980937256977,41.35980937256977,64.92533756885643,,,none,30.0,15,3,monophasic
Burst_autosave_20260717_162022_520ms,Thenar (L),L_The_ED_FD_FCR A,3,65.92533756885643,73.92533756885643,99.07942811772352,,,none,30.0,15,3,monophasic
Burst_autosave_20260717_162022_520ms,Thenar (L),L_The_ED_FD_FCR A,4,100.07942811772352,108.07942811772352,132.4392374902933,,,none,30.0,15,3,monophasic
Burst_autosave_20260717_162022_520ms,Thenar (L),L_The_ED_FD_FCR A,5,133.4392374902933,141.4392374902933,165.79904686193936,,,none,30.0,15,3,monophasic
Burst_autosave_20260717_162022_520ms,Thenar (L),L_The_ED_FD_FCR A,6,166.79904686193936,174.79904686193936,198.36457505914973,,,none,30.0,15,3,monophasic
Burst_autosave_20260717_162022_520ms,Thenar (L),L_The_ED_FD_FCR A,7,199.36457505914973,207.36457505914973,231.7243844317195,,,none,30.0,15,3,monophasic
Burst_autosave_20260717_162022_520ms,Thenar (L),L_The_ED_FD_FCR A,8,232.7243844317195,240.7243844317195,265.0841938043035,,,none,30.0,15,3,monophasic
Burst_autosave_20260717_162022_520ms,Thenar (L),L_The_ED_FD_FCR A,9,266.0841938043035,274.0841938043035,298.44400317687325,,,none,30.0,15,3,monophasic
Burst_autosave_20260717_162022_520ms,Thenar (L),L_The_ED_FD_FCR A,10,299.44400317687325,307.44400317687325,331.803812549443,,,none,30.0,15,3,monophasic
Burst_autosave_20260717_162022_520ms,Thenar (L),L_The_ED_FD_FCR A,1,0.0,8.0,32.35980937256977,,,none,30.0,20,3,monophasic
Burst_autosave_20260717_162022_520ms,Thenar (L),L_The_ED_FD_FCR A,2,33.35980937256977,41.35980937256977,64.92533756885643,,,none,30.0,20,3,monophasic
Burst_autosave_20260717_162022_520ms,Thenar (L),L_The_ED_FD_FCR A,3,65.92533756885643,73.92533756885643,99.07942811772352,,,none,30.0,20,3,monophasic
Burst_autosave_20260717_162022_520ms,Thenar (L),L_The_ED_FD_FCR A,4,100.07942811772352,108.07942811772352,132.4392374902933,,,none,30.0,20,3,monophasic
Burst_autosave_20260717_162022_520ms,Thenar (L),L_The_ED_FD_FCR A,5,133.4392374902933,141.4392374902933,165.79904686193936,,,none,30.0,20,3,monophasic
Burst_autosave_20260717_162022_520ms,Thenar (L),L_The_ED_FD_FCR A,6,166.79904686193936,174.79904686193936,198.36457505914973,,,none,30.0,20,3,monophasic
Burst_autosave_20260717_162022_520ms,Thenar (L),L_The_ED_FD_FCR A,7,199.36457505914973,207.36457505914973,231.7243844317195,,,none,30.0,20,3,monophasic
Burst_autosave_20260717_162022_520ms,Thenar (L),L_The_ED_FD_FCR A,8,232.7243844317195,240.7243844317195,265.0841938043035,,,none,30.0,20,3,monophasic
Burst_autosave_20260717_162022_520ms,Thenar (L),L_The_ED_FD_FCR A,9,266.0841938043035,274.0841938043035,298.44400317687325,,,none,30.0,20,3,monophasic
Burst_autosave_20260717_162022_520ms,Thenar (L),L_The_ED_FD_FCR A,10,299.44400317687325,307.44400317687325,331.803812549443,,,none,30.0,20,3,monophasic
Burst_autosave_20260717_162022_520ms,Thenar (L),L_The_ED_FD_FCR A,1,0.0,8.0,32.35980937256977,,,none,30.0,25,3,monophasic
Burst_autosave_20260717_162022_520ms,Thenar (L),L_The_ED_FD_FCR A,2,33.35980937256977,41.35980937256977,64.92533756885643,,,none,30.0,25,3,monophasic
Burst_autosave_20260717_162022_520ms,Thenar (L),L_The_ED_FD_FCR A,3,65.92533756885643,73.92533756885643,99.07942811772352,,,none,30.0,25,3,monophasic
Burst_autosave_20260717_162022_520ms,Thenar (L),L_The_ED_FD_FCR A,4,100.07942811772352,108.07942811772352,132.4392374902933,,,none,30.0,25,3,monophasic
Burst_autosave_20260717_162022_520ms,Thenar (L),L_The_ED_FD_FCR A,5,133.4392374902933,141.4392374902933,165.79904686193936,,,none,30.0,25,3,monophasic
Burst_autosave_20260717_162022_520ms,Thenar (L),L_The_ED_FD_FCR A,6,166.79904686193936,174.79904686193936,198.36457505914973,,,none,30.0,25,3,monophasic
Burst_autosave_20260717_162022_520ms,Thenar (L),L_The_ED_FD_FCR A,7,199.36457505914973,207.36457505914973,231.7243844317195,,,none,30.0,25,3,monophasic
Burst_autosave_20260717_162022_520ms,Thenar (L),L_The_ED_FD_FCR A,8,232.7243844317195,240.7243844317195,265.0841938043035,,,none,30.0,25,3,monophasic
Burst_autosave_20260717_162022_520ms,Thenar (L),L_The_ED_FD_FCR A,9,266.0841938043035,274.0841938043035,298.44400317687325,,,none,30.0,25,3,monophasic
Burst_autosave_20260717_162022_520ms,Thenar (L),L_The_ED_FD_FCR A,10,299.44400317687325,307.44400317687325,331.803812549443,,,none,30.0,25,3,monophasic
Burst_autosave_20260717_162022_520ms,Thenar (L),L_The_ED_FD_FCR A,1,0.0,8.0,32.35980937256977,,,none,30.0,30,3,monophasic
Burst_autosave_20260717_162022_520ms,Thenar (L),L_The_ED_FD_FCR A,2,33.35980937256977,41.35980937256977,64.92533756885643,,,none,30.0,30,3,monophasic
Burst_autosave_20260717_162022_520ms,Thenar (L),L_The_ED_FD_FCR A,3,65.92533756885643,73.92533756885643,99.07942811772352,,,none,30.0,30,3,monophasic
Burst_autosave_20260717_162022_520ms,Thenar (L),L_The_ED_FD_FCR A,4,100.07942811772352,108.07942811772352,132.4392374902933,,,none,30.0,30,3,monophasic
Burst_autosave_20260717_162022_520ms,Thenar (L),L_The_ED_FD_FCR A,5,133.4392374902933,141.4392374902933,165.79904686193936,,,none,30.0,30,3,monophasic
Burst_autosave_20260717_162022_520ms,Thenar (L),L_The_ED_FD_FCR A,6,166.79904686193936,174.79904686193936,198.36457505914973,,,none,30.0,30,3,monophasic
Burst_autosave_20260717_162022_520ms,Thenar (L),L_The_ED_FD_FCR A,7,199.36457505914973,207.36457505914973,231.7243844317195,,,none,30.0,30,3,monophasic
Burst_autosave_20260717_162022_520ms,Thenar (L),L_The_ED_FD_FCR A,8,232.7243844317195,240.7243844317195,265.0841938043035,,,none,30.0,30,3,monophasic
Burst_autosave_20260717_162022_520ms,Thenar (L),L_The_ED_FD_FCR A,9,266.0841938043035,274.0841938043035,298.44400317687325,,,none,30.0,30,3,monophasic
Burst_autosave_20260717_162022_520ms,Thenar (L),L_The_ED_FD_FCR A,10,299.44400317687325,307.44400317687325,331.803812549443,,,none,30.0,30,3,monophasic
Burst_autosave_20260717_162022_520ms,Thenar (L),L_The_ED_FD_FCR A,1,0.0,8.0,32.35980937256977,,,none,30.0,35,3,monophasic
Burst_autosave_20260717_162022_520ms,Thenar (L),L_The_ED_FD_FCR A,2,33.35980937256977,41.35980937256977,64.92533756885643,,,none,30.0,35,3,monophasic
Burst_autosave_20260717_162022_520ms,Thenar (L),L_The_ED_FD_FCR A,3,65.92533756885643,73.92533756885643,99.07942811772352,,,none,30.0,35,3,monophasic
Burst_autosave_20260717_162022_520ms,Thenar (L),L_The_ED_FD_FCR A,4,100.07942811772352,108.07942811772352,132.4392374902933,,,none,30.0,35,3,monophasic
Burst_autosave_20260717_162022_520ms,Thenar (L),L_The_ED_FD_FCR A,5,133.4392374902933,141.4392374902933,165.79904686193936,,,none,30.0,35,3,monophasic
Burst_autosave_20260717_162022_520ms,Thenar (L),L_The_ED_FD_FCR A,6,166.79904686193936,174.79904686193936,198.36457505914973,,,none,30.0,35,3,monophasic
Burst_autosave_20260717_162022_520ms,Thenar (L),L_The_ED_FD_FCR A,7,199.36457505914973,207.36457505914973,231.7243844317195,,,none,30.0,35,3,monophasic
Burst_autosave_20260717_162022_520ms,Thenar (L),L_The_ED_FD_FCR A,8,232.7243844317195,240.7243844317195,265.0841938043035,,,none,30.0,35,3,monophasic
Burst_autosave_20260717_162022_520ms,Thenar (L),L_The_ED_FD_FCR A,9,266.0841938043035,274.0841938043035,298.44400317687325,,,none,30.0,35,3,monophasic
Burst_autosave_20260717_162022_520ms,Thenar (L),L_The_ED_FD_FCR A,10,299.44400317687325,307.44400317687325,331.803812549443,,,none,30.0,35,3,monophasic
Burst_autosave_20260717_162022_520ms,Thenar (L),L_The_ED_FD_FCR A,1,0.0,8.0,32.35980937256977,,,none,30.0,40,3,monophasic
Burst_autosave_20260717_162022_520ms,Thenar (L),L_The_ED_FD_FCR A,2,33.35980937256977,41.35980937256977,64.92533756885643,,,none,30.0,40,3,monophasic
Burst_autosave_20260717_162022_520ms,Thenar (L),L_The_ED_FD_FCR A,3,65.92533756885643,73.92533756885643,99.07942811772352,,,none,30.0,40,3,monophasic
Burst_autosave_20260717_162022_520ms,Thenar (L),L_The_ED_FD_FCR A,4,100.07942811772352,108.07942811772352,132.4392374902933,,,none,30.0,40,3,monophasic
Burst_autosave_20260717_162022_520ms,Thenar (L),L_The_ED_FD_FCR A,5,133.4392374902933,141.4392374902933,165.79904686193936,,,none,30.0,40,3,monophasic
Burst_autosave_20260717_162022_520ms,Thenar (L),L_The_ED_FD_FCR A,6,166.79904686193936,174.79904686193936,198.36457505914973,,,none,30.0,40,3,monophasic
Burst_autosave_20260717_162022_520ms,Thenar (L),L_The_ED_FD_FCR A,7,199.36457505914973,207.36457505914973,231.7243844317195,,,none,30.0,40,3,monophasic
Burst_autosave_20260717_162022_520ms,Thenar (L),L_The_ED_FD_FCR A,8,232.7243844317195,240.7243844317195,265.0841938043035,,,none,30.0,40,3,monophasic
Burst_autosave_20260717_162022_520ms,Thenar (L),L_The_ED_FD_FCR A,9,266.0841938043035,274.0841938043035,298.44400317687325,,,none,30.0,40,3,monophasic
Burst_autosave_20260717_162022_520ms,Thenar (L),L_The_ED_FD_FCR A,10,299.44400317687325,307.44400317687325,331.803812549443,,,none,30.0,40,3,monophasic
Burst_autosave_20260717_162022_520ms,Thenar (L),L_The_ED_FD_FCR A,1,0.0,8.0,32.35980937256977,,,none,30.0,45,3,monophasic
Burst_autosave_20260717_162022_520ms,Thenar (L),L_The_ED_FD_FCR A,2,33.35980937256977,41.35980937256977,64.92533756885643,,,none,30.0,45,3,monophasic
Burst_autosave_20260717_162022_520ms,Thenar (L),L_The_ED_FD_FCR A,3,65.92533756885643,73.92533756885643,99.07942811772352,,,none,30.0,45,3,monophasic
Burst_autosave_20260717_162022_520ms,Thenar (L),L_The_ED_FD_FCR A,4,100.07942811772352,108.07942811772352,132.4392374902933,,,none,30.0,45,3,monophasic
Burst_autosave_20260717_162022_520ms,Thenar (L),L_The_ED_FD_FCR A,5,133.4392374902933,141.4392374902933,165.79904686193936,,,none,30.0,45,3,monophasic
Burst_autosave_20260717_162022_520ms,Thenar (L),L_The_ED_FD_FCR A,6,166.79904686193936,174.79904686193936,198.36457505914973,,,none,30.0,45,3,monophasic
Burst_autosave_20260717_162022_520ms,Thenar (L),L_The_ED_FD_FCR A,7,199.36457505914973,207.36457505914973,231.7243844317195,,,none,30.0,45,3,monophasic
Burst_autosave_20260717_162022_520ms,Thenar (L),L_The_ED_FD_FCR A,8,232.7243844317195,240.7243844317195,265.0841938043035,,,none,30.0,45,3,monophasic
Burst_autosave_20260717_162022_520ms,Thenar (L),L_The_ED_FD_FCR A,9,266.0841938043035,274.0841938043035,298.44400317687325,,,none,30.0,45,3,monophasic
Burst_autosave_20260717_162022_520ms,Thenar (L),L_The_ED_FD_FCR A,10,299.44400317687325,307.44400317687325,331.803812549443,,,none,30.0,45,3,monophasic
Burst_autosave_20260717_162022_520ms,Thenar (L),L_The_ED_FD_FCR A,1,0.0,8.0,32.35980937256977,,,none,30.0,50,3,monophasic
Burst_autosave_20260717_162022_520ms,Thenar (L),L_The_ED_FD_FCR A,2,33.35980937256977,41.35980937256977,64.92533756885643,,,none,30.0,50,3,monophasic
Burst_autosave_20260717_162022_520ms,Thenar (L),L_The_ED_FD_FCR A,3,65.92533756885643,73.92533756885643,99.07942811772352,,,none,30.0,50,3,monophasic
Burst_autosave_20260717_162022_520ms,Thenar (L),L_The_ED_FD_FCR A,4,100.07942811772352,108.07942811772352,132.4392374902933,,,none,30.0,50,3,monophasic
Burst_autosave_20260717_162022_520ms,Thenar (L),L_The_ED_FD_FCR A,5,133.4392374902933,141.4392374902933,165.79904686193936,,,none,30.0,50,3,monophasic
Burst_autosave_20260717_162022_520ms,Thenar (L),L_The_ED_FD_FCR A,6,166.79904686193936,174.79904686193936,198.36457505914973,,,none,30.0,50,3,monophasic
Burst_autosave_20260717_162022_520ms,Thenar (L),L_The_ED_FD_FCR A,7,199.36457505914973,207.36457505914973,231.7243844317195,,,none,30.0,50,3,monophasic
Burst_autosave_20260717_162022_520ms,Thenar (L),L_The_ED_FD_FCR A,8,232.7243844317195,240.7243844317195,265.0841938043035,,,none,30.0,50,3,monophasic
Burst_autosave_20260717_162022_520ms,Thenar (L),L_The_ED_FD_FCR A,9,266.0841938043035,274.0841938043035,298.44400317687325,,,none,30.0,50,3,monophasic
Burst_autosave_20260717_162022_520ms,Thenar (L),L_The_ED_FD_FCR A,10,299.44400317687325,307.44400317687325,331.803812549443,,,none,30.0,50,3,monophasic
Burst_autosave_20260717_162022_520ms,Thenar (L),L_The_ED_FD_FCR A,1,0.0,8.0,32.35980937256977,,,none,30.0,55,3,monophasic
Burst_autosave_20260717_162022_520ms,Thenar (L),L_The_ED_FD_FCR A,2,33.35980937256977,41.35980937256977,64.92533756885643,,,none,30.0,55,3,monophasic
Burst_autosave_20260717_162022_520ms,Thenar (L),L_The_ED_FD_FCR A,3,65.92533756885643,73.92533756885643,99.07942811772352,,,none,30.0,55,3,monophasic
Burst_autosave_20260717_162022_520ms,Thenar (L),L_The_ED_FD_FCR A,4,100.07942811772352,108.07942811772352,132.4392374902933,,,none,30.0,55,3,monophasic
Burst_autosave_20260717_162022_520ms,Thenar (L),L_The_ED_FD_FCR A,5,133.4392374902933,141.4392374902933,165.79904686193936,,,none,30.0,55,3,monophasic
Burst_autosave_20260717_162022_520ms,Thenar (L),L_The_ED_FD_FCR A,6,166.79904686193936,174.79904686193936,198.36457505914973,,,none,30.0,55,3,monophasic
Burst_autosave_20260717_162022_520ms,Thenar (L),L_The_ED_FD_FCR A,7,199.36457505914973,207.36457505914973,231.7243844317195,,,none,30.0,55,3,monophasic
Burst_autosave_20260717_162022_520ms,Thenar (L),L_The_ED_FD_FCR A,8,232.7243844317195,240.7243844317195,265.0841938043035,,,none,30.0,55,3,monophasic
Burst_autosave_20260717_162022_520ms,Thenar (L),L_The_ED_FD_FCR A,9,266.0841938043035,274.0841938043035,298.44400317687325,,,none,30.0,55,3,monophasic
Burst_autosave_20260717_162022_520ms,Thenar (L),L_The_ED_FD_FCR A,10,299.44400317687325,307.44400317687325,331.803812549443,,,none,30.0,55,3,monophasic
Burst_autosave_20260717_162022_520ms,Ext. digitorum (L),L_The_ED_FD_FCR B,1,0.0,8.0,32.35980937256977,,,none,30.0,10,3,monophasic
Burst_autosave_20260717_162022_520ms,Ext. digitorum (L),L_The_ED_FD_FCR B,2,33.35980937256977,41.35980937256977,64.92533756885643,,,none,30.0,10,3,monophasic
Burst_autosave_20260717_162022_520ms,Ext. digitorum (L),L_The_ED_FD_FCR B,3,65.92533756885643,73.92533756885643,99.07942811772352,,,none,30.0,10,3,monophasic
Burst_autosave_20260717_162022_520ms,Ext. digitorum (L),L_The_ED_FD_FCR B,4,100.07942811772352,108.07942811772352,132.4392374902933,,,none,30.0,10,3,monophasic
Burst_autosave_20260717_162022_520ms,Ext. digitorum (L),L_The_ED_FD_FCR B,5,133.4392374902933,141.4392374902933,165.79904686193936,,,none,30.0,10,3,monophasic
Burst_autosave_20260717_162022_520ms,Ext. digitorum (L),L_The_ED_FD_FCR B,6,166.79904686193936,174.79904686193936,198.36457505914973,,,none,30.0,10,3,monophasic
Burst_autosave_20260717_162022_520ms,Ext. digitorum (L),L_The_ED_FD_FCR B,7,199.36457505914973,207.36457505914973,231.7243844317195,,,none,30.0,10,3,monophasic
Burst_autosave_20260717_162022_520ms,Ext. digitorum (L),L_The_ED_FD_FCR B,8,232.7243844317195,240.7243844317195,265.0841938043035,,,none,30.0,10,3,monophasic
Burst_autosave_20260717_162022_520ms,Ext. digitorum (L),L_The_ED_FD_FCR B,9,266.0841938043035,274.0841938043035,298.44400317687325,,,none,30.0,10,3,monophasic
Burst_autosave_20260717_162022_520ms,Ext. digitorum (L),L_The_ED_FD_FCR B,10,299.44400317687325,307.44400317687325,331.803812549443,,,none,30.0,10,3,monophasic
Burst_autosave_20260717_162022_520ms,Ext. digitorum (L),L_The_ED_FD_FCR B,1,0.0,8.0,32.35980937256977,,,none,30.0,15,3,monophasic
Burst_autosave_20260717_162022_520ms,Ext. digitorum (L),L_The_ED_FD_FCR B,2,33.35980937256977,41.35980937256977,64.92533756885643,,,none,30.0,15,3,monophasic
Burst_autosave_20260717_162022_520ms,Ext. digitorum (L),L_The_ED_FD_FCR B,3,65.92533756885643,73.92533756885643,99.07942811772352,,,none,30.0,15,3,monophasic
Burst_autosave_20260717_162022_520ms,Ext. digitorum (L),L_The_ED_FD_FCR B,4,100.07942811772352,108.07942811772352,132.4392374902933,,,none,30.0,15,3,monophasic
Burst_autosave_20260717_162022_520ms,Ext. digitorum (L),L_The_ED_FD_FCR B,5,133.4392374902933,141.4392374902933,165.79904686193936,,,none,30.0,15,3,monophasic
Burst_autosave_20260717_162022_520ms,Ext. digitorum (L),L_The_ED_FD_FCR B,6,166.79904686193936,174.79904686193936,198.36457505914973,,,none,30.0,15,3,monophasic
Burst_autosave_20260717_162022_520ms,Ext. digitorum (L),L_The_ED_FD_FCR B,7,199.36457505914973,207.36457505914973,231.7243844317195,,,none,30.0,15,3,monophasic
Burst_autosave_20260717_162022_520ms,Ext. digitorum (L),L_The_ED_FD_FCR B,8,232.7243844317195,240.7243844317195,265.0841938043035,,,none,30.0,15,3,monophasic
Burst_autosave_20260717_162022_520ms,Ext. digitorum (L),L_The_ED_FD_FCR B,9,266.0841938043035,274.0841938043035,298.44400317687325,,,none,30.0,15,3,monophasic
Burst_autosave_20260717_162022_520ms,Ext. digitorum (L),L_The_ED_FD_FCR B,10,299.44400317687325,307.44400317687325,331.803812549443,,,none,30.0,15,3,monophasic
Burst_autosave_20260717_162022_520ms,Ext. digitorum (L),L_The_ED_FD_FCR B,1,0.0,8.0,32.35980937256977,,,none,30.0,20,3,monophasic
Burst_autosave_20260717_162022_520ms,Ext. digitorum (L),L_The_ED_FD_FCR B,2,33.35980937256977,41.35980937256977,64.92533756885643,,,none,30.0,20,3,monophasic
Burst_autosave_20260717_162022_520ms,Ext. digitorum (L),L_The_ED_FD_FCR B,3,65.92533756885643,73.92533756885643,99.07942811772352,,,none,30.0,20,3,monophasic
Burst_autosave_20260717_162022_520ms,Ext. digitorum (L),L_The_ED_FD_FCR B,4,100.07942811772352,108.07942811772352,132.4392374902933,,,none,30.0,20,3,monophasic
Burst_autosave_20260717_162022_520ms,Ext. digitorum (L),L_The_ED_FD_FCR B,5,133.4392374902933,141.4392374902933,165.79904686193936,,,none,30.0,20,3,monophasic
Burst_autosave_20260717_162022_520ms,Ext. digitorum (L),L_The_ED_FD_FCR B,6,166.79904686193936,174.79904686193936,198.36457505914973,,,none,30.0,20,3,monophasic
Burst_autosave_20260717_162022_520ms,Ext. digitorum (L),L_The_ED_FD_FCR B,7,199.36457505914973,207.36457505914973,231.7243844317195,,,none,30.0,20,3,monophasic
Burst_autosave_20260717_162022_520ms,Ext. digitorum (L),L_The_ED_FD_FCR B,8,232.7243844317195,240.7243844317195,265.0841938043035,,,none,30.0,20,3,monophasic
Burst_autosave_20260717_162022_520ms,Ext. digitorum (L),L_The_ED_FD_FCR B,9,266.0841938043035,274.0841938043035,298.44400317687325,,,none,30.0,20,3,monophasic
Burst_autosave_20260717_162022_520ms,Ext. digitorum (L),L_The_ED_FD_FCR B,10,299.44400317687325,307.44400317687325,331.803812549443,,,none,30.0,20,3,monophasic
Burst_autosave_20260717_162022_520ms,Ext. digitorum (L),L_The_ED_FD_FCR B,1,0.0,8.0,32.35980937256977,,,none,30.0,25,3,monophasic
Burst_autosave_20260717_162022_520ms,Ext. digitorum (L),L_The_ED_FD_FCR B,2,33.35980937256977,41.35980937256977,64.92533756885643,,,none,30.0,25,3,monophasic
Burst_autosave_20260717_162022_520ms,Ext. digitorum (L),L_The_ED_FD_FCR B,3,65.92533756885643,73.92533756885643,99.07942811772352,,,none,30.0,25,3,monophasic
Burst_autosave_20260717_162022_520ms,Ext. digitorum (L),L_The_ED_FD_FCR B,4,100.07942811772352,108.07942811772352,132.4392374902933,,,none,30.0,25,3,monophasic
Burst_autosave_20260717_162022_520ms,Ext. digitorum (L),L_The_ED_FD_FCR B,5,133.4392374902933,141.4392374902933,165.79904686193936,,,none,30.0,25,3,monophasic
Burst_autosave_20260717_162022_520ms,Ext. digitorum (L),L_The_ED_FD_FCR B,6,166.79904686193936,174.79904686193936,198.36457505914973,,,none,30.0,25,3,monophasic
Burst_autosave_20260717_162022_520ms,Ext. digitorum (L),L_The_ED_FD_FCR B,7,199.36457505914973,207.36457505914973,231.7243844317195,,,none,30.0,25,3,monophasic
Burst_autosave_20260717_162022_520ms,Ext. digitorum (L),L_The_ED_FD_FCR B,8,232.7243844317195,240.7243844317195,265.0841938043035,,,none,30.0,25,3,monophasic
Burst_autosave_20260717_162022_520ms,Ext. digitorum (L),L_The_ED_FD_FCR B,9,266.0841938043035,274.0841938043035,298.44400317687325,,,none,30.0,25,3,monophasic
Burst_autosave_20260717_162022_520ms,Ext. digitorum (L),L_The_ED_FD_FCR B,10,299.44400317687325,307.44400317687325,331.803812549443,,,none,30.0,25,3,monophasic
Burst_autosave_20260717_162022_520ms,Ext. digitorum (L),L_The_ED_FD_FCR B,1,0.0,8.0,32.35980937256977,,,none,30.0,30,3,monophasic
Burst_autosave_20260717_162022_520ms,Ext. digitorum (L),L_The_ED_FD_FCR B,2,33.35980937256977,41.35980937256977,64.92533756885643,,,none,30.0,30,3,monophasic
Burst_autosave_20260717_162022_520ms,Ext. digitorum (L),L_The_ED_FD_FCR B,3,65.92533756885643,73.92533756885643,99.07942811772352,,,none,30.0,30,3,monophasic
Burst_autosave_20260717_162022_520ms,Ext. digitorum (L),L_The_ED_FD_FCR B,4,100.07942811772352,108.07942811772352,132.4392374902933,,,none,30.0,30,3,monophasic
Burst_autosave_20260717_162022_520ms,Ext. digitorum (L),L_The_ED_FD_FCR B,5,133.4392374902933,141.4392374902933,165.79904686193936,,,none,30.0,30,3,monophasic
Burst_autosave_20260717_162022_520ms,Ext. digitorum (L),L_The_ED_FD_FCR B,6,166.79904686193936,174.79904686193936,198.36457505914973,,,none,30.0,30,3,monophasic
Burst_autosave_20260717_162022_520ms,Ext. digitorum (L),L_The_ED_FD_FCR B,7,199.36457505914973,207.36457505914973,231.7243844317195,,,none,30.0,30,3,monophasic
Burst_autosave_20260717_162022_520ms,Ext. digitorum (L),L_The_ED_FD_FCR B,8,232.7243844317195,240.7243844317195,265.0841938043035,,,none,30.0,30,3,monophasic
Burst_autosave_20260717_162022_520ms,Ext. digitorum (L),L_The_ED_FD_FCR B,9,266.0841938043035,274.0841938043035,298.44400317687325,,,none,30.0,30,3,monophasic
Burst_autosave_20260717_162022_520ms,Ext. digitorum (L),L_The_ED_FD_FCR B,10,299.44400317687325,307.44400317687325,331.803812549443,,,none,30.0,30,3,monophasic
Burst_autosave_20260717_162022_520ms,Ext. digitorum (L),L_The_ED_FD_FCR B,1,0.0,8.0,32.35980937256977,,,none,30.0,35,3,monophasic
Burst_autosave_20260717_162022_520ms,Ext. digitorum (L),L_The_ED_FD_FCR B,2,33.35980937256977,41.35980937256977,64.92533756885643,,,none,30.0,35,3,monophasic
Burst_autosave_20260717_162022_520ms,Ext. digitorum (L),L_The_ED_FD_FCR B,3,65.92533756885643,73.92533756885643,99.07942811772352,,,none,30.0,35,3,monophasic
Burst_autosave_20260717_162022_520ms,Ext. digitorum (L),L_The_ED_FD_FCR B,4,100.07942811772352,108.07942811772352,132.4392374902933,,,none,30.0,35,3,monophasic
Burst_autosave_20260717_162022_520ms,Ext. digitorum (L),L_The_ED_FD_FCR B,5,133.4392374902933,141.4392374902933,165.79904686193936,,,none,30.0,35,3,monophasic
Burst_autosave_20260717_162022_520ms,Ext. digitorum (L),L_The_ED_FD_FCR B,6,166.79904686193936,174.79904686193936,198.36457505914973,,,none,30.0,35,3,monophasic
Burst_autosave_20260717_162022_520ms,Ext. digitorum (L),L_The_ED_FD_FCR B,7,199.36457505914973,207.36457505914973,231.7243844317195,,,none,30.0,35,3,monophasic
Burst_autosave_20260717_162022_520ms,Ext. digitorum (L),L_The_ED_FD_FCR B,8,232.7243844317195,240.7243844317195,265.0841938043035,,,none,30.0,35,3,monophasic
Burst_autosave_20260717_162022_520ms,Ext. digitorum (L),L_The_ED_FD_FCR B,9,266.0841938043035,274.0841938043035,298.44400317687325,,,none,30.0,35,3,monophasic
Burst_autosave_20260717_162022_520ms,Ext. digitorum (L),L_The_ED_FD_FCR B,10,299.44400317687325,307.44400317687325,331.803812549443,,,none,30.0,35,3,monophasic
Burst_autosave_20260717_162022_520ms,Ext. digitorum (L),L_The_ED_FD_FCR B,1,0.0,8.0,32.35980937256977,,,none,30.0,40,3,monophasic
Burst_autosave_20260717_162022_520ms,Ext. digitorum (L),L_The_ED_FD_FCR B,2,33.35980937256977,41.35980937256977,64.92533756885643,,,none,30.0,40,3,monophasic
Burst_autosave_20260717_162022_520ms,Ext. digitorum (L),L_The_ED_FD_FCR B,3,65.92533756885643,73.92533756885643,99.07942811772352,,,none,30.0,40,3,monophasic
Burst_autosave_20260717_162022_520ms,Ext. digitorum (L),L_The_ED_FD_FCR B,4,100.07942811772352,108.07942811772352,132.4392374902933,,,none,30.0,40,3,monophasic
Burst_autosave_20260717_162022_520ms,Ext. digitorum (L),L_The_ED_FD_FCR B,5,133.4392374902933,141.4392374902933,165.79904686193936,,,none,30.0,40,3,monophasic
Burst_autosave_20260717_162022_520ms,Ext. digitorum (L),L_The_ED_FD_FCR B,6,166.79904686193936,174.79904686193936,198.36457505914973,,,none,30.0,40,3,monophasic
Burst_autosave_20260717_162022_520ms,Ext. digitorum (L),L_The_ED_FD_FCR B,7,199.36457505914973,207.36457505914973,231.7243844317195,,,none,30.0,40,3,monophasic
Burst_autosave_20260717_162022_520ms,Ext. digitorum (L),L_The_ED_FD_FCR B,8,232.7243844317195,240.7243844317195,265.0841938043035,,,none,30.0,40,3,monophasic
Burst_autosave_20260717_162022_520ms,Ext. digitorum (L),L_The_ED_FD_FCR B,9,266.0841938043035,274.0841938043035,298.44400317687325,,,none,30.0,40,3,monophasic
Burst_autosave_20260717_162022_520ms,Ext. digitorum (L),L_The_ED_FD_FCR B,10,299.44400317687325,307.44400317687325,331.803812549443,,,none,30.0,40,3,monophasic
Burst_autosave_20260717_162022_520ms,Ext. digitorum (L),L_The_ED_FD_FCR B,1,0.0,8.0,32.35980937256977,0.11833371594548225,0.11833371594548225,none,30.0,45,3,monophasic
Burst_autosave_20260717_162022_520ms,Ext. digitorum (L),L_The_ED_FD_FCR B,2,33.35980937256977,41.35980937256977,64.92533756885643,0.014267185237258673,0.014267185237258673,none,30.0,45,3,monophasic
Burst_autosave_20260717_162022_520ms,Ext. digitorum (L),L_The_ED_FD_FCR B,3,65.92533756885643,73.92533756885643,99.07942811772352,0.010742351645603776,0.010742351645603776,none,30.0,45,3,monophasic
Burst_autosave_20260717_162022_520ms,Ext. digitorum (L),L_The_ED_FD_FCR B,4,100.07942811772352,108.07942811772352,132.4392374902933,0.110948346555233,0.110948346555233,none,30.0,45,3,monophasic
Burst_autosave_20260717_162022_520ms,Ext. digitorum (L),L_The_ED_FD_FCR B,5,133.4392374902933,141.4392374902933,165.79904686193936,0.004699778743088245,0.004699778743088245,none,30.0,45,3,monophasic
Burst_autosave_20260717_162022_520ms,Ext. digitorum (L),L_The_ED_FD_FCR B,6,166.79904686193936,174.79904686193936,198.36457505914973,0.1114518940448761,0.1114518940448761,none,30.0,45,3,monophasic
Burst_autosave_20260717_162022_520ms,Ext. digitorum (L),L_The_ED_FD_FCR B,7,199.36457505914973,207.36457505914973,231.7243844317195,0.009567406727001071,0.009567406727001071,none,30.0,45,3,monophasic
Burst_autosave_20260717_162022_520ms,Ext. digitorum (L),L_The_ED_FD_FCR B,8,232.7243844317195,240.7243844317195,265.0841938043035,0.0057068741880357265,0.0057068741880357265,none,30.0,45,3,monophasic
Burst_autosave_20260717_162022_520ms,Ext. digitorum (L),L_The_ED_FD_FCR B,9,266.0841938043035,274.0841938043035,298.44400317687325,0.10708781704306602,0.10708781704306602,none,30.0,45,3,monophasic
Burst_autosave_20260717_162022_520ms,Ext. digitorum (L),L_The_ED_FD_FCR B,10,299.44400317687325,307.44400317687325,331.803812549443,0.007385366829112172,0.007385366829112172,none,30.0,45,3,monophasic
Burst_autosave_20260717_162022_520ms,Ext. digitorum (L),L_The_ED_FD_FCR B,1,0.0,8.0,32.35980937256977,0.1114518977701664,0.1114518977701664,none,30.0,50,3,monophasic
Burst_autosave_20260717_162022_520ms,Ext. digitorum (L),L_The_ED_FD_FCR B,2,33.35980937256977,41.35980937256977,64.92533756885643,0.12454413622617722,0.12454413622617722,none,30.0,50,3,monophasic
Burst_autosave_20260717_162022_520ms,Ext. digitorum (L),L_The_ED_FD_FCR B,3,65.92533756885643,73.92533756885643,99.07942811772352,0.11514458060264587,0.11514458060264587,none,30.0,50,3,monophasic
Burst_autosave_20260717_162022_520ms,Ext. digitorum (L),L_The_ED_FD_FCR B,4,100.07942811772352,108.07942811772352,132.4392374902933,0.15240710973739624,0.15240710973739624,none,30.0,50,3,monophasic
Burst_autosave_20260717_162022_520ms,Ext. digitorum (L),L_The_ED_FD_FCR B,5,133.4392374902933,141.4392374902933,165.79904686193936,0.013092241249978542,0.013092241249978542,none,30.0,50,3,monophasic
Burst_autosave_20260717_162022_520ms,Ext. digitorum (L),L_The_ED_FD_FCR B,6,166.79904686193936,174.79904686193936,198.36457505914973,0.10943770781159401,0.10943770781159401,none,30.0,50,3,monophasic
Burst_autosave_20260717_162022_520ms,Ext. digitorum (L),L_The_ED_FD_FCR B,7,199.36457505914973,207.36457505914973,231.7243844317195,0.012085145805031061,0.012085145805031061,none,30.0,50,3,monophasic
Burst_autosave_20260717_162022_520ms,Ext. digitorum (L),L_The_ED_FD_FCR B,8,232.7243844317195,240.7243844317195,265.0841938043035,0.11497673392295837,0.11497673392295837,none,30.0,50,3,monophasic
Burst_autosave_20260717_162022_520ms,Ext. digitorum (L),L_The_ED_FD_FCR B,9,266.0841938043035,274.0841938043035,298.44400317687325,0.13427938893437386,0.13427938893437386,none,30.0,50,3,monophasic
Burst_autosave_20260717_162022_520ms,Ext. digitorum (L),L_The_ED_FD_FCR B,10,299.44400317687325,307.44400317687325,331.803812549443,0.1101091019809246,0.1101091019809246,none,30.0,50,3,monophasic
Burst_autosave_20260717_162022_520ms,Ext. digitorum (L),L_The_ED_FD_FCR B,1,0.0,8.0,32.35980937256977,0.10457007586956024,0.10457007586956024,none,30.0,55,3,monophasic
Burst_autosave_20260717_162022_520ms,Ext. digitorum (L),L_The_ED_FD_FCR B,2,33.35980937256977,41.35980937256977,64.92533756885643,0.10977340489625931,0.10977340489625931,none,30.0,55,3,monophasic
Burst_autosave_20260717_162022_520ms,Ext. digitorum (L),L_The_ED_FD_FCR B,3,65.92533756885643,73.92533756885643,99.07942811772352,0.09231708198785782,0.09231708198785782,none,30.0,55,3,monophasic
Burst_autosave_20260717_162022_520ms,Ext. digitorum (L),L_The_ED_FD_FCR B,4,100.07942811772352,108.07942811772352,132.4392374902933,0.11447318643331528,0.11447318643331528,none,30.0,55,3,monophasic
Burst_autosave_20260717_162022_520ms,Ext. digitorum (L),L_The_ED_FD_FCR B,5,133.4392374902933,141.4392374902933,165.79904686193936,0.09886320307850838,0.09886320307850838,none,30.0,55,3,monophasic
Burst_autosave_20260717_162022_520ms,Ext. digitorum (L),L_The_ED_FD_FCR B,6,166.79904686193936,174.79904686193936,198.36457505914973,0.09147783368825912,0.09147783368825912,none,30.0,55,3,monophasic
Burst_autosave_20260717_162022_520ms,Ext. digitorum (L),L_The_ED_FD_FCR B,7,199.36457505914973,207.36457505914973,231.7243844317195,0.08912794664502144,0.08912794664502144,none,30.0,55,3,monophasic
Burst_autosave_20260717_162022_520ms,Ext. digitorum (L),L_The_ED_FD_FCR B,8,232.7243844317195,240.7243844317195,265.0841938043035,0.09802396036684513,0.09802396036684513,none,30.0,55,3,monophasic
Burst_autosave_20260717_162022_520ms,Ext. digitorum (L),L_The_ED_FD_FCR B,9,266.0841938043035,274.0841938043035,298.44400317687325,0.08459601737558842,0.08459601737558842,none,30.0,55,3,monophasic
Burst_autosave_20260717_162022_520ms,Ext. digitorum (L),L_The_ED_FD_FCR B,10,299.44400317687325,307.44400317687325,331.803812549443,0.08123903162777424,0.08123903162777424,none,30.0,55,3,monophasic
Burst_autosave_20260717_162022_520ms,Flex. digitorum (L),L_The_ED_FD_FCR C,1,0.0,8.0,32.35980937256977,,,none,30.0,10,3,monophasic
Burst_autosave_20260717_162022_520ms,Flex. digitorum (L),L_The_ED_FD_FCR C,2,33.35980937256977,41.35980937256977,64.92533756885643,,,none,30.0,10,3,monophasic
Burst_autosave_20260717_162022_520ms,Flex. digitorum (L),L_The_ED_FD_FCR C,3,65.92533756885643,73.92533756885643,99.07942811772352,,,none,30.0,10,3,monophasic
Burst_autosave_20260717_162022_520ms,Flex. digitorum (L),L_The_ED_FD_FCR C,4,100.07942811772352,108.07942811772352,132.4392374902933,,,none,30.0,10,3,monophasic
Burst_autosave_20260717_162022_520ms,Flex. digitorum (L),L_The_ED_FD_FCR C,5,133.4392374902933,141.4392374902933,165.79904686193936,,,none,30.0,10,3,monophasic
Burst_autosave_20260717_162022_520ms,Flex. digitorum (L),L_The_ED_FD_FCR C,6,166.79904686193936,174.79904686193936,198.36457505914973,,,none,30.0,10,3,monophasic
Burst_autosave_20260717_162022_520ms,Flex. digitorum (L),L_The_ED_FD_FCR C,7,199.36457505914973,207.36457505914973,231.7243844317195,,,none,30.0,10,3,monophasic
Burst_autosave_20260717_162022_520ms,Flex. digitorum (L),L_The_ED_FD_FCR C,8,232.7243844317195,240.7243844317195,265.0841938043035,,,none,30.0,10,3,monophasic
Burst_autosave_20260717_162022_520ms,Flex. digitorum (L),L_The_ED_FD_FCR C,9,266.0841938043035,274.0841938043035,298.44400317687325,,,none,30.0,10,3,monophasic
Burst_autosave_20260717_162022_520ms,Flex. digitorum (L),L_The_ED_FD_FCR C,10,299.44400317687325,307.44400317687325,331.803812549443,,,none,30.0,10,3,monophasic
Burst_autosave_20260717_162022_520ms,Flex. digitorum (L),L_The_ED_FD_FCR C,1,0.0,8.0,32.35980937256977,,,none,30.0,15,3,monophasic
Burst_autosave_20260717_162022_520ms,Flex. digitorum (L),L_The_ED_FD_FCR C,2,33.35980937256977,41.35980937256977,64.92533756885643,,,none,30.0,15,3,monophasic
Burst_autosave_20260717_162022_520ms,Flex. digitorum (L),L_The_ED_FD_FCR C,3,65.92533756885643,73.92533756885643,99.07942811772352,,,none,30.0,15,3,monophasic
Burst_autosave_20260717_162022_520ms,Flex. digitorum (L),L_The_ED_FD_FCR C,4,100.07942811772352,108.07942811772352,132.4392374902933,,,none,30.0,15,3,monophasic
Burst_autosave_20260717_162022_520ms,Flex. digitorum (L),L_The_ED_FD_FCR C,5,133.4392374902933,141.4392374902933,165.79904686193936,,,none,30.0,15,3,monophasic
Burst_autosave_20260717_162022_520ms,Flex. digitorum (L),L_The_ED_FD_FCR C,6,166.79904686193936,174.79904686193936,198.36457505914973,,,none,30.0,15,3,monophasic
Burst_autosave_20260717_162022_520ms,Flex. digitorum (L),L_The_ED_FD_FCR C,7,199.36457505914973,207.36457505914973,231.7243844317195,,,none,30.0,15,3,monophasic
Burst_autosave_20260717_162022_520ms,Flex. digitorum (L),L_The_ED_FD_FCR C,8,232.7243844317195,240.7243844317195,265.0841938043035,,,none,30.0,15,3,monophasic
Burst_autosave_20260717_162022_520ms,Flex. digitorum (L),L_The_ED_FD_FCR C,9,266.0841938043035,274.0841938043035,298.44400317687325,,,none,30.0,15,3,monophasic
Burst_autosave_20260717_162022_520ms,Flex. digitorum (L),L_The_ED_FD_FCR C,10,299.44400317687325,307.44400317687325,331.803812549443,,,none,30.0,15,3,monophasic
Burst_autosave_20260717_162022_520ms,Flex. digitorum (L),L_The_ED_FD_FCR C,1,0.0,8.0,32.35980937256977,,,none,30.0,20,3,monophasic
Burst_autosave_20260717_162022_520ms,Flex. digitorum (L),L_The_ED_FD_FCR C,2,33.35980937256977,41.35980937256977,64.92533756885643,,,none,30.0,20,3,monophasic
Burst_autosave_20260717_162022_520ms,Flex. digitorum (L),L_The_ED_FD_FCR C,3,65.92533756885643,73.92533756885643,99.07942811772352,,,none,30.0,20,3,monophasic
Burst_autosave_20260717_162022_520ms,Flex. digitorum (L),L_The_ED_FD_FCR C,4,100.07942811772352,108.07942811772352,132.4392374902933,,,none,30.0,20,3,monophasic
Burst_autosave_20260717_162022_520ms,Flex. digitorum (L),L_The_ED_FD_FCR C,5,133.4392374902933,141.4392374902933,165.79904686193936,,,none,30.0,20,3,monophasic
Burst_autosave_20260717_162022_520ms,Flex. digitorum (L),L_The_ED_FD_FCR C,6,166.79904686193936,174.79904686193936,198.36457505914973,,,none,30.0,20,3,monophasic
Burst_autosave_20260717_162022_520ms,Flex. digitorum (L),L_The_ED_FD_FCR C,7,199.36457505914973,207.36457505914973,231.7243844317195,,,none,30.0,20,3,monophasic
Burst_autosave_20260717_162022_520ms,Flex. digitorum (L),L_The_ED_FD_FCR C,8,232.7243844317195,240.7243844317195,265.0841938043035,,,none,30.0,20,3,monophasic
Burst_autosave_20260717_162022_520ms,Flex. digitorum (L),L_The_ED_FD_FCR C,9,266.0841938043035,274.0841938043035,298.44400317687325,,,none,30.0,20,3,monophasic
Burst_autosave_20260717_162022_520ms,Flex. digitorum (L),L_The_ED_FD_FCR C,10,299.44400317687325,307.44400317687325,331.803812549443,,,none,30.0,20,3,monophasic
Burst_autosave_20260717_162022_520ms,Flex. digitorum (L),L_The_ED_FD_FCR C,1,0.0,8.0,32.35980937256977,,,none,30.0,25,3,monophasic
Burst_autosave_20260717_162022_520ms,Flex. digitorum (L),L_The_ED_FD_FCR C,2,33.35980937256977,41.35980937256977,64.92533756885643,,,none,30.0,25,3,monophasic
Burst_autosave_20260717_162022_520ms,Flex. digitorum (L),L_The_ED_FD_FCR C,3,65.92533756885643,73.92533756885643,99.07942811772352,,,none,30.0,25,3,monophasic
Burst_autosave_20260717_162022_520ms,Flex. digitorum (L),L_The_ED_FD_FCR C,4,100.07942811772352,108.07942811772352,132.4392374902933,,,none,30.0,25,3,monophasic
Burst_autosave_20260717_162022_520ms,Flex. digitorum (L),L_The_ED_FD_FCR C,5,133.4392374902933,141.4392374902933,165.79904686193936,,,none,30.0,25,3,monophasic
Burst_autosave_20260717_162022_520ms,Flex. digitorum (L),L_The_ED_FD_FCR C,6,166.79904686193936,174.79904686193936,198.36457505914973,,,none,30.0,25,3,monophasic
Burst_autosave_20260717_162022_520ms,Flex. digitorum (L),L_The_ED_FD_FCR C,7,199.36457505914973,207.36457505914973,231.7243844317195,,,none,30.0,25,3,monophasic
Burst_autosave_20260717_162022_520ms,Flex. digitorum (L),L_The_ED_FD_FCR C,8,232.7243844317195,240.7243844317195,265.0841938043035,,,none,30.0,25,3,monophasic
Burst_autosave_20260717_162022_520ms,Flex. digitorum (L),L_The_ED_FD_FCR C,9,266.0841938043035,274.0841938043035,298.44400317687325,,,none,30.0,25,3,monophasic
Burst_autosave_20260717_162022_520ms,Flex. digitorum (L),L_The_ED_FD_FCR C,10,299.44400317687325,307.44400317687325,331.803812549443,,,none,30.0,25,3,monophasic
Burst_autosave_20260717_162022_520ms,Flex. digitorum (L),L_The_ED_FD_FCR C,1,0.0,8.0,32.35980937256977,,,none,30.0,30,3,monophasic
Burst_autosave_20260717_162022_520ms,Flex. digitorum (L),L_The_ED_FD_FCR C,2,33.35980937256977,41.35980937256977,64.92533756885643,,,none,30.0,30,3,monophasic
Burst_autosave_20260717_162022_520ms,Flex. digitorum (L),L_The_ED_FD_FCR C,3,65.92533756885643,73.92533756885643,99.07942811772352,,,none,30.0,30,3,monophasic
Burst_autosave_20260717_162022_520ms,Flex. digitorum (L),L_The_ED_FD_FCR C,4,100.07942811772352,108.07942811772352,132.4392374902933,,,none,30.0,30,3,monophasic
Burst_autosave_20260717_162022_520ms,Flex. digitorum (L),L_The_ED_FD_FCR C,5,133.4392374902933,141.4392374902933,165.79904686193936,,,none,30.0,30,3,monophasic
Burst_autosave_20260717_162022_520ms,Flex. digitorum (L),L_The_ED_FD_FCR C,6,166.79904686193936,174.79904686193936,198.36457505914973,,,none,30.0,30,3,monophasic
Burst_autosave_20260717_162022_520ms,Flex. digitorum (L),L_The_ED_FD_FCR C,7,199.36457505914973,207.36457505914973,231.7243844317195,,,none,30.0,30,3,monophasic
Burst_autosave_20260717_162022_520ms,Flex. digitorum (L),L_The_ED_FD_FCR C,8,232.7243844317195,240.7243844317195,265.0841938043035,,,none,30.0,30,3,monophasic
Burst_autosave_20260717_162022_520ms,Flex. digitorum (L),L_The_ED_FD_FCR C,9,266.0841938043035,274.0841938043035,298.44400317687325,,,none,30.0,30,3,monophasic
Burst_autosave_20260717_162022_520ms,Flex. digitorum (L),L_The_ED_FD_FCR C,10,299.44400317687325,307.44400317687325,331.803812549443,,,none,30.0,30,3,monophasic
Burst_autosave_20260717_162022_520ms,Flex. digitorum (L),L_The_ED_FD_FCR C,1,0.0,8.0,32.35980937256977,,,none,30.0,35,3,monophasic
Burst_autosave_20260717_162022_520ms,Flex. digitorum (L),L_The_ED_FD_FCR C,2,33.35980937256977,41.35980937256977,64.92533756885643,,,none,30.0,35,3,monophasic
Burst_autosave_20260717_162022_520ms,Flex. digitorum (L),L_The_ED_FD_FCR C,3,65.92533756885643,73.92533756885643,99.07942811772352,,,none,30.0,35,3,monophasic
Burst_autosave_20260717_162022_520ms,Flex. digitorum (L),L_The_ED_FD_FCR C,4,100.07942811772352,108.07942811772352,132.4392374902933,,,none,30.0,35,3,monophasic
Burst_autosave_20260717_162022_520ms,Flex. digitorum (L),L_The_ED_FD_FCR C,5,133.4392374902933,141.4392374902933,165.79904686193936,,,none,30.0,35,3,monophasic
Burst_autosave_20260717_162022_520ms,Flex. digitorum (L),L_The_ED_FD_FCR C,6,166.79904686193936,174.79904686193936,198.36457505914973,,,none,30.0,35,3,monophasic
Burst_autosave_20260717_162022_520ms,Flex. digitorum (L),L_The_ED_FD_FCR C,7,199.36457505914973,207.36457505914973,231.7243844317195,,,none,30.0,35,3,monophasic
Burst_autosave_20260717_162022_520ms,Flex. digitorum (L),L_The_ED_FD_FCR C,8,232.7243844317195,240.7243844317195,265.0841938043035,,,none,30.0,35,3,monophasic
Burst_autosave_20260717_162022_520ms,Flex. digitorum (L),L_The_ED_FD_FCR C,9,266.0841938043035,274.0841938043035,298.44400317687325,,,none,30.0,35,3,monophasic
Burst_autosave_20260717_162022_520ms,Flex. digitorum (L),L_The_ED_FD_FCR C,10,299.44400317687325,307.44400317687325,331.803812549443,,,none,30.0,35,3,monophasic
Burst_autosave_20260717_162022_520ms,Flex. digitorum (L),L_The_ED_FD_FCR C,1,0.0,8.0,32.35980937256977,,,none,30.0,40,3,monophasic
Burst_autosave_20260717_162022_520ms,Flex. digitorum (L),L_The_ED_FD_FCR C,2,33.35980937256977,41.35980937256977,64.92533756885643,,,none,30.0,40,3,monophasic
Burst_autosave_20260717_162022_520ms,Flex. digitorum (L),L_The_ED_FD_FCR C,3,65.92533756885643,73.92533756885643,99.07942811772352,,,none,30.0,40,3,monophasic
Burst_autosave_20260717_162022_520ms,Flex. digitorum (L),L_The_ED_FD_FCR C,4,100.07942811772352,108.07942811772352,132.4392374902933,,,none,30.0,40,3,monophasic
Burst_autosave_20260717_162022_520ms,Flex. digitorum (L),L_The_ED_FD_FCR C,5,133.4392374902933,141.4392374902933,165.79904686193936,,,none,30.0,40,3,monophasic
Burst_autosave_20260717_162022_520ms,Flex. digitorum (L),L_The_ED_FD_FCR C,6,166.79904686193936,174.79904686193936,198.36457505914973,,,none,30.0,40,3,monophasic
Burst_autosave_20260717_162022_520ms,Flex. digitorum (L),L_The_ED_FD_FCR C,7,199.36457505914973,207.36457505914973,231.7243844317195,,,none,30.0,40,3,monophasic
Burst_autosave_20260717_162022_520ms,Flex. digitorum (L),L_The_ED_FD_FCR C,8,232.7243844317195,240.7243844317195,265.0841938043035,,,none,30.0,40,3,monophasic
Burst_autosave_20260717_162022_520ms,Flex. digitorum (L),L_The_ED_FD_FCR C,9,266.0841938043035,274.0841938043035,298.44400317687325,,,none,30.0,40,3,monophasic
Burst_autosave_20260717_162022_520ms,Flex. digitorum (L),L_The_ED_FD_FCR C,10,299.44400317687325,307.44400317687325,331.803812549443,,,none,30.0,40,3,monophasic
Burst_autosave_20260717_162022_520ms,Flex. digitorum (L),L_The_ED_FD_FCR C,1,0.0,8.0,32.35980937256977,0.012085145572200418,0.012085145572200418,none,30.0,45,3,monophasic
Burst_autosave_20260717_162022_520ms,Flex. digitorum (L),L_The_ED_FD_FCR C,2,33.35980937256977,41.35980937256977,64.92533756885643,0.009399557719007134,0.009399557719007134,none,30.0,45,3,monophasic
Burst_autosave_20260717_162022_520ms,Flex. digitorum (L),L_The_ED_FD_FCR C,3,65.92533756885643,73.92533756885643,99.07942811772352,0.009399557951837778,0.009399557951837778,none,30.0,45,3,monophasic
Burst_autosave_20260717_162022_520ms,Flex. digitorum (L),L_The_ED_FD_FCR C,4,100.07942811772352,108.07942811772352,132.4392374902933,0.009735256200656295,0.009735256200656295,none,30.0,45,3,monophasic
Burst_autosave_20260717_162022_520ms,Flex. digitorum (L),L_The_ED_FD_FCR C,5,133.4392374902933,141.4392374902933,165.79904686193936,0.008056763792410493,0.008056763792410493,none,30.0,45,3,monophasic
Burst_autosave_20260717_162022_520ms,Flex. digitorum (L),L_The_ED_FD_FCR C,6,166.79904686193936,174.79904686193936,198.36457505914973,0.01040665339678526,0.01040665339678526,none,30.0,45,3,monophasic
Burst_autosave_20260717_162022_520ms,Flex. digitorum (L),L_The_ED_FD_FCR C,7,199.36457505914973,207.36457505914973,231.7243844317195,0.01040665339678526,0.01040665339678526,none,30.0,45,3,monophasic
Burst_autosave_20260717_162022_520ms,Flex. digitorum (L),L_The_ED_FD_FCR C,8,232.7243844317195,240.7243844317195,265.0841938043035,0.01107805036008358,0.01107805036008358,none,30.0,45,3,monophasic
Burst_autosave_20260717_162022_520ms,Flex. digitorum (L),L_The_ED_FD_FCR C,9,266.0841938043035,274.0841938043035,298.44400317687325,0.009063859470188618,0.009063859470188618,none,30.0,45,3,monophasic
Burst_autosave_20260717_162022_520ms,Flex. digitorum (L),L_The_ED_FD_FCR C,10,299.44400317687325,307.44400317687325,331.803812549443,0.01141374884173274,0.01141374884173274,none,30.0,45,3,monophasic
Burst_autosave_20260717_162022_520ms,Flex. digitorum (L),L_The_ED_FD_FCR C,1,0.0,8.0,32.35980937256977,0.015777829103171825,0.015777829103171825,none,30.0,50,3,monophasic
Burst_autosave_20260717_162022_520ms,Flex. digitorum (L),L_The_ED_FD_FCR C,2,33.35980937256977,41.35980937256977,64.92533756885643,0.016113527584820986,0.016113527584820986,none,30.0,50,3,monophasic
Burst_autosave_20260717_162022_520ms,Flex. digitorum (L),L_The_ED_FD_FCR C,3,65.92533756885643,73.92533756885643,99.07942811772352,0.013427939498797059,0.013427939498797059,none,30.0,50,3,monophasic
Burst_autosave_20260717_162022_520ms,Flex. digitorum (L),L_The_ED_FD_FCR C,4,100.07942811772352,108.07942811772352,132.4392374902933,0.017456321511417627,0.017456321511417627,none,30.0,50,3,monophasic
Burst_autosave_20260717_162022_520ms,Flex. digitorum (L),L_The_ED_FD_FCR C,5,133.4392374902933,141.4392374902933,165.79904686193936,0.01174944662488997,0.01174944662488997,none,30.0,50,3,monophasic
Burst_autosave_20260717_162022_520ms,Flex. digitorum (L),L_The_ED_FD_FCR C,6,166.79904686193936,174.79904686193936,198.36457505914973,0.012085145805031061,0.012085145805031061,none,30.0,50,3,monophasic
Burst_autosave_20260717_162022_520ms,Flex. digitorum (L),L_The_ED_FD_FCR C,7,199.36457505914973,207.36457505914973,231.7243844317195,0.0117494473233819,0.0117494473233819,none,30.0,50,3,monophasic
Burst_autosave_20260717_162022_520ms,Flex. digitorum (L),L_The_ED_FD_FCR C,8,232.7243844317195,240.7243844317195,265.0841938043035,0.009399557719007134,0.009399557719007134,none,30.0,50,3,monophasic
Burst_autosave_20260717_162022_520ms,Flex. digitorum (L),L_The_ED_FD_FCR C,9,266.0841938043035,274.0841938043035,298.44400317687325,0.0077210653107613325,0.0077210653107613325,none,30.0,50,3,monophasic
Burst_autosave_20260717_162022_520ms,Flex. digitorum (L),L_The_ED_FD_FCR C,10,299.44400317687325,307.44400317687325,331.803812549443,0.014938582899048924,0.014938582899048924,none,30.0,50,3,monophasic
Burst_autosave_20260717_162022_520ms,Flex. digitorum (L),L_The_ED_FD_FCR C,1,0.0,8.0,32.35980937256977,0.03088425938040018,0.03088425938040018,none,30.0,55,3,monophasic
Burst_autosave_20260717_162022_520ms,Flex. digitorum (L),L_The_ED_FD_FCR C,2,33.35980937256977,41.35980937256977,64.92533756885643,0.029541466385126114,0.029541466385126114,none,30.0,55,3,monophasic
Burst_autosave_20260717_162022_520ms,Flex. digitorum (L),L_The_ED_FD_FCR C,3,65.92533756885643,73.92533756885643,99.07942811772352,0.017792019993066788,0.017792019993066788,none,30.0,55,3,monophasic
Burst_autosave_20260717_162022_520ms,Flex. digitorum (L),L_The_ED_FD_FCR C,4,100.07942811772352,108.07942811772352,132.4392374902933,0.019134812988340855,0.019134812988340855,none,30.0,55,3,monophasic
Burst_autosave_20260717_162022_520ms,Flex. digitorum (L),L_The_ED_FD_FCR C,5,133.4392374902933,141.4392374902933,165.79904686193936,0.031555657275021076,0.031555657275021076,none,30.0,55,3,monophasic
Burst_autosave_20260717_162022_520ms,Flex. digitorum (L),L_The_ED_FD_FCR C,6,166.79904686193936,174.79904686193936,198.36457505914973,0.02081330632790923,0.02081330632790923,none,30.0,55,3,monophasic
Burst_autosave_20260717_162022_520ms,Flex. digitorum (L),L_The_ED_FD_FCR C,7,199.36457505914973,207.36457505914973,231.7243844317195,0.013763638213276863,0.013763638213276863,none,30.0,55,3,monophasic
Burst_autosave_20260717_162022_520ms,Flex. digitorum (L),L_The_ED_FD_FCR C,8,232.7243844317195,240.7243844317195,265.0841938043035,0.02014190936461091,0.02014190936461091,none,30.0,55,3,monophasic
Burst_autosave_20260717_162022_520ms,Flex. digitorum (L),L_The_ED_FD_FCR C,9,266.0841938043035,274.0841938043035,298.44400317687325,0.03088425938040018,0.03088425938040018,none,30.0,55,3,monophasic
Burst_autosave_20260717_162022_520ms,Flex. digitorum (L),L_The_ED_FD_FCR C,10,299.44400317687325,307.44400317687325,331.803812549443,0.014267186168581247,0.014267186168581247,none,30.0,55,3,monophasic
Burst_autosave_20260717_162022_520ms,Flex. carpi rad. (L),L_The_ED_FD_FCR D,1,0.0,8.0,32.35980937256977,,,none,30.0,10,3,monophasic
Burst_autosave_20260717_162022_520ms,Flex. carpi rad. (L),L_The_ED_FD_FCR D,2,33.35980937256977,41.35980937256977,64.92533756885643,,,none,30.0,10,3,monophasic
Burst_autosave_20260717_162022_520ms,Flex. carpi rad. (L),L_The_ED_FD_FCR D,3,65.92533756885643,73.92533756885643,99.07942811772352,,,none,30.0,10,3,monophasic
Burst_autosave_20260717_162022_520ms,Flex. carpi rad. (L),L_The_ED_FD_FCR D,4,100.07942811772352,108.07942811772352,132.4392374902933,,,none,30.0,10,3,monophasic
Burst_autosave_20260717_162022_520ms,Flex. carpi rad. (L),L_The_ED_FD_FCR D,5,133.4392374902933,141.4392374902933,165.79904686193936,,,none,30.0,10,3,monophasic
Burst_autosave_20260717_162022_520ms,Flex. carpi rad. (L),L_The_ED_FD_FCR D,6,166.79904686193936,174.79904686193936,198.36457505914973,,,none,30.0,10,3,monophasic
Burst_autosave_20260717_162022_520ms,Flex. carpi rad. (L),L_The_ED_FD_FCR D,7,199.36457505914973,207.36457505914973,231.7243844317195,,,none,30.0,10,3,monophasic
Burst_autosave_20260717_162022_520ms,Flex. carpi rad. (L),L_The_ED_FD_FCR D,8,232.7243844317195,240.7243844317195,265.0841938043035,,,none,30.0,10,3,monophasic
Burst_autosave_20260717_162022_520ms,Flex. carpi rad. (L),L_The_ED_FD_FCR D,9,266.0841938043035,274.0841938043035,298.44400317687325,,,none,30.0,10,3,monophasic
Burst_autosave_20260717_162022_520ms,Flex. carpi rad. (L),L_The_ED_FD_FCR D,10,299.44400317687325,307.44400317687325,331.803812549443,,,none,30.0,10,3,monophasic
Burst_autosave_20260717_162022_520ms,Flex. carpi rad. (L),L_The_ED_FD_FCR D,1,0.0,8.0,32.35980937256977,,,none,30.0,15,3,monophasic
Burst_autosave_20260717_162022_520ms,Flex. carpi rad. (L),L_The_ED_FD_FCR D,2,33.35980937256977,41.35980937256977,64.92533756885643,,,none,30.0,15,3,monophasic
Burst_autosave_20260717_162022_520ms,Flex. carpi rad. (L),L_The_ED_FD_FCR D,3,65.92533756885643,73.92533756885643,99.07942811772352,,,none,30.0,15,3,monophasic
Burst_autosave_20260717_162022_520ms,Flex. carpi rad. (L),L_The_ED_FD_FCR D,4,100.07942811772352,108.07942811772352,132.4392374902933,,,none,30.0,15,3,monophasic
Burst_autosave_20260717_162022_520ms,Flex. carpi rad. (L),L_The_ED_FD_FCR D,5,133.4392374902933,141.4392374902933,165.79904686193936,,,none,30.0,15,3,monophasic
Burst_autosave_20260717_162022_520ms,Flex. carpi rad. (L),L_The_ED_FD_FCR D,6,166.79904686193936,174.79904686193936,198.36457505914973,,,none,30.0,15,3,monophasic
Burst_autosave_20260717_162022_520ms,Flex. carpi rad. (L),L_The_ED_FD_FCR D,7,199.36457505914973,207.36457505914973,231.7243844317195,,,none,30.0,15,3,monophasic
Burst_autosave_20260717_162022_520ms,Flex. carpi rad. (L),L_The_ED_FD_FCR D,8,232.7243844317195,240.7243844317195,265.0841938043035,,,none,30.0,15,3,monophasic
Burst_autosave_20260717_162022_520ms,Flex. carpi rad. (L),L_The_ED_FD_FCR D,9,266.0841938043035,274.0841938043035,298.44400317687325,,,none,30.0,15,3,monophasic
Burst_autosave_20260717_162022_520ms,Flex. carpi rad. (L),L_The_ED_FD_FCR D,10,299.44400317687325,307.44400317687325,331.803812549443,,,none,30.0,15,3,monophasic
Burst_autosave_20260717_162022_520ms,Flex. carpi rad. (L),L_The_ED_FD_FCR D,1,0.0,8.0,32.35980937256977,,,none,30.0,20,3,monophasic
Burst_autosave_20260717_162022_520ms,Flex. carpi rad. (L),L_The_ED_FD_FCR D,2,33.35980937256977,41.35980937256977,64.92533756885643,,,none,30.0,20,3,monophasic
Burst_autosave_20260717_162022_520ms,Flex. carpi rad. (L),L_The_ED_FD_FCR D,3,65.92533756885643,73.92533756885643,99.07942811772352,,,none,30.0,20,3,monophasic
Burst_autosave_20260717_162022_520ms,Flex. carpi rad. (L),L_The_ED_FD_FCR D,4,100.07942811772352,108.07942811772352,132.4392374902933,,,none,30.0,20,3,monophasic
Burst_autosave_20260717_162022_520ms,Flex. carpi rad. (L),L_The_ED_FD_FCR D,5,133.4392374902933,141.4392374902933,165.79904686193936,,,none,30.0,20,3,monophasic
Burst_autosave_20260717_162022_520ms,Flex. carpi rad. (L),L_The_ED_FD_FCR D,6,166.79904686193936,174.79904686193936,198.36457505914973,,,none,30.0,20,3,monophasic
Burst_autosave_20260717_162022_520ms,Flex. carpi rad. (L),L_The_ED_FD_FCR D,7,199.36457505914973,207.36457505914973,231.7243844317195,,,none,30.0,20,3,monophasic
Burst_autosave_20260717_162022_520ms,Flex. carpi rad. (L),L_The_ED_FD_FCR D,8,232.7243844317195,240.7243844317195,265.0841938043035,,,none,30.0,20,3,monophasic
Burst_autosave_20260717_162022_520ms,Flex. carpi rad. (L),L_The_ED_FD_FCR D,9,266.0841938043035,274.0841938043035,298.44400317687325,,,none,30.0,20,3,monophasic
Burst_autosave_20260717_162022_520ms,Flex. carpi rad. (L),L_The_ED_FD_FCR D,10,299.44400317687325,307.44400317687325,331.803812549443,,,none,30.0,20,3,monophasic
Burst_autosave_20260717_162022_520ms,Flex. carpi rad. (L),L_The_ED_FD_FCR D,1,0.0,8.0,32.35980937256977,,,none,30.0,25,3,monophasic
Burst_autosave_20260717_162022_520ms,Flex. carpi rad. (L),L_The_ED_FD_FCR D,2,33.35980937256977,41.35980937256977,64.92533756885643,,,none,30.0,25,3,monophasic
Burst_autosave_20260717_162022_520ms,Flex. carpi rad. (L),L_The_ED_FD_FCR D,3,65.92533756885643,73.92533756885643,99.07942811772352,,,none,30.0,25,3,monophasic
Burst_autosave_20260717_162022_520ms,Flex. carpi rad. (L),L_The_ED_FD_FCR D,4,100.07942811772352,108.07942811772352,132.4392374902933,,,none,30.0,25,3,monophasic
Burst_autosave_20260717_162022_520ms,Flex. carpi rad. (L),L_The_ED_FD_FCR D,5,133.4392374902933,141.4392374902933,165.79904686193936,,,none,30.0,25,3,monophasic
Burst_autosave_20260717_162022_520ms,Flex. carpi rad. (L),L_The_ED_FD_FCR D,6,166.79904686193936,174.79904686193936,198.36457505914973,,,none,30.0,25,3,monophasic
Burst_autosave_20260717_162022_520ms,Flex. carpi rad. (L),L_The_ED_FD_FCR D,7,199.36457505914973,207.36457505914973,231.7243844317195,,,none,30.0,25,3,monophasic
Burst_autosave_20260717_162022_520ms,Flex. carpi rad. (L),L_The_ED_FD_FCR D,8,232.7243844317195,240.7243844317195,265.0841938043035,,,none,30.0,25,3,monophasic
Burst_autosave_20260717_162022_520ms,Flex. carpi rad. (L),L_The_ED_FD_FCR D,9,266.0841938043035,274.0841938043035,298.44400317687325,,,none,30.0,25,3,monophasic
Burst_autosave_20260717_162022_520ms,Flex. carpi rad. (L),L_The_ED_FD_FCR D,10,299.44400317687325,307.44400317687325,331.803812549443,,,none,30.0,25,3,monophasic
Burst_autosave_20260717_162022_520ms,Flex. carpi rad. (L),L_The_ED_FD_FCR D,1,0.0,8.0,32.35980937256977,,,none,30.0,30,3,monophasic
Burst_autosave_20260717_162022_520ms,Flex. carpi rad. (L),L_The_ED_FD_FCR D,2,33.35980937256977,41.35980937256977,64.92533756885643,,,none,30.0,30,3,monophasic
Burst_autosave_20260717_162022_520ms,Flex. carpi rad. (L),L_The_ED_FD_FCR D,3,65.92533756885643,73.92533756885643,99.07942811772352,,,none,30.0,30,3,monophasic
Burst_autosave_20260717_162022_520ms,Flex. carpi rad. (L),L_The_ED_FD_FCR D,4,100.07942811772352,108.07942811772352,132.4392374902933,,,none,30.0,30,3,monophasic
Burst_autosave_20260717_162022_520ms,Flex. carpi rad. (L),L_The_ED_FD_FCR D,5,133.4392374902933,141.4392374902933,165.79904686193936,,,none,30.0,30,3,monophasic
Burst_autosave_20260717_162022_520ms,Flex. carpi rad. (L),L_The_ED_FD_FCR D,6,166.79904686193936,174.79904686193936,198.36457505914973,,,none,30.0,30,3,monophasic
Burst_autosave_20260717_162022_520ms,Flex. carpi rad. (L),L_The_ED_FD_FCR D,7,199.36457505914973,207.36457505914973,231.7243844317195,,,none,30.0,30,3,monophasic
Burst_autosave_20260717_162022_520ms,Flex. carpi rad. (L),L_The_ED_FD_FCR D,8,232.7243844317195,240.7243844317195,265.0841938043035,,,none,30.0,30,3,monophasic
Burst_autosave_20260717_162022_520ms,Flex. carpi rad. (L),L_The_ED_FD_FCR D,9,266.0841938043035,274.0841938043035,298.44400317687325,,,none,30.0,30,3,monophasic
Burst_autosave_20260717_162022_520ms,Flex. carpi rad. (L),L_The_ED_FD_FCR D,10,299.44400317687325,307.44400317687325,331.803812549443,,,none,30.0,30,3,monophasic
Burst_autosave_20260717_162022_520ms,Flex. carpi rad. (L),L_The_ED_FD_FCR D,1,0.0,8.0,32.35980937256977,,,none,30.0,35,3,monophasic
Burst_autosave_20260717_162022_520ms,Flex. carpi rad. (L),L_The_ED_FD_FCR D,2,33.35980937256977,41.35980937256977,64.92533756885643,,,none,30.0,35,3,monophasic
Burst_autosave_20260717_162022_520ms,Flex. carpi rad. (L),L_The_ED_FD_FCR D,3,65.92533756885643,73.92533756885643,99.07942811772352,,,none,30.0,35,3,monophasic
Burst_autosave_20260717_162022_520ms,Flex. carpi rad. (L),L_The_ED_FD_FCR D,4,100.07942811772352,108.07942811772352,132.4392374902933,,,none,30.0,35,3,monophasic
Burst_autosave_20260717_162022_520ms,Flex. carpi rad. (L),L_The_ED_FD_FCR D,5,133.4392374902933,141.4392374902933,165.79904686193936,,,none,30.0,35,3,monophasic
Burst_autosave_20260717_162022_520ms,Flex. carpi rad. (L),L_The_ED_FD_FCR D,6,166.79904686193936,174.79904686193936,198.36457505914973,,,none,30.0,35,3,monophasic
Burst_autosave_20260717_162022_520ms,Flex. carpi rad. (L),L_The_ED_FD_FCR D,7,199.36457505914973,207.36457505914973,231.7243844317195,,,none,30.0,35,3,monophasic
Burst_autosave_20260717_162022_520ms,Flex. carpi rad. (L),L_The_ED_FD_FCR D,8,232.7243844317195,240.7243844317195,265.0841938043035,,,none,30.0,35,3,monophasic
Burst_autosave_20260717_162022_520ms,Flex. carpi rad. (L),L_The_ED_FD_FCR D,9,266.0841938043035,274.0841938043035,298.44400317687325,,,none,30.0,35,3,monophasic
Burst_autosave_20260717_162022_520ms,Flex. carpi rad. (L),L_The_ED_FD_FCR D,10,299.44400317687325,307.44400317687325,331.803812549443,,,none,30.0,35,3,monophasic
Burst_autosave_20260717_162022_520ms,Flex. carpi rad. (L),L_The_ED_FD_FCR D,1,0.0,8.0,32.35980937256977,,,none,30.0,40,3,monophasic
Burst_autosave_20260717_162022_520ms,Flex. carpi rad. (L),L_The_ED_FD_FCR D,2,33.35980937256977,41.35980937256977,64.92533756885643,,,none,30.0,40,3,monophasic
Burst_autosave_20260717_162022_520ms,Flex. carpi rad. (L),L_The_ED_FD_FCR D,3,65.92533756885643,73.92533756885643,99.07942811772352,,,none,30.0,40,3,monophasic
Burst_autosave_20260717_162022_520ms,Flex. carpi rad. (L),L_The_ED_FD_FCR D,4,100.07942811772352,108.07942811772352,132.4392374902933,,,none,30.0,40,3,monophasic
Burst_autosave_20260717_162022_520ms,Flex. carpi rad. (L),L_The_ED_FD_FCR D,5,133.4392374902933,141.4392374902933,165.79904686193936,,,none,30.0,40,3,monophasic
Burst_autosave_20260717_162022_520ms,Flex. carpi rad. (L),L_The_ED_FD_FCR D,6,166.79904686193936,174.79904686193936,198.36457505914973,,,none,30.0,40,3,monophasic
Burst_autosave_20260717_162022_520ms,Flex. carpi rad. (L),L_The_ED_FD_FCR D,7,199.36457505914973,207.36457505914973,231.7243844317195,,,none,30.0,40,3,monophasic
Burst_autosave_20260717_162022_520ms,Flex. carpi rad. (L),L_The_ED_FD_FCR D,8,232.7243844317195,240.7243844317195,265.0841938043035,,,none,30.0,40,3,monophasic
Burst_autosave_20260717_162022_520ms,Flex. carpi rad. (L),L_The_ED_FD_FCR D,9,266.0841938043035,274.0841938043035,298.44400317687325,,,none,30.0,40,3,monophasic
Burst_autosave_20260717_162022_520ms,Flex. carpi rad. (L),L_The_ED_FD_FCR D,10,299.44400317687325,307.44400317687325,331.803812549443,,,none,30.0,40,3,monophasic
Burst_autosave_20260717_162022_520ms,Flex. carpi rad. (L),L_The_ED_FD_FCR D,1,0.0,8.0,32.35980937256977,0.028198671527206898,0.028198671527206898,none,30.0,45,3,monophasic
Burst_autosave_20260717_162022_520ms,Flex. carpi rad. (L),L_The_ED_FD_FCR D,2,33.35980937256977,41.35980937256977,64.92533756885643,0.006546120624989271,0.006546120624989271,none,30.0,45,3,monophasic
Burst_autosave_20260717_162022_520ms,Flex. carpi rad. (L),L_The_ED_FD_FCR D,3,65.92533756885643,73.92533756885643,99.07942811772352,0.004196231020614505,0.004196231020614505,none,30.0,45,3,monophasic
Burst_autosave_20260717_162022_520ms,Flex. carpi rad. (L),L_The_ED_FD_FCR D,4,100.07942811772352,108.07942811772352,132.4392374902933,0.02400244167074561,0.02400244167074561,none,30.0,45,3,monophasic
Burst_autosave_20260717_162022_520ms,Flex. carpi rad. (L),L_The_ED_FD_FCR D,5,133.4392374902933,141.4392374902933,165.79904686193936,0.00570687442086637,0.00570687442086637,none,30.0,45,3,monophasic
Burst_autosave_20260717_162022_520ms,Flex. carpi rad. (L),L_The_ED_FD_FCR D,6,166.79904686193936,174.79904686193936,198.36457505914973,0.0065461203921586275,0.0065461203921586275,none,30.0,45,3,monophasic
Burst_autosave_20260717_162022_520ms,Flex. carpi rad. (L),L_The_ED_FD_FCR D,7,199.36457505914973,207.36457505914973,231.7243844317195,0.007385366829112172,0.007385366829112172,none,30.0,45,3,monophasic
Burst_autosave_20260717_162022_520ms,Flex. carpi rad. (L),L_The_ED_FD_FCR D,8,232.7243844317195,240.7243844317195,265.0841938043035,0.0278629744425416,0.0278629744425416,none,30.0,45,3,monophasic
Burst_autosave_20260717_162022_520ms,Flex. carpi rad. (L),L_The_ED_FD_FCR D,9,266.0841938043035,274.0841938043035,298.44400317687325,0.01174944662488997,0.01174944662488997,none,30.0,45,3,monophasic
Burst_autosave_20260717_162022_520ms,Flex. carpi rad. (L),L_The_ED_FD_FCR D,10,299.44400317687325,307.44400317687325,331.803812549443,0.0077210653107613325,0.0077210653107613325,none,30.0,45,3,monophasic
Burst_autosave_20260717_162022_520ms,Flex. carpi rad. (L),L_The_ED_FD_FCR D,1,0.0,8.0,32.35980937256977,0.026855877600610256,0.026855877600610256,none,30.0,50,3,monophasic
Burst_autosave_20260717_162022_520ms,Flex. carpi rad. (L),L_The_ED_FD_FCR D,2,33.35980937256977,41.35980937256977,64.92533756885643,0.02719157747924328,0.02719157747924328,none,30.0,50,3,monophasic
Burst_autosave_20260717_162022_520ms,Flex. carpi rad. (L),L_The_ED_FD_FCR D,3,65.92533756885643,73.92533756885643,99.07942811772352,0.028366521932184696,0.028366521932184696,none,30.0,50,3,monophasic
Burst_autosave_20260717_162022_520ms,Flex. carpi rad. (L),L_The_ED_FD_FCR D,4,100.07942811772352,108.07942811772352,132.4392374902933,0.02803082298487425,0.02803082298487425,none,30.0,50,3,monophasic
Burst_autosave_20260717_162022_520ms,Flex. carpi rad. (L),L_The_ED_FD_FCR D,5,133.4392374902933,141.4392374902933,165.79904686193936,0.008728160755708814,0.008728160755708814,none,30.0,50,3,monophasic
Burst_autosave_20260717_162022_520ms,Flex. carpi rad. (L),L_The_ED_FD_FCR D,6,166.79904686193936,174.79904686193936,198.36457505914973,0.02685587853193283,0.02685587853193283,none,30.0,50,3,monophasic
Burst_autosave_20260717_162022_520ms,Flex. carpi rad. (L),L_The_ED_FD_FCR D,7,199.36457505914973,207.36457505914973,231.7243844317195,0.025848782621324062,0.025848782621324062,none,30.0,50,3,monophasic
Burst_autosave_20260717_162022_520ms,Flex. carpi rad. (L),L_The_ED_FD_FCR D,8,232.7243844317195,240.7243844317195,265.0841938043035,0.006713969865813851,0.006713969865813851,none,30.0,50,3,monophasic
Burst_autosave_20260717_162022_520ms,Flex. carpi rad. (L),L_The_ED_FD_FCR D,9,266.0841938043035,274.0841938043035,298.44400317687325,0.02685587853193283,0.02685587853193283,none,30.0,50,3,monophasic
Burst_autosave_20260717_162022_520ms,Flex. carpi rad. (L),L_The_ED_FD_FCR D,10,299.44400317687325,307.44400317687325,331.803812549443,0.03692683205008507,0.03692683205008507,none,30.0,50,3,monophasic
Burst_autosave_20260717_162022_520ms,Flex. carpi rad. (L),L_The_ED_FD_FCR D,1,0.0,8.0,32.35980937256977,0.0322270542383194,0.0322270542383194,none,30.0,55,3,monophasic
Burst_autosave_20260717_162022_520ms,Flex. carpi rad. (L),L_The_ED_FD_FCR D,2,33.35980937256977,41.35980937256977,64.92533756885643,0.03189135529100895,0.03189135529100895,none,30.0,55,3,monophasic
Burst_autosave_20260717_162022_520ms,Flex. carpi rad. (L),L_The_ED_FD_FCR D,3,65.92533756885643,73.92533756885643,99.07942811772352,0.02920576836913824,0.02920576836913824,none,30.0,55,3,monophasic
Burst_autosave_20260717_162022_520ms,Flex. carpi rad. (L),L_The_ED_FD_FCR D,4,100.07942811772352,108.07942811772352,132.4392374902933,0.026855877600610256,0.026855877600610256,none,30.0,55,3,monophasic
Burst_autosave_20260717_162022_520ms,Flex. carpi rad. (L),L_The_ED_FD_FCR D,5,133.4392374902933,141.4392374902933,165.79904686193936,0.028198671527206898,0.028198671527206898,none,30.0,55,3,monophasic
Burst_autosave_20260717_162022_520ms,Flex. carpi rad. (L),L_The_ED_FD_FCR D,6,166.79904686193936,174.79904686193936,198.36457505914973,0.038773175328969955,0.038773175328969955,none,30.0,55,3,monophasic
Burst_autosave_20260717_162022_520ms,Flex. carpi rad. (L),L_The_ED_FD_FCR D,7,199.36457505914973,207.36457505914973,231.7243844317195,0.03105210978537798,0.03105210978537798,none,30.0,55,3,monophasic
Burst_autosave_20260717_162022_520ms,Flex. carpi rad. (L),L_The_ED_FD_FCR D,8,232.7243844317195,240.7243844317195,265.0841938043035,0.024841686710715294,0.024841686710715294,none,30.0,55,3,monophasic
Burst_autosave_20260717_162022_520ms,Flex. carpi rad. (L),L_The_ED_FD_FCR D,9,266.0841938043035,274.0841938043035,298.44400317687325,0.041962308809161186,0.041962308809161186,none,30.0,55,3,monophasic
Burst_autosave_20260717_162022_520ms,Flex. carpi rad. (L),L_The_ED_FD_FCR D,10,299.44400317687325,307.44400317687325,331.803812549443,0.033401998691260815,0.033401998691260815,none,30.0,55,3,monophasic
Burst_autosave_20260717_162022_520ms,Deltoid med. (R),R_DELmed,1,0.0,8.0,32.35980937256977,,,none,30.0,10,3,monophasic
Burst_autosave_20260717_162022_520ms,Deltoid med. (R),R_DELmed,2,33.35980937256977,41.35980937256977,64.92533756885643,,,none,30.0,10,3,monophasic
Burst_autosave_20260717_162022_520ms,Deltoid med. (R),R_DELmed,3,65.92533756885643,73.92533756885643,99.07942811772352,,,none,30.0,10,3,monophasic
Burst_autosave_20260717_162022_520ms,Deltoid med. (R),R_DELmed,4,100.07942811772352,108.07942811772352,132.4392374902933,,,none,30.0,10,3,monophasic
Burst_autosave_20260717_162022_520ms,Deltoid med. (R),R_DELmed,5,133.4392374902933,141.4392374902933,165.79904686193936,,,none,30.0,10,3,monophasic
Burst_autosave_20260717_162022_520ms,Deltoid med. (R),R_DELmed,6,166.79904686193936,174.79904686193936,198.36457505914973,,,none,30.0,10,3,monophasic
Burst_autosave_20260717_162022_520ms,Deltoid med. (R),R_DELmed,7,199.36457505914973,207.36457505914973,231.7243844317195,,,none,30.0,10,3,monophasic
Burst_autosave_20260717_162022_520ms,Deltoid med. (R),R_DELmed,8,232.7243844317195,240.7243844317195,265.0841938043035,,,none,30.0,10,3,monophasic
Burst_autosave_20260717_162022_520ms,Deltoid med. (R),R_DELmed,9,266.0841938043035,274.0841938043035,298.44400317687325,,,none,30.0,10,3,monophasic
Burst_autosave_20260717_162022_520ms,Deltoid med. (R),R_DELmed,10,299.44400317687325,307.44400317687325,331.803812549443,,,none,30.0,10,3,monophasic
Burst_autosave_20260717_162022_520ms,Deltoid med. (R),R_DELmed,1,0.0,8.0,32.35980937256977,,,none,30.0,15,3,monophasic
Burst_autosave_20260717_162022_520ms,Deltoid med. (R),R_DELmed,2,33.35980937256977,41.35980937256977,64.92533756885643,,,none,30.0,15,3,monophasic
Burst_autosave_20260717_162022_520ms,Deltoid med. (R),R_DELmed,3,65.92533756885643,73.92533756885643,99.07942811772352,,,none,30.0,15,3,monophasic
Burst_autosave_20260717_162022_520ms,Deltoid med. (R),R_DELmed,4,100.07942811772352,108.07942811772352,132.4392374902933,,,none,30.0,15,3,monophasic
Burst_autosave_20260717_162022_520ms,Deltoid med. (R),R_DELmed,5,133.4392374902933,141.4392374902933,165.79904686193936,,,none,30.0,15,3,monophasic
Burst_autosave_20260717_162022_520ms,Deltoid med. (R),R_DELmed,6,166.79904686193936,174.79904686193936,198.36457505914973,,,none,30.0,15,3,monophasic
Burst_autosave_20260717_162022_520ms,Deltoid med. (R),R_DELmed,7,199.36457505914973,207.36457505914973,231.7243844317195,,,none,30.0,15,3,monophasic
Burst_autosave_20260717_162022_520ms,Deltoid med. (R),R_DELmed,8,232.7243844317195,240.7243844317195,265.0841938043035,,,none,30.0,15,3,monophasic
Burst_autosave_20260717_162022_520ms,Deltoid med. (R),R_DELmed,9,266.0841938043035,274.0841938043035,298.44400317687325,,,none,30.0,15,3,monophasic
Burst_autosave_20260717_162022_520ms,Deltoid med. (R),R_DELmed,10,299.44400317687325,307.44400317687325,331.803812549443,,,none,30.0,15,3,monophasic
Burst_autosave_20260717_162022_520ms,Deltoid med. (R),R_DELmed,1,0.0,8.0,32.35980937256977,,,none,30.0,20,3,monophasic
Burst_autosave_20260717_162022_520ms,Deltoid med. (R),R_DELmed,2,33.35980937256977,41.35980937256977,64.92533756885643,,,none,30.0,20,3,monophasic
Burst_autosave_20260717_162022_520ms,Deltoid med. (R),R_DELmed,3,65.92533756885643,73.92533756885643,99.07942811772352,,,none,30.0,20,3,monophasic
Burst_autosave_20260717_162022_520ms,Deltoid med. (R),R_DELmed,4,100.07942811772352,108.07942811772352,132.4392374902933,,,none,30.0,20,3,monophasic
Burst_autosave_20260717_162022_520ms,Deltoid med. (R),R_DELmed,5,133.4392374902933,141.4392374902933,165.79904686193936,,,none,30.0,20,3,monophasic
Burst_autosave_20260717_162022_520ms,Deltoid med. (R),R_DELmed,6,166.79904686193936,174.79904686193936,198.36457505914973,,,none,30.0,20,3,monophasic
Burst_autosave_20260717_162022_520ms,Deltoid med. (R),R_DELmed,7,199.36457505914973,207.36457505914973,231.7243844317195,,,none,30.0,20,3,monophasic
Burst_autosave_20260717_162022_520ms,Deltoid med. (R),R_DELmed,8,232.7243844317195,240.7243844317195,265.0841938043035,,,none,30.0,20,3,monophasic
Burst_autosave_20260717_162022_520ms,Deltoid med. (R),R_DELmed,9,266.0841938043035,274.0841938043035,298.44400317687325,,,none,30.0,20,3,monophasic
Burst_autosave_20260717_162022_520ms,Deltoid med. (R),R_DELmed,10,299.44400317687325,307.44400317687325,331.803812549443,,,none,30.0,20,3,monophasic
Burst_autosave_20260717_162022_520ms,Deltoid med. (R),R_DELmed,1,0.0,8.0,32.35980937256977,,,none,30.0,25,3,monophasic
Burst_autosave_20260717_162022_520ms,Deltoid med. (R),R_DELmed,2,33.35980937256977,41.35980937256977,64.92533756885643,,,none,30.0,25,3,monophasic
Burst_autosave_20260717_162022_520ms,Deltoid med. (R),R_DELmed,3,65.92533756885643,73.92533756885643,99.07942811772352,,,none,30.0,25,3,monophasic
Burst_autosave_20260717_162022_520ms,Deltoid med. (R),R_DELmed,4,100.07942811772352,108.07942811772352,132.4392374902933,,,none,30.0,25,3,monophasic
Burst_autosave_20260717_162022_520ms,Deltoid med. (R),R_DELmed,5,133.4392374902933,141.4392374902933,165.79904686193936,,,none,30.0,25,3,monophasic
Burst_autosave_20260717_162022_520ms,Deltoid med. (R),R_DELmed,6,166.79904686193936,174.79904686193936,198.36457505914973,,,none,30.0,25,3,monophasic
Burst_autosave_20260717_162022_520ms,Deltoid med. (R),R_DELmed,7,199.36457505914973,207.36457505914973,231.7243844317195,,,none,30.0,25,3,monophasic
Burst_autosave_20260717_162022_520ms,Deltoid med. (R),R_DELmed,8,232.7243844317195,240.7243844317195,265.0841938043035,,,none,30.0,25,3,monophasic
Burst_autosave_20260717_162022_520ms,Deltoid med. (R),R_DELmed,9,266.0841938043035,274.0841938043035,298.44400317687325,,,none,30.0,25,3,monophasic
Burst_autosave_20260717_162022_520ms,Deltoid med. (R),R_DELmed,10,299.44400317687325,307.44400317687325,331.803812549443,,,none,30.0,25,3,monophasic
Burst_autosave_20260717_162022_520ms,Deltoid med. (R),R_DELmed,1,0.0,8.0,32.35980937256977,,,none,30.0,30,3,monophasic
Burst_autosave_20260717_162022_520ms,Deltoid med. (R),R_DELmed,2,33.35980937256977,41.35980937256977,64.92533756885643,,,none,30.0,30,3,monophasic
Burst_autosave_20260717_162022_520ms,Deltoid med. (R),R_DELmed,3,65.92533756885643,73.92533756885643,99.07942811772352,,,none,30.0,30,3,monophasic
Burst_autosave_20260717_162022_520ms,Deltoid med. (R),R_DELmed,4,100.07942811772352,108.07942811772352,132.4392374902933,,,none,30.0,30,3,monophasic
Burst_autosave_20260717_162022_520ms,Deltoid med. (R),R_DELmed,5,133.4392374902933,141.4392374902933,165.79904686193936,,,none,30.0,30,3,monophasic
Burst_autosave_20260717_162022_520ms,Deltoid med. (R),R_DELmed,6,166.79904686193936,174.79904686193936,198.36457505914973,,,none,30.0,30,3,monophasic
Burst_autosave_20260717_162022_520ms,Deltoid med. (R),R_DELmed,7,199.36457505914973,207.36457505914973,231.7243844317195,,,none,30.0,30,3,monophasic
Burst_autosave_20260717_162022_520ms,Deltoid med. (R),R_DELmed,8,232.7243844317195,240.7243844317195,265.0841938043035,,,none,30.0,30,3,monophasic
Burst_autosave_20260717_162022_520ms,Deltoid med. (R),R_DELmed,9,266.0841938043035,274.0841938043035,298.44400317687325,,,none,30.0,30,3,monophasic
Burst_autosave_20260717_162022_520ms,Deltoid med. (R),R_DELmed,10,299.44400317687325,307.44400317687325,331.803812549443,,,none,30.0,30,3,monophasic
Burst_autosave_20260717_162022_520ms,Deltoid med. (R),R_DELmed,1,0.0,8.0,32.35980937256977,,,none,30.0,35,3,monophasic
Burst_autosave_20260717_162022_520ms,Deltoid med. (R),R_DELmed,2,33.35980937256977,41.35980937256977,64.92533756885643,,,none,30.0,35,3,monophasic
Burst_autosave_20260717_162022_520ms,Deltoid med. (R),R_DELmed,3,65.92533756885643,73.92533756885643,99.07942811772352,,,none,30.0,35,3,monophasic
Burst_autosave_20260717_162022_520ms,Deltoid med. (R),R_DELmed,4,100.07942811772352,108.07942811772352,132.4392374902933,,,none,30.0,35,3,monophasic
Burst_autosave_20260717_162022_520ms,Deltoid med. (R),R_DELmed,5,133.4392374902933,141.4392374902933,165.79904686193936,,,none,30.0,35,3,monophasic
Burst_autosave_20260717_162022_520ms,Deltoid med. (R),R_DELmed,6,166.79904686193936,174.79904686193936,198.36457505914973,,,none,30.0,35,3,monophasic
Burst_autosave_20260717_162022_520ms,Deltoid med. (R),R_DELmed,7,199.36457505914973,207.36457505914973,231.7243844317195,,,none,30.0,35,3,monophasic
Burst_autosave_20260717_162022_520ms,Deltoid med. (R),R_DELmed,8,232.7243844317195,240.7243844317195,265.0841938043035,,,none,30.0,35,3,monophasic
Burst_autosave_20260717_162022_520ms,Deltoid med. (R),R_DELmed,9,266.0841938043035,274.0841938043035,298.44400317687325,,,none,30.0,35,3,monophasic
Burst_autosave_20260717_162022_520ms,Deltoid med. (R),R_DELmed,10,299.44400317687325,307.44400317687325,331.803812549443,,,none,30.0,35,3,monophasic
Burst_autosave_20260717_162022_520ms,Deltoid med. (R),R_DELmed,1,0.0,8.0,32.35980937256977,,,none,30.0,40,3,monophasic
Burst_autosave_20260717_162022_520ms,Deltoid med. (R),R_DELmed,2,33.35980937256977,41.35980937256977,64.92533756885643,,,none,30.0,40,3,monophasic
Burst_autosave_20260717_162022_520ms,Deltoid med. (R),R_DELmed,3,65.92533756885643,73.92533756885643,99.07942811772352,,,none,30.0,40,3,monophasic
Burst_autosave_20260717_162022_520ms,Deltoid med. (R),R_DELmed,4,100.07942811772352,108.07942811772352,132.4392374902933,,,none,30.0,40,3,monophasic
Burst_autosave_20260717_162022_520ms,Deltoid med. (R),R_DELmed,5,133.4392374902933,141.4392374902933,165.79904686193936,,,none,30.0,40,3,monophasic
Burst_autosave_20260717_162022_520ms,Deltoid med. (R),R_DELmed,6,166.79904686193936,174.79904686193936,198.36457505914973,,,none,30.0,40,3,monophasic
Burst_autosave_20260717_162022_520ms,Deltoid med. (R),R_DELmed,7,199.36457505914973,207.36457505914973,231.7243844317195,,,none,30.0,40,3,monophasic
Burst_autosave_20260717_162022_520ms,Deltoid med. (R),R_DELmed,8,232.7243844317195,240.7243844317195,265.0841938043035,,,none,30.0,40,3,monophasic
Burst_autosave_20260717_162022_520ms,Deltoid med. (R),R_DELmed,9,266.0841938043035,274.0841938043035,298.44400317687325,,,none,30.0,40,3,monophasic
Burst_autosave_20260717_162022_520ms,Deltoid med. (R),R_DELmed,10,299.44400317687325,307.44400317687325,331.803812549443,,,none,30.0,40,3,monophasic
Burst_autosave_20260717_162022_520ms,Deltoid med. (R),R_DELmed,1,0.0,8.0,32.35980937256977,,,none,30.0,45,3,monophasic
Burst_autosave_20260717_162022_520ms,Deltoid med. (R),R_DELmed,2,33.35980937256977,41.35980937256977,64.92533756885643,,,none,30.0,45,3,monophasic
Burst_autosave_20260717_162022_520ms,Deltoid med. (R),R_DELmed,3,65.92533756885643,73.92533756885643,99.07942811772352,,,none,30.0,45,3,monophasic
Burst_autosave_20260717_162022_520ms,Deltoid med. (R),R_DELmed,4,100.07942811772352,108.07942811772352,132.4392374902933,,,none,30.0,45,3,monophasic
Burst_autosave_20260717_162022_520ms,Deltoid med. (R),R_DELmed,5,133.4392374902933,141.4392374902933,165.79904686193936,,,none,30.0,45,3,monophasic
Burst_autosave_20260717_162022_520ms,Deltoid med. (R),R_DELmed,6,166.79904686193936,174.79904686193936,198.36457505914973,,,none,30.0,45,3,monophasic
Burst_autosave_20260717_162022_520ms,Deltoid med. (R),R_DELmed,7,199.36457505914973,207.36457505914973,231.7243844317195,,,none,30.0,45,3,monophasic
Burst_autosave_20260717_162022_520ms,Deltoid med. (R),R_DELmed,8,232.7243844317195,240.7243844317195,265.0841938043035,,,none,30.0,45,3,monophasic
Burst_autosave_20260717_162022_520ms,Deltoid med. (R),R_DELmed,9,266.0841938043035,274.0841938043035,298.44400317687325,,,none,30.0,45,3,monophasic
Burst_autosave_20260717_162022_520ms,Deltoid med. (R),R_DELmed,10,299.44400317687325,307.44400317687325,331.803812549443,,,none,30.0,45,3,monophasic
Burst_autosave_20260717_162022_520ms,Deltoid med. (R),R_DELmed,1,0.0,8.0,32.35980937256977,,,none,30.0,50,3,monophasic
Burst_autosave_20260717_162022_520ms,Deltoid med. (R),R_DELmed,2,33.35980937256977,41.35980937256977,64.92533756885643,,,none,30.0,50,3,monophasic
Burst_autosave_20260717_162022_520ms,Deltoid med. (R),R_DELmed,3,65.92533756885643,73.92533756885643,99.07942811772352,,,none,30.0,50,3,monophasic
Burst_autosave_20260717_162022_520ms,Deltoid med. (R),R_DELmed,4,100.07942811772352,108.07942811772352,132.4392374902933,,,none,30.0,50,3,monophasic
Burst_autosave_20260717_162022_520ms,Deltoid med. (R),R_DELmed,5,133.4392374902933,141.4392374902933,165.79904686193936,,,none,30.0,50,3,monophasic
Burst_autosave_20260717_162022_520ms,Deltoid med. (R),R_DELmed,6,166.79904686193936,174.79904686193936,198.36457505914973,,,none,30.0,50,3,monophasic
Burst_autosave_20260717_162022_520ms,Deltoid med. (R),R_DELmed,7,199.36457505914973,207.36457505914973,231.7243844317195,,,none,30.0,50,3,monophasic
Burst_autosave_20260717_162022_520ms,Deltoid med. (R),R_DELmed,8,232.7243844317195,240.7243844317195,265.0841938043035,,,none,30.0,50,3,monophasic
Burst_autosave_20260717_162022_520ms,Deltoid med. (R),R_DELmed,9,266.0841938043035,274.0841938043035,298.44400317687325,,,none,30.0,50,3,monophasic
Burst_autosave_20260717_162022_520ms,Deltoid med. (R),R_DELmed,10,299.44400317687325,307.44400317687325,331.803812549443,,,none,30.0,50,3,monophasic
Burst_autosave_20260717_162022_520ms,Deltoid med. (R),R_DELmed,1,0.0,8.0,32.35980937256977,,,none,30.0,55,3,monophasic
Burst_autosave_20260717_162022_520ms,Deltoid med. (R),R_DELmed,2,33.35980937256977,41.35980937256977,64.92533756885643,,,none,30.0,55,3,monophasic
Burst_autosave_20260717_162022_520ms,Deltoid med. (R),R_DELmed,3,65.92533756885643,73.92533756885643,99.07942811772352,,,none,30.0,55,3,monophasic
Burst_autosave_20260717_162022_520ms,Deltoid med. (R),R_DELmed,4,100.07942811772352,108.07942811772352,132.4392374902933,,,none,30.0,55,3,monophasic
Burst_autosave_20260717_162022_520ms,Deltoid med. (R),R_DELmed,5,133.4392374902933,141.4392374902933,165.79904686193936,,,none,30.0,55,3,monophasic
Burst_autosave_20260717_162022_520ms,Deltoid med. (R),R_DELmed,6,166.79904686193936,174.79904686193936,198.36457505914973,,,none,30.0,55,3,monophasic
Burst_autosave_20260717_162022_520ms,Deltoid med. (R),R_DELmed,7,199.36457505914973,207.36457505914973,231.7243844317195,,,none,30.0,55,3,monophasic
Burst_autosave_20260717_162022_520ms,Deltoid med. (R),R_DELmed,8,232.7243844317195,240.7243844317195,265.0841938043035,,,none,30.0,55,3,monophasic
Burst_autosave_20260717_162022_520ms,Deltoid med. (R),R_DELmed,9,266.0841938043035,274.0841938043035,298.44400317687325,,,none,30.0,55,3,monophasic
Burst_autosave_20260717_162022_520ms,Deltoid med. (R),R_DELmed,10,299.44400317687325,307.44400317687325,331.803812549443,,,none,30.0,55,3,monophasic
Burst_autosave_20260717_162022_520ms,Biceps (R),R_BB,1,0.0,8.0,32.35980937256977,,,none,30.0,10,3,monophasic
Burst_autosave_20260717_162022_520ms,Biceps (R),R_BB,2,33.35980937256977,41.35980937256977,64.92533756885643,,,none,30.0,10,3,monophasic
Burst_autosave_20260717_162022_520ms,Biceps (R),R_BB,3,65.92533756885643,73.92533756885643,99.07942811772352,,,none,30.0,10,3,monophasic
Burst_autosave_20260717_162022_520ms,Biceps (R),R_BB,4,100.07942811772352,108.07942811772352,132.4392374902933,,,none,30.0,10,3,monophasic
Burst_autosave_20260717_162022_520ms,Biceps (R),R_BB,5,133.4392374902933,141.4392374902933,165.79904686193936,,,none,30.0,10,3,monophasic
Burst_autosave_20260717_162022_520ms,Biceps (R),R_BB,6,166.79904686193936,174.79904686193936,198.36457505914973,,,none,30.0,10,3,monophasic
Burst_autosave_20260717_162022_520ms,Biceps (R),R_BB,7,199.36457505914973,207.36457505914973,231.7243844317195,,,none,30.0,10,3,monophasic
Burst_autosave_20260717_162022_520ms,Biceps (R),R_BB,8,232.7243844317195,240.7243844317195,265.0841938043035,,,none,30.0,10,3,monophasic
Burst_autosave_20260717_162022_520ms,Biceps (R),R_BB,9,266.0841938043035,274.0841938043035,298.44400317687325,,,none,30.0,10,3,monophasic
Burst_autosave_20260717_162022_520ms,Biceps (R),R_BB,10,299.44400317687325,307.44400317687325,331.803812549443,,,none,30.0,10,3,monophasic
Burst_autosave_20260717_162022_520ms,Biceps (R),R_BB,1,0.0,8.0,32.35980937256977,,,none,30.0,15,3,monophasic
Burst_autosave_20260717_162022_520ms,Biceps (R),R_BB,2,33.35980937256977,41.35980937256977,64.92533756885643,,,none,30.0,15,3,monophasic
Burst_autosave_20260717_162022_520ms,Biceps (R),R_BB,3,65.92533756885643,73.92533756885643,99.07942811772352,,,none,30.0,15,3,monophasic
Burst_autosave_20260717_162022_520ms,Biceps (R),R_BB,4,100.07942811772352,108.07942811772352,132.4392374902933,,,none,30.0,15,3,monophasic
Burst_autosave_20260717_162022_520ms,Biceps (R),R_BB,5,133.4392374902933,141.4392374902933,165.79904686193936,,,none,30.0,15,3,monophasic
Burst_autosave_20260717_162022_520ms,Biceps (R),R_BB,6,166.79904686193936,174.79904686193936,198.36457505914973,,,none,30.0,15,3,monophasic
Burst_autosave_20260717_162022_520ms,Biceps (R),R_BB,7,199.36457505914973,207.36457505914973,231.7243844317195,,,none,30.0,15,3,monophasic
Burst_autosave_20260717_162022_520ms,Biceps (R),R_BB,8,232.7243844317195,240.7243844317195,265.0841938043035,,,none,30.0,15,3,monophasic
Burst_autosave_20260717_162022_520ms,Biceps (R),R_BB,9,266.0841938043035,274.0841938043035,298.44400317687325,,,none,30.0,15,3,monophasic
Burst_autosave_20260717_162022_520ms,Biceps (R),R_BB,10,299.44400317687325,307.44400317687325,331.803812549443,,,none,30.0,15,3,monophasic
Burst_autosave_20260717_162022_520ms,Biceps (R),R_BB,1,0.0,8.0,32.35980937256977,,,none,30.0,20,3,monophasic
Burst_autosave_20260717_162022_520ms,Biceps (R),R_BB,2,33.35980937256977,41.35980937256977,64.92533756885643,,,none,30.0,20,3,monophasic
Burst_autosave_20260717_162022_520ms,Biceps (R),R_BB,3,65.92533756885643,73.92533756885643,99.07942811772352,,,none,30.0,20,3,monophasic
Burst_autosave_20260717_162022_520ms,Biceps (R),R_BB,4,100.07942811772352,108.07942811772352,132.4392374902933,,,none,30.0,20,3,monophasic
Burst_autosave_20260717_162022_520ms,Biceps (R),R_BB,5,133.4392374902933,141.4392374902933,165.79904686193936,,,none,30.0,20,3,monophasic
Burst_autosave_20260717_162022_520ms,Biceps (R),R_BB,6,166.79904686193936,174.79904686193936,198.36457505914973,,,none,30.0,20,3,monophasic
Burst_autosave_20260717_162022_520ms,Biceps (R),R_BB,7,199.36457505914973,207.36457505914973,231.7243844317195,,,none,30.0,20,3,monophasic
Burst_autosave_20260717_162022_520ms,Biceps (R),R_BB,8,232.7243844317195,240.7243844317195,265.0841938043035,,,none,30.0,20,3,monophasic
Burst_autosave_20260717_162022_520ms,Biceps (R),R_BB,9,266.0841938043035,274.0841938043035,298.44400317687325,,,none,30.0,20,3,monophasic
Burst_autosave_20260717_162022_520ms,Biceps (R),R_BB,10,299.44400317687325,307.44400317687325,331.803812549443,,,none,30.0,20,3,monophasic
Burst_autosave_20260717_162022_520ms,Biceps (R),R_BB,1,0.0,8.0,32.35980937256977,,,none,30.0,25,3,monophasic
Burst_autosave_20260717_162022_520ms,Biceps (R),R_BB,2,33.35980937256977,41.35980937256977,64.92533756885643,,,none,30.0,25,3,monophasic
Burst_autosave_20260717_162022_520ms,Biceps (R),R_BB,3,65.92533756885643,73.92533756885643,99.07942811772352,,,none,30.0,25,3,monophasic
Burst_autosave_20260717_162022_520ms,Biceps (R),R_BB,4,100.07942811772352,108.07942811772352,132.4392374902933,,,none,30.0,25,3,monophasic
Burst_autosave_20260717_162022_520ms,Biceps (R),R_BB,5,133.4392374902933,141.4392374902933,165.79904686193936,,,none,30.0,25,3,monophasic
Burst_autosave_20260717_162022_520ms,Biceps (R),R_BB,6,166.79904686193936,174.79904686193936,198.36457505914973,,,none,30.0,25,3,monophasic
Burst_autosave_20260717_162022_520ms,Biceps (R),R_BB,7,199.36457505914973,207.36457505914973,231.7243844317195,,,none,30.0,25,3,monophasic
Burst_autosave_20260717_162022_520ms,Biceps (R),R_BB,8,232.7243844317195,240.7243844317195,265.0841938043035,,,none,30.0,25,3,monophasic
Burst_autosave_20260717_162022_520ms,Biceps (R),R_BB,9,266.0841938043035,274.0841938043035,298.44400317687325,,,none,30.0,25,3,monophasic
Burst_autosave_20260717_162022_520ms,Biceps (R),R_BB,10,299.44400317687325,307.44400317687325,331.803812549443,,,none,30.0,25,3,monophasic
Burst_autosave_20260717_162022_520ms,Biceps (R),R_BB,1,0.0,8.0,32.35980937256977,,,none,30.0,30,3,monophasic
Burst_autosave_20260717_162022_520ms,Biceps (R),R_BB,2,33.35980937256977,41.35980937256977,64.92533756885643,,,none,30.0,30,3,monophasic
Burst_autosave_20260717_162022_520ms,Biceps (R),R_BB,3,65.92533756885643,73.92533756885643,99.07942811772352,,,none,30.0,30,3,monophasic
Burst_autosave_20260717_162022_520ms,Biceps (R),R_BB,4,100.07942811772352,108.07942811772352,132.4392374902933,,,none,30.0,30,3,monophasic
Burst_autosave_20260717_162022_520ms,Biceps (R),R_BB,5,133.4392374902933,141.4392374902933,165.79904686193936,,,none,30.0,30,3,monophasic
Burst_autosave_20260717_162022_520ms,Biceps (R),R_BB,6,166.79904686193936,174.79904686193936,198.36457505914973,,,none,30.0,30,3,monophasic
Burst_autosave_20260717_162022_520ms,Biceps (R),R_BB,7,199.36457505914973,207.36457505914973,231.7243844317195,,,none,30.0,30,3,monophasic
Burst_autosave_20260717_162022_520ms,Biceps (R),R_BB,8,232.7243844317195,240.7243844317195,265.0841938043035,,,none,30.0,30,3,monophasic
Burst_autosave_20260717_162022_520ms,Biceps (R),R_BB,9,266.0841938043035,274.0841938043035,298.44400317687325,,,none,30.0,30,3,monophasic
Burst_autosave_20260717_162022_520ms,Biceps (R),R_BB,10,299.44400317687325,307.44400317687325,331.803812549443,,,none,30.0,30,3,monophasic
Burst_autosave_20260717_162022_520ms,Biceps (R),R_BB,1,0.0,8.0,32.35980937256977,,,none,30.0,35,3,monophasic
Burst_autosave_20260717_162022_520ms,Biceps (R),R_BB,2,33.35980937256977,41.35980937256977,64.92533756885643,,,none,30.0,35,3,monophasic
Burst_autosave_20260717_162022_520ms,Biceps (R),R_BB,3,65.92533756885643,73.92533756885643,99.07942811772352,,,none,30.0,35,3,monophasic
Burst_autosave_20260717_162022_520ms,Biceps (R),R_BB,4,100.07942811772352,108.07942811772352,132.4392374902933,,,none,30.0,35,3,monophasic
Burst_autosave_20260717_162022_520ms,Biceps (R),R_BB,5,133.4392374902933,141.4392374902933,165.79904686193936,,,none,30.0,35,3,monophasic
Burst_autosave_20260717_162022_520ms,Biceps (R),R_BB,6,166.79904686193936,174.79904686193936,198.36457505914973,,,none,30.0,35,3,monophasic
Burst_autosave_20260717_162022_520ms,Biceps (R),R_BB,7,199.36457505914973,207.36457505914973,231.7243844317195,,,none,30.0,35,3,monophasic
Burst_autosave_20260717_162022_520ms,Biceps (R),R_BB,8,232.7243844317195,240.7243844317195,265.0841938043035,,,none,30.0,35,3,monophasic
Burst_autosave_20260717_162022_520ms,Biceps (R),R_BB,9,266.0841938043035,274.0841938043035,298.44400317687325,,,none,30.0,35,3,monophasic
Burst_autosave_20260717_162022_520ms,Biceps (R),R_BB,10,299.44400317687325,307.44400317687325,331.803812549443,,,none,30.0,35,3,monophasic
Burst_autosave_20260717_162022_520ms,Biceps (R),R_BB,1,0.0,8.0,32.35980937256977,,,none,30.0,40,3,monophasic
Burst_autosave_20260717_162022_520ms,Biceps (R),R_BB,2,33.35980937256977,41.35980937256977,64.92533756885643,,,none,30.0,40,3,monophasic
Burst_autosave_20260717_162022_520ms,Biceps (R),R_BB,3,65.92533756885643,73.92533756885643,99.07942811772352,,,none,30.0,40,3,monophasic
Burst_autosave_20260717_162022_520ms,Biceps (R),R_BB,4,100.07942811772352,108.07942811772352,132.4392374902933,,,none,30.0,40,3,monophasic
Burst_autosave_20260717_162022_520ms,Biceps (R),R_BB,5,133.4392374902933,141.4392374902933,165.79904686193936,,,none,30.0,40,3,monophasic
Burst_autosave_20260717_162022_520ms,Biceps (R),R_BB,6,166.79904686193936,174.79904686193936,198.36457505914973,,,none,30.0,40,3,monophasic
Burst_autosave_20260717_162022_520ms,Biceps (R),R_BB,7,199.36457505914973,207.36457505914973,231.7243844317195,,,none,30.0,40,3,monophasic
Burst_autosave_20260717_162022_520ms,Biceps (R),R_BB,8,232.7243844317195,240.7243844317195,265.0841938043035,,,none,30.0,40,3,monophasic
Burst_autosave_20260717_162022_520ms,Biceps (R),R_BB,9,266.0841938043035,274.0841938043035,298.44400317687325,,,none,30.0,40,3,monophasic
Burst_autosave_20260717_162022_520ms,Biceps (R),R_BB,10,299.44400317687325,307.44400317687325,331.803812549443,,,none,30.0,40,3,monophasic
Burst_autosave_20260717_162022_520ms,Biceps (R),R_BB,1,0.0,8.0,32.35980937256977,,,none,30.0,45,3,monophasic
Burst_autosave_20260717_162022_520ms,Biceps (R),R_BB,2,33.35980937256977,41.35980937256977,64.92533756885643,,,none,30.0,45,3,monophasic
Burst_autosave_20260717_162022_520ms,Biceps (R),R_BB,3,65.92533756885643,73.92533756885643,99.07942811772352,,,none,30.0,45,3,monophasic
Burst_autosave_20260717_162022_520ms,Biceps (R),R_BB,4,100.07942811772352,108.07942811772352,132.4392374902933,,,none,30.0,45,3,monophasic
Burst_autosave_20260717_162022_520ms,Biceps (R),R_BB,5,133.4392374902933,141.4392374902933,165.79904686193936,,,none,30.0,45,3,monophasic
Burst_autosave_20260717_162022_520ms,Biceps (R),R_BB,6,166.79904686193936,174.79904686193936,198.36457505914973,,,none,30.0,45,3,monophasic
Burst_autosave_20260717_162022_520ms,Biceps (R),R_BB,7,199.36457505914973,207.36457505914973,231.7243844317195,,,none,30.0,45,3,monophasic
Burst_autosave_20260717_162022_520ms,Biceps (R),R_BB,8,232.7243844317195,240.7243844317195,265.0841938043035,,,none,30.0,45,3,monophasic
Burst_autosave_20260717_162022_520ms,Biceps (R),R_BB,9,266.0841938043035,274.0841938043035,298.44400317687325,,,none,30.0,45,3,monophasic
Burst_autosave_20260717_162022_520ms,Biceps (R),R_BB,10,299.44400317687325,307.44400317687325,331.803812549443,,,none,30.0,45,3,monophasic
Burst_autosave_20260717_162022_520ms,Biceps (R),R_BB,1,0.0,8.0,32.35980937256977,,,none,30.0,50,3,monophasic
Burst_autosave_20260717_162022_520ms,Biceps (R),R_BB,2,33.35980937256977,41.35980937256977,64.92533756885643,,,none,30.0,50,3,monophasic
Burst_autosave_20260717_162022_520ms,Biceps (R),R_BB,3,65.92533756885643,73.92533756885643,99.07942811772352,,,none,30.0,50,3,monophasic
Burst_autosave_20260717_162022_520ms,Biceps (R),R_BB,4,100.07942811772352,108.07942811772352,132.4392374902933,,,none,30.0,50,3,monophasic
Burst_autosave_20260717_162022_520ms,Biceps (R),R_BB,5,133.4392374902933,141.4392374902933,165.79904686193936,,,none,30.0,50,3,monophasic
Burst_autosave_20260717_162022_520ms,Biceps (R),R_BB,6,166.79904686193936,174.79904686193936,198.36457505914973,,,none,30.0,50,3,monophasic
Burst_autosave_20260717_162022_520ms,Biceps (R),R_BB,7,199.36457505914973,207.36457505914973,231.7243844317195,,,none,30.0,50,3,monophasic
Burst_autosave_20260717_162022_520ms,Biceps (R),R_BB,8,232.7243844317195,240.7243844317195,265.0841938043035,,,none,30.0,50,3,monophasic
Burst_autosave_20260717_162022_520ms,Biceps (R),R_BB,9,266.0841938043035,274.0841938043035,298.44400317687325,,,none,30.0,50,3,monophasic
Burst_autosave_20260717_162022_520ms,Biceps (R),R_BB,10,299.44400317687325,307.44400317687325,331.803812549443,,,none,30.0,50,3,monophasic
Burst_autosave_20260717_162022_520ms,Biceps (R),R_BB,1,0.0,8.0,32.35980937256977,,,none,30.0,55,3,monophasic
Burst_autosave_20260717_162022_520ms,Biceps (R),R_BB,2,33.35980937256977,41.35980937256977,64.92533756885643,,,none,30.0,55,3,monophasic
Burst_autosave_20260717_162022_520ms,Biceps (R),R_BB,3,65.92533756885643,73.92533756885643,99.07942811772352,,,none,30.0,55,3,monophasic
Burst_autosave_20260717_162022_520ms,Biceps (R),R_BB,4,100.07942811772352,108.07942811772352,132.4392374902933,,,none,30.0,55,3,monophasic
Burst_autosave_20260717_162022_520ms,Biceps (R),R_BB,5,133.4392374902933,141.4392374902933,165.79904686193936,,,none,30.0,55,3,monophasic
Burst_autosave_20260717_162022_520ms,Biceps (R),R_BB,6,166.79904686193936,174.79904686193936,198.36457505914973,,,none,30.0,55,3,monophasic
Burst_autosave_20260717_162022_520ms,Biceps (R),R_BB,7,199.36457505914973,207.36457505914973,231.7243844317195,,,none,30.0,55,3,monophasic
Burst_autosave_20260717_162022_520ms,Biceps (R),R_BB,8,232.7243844317195,240.7243844317195,265.0841938043035,,,none,30.0,55,3,monophasic
Burst_autosave_20260717_162022_520ms,Biceps (R),R_BB,9,266.0841938043035,274.0841938043035,298.44400317687325,,,none,30.0,55,3,monophasic
Burst_autosave_20260717_162022_520ms,Biceps (R),R_BB,10,299.44400317687325,307.44400317687325,331.803812549443,,,none,30.0,55,3,monophasic
Burst_autosave_20260717_162022_520ms,Triceps long (R),R_TBlg,1,0.0,8.0,32.35980937256977,,,none,30.0,10,3,monophasic
Burst_autosave_20260717_162022_520ms,Triceps long (R),R_TBlg,2,33.35980937256977,41.35980937256977,64.92533756885643,,,none,30.0,10,3,monophasic
Burst_autosave_20260717_162022_520ms,Triceps long (R),R_TBlg,3,65.92533756885643,73.92533756885643,99.07942811772352,,,none,30.0,10,3,monophasic
Burst_autosave_20260717_162022_520ms,Triceps long (R),R_TBlg,4,100.07942811772352,108.07942811772352,132.4392374902933,,,none,30.0,10,3,monophasic
Burst_autosave_20260717_162022_520ms,Triceps long (R),R_TBlg,5,133.4392374902933,141.4392374902933,165.79904686193936,,,none,30.0,10,3,monophasic
Burst_autosave_20260717_162022_520ms,Triceps long (R),R_TBlg,6,166.79904686193936,174.79904686193936,198.36457505914973,,,none,30.0,10,3,monophasic
Burst_autosave_20260717_162022_520ms,Triceps long (R),R_TBlg,7,199.36457505914973,207.36457505914973,231.7243844317195,,,none,30.0,10,3,monophasic
Burst_autosave_20260717_162022_520ms,Triceps long (R),R_TBlg,8,232.7243844317195,240.7243844317195,265.0841938043035,,,none,30.0,10,3,monophasic
Burst_autosave_20260717_162022_520ms,Triceps long (R),R_TBlg,9,266.0841938043035,274.0841938043035,298.44400317687325,,,none,30.0,10,3,monophasic
Burst_autosave_20260717_162022_520ms,Triceps long (R),R_TBlg,10,299.44400317687325,307.44400317687325,331.803812549443,,,none,30.0,10,3,monophasic
Burst_autosave_20260717_162022_520ms,Triceps long (R),R_TBlg,1,0.0,8.0,32.35980937256977,,,none,30.0,15,3,monophasic
Burst_autosave_20260717_162022_520ms,Triceps long (R),R_TBlg,2,33.35980937256977,41.35980937256977,64.92533756885643,,,none,30.0,15,3,monophasic
Burst_autosave_20260717_162022_520ms,Triceps long (R),R_TBlg,3,65.92533756885643,73.92533756885643,99.07942811772352,,,none,30.0,15,3,monophasic
Burst_autosave_20260717_162022_520ms,Triceps long (R),R_TBlg,4,100.07942811772352,108.07942811772352,132.4392374902933,,,none,30.0,15,3,monophasic
Burst_autosave_20260717_162022_520ms,Triceps long (R),R_TBlg,5,133.4392374902933,141.4392374902933,165.79904686193936,,,none,30.0,15,3,monophasic
Burst_autosave_20260717_162022_520ms,Triceps long (R),R_TBlg,6,166.79904686193936,174.79904686193936,198.36457505914973,,,none,30.0,15,3,monophasic
Burst_autosave_20260717_162022_520ms,Triceps long (R),R_TBlg,7,199.36457505914973,207.36457505914973,231.7243844317195,,,none,30.0,15,3,monophasic
Burst_autosave_20260717_162022_520ms,Triceps long (R),R_TBlg,8,232.7243844317195,240.7243844317195,265.0841938043035,,,none,30.0,15,3,monophasic
Burst_autosave_20260717_162022_520ms,Triceps long (R),R_TBlg,9,266.0841938043035,274.0841938043035,298.44400317687325,,,none,30.0,15,3,monophasic
Burst_autosave_20260717_162022_520ms,Triceps long (R),R_TBlg,10,299.44400317687325,307.44400317687325,331.803812549443,,,none,30.0,15,3,monophasic
Burst_autosave_20260717_162022_520ms,Triceps long (R),R_TBlg,1,0.0,8.0,32.35980937256977,,,none,30.0,20,3,monophasic
Burst_autosave_20260717_162022_520ms,Triceps long (R),R_TBlg,2,33.35980937256977,41.35980937256977,64.92533756885643,,,none,30.0,20,3,monophasic
Burst_autosave_20260717_162022_520ms,Triceps long (R),R_TBlg,3,65.92533756885643,73.92533756885643,99.07942811772352,,,none,30.0,20,3,monophasic
Burst_autosave_20260717_162022_520ms,Triceps long (R),R_TBlg,4,100.07942811772352,108.07942811772352,132.4392374902933,,,none,30.0,20,3,monophasic
Burst_autosave_20260717_162022_520ms,Triceps long (R),R_TBlg,5,133.4392374902933,141.4392374902933,165.79904686193936,,,none,30.0,20,3,monophasic
Burst_autosave_20260717_162022_520ms,Triceps long (R),R_TBlg,6,166.79904686193936,174.79904686193936,198.36457505914973,,,none,30.0,20,3,monophasic
Burst_autosave_20260717_162022_520ms,Triceps long (R),R_TBlg,7,199.36457505914973,207.36457505914973,231.7243844317195,,,none,30.0,20,3,monophasic
Burst_autosave_20260717_162022_520ms,Triceps long (R),R_TBlg,8,232.7243844317195,240.7243844317195,265.0841938043035,,,none,30.0,20,3,monophasic
Burst_autosave_20260717_162022_520ms,Triceps long (R),R_TBlg,9,266.0841938043035,274.0841938043035,298.44400317687325,,,none,30.0,20,3,monophasic
Burst_autosave_20260717_162022_520ms,Triceps long (R),R_TBlg,10,299.44400317687325,307.44400317687325,331.803812549443,,,none,30.0,20,3,monophasic
Burst_autosave_20260717_162022_520ms,Triceps long (R),R_TBlg,1,0.0,8.0,32.35980937256977,,,none,30.0,25,3,monophasic
Burst_autosave_20260717_162022_520ms,Triceps long (R),R_TBlg,2,33.35980937256977,41.35980937256977,64.92533756885643,,,none,30.0,25,3,monophasic
Burst_autosave_20260717_162022_520ms,Triceps long (R),R_TBlg,3,65.92533756885643,73.92533756885643,99.07942811772352,,,none,30.0,25,3,monophasic
Burst_autosave_20260717_162022_520ms,Triceps long (R),R_TBlg,4,100.07942811772352,108.07942811772352,132.4392374902933,,,none,30.0,25,3,monophasic
Burst_autosave_20260717_162022_520ms,Triceps long (R),R_TBlg,5,133.4392374902933,141.4392374902933,165.79904686193936,,,none,30.0,25,3,monophasic
Burst_autosave_20260717_162022_520ms,Triceps long (R),R_TBlg,6,166.79904686193936,174.79904686193936,198.36457505914973,,,none,30.0,25,3,monophasic
Burst_autosave_20260717_162022_520ms,Triceps long (R),R_TBlg,7,199.36457505914973,207.36457505914973,231.7243844317195,,,none,30.0,25,3,monophasic
Burst_autosave_20260717_162022_520ms,Triceps long (R),R_TBlg,8,232.7243844317195,240.7243844317195,265.0841938043035,,,none,30.0,25,3,monophasic
Burst_autosave_20260717_162022_520ms,Triceps long (R),R_TBlg,9,266.0841938043035,274.0841938043035,298.44400317687325,,,none,30.0,25,3,monophasic
Burst_autosave_20260717_162022_520ms,Triceps long (R),R_TBlg,10,299.44400317687325,307.44400317687325,331.803812549443,,,none,30.0,25,3,monophasic
Burst_autosave_20260717_162022_520ms,Triceps long (R),R_TBlg,1,0.0,8.0,32.35980937256977,,,none,30.0,30,3,monophasic
Burst_autosave_20260717_162022_520ms,Triceps long (R),R_TBlg,2,33.35980937256977,41.35980937256977,64.92533756885643,,,none,30.0,30,3,monophasic
Burst_autosave_20260717_162022_520ms,Triceps long (R),R_TBlg,3,65.92533756885643,73.92533756885643,99.07942811772352,,,none,30.0,30,3,monophasic
Burst_autosave_20260717_162022_520ms,Triceps long (R),R_TBlg,4,100.07942811772352,108.07942811772352,132.4392374902933,,,none,30.0,30,3,monophasic
Burst_autosave_20260717_162022_520ms,Triceps long (R),R_TBlg,5,133.4392374902933,141.4392374902933,165.79904686193936,,,none,30.0,30,3,monophasic
Burst_autosave_20260717_162022_520ms,Triceps long (R),R_TBlg,6,166.79904686193936,174.79904686193936,198.36457505914973,,,none,30.0,30,3,monophasic
Burst_autosave_20260717_162022_520ms,Triceps long (R),R_TBlg,7,199.36457505914973,207.36457505914973,231.7243844317195,,,none,30.0,30,3,monophasic
Burst_autosave_20260717_162022_520ms,Triceps long (R),R_TBlg,8,232.7243844317195,240.7243844317195,265.0841938043035,,,none,30.0,30,3,monophasic
Burst_autosave_20260717_162022_520ms,Triceps long (R),R_TBlg,9,266.0841938043035,274.0841938043035,298.44400317687325,,,none,30.0,30,3,monophasic
Burst_autosave_20260717_162022_520ms,Triceps long (R),R_TBlg,10,299.44400317687325,307.44400317687325,331.803812549443,,,none,30.0,30,3,monophasic
Burst_autosave_20260717_162022_520ms,Triceps long (R),R_TBlg,1,0.0,8.0,32.35980937256977,,,none,30.0,35,3,monophasic
Burst_autosave_20260717_162022_520ms,Triceps long (R),R_TBlg,2,33.35980937256977,41.35980937256977,64.92533756885643,,,none,30.0,35,3,monophasic
Burst_autosave_20260717_162022_520ms,Triceps long (R),R_TBlg,3,65.92533756885643,73.92533756885643,99.07942811772352,,,none,30.0,35,3,monophasic
Burst_autosave_20260717_162022_520ms,Triceps long (R),R_TBlg,4,100.07942811772352,108.07942811772352,132.4392374902933,,,none,30.0,35,3,monophasic
Burst_autosave_20260717_162022_520ms,Triceps long (R),R_TBlg,5,133.4392374902933,141.4392374902933,165.79904686193936,,,none,30.0,35,3,monophasic
Burst_autosave_20260717_162022_520ms,Triceps long (R),R_TBlg,6,166.79904686193936,174.79904686193936,198.36457505914973,,,none,30.0,35,3,monophasic
Burst_autosave_20260717_162022_520ms,Triceps long (R),R_TBlg,7,199.36457505914973,207.36457505914973,231.7243844317195,,,none,30.0,35,3,monophasic
Burst_autosave_20260717_162022_520ms,Triceps long (R),R_TBlg,8,232.7243844317195,240.7243844317195,265.0841938043035,,,none,30.0,35,3,monophasic
Burst_autosave_20260717_162022_520ms,Triceps long (R),R_TBlg,9,266.0841938043035,274.0841938043035,298.44400317687325,,,none,30.0,35,3,monophasic
Burst_autosave_20260717_162022_520ms,Triceps long (R),R_TBlg,10,299.44400317687325,307.44400317687325,331.803812549443,,,none,30.0,35,3,monophasic
Burst_autosave_20260717_162022_520ms,Triceps long (R),R_TBlg,1,0.0,8.0,32.35980937256977,,,none,30.0,40,3,monophasic
Burst_autosave_20260717_162022_520ms,Triceps long (R),R_TBlg,2,33.35980937256977,41.35980937256977,64.92533756885643,,,none,30.0,40,3,monophasic
Burst_autosave_20260717_162022_520ms,Triceps long (R),R_TBlg,3,65.92533756885643,73.92533756885643,99.07942811772352,,,none,30.0,40,3,monophasic
Burst_autosave_20260717_162022_520ms,Triceps long (R),R_TBlg,4,100.07942811772352,108.07942811772352,132.4392374902933,,,none,30.0,40,3,monophasic
Burst_autosave_20260717_162022_520ms,Triceps long (R),R_TBlg,5,133.4392374902933,141.4392374902933,165.79904686193936,,,none,30.0,40,3,monophasic
Burst_autosave_20260717_162022_520ms,Triceps long (R),R_TBlg,6,166.79904686193936,174.79904686193936,198.36457505914973,,,none,30.0,40,3,monophasic
Burst_autosave_20260717_162022_520ms,Triceps long (R),R_TBlg,7,199.36457505914973,207.36457505914973,231.7243844317195,,,none,30.0,40,3,monophasic
Burst_autosave_20260717_162022_520ms,Triceps long (R),R_TBlg,8,232.7243844317195,240.7243844317195,265.0841938043035,,,none,30.0,40,3,monophasic
Burst_autosave_20260717_162022_520ms,Triceps long (R),R_TBlg,9,266.0841938043035,274.0841938043035,298.44400317687325,,,none,30.0,40,3,monophasic
Burst_autosave_20260717_162022_520ms,Triceps long (R),R_TBlg,10,299.44400317687325,307.44400317687325,331.803812549443,,,none,30.0,40,3,monophasic
Burst_autosave_20260717_162022_520ms,Triceps long (R),R_TBlg,1,0.0,8.0,32.35980937256977,,,none,30.0,45,3,monophasic
Burst_autosave_20260717_162022_520ms,Triceps long (R),R_TBlg,2,33.35980937256977,41.35980937256977,64.92533756885643,,,none,30.0,45,3,monophasic
Burst_autosave_20260717_162022_520ms,Triceps long (R),R_TBlg,3,65.92533756885643,73.92533756885643,99.07942811772352,,,none,30.0,45,3,monophasic
Burst_autosave_20260717_162022_520ms,Triceps long (R),R_TBlg,4,100.07942811772352,108.07942811772352,132.4392374902933,,,none,30.0,45,3,monophasic
Burst_autosave_20260717_162022_520ms,Triceps long (R),R_TBlg,5,133.4392374902933,141.4392374902933,165.79904686193936,,,none,30.0,45,3,monophasic
Burst_autosave_20260717_162022_520ms,Triceps long (R),R_TBlg,6,166.79904686193936,174.79904686193936,198.36457505914973,,,none,30.0,45,3,monophasic
Burst_autosave_20260717_162022_520ms,Triceps long (R),R_TBlg,7,199.36457505914973,207.36457505914973,231.7243844317195,,,none,30.0,45,3,monophasic
Burst_autosave_20260717_162022_520ms,Triceps long (R),R_TBlg,8,232.7243844317195,240.7243844317195,265.0841938043035,,,none,30.0,45,3,monophasic
Burst_autosave_20260717_162022_520ms,Triceps long (R),R_TBlg,9,266.0841938043035,274.0841938043035,298.44400317687325,,,none,30.0,45,3,monophasic
Burst_autosave_20260717_162022_520ms,Triceps long (R),R_TBlg,10,299.44400317687325,307.44400317687325,331.803812549443,,,none,30.0,45,3,monophasic
Burst_autosave_20260717_162022_520ms,Triceps long (R),R_TBlg,1,0.0,8.0,32.35980937256977,,,none,30.0,50,3,monophasic
Burst_autosave_20260717_162022_520ms,Triceps long (R),R_TBlg,2,33.35980937256977,41.35980937256977,64.92533756885643,,,none,30.0,50,3,monophasic
Burst_autosave_20260717_162022_520ms,Triceps long (R),R_TBlg,3,65.92533756885643,73.92533756885643,99.07942811772352,,,none,30.0,50,3,monophasic
Burst_autosave_20260717_162022_520ms,Triceps long (R),R_TBlg,4,100.07942811772352,108.07942811772352,132.4392374902933,,,none,30.0,50,3,monophasic
Burst_autosave_20260717_162022_520ms,Triceps long (R),R_TBlg,5,133.4392374902933,141.4392374902933,165.79904686193936,,,none,30.0,50,3,monophasic
Burst_autosave_20260717_162022_520ms,Triceps long (R),R_TBlg,6,166.79904686193936,174.79904686193936,198.36457505914973,,,none,30.0,50,3,monophasic
Burst_autosave_20260717_162022_520ms,Triceps long (R),R_TBlg,7,199.36457505914973,207.36457505914973,231.7243844317195,,,none,30.0,50,3,monophasic
Burst_autosave_20260717_162022_520ms,Triceps long (R),R_TBlg,8,232.7243844317195,240.7243844317195,265.0841938043035,,,none,30.0,50,3,monophasic
Burst_autosave_20260717_162022_520ms,Triceps long (R),R_TBlg,9,266.0841938043035,274.0841938043035,298.44400317687325,,,none,30.0,50,3,monophasic
Burst_autosave_20260717_162022_520ms,Triceps long (R),R_TBlg,10,299.44400317687325,307.44400317687325,331.803812549443,,,none,30.0,50,3,monophasic
Burst_autosave_20260717_162022_520ms,Triceps long (R),R_TBlg,1,0.0,8.0,32.35980937256977,,,none,30.0,55,3,monophasic
Burst_autosave_20260717_162022_520ms,Triceps long (R),R_TBlg,2,33.35980937256977,41.35980937256977,64.92533756885643,,,none,30.0,55,3,monophasic
Burst_autosave_20260717_162022_520ms,Triceps long (R),R_TBlg,3,65.92533756885643,73.92533756885643,99.07942811772352,,,none,30.0,55,3,monophasic
Burst_autosave_20260717_162022_520ms,Triceps long (R),R_TBlg,4,100.07942811772352,108.07942811772352,132.4392374902933,,,none,30.0,55,3,monophasic
Burst_autosave_20260717_162022_520ms,Triceps long (R),R_TBlg,5,133.4392374902933,141.4392374902933,165.79904686193936,,,none,30.0,55,3,monophasic
Burst_autosave_20260717_162022_520ms,Triceps long (R),R_TBlg,6,166.79904686193936,174.79904686193936,198.36457505914973,,,none,30.0,55,3,monophasic
Burst_autosave_20260717_162022_520ms,Triceps long (R),R_TBlg,7,199.36457505914973,207.36457505914973,231.7243844317195,,,none,30.0,55,3,monophasic
Burst_autosave_20260717_162022_520ms,Triceps long (R),R_TBlg,8,232.7243844317195,240.7243844317195,265.0841938043035,,,none,30.0,55,3,monophasic
Burst_autosave_20260717_162022_520ms,Triceps long (R),R_TBlg,9,266.0841938043035,274.0841938043035,298.44400317687325,,,none,30.0,55,3,monophasic
Burst_autosave_20260717_162022_520ms,Triceps long (R),R_TBlg,10,299.44400317687325,307.44400317687325,331.803812549443,,,none,30.0,55,3,monophasic
Burst_autosave_20260717_162022_520ms,Trapezius (R),R_TR,1,0.0,8.0,32.35980937256977,,,none,30.0,10,3,monophasic
Burst_autosave_20260717_162022_520ms,Trapezius (R),R_TR,2,33.35980937256977,41.35980937256977,64.92533756885643,,,none,30.0,10,3,monophasic
Burst_autosave_20260717_162022_520ms,Trapezius (R),R_TR,3,65.92533756885643,73.92533756885643,99.07942811772352,,,none,30.0,10,3,monophasic
Burst_autosave_20260717_162022_520ms,Trapezius (R),R_TR,4,100.07942811772352,108.07942811772352,132.4392374902933,,,none,30.0,10,3,monophasic
Burst_autosave_20260717_162022_520ms,Trapezius (R),R_TR,5,133.4392374902933,141.4392374902933,165.79904686193936,,,none,30.0,10,3,monophasic
Burst_autosave_20260717_162022_520ms,Trapezius (R),R_TR,6,166.79904686193936,174.79904686193936,198.36457505914973,,,none,30.0,10,3,monophasic
Burst_autosave_20260717_162022_520ms,Trapezius (R),R_TR,7,199.36457505914973,207.36457505914973,231.7243844317195,,,none,30.0,10,3,monophasic
Burst_autosave_20260717_162022_520ms,Trapezius (R),R_TR,8,232.7243844317195,240.7243844317195,265.0841938043035,,,none,30.0,10,3,monophasic
Burst_autosave_20260717_162022_520ms,Trapezius (R),R_TR,9,266.0841938043035,274.0841938043035,298.44400317687325,,,none,30.0,10,3,monophasic
Burst_autosave_20260717_162022_520ms,Trapezius (R),R_TR,10,299.44400317687325,307.44400317687325,331.803812549443,,,none,30.0,10,3,monophasic
Burst_autosave_20260717_162022_520ms,Trapezius (R),R_TR,1,0.0,8.0,32.35980937256977,,,none,30.0,15,3,monophasic
Burst_autosave_20260717_162022_520ms,Trapezius (R),R_TR,2,33.35980937256977,41.35980937256977,64.92533756885643,,,none,30.0,15,3,monophasic
Burst_autosave_20260717_162022_520ms,Trapezius (R),R_TR,3,65.92533756885643,73.92533756885643,99.07942811772352,,,none,30.0,15,3,monophasic
Burst_autosave_20260717_162022_520ms,Trapezius (R),R_TR,4,100.07942811772352,108.07942811772352,132.4392374902933,,,none,30.0,15,3,monophasic
Burst_autosave_20260717_162022_520ms,Trapezius (R),R_TR,5,133.4392374902933,141.4392374902933,165.79904686193936,,,none,30.0,15,3,monophasic
Burst_autosave_20260717_162022_520ms,Trapezius (R),R_TR,6,166.79904686193936,174.79904686193936,198.36457505914973,,,none,30.0,15,3,monophasic
Burst_autosave_20260717_162022_520ms,Trapezius (R),R_TR,7,199.36457505914973,207.36457505914973,231.7243844317195,,,none,30.0,15,3,monophasic
Burst_autosave_20260717_162022_520ms,Trapezius (R),R_TR,8,232.7243844317195,240.7243844317195,265.0841938043035,,,none,30.0,15,3,monophasic
Burst_autosave_20260717_162022_520ms,Trapezius (R),R_TR,9,266.0841938043035,274.0841938043035,298.44400317687325,,,none,30.0,15,3,monophasic
Burst_autosave_20260717_162022_520ms,Trapezius (R),R_TR,10,299.44400317687325,307.44400317687325,331.803812549443,,,none,30.0,15,3,monophasic
Burst_autosave_20260717_162022_520ms,Trapezius (R),R_TR,1,0.0,8.0,32.35980937256977,,,none,30.0,20,3,monophasic
Burst_autosave_20260717_162022_520ms,Trapezius (R),R_TR,2,33.35980937256977,41.35980937256977,64.92533756885643,,,none,30.0,20,3,monophasic
Burst_autosave_20260717_162022_520ms,Trapezius (R),R_TR,3,65.92533756885643,73.92533756885643,99.07942811772352,,,none,30.0,20,3,monophasic
Burst_autosave_20260717_162022_520ms,Trapezius (R),R_TR,4,100.07942811772352,108.07942811772352,132.4392374902933,,,none,30.0,20,3,monophasic
Burst_autosave_20260717_162022_520ms,Trapezius (R),R_TR,5,133.4392374902933,141.4392374902933,165.79904686193936,,,none,30.0,20,3,monophasic
Burst_autosave_20260717_162022_520ms,Trapezius (R),R_TR,6,166.79904686193936,174.79904686193936,198.36457505914973,,,none,30.0,20,3,monophasic
Burst_autosave_20260717_162022_520ms,Trapezius (R),R_TR,7,199.36457505914973,207.36457505914973,231.7243844317195,,,none,30.0,20,3,monophasic
Burst_autosave_20260717_162022_520ms,Trapezius (R),R_TR,8,232.7243844317195,240.7243844317195,265.0841938043035,,,none,30.0,20,3,monophasic
Burst_autosave_20260717_162022_520ms,Trapezius (R),R_TR,9,266.0841938043035,274.0841938043035,298.44400317687325,,,none,30.0,20,3,monophasic
Burst_autosave_20260717_162022_520ms,Trapezius (R),R_TR,10,299.44400317687325,307.44400317687325,331.803812549443,,,none,30.0,20,3,monophasic
Burst_autosave_20260717_162022_520ms,Trapezius (R),R_TR,1,0.0,8.0,32.35980937256977,,,none,30.0,25,3,monophasic
Burst_autosave_20260717_162022_520ms,Trapezius (R),R_TR,2,33.35980937256977,41.35980937256977,64.92533756885643,,,none,30.0,25,3,monophasic
Burst_autosave_20260717_162022_520ms,Trapezius (R),R_TR,3,65.92533756885643,73.92533756885643,99.07942811772352,,,none,30.0,25,3,monophasic
Burst_autosave_20260717_162022_520ms,Trapezius (R),R_TR,4,100.07942811772352,108.07942811772352,132.4392374902933,,,none,30.0,25,3,monophasic
Burst_autosave_20260717_162022_520ms,Trapezius (R),R_TR,5,133.4392374902933,141.4392374902933,165.79904686193936,,,none,30.0,25,3,monophasic
Burst_autosave_20260717_162022_520ms,Trapezius (R),R_TR,6,166.79904686193936,174.79904686193936,198.36457505914973,,,none,30.0,25,3,monophasic
Burst_autosave_20260717_162022_520ms,Trapezius (R),R_TR,7,199.36457505914973,207.36457505914973,231.7243844317195,,,none,30.0,25,3,monophasic
Burst_autosave_20260717_162022_520ms,Trapezius (R),R_TR,8,232.7243844317195,240.7243844317195,265.0841938043035,,,none,30.0,25,3,monophasic
Burst_autosave_20260717_162022_520ms,Trapezius (R),R_TR,9,266.0841938043035,274.0841938043035,298.44400317687325,,,none,30.0,25,3,monophasic
Burst_autosave_20260717_162022_520ms,Trapezius (R),R_TR,10,299.44400317687325,307.44400317687325,331.803812549443,,,none,30.0,25,3,monophasic
Burst_autosave_20260717_162022_520ms,Trapezius (R),R_TR,1,0.0,8.0,32.35980937256977,,,none,30.0,30,3,monophasic
Burst_autosave_20260717_162022_520ms,Trapezius (R),R_TR,2,33.35980937256977,41.35980937256977,64.92533756885643,,,none,30.0,30,3,monophasic
Burst_autosave_20260717_162022_520ms,Trapezius (R),R_TR,3,65.92533756885643,73.92533756885643,99.07942811772352,,,none,30.0,30,3,monophasic
Burst_autosave_20260717_162022_520ms,Trapezius (R),R_TR,4,100.07942811772352,108.07942811772352,132.4392374902933,,,none,30.0,30,3,monophasic
Burst_autosave_20260717_162022_520ms,Trapezius (R),R_TR,5,133.4392374902933,141.4392374902933,165.79904686193936,,,none,30.0,30,3,monophasic
Burst_autosave_20260717_162022_520ms,Trapezius (R),R_TR,6,166.79904686193936,174.79904686193936,198.36457505914973,,,none,30.0,30,3,monophasic
Burst_autosave_20260717_162022_520ms,Trapezius (R),R_TR,7,199.36457505914973,207.36457505914973,231.7243844317195,,,none,30.0,30,3,monophasic
Burst_autosave_20260717_162022_520ms,Trapezius (R),R_TR,8,232.7243844317195,240.7243844317195,265.0841938043035,,,none,30.0,30,3,monophasic
Burst_autosave_20260717_162022_520ms,Trapezius (R),R_TR,9,266.0841938043035,274.0841938043035,298.44400317687325,,,none,30.0,30,3,monophasic
Burst_autosave_20260717_162022_520ms,Trapezius (R),R_TR,10,299.44400317687325,307.44400317687325,331.803812549443,,,none,30.0,30,3,monophasic
Burst_autosave_20260717_162022_520ms,Trapezius (R),R_TR,1,0.0,8.0,32.35980937256977,,,none,30.0,35,3,monophasic
Burst_autosave_20260717_162022_520ms,Trapezius (R),R_TR,2,33.35980937256977,41.35980937256977,64.92533756885643,,,none,30.0,35,3,monophasic
Burst_autosave_20260717_162022_520ms,Trapezius (R),R_TR,3,65.92533756885643,73.92533756885643,99.07942811772352,,,none,30.0,35,3,monophasic
Burst_autosave_20260717_162022_520ms,Trapezius (R),R_TR,4,100.07942811772352,108.07942811772352,132.4392374902933,,,none,30.0,35,3,monophasic
Burst_autosave_20260717_162022_520ms,Trapezius (R),R_TR,5,133.4392374902933,141.4392374902933,165.79904686193936,,,none,30.0,35,3,monophasic
Burst_autosave_20260717_162022_520ms,Trapezius (R),R_TR,6,166.79904686193936,174.79904686193936,198.36457505914973,,,none,30.0,35,3,monophasic
Burst_autosave_20260717_162022_520ms,Trapezius (R),R_TR,7,199.36457505914973,207.36457505914973,231.7243844317195,,,none,30.0,35,3,monophasic
Burst_autosave_20260717_162022_520ms,Trapezius (R),R_TR,8,232.7243844317195,240.7243844317195,265.0841938043035,,,none,30.0,35,3,monophasic
Burst_autosave_20260717_162022_520ms,Trapezius (R),R_TR,9,266.0841938043035,274.0841938043035,298.44400317687325,,,none,30.0,35,3,monophasic
Burst_autosave_20260717_162022_520ms,Trapezius (R),R_TR,10,299.44400317687325,307.44400317687325,331.803812549443,,,none,30.0,35,3,monophasic
Burst_autosave_20260717_162022_520ms,Trapezius (R),R_TR,1,0.0,8.0,32.35980937256977,,,none,30.0,40,3,monophasic
Burst_autosave_20260717_162022_520ms,Trapezius (R),R_TR,2,33.35980937256977,41.35980937256977,64.92533756885643,,,none,30.0,40,3,monophasic
Burst_autosave_20260717_162022_520ms,Trapezius (R),R_TR,3,65.92533756885643,73.92533756885643,99.07942811772352,,,none,30.0,40,3,monophasic
Burst_autosave_20260717_162022_520ms,Trapezius (R),R_TR,4,100.07942811772352,108.07942811772352,132.4392374902933,,,none,30.0,40,3,monophasic
Burst_autosave_20260717_162022_520ms,Trapezius (R),R_TR,5,133.4392374902933,141.4392374902933,165.79904686193936,,,none,30.0,40,3,monophasic
Burst_autosave_20260717_162022_520ms,Trapezius (R),R_TR,6,166.79904686193936,174.79904686193936,198.36457505914973,,,none,30.0,40,3,monophasic
Burst_autosave_20260717_162022_520ms,Trapezius (R),R_TR,7,199.36457505914973,207.36457505914973,231.7243844317195,,,none,30.0,40,3,monophasic
Burst_autosave_20260717_162022_520ms,Trapezius (R),R_TR,8,232.7243844317195,240.7243844317195,265.0841938043035,,,none,30.0,40,3,monophasic
Burst_autosave_20260717_162022_520ms,Trapezius (R),R_TR,9,266.0841938043035,274.0841938043035,298.44400317687325,,,none,30.0,40,3,monophasic
Burst_autosave_20260717_162022_520ms,Trapezius (R),R_TR,10,299.44400317687325,307.44400317687325,331.803812549443,,,none,30.0,40,3,monophasic
Burst_autosave_20260717_162022_520ms,Trapezius (R),R_TR,1,0.0,8.0,32.35980937256977,,,none,30.0,45,3,monophasic
Burst_autosave_20260717_162022_520ms,Trapezius (R),R_TR,2,33.35980937256977,41.35980937256977,64.92533756885643,,,none,30.0,45,3,monophasic
Burst_autosave_20260717_162022_520ms,Trapezius (R),R_TR,3,65.92533756885643,73.92533756885643,99.07942811772352,,,none,30.0,45,3,monophasic
Burst_autosave_20260717_162022_520ms,Trapezius (R),R_TR,4,100.07942811772352,108.07942811772352,132.4392374902933,,,none,30.0,45,3,monophasic
Burst_autosave_20260717_162022_520ms,Trapezius (R),R_TR,5,133.4392374902933,141.4392374902933,165.79904686193936,,,none,30.0,45,3,monophasic
Burst_autosave_20260717_162022_520ms,Trapezius (R),R_TR,6,166.79904686193936,174.79904686193936,198.36457505914973,,,none,30.0,45,3,monophasic
Burst_autosave_20260717_162022_520ms,Trapezius (R),R_TR,7,199.36457505914973,207.36457505914973,231.7243844317195,,,none,30.0,45,3,monophasic
Burst_autosave_20260717_162022_520ms,Trapezius (R),R_TR,8,232.7243844317195,240.7243844317195,265.0841938043035,,,none,30.0,45,3,monophasic
Burst_autosave_20260717_162022_520ms,Trapezius (R),R_TR,9,266.0841938043035,274.0841938043035,298.44400317687325,,,none,30.0,45,3,monophasic
Burst_autosave_20260717_162022_520ms,Trapezius (R),R_TR,10,299.44400317687325,307.44400317687325,331.803812549443,,,none,30.0,45,3,monophasic
Burst_autosave_20260717_162022_520ms,Trapezius (R),R_TR,1,0.0,8.0,32.35980937256977,,,none,30.0,50,3,monophasic
Burst_autosave_20260717_162022_520ms,Trapezius (R),R_TR,2,33.35980937256977,41.35980937256977,64.92533756885643,,,none,30.0,50,3,monophasic
Burst_autosave_20260717_162022_520ms,Trapezius (R),R_TR,3,65.92533756885643,73.92533756885643,99.07942811772352,,,none,30.0,50,3,monophasic
Burst_autosave_20260717_162022_520ms,Trapezius (R),R_TR,4,100.07942811772352,108.07942811772352,132.4392374902933,,,none,30.0,50,3,monophasic
Burst_autosave_20260717_162022_520ms,Trapezius (R),R_TR,5,133.4392374902933,141.4392374902933,165.79904686193936,,,none,30.0,50,3,monophasic
Burst_autosave_20260717_162022_520ms,Trapezius (R),R_TR,6,166.79904686193936,174.79904686193936,198.36457505914973,,,none,30.0,50,3,monophasic
Burst_autosave_20260717_162022_520ms,Trapezius (R),R_TR,7,199.36457505914973,207.36457505914973,231.7243844317195,,,none,30.0,50,3,monophasic
Burst_autosave_20260717_162022_520ms,Trapezius (R),R_TR,8,232.7243844317195,240.7243844317195,265.0841938043035,,,none,30.0,50,3,monophasic
Burst_autosave_20260717_162022_520ms,Trapezius (R),R_TR,9,266.0841938043035,274.0841938043035,298.44400317687325,,,none,30.0,50,3,monophasic
Burst_autosave_20260717_162022_520ms,Trapezius (R),R_TR,10,299.44400317687325,307.44400317687325,331.803812549443,,,none,30.0,50,3,monophasic
Burst_autosave_20260717_162022_520ms,Trapezius (R),R_TR,1,0.0,8.0,32.35980937256977,,,none,30.0,55,3,monophasic
Burst_autosave_20260717_162022_520ms,Trapezius (R),R_TR,2,33.35980937256977,41.35980937256977,64.92533756885643,,,none,30.0,55,3,monophasic
Burst_autosave_20260717_162022_520ms,Trapezius (R),R_TR,3,65.92533756885643,73.92533756885643,99.07942811772352,,,none,30.0,55,3,monophasic
Burst_autosave_20260717_162022_520ms,Trapezius (R),R_TR,4,100.07942811772352,108.07942811772352,132.4392374902933,,,none,30.0,55,3,monophasic
Burst_autosave_20260717_162022_520ms,Trapezius (R),R_TR,5,133.4392374902933,141.4392374902933,165.79904686193936,,,none,30.0,55,3,monophasic
Burst_autosave_20260717_162022_520ms,Trapezius (R),R_TR,6,166.79904686193936,174.79904686193936,198.36457505914973,,,none,30.0,55,3,monophasic
Burst_autosave_20260717_162022_520ms,Trapezius (R),R_TR,7,199.36457505914973,207.36457505914973,231.7243844317195,,,none,30.0,55,3,monophasic
Burst_autosave_20260717_162022_520ms,Trapezius (R),R_TR,8,232.7243844317195,240.7243844317195,265.0841938043035,,,none,30.0,55,3,monophasic
Burst_autosave_20260717_162022_520ms,Trapezius (R),R_TR,9,266.0841938043035,274.0841938043035,298.44400317687325,,,none,30.0,55,3,monophasic
Burst_autosave_20260717_162022_520ms,Trapezius (R),R_TR,10,299.44400317687325,307.44400317687325,331.803812549443,,,none,30.0,55,3,monophasic
Burst_autosave_20260717_162022_520ms,Thenar (R),R_The_ED_FD_FCR A,1,0.0,8.0,32.35980937256977,,,none,30.0,10,3,monophasic
Burst_autosave_20260717_162022_520ms,Thenar (R),R_The_ED_FD_FCR A,2,33.35980937256977,41.35980937256977,64.92533756885643,,,none,30.0,10,3,monophasic
Burst_autosave_20260717_162022_520ms,Thenar (R),R_The_ED_FD_FCR A,3,65.92533756885643,73.92533756885643,99.07942811772352,,,none,30.0,10,3,monophasic
Burst_autosave_20260717_162022_520ms,Thenar (R),R_The_ED_FD_FCR A,4,100.07942811772352,108.07942811772352,132.4392374902933,,,none,30.0,10,3,monophasic
Burst_autosave_20260717_162022_520ms,Thenar (R),R_The_ED_FD_FCR A,5,133.4392374902933,141.4392374902933,165.79904686193936,,,none,30.0,10,3,monophasic
Burst_autosave_20260717_162022_520ms,Thenar (R),R_The_ED_FD_FCR A,6,166.79904686193936,174.79904686193936,198.36457505914973,,,none,30.0,10,3,monophasic
Burst_autosave_20260717_162022_520ms,Thenar (R),R_The_ED_FD_FCR A,7,199.36457505914973,207.36457505914973,231.7243844317195,,,none,30.0,10,3,monophasic
Burst_autosave_20260717_162022_520ms,Thenar (R),R_The_ED_FD_FCR A,8,232.7243844317195,240.7243844317195,265.0841938043035,,,none,30.0,10,3,monophasic
Burst_autosave_20260717_162022_520ms,Thenar (R),R_The_ED_FD_FCR A,9,266.0841938043035,274.0841938043035,298.44400317687325,,,none,30.0,10,3,monophasic
Burst_autosave_20260717_162022_520ms,Thenar (R),R_The_ED_FD_FCR A,10,299.44400317687325,307.44400317687325,331.803812549443,,,none,30.0,10,3,monophasic
Burst_autosave_20260717_162022_520ms,Thenar (R),R_The_ED_FD_FCR A,1,0.0,8.0,32.35980937256977,,,none,30.0,15,3,monophasic
Burst_autosave_20260717_162022_520ms,Thenar (R),R_The_ED_FD_FCR A,2,33.35980937256977,41.35980937256977,64.92533756885643,,,none,30.0,15,3,monophasic
Burst_autosave_20260717_162022_520ms,Thenar (R),R_The_ED_FD_FCR A,3,65.92533756885643,73.92533756885643,99.07942811772352,,,none,30.0,15,3,monophasic
Burst_autosave_20260717_162022_520ms,Thenar (R),R_The_ED_FD_FCR A,4,100.07942811772352,108.07942811772352,132.4392374902933,,,none,30.0,15,3,monophasic
Burst_autosave_20260717_162022_520ms,Thenar (R),R_The_ED_FD_FCR A,5,133.4392374902933,141.4392374902933,165.79904686193936,,,none,30.0,15,3,monophasic
Burst_autosave_20260717_162022_520ms,Thenar (R),R_The_ED_FD_FCR A,6,166.79904686193936,174.79904686193936,198.36457505914973,,,none,30.0,15,3,monophasic
Burst_autosave_20260717_162022_520ms,Thenar (R),R_The_ED_FD_FCR A,7,199.36457505914973,207.36457505914973,231.7243844317195,,,none,30.0,15,3,monophasic
Burst_autosave_20260717_162022_520ms,Thenar (R),R_The_ED_FD_FCR A,8,232.7243844317195,240.7243844317195,265.0841938043035,,,none,30.0,15,3,monophasic
Burst_autosave_20260717_162022_520ms,Thenar (R),R_The_ED_FD_FCR A,9,266.0841938043035,274.0841938043035,298.44400317687325,,,none,30.0,15,3,monophasic
Burst_autosave_20260717_162022_520ms,Thenar (R),R_The_ED_FD_FCR A,10,299.44400317687325,307.44400317687325,331.803812549443,,,none,30.0,15,3,monophasic
Burst_autosave_20260717_162022_520ms,Thenar (R),R_The_ED_FD_FCR A,1,0.0,8.0,32.35980937256977,,,none,30.0,20,3,monophasic
Burst_autosave_20260717_162022_520ms,Thenar (R),R_The_ED_FD_FCR A,2,33.35980937256977,41.35980937256977,64.92533756885643,,,none,30.0,20,3,monophasic
Burst_autosave_20260717_162022_520ms,Thenar (R),R_The_ED_FD_FCR A,3,65.92533756885643,73.92533756885643,99.07942811772352,,,none,30.0,20,3,monophasic
Burst_autosave_20260717_162022_520ms,Thenar (R),R_The_ED_FD_FCR A,4,100.07942811772352,108.07942811772352,132.4392374902933,,,none,30.0,20,3,monophasic
Burst_autosave_20260717_162022_520ms,Thenar (R),R_The_ED_FD_FCR A,5,133.4392374902933,141.4392374902933,165.79904686193936,,,none,30.0,20,3,monophasic
Burst_autosave_20260717_162022_520ms,Thenar (R),R_The_ED_FD_FCR A,6,166.79904686193936,174.79904686193936,198.36457505914973,,,none,30.0,20,3,monophasic
Burst_autosave_20260717_162022_520ms,Thenar (R),R_The_ED_FD_FCR A,7,199.36457505914973,207.36457505914973,231.7243844317195,,,none,30.0,20,3,monophasic
Burst_autosave_20260717_162022_520ms,Thenar (R),R_The_ED_FD_FCR A,8,232.7243844317195,240.7243844317195,265.0841938043035,,,none,30.0,20,3,monophasic
Burst_autosave_20260717_162022_520ms,Thenar (R),R_The_ED_FD_FCR A,9,266.0841938043035,274.0841938043035,298.44400317687325,,,none,30.0,20,3,monophasic
Burst_autosave_20260717_162022_520ms,Thenar (R),R_The_ED_FD_FCR A,10,299.44400317687325,307.44400317687325,331.803812549443,,,none,30.0,20,3,monophasic
Burst_autosave_20260717_162022_520ms,Thenar (R),R_The_ED_FD_FCR A,1,0.0,8.0,32.35980937256977,,,none,30.0,25,3,monophasic
Burst_autosave_20260717_162022_520ms,Thenar (R),R_The_ED_FD_FCR A,2,33.35980937256977,41.35980937256977,64.92533756885643,,,none,30.0,25,3,monophasic
Burst_autosave_20260717_162022_520ms,Thenar (R),R_The_ED_FD_FCR A,3,65.92533756885643,73.92533756885643,99.07942811772352,,,none,30.0,25,3,monophasic
Burst_autosave_20260717_162022_520ms,Thenar (R),R_The_ED_FD_FCR A,4,100.07942811772352,108.07942811772352,132.4392374902933,,,none,30.0,25,3,monophasic
Burst_autosave_20260717_162022_520ms,Thenar (R),R_The_ED_FD_FCR A,5,133.4392374902933,141.4392374902933,165.79904686193936,,,none,30.0,25,3,monophasic
Burst_autosave_20260717_162022_520ms,Thenar (R),R_The_ED_FD_FCR A,6,166.79904686193936,174.79904686193936,198.36457505914973,,,none,30.0,25,3,monophasic
Burst_autosave_20260717_162022_520ms,Thenar (R),R_The_ED_FD_FCR A,7,199.36457505914973,207.36457505914973,231.7243844317195,,,none,30.0,25,3,monophasic
Burst_autosave_20260717_162022_520ms,Thenar (R),R_The_ED_FD_FCR A,8,232.7243844317195,240.7243844317195,265.0841938043035,,,none,30.0,25,3,monophasic
Burst_autosave_20260717_162022_520ms,Thenar (R),R_The_ED_FD_FCR A,9,266.0841938043035,274.0841938043035,298.44400317687325,,,none,30.0,25,3,monophasic
Burst_autosave_20260717_162022_520ms,Thenar (R),R_The_ED_FD_FCR A,10,299.44400317687325,307.44400317687325,331.803812549443,,,none,30.0,25,3,monophasic
Burst_autosave_20260717_162022_520ms,Thenar (R),R_The_ED_FD_FCR A,1,0.0,8.0,32.35980937256977,,,none,30.0,30,3,monophasic
Burst_autosave_20260717_162022_520ms,Thenar (R),R_The_ED_FD_FCR A,2,33.35980937256977,41.35980937256977,64.92533756885643,,,none,30.0,30,3,monophasic
Burst_autosave_20260717_162022_520ms,Thenar (R),R_The_ED_FD_FCR A,3,65.92533756885643,73.92533756885643,99.07942811772352,,,none,30.0,30,3,monophasic
Burst_autosave_20260717_162022_520ms,Thenar (R),R_The_ED_FD_FCR A,4,100.07942811772352,108.07942811772352,132.4392374902933,,,none,30.0,30,3,monophasic
Burst_autosave_20260717_162022_520ms,Thenar (R),R_The_ED_FD_FCR A,5,133.4392374902933,141.4392374902933,165.79904686193936,,,none,30.0,30,3,monophasic
Burst_autosave_20260717_162022_520ms,Thenar (R),R_The_ED_FD_FCR A,6,166.79904686193936,174.79904686193936,198.36457505914973,,,none,30.0,30,3,monophasic
Burst_autosave_20260717_162022_520ms,Thenar (R),R_The_ED_FD_FCR A,7,199.36457505914973,207.36457505914973,231.7243844317195,,,none,30.0,30,3,monophasic
Burst_autosave_20260717_162022_520ms,Thenar (R),R_The_ED_FD_FCR A,8,232.7243844317195,240.7243844317195,265.0841938043035,,,none,30.0,30,3,monophasic
Burst_autosave_20260717_162022_520ms,Thenar (R),R_The_ED_FD_FCR A,9,266.0841938043035,274.0841938043035,298.44400317687325,,,none,30.0,30,3,monophasic
Burst_autosave_20260717_162022_520ms,Thenar (R),R_The_ED_FD_FCR A,10,299.44400317687325,307.44400317687325,331.803812549443,,,none,30.0,30,3,monophasic
Burst_autosave_20260717_162022_520ms,Thenar (R),R_The_ED_FD_FCR A,1,0.0,8.0,32.35980937256977,,,none,30.0,35,3,monophasic
Burst_autosave_20260717_162022_520ms,Thenar (R),R_The_ED_FD_FCR A,2,33.35980937256977,41.35980937256977,64.92533756885643,,,none,30.0,35,3,monophasic
Burst_autosave_20260717_162022_520ms,Thenar (R),R_The_ED_FD_FCR A,3,65.92533756885643,73.92533756885643,99.07942811772352,,,none,30.0,35,3,monophasic
Burst_autosave_20260717_162022_520ms,Thenar (R),R_The_ED_FD_FCR A,4,100.07942811772352,108.07942811772352,132.4392374902933,,,none,30.0,35,3,monophasic
Burst_autosave_20260717_162022_520ms,Thenar (R),R_The_ED_FD_FCR A,5,133.4392374902933,141.4392374902933,165.79904686193936,,,none,30.0,35,3,monophasic
Burst_autosave_20260717_162022_520ms,Thenar (R),R_The_ED_FD_FCR A,6,166.79904686193936,174.79904686193936,198.36457505914973,,,none,30.0,35,3,monophasic
Burst_autosave_20260717_162022_520ms,Thenar (R),R_The_ED_FD_FCR A,7,199.36457505914973,207.36457505914973,231.7243844317195,,,none,30.0,35,3,monophasic
Burst_autosave_20260717_162022_520ms,Thenar (R),R_The_ED_FD_FCR A,8,232.7243844317195,240.7243844317195,265.0841938043035,,,none,30.0,35,3,monophasic
Burst_autosave_20260717_162022_520ms,Thenar (R),R_The_ED_FD_FCR A,9,266.0841938043035,274.0841938043035,298.44400317687325,,,none,30.0,35,3,monophasic
Burst_autosave_20260717_162022_520ms,Thenar (R),R_The_ED_FD_FCR A,10,299.44400317687325,307.44400317687325,331.803812549443,,,none,30.0,35,3,monophasic
Burst_autosave_20260717_162022_520ms,Thenar (R),R_The_ED_FD_FCR A,1,0.0,8.0,32.35980937256977,,,none,30.0,40,3,monophasic
Burst_autosave_20260717_162022_520ms,Thenar (R),R_The_ED_FD_FCR A,2,33.35980937256977,41.35980937256977,64.92533756885643,,,none,30.0,40,3,monophasic
Burst_autosave_20260717_162022_520ms,Thenar (R),R_The_ED_FD_FCR A,3,65.92533756885643,73.92533756885643,99.07942811772352,,,none,30.0,40,3,monophasic
Burst_autosave_20260717_162022_520ms,Thenar (R),R_The_ED_FD_FCR A,4,100.07942811772352,108.07942811772352,132.4392374902933,,,none,30.0,40,3,monophasic
Burst_autosave_20260717_162022_520ms,Thenar (R),R_The_ED_FD_FCR A,5,133.4392374902933,141.4392374902933,165.79904686193936,,,none,30.0,40,3,monophasic
Burst_autosave_20260717_162022_520ms,Thenar (R),R_The_ED_FD_FCR A,6,166.79904686193936,174.79904686193936,198.36457505914973,,,none,30.0,40,3,monophasic
Burst_autosave_20260717_162022_520ms,Thenar (R),R_The_ED_FD_FCR A,7,199.36457505914973,207.36457505914973,231.7243844317195,,,none,30.0,40,3,monophasic
Burst_autosave_20260717_162022_520ms,Thenar (R),R_The_ED_FD_FCR A,8,232.7243844317195,240.7243844317195,265.0841938043035,,,none,30.0,40,3,monophasic
Burst_autosave_20260717_162022_520ms,Thenar (R),R_The_ED_FD_FCR A,9,266.0841938043035,274.0841938043035,298.44400317687325,,,none,30.0,40,3,monophasic
Burst_autosave_20260717_162022_520ms,Thenar (R),R_The_ED_FD_FCR A,10,299.44400317687325,307.44400317687325,331.803812549443,,,none,30.0,40,3,monophasic
Burst_autosave_20260717_162022_520ms,Thenar (R),R_The_ED_FD_FCR A,1,0.0,8.0,32.35980937256977,,,none,30.0,45,3,monophasic
Burst_autosave_20260717_162022_520ms,Thenar (R),R_The_ED_FD_FCR A,2,33.35980937256977,41.35980937256977,64.92533756885643,,,none,30.0,45,3,monophasic
Burst_autosave_20260717_162022_520ms,Thenar (R),R_The_ED_FD_FCR A,3,65.92533756885643,73.92533756885643,99.07942811772352,,,none,30.0,45,3,monophasic
Burst_autosave_20260717_162022_520ms,Thenar (R),R_The_ED_FD_FCR A,4,100.07942811772352,108.07942811772352,132.4392374902933,,,none,30.0,45,3,monophasic
Burst_autosave_20260717_162022_520ms,Thenar (R),R_The_ED_FD_FCR A,5,133.4392374902933,141.4392374902933,165.79904686193936,,,none,30.0,45,3,monophasic
Burst_autosave_20260717_162022_520ms,Thenar (R),R_The_ED_FD_FCR A,6,166.79904686193936,174.79904686193936,198.36457505914973,,,none,30.0,45,3,monophasic
Burst_autosave_20260717_162022_520ms,Thenar (R),R_The_ED_FD_FCR A,7,199.36457505914973,207.36457505914973,231.7243844317195,,,none,30.0,45,3,monophasic
Burst_autosave_20260717_162022_520ms,Thenar (R),R_The_ED_FD_FCR A,8,232.7243844317195,240.7243844317195,265.0841938043035,,,none,30.0,45,3,monophasic
Burst_autosave_20260717_162022_520ms,Thenar (R),R_The_ED_FD_FCR A,9,266.0841938043035,274.0841938043035,298.44400317687325,,,none,30.0,45,3,monophasic
Burst_autosave_20260717_162022_520ms,Thenar (R),R_The_ED_FD_FCR A,10,299.44400317687325,307.44400317687325,331.803812549443,,,none,30.0,45,3,monophasic
Burst_autosave_20260717_162022_520ms,Thenar (R),R_The_ED_FD_FCR A,1,0.0,8.0,32.35980937256977,,,none,30.0,50,3,monophasic
Burst_autosave_20260717_162022_520ms,Thenar (R),R_The_ED_FD_FCR A,2,33.35980937256977,41.35980937256977,64.92533756885643,,,none,30.0,50,3,monophasic
Burst_autosave_20260717_162022_520ms,Thenar (R),R_The_ED_FD_FCR A,3,65.92533756885643,73.92533756885643,99.07942811772352,,,none,30.0,50,3,monophasic
Burst_autosave_20260717_162022_520ms,Thenar (R),R_The_ED_FD_FCR A,4,100.07942811772352,108.07942811772352,132.4392374902933,,,none,30.0,50,3,monophasic
Burst_autosave_20260717_162022_520ms,Thenar (R),R_The_ED_FD_FCR A,5,133.4392374902933,141.4392374902933,165.79904686193936,,,none,30.0,50,3,monophasic
Burst_autosave_20260717_162022_520ms,Thenar (R),R_The_ED_FD_FCR A,6,166.79904686193936,174.79904686193936,198.36457505914973,,,none,30.0,50,3,monophasic
Burst_autosave_20260717_162022_520ms,Thenar (R),R_The_ED_FD_FCR A,7,199.36457505914973,207.36457505914973,231.7243844317195,,,none,30.0,50,3,monophasic
Burst_autosave_20260717_162022_520ms,Thenar (R),R_The_ED_FD_FCR A,8,232.7243844317195,240.7243844317195,265.0841938043035,,,none,30.0,50,3,monophasic
Burst_autosave_20260717_162022_520ms,Thenar (R),R_The_ED_FD_FCR A,9,266.0841938043035,274.0841938043035,298.44400317687325,,,none,30.0,50,3,monophasic
Burst_autosave_20260717_162022_520ms,Thenar (R),R_The_ED_FD_FCR A,10,299.44400317687325,307.44400317687325,331.803812549443,,,none,30.0,50,3,monophasic
Burst_autosave_20260717_162022_520ms,Thenar (R),R_The_ED_FD_FCR A,1,0.0,8.0,32.35980937256977,0.10087739303708076,0.10087739303708076,none,30.0,55,3,monophasic
Burst_autosave_20260717_162022_520ms,Thenar (R),R_The_ED_FD_FCR A,2,33.35980937256977,41.35980937256977,64.92533756885643,0.0073853665962815285,0.0073853665962815285,none,30.0,55,3,monophasic
Burst_autosave_20260717_162022_520ms,Thenar (R),R_The_ED_FD_FCR A,3,65.92533756885643,73.92533756885643,99.07942811772352,0.0120851444080472,0.0120851444080472,none,30.0,55,3,monophasic
Burst_autosave_20260717_162022_520ms,Thenar (R),R_The_ED_FD_FCR A,4,100.07942811772352,108.07942811772352,132.4392374902933,1.3068741858005524,1.3068741858005524,none,30.0,55,3,monophasic
Burst_autosave_20260717_162022_520ms,Thenar (R),R_The_ED_FD_FCR A,5,133.4392374902933,141.4392374902933,165.79904686193936,0.26385900378227234,0.26385900378227234,none,30.0,55,3,monophasic
Burst_autosave_20260717_162022_520ms,Thenar (R),R_The_ED_FD_FCR A,6,166.79904686193936,174.79904686193936,198.36457505914973,2.701533555984497,2.701533555984497,none,30.0,55,3,monophasic
Burst_autosave_20260717_162022_520ms,Thenar (R),R_The_ED_FD_FCR A,7,199.36457505914973,207.36457505914973,231.7243844317195,0.14871443063020706,0.14871443063020706,none,30.0,55,3,monophasic
Burst_autosave_20260717_162022_520ms,Thenar (R),R_The_ED_FD_FCR A,8,232.7243844317195,240.7243844317195,265.0841938043035,1.6209200620651245,1.6209200620651245,none,30.0,55,3,monophasic
Burst_autosave_20260717_162022_520ms,Thenar (R),R_The_ED_FD_FCR A,9,266.0841938043035,274.0841938043035,298.44400317687325,0.036423284094780684,0.036423284094780684,none,30.0,55,3,monophasic
Burst_autosave_20260717_162022_520ms,Thenar (R),R_The_ED_FD_FCR A,10,299.44400317687325,307.44400317687325,331.803812549443,0.09701685979962349,0.09701685979962349,none,30.0,55,3,monophasic
Burst_autosave_20260717_162022_520ms,Ext. digitorum (R),R_The_ED_FD_FCR B,1,0.0,8.0,32.35980937256977,,,none,30.0,10,3,monophasic
Burst_autosave_20260717_162022_520ms,Ext. digitorum (R),R_The_ED_FD_FCR B,2,33.35980937256977,41.35980937256977,64.92533756885643,,,none,30.0,10,3,monophasic
Burst_autosave_20260717_162022_520ms,Ext. digitorum (R),R_The_ED_FD_FCR B,3,65.92533756885643,73.92533756885643,99.07942811772352,,,none,30.0,10,3,monophasic
Burst_autosave_20260717_162022_520ms,Ext. digitorum (R),R_The_ED_FD_FCR B,4,100.07942811772352,108.07942811772352,132.4392374902933,,,none,30.0,10,3,monophasic
Burst_autosave_20260717_162022_520ms,Ext. digitorum (R),R_The_ED_FD_FCR B,5,133.4392374902933,141.4392374902933,165.79904686193936,,,none,30.0,10,3,monophasic
Burst_autosave_20260717_162022_520ms,Ext. digitorum (R),R_The_ED_FD_FCR B,6,166.79904686193936,174.79904686193936,198.36457505914973,,,none,30.0,10,3,monophasic
Burst_autosave_20260717_162022_520ms,Ext. digitorum (R),R_The_ED_FD_FCR B,7,199.36457505914973,207.36457505914973,231.7243844317195,,,none,30.0,10,3,monophasic
Burst_autosave_20260717_162022_520ms,Ext. digitorum (R),R_The_ED_FD_FCR B,8,232.7243844317195,240.7243844317195,265.0841938043035,,,none,30.0,10,3,monophasic
Burst_autosave_20260717_162022_520ms,Ext. digitorum (R),R_The_ED_FD_FCR B,9,266.0841938043035,274.0841938043035,298.44400317687325,,,none,30.0,10,3,monophasic
Burst_autosave_20260717_162022_520ms,Ext. digitorum (R),R_The_ED_FD_FCR B,10,299.44400317687325,307.44400317687325,331.803812549443,,,none,30.0,10,3,monophasic
Burst_autosave_20260717_162022_520ms,Ext. digitorum (R),R_The_ED_FD_FCR B,1,0.0,8.0,32.35980937256977,,,none,30.0,15,3,monophasic
Burst_autosave_20260717_162022_520ms,Ext. digitorum (R),R_The_ED_FD_FCR B,2,33.35980937256977,41.35980937256977,64.92533756885643,,,none,30.0,15,3,monophasic
Burst_autosave_20260717_162022_520ms,Ext. digitorum (R),R_The_ED_FD_FCR B,3,65.92533756885643,73.92533756885643,99.07942811772352,,,none,30.0,15,3,monophasic
Burst_autosave_20260717_162022_520ms,Ext. digitorum (R),R_The_ED_FD_FCR B,4,100.07942811772352,108.07942811772352,132.4392374902933,,,none,30.0,15,3,monophasic
Burst_autosave_20260717_162022_520ms,Ext. digitorum (R),R_The_ED_FD_FCR B,5,133.4392374902933,141.4392374902933,165.79904686193936,,,none,30.0,15,3,monophasic
Burst_autosave_20260717_162022_520ms,Ext. digitorum (R),R_The_ED_FD_FCR B,6,166.79904686193936,174.79904686193936,198.36457505914973,,,none,30.0,15,3,monophasic
Burst_autosave_20260717_162022_520ms,Ext. digitorum (R),R_The_ED_FD_FCR B,7,199.36457505914973,207.36457505914973,231.7243844317195,,,none,30.0,15,3,monophasic
Burst_autosave_20260717_162022_520ms,Ext. digitorum (R),R_The_ED_FD_FCR B,8,232.7243844317195,240.7243844317195,265.0841938043035,,,none,30.0,15,3,monophasic
Burst_autosave_20260717_162022_520ms,Ext. digitorum (R),R_The_ED_FD_FCR B,9,266.0841938043035,274.0841938043035,298.44400317687325,,,none,30.0,15,3,monophasic
Burst_autosave_20260717_162022_520ms,Ext. digitorum (R),R_The_ED_FD_FCR B,10,299.44400317687325,307.44400317687325,331.803812549443,,,none,30.0,15,3,monophasic
Burst_autosave_20260717_162022_520ms,Ext. digitorum (R),R_The_ED_FD_FCR B,1,0.0,8.0,32.35980937256977,,,none,30.0,20,3,monophasic
Burst_autosave_20260717_162022_520ms,Ext. digitorum (R),R_The_ED_FD_FCR B,2,33.35980937256977,41.35980937256977,64.92533756885643,,,none,30.0,20,3,monophasic
Burst_autosave_20260717_162022_520ms,Ext. digitorum (R),R_The_ED_FD_FCR B,3,65.92533756885643,73.92533756885643,99.07942811772352,,,none,30.0,20,3,monophasic
Burst_autosave_20260717_162022_520ms,Ext. digitorum (R),R_The_ED_FD_FCR B,4,100.07942811772352,108.07942811772352,132.4392374902933,,,none,30.0,20,3,monophasic
Burst_autosave_20260717_162022_520ms,Ext. digitorum (R),R_The_ED_FD_FCR B,5,133.4392374902933,141.4392374902933,165.79904686193936,,,none,30.0,20,3,monophasic
Burst_autosave_20260717_162022_520ms,Ext. digitorum (R),R_The_ED_FD_FCR B,6,166.79904686193936,174.79904686193936,198.36457505914973,,,none,30.0,20,3,monophasic
Burst_autosave_20260717_162022_520ms,Ext. digitorum (R),R_The_ED_FD_FCR B,7,199.36457505914973,207.36457505914973,231.7243844317195,,,none,30.0,20,3,monophasic
Burst_autosave_20260717_162022_520ms,Ext. digitorum (R),R_The_ED_FD_FCR B,8,232.7243844317195,240.7243844317195,265.0841938043035,,,none,30.0,20,3,monophasic
Burst_autosave_20260717_162022_520ms,Ext. digitorum (R),R_The_ED_FD_FCR B,9,266.0841938043035,274.0841938043035,298.44400317687325,,,none,30.0,20,3,monophasic
Burst_autosave_20260717_162022_520ms,Ext. digitorum (R),R_The_ED_FD_FCR B,10,299.44400317687325,307.44400317687325,331.803812549443,,,none,30.0,20,3,monophasic
Burst_autosave_20260717_162022_520ms,Ext. digitorum (R),R_The_ED_FD_FCR B,1,0.0,8.0,32.35980937256977,,,none,30.0,25,3,monophasic
Burst_autosave_20260717_162022_520ms,Ext. digitorum (R),R_The_ED_FD_FCR B,2,33.35980937256977,41.35980937256977,64.92533756885643,,,none,30.0,25,3,monophasic
Burst_autosave_20260717_162022_520ms,Ext. digitorum (R),R_The_ED_FD_FCR B,3,65.92533756885643,73.92533756885643,99.07942811772352,,,none,30.0,25,3,monophasic
Burst_autosave_20260717_162022_520ms,Ext. digitorum (R),R_The_ED_FD_FCR B,4,100.07942811772352,108.07942811772352,132.4392374902933,,,none,30.0,25,3,monophasic
Burst_autosave_20260717_162022_520ms,Ext. digitorum (R),R_The_ED_FD_FCR B,5,133.4392374902933,141.4392374902933,165.79904686193936,,,none,30.0,25,3,monophasic
Burst_autosave_20260717_162022_520ms,Ext. digitorum (R),R_The_ED_FD_FCR B,6,166.79904686193936,174.79904686193936,198.36457505914973,,,none,30.0,25,3,monophasic
Burst_autosave_20260717_162022_520ms,Ext. digitorum (R),R_The_ED_FD_FCR B,7,199.36457505914973,207.36457505914973,231.7243844317195,,,none,30.0,25,3,monophasic
Burst_autosave_20260717_162022_520ms,Ext. digitorum (R),R_The_ED_FD_FCR B,8,232.7243844317195,240.7243844317195,265.0841938043035,,,none,30.0,25,3,monophasic
Burst_autosave_20260717_162022_520ms,Ext. digitorum (R),R_The_ED_FD_FCR B,9,266.0841938043035,274.0841938043035,298.44400317687325,,,none,30.0,25,3,monophasic
Burst_autosave_20260717_162022_520ms,Ext. digitorum (R),R_The_ED_FD_FCR B,10,299.44400317687325,307.44400317687325,331.803812549443,,,none,30.0,25,3,monophasic
Burst_autosave_20260717_162022_520ms,Ext. digitorum (R),R_The_ED_FD_FCR B,1,0.0,8.0,32.35980937256977,,,none,30.0,30,3,monophasic
Burst_autosave_20260717_162022_520ms,Ext. digitorum (R),R_The_ED_FD_FCR B,2,33.35980937256977,41.35980937256977,64.92533756885643,,,none,30.0,30,3,monophasic
Burst_autosave_20260717_162022_520ms,Ext. digitorum (R),R_The_ED_FD_FCR B,3,65.92533756885643,73.92533756885643,99.07942811772352,,,none,30.0,30,3,monophasic
Burst_autosave_20260717_162022_520ms,Ext. digitorum (R),R_The_ED_FD_FCR B,4,100.07942811772352,108.07942811772352,132.4392374902933,,,none,30.0,30,3,monophasic
Burst_autosave_20260717_162022_520ms,Ext. digitorum (R),R_The_ED_FD_FCR B,5,133.4392374902933,141.4392374902933,165.79904686193936,,,none,30.0,30,3,monophasic
Burst_autosave_20260717_162022_520ms,Ext. digitorum (R),R_The_ED_FD_FCR B,6,166.79904686193936,174.79904686193936,198.36457505914973,,,none,30.0,30,3,monophasic
Burst_autosave_20260717_162022_520ms,Ext. digitorum (R),R_The_ED_FD_FCR B,7,199.36457505914973,207.36457505914973,231.7243844317195,,,none,30.0,30,3,monophasic
Burst_autosave_20260717_162022_520ms,Ext. digitorum (R),R_The_ED_FD_FCR B,8,232.7243844317195,240.7243844317195,265.0841938043035,,,none,30.0,30,3,monophasic
Burst_autosave_20260717_162022_520ms,Ext. digitorum (R),R_The_ED_FD_FCR B,9,266.0841938043035,274.0841938043035,298.44400317687325,,,none,30.0,30,3,monophasic
Burst_autosave_20260717_162022_520ms,Ext. digitorum (R),R_The_ED_FD_FCR B,10,299.44400317687325,307.44400317687325,331.803812549443,,,none,30.0,30,3,monophasic
Burst_autosave_20260717_162022_520ms,Ext. digitorum (R),R_The_ED_FD_FCR B,1,0.0,8.0,32.35980937256977,,,none,30.0,35,3,monophasic
Burst_autosave_20260717_162022_520ms,Ext. digitorum (R),R_The_ED_FD_FCR B,2,33.35980937256977,41.35980937256977,64.92533756885643,,,none,30.0,35,3,monophasic
Burst_autosave_20260717_162022_520ms,Ext. digitorum (R),R_The_ED_FD_FCR B,3,65.92533756885643,73.92533756885643,99.07942811772352,,,none,30.0,35,3,monophasic
Burst_autosave_20260717_162022_520ms,Ext. digitorum (R),R_The_ED_FD_FCR B,4,100.07942811772352,108.07942811772352,132.4392374902933,,,none,30.0,35,3,monophasic
Burst_autosave_20260717_162022_520ms,Ext. digitorum (R),R_The_ED_FD_FCR B,5,133.4392374902933,141.4392374902933,165.79904686193936,,,none,30.0,35,3,monophasic
Burst_autosave_20260717_162022_520ms,Ext. digitorum (R),R_The_ED_FD_FCR B,6,166.79904686193936,174.79904686193936,198.36457505914973,,,none,30.0,35,3,monophasic
Burst_autosave_20260717_162022_520ms,Ext. digitorum (R),R_The_ED_FD_FCR B,7,199.36457505914973,207.36457505914973,231.7243844317195,,,none,30.0,35,3,monophasic
Burst_autosave_20260717_162022_520ms,Ext. digitorum (R),R_The_ED_FD_FCR B,8,232.7243844317195,240.7243844317195,265.0841938043035,,,none,30.0,35,3,monophasic
Burst_autosave_20260717_162022_520ms,Ext. digitorum (R),R_The_ED_FD_FCR B,9,266.0841938043035,274.0841938043035,298.44400317687325,,,none,30.0,35,3,monophasic
Burst_autosave_20260717_162022_520ms,Ext. digitorum (R),R_The_ED_FD_FCR B,10,299.44400317687325,307.44400317687325,331.803812549443,,,none,30.0,35,3,monophasic
Burst_autosave_20260717_162022_520ms,Ext. digitorum (R),R_The_ED_FD_FCR B,1,0.0,8.0,32.35980937256977,,,none,30.0,40,3,monophasic
Burst_autosave_20260717_162022_520ms,Ext. digitorum (R),R_The_ED_FD_FCR B,2,33.35980937256977,41.35980937256977,64.92533756885643,,,none,30.0,40,3,monophasic
Burst_autosave_20260717_162022_520ms,Ext. digitorum (R),R_The_ED_FD_FCR B,3,65.92533756885643,73.92533756885643,99.07942811772352,,,none,30.0,40,3,monophasic
Burst_autosave_20260717_162022_520ms,Ext. digitorum (R),R_The_ED_FD_FCR B,4,100.07942811772352,108.07942811772352,132.4392374902933,,,none,30.0,40,3,monophasic
Burst_autosave_20260717_162022_520ms,Ext. digitorum (R),R_The_ED_FD_FCR B,5,133.4392374902933,141.4392374902933,165.79904686193936,,,none,30.0,40,3,monophasic
Burst_autosave_20260717_162022_520ms,Ext. digitorum (R),R_The_ED_FD_FCR B,6,166.79904686193936,174.79904686193936,198.36457505914973,,,none,30.0,40,3,monophasic
Burst_autosave_20260717_162022_520ms,Ext. digitorum (R),R_The_ED_FD_FCR B,7,199.36457505914973,207.36457505914973,231.7243844317195,,,none,30.0,40,3,monophasic
Burst_autosave_20260717_162022_520ms,Ext. digitorum (R),R_The_ED_FD_FCR B,8,232.7243844317195,240.7243844317195,265.0841938043035,,,none,30.0,40,3,monophasic
Burst_autosave_20260717_162022_520ms,Ext. digitorum (R),R_The_ED_FD_FCR B,9,266.0841938043035,274.0841938043035,298.44400317687325,,,none,30.0,40,3,monophasic
Burst_autosave_20260717_162022_520ms,Ext. digitorum (R),R_The_ED_FD_FCR B,10,299.44400317687325,307.44400317687325,331.803812549443,,,none,30.0,40,3,monophasic
Burst_autosave_20260717_162022_520ms,Ext. digitorum (R),R_The_ED_FD_FCR B,1,0.0,8.0,32.35980937256977,0.027191576780751348,0.027191576780751348,none,30.0,45,3,monophasic
Burst_autosave_20260717_162022_520ms,Ext. digitorum (R),R_The_ED_FD_FCR B,2,33.35980937256977,41.35980937256977,64.92533756885643,0.031219959491863847,0.031219959491863847,none,30.0,45,3,monophasic
Burst_autosave_20260717_162022_520ms,Ext. digitorum (R),R_The_ED_FD_FCR B,3,65.92533756885643,73.92533756885643,99.07942811772352,0.010742350481450558,0.010742350481450558,none,30.0,45,3,monophasic
Burst_autosave_20260717_162022_520ms,Ext. digitorum (R),R_The_ED_FD_FCR B,4,100.07942811772352,108.07942811772352,132.4392374902933,0.02249179733917117,0.02249179733917117,none,30.0,45,3,monophasic
Burst_autosave_20260717_162022_520ms,Ext. digitorum (R),R_The_ED_FD_FCR B,5,133.4392374902933,141.4392374902933,165.79904686193936,0.00839246204122901,0.00839246204122901,none,30.0,45,3,monophasic
Burst_autosave_20260717_162022_520ms,Ext. digitorum (R),R_The_ED_FD_FCR B,6,166.79904686193936,174.79904686193936,198.36457505914973,0.02282749698497355,0.02282749698497355,none,30.0,45,3,monophasic
Burst_autosave_20260717_162022_520ms,Ext. digitorum (R),R_The_ED_FD_FCR B,7,199.36457505914973,207.36457505914973,231.7243844317195,0.026520180283114314,0.026520180283114314,none,30.0,45,3,monophasic
Burst_autosave_20260717_162022_520ms,Ext. digitorum (R),R_The_ED_FD_FCR B,8,232.7243844317195,240.7243844317195,265.0841938043035,0.00839246204122901,0.00839246204122901,none,30.0,45,3,monophasic
Burst_autosave_20260717_162022_520ms,Ext. digitorum (R),R_The_ED_FD_FCR B,9,266.0841938043035,274.0841938043035,298.44400317687325,0.024505988461896777,0.024505988461896777,none,30.0,45,3,monophasic
Burst_autosave_20260717_162022_520ms,Ext. digitorum (R),R_The_ED_FD_FCR B,10,299.44400317687325,307.44400317687325,331.803812549443,0.022156100254505873,0.022156100254505873,none,30.0,45,3,monophasic
Burst_autosave_20260717_162022_520ms,Ext. digitorum (R),R_The_ED_FD_FCR B,1,0.0,8.0,32.35980937256977,0.1101091019809246,0.1101091019809246,none,30.0,50,3,monophasic
Burst_autosave_20260717_162022_520ms,Ext. digitorum (R),R_The_ED_FD_FCR B,2,33.35980937256977,41.35980937256977,64.92533756885643,0.06176852062344551,0.06176852062344551,none,30.0,50,3,monophasic
Burst_autosave_20260717_162022_520ms,Ext. digitorum (R),R_The_ED_FD_FCR B,3,65.92533756885643,73.92533756885643,99.07942811772352,0.028702221112325788,0.028702221112325788,none,30.0,50,3,monophasic
Burst_autosave_20260717_162022_520ms,Ext. digitorum (R),R_The_ED_FD_FCR B,4,100.07942811772352,108.07942811772352,132.4392374902933,0.10977340117096901,0.10977340117096901,none,30.0,50,3,monophasic
Burst_autosave_20260717_162022_520ms,Ext. digitorum (R),R_The_ED_FD_FCR B,5,133.4392374902933,141.4392374902933,165.79904686193936,0.027862973976880312,0.027862973976880312,none,30.0,50,3,monophasic
Burst_autosave_20260717_162022_520ms,Ext. digitorum (R),R_The_ED_FD_FCR B,6,166.79904686193936,174.79904686193936,198.36457505914973,0.017456320114433765,0.017456320114433765,none,30.0,50,3,monophasic
Burst_autosave_20260717_162022_520ms,Ext. digitorum (R),R_The_ED_FD_FCR B,7,199.36457505914973,207.36457505914973,231.7243844317195,0.04901197925209999,0.04901197925209999,none,30.0,50,3,monophasic
Burst_autosave_20260717_162022_520ms,Ext. digitorum (R),R_The_ED_FD_FCR B,8,232.7243844317195,240.7243844317195,265.0841938043035,0.01963836164213717,0.01963836164213717,none,30.0,50,3,monophasic
Burst_autosave_20260717_162022_520ms,Ext. digitorum (R),R_The_ED_FD_FCR B,9,266.0841938043035,274.0841938043035,298.44400317687325,0.03927672281861305,0.03927672281861305,none,30.0,50,3,monophasic
Burst_autosave_20260717_162022_520ms,Ext. digitorum (R),R_The_ED_FD_FCR B,10,299.44400317687325,307.44400317687325,331.803812549443,0.04431219957768917,0.04431219957768917,none,30.0,50,3,monophasic
Burst_autosave_20260717_162022_520ms,Ext. digitorum (R),R_The_ED_FD_FCR B,1,0.0,8.0,32.35980937256977,0.11279468983411789,0.11279468983411789,none,30.0,55,3,monophasic
Burst_autosave_20260717_162022_520ms,Ext. digitorum (R),R_The_ED_FD_FCR B,2,33.35980937256977,41.35980937256977,64.92533756885643,0.05119401961565018,0.05119401961565018,none,30.0,55,3,monophasic
Burst_autosave_20260717_162022_520ms,Ext. digitorum (R),R_The_ED_FD_FCR B,3,65.92533756885643,73.92533756885643,99.07942811772352,0.11749446392059326,0.11749446392059326,none,30.0,55,3,monophasic
Burst_autosave_20260717_162022_520ms,Ext. digitorum (R),R_The_ED_FD_FCR B,4,100.07942811772352,108.07942811772352,132.4392374902933,0.062439918518066406,0.062439918518066406,none,30.0,55,3,monophasic
Burst_autosave_20260717_162022_520ms,Ext. digitorum (R),R_The_ED_FD_FCR B,5,133.4392374902933,141.4392374902933,165.79904686193936,0.06210421770811081,0.06210421770811081,none,30.0,55,3,monophasic
Burst_autosave_20260717_162022_520ms,Ext. digitorum (R),R_The_ED_FD_FCR B,6,166.79904686193936,174.79904686193936,198.36457505914973,0.1112840436398983,0.1112840436398983,none,30.0,55,3,monophasic
Burst_autosave_20260717_162022_520ms,Ext. digitorum (R),R_The_ED_FD_FCR B,7,199.36457505914973,207.36457505914973,231.7243844317195,0.03692683298140764,0.03692683298140764,none,30.0,55,3,monophasic
Burst_autosave_20260717_162022_520ms,Ext. digitorum (R),R_The_ED_FD_FCR B,8,232.7243844317195,240.7243844317195,265.0841938043035,0.11245898902416229,0.11245898902416229,none,30.0,55,3,monophasic
Burst_autosave_20260717_162022_520ms,Ext. digitorum (R),R_The_ED_FD_FCR B,9,266.0841938043035,274.0841938043035,298.44400317687325,0.0473334863781929,0.0473334863781929,none,30.0,55,3,monophasic
Burst_autosave_20260717_162022_520ms,Ext. digitorum (R),R_The_ED_FD_FCR B,10,299.44400317687325,307.44400317687325,331.803812549443,0.04884412884712219,0.04884412884712219,none,30.0,55,3,monophasic
Burst_autosave_20260717_162022_520ms,Flex. digitorum (R),R_The_ED_FD_FCR C,1,0.0,8.0,32.35980937256977,,,none,30.0,10,3,monophasic
Burst_autosave_20260717_162022_520ms,Flex. digitorum (R),R_The_ED_FD_FCR C,2,33.35980937256977,41.35980937256977,64.92533756885643,,,none,30.0,10,3,monophasic
Burst_autosave_20260717_162022_520ms,Flex. digitorum (R),R_The_ED_FD_FCR C,3,65.92533756885643,73.92533756885643,99.07942811772352,,,none,30.0,10,3,monophasic
Burst_autosave_20260717_162022_520ms,Flex. digitorum (R),R_The_ED_FD_FCR C,4,100.07942811772352,108.07942811772352,132.4392374902933,,,none,30.0,10,3,monophasic
Burst_autosave_20260717_162022_520ms,Flex. digitorum (R),R_The_ED_FD_FCR C,5,133.4392374902933,141.4392374902933,165.79904686193936,,,none,30.0,10,3,monophasic
Burst_autosave_20260717_162022_520ms,Flex. digitorum (R),R_The_ED_FD_FCR C,6,166.79904686193936,174.79904686193936,198.36457505914973,,,none,30.0,10,3,monophasic
Burst_autosave_20260717_162022_520ms,Flex. digitorum (R),R_The_ED_FD_FCR C,7,199.36457505914973,207.36457505914973,231.7243844317195,,,none,30.0,10,3,monophasic
Burst_autosave_20260717_162022_520ms,Flex. digitorum (R),R_The_ED_FD_FCR C,8,232.7243844317195,240.7243844317195,265.0841938043035,,,none,30.0,10,3,monophasic
Burst_autosave_20260717_162022_520ms,Flex. digitorum (R),R_The_ED_FD_FCR C,9,266.0841938043035,274.0841938043035,298.44400317687325,,,none,30.0,10,3,monophasic
Burst_autosave_20260717_162022_520ms,Flex. digitorum (R),R_The_ED_FD_FCR C,10,299.44400317687325,307.44400317687325,331.803812549443,,,none,30.0,10,3,monophasic
Burst_autosave_20260717_162022_520ms,Flex. digitorum (R),R_The_ED_FD_FCR C,1,0.0,8.0,32.35980937256977,,,none,30.0,15,3,monophasic
Burst_autosave_20260717_162022_520ms,Flex. digitorum (R),R_The_ED_FD_FCR C,2,33.35980937256977,41.35980937256977,64.92533756885643,,,none,30.0,15,3,monophasic
Burst_autosave_20260717_162022_520ms,Flex. digitorum (R),R_The_ED_FD_FCR C,3,65.92533756885643,73.92533756885643,99.07942811772352,,,none,30.0,15,3,monophasic
Burst_autosave_20260717_162022_520ms,Flex. digitorum (R),R_The_ED_FD_FCR C,4,100.07942811772352,108.07942811772352,132.4392374902933,,,none,30.0,15,3,monophasic
Burst_autosave_20260717_162022_520ms,Flex. digitorum (R),R_The_ED_FD_FCR C,5,133.4392374902933,141.4392374902933,165.79904686193936,,,none,30.0,15,3,monophasic
Burst_autosave_20260717_162022_520ms,Flex. digitorum (R),R_The_ED_FD_FCR C,6,166.79904686193936,174.79904686193936,198.36457505914973,,,none,30.0,15,3,monophasic
Burst_autosave_20260717_162022_520ms,Flex. digitorum (R),R_The_ED_FD_FCR C,7,199.36457505914973,207.36457505914973,231.7243844317195,,,none,30.0,15,3,monophasic
Burst_autosave_20260717_162022_520ms,Flex. digitorum (R),R_The_ED_FD_FCR C,8,232.7243844317195,240.7243844317195,265.0841938043035,,,none,30.0,15,3,monophasic
Burst_autosave_20260717_162022_520ms,Flex. digitorum (R),R_The_ED_FD_FCR C,9,266.0841938043035,274.0841938043035,298.44400317687325,,,none,30.0,15,3,monophasic
Burst_autosave_20260717_162022_520ms,Flex. digitorum (R),R_The_ED_FD_FCR C,10,299.44400317687325,307.44400317687325,331.803812549443,,,none,30.0,15,3,monophasic
Burst_autosave_20260717_162022_520ms,Flex. digitorum (R),R_The_ED_FD_FCR C,1,0.0,8.0,32.35980937256977,,,none,30.0,20,3,monophasic
Burst_autosave_20260717_162022_520ms,Flex. digitorum (R),R_The_ED_FD_FCR C,2,33.35980937256977,41.35980937256977,64.92533756885643,,,none,30.0,20,3,monophasic
Burst_autosave_20260717_162022_520ms,Flex. digitorum (R),R_The_ED_FD_FCR C,3,65.92533756885643,73.92533756885643,99.07942811772352,,,none,30.0,20,3,monophasic
Burst_autosave_20260717_162022_520ms,Flex. digitorum (R),R_The_ED_FD_FCR C,4,100.07942811772352,108.07942811772352,132.4392374902933,,,none,30.0,20,3,monophasic
Burst_autosave_20260717_162022_520ms,Flex. digitorum (R),R_The_ED_FD_FCR C,5,133.4392374902933,141.4392374902933,165.79904686193936,,,none,30.0,20,3,monophasic
Burst_autosave_20260717_162022_520ms,Flex. digitorum (R),R_The_ED_FD_FCR C,6,166.79904686193936,174.79904686193936,198.36457505914973,,,none,30.0,20,3,monophasic
Burst_autosave_20260717_162022_520ms,Flex. digitorum (R),R_The_ED_FD_FCR C,7,199.36457505914973,207.36457505914973,231.7243844317195,,,none,30.0,20,3,monophasic
Burst_autosave_20260717_162022_520ms,Flex. digitorum (R),R_The_ED_FD_FCR C,8,232.7243844317195,240.7243844317195,265.0841938043035,,,none,30.0,20,3,monophasic
Burst_autosave_20260717_162022_520ms,Flex. digitorum (R),R_The_ED_FD_FCR C,9,266.0841938043035,274.0841938043035,298.44400317687325,,,none,30.0,20,3,monophasic
Burst_autosave_20260717_162022_520ms,Flex. digitorum (R),R_The_ED_FD_FCR C,10,299.44400317687325,307.44400317687325,331.803812549443,,,none,30.0,20,3,monophasic
Burst_autosave_20260717_162022_520ms,Flex. digitorum (R),R_The_ED_FD_FCR C,1,0.0,8.0,32.35980937256977,,,none,30.0,25,3,monophasic
Burst_autosave_20260717_162022_520ms,Flex. digitorum (R),R_The_ED_FD_FCR C,2,33.35980937256977,41.35980937256977,64.92533756885643,,,none,30.0,25,3,monophasic
Burst_autosave_20260717_162022_520ms,Flex. digitorum (R),R_The_ED_FD_FCR C,3,65.92533756885643,73.92533756885643,99.07942811772352,,,none,30.0,25,3,monophasic
Burst_autosave_20260717_162022_520ms,Flex. digitorum (R),R_The_ED_FD_FCR C,4,100.07942811772352,108.07942811772352,132.4392374902933,,,none,30.0,25,3,monophasic
Burst_autosave_20260717_162022_520ms,Flex. digitorum (R),R_The_ED_FD_FCR C,5,133.4392374902933,141.4392374902933,165.79904686193936,,,none,30.0,25,3,monophasic
Burst_autosave_20260717_162022_520ms,Flex. digitorum (R),R_The_ED_FD_FCR C,6,166.79904686193936,174.79904686193936,198.36457505914973,,,none,30.0,25,3,monophasic
Burst_autosave_20260717_162022_520ms,Flex. digitorum (R),R_The_ED_FD_FCR C,7,199.36457505914973,207.36457505914973,231.7243844317195,,,none,30.0,25,3,monophasic
Burst_autosave_20260717_162022_520ms,Flex. digitorum (R),R_The_ED_FD_FCR C,8,232.7243844317195,240.7243844317195,265.0841938043035,,,none,30.0,25,3,monophasic
Burst_autosave_20260717_162022_520ms,Flex. digitorum (R),R_The_ED_FD_FCR C,9,266.0841938043035,274.0841938043035,298.44400317687325,,,none,30.0,25,3,monophasic
Burst_autosave_20260717_162022_520ms,Flex. digitorum (R),R_The_ED_FD_FCR C,10,299.44400317687325,307.44400317687325,331.803812549443,,,none,30.0,25,3,monophasic
Burst_autosave_20260717_162022_520ms,Flex. digitorum (R),R_The_ED_FD_FCR C,1,0.0,8.0,32.35980937256977,,,none,30.0,30,3,monophasic
Burst_autosave_20260717_162022_520ms,Flex. digitorum (R),R_The_ED_FD_FCR C,2,33.35980937256977,41.35980937256977,64.92533756885643,,,none,30.0,30,3,monophasic
Burst_autosave_20260717_162022_520ms,Flex. digitorum (R),R_The_ED_FD_FCR C,3,65.92533756885643,73.92533756885643,99.07942811772352,,,none,30.0,30,3,monophasic
Burst_autosave_20260717_162022_520ms,Flex. digitorum (R),R_The_ED_FD_FCR C,4,100.07942811772352,108.07942811772352,132.4392374902933,,,none,30.0,30,3,monophasic
Burst_autosave_20260717_162022_520ms,Flex. digitorum (R),R_The_ED_FD_FCR C,5,133.4392374902933,141.4392374902933,165.79904686193936,,,none,30.0,30,3,monophasic
Burst_autosave_20260717_162022_520ms,Flex. digitorum (R),R_The_ED_FD_FCR C,6,166.79904686193936,174.79904686193936,198.36457505914973,,,none,30.0,30,3,monophasic
Burst_autosave_20260717_162022_520ms,Flex. digitorum (R),R_The_ED_FD_FCR C,7,199.36457505914973,207.36457505914973,231.7243844317195,,,none,30.0,30,3,monophasic
Burst_autosave_20260717_162022_520ms,Flex. digitorum (R),R_The_ED_FD_FCR C,8,232.7243844317195,240.7243844317195,265.0841938043035,,,none,30.0,30,3,monophasic
Burst_autosave_20260717_162022_520ms,Flex. digitorum (R),R_The_ED_FD_FCR C,9,266.0841938043035,274.0841938043035,298.44400317687325,,,none,30.0,30,3,monophasic
Burst_autosave_20260717_162022_520ms,Flex. digitorum (R),R_The_ED_FD_FCR C,10,299.44400317687325,307.44400317687325,331.803812549443,,,none,30.0,30,3,monophasic
Burst_autosave_20260717_162022_520ms,Flex. digitorum (R),R_The_ED_FD_FCR C,1,0.0,8.0,32.35980937256977,,,none,30.0,35,3,monophasic
Burst_autosave_20260717_162022_520ms,Flex. digitorum (R),R_The_ED_FD_FCR C,2,33.35980937256977,41.35980937256977,64.92533756885643,,,none,30.0,35,3,monophasic
Burst_autosave_20260717_162022_520ms,Flex. digitorum (R),R_The_ED_FD_FCR C,3,65.92533756885643,73.92533756885643,99.07942811772352,,,none,30.0,35,3,monophasic
Burst_autosave_20260717_162022_520ms,Flex. digitorum (R),R_The_ED_FD_FCR C,4,100.07942811772352,108.07942811772352,132.4392374902933,,,none,30.0,35,3,monophasic
Burst_autosave_20260717_162022_520ms,Flex. digitorum (R),R_The_ED_FD_FCR C,5,133.4392374902933,141.4392374902933,165.79904686193936,,,none,30.0,35,3,monophasic
Burst_autosave_20260717_162022_520ms,Flex. digitorum (R),R_The_ED_FD_FCR C,6,166.79904686193936,174.79904686193936,198.36457505914973,,,none,30.0,35,3,monophasic
Burst_autosave_20260717_162022_520ms,Flex. digitorum (R),R_The_ED_FD_FCR C,7,199.36457505914973,207.36457505914973,231.7243844317195,,,none,30.0,35,3,monophasic
Burst_autosave_20260717_162022_520ms,Flex. digitorum (R),R_The_ED_FD_FCR C,8,232.7243844317195,240.7243844317195,265.0841938043035,,,none,30.0,35,3,monophasic
Burst_autosave_20260717_162022_520ms,Flex. digitorum (R),R_The_ED_FD_FCR C,9,266.0841938043035,274.0841938043035,298.44400317687325,,,none,30.0,35,3,monophasic
Burst_autosave_20260717_162022_520ms,Flex. digitorum (R),R_The_ED_FD_FCR C,10,299.44400317687325,307.44400317687325,331.803812549443,,,none,30.0,35,3,monophasic
Burst_autosave_20260717_162022_520ms,Flex. digitorum (R),R_The_ED_FD_FCR C,1,0.0,8.0,32.35980937256977,,,none,30.0,40,3,monophasic
Burst_autosave_20260717_162022_520ms,Flex. digitorum (R),R_The_ED_FD_FCR C,2,33.35980937256977,41.35980937256977,64.92533756885643,,,none,30.0,40,3,monophasic
Burst_autosave_20260717_162022_520ms,Flex. digitorum (R),R_The_ED_FD_FCR C,3,65.92533756885643,73.92533756885643,99.07942811772352,,,none,30.0,40,3,monophasic
Burst_autosave_20260717_162022_520ms,Flex. digitorum (R),R_The_ED_FD_FCR C,4,100.07942811772352,108.07942811772352,132.4392374902933,,,none,30.0,40,3,monophasic
Burst_autosave_20260717_162022_520ms,Flex. digitorum (R),R_The_ED_FD_FCR C,5,133.4392374902933,141.4392374902933,165.79904686193936,,,none,30.0,40,3,monophasic
Burst_autosave_20260717_162022_520ms,Flex. digitorum (R),R_The_ED_FD_FCR C,6,166.79904686193936,174.79904686193936,198.36457505914973,,,none,30.0,40,3,monophasic
Burst_autosave_20260717_162022_520ms,Flex. digitorum (R),R_The_ED_FD_FCR C,7,199.36457505914973,207.36457505914973,231.7243844317195,,,none,30.0,40,3,monophasic
Burst_autosave_20260717_162022_520ms,Flex. digitorum (R),R_The_ED_FD_FCR C,8,232.7243844317195,240.7243844317195,265.0841938043035,,,none,30.0,40,3,monophasic
Burst_autosave_20260717_162022_520ms,Flex. digitorum (R),R_The_ED_FD_FCR C,9,266.0841938043035,274.0841938043035,298.44400317687325,,,none,30.0,40,3,monophasic
Burst_autosave_20260717_162022_520ms,Flex. digitorum (R),R_The_ED_FD_FCR C,10,299.44400317687325,307.44400317687325,331.803812549443,,,none,30.0,40,3,monophasic
Burst_autosave_20260717_162022_520ms,Flex. digitorum (R),R_The_ED_FD_FCR C,1,0.0,8.0,32.35980937256977,0.12471198663115501,0.12471198663115501,none,30.0,45,3,monophasic
Burst_autosave_20260717_162022_520ms,Flex. digitorum (R),R_The_ED_FD_FCR C,2,33.35980937256977,41.35980937256977,64.92533756885643,0.112123291939497,0.112123291939497,none,30.0,45,3,monophasic
Burst_autosave_20260717_162022_520ms,Flex. digitorum (R),R_The_ED_FD_FCR C,3,65.92533756885643,73.92533756885643,99.07942811772352,0.16348515823483467,0.16348515823483467,none,30.0,45,3,monophasic
Burst_autosave_20260717_162022_520ms,Flex. digitorum (R),R_The_ED_FD_FCR C,4,100.07942811772352,108.07942811772352,132.4392374902933,0.05337605997920036,0.05337605997920036,none,30.0,45,3,monophasic
Burst_autosave_20260717_162022_520ms,Flex. digitorum (R),R_The_ED_FD_FCR C,5,133.4392374902933,141.4392374902933,165.79904686193936,0.03692683205008507,0.03692683205008507,none,30.0,45,3,monophasic
Burst_autosave_20260717_162022_520ms,Flex. digitorum (R),R_The_ED_FD_FCR C,6,166.79904686193936,174.79904686193936,198.36457505914973,0.11816586181521416,0.11816586181521416,none,30.0,45,3,monophasic
Burst_autosave_20260717_162022_520ms,Flex. digitorum (R),R_The_ED_FD_FCR C,7,199.36457505914973,207.36457505914973,231.7243844317195,0.02534523606300354,0.02534523606300354,none,30.0,45,3,monophasic
Burst_autosave_20260717_162022_520ms,Flex. digitorum (R),R_The_ED_FD_FCR C,8,232.7243844317195,240.7243844317195,265.0841938043035,0.13092240691184998,0.13092240691184998,none,30.0,45,3,monophasic
Burst_autosave_20260717_162022_520ms,Flex. digitorum (R),R_The_ED_FD_FCR C,9,266.0841938043035,274.0841938043035,298.44400317687325,0.04666208941489458,0.04666208941489458,none,30.0,45,3,monophasic
Burst_autosave_20260717_162022_520ms,Flex. digitorum (R),R_The_ED_FD_FCR C,10,299.44400317687325,307.44400317687325,331.803812549443,0.18463416397571564,0.18463416397571564,none,30.0,45,3,monophasic
Burst_autosave_20260717_162022_520ms,Flex. digitorum (R),R_The_ED_FD_FCR C,1,0.0,8.0,32.35980937256977,0.3011215329170227,0.3011215329170227,none,30.0,50,3,monophasic
Burst_autosave_20260717_162022_520ms,Flex. digitorum (R),R_The_ED_FD_FCR C,2,33.35980937256977,41.35980937256977,64.92533756885643,0.27946899086236954,0.27946899086236954,none,30.0,50,3,monophasic
Burst_autosave_20260717_162022_520ms,Flex. digitorum (R),R_The_ED_FD_FCR C,3,65.92533756885643,73.92533756885643,99.07942811772352,0.13797207176685333,0.13797207176685333,none,30.0,50,3,monophasic
Burst_autosave_20260717_162022_520ms,Flex. digitorum (R),R_The_ED_FD_FCR C,4,100.07942811772352,108.07942811772352,132.4392374902933,0.18060578405857086,0.18060578405857086,none,30.0,50,3,monophasic
Burst_autosave_20260717_162022_520ms,Flex. digitorum (R),R_The_ED_FD_FCR C,5,133.4392374902933,141.4392374902933,165.79904686193936,0.3299916163086891,0.3299916163086891,none,30.0,50,3,monophasic
Burst_autosave_20260717_162022_520ms,Flex. digitorum (R),R_The_ED_FD_FCR C,6,166.79904686193936,174.79904686193936,198.36457505914973,0.1727168709039688,0.1727168709039688,none,30.0,50,3,monophasic
Burst_autosave_20260717_162022_520ms,Flex. digitorum (R),R_The_ED_FD_FCR C,7,199.36457505914973,207.36457505914973,231.7243844317195,0.1279011219739914,0.1279011219739914,none,30.0,50,3,monophasic
Burst_autosave_20260717_162022_520ms,Flex. digitorum (R),R_The_ED_FD_FCR C,8,232.7243844317195,240.7243844317195,265.0841938043035,0.3155565708875656,0.3155565708875656,none,30.0,50,3,monophasic
Burst_autosave_20260717_162022_520ms,Flex. digitorum (R),R_The_ED_FD_FCR C,9,266.0841938043035,274.0841938043035,298.44400317687325,0.2558022513985634,0.2558022513985634,none,30.0,50,3,monophasic
Burst_autosave_20260717_162022_520ms,Flex. digitorum (R),R_The_ED_FD_FCR C,10,299.44400317687325,307.44400317687325,331.803812549443,0.23263905197381973,0.23263905197381973,none,30.0,50,3,monophasic
Burst_autosave_20260717_162022_520ms,Flex. digitorum (R),R_The_ED_FD_FCR C,1,0.0,8.0,32.35980937256977,0.23062485456466675,0.23062485456466675,none,30.0,55,3,monophasic
Burst_autosave_20260717_162022_520ms,Flex. digitorum (R),R_The_ED_FD_FCR C,2,33.35980937256977,41.35980937256977,64.92533756885643,0.2724193185567856,0.2724193185567856,none,30.0,55,3,monophasic
Burst_autosave_20260717_162022_520ms,Flex. digitorum (R),R_The_ED_FD_FCR C,3,65.92533756885643,73.92533756885643,99.07942811772352,0.3207598924636841,0.3207598924636841,none,30.0,55,3,monophasic
Burst_autosave_20260717_162022_520ms,Flex. digitorum (R),R_The_ED_FD_FCR C,4,100.07942811772352,108.07942811772352,132.4392374902933,0.2393530234694481,0.2393530234694481,none,30.0,55,3,monophasic
Burst_autosave_20260717_162022_520ms,Flex. digitorum (R),R_The_ED_FD_FCR C,5,133.4392374902933,141.4392374902933,165.79904686193936,0.30649271607398987,0.30649271607398987,none,30.0,55,3,monophasic
Burst_autosave_20260717_162022_520ms,Flex. digitorum (R),R_The_ED_FD_FCR C,6,166.79904686193936,174.79904686193936,198.36457505914973,0.3011215403676033,0.3011215403676033,none,30.0,55,3,monophasic
Burst_autosave_20260717_162022_520ms,Flex. digitorum (R),R_The_ED_FD_FCR C,7,199.36457505914973,207.36457505914973,231.7243844317195,0.29306478053331375,0.29306478053331375,none,30.0,55,3,monophasic
Burst_autosave_20260717_162022_520ms,Flex. digitorum (R),R_The_ED_FD_FCR C,8,232.7243844317195,240.7243844317195,265.0841938043035,0.30766765773296356,0.30766765773296356,none,30.0,55,3,monophasic
Burst_autosave_20260717_162022_520ms,Flex. digitorum (R),R_The_ED_FD_FCR C,9,266.0841938043035,274.0841938043035,298.44400317687325,0.30850690603256226,0.30850690603256226,none,30.0,55,3,monophasic
Burst_autosave_20260717_162022_520ms,Flex. digitorum (R),R_The_ED_FD_FCR C,10,299.44400317687325,307.44400317687325,331.803812549443,0.23163195699453354,0.23163195699453354,none,30.0,55,3,monophasic
Burst_autosave_20260717_162022_520ms,Flex. carpi rad. (R),R_The_ED_FD_FCR D,1,0.0,8.0,32.35980937256977,,,none,30.0,10,3,monophasic
Burst_autosave_20260717_162022_520ms,Flex. carpi rad. (R),R_The_ED_FD_FCR D,2,33.35980937256977,41.35980937256977,64.92533756885643,,,none,30.0,10,3,monophasic
Burst_autosave_20260717_162022_520ms,Flex. carpi rad. (R),R_The_ED_FD_FCR D,3,65.92533756885643,73.92533756885643,99.07942811772352,,,none,30.0,10,3,monophasic
Burst_autosave_20260717_162022_520ms,Flex. carpi rad. (R),R_The_ED_FD_FCR D,4,100.07942811772352,108.07942811772352,132.4392374902933,,,none,30.0,10,3,monophasic
Burst_autosave_20260717_162022_520ms,Flex. carpi rad. (R),R_The_ED_FD_FCR D,5,133.4392374902933,141.4392374902933,165.79904686193936,,,none,30.0,10,3,monophasic
Burst_autosave_20260717_162022_520ms,Flex. carpi rad. (R),R_The_ED_FD_FCR D,6,166.79904686193936,174.79904686193936,198.36457505914973,,,none,30.0,10,3,monophasic
Burst_autosave_20260717_162022_520ms,Flex. carpi rad. (R),R_The_ED_FD_FCR D,7,199.36457505914973,207.36457505914973,231.7243844317195,,,none,30.0,10,3,monophasic
Burst_autosave_20260717_162022_520ms,Flex. carpi rad. (R),R_The_ED_FD_FCR D,8,232.7243844317195,240.7243844317195,265.0841938043035,,,none,30.0,10,3,monophasic
Burst_autosave_20260717_162022_520ms,Flex. carpi rad. (R),R_The_ED_FD_FCR D,9,266.0841938043035,274.0841938043035,298.44400317687325,,,none,30.0,10,3,monophasic
Burst_autosave_20260717_162022_520ms,Flex. carpi rad. (R),R_The_ED_FD_FCR D,10,299.44400317687325,307.44400317687325,331.803812549443,,,none,30.0,10,3,monophasic
Burst_autosave_20260717_162022_520ms,Flex. carpi rad. (R),R_The_ED_FD_FCR D,1,0.0,8.0,32.35980937256977,,,none,30.0,15,3,monophasic
Burst_autosave_20260717_162022_520ms,Flex. carpi rad. (R),R_The_ED_FD_FCR D,2,33.35980937256977,41.35980937256977,64.92533756885643,,,none,30.0,15,3,monophasic
Burst_autosave_20260717_162022_520ms,Flex. carpi rad. (R),R_The_ED_FD_FCR D,3,65.92533756885643,73.92533756885643,99.07942811772352,,,none,30.0,15,3,monophasic
Burst_autosave_20260717_162022_520ms,Flex. carpi rad. (R),R_The_ED_FD_FCR D,4,100.07942811772352,108.07942811772352,132.4392374902933,,,none,30.0,15,3,monophasic
Burst_autosave_20260717_162022_520ms,Flex. carpi rad. (R),R_The_ED_FD_FCR D,5,133.4392374902933,141.4392374902933,165.79904686193936,,,none,30.0,15,3,monophasic
Burst_autosave_20260717_162022_520ms,Flex. carpi rad. (R),R_The_ED_FD_FCR D,6,166.79904686193936,174.79904686193936,198.36457505914973,,,none,30.0,15,3,monophasic
Burst_autosave_20260717_162022_520ms,Flex. carpi rad. (R),R_The_ED_FD_FCR D,7,199.36457505914973,207.36457505914973,231.7243844317195,,,none,30.0,15,3,monophasic
Burst_autosave_20260717_162022_520ms,Flex. carpi rad. (R),R_The_ED_FD_FCR D,8,232.7243844317195,240.7243844317195,265.0841938043035,,,none,30.0,15,3,monophasic
Burst_autosave_20260717_162022_520ms,Flex. carpi rad. (R),R_The_ED_FD_FCR D,9,266.0841938043035,274.0841938043035,298.44400317687325,,,none,30.0,15,3,monophasic
Burst_autosave_20260717_162022_520ms,Flex. carpi rad. (R),R_The_ED_FD_FCR D,10,299.44400317687325,307.44400317687325,331.803812549443,,,none,30.0,15,3,monophasic
Burst_autosave_20260717_162022_520ms,Flex. carpi rad. (R),R_The_ED_FD_FCR D,1,0.0,8.0,32.35980937256977,,,none,30.0,20,3,monophasic
Burst_autosave_20260717_162022_520ms,Flex. carpi rad. (R),R_The_ED_FD_FCR D,2,33.35980937256977,41.35980937256977,64.92533756885643,,,none,30.0,20,3,monophasic
Burst_autosave_20260717_162022_520ms,Flex. carpi rad. (R),R_The_ED_FD_FCR D,3,65.92533756885643,73.92533756885643,99.07942811772352,,,none,30.0,20,3,monophasic
Burst_autosave_20260717_162022_520ms,Flex. carpi rad. (R),R_The_ED_FD_FCR D,4,100.07942811772352,108.07942811772352,132.4392374902933,,,none,30.0,20,3,monophasic
Burst_autosave_20260717_162022_520ms,Flex. carpi rad. (R),R_The_ED_FD_FCR D,5,133.4392374902933,141.4392374902933,165.79904686193936,,,none,30.0,20,3,monophasic
Burst_autosave_20260717_162022_520ms,Flex. carpi rad. (R),R_The_ED_FD_FCR D,6,166.79904686193936,174.79904686193936,198.36457505914973,,,none,30.0,20,3,monophasic
Burst_autosave_20260717_162022_520ms,Flex. carpi rad. (R),R_The_ED_FD_FCR D,7,199.36457505914973,207.36457505914973,231.7243844317195,,,none,30.0,20,3,monophasic
Burst_autosave_20260717_162022_520ms,Flex. carpi rad. (R),R_The_ED_FD_FCR D,8,232.7243844317195,240.7243844317195,265.0841938043035,,,none,30.0,20,3,monophasic
Burst_autosave_20260717_162022_520ms,Flex. carpi rad. (R),R_The_ED_FD_FCR D,9,266.0841938043035,274.0841938043035,298.44400317687325,,,none,30.0,20,3,monophasic
Burst_autosave_20260717_162022_520ms,Flex. carpi rad. (R),R_The_ED_FD_FCR D,10,299.44400317687325,307.44400317687325,331.803812549443,,,none,30.0,20,3,monophasic
Burst_autosave_20260717_162022_520ms,Flex. carpi rad. (R),R_The_ED_FD_FCR D,1,0.0,8.0,32.35980937256977,,,none,30.0,25,3,monophasic
Burst_autosave_20260717_162022_520ms,Flex. carpi rad. (R),R_The_ED_FD_FCR D,2,33.35980937256977,41.35980937256977,64.92533756885643,,,none,30.0,25,3,monophasic
Burst_autosave_20260717_162022_520ms,Flex. carpi rad. (R),R_The_ED_FD_FCR D,3,65.92533756885643,73.92533756885643,99.07942811772352,,,none,30.0,25,3,monophasic
Burst_autosave_20260717_162022_520ms,Flex. carpi rad. (R),R_The_ED_FD_FCR D,4,100.07942811772352,108.07942811772352,132.4392374902933,,,none,30.0,25,3,monophasic
Burst_autosave_20260717_162022_520ms,Flex. carpi rad. (R),R_The_ED_FD_FCR D,5,133.4392374902933,141.4392374902933,165.79904686193936,,,none,30.0,25,3,monophasic
Burst_autosave_20260717_162022_520ms,Flex. carpi rad. (R),R_The_ED_FD_FCR D,6,166.79904686193936,174.79904686193936,198.36457505914973,,,none,30.0,25,3,monophasic
Burst_autosave_20260717_162022_520ms,Flex. carpi rad. (R),R_The_ED_FD_FCR D,7,199.36457505914973,207.36457505914973,231.7243844317195,,,none,30.0,25,3,monophasic
Burst_autosave_20260717_162022_520ms,Flex. carpi rad. (R),R_The_ED_FD_FCR D,8,232.7243844317195,240.7243844317195,265.0841938043035,,,none,30.0,25,3,monophasic
Burst_autosave_20260717_162022_520ms,Flex. carpi rad. (R),R_The_ED_FD_FCR D,9,266.0841938043035,274.0841938043035,298.44400317687325,,,none,30.0,25,3,monophasic
Burst_autosave_20260717_162022_520ms,Flex. carpi rad. (R),R_The_ED_FD_FCR D,10,299.44400317687325,307.44400317687325,331.803812549443,,,none,30.0,25,3,monophasic
Burst_autosave_20260717_162022_520ms,Flex. carpi rad. (R),R_The_ED_FD_FCR D,1,0.0,8.0,32.35980937256977,,,none,30.0,30,3,monophasic
Burst_autosave_20260717_162022_520ms,Flex. carpi rad. (R),R_The_ED_FD_FCR D,2,33.35980937256977,41.35980937256977,64.92533756885643,,,none,30.0,30,3,monophasic
Burst_autosave_20260717_162022_520ms,Flex. carpi rad. (R),R_The_ED_FD_FCR D,3,65.92533756885643,73.92533756885643,99.07942811772352,,,none,30.0,30,3,monophasic
Burst_autosave_20260717_162022_520ms,Flex. carpi rad. (R),R_The_ED_FD_FCR D,4,100.07942811772352,108.07942811772352,132.4392374902933,,,none,30.0,30,3,monophasic
Burst_autosave_20260717_162022_520ms,Flex. carpi rad. (R),R_The_ED_FD_FCR D,5,133.4392374902933,141.4392374902933,165.79904686193936,,,none,30.0,30,3,monophasic
Burst_autosave_20260717_162022_520ms,Flex. carpi rad. (R),R_The_ED_FD_FCR D,6,166.79904686193936,174.79904686193936,198.36457505914973,,,none,30.0,30,3,monophasic
Burst_autosave_20260717_162022_520ms,Flex. carpi rad. (R),R_The_ED_FD_FCR D,7,199.36457505914973,207.36457505914973,231.7243844317195,,,none,30.0,30,3,monophasic
Burst_autosave_20260717_162022_520ms,Flex. carpi rad. (R),R_The_ED_FD_FCR D,8,232.7243844317195,240.7243844317195,265.0841938043035,,,none,30.0,30,3,monophasic
Burst_autosave_20260717_162022_520ms,Flex. carpi rad. (R),R_The_ED_FD_FCR D,9,266.0841938043035,274.0841938043035,298.44400317687325,,,none,30.0,30,3,monophasic
Burst_autosave_20260717_162022_520ms,Flex. carpi rad. (R),R_The_ED_FD_FCR D,10,299.44400317687325,307.44400317687325,331.803812549443,,,none,30.0,30,3,monophasic
Burst_autosave_20260717_162022_520ms,Flex. carpi rad. (R),R_The_ED_FD_FCR D,1,0.0,8.0,32.35980937256977,,,none,30.0,35,3,monophasic
Burst_autosave_20260717_162022_520ms,Flex. carpi rad. (R),R_The_ED_FD_FCR D,2,33.35980937256977,41.35980937256977,64.92533756885643,,,none,30.0,35,3,monophasic
Burst_autosave_20260717_162022_520ms,Flex. carpi rad. (R),R_The_ED_FD_FCR D,3,65.92533756885643,73.92533756885643,99.07942811772352,,,none,30.0,35,3,monophasic
Burst_autosave_20260717_162022_520ms,Flex. carpi rad. (R),R_The_ED_FD_FCR D,4,100.07942811772352,108.07942811772352,132.4392374902933,,,none,30.0,35,3,monophasic
Burst_autosave_20260717_162022_520ms,Flex. carpi rad. (R),R_The_ED_FD_FCR D,5,133.4392374902933,141.4392374902933,165.79904686193936,,,none,30.0,35,3,monophasic
Burst_autosave_20260717_162022_520ms,Flex. carpi rad. (R),R_The_ED_FD_FCR D,6,166.79904686193936,174.79904686193936,198.36457505914973,,,none,30.0,35,3,monophasic
Burst_autosave_20260717_162022_520ms,Flex. carpi rad. (R),R_The_ED_FD_FCR D,7,199.36457505914973,207.36457505914973,231.7243844317195,,,none,30.0,35,3,monophasic
Burst_autosave_20260717_162022_520ms,Flex. carpi rad. (R),R_The_ED_FD_FCR D,8,232.7243844317195,240.7243844317195,265.0841938043035,,,none,30.0,35,3,monophasic
Burst_autosave_20260717_162022_520ms,Flex. carpi rad. (R),R_The_ED_FD_FCR D,9,266.0841938043035,274.0841938043035,298.44400317687325,,,none,30.0,35,3,monophasic
Burst_autosave_20260717_162022_520ms,Flex. carpi rad. (R),R_The_ED_FD_FCR D,10,299.44400317687325,307.44400317687325,331.803812549443,,,none,30.0,35,3,monophasic
Burst_autosave_20260717_162022_520ms,Flex. carpi rad. (R),R_The_ED_FD_FCR D,1,0.0,8.0,32.35980937256977,,,none,30.0,40,3,monophasic
Burst_autosave_20260717_162022_520ms,Flex. carpi rad. (R),R_The_ED_FD_FCR D,2,33.35980937256977,41.35980937256977,64.92533756885643,,,none,30.0,40,3,monophasic
Burst_autosave_20260717_162022_520ms,Flex. carpi rad. (R),R_The_ED_FD_FCR D,3,65.92533756885643,73.92533756885643,99.07942811772352,,,none,30.0,40,3,monophasic
Burst_autosave_20260717_162022_520ms,Flex. carpi rad. (R),R_The_ED_FD_FCR D,4,100.07942811772352,108.07942811772352,132.4392374902933,,,none,30.0,40,3,monophasic
Burst_autosave_20260717_162022_520ms,Flex. carpi rad. (R),R_The_ED_FD_FCR D,5,133.4392374902933,141.4392374902933,165.79904686193936,,,none,30.0,40,3,monophasic
Burst_autosave_20260717_162022_520ms,Flex. carpi rad. (R),R_The_ED_FD_FCR D,6,166.79904686193936,174.79904686193936,198.36457505914973,,,none,30.0,40,3,monophasic
Burst_autosave_20260717_162022_520ms,Flex. carpi rad. (R),R_The_ED_FD_FCR D,7,199.36457505914973,207.36457505914973,231.7243844317195,,,none,30.0,40,3,monophasic
Burst_autosave_20260717_162022_520ms,Flex. carpi rad. (R),R_The_ED_FD_FCR D,8,232.7243844317195,240.7243844317195,265.0841938043035,,,none,30.0,40,3,monophasic
Burst_autosave_20260717_162022_520ms,Flex. carpi rad. (R),R_The_ED_FD_FCR D,9,266.0841938043035,274.0841938043035,298.44400317687325,,,none,30.0,40,3,monophasic
Burst_autosave_20260717_162022_520ms,Flex. carpi rad. (R),R_The_ED_FD_FCR D,10,299.44400317687325,307.44400317687325,331.803812549443,,,none,30.0,40,3,monophasic
Burst_autosave_20260717_162022_520ms,Flex. carpi rad. (R),R_The_ED_FD_FCR D,1,0.0,8.0,32.35980937256977,0.014435035176575184,0.014435035176575184,none,30.0,45,3,monophasic
Burst_autosave_20260717_162022_520ms,Flex. carpi rad. (R),R_The_ED_FD_FCR D,2,33.35980937256977,41.35980937256977,64.92533756885643,0.007217518053948879,0.007217518053948879,none,30.0,45,3,monophasic
Burst_autosave_20260717_162022_520ms,Flex. carpi rad. (R),R_The_ED_FD_FCR D,3,65.92533756885643,73.92533756885643,99.07942811772352,0.01493858266621828,0.01493858266621828,none,30.0,45,3,monophasic
Burst_autosave_20260717_162022_520ms,Flex. carpi rad. (R),R_The_ED_FD_FCR D,4,100.07942811772352,108.07942811772352,132.4392374902933,0.023498892784118652,0.023498892784118652,none,30.0,45,3,monophasic
Burst_autosave_20260717_162022_520ms,Flex. carpi rad. (R),R_The_ED_FD_FCR D,5,133.4392374902933,141.4392374902933,165.79904686193936,0.00637827068567276,0.00637827068567276,none,30.0,45,3,monophasic
Burst_autosave_20260717_162022_520ms,Flex. carpi rad. (R),R_The_ED_FD_FCR D,6,166.79904686193936,174.79904686193936,198.36457505914973,0.030045013409107924,0.030045013409107924,none,30.0,45,3,monophasic
Burst_autosave_20260717_162022_520ms,Flex. carpi rad. (R),R_The_ED_FD_FCR D,7,199.36457505914973,207.36457505914973,231.7243844317195,0.019302662927657366,0.019302662927657366,none,30.0,45,3,monophasic
Burst_autosave_20260717_162022_520ms,Flex. carpi rad. (R),R_The_ED_FD_FCR D,8,232.7243844317195,240.7243844317195,265.0841938043035,0.005203326232731342,0.005203326232731342,none,30.0,45,3,monophasic
Burst_autosave_20260717_162022_520ms,Flex. carpi rad. (R),R_The_ED_FD_FCR D,9,266.0841938043035,274.0841938043035,298.44400317687325,0.020813305862247944,0.020813305862247944,none,30.0,45,3,monophasic
Burst_autosave_20260717_162022_520ms,Flex. carpi rad. (R),R_The_ED_FD_FCR D,10,299.44400317687325,307.44400317687325,331.803812549443,0.013260089326649904,0.013260089326649904,none,30.0,45,3,monophasic
Burst_autosave_20260717_162022_520ms,Flex. carpi rad. (R),R_The_ED_FD_FCR D,1,0.0,8.0,32.35980937256977,0.7120164632797241,0.7120164632797241,none,30.0,50,3,monophasic
Burst_autosave_20260717_162022_520ms,Flex. carpi rad. (R),R_The_ED_FD_FCR D,2,33.35980937256977,41.35980937256977,64.92533756885643,0.028030822752043605,0.028030822752043605,none,30.0,50,3,monophasic
Burst_autosave_20260717_162022_520ms,Flex. carpi rad. (R),R_The_ED_FD_FCR D,3,65.92533756885643,73.92533756885643,99.07942811772352,0.6633401811122894,0.6633401811122894,none,30.0,50,3,monophasic
Burst_autosave_20260717_162022_520ms,Flex. carpi rad. (R),R_The_ED_FD_FCR D,4,100.07942811772352,108.07942811772352,132.4392374902933,0.730479896068573,0.730479896068573,none,30.0,50,3,monophasic
Burst_autosave_20260717_162022_520ms,Flex. carpi rad. (R),R_The_ED_FD_FCR D,5,133.4392374902933,141.4392374902933,165.79904686193936,0.09869535360485315,0.09869535360485315,none,30.0,50,3,monophasic
Burst_autosave_20260717_162022_520ms,Flex. carpi rad. (R),R_The_ED_FD_FCR D,6,166.79904686193936,174.79904686193936,198.36457505914973,0.7047989666461945,0.7047989666461945,none,30.0,50,3,monophasic
Burst_autosave_20260717_162022_520ms,Flex. carpi rad. (R),R_The_ED_FD_FCR D,7,199.36457505914973,207.36457505914973,231.7243844317195,0.6974135935306549,0.6974135935306549,none,30.0,50,3,monophasic
Burst_autosave_20260717_162022_520ms,Flex. carpi rad. (R),R_The_ED_FD_FCR D,8,232.7243844317195,240.7243844317195,265.0841938043035,0.05807583965361118,0.05807583965361118,none,30.0,50,3,monophasic
Burst_autosave_20260717_162022_520ms,Flex. carpi rad. (R),R_The_ED_FD_FCR D,9,266.0841938043035,274.0841938043035,298.44400317687325,0.6519264578819275,0.6519264578819275,none,30.0,50,3,monophasic
Burst_autosave_20260717_162022_520ms,Flex. carpi rad. (R),R_The_ED_FD_FCR D,10,299.44400317687325,307.44400317687325,331.803812549443,0.7081559300422668,0.7081559300422668,none,30.0,50,3,monophasic
Burst_autosave_20260717_162022_520ms,Flex. carpi rad. (R),R_The_ED_FD_FCR D,1,0.0,8.0,32.35980937256977,0.7217517495155334,0.7217517495155334,none,30.0,55,3,monophasic
Burst_autosave_20260717_162022_520ms,Flex. carpi rad. (R),R_The_ED_FD_FCR D,2,33.35980937256977,41.35980937256977,64.92533756885643,0.7170519530773163,0.7170519530773163,none,30.0,55,3,monophasic
Burst_autosave_20260717_162022_520ms,Flex. carpi rad. (R),R_The_ED_FD_FCR D,3,65.92533756885643,73.92533756885643,99.07942811772352,0.7120164632797241,0.7120164632797241,none,30.0,55,3,monophasic
Burst_autosave_20260717_162022_520ms,Flex. carpi rad. (R),R_The_ED_FD_FCR D,4,100.07942811772352,108.07942811772352,132.4392374902933,0.7425650358200073,0.7425650358200073,none,30.0,55,3,monophasic
Burst_autosave_20260717_162022_520ms,Flex. carpi rad. (R),R_The_ED_FD_FCR D,5,133.4392374902933,141.4392374902933,165.79904686193936,0.6579690277576447,0.6579690277576447,none,30.0,55,3,monophasic
Burst_autosave_20260717_162022_520ms,Flex. carpi rad. (R),R_The_ED_FD_FCR D,6,166.79904686193936,174.79904686193936,198.36457505914973,0.6927138268947601,0.6927138268947601,none,30.0,55,3,monophasic
Burst_autosave_20260717_162022_520ms,Flex. carpi rad. (R),R_The_ED_FD_FCR D,7,199.36457505914973,207.36457505914973,231.7243844317195,0.6972457468509674,0.6972457468509674,none,30.0,55,3,monophasic
Burst_autosave_20260717_162022_520ms,Flex. carpi rad. (R),R_The_ED_FD_FCR D,8,232.7243844317195,240.7243844317195,265.0841938043035,0.6604867577552795,0.6604867577552795,none,30.0,55,3,monophasic
Burst_autosave_20260717_162022_520ms,Flex. carpi rad. (R),R_The_ED_FD_FCR D,9,266.0841938043035,274.0841938043035,298.44400317687325,0.7019455134868622,0.7019455134868622,none,30.0,55,3,monophasic
Burst_autosave_20260717_162022_520ms,Flex. carpi rad. (R),R_The_ED_FD_FCR D,10,299.44400317687325,307.44400317687325,331.803812549443,0.6750896573066711,0.6750896573066711,none,30.0,55,3,monophasic
